source	participant	run	model	contrast	nonzero_weights	zero_contrast	relative_projection_error	estimable	sensitivity_projection_error_rcond_1e_8	sensitivity_estimable	weights_on_zero_columns	contrast_name
production	sub-104	01	act	1	"{""1"": 1.0}"	0	9.700355902360655e-16	1	9.700355902360655e-16	1		comp
production	sub-104	01	act	2	"{""2"": 1.0}"	0	2.246516981623032e-15	1	2.246516981623032e-15	1		comp_p
production	sub-104	01	act	3	"{""3"": 1.0}"	0	1.3876425837396053e-15	1	1.3876425837396053e-15	1		in
production	sub-104	01	act	4	"{""4"": 1.0}"	0	1.3847165607518745e-15	1	1.3847165607518745e-15	1		in_p
production	sub-104	01	act	5	"{""5"": 1.0}"	0	1.2399546998307484e-15	1	1.2399546998307484e-15	1		out
production	sub-104	01	act	6	"{""6"": 1.0}"	0	1.0887565787860645e-15	1	1.0887565787860645e-15	1		out_p
production	sub-104	01	act	7	"{""4"": 1.0, ""6"": -1.0}"	0	9.009887952573697e-16	1	9.009887952573697e-16	1		in_p-out_p
production	sub-104	01	act	8	"{""2"": -2.0, ""4"": 1.0, ""6"": 1.0}"	0	2.0496138055834718e-15	1	2.0496138055834718e-15	1		soc_p-nonsoc_p
production	sub-104	01	act	9	"{""3"": 1.0, ""5"": -1.0}"	0	1.374563994145988e-15	1	1.374563994145988e-15	1		in-out
production	sub-104	01	act	10	"{""1"": -2.0, ""3"": 1.0, ""5"": 1.0}"	0	1.0004495854706811e-15	1	1.0004495854706811e-15	1		soc-nonsoc
production	sub-104	01	nppi-dmn	1	"{""11"": 1.0}"	0	1.5312519689228335e-15	1	1.5312519689228335e-15	1		comp
production	sub-104	01	nppi-dmn	2	"{""12"": 1.0}"	0	1.5588568626678663e-15	1	1.5588568626678663e-15	1		comp_p
production	sub-104	01	nppi-dmn	3	"{""13"": 1.0}"	0	1.7473170214047515e-15	1	1.7473170214047515e-15	1		in
production	sub-104	01	nppi-dmn	4	"{""14"": 1.0}"	0	1.8029229080347175e-15	1	1.8029229080347175e-15	1		in_p
production	sub-104	01	nppi-dmn	5	"{""15"": 1.0}"	0	1.6297663497082184e-15	1	1.6297663497082184e-15	1		out
production	sub-104	01	nppi-dmn	6	"{""16"": 1.0}"	0	2.029058231347767e-15	1	2.029058231347767e-15	1		out_p
production	sub-104	01	nppi-dmn	7	"{""14"": 1.0, ""16"": -1.0}"	0	1.983521154214896e-15	1	1.983521154214896e-15	1		in_p-out_p
production	sub-104	01	nppi-dmn	8	"{""12"": -2.0, ""14"": 1.0, ""16"": 1.0}"	0	1.7732571688129802e-15	1	1.7732571688129802e-15	1		soc_p-nonsoc_p
production	sub-104	01	nppi-dmn	9	"{""13"": 1.0, ""15"": -1.0}"	0	1.6758489167967423e-15	1	1.6758489167967423e-15	1		in-out
production	sub-104	01	nppi-dmn	10	"{""11"": -2.0, ""13"": 1.0, ""15"": 1.0}"	0	1.511885646321434e-15	1	1.511885646321434e-15	1		soc-nonsoc
production	sub-104	01	nppi-dmn	11	"{""10"": 1.0}"	0	2.3113453581453904e-15	1	2.3113453581453904e-15	1		phys
production	sub-104	01	nppi-ecn	1	"{""11"": 1.0}"	0	3.047582394498701e-15	1	3.047582394498701e-15	1		comp
production	sub-104	01	nppi-ecn	2	"{""12"": 1.0}"	0	1.2390983028525335e-15	1	1.2390983028525335e-15	1		comp_p
production	sub-104	01	nppi-ecn	3	"{""13"": 1.0}"	0	2.1341485667142693e-15	1	2.1341485667142693e-15	1		in
production	sub-104	01	nppi-ecn	4	"{""14"": 1.0}"	0	2.4229455384424707e-15	1	2.4229455384424707e-15	1		in_p
production	sub-104	01	nppi-ecn	5	"{""15"": 1.0}"	0	1.6589670624980761e-15	1	1.6589670624980761e-15	1		out
production	sub-104	01	nppi-ecn	6	"{""16"": 1.0}"	0	1.689463811606917e-15	1	1.689463811606917e-15	1		out_p
production	sub-104	01	nppi-ecn	7	"{""14"": 1.0, ""16"": -1.0}"	0	1.5336990963232114e-15	1	1.5336990963232114e-15	1		in_p-out_p
production	sub-104	01	nppi-ecn	8	"{""12"": -2.0, ""14"": 1.0, ""16"": 1.0}"	0	1.5136896628577121e-15	1	1.5136896628577121e-15	1		soc_p-nonsoc_p
production	sub-104	01	nppi-ecn	9	"{""13"": 1.0, ""15"": -1.0}"	0	1.799838301661299e-15	1	1.799838301661299e-15	1		in-out
production	sub-104	01	nppi-ecn	10	"{""11"": -2.0, ""13"": 1.0, ""15"": 1.0}"	0	1.6255615679430168e-15	1	1.6255615679430168e-15	1		soc-nonsoc
production	sub-104	01	nppi-ecn	11	"{""10"": 1.0}"	0	4.326873328344072e-15	1	4.326873328344072e-15	1		phys
production	sub-104	02	act	1	"{""1"": 1.0}"	0	5.87239491784838e-16	1	5.87239491784838e-16	1		comp
production	sub-104	02	act	2	"{""2"": 1.0}"	0	1.442792105132968e-15	1	1.442792105132968e-15	1		comp_p
production	sub-104	02	act	3	"{""3"": 1.0}"	0	1.0780174600558793e-15	1	1.0780174600558793e-15	1		in
production	sub-104	02	act	4	"{""4"": 1.0}"	0	1.2567735425600736e-15	1	1.2567735425600736e-15	1		in_p
production	sub-104	02	act	5	"{""5"": 1.0}"	0	1.022349011698877e-15	1	1.022349011698877e-15	1		out
production	sub-104	02	act	6	"{""6"": 1.0}"	0	1.4267142084149531e-15	1	1.4267142084149531e-15	1		out_p
production	sub-104	02	act	7	"{""4"": 1.0, ""6"": -1.0}"	0	1.6567389598625581e-15	1	1.6567389598625581e-15	1		in_p-out_p
production	sub-104	02	act	8	"{""2"": -2.0, ""4"": 1.0, ""6"": 1.0}"	0	1.417642148589813e-15	1	1.417642148589813e-15	1		soc_p-nonsoc_p
production	sub-104	02	act	9	"{""3"": 1.0, ""5"": -1.0}"	0	8.84892164019667e-16	1	8.84892164019667e-16	1		in-out
production	sub-104	02	act	10	"{""1"": -2.0, ""3"": 1.0, ""5"": 1.0}"	0	8.751310422305317e-16	1	8.751310422305317e-16	1		soc-nonsoc
production	sub-104	02	nppi-dmn	1	"{""11"": 1.0}"	0	1.8827065675417394e-15	1	1.8827065675417394e-15	1		comp
production	sub-104	02	nppi-dmn	2	"{""12"": 1.0}"	0	1.7428164329598255e-15	1	1.7428164329598255e-15	1		comp_p
production	sub-104	02	nppi-dmn	3	"{""13"": 1.0}"	0	1.4345511260571787e-15	1	1.4345511260571787e-15	1		in
production	sub-104	02	nppi-dmn	4	"{""14"": 1.0}"	0	1.3640644620082455e-15	1	1.3640644620082455e-15	1		in_p
production	sub-104	02	nppi-dmn	5	"{""15"": 1.0}"	0	1.5727287144674612e-15	1	1.5727287144674612e-15	1		out
production	sub-104	02	nppi-dmn	6	"{""16"": 1.0}"	0	1.8411817753171376e-15	1	1.8411817753171376e-15	1		out_p
production	sub-104	02	nppi-dmn	7	"{""14"": 1.0, ""16"": -1.0}"	0	1.523346585975527e-15	1	1.523346585975527e-15	1		in_p-out_p
production	sub-104	02	nppi-dmn	8	"{""12"": -2.0, ""14"": 1.0, ""16"": 1.0}"	0	1.4875377081648685e-15	1	1.4875377081648685e-15	1		soc_p-nonsoc_p
production	sub-104	02	nppi-dmn	9	"{""13"": 1.0, ""15"": -1.0}"	0	1.362691667460749e-15	1	1.362691667460749e-15	1		in-out
production	sub-104	02	nppi-dmn	10	"{""11"": -2.0, ""13"": 1.0, ""15"": 1.0}"	0	1.4463235172569726e-15	1	1.4463235172569726e-15	1		soc-nonsoc
production	sub-104	02	nppi-dmn	11	"{""10"": 1.0}"	0	2.3263369769756875e-15	1	2.3263369769756875e-15	1		phys
production	sub-104	02	nppi-ecn	1	"{""11"": 1.0}"	0	2.3287795424714823e-15	1	2.3287795424714823e-15	1		comp
production	sub-104	02	nppi-ecn	2	"{""12"": 1.0}"	0	1.9282415165840028e-15	1	1.9282415165840028e-15	1		comp_p
production	sub-104	02	nppi-ecn	3	"{""13"": 1.0}"	0	1.5641825795301385e-15	1	1.5641825795301385e-15	1		in
production	sub-104	02	nppi-ecn	4	"{""14"": 1.0}"	0	1.4710859980963391e-15	1	1.4710859980963391e-15	1		in_p
production	sub-104	02	nppi-ecn	5	"{""15"": 1.0}"	0	1.7887517727104206e-15	1	1.7887517727104206e-15	1		out
production	sub-104	02	nppi-ecn	6	"{""16"": 1.0}"	0	1.621193509991602e-15	1	1.621193509991602e-15	1		out_p
production	sub-104	02	nppi-ecn	7	"{""14"": 1.0, ""16"": -1.0}"	0	1.5094591098606683e-15	1	1.5094591098606683e-15	1		in_p-out_p
production	sub-104	02	nppi-ecn	8	"{""12"": -2.0, ""14"": 1.0, ""16"": 1.0}"	0	1.7749661454275382e-15	1	1.7749661454275382e-15	1		soc_p-nonsoc_p
production	sub-104	02	nppi-ecn	9	"{""13"": 1.0, ""15"": -1.0}"	0	1.3156924441304256e-15	1	1.3156924441304256e-15	1		in-out
production	sub-104	02	nppi-ecn	10	"{""11"": -2.0, ""13"": 1.0, ""15"": 1.0}"	0	1.6819038093784128e-15	1	1.6819038093784128e-15	1		soc-nonsoc
production	sub-104	02	nppi-ecn	11	"{""10"": 1.0}"	0	4.633670839764521e-15	1	4.633670839764521e-15	1		phys
production	sub-105	01	act	1	"{""1"": 1.0}"	0	1.1503555695617777e-15	1	1.1503555695617777e-15	1		comp
production	sub-105	01	act	2	"{""2"": 1.0}"	0	1.4300152396103585e-15	1	1.4300152396103585e-15	1		comp_p
production	sub-105	01	act	3	"{""3"": 1.0}"	0	2.000648627113165e-15	1	2.000648627113165e-15	1		in
production	sub-105	01	act	4	"{""4"": 1.0}"	0	1.1969011613741874e-15	1	1.1969011613741874e-15	1		in_p
production	sub-105	01	act	5	"{""5"": 1.0}"	0	1.3460257308598518e-15	1	1.3460257308598518e-15	1		out
production	sub-105	01	act	6	"{""6"": 1.0}"	0	1.3611553412429275e-15	1	1.3611553412429275e-15	1		out_p
production	sub-105	01	act	7	"{""4"": 1.0, ""6"": -1.0}"	0	1.1741230745976706e-15	1	1.1741230745976706e-15	1		in_p-out_p
production	sub-105	01	act	8	"{""2"": -2.0, ""4"": 1.0, ""6"": 1.0}"	0	1.2681135898181358e-15	1	1.2681135898181358e-15	1		soc_p-nonsoc_p
production	sub-105	01	act	9	"{""3"": 1.0, ""5"": -1.0}"	0	2.215387875545828e-15	1	2.215387875545828e-15	1		in-out
production	sub-105	01	act	10	"{""1"": -2.0, ""3"": 1.0, ""5"": 1.0}"	0	1.0853957900955802e-15	1	1.0853957900955802e-15	1		soc-nonsoc
production	sub-105	01	nppi-dmn	1	"{""11"": 1.0}"	0	1.8255456801238668e-15	1	1.8255456801238668e-15	1		comp
production	sub-105	01	nppi-dmn	2	"{""12"": 1.0}"	0	1.4953923753963795e-15	1	1.4953923753963795e-15	1		comp_p
production	sub-105	01	nppi-dmn	3	"{""13"": 1.0}"	0	1.6360763343944065e-15	1	1.6360763343944065e-15	1		in
production	sub-105	01	nppi-dmn	4	"{""14"": 1.0}"	0	1.5503508539601365e-15	1	1.5503508539601365e-15	1		in_p
production	sub-105	01	nppi-dmn	5	"{""15"": 1.0}"	0	1.3097037958987014e-15	1	1.3097037958987014e-15	1		out
production	sub-105	01	nppi-dmn	6	"{""16"": 1.0}"	0	1.787073535019775e-15	1	1.787073535019775e-15	1		out_p
production	sub-105	01	nppi-dmn	7	"{""14"": 1.0, ""16"": -1.0}"	0	1.7504043508699018e-15	1	1.7504043508699018e-15	1		in_p-out_p
production	sub-105	01	nppi-dmn	8	"{""12"": -2.0, ""14"": 1.0, ""16"": 1.0}"	0	1.3935839584332853e-15	1	1.3935839584332853e-15	1		soc_p-nonsoc_p
production	sub-105	01	nppi-dmn	9	"{""13"": 1.0, ""15"": -1.0}"	0	1.4773895840235304e-15	1	1.4773895840235304e-15	1		in-out
production	sub-105	01	nppi-dmn	10	"{""11"": -2.0, ""13"": 1.0, ""15"": 1.0}"	0	1.7624291629268839e-15	1	1.7624291629268839e-15	1		soc-nonsoc
production	sub-105	01	nppi-dmn	11	"{""10"": 1.0}"	0	1.8224420452834548e-15	1	1.8224420452834548e-15	1		phys
production	sub-105	01	nppi-ecn	1	"{""11"": 1.0}"	0	2.2503045808634302e-15	1	2.2503045808634302e-15	1		comp
production	sub-105	01	nppi-ecn	2	"{""12"": 1.0}"	0	1.7951733547345177e-15	1	1.7951733547345177e-15	1		comp_p
production	sub-105	01	nppi-ecn	3	"{""13"": 1.0}"	0	1.6570327046760925e-15	1	1.6570327046760925e-15	1		in
production	sub-105	01	nppi-ecn	4	"{""14"": 1.0}"	0	1.9306765743108052e-15	1	1.9306765743108052e-15	1		in_p
production	sub-105	01	nppi-ecn	5	"{""15"": 1.0}"	0	1.6120197142965463e-15	1	1.6120197142965463e-15	1		out
production	sub-105	01	nppi-ecn	6	"{""16"": 1.0}"	0	1.828997120915473e-15	1	1.828997120915473e-15	1		out_p
production	sub-105	01	nppi-ecn	7	"{""14"": 1.0, ""16"": -1.0}"	0	1.868314609082033e-15	1	1.868314609082033e-15	1		in_p-out_p
production	sub-105	01	nppi-ecn	8	"{""12"": -2.0, ""14"": 1.0, ""16"": 1.0}"	0	2.068737104073205e-15	1	2.068737104073205e-15	1		soc_p-nonsoc_p
production	sub-105	01	nppi-ecn	9	"{""13"": 1.0, ""15"": -1.0}"	0	1.9336227818288525e-15	1	1.9336227818288525e-15	1		in-out
production	sub-105	01	nppi-ecn	10	"{""11"": -2.0, ""13"": 1.0, ""15"": 1.0}"	0	2.3099072381476976e-15	1	2.3099072381476976e-15	1		soc-nonsoc
production	sub-105	01	nppi-ecn	11	"{""10"": 1.0}"	0	1.2899267948398912e-15	1	1.2899267948398912e-15	1		phys
production	sub-105	02	act	1	"{""1"": 1.0}"	0	1.0362324944580238e-15	1	1.0362324944580238e-15	1		comp
production	sub-105	02	act	2	"{""2"": 1.0}"	0	1.089664993563216e-15	1	1.089664993563216e-15	1		comp_p
production	sub-105	02	act	3	"{""3"": 1.0}"	0	1.2605676625807333e-15	1	1.2605676625807333e-15	1		in
production	sub-105	02	act	4	"{""4"": 1.0}"	0	1.3044843286527755e-15	1	1.3044843286527755e-15	1		in_p
production	sub-105	02	act	5	"{""5"": 1.0}"	0	7.210159367464494e-16	1	7.210159367464494e-16	1		out
production	sub-105	02	act	6	"{""6"": 1.0}"	0	1.1606177323693478e-15	1	1.1606177323693478e-15	1		out_p
production	sub-105	02	act	7	"{""4"": 1.0, ""6"": -1.0}"	0	1.0497262160678758e-15	1	1.0497262160678758e-15	1		in_p-out_p
production	sub-105	02	act	8	"{""2"": -2.0, ""4"": 1.0, ""6"": 1.0}"	0	1.2002849072039306e-15	1	1.2002849072039306e-15	1		soc_p-nonsoc_p
production	sub-105	02	act	9	"{""3"": 1.0, ""5"": -1.0}"	0	1.1631555962853336e-15	1	1.1631555962853336e-15	1		in-out
production	sub-105	02	act	10	"{""1"": -2.0, ""3"": 1.0, ""5"": 1.0}"	0	1.2110320839852832e-15	1	1.2110320839852832e-15	1		soc-nonsoc
production	sub-105	02	nppi-dmn	1	"{""11"": 1.0}"	0	1.4916428447126696e-15	1	1.4916428447126696e-15	1		comp
production	sub-105	02	nppi-dmn	2	"{""12"": 1.0}"	0	1.3378702322605077e-15	1	1.3378702322605077e-15	1		comp_p
production	sub-105	02	nppi-dmn	3	"{""13"": 1.0}"	0	1.5450875925780569e-15	1	1.5450875925780569e-15	1		in
production	sub-105	02	nppi-dmn	4	"{""14"": 1.0}"	0	1.5356133779563088e-15	1	1.5356133779563088e-15	1		in_p
production	sub-105	02	nppi-dmn	5	"{""15"": 1.0}"	0	1.1482772234836542e-15	1	1.1482772234836542e-15	1		out
production	sub-105	02	nppi-dmn	6	"{""16"": 1.0}"	0	1.3348193898790153e-15	1	1.3348193898790153e-15	1		out_p
production	sub-105	02	nppi-dmn	7	"{""14"": 1.0, ""16"": -1.0}"	0	1.3258901714994046e-15	1	1.3258901714994046e-15	1		in_p-out_p
production	sub-105	02	nppi-dmn	8	"{""12"": -2.0, ""14"": 1.0, ""16"": 1.0}"	0	1.401550249056866e-15	1	1.401550249056866e-15	1		soc_p-nonsoc_p
production	sub-105	02	nppi-dmn	9	"{""13"": 1.0, ""15"": -1.0}"	0	1.3087366081365893e-15	1	1.3087366081365893e-15	1		in-out
production	sub-105	02	nppi-dmn	10	"{""11"": -2.0, ""13"": 1.0, ""15"": 1.0}"	0	1.2493591325951633e-15	1	1.2493591325951633e-15	1		soc-nonsoc
production	sub-105	02	nppi-dmn	11	"{""10"": 1.0}"	0	1.635996397189054e-15	1	1.635996397189054e-15	1		phys
production	sub-105	02	nppi-ecn	1	"{""11"": 1.0}"	0	2.417468112049425e-15	1	2.417468112049425e-15	1		comp
production	sub-105	02	nppi-ecn	2	"{""12"": 1.0}"	0	2.7446812111415863e-15	1	2.7446812111415863e-15	1		comp_p
production	sub-105	02	nppi-ecn	3	"{""13"": 1.0}"	0	1.3901557390646301e-15	1	1.3901557390646301e-15	1		in
production	sub-105	02	nppi-ecn	4	"{""14"": 1.0}"	0	1.5924450173760228e-15	1	1.5924450173760228e-15	1		in_p
production	sub-105	02	nppi-ecn	5	"{""15"": 1.0}"	0	1.926669718581418e-15	1	1.926669718581418e-15	1		out
production	sub-105	02	nppi-ecn	6	"{""16"": 1.0}"	0	1.813407135964507e-15	1	1.813407135964507e-15	1		out_p
production	sub-105	02	nppi-ecn	7	"{""14"": 1.0, ""16"": -1.0}"	0	1.8843436477247606e-15	1	1.8843436477247606e-15	1		in_p-out_p
production	sub-105	02	nppi-ecn	8	"{""12"": -2.0, ""14"": 1.0, ""16"": 1.0}"	0	2.0656670535798106e-15	1	2.0656670535798106e-15	1		soc_p-nonsoc_p
production	sub-105	02	nppi-ecn	9	"{""13"": 1.0, ""15"": -1.0}"	0	1.6056313022719947e-15	1	1.6056313022719947e-15	1		in-out
production	sub-105	02	nppi-ecn	10	"{""11"": -2.0, ""13"": 1.0, ""15"": 1.0}"	0	1.6778746655443842e-15	1	1.6778746655443842e-15	1		soc-nonsoc
production	sub-105	02	nppi-ecn	11	"{""10"": 1.0}"	0	3.0605167696249184e-15	1	3.0605167696249184e-15	1		phys
production	sub-106	01	act	1	"{""1"": 1.0}"	0	1.0118797331281686e-15	1	1.0118797331281686e-15	1		comp
production	sub-106	01	act	2	"{""2"": 1.0}"	0	1.4333968228331673e-15	1	1.4333968228331673e-15	1		comp_p
production	sub-106	01	act	3	"{""3"": 1.0}"	0	1.224229626331655e-15	1	1.224229626331655e-15	1		in
production	sub-106	01	act	4	"{""4"": 1.0}"	0	1.7573173719624355e-15	1	1.7573173719624355e-15	1		in_p
production	sub-106	01	act	5	"{""5"": 1.0}"	0	1.1841437569192783e-15	1	1.1841437569192783e-15	1		out
production	sub-106	01	act	6	"{""6"": 1.0}"	0	1.194853253197972e-15	1	1.194853253197972e-15	1		out_p
production	sub-106	01	act	7	"{""4"": 1.0, ""6"": -1.0}"	0	1.1834347746078946e-15	1	1.1834347746078946e-15	1		in_p-out_p
production	sub-106	01	act	8	"{""2"": -2.0, ""4"": 1.0, ""6"": 1.0}"	0	1.6970093369458558e-15	1	1.6970093369458558e-15	1		soc_p-nonsoc_p
production	sub-106	01	act	9	"{""3"": 1.0, ""5"": -1.0}"	0	1.461920847705465e-15	1	1.461920847705465e-15	1		in-out
production	sub-106	01	act	10	"{""1"": -2.0, ""3"": 1.0, ""5"": 1.0}"	0	1.0115400152085674e-15	1	1.0115400152085674e-15	1		soc-nonsoc
production	sub-106	01	nppi-dmn	1	"{""11"": 1.0}"	0	1.3048792199668414e-15	1	1.3048792199668414e-15	1		comp
production	sub-106	01	nppi-dmn	2	"{""12"": 1.0}"	0	1.3649596189878905e-15	1	1.3649596189878905e-15	1		comp_p
production	sub-106	01	nppi-dmn	3	"{""13"": 1.0}"	0	1.5232671717262554e-15	1	1.5232671717262554e-15	1		in
production	sub-106	01	nppi-dmn	4	"{""14"": 1.0}"	0	1.256397057659048e-15	1	1.256397057659048e-15	1		in_p
production	sub-106	01	nppi-dmn	5	"{""15"": 1.0}"	0	1.287612712361813e-15	1	1.287612712361813e-15	1		out
production	sub-106	01	nppi-dmn	6	"{""16"": 1.0}"	0	1.800079018524314e-15	1	1.800079018524314e-15	1		out_p
production	sub-106	01	nppi-dmn	7	"{""14"": 1.0, ""16"": -1.0}"	0	1.5299972624667396e-15	1	1.5299972624667396e-15	1		in_p-out_p
production	sub-106	01	nppi-dmn	8	"{""12"": -2.0, ""14"": 1.0, ""16"": 1.0}"	0	1.4426654988169375e-15	1	1.4426654988169375e-15	1		soc_p-nonsoc_p
production	sub-106	01	nppi-dmn	9	"{""13"": 1.0, ""15"": -1.0}"	0	1.4537453912178508e-15	1	1.4537453912178508e-15	1		in-out
production	sub-106	01	nppi-dmn	10	"{""11"": -2.0, ""13"": 1.0, ""15"": 1.0}"	0	1.5127711973526009e-15	1	1.5127711973526009e-15	1		soc-nonsoc
production	sub-106	01	nppi-dmn	11	"{""10"": 1.0}"	0	1.4524541288664166e-15	1	1.4524541288664166e-15	1		phys
production	sub-106	01	nppi-ecn	1	"{""11"": 1.0}"	0	2.6653392857498038e-15	1	2.6653392857498038e-15	1		comp
production	sub-106	01	nppi-ecn	2	"{""12"": 1.0}"	0	2.3419236423419617e-15	1	2.3419236423419617e-15	1		comp_p
production	sub-106	01	nppi-ecn	3	"{""13"": 1.0}"	0	2.5378838739827783e-15	1	2.5378838739827783e-15	1		in
production	sub-106	01	nppi-ecn	4	"{""14"": 1.0}"	0	1.606769193361752e-15	1	1.606769193361752e-15	1		in_p
production	sub-106	01	nppi-ecn	5	"{""15"": 1.0}"	0	2.672550750955503e-15	1	2.672550750955503e-15	1		out
production	sub-106	01	nppi-ecn	6	"{""16"": 1.0}"	0	1.894666706775978e-15	1	1.894666706775978e-15	1		out_p
production	sub-106	01	nppi-ecn	7	"{""14"": 1.0, ""16"": -1.0}"	0	1.8978988271419772e-15	1	1.8978988271419772e-15	1		in_p-out_p
production	sub-106	01	nppi-ecn	8	"{""12"": -2.0, ""14"": 1.0, ""16"": 1.0}"	0	1.9651877437381597e-15	1	1.9651877437381597e-15	1		soc_p-nonsoc_p
production	sub-106	01	nppi-ecn	9	"{""13"": 1.0, ""15"": -1.0}"	0	1.80741189807777e-15	1	1.80741189807777e-15	1		in-out
production	sub-106	01	nppi-ecn	10	"{""11"": -2.0, ""13"": 1.0, ""15"": 1.0}"	0	1.6194752412123847e-15	1	1.6194752412123847e-15	1		soc-nonsoc
production	sub-106	01	nppi-ecn	11	"{""10"": 1.0}"	0	3.491758014960114e-15	1	3.491758014960114e-15	1		phys
production	sub-106	02	act	1	"{""1"": 1.0}"	0	7.038351582987152e-16	1	7.038351582987152e-16	1		comp
production	sub-106	02	act	2	"{""2"": 1.0}"	0	1.6560875641688137e-15	1	1.6560875641688137e-15	1		comp_p
production	sub-106	02	act	3	"{""3"": 1.0}"	0	1.026518758984241e-15	1	1.026518758984241e-15	1		in
production	sub-106	02	act	4	"{""4"": 1.0}"	0	1.524869299371225e-15	1	1.524869299371225e-15	1		in_p
production	sub-106	02	act	5	"{""5"": 1.0}"	0	9.677027641651602e-16	1	9.677027641651602e-16	1		out
production	sub-106	02	act	6	"{""6"": 1.0}"	0	9.985650330819142e-16	1	9.985650330819142e-16	1		out_p
production	sub-106	02	act	7	"{""4"": 1.0, ""6"": -1.0}"	0	1.0108862769858197e-15	1	1.0108862769858197e-15	1		in_p-out_p
production	sub-106	02	act	8	"{""2"": -2.0, ""4"": 1.0, ""6"": 1.0}"	0	1.6144988260397091e-15	1	1.6144988260397091e-15	1		soc_p-nonsoc_p
production	sub-106	02	act	9	"{""3"": 1.0, ""5"": -1.0}"	0	1.3255272002358465e-15	1	1.3255272002358465e-15	1		in-out
production	sub-106	02	act	10	"{""1"": -2.0, ""3"": 1.0, ""5"": 1.0}"	0	6.832654898900716e-16	1	6.832654898900716e-16	1		soc-nonsoc
production	sub-106	02	nppi-dmn	1	"{""11"": 1.0}"	0	1.6142560974681551e-15	1	1.6142560974681551e-15	1		comp
production	sub-106	02	nppi-dmn	2	"{""12"": 1.0}"	0	1.658785267839553e-15	1	1.658785267839553e-15	1		comp_p
production	sub-106	02	nppi-dmn	3	"{""13"": 1.0}"	0	2.0232917889784636e-15	1	2.0232917889784636e-15	1		in
production	sub-106	02	nppi-dmn	4	"{""14"": 1.0}"	0	1.674099673781647e-15	1	1.674099673781647e-15	1		in_p
production	sub-106	02	nppi-dmn	5	"{""15"": 1.0}"	0	1.886282209135682e-15	1	1.886282209135682e-15	1		out
production	sub-106	02	nppi-dmn	6	"{""16"": 1.0}"	0	1.5899830103681909e-15	1	1.5899830103681909e-15	1		out_p
production	sub-106	02	nppi-dmn	7	"{""14"": 1.0, ""16"": -1.0}"	0	1.2958707277103178e-15	1	1.2958707277103178e-15	1		in_p-out_p
production	sub-106	02	nppi-dmn	8	"{""12"": -2.0, ""14"": 1.0, ""16"": 1.0}"	0	1.6432128672097166e-15	1	1.6432128672097166e-15	1		soc_p-nonsoc_p
production	sub-106	02	nppi-dmn	9	"{""13"": 1.0, ""15"": -1.0}"	0	1.9514556325866528e-15	1	1.9514556325866528e-15	1		in-out
production	sub-106	02	nppi-dmn	10	"{""11"": -2.0, ""13"": 1.0, ""15"": 1.0}"	0	1.6339465880600797e-15	1	1.6339465880600797e-15	1		soc-nonsoc
production	sub-106	02	nppi-dmn	11	"{""10"": 1.0}"	0	1.769809981121388e-15	1	1.769809981121388e-15	1		phys
production	sub-106	02	nppi-ecn	1	"{""11"": 1.0}"	0	1.8988687706845185e-15	1	1.8988687706845185e-15	1		comp
production	sub-106	02	nppi-ecn	2	"{""12"": 1.0}"	0	1.4457714846690838e-15	1	1.4457714846690838e-15	1		comp_p
production	sub-106	02	nppi-ecn	3	"{""13"": 1.0}"	0	2.6620089421346906e-15	1	2.6620089421346906e-15	1		in
production	sub-106	02	nppi-ecn	4	"{""14"": 1.0}"	0	2.4739963249871986e-15	1	2.4739963249871986e-15	1		in_p
production	sub-106	02	nppi-ecn	5	"{""15"": 1.0}"	0	3.711514026592817e-15	1	3.711514026592817e-15	1		out
production	sub-106	02	nppi-ecn	6	"{""16"": 1.0}"	0	3.0747525356810584e-15	1	3.0747525356810584e-15	1		out_p
production	sub-106	02	nppi-ecn	7	"{""14"": 1.0, ""16"": -1.0}"	0	1.5766889044812137e-15	1	1.5766889044812137e-15	1		in_p-out_p
production	sub-106	02	nppi-ecn	8	"{""12"": -2.0, ""14"": 1.0, ""16"": 1.0}"	0	2.290875883466308e-15	1	2.290875883466308e-15	1		soc_p-nonsoc_p
production	sub-106	02	nppi-ecn	9	"{""13"": 1.0, ""15"": -1.0}"	0	1.632620223366333e-15	1	1.632620223366333e-15	1		in-out
production	sub-106	02	nppi-ecn	10	"{""11"": -2.0, ""13"": 1.0, ""15"": 1.0}"	0	1.814360775890543e-15	1	1.814360775890543e-15	1		soc-nonsoc
production	sub-106	02	nppi-ecn	11	"{""10"": 1.0}"	0	4.643953879686521e-15	1	4.643953879686521e-15	1		phys
production	sub-107	01	act	1	"{""1"": 1.0}"	0	1.0087803581836645e-15	1	1.0087803581836645e-15	1		comp
production	sub-107	01	act	2	"{""2"": 1.0}"	0	1.0815509656951754e-15	1	1.0815509656951754e-15	1		comp_p
production	sub-107	01	act	3	"{""3"": 1.0}"	0	1.44367791436127e-15	1	1.44367791436127e-15	1		in
production	sub-107	01	act	4	"{""4"": 1.0}"	0	1.2686200912332886e-15	1	1.2686200912332886e-15	1		in_p
production	sub-107	01	act	5	"{""5"": 1.0}"	0	1.1476214865723858e-15	1	1.1476214865723858e-15	1		out
production	sub-107	01	act	6	"{""6"": 1.0}"	0	1.4270087732581966e-15	1	1.4270087732581966e-15	1		out_p
production	sub-107	01	act	7	"{""4"": 1.0, ""6"": -1.0}"	0	1.595666435870639e-15	1	1.595666435870639e-15	1		in_p-out_p
production	sub-107	01	act	8	"{""2"": -2.0, ""4"": 1.0, ""6"": 1.0}"	0	1.0462650773154859e-15	1	1.0462650773154859e-15	1		soc_p-nonsoc_p
production	sub-107	01	act	9	"{""3"": 1.0, ""5"": -1.0}"	0	1.310668198433921e-15	1	1.310668198433921e-15	1		in-out
production	sub-107	01	act	10	"{""1"": -2.0, ""3"": 1.0, ""5"": 1.0}"	0	1.111084807578358e-15	1	1.111084807578358e-15	1		soc-nonsoc
production	sub-107	01	nppi-dmn	1	"{""11"": 1.0}"	0	1.818943217387131e-15	1	1.818943217387131e-15	1		comp
production	sub-107	01	nppi-dmn	2	"{""12"": 1.0}"	0	1.8024238266718462e-15	1	1.8024238266718462e-15	1		comp_p
production	sub-107	01	nppi-dmn	3	"{""13"": 1.0}"	0	2.104006241598313e-15	1	2.104006241598313e-15	1		in
production	sub-107	01	nppi-dmn	4	"{""14"": 1.0}"	0	1.3355046971811298e-15	1	1.3355046971811298e-15	1		in_p
production	sub-107	01	nppi-dmn	5	"{""15"": 1.0}"	0	2.0893082189612954e-15	1	2.0893082189612954e-15	1		out
production	sub-107	01	nppi-dmn	6	"{""16"": 1.0}"	0	1.3878410049321271e-15	1	1.3878410049321271e-15	1		out_p
production	sub-107	01	nppi-dmn	7	"{""14"": 1.0, ""16"": -1.0}"	0	1.407491020903699e-15	1	1.407491020903699e-15	1		in_p-out_p
production	sub-107	01	nppi-dmn	8	"{""12"": -2.0, ""14"": 1.0, ""16"": 1.0}"	0	1.7146350667793352e-15	1	1.7146350667793352e-15	1		soc_p-nonsoc_p
production	sub-107	01	nppi-dmn	9	"{""13"": 1.0, ""15"": -1.0}"	0	2.163474390769052e-15	1	2.163474390769052e-15	1		in-out
production	sub-107	01	nppi-dmn	10	"{""11"": -2.0, ""13"": 1.0, ""15"": 1.0}"	0	2.0580277408906548e-15	1	2.0580277408906548e-15	1		soc-nonsoc
production	sub-107	01	nppi-dmn	11	"{""10"": 1.0}"	0	1.937417064938579e-15	1	1.937417064938579e-15	1		phys
production	sub-107	01	nppi-ecn	1	"{""11"": 1.0}"	0	1.5829040898860116e-15	1	1.5829040898860116e-15	1		comp
production	sub-107	01	nppi-ecn	2	"{""12"": 1.0}"	0	1.9608647795436605e-15	1	1.9608647795436605e-15	1		comp_p
production	sub-107	01	nppi-ecn	3	"{""13"": 1.0}"	0	1.6624938050831659e-15	1	1.6624938050831659e-15	1		in
production	sub-107	01	nppi-ecn	4	"{""14"": 1.0}"	0	1.4706228521621753e-15	1	1.4706228521621753e-15	1		in_p
production	sub-107	01	nppi-ecn	5	"{""15"": 1.0}"	0	1.4226827131722053e-15	1	1.4226827131722053e-15	1		out
production	sub-107	01	nppi-ecn	6	"{""16"": 1.0}"	0	1.3492070924490497e-15	1	1.3492070924490497e-15	1		out_p
production	sub-107	01	nppi-ecn	7	"{""14"": 1.0, ""16"": -1.0}"	0	1.699735470995508e-15	1	1.699735470995508e-15	1		in_p-out_p
production	sub-107	01	nppi-ecn	8	"{""12"": -2.0, ""14"": 1.0, ""16"": 1.0}"	0	1.936033275743902e-15	1	1.936033275743902e-15	1		soc_p-nonsoc_p
production	sub-107	01	nppi-ecn	9	"{""13"": 1.0, ""15"": -1.0}"	0	1.4574208115093997e-15	1	1.4574208115093997e-15	1		in-out
production	sub-107	01	nppi-ecn	10	"{""11"": -2.0, ""13"": 1.0, ""15"": 1.0}"	0	1.721345852846893e-15	1	1.721345852846893e-15	1		soc-nonsoc
production	sub-107	01	nppi-ecn	11	"{""10"": 1.0}"	0	1.8763890292402712e-15	1	1.8763890292402712e-15	1		phys
production	sub-107	02	act	1	"{""1"": 1.0}"	0	1.5005845351222642e-15	1	1.5005845351222642e-15	1		comp
production	sub-107	02	act	2	"{""2"": 1.0}"	0	1.3665925296402839e-15	1	1.3665925296402839e-15	1		comp_p
production	sub-107	02	act	3	"{""3"": 1.0}"	0	1.2558884836978952e-15	1	1.2558884836978952e-15	1		in
production	sub-107	02	act	4	"{""4"": 1.0}"	0	1.5639314828253875e-15	1	1.5639314828253875e-15	1		in_p
production	sub-107	02	act	5	"{""5"": 1.0}"	0	1.305645163017849e-15	1	1.305645163017849e-15	1		out
production	sub-107	02	act	6	"{""6"": 1.0}"	0	1.679941484906249e-15	1	1.679941484906249e-15	1		out_p
production	sub-107	02	act	7	"{""4"": 1.0, ""6"": -1.0}"	0	1.4813660295845874e-15	1	1.4813660295845874e-15	1		in_p-out_p
production	sub-107	02	act	8	"{""2"": -2.0, ""4"": 1.0, ""6"": 1.0}"	0	1.3199754432370872e-15	1	1.3199754432370872e-15	1		soc_p-nonsoc_p
production	sub-107	02	act	9	"{""3"": 1.0, ""5"": -1.0}"	0	1.0234876127700127e-15	1	1.0234876127700127e-15	1		in-out
production	sub-107	02	act	10	"{""1"": -2.0, ""3"": 1.0, ""5"": 1.0}"	0	1.447991538364708e-15	1	1.447991538364708e-15	1		soc-nonsoc
production	sub-107	02	nppi-dmn	1	"{""11"": 1.0}"	0	1.5497047210732134e-15	1	1.5497047210732134e-15	1		comp
production	sub-107	02	nppi-dmn	2	"{""12"": 1.0}"	0	1.306762457260047e-15	1	1.306762457260047e-15	1		comp_p
production	sub-107	02	nppi-dmn	3	"{""13"": 1.0}"	0	1.4789457083618565e-15	1	1.4789457083618565e-15	1		in
production	sub-107	02	nppi-dmn	4	"{""14"": 1.0}"	0	1.6877646744890392e-15	1	1.6877646744890392e-15	1		in_p
production	sub-107	02	nppi-dmn	5	"{""15"": 1.0}"	0	1.4008634422182276e-15	1	1.4008634422182276e-15	1		out
production	sub-107	02	nppi-dmn	6	"{""16"": 1.0}"	0	1.5874805107542205e-15	1	1.5874805107542205e-15	1		out_p
production	sub-107	02	nppi-dmn	7	"{""14"": 1.0, ""16"": -1.0}"	0	1.4019030659866776e-15	1	1.4019030659866776e-15	1		in_p-out_p
production	sub-107	02	nppi-dmn	8	"{""12"": -2.0, ""14"": 1.0, ""16"": 1.0}"	0	1.6074485840978985e-15	1	1.6074485840978985e-15	1		soc_p-nonsoc_p
production	sub-107	02	nppi-dmn	9	"{""13"": 1.0, ""15"": -1.0}"	0	1.6136974548657554e-15	1	1.6136974548657554e-15	1		in-out
production	sub-107	02	nppi-dmn	10	"{""11"": -2.0, ""13"": 1.0, ""15"": 1.0}"	0	1.4172657990532806e-15	1	1.4172657990532806e-15	1		soc-nonsoc
production	sub-107	02	nppi-dmn	11	"{""10"": 1.0}"	0	1.6368676245043026e-15	1	1.6368676245043026e-15	1		phys
production	sub-107	02	nppi-ecn	1	"{""11"": 1.0}"	0	1.9160223184313484e-15	1	1.9160223184313484e-15	1		comp
production	sub-107	02	nppi-ecn	2	"{""12"": 1.0}"	0	1.955331820721474e-15	1	1.955331820721474e-15	1		comp_p
production	sub-107	02	nppi-ecn	3	"{""13"": 1.0}"	0	1.7709089993690073e-15	1	1.7709089993690073e-15	1		in
production	sub-107	02	nppi-ecn	4	"{""14"": 1.0}"	0	1.7170504930258632e-15	1	1.7170504930258632e-15	1		in_p
production	sub-107	02	nppi-ecn	5	"{""15"": 1.0}"	0	1.8893944162439265e-15	1	1.8893944162439265e-15	1		out
production	sub-107	02	nppi-ecn	6	"{""16"": 1.0}"	0	1.804803172617186e-15	1	1.804803172617186e-15	1		out_p
production	sub-107	02	nppi-ecn	7	"{""14"": 1.0, ""16"": -1.0}"	0	2.2318735079596944e-15	1	2.2318735079596944e-15	1		in_p-out_p
production	sub-107	02	nppi-ecn	8	"{""12"": -2.0, ""14"": 1.0, ""16"": 1.0}"	0	1.5341485787421946e-15	1	1.5341485787421946e-15	1		soc_p-nonsoc_p
production	sub-107	02	nppi-ecn	9	"{""13"": 1.0, ""15"": -1.0}"	0	2.0102304983918394e-15	1	2.0102304983918394e-15	1		in-out
production	sub-107	02	nppi-ecn	10	"{""11"": -2.0, ""13"": 1.0, ""15"": 1.0}"	0	1.7732872846091764e-15	1	1.7732872846091764e-15	1		soc-nonsoc
production	sub-107	02	nppi-ecn	11	"{""10"": 1.0}"	0	1.3114190353468488e-15	1	1.3114190353468488e-15	1		phys
production	sub-108	01	act	1	"{""1"": 1.0}"	0	7.5627749907082775e-16	1	7.5627749907082775e-16	1		comp
production	sub-108	01	act	2	"{""2"": 1.0}"	0	1.4042322452055256e-15	1	1.4042322452055256e-15	1		comp_p
production	sub-108	01	act	3	"{""3"": 1.0}"	0	9.720685666140606e-16	1	9.720685666140606e-16	1		in
production	sub-108	01	act	4	"{""4"": 1.0}"	0	1.5402320398401936e-15	1	1.5402320398401936e-15	1		in_p
production	sub-108	01	act	5	"{""5"": 1.0}"	0	1.3123841697087956e-15	1	1.3123841697087956e-15	1		out
production	sub-108	01	act	6	"{""6"": 1.0}"	0	1.3037387160276775e-15	1	1.3037387160276775e-15	1		out_p
production	sub-108	01	act	7	"{""4"": 1.0, ""6"": -1.0}"	0	1.2134365632942704e-15	1	1.2134365632942704e-15	1		in_p-out_p
production	sub-108	01	act	8	"{""2"": -2.0, ""4"": 1.0, ""6"": 1.0}"	0	1.3675405966778914e-15	1	1.3675405966778914e-15	1		soc_p-nonsoc_p
production	sub-108	01	act	9	"{""3"": 1.0, ""5"": -1.0}"	0	1.1524901682254944e-15	1	1.1524901682254944e-15	1		in-out
production	sub-108	01	act	10	"{""1"": -2.0, ""3"": 1.0, ""5"": 1.0}"	0	1.1303395874059629e-15	1	1.1303395874059629e-15	1		soc-nonsoc
production	sub-108	01	nppi-dmn	1	"{""11"": 1.0}"	0	2.2136764482387433e-15	1	2.2136764482387433e-15	1		comp
production	sub-108	01	nppi-dmn	2	"{""12"": 1.0}"	0	1.3820823600253873e-15	1	1.3820823600253873e-15	1		comp_p
production	sub-108	01	nppi-dmn	3	"{""13"": 1.0}"	0	2.1092855340424195e-15	1	2.1092855340424195e-15	1		in
production	sub-108	01	nppi-dmn	4	"{""14"": 1.0}"	0	1.3118397762883452e-15	1	1.3118397762883452e-15	1		in_p
production	sub-108	01	nppi-dmn	5	"{""15"": 1.0}"	0	1.7314044684646007e-15	1	1.7314044684646007e-15	1		out
production	sub-108	01	nppi-dmn	6	"{""16"": 1.0}"	0	1.6154057046896997e-15	1	1.6154057046896997e-15	1		out_p
production	sub-108	01	nppi-dmn	7	"{""14"": 1.0, ""16"": -1.0}"	0	1.503141364326065e-15	1	1.503141364326065e-15	1		in_p-out_p
production	sub-108	01	nppi-dmn	8	"{""12"": -2.0, ""14"": 1.0, ""16"": 1.0}"	0	1.4333527107342477e-15	1	1.4333527107342477e-15	1		soc_p-nonsoc_p
production	sub-108	01	nppi-dmn	9	"{""13"": 1.0, ""15"": -1.0}"	0	1.9629114199242022e-15	1	1.9629114199242022e-15	1		in-out
production	sub-108	01	nppi-dmn	10	"{""11"": -2.0, ""13"": 1.0, ""15"": 1.0}"	0	1.8317108395722175e-15	1	1.8317108395722175e-15	1		soc-nonsoc
production	sub-108	01	nppi-dmn	11	"{""10"": 1.0}"	0	1.8715389351522007e-15	1	1.8715389351522007e-15	1		phys
production	sub-108	01	nppi-ecn	1	"{""11"": 1.0}"	0	1.839932106699807e-15	1	1.839932106699807e-15	1		comp
production	sub-108	01	nppi-ecn	2	"{""12"": 1.0}"	0	1.674991834182584e-15	1	1.674991834182584e-15	1		comp_p
production	sub-108	01	nppi-ecn	3	"{""13"": 1.0}"	0	1.7770926699786844e-15	1	1.7770926699786844e-15	1		in
production	sub-108	01	nppi-ecn	4	"{""14"": 1.0}"	0	1.204500852078594e-15	1	1.204500852078594e-15	1		in_p
production	sub-108	01	nppi-ecn	5	"{""15"": 1.0}"	0	1.428833977538231e-15	1	1.428833977538231e-15	1		out
production	sub-108	01	nppi-ecn	6	"{""16"": 1.0}"	0	1.5051552527577239e-15	1	1.5051552527577239e-15	1		out_p
production	sub-108	01	nppi-ecn	7	"{""14"": 1.0, ""16"": -1.0}"	0	1.215145214879247e-15	1	1.215145214879247e-15	1		in_p-out_p
production	sub-108	01	nppi-ecn	8	"{""12"": -2.0, ""14"": 1.0, ""16"": 1.0}"	0	1.7005837928118975e-15	1	1.7005837928118975e-15	1		soc_p-nonsoc_p
production	sub-108	01	nppi-ecn	9	"{""13"": 1.0, ""15"": -1.0}"	0	1.6792738822930142e-15	1	1.6792738822930142e-15	1		in-out
production	sub-108	01	nppi-ecn	10	"{""11"": -2.0, ""13"": 1.0, ""15"": 1.0}"	0	1.5065429121292617e-15	1	1.5065429121292617e-15	1		soc-nonsoc
production	sub-108	01	nppi-ecn	11	"{""10"": 1.0}"	0	4.107965141948039e-15	1	4.107965141948039e-15	1		phys
production	sub-108	02	act	1	"{""1"": 1.0}"	0	1.907948861859011e-15	1	1.907948861859011e-15	1		comp
production	sub-108	02	act	2	"{""2"": 1.0}"	0	2.128760574418409e-15	1	2.128760574418409e-15	1		comp_p
production	sub-108	02	act	3	"{""3"": 1.0}"	0	1.4679803132716896e-15	1	1.4679803132716896e-15	1		in
production	sub-108	02	act	4	"{""4"": 1.0}"	0	1.3898353615969432e-15	1	1.3898353615969432e-15	1		in_p
production	sub-108	02	act	5	"{""5"": 1.0}"	0	1.5684775835259507e-15	1	1.5684775835259507e-15	1		out
production	sub-108	02	act	6	"{""6"": 1.0}"	0	1.299488547763745e-15	1	1.299488547763745e-15	1		out_p
production	sub-108	02	act	7	"{""4"": 1.0, ""6"": -1.0}"	0	1.4119553334186506e-15	1	1.4119553334186506e-15	1		in_p-out_p
production	sub-108	02	act	8	"{""2"": -2.0, ""4"": 1.0, ""6"": 1.0}"	0	1.7967680052791575e-15	1	1.7967680052791575e-15	1		soc_p-nonsoc_p
production	sub-108	02	act	9	"{""3"": 1.0, ""5"": -1.0}"	0	1.4898572541886002e-15	1	1.4898572541886002e-15	1		in-out
production	sub-108	02	act	10	"{""1"": -2.0, ""3"": 1.0, ""5"": 1.0}"	0	1.7343406711546577e-15	1	1.7343406711546577e-15	1		soc-nonsoc
production	sub-108	02	nppi-dmn	1	"{""11"": 1.0}"	0	1.7530749617182323e-15	1	1.7530749617182323e-15	1		comp
production	sub-108	02	nppi-dmn	2	"{""12"": 1.0}"	0	1.5042571888305384e-15	1	1.5042571888305384e-15	1		comp_p
production	sub-108	02	nppi-dmn	3	"{""13"": 1.0}"	0	1.883922608342567e-15	1	1.883922608342567e-15	1		in
production	sub-108	02	nppi-dmn	4	"{""14"": 1.0}"	0	1.7587483512705184e-15	1	1.7587483512705184e-15	1		in_p
production	sub-108	02	nppi-dmn	5	"{""15"": 1.0}"	0	1.8734419208516897e-15	1	1.8734419208516897e-15	1		out
production	sub-108	02	nppi-dmn	6	"{""16"": 1.0}"	0	1.6693646176022761e-15	1	1.6693646176022761e-15	1		out_p
production	sub-108	02	nppi-dmn	7	"{""14"": 1.0, ""16"": -1.0}"	0	1.7722271660197111e-15	1	1.7722271660197111e-15	1		in_p-out_p
production	sub-108	02	nppi-dmn	8	"{""12"": -2.0, ""14"": 1.0, ""16"": 1.0}"	0	1.7189432409099947e-15	1	1.7189432409099947e-15	1		soc_p-nonsoc_p
production	sub-108	02	nppi-dmn	9	"{""13"": 1.0, ""15"": -1.0}"	0	1.6149983067866967e-15	1	1.6149983067866967e-15	1		in-out
production	sub-108	02	nppi-dmn	10	"{""11"": -2.0, ""13"": 1.0, ""15"": 1.0}"	0	1.802001022932901e-15	1	1.802001022932901e-15	1		soc-nonsoc
production	sub-108	02	nppi-dmn	11	"{""10"": 1.0}"	0	2.6860634249375466e-15	1	2.6860634249375466e-15	1		phys
production	sub-108	02	nppi-ecn	1	"{""11"": 1.0}"	0	1.9421565158132464e-15	1	1.9421565158132464e-15	1		comp
production	sub-108	02	nppi-ecn	2	"{""12"": 1.0}"	0	1.3852938638284932e-15	1	1.3852938638284932e-15	1		comp_p
production	sub-108	02	nppi-ecn	3	"{""13"": 1.0}"	0	2.0782105340472428e-15	1	2.0782105340472428e-15	1		in
production	sub-108	02	nppi-ecn	4	"{""14"": 1.0}"	0	1.8758657794667606e-15	1	1.8758657794667606e-15	1		in_p
production	sub-108	02	nppi-ecn	5	"{""15"": 1.0}"	0	1.55963928259148e-15	1	1.55963928259148e-15	1		out
production	sub-108	02	nppi-ecn	6	"{""16"": 1.0}"	0	1.4450154261891285e-15	1	1.4450154261891285e-15	1		out_p
production	sub-108	02	nppi-ecn	7	"{""14"": 1.0, ""16"": -1.0}"	0	1.887688665612227e-15	1	1.887688665612227e-15	1		in_p-out_p
production	sub-108	02	nppi-ecn	8	"{""12"": -2.0, ""14"": 1.0, ""16"": 1.0}"	0	1.2942003293134752e-15	1	1.2942003293134752e-15	1		soc_p-nonsoc_p
production	sub-108	02	nppi-ecn	9	"{""13"": 1.0, ""15"": -1.0}"	0	1.8235383330159655e-15	1	1.8235383330159655e-15	1		in-out
production	sub-108	02	nppi-ecn	10	"{""11"": -2.0, ""13"": 1.0, ""15"": 1.0}"	0	1.2108704466749947e-15	1	1.2108704466749947e-15	1		soc-nonsoc
production	sub-108	02	nppi-ecn	11	"{""10"": 1.0}"	0	2.6502452395844246e-15	1	2.6502452395844246e-15	1		phys
production	sub-109	01	act	1	"{""1"": 1.0}"	0	1.3075544475950363e-15	1	1.3075544475950363e-15	1		comp
production	sub-109	01	act	2	"{""2"": 1.0}"	0	1.290630543598504e-15	1	1.290630543598504e-15	1		comp_p
production	sub-109	01	act	3	"{""3"": 1.0}"	0	1.464007007665021e-15	1	1.464007007665021e-15	1		in
production	sub-109	01	act	4	"{""4"": 1.0}"	0	9.574131376726108e-16	1	9.574131376726108e-16	1		in_p
production	sub-109	01	act	5	"{""5"": 1.0}"	0	8.98945839162411e-16	1	8.98945839162411e-16	1		out
production	sub-109	01	act	6	"{""6"": 1.0}"	0	1.455613256811671e-15	1	1.455613256811671e-15	1		out_p
production	sub-109	01	act	7	"{""4"": 1.0, ""6"": -1.0}"	0	1.1068688140235643e-15	1	1.1068688140235643e-15	1		in_p-out_p
production	sub-109	01	act	8	"{""2"": -2.0, ""4"": 1.0, ""6"": 1.0}"	0	1.3781711218634702e-15	1	1.3781711218634702e-15	1		soc_p-nonsoc_p
production	sub-109	01	act	9	"{""3"": 1.0, ""5"": -1.0}"	0	1.5640907493976826e-15	1	1.5640907493976826e-15	1		in-out
production	sub-109	01	act	10	"{""1"": -2.0, ""3"": 1.0, ""5"": 1.0}"	0	1.1236006485956819e-15	1	1.1236006485956819e-15	1		soc-nonsoc
production	sub-109	01	nppi-dmn	1	"{""11"": 1.0}"	0	1.9990188437695167e-15	1	1.9990188437695167e-15	1		comp
production	sub-109	01	nppi-dmn	2	"{""12"": 1.0}"	0	1.5415968511641617e-15	1	1.5415968511641617e-15	1		comp_p
production	sub-109	01	nppi-dmn	3	"{""13"": 1.0}"	0	1.2861511409969466e-15	1	1.2861511409969466e-15	1		in
production	sub-109	01	nppi-dmn	4	"{""14"": 1.0}"	0	1.5120541329137785e-15	1	1.5120541329137785e-15	1		in_p
production	sub-109	01	nppi-dmn	5	"{""15"": 1.0}"	0	1.6168336932854694e-15	1	1.6168336932854694e-15	1		out
production	sub-109	01	nppi-dmn	6	"{""16"": 1.0}"	0	1.882507021488783e-15	1	1.882507021488783e-15	1		out_p
production	sub-109	01	nppi-dmn	7	"{""14"": 1.0, ""16"": -1.0}"	0	1.7016286538254625e-15	1	1.7016286538254625e-15	1		in_p-out_p
production	sub-109	01	nppi-dmn	8	"{""12"": -2.0, ""14"": 1.0, ""16"": 1.0}"	0	1.4475338556384429e-15	1	1.4475338556384429e-15	1		soc_p-nonsoc_p
production	sub-109	01	nppi-dmn	9	"{""13"": 1.0, ""15"": -1.0}"	0	1.4515069602317357e-15	1	1.4515069602317357e-15	1		in-out
production	sub-109	01	nppi-dmn	10	"{""11"": -2.0, ""13"": 1.0, ""15"": 1.0}"	0	2.0680511760024485e-15	1	2.0680511760024485e-15	1		soc-nonsoc
production	sub-109	01	nppi-dmn	11	"{""10"": 1.0}"	0	1.5668622417674146e-15	1	1.5668622417674146e-15	1		phys
production	sub-109	01	nppi-ecn	1	"{""11"": 1.0}"	0	1.4413068503875113e-15	1	1.4413068503875113e-15	1		comp
production	sub-109	01	nppi-ecn	2	"{""12"": 1.0}"	0	1.5172342944258471e-15	1	1.5172342944258471e-15	1		comp_p
production	sub-109	01	nppi-ecn	3	"{""13"": 1.0}"	0	1.5232627234391057e-15	1	1.5232627234391057e-15	1		in
production	sub-109	01	nppi-ecn	4	"{""14"": 1.0}"	0	1.6581330472139522e-15	1	1.6581330472139522e-15	1		in_p
production	sub-109	01	nppi-ecn	5	"{""15"": 1.0}"	0	1.6041461593005274e-15	1	1.6041461593005274e-15	1		out
production	sub-109	01	nppi-ecn	6	"{""16"": 1.0}"	0	1.4833287760404876e-15	1	1.4833287760404876e-15	1		out_p
production	sub-109	01	nppi-ecn	7	"{""14"": 1.0, ""16"": -1.0}"	0	1.6002550827545406e-15	1	1.6002550827545406e-15	1		in_p-out_p
production	sub-109	01	nppi-ecn	8	"{""12"": -2.0, ""14"": 1.0, ""16"": 1.0}"	0	1.3147719779128148e-15	1	1.3147719779128148e-15	1		soc_p-nonsoc_p
production	sub-109	01	nppi-ecn	9	"{""13"": 1.0, ""15"": -1.0}"	0	1.5435537997261281e-15	1	1.5435537997261281e-15	1		in-out
production	sub-109	01	nppi-ecn	10	"{""11"": -2.0, ""13"": 1.0, ""15"": 1.0}"	0	1.372483510610106e-15	1	1.372483510610106e-15	1		soc-nonsoc
production	sub-109	01	nppi-ecn	11	"{""10"": 1.0}"	0	1.5797196876824858e-15	1	1.5797196876824858e-15	1		phys
production	sub-109	02	act	1	"{""1"": 1.0}"	0	8.91007829287762e-16	1	8.91007829287762e-16	1		comp
production	sub-109	02	act	2	"{""2"": 1.0}"	0	1.052029425930829e-15	1	1.052029425930829e-15	1		comp_p
production	sub-109	02	act	3	"{""3"": 1.0}"	0	1.0926075046757487e-15	1	1.0926075046757487e-15	1		in
production	sub-109	02	act	4	"{""4"": 1.0}"	0	1.1029755995052983e-15	1	1.1029755995052983e-15	1		in_p
production	sub-109	02	act	5	"{""5"": 1.0}"	0	1.1035822633038616e-15	1	1.1035822633038616e-15	1		out
production	sub-109	02	act	6	"{""6"": 1.0}"	0	8.515277908995365e-16	1	8.515277908995365e-16	1		out_p
production	sub-109	02	act	7	"{""4"": 1.0, ""6"": -1.0}"	0	8.508346044046042e-16	1	8.508346044046042e-16	1		in_p-out_p
production	sub-109	02	act	8	"{""2"": -2.0, ""4"": 1.0, ""6"": 1.0}"	0	1.0615826912438336e-15	1	1.0615826912438336e-15	1		soc_p-nonsoc_p
production	sub-109	02	act	9	"{""3"": 1.0, ""5"": -1.0}"	0	1.2022677952677951e-15	1	1.2022677952677951e-15	1		in-out
production	sub-109	02	act	10	"{""1"": -2.0, ""3"": 1.0, ""5"": 1.0}"	0	1.0763704001696013e-15	1	1.0763704001696013e-15	1		soc-nonsoc
production	sub-109	02	nppi-dmn	1	"{""11"": 1.0}"	0	1.2103139938840762e-15	1	1.2103139938840762e-15	1		comp
production	sub-109	02	nppi-dmn	2	"{""12"": 1.0}"	0	1.5927806455829346e-15	1	1.5927806455829346e-15	1		comp_p
production	sub-109	02	nppi-dmn	3	"{""13"": 1.0}"	0	1.744500826138475e-15	1	1.744500826138475e-15	1		in
production	sub-109	02	nppi-dmn	4	"{""14"": 1.0}"	0	1.2651884477258852e-15	1	1.2651884477258852e-15	1		in_p
production	sub-109	02	nppi-dmn	5	"{""15"": 1.0}"	0	1.831238060585602e-15	1	1.831238060585602e-15	1		out
production	sub-109	02	nppi-dmn	6	"{""16"": 1.0}"	0	1.538909510542282e-15	1	1.538909510542282e-15	1		out_p
production	sub-109	02	nppi-dmn	7	"{""14"": 1.0, ""16"": -1.0}"	0	1.294269959853487e-15	1	1.294269959853487e-15	1		in_p-out_p
production	sub-109	02	nppi-dmn	8	"{""12"": -2.0, ""14"": 1.0, ""16"": 1.0}"	0	1.5163922847710713e-15	1	1.5163922847710713e-15	1		soc_p-nonsoc_p
production	sub-109	02	nppi-dmn	9	"{""13"": 1.0, ""15"": -1.0}"	0	1.761636746434623e-15	1	1.761636746434623e-15	1		in-out
production	sub-109	02	nppi-dmn	10	"{""11"": -2.0, ""13"": 1.0, ""15"": 1.0}"	0	1.5316670225918842e-15	1	1.5316670225918842e-15	1		soc-nonsoc
production	sub-109	02	nppi-dmn	11	"{""10"": 1.0}"	0	1.7641974715186253e-15	1	1.7641974715186253e-15	1		phys
production	sub-109	02	nppi-ecn	1	"{""11"": 1.0}"	0	1.550698854143394e-15	1	1.550698854143394e-15	1		comp
production	sub-109	02	nppi-ecn	2	"{""12"": 1.0}"	0	1.389389505756177e-15	1	1.389389505756177e-15	1		comp_p
production	sub-109	02	nppi-ecn	3	"{""13"": 1.0}"	0	1.435062620722765e-15	1	1.435062620722765e-15	1		in
production	sub-109	02	nppi-ecn	4	"{""14"": 1.0}"	0	1.9116218839177406e-15	1	1.9116218839177406e-15	1		in_p
production	sub-109	02	nppi-ecn	5	"{""15"": 1.0}"	0	1.3509206679913639e-15	1	1.3509206679913639e-15	1		out
production	sub-109	02	nppi-ecn	6	"{""16"": 1.0}"	0	1.3270241093898175e-15	1	1.3270241093898175e-15	1		out_p
production	sub-109	02	nppi-ecn	7	"{""14"": 1.0, ""16"": -1.0}"	0	1.5135840882102995e-15	1	1.5135840882102995e-15	1		in_p-out_p
production	sub-109	02	nppi-ecn	8	"{""12"": -2.0, ""14"": 1.0, ""16"": 1.0}"	0	1.3150240121248533e-15	1	1.3150240121248533e-15	1		soc_p-nonsoc_p
production	sub-109	02	nppi-ecn	9	"{""13"": 1.0, ""15"": -1.0}"	0	1.3215253748008732e-15	1	1.3215253748008732e-15	1		in-out
production	sub-109	02	nppi-ecn	10	"{""11"": -2.0, ""13"": 1.0, ""15"": 1.0}"	0	1.6331007949767188e-15	1	1.6331007949767188e-15	1		soc-nonsoc
production	sub-109	02	nppi-ecn	11	"{""10"": 1.0}"	0	1.7315856309219074e-15	1	1.7315856309219074e-15	1		phys
production	sub-110	01	act	1	"{""1"": 1.0}"	0	2.213055813047648e-15	1	2.213055813047648e-15	1		comp
production	sub-110	01	act	2	"{""2"": 1.0}"	0	1.0170183213761756e-15	1	1.0170183213761756e-15	1		comp_p
production	sub-110	01	act	3	"{""3"": 1.0}"	0	1.1346498851502816e-15	1	1.1346498851502816e-15	1		in
production	sub-110	01	act	4	"{""4"": 1.0}"	0	1.4210393042660744e-15	1	1.4210393042660744e-15	1		in_p
production	sub-110	01	act	5	"{""5"": 1.0}"	0	1.1434795077975896e-15	1	1.1434795077975896e-15	1		out
production	sub-110	01	act	6	"{""6"": 1.0}"	0	1.3043547204987342e-15	1	1.3043547204987342e-15	1		out_p
production	sub-110	01	act	7	"{""4"": 1.0, ""6"": -1.0}"	0	1.0651142636730577e-15	1	1.0651142636730577e-15	1		in_p-out_p
production	sub-110	01	act	8	"{""2"": -2.0, ""4"": 1.0, ""6"": 1.0}"	0	1.1460597077331608e-15	1	1.1460597077331608e-15	1		soc_p-nonsoc_p
production	sub-110	01	act	9	"{""3"": 1.0, ""5"": -1.0}"	0	1.3861046033238727e-15	1	1.3861046033238727e-15	1		in-out
production	sub-110	01	act	10	"{""1"": -2.0, ""3"": 1.0, ""5"": 1.0}"	0	2.0745988637989834e-15	1	2.0745988637989834e-15	1		soc-nonsoc
production	sub-110	01	nppi-dmn	1	"{""11"": 1.0}"	0	1.7617502885218467e-15	1	1.7617502885218467e-15	1		comp
production	sub-110	01	nppi-dmn	2	"{""12"": 1.0}"	0	2.2804137261163664e-15	1	2.2804137261163664e-15	1		comp_p
production	sub-110	01	nppi-dmn	3	"{""13"": 1.0}"	0	1.8267757324308355e-15	1	1.8267757324308355e-15	1		in
production	sub-110	01	nppi-dmn	4	"{""14"": 1.0}"	0	2.2201043407680156e-15	1	2.2201043407680156e-15	1		in_p
production	sub-110	01	nppi-dmn	5	"{""15"": 1.0}"	0	2.1560812158666737e-15	1	2.1560812158666737e-15	1		out
production	sub-110	01	nppi-dmn	6	"{""16"": 1.0}"	0	1.638583351871173e-15	1	1.638583351871173e-15	1		out_p
production	sub-110	01	nppi-dmn	7	"{""14"": 1.0, ""16"": -1.0}"	0	2.017567468231204e-15	1	2.017567468231204e-15	1		in_p-out_p
production	sub-110	01	nppi-dmn	8	"{""12"": -2.0, ""14"": 1.0, ""16"": 1.0}"	0	2.074529446605615e-15	1	2.074529446605615e-15	1		soc_p-nonsoc_p
production	sub-110	01	nppi-dmn	9	"{""13"": 1.0, ""15"": -1.0}"	0	2.1822964537161658e-15	1	2.1822964537161658e-15	1		in-out
production	sub-110	01	nppi-dmn	10	"{""11"": -2.0, ""13"": 1.0, ""15"": 1.0}"	0	2.0393560325412894e-15	1	2.0393560325412894e-15	1		soc-nonsoc
production	sub-110	01	nppi-dmn	11	"{""10"": 1.0}"	0	2.564085089478416e-14	1	2.564085089478416e-14	1		phys
production	sub-110	01	nppi-ecn	1	"{""11"": 1.0}"	0	3.3316024708083496e-15	1	3.3316024708083496e-15	1		comp
production	sub-110	01	nppi-ecn	2	"{""12"": 1.0}"	0	2.287580607365463e-15	1	2.287580607365463e-15	1		comp_p
production	sub-110	01	nppi-ecn	3	"{""13"": 1.0}"	0	2.9222719742242856e-15	1	2.9222719742242856e-15	1		in
production	sub-110	01	nppi-ecn	4	"{""14"": 1.0}"	0	2.4130608196683168e-15	1	2.4130608196683168e-15	1		in_p
production	sub-110	01	nppi-ecn	5	"{""15"": 1.0}"	0	1.9743967624416264e-15	1	1.9743967624416264e-15	1		out
production	sub-110	01	nppi-ecn	6	"{""16"": 1.0}"	0	1.916657948042853e-15	1	1.916657948042853e-15	1		out_p
production	sub-110	01	nppi-ecn	7	"{""14"": 1.0, ""16"": -1.0}"	0	2.4619457494722967e-15	1	2.4619457494722967e-15	1		in_p-out_p
production	sub-110	01	nppi-ecn	8	"{""12"": -2.0, ""14"": 1.0, ""16"": 1.0}"	0	2.4656804714187432e-15	1	2.4656804714187432e-15	1		soc_p-nonsoc_p
production	sub-110	01	nppi-ecn	9	"{""13"": 1.0, ""15"": -1.0}"	0	2.4117198096446187e-15	1	2.4117198096446187e-15	1		in-out
production	sub-110	01	nppi-ecn	10	"{""11"": -2.0, ""13"": 1.0, ""15"": 1.0}"	0	2.9743863837514695e-15	1	2.9743863837514695e-15	1		soc-nonsoc
production	sub-110	01	nppi-ecn	11	"{""10"": 1.0}"	0	2.091790839165634e-14	1	2.091790839165634e-14	1		phys
production	sub-110	02	act	1	"{""1"": 1.0}"	0	5.437156108743014e-16	1	5.437156108743014e-16	1		comp
production	sub-110	02	act	2	"{""2"": 1.0}"	0	1.41006633002319e-15	1	1.41006633002319e-15	1		comp_p
production	sub-110	02	act	3	"{""3"": 1.0}"	0	9.76488913796957e-16	1	9.76488913796957e-16	1		in
production	sub-110	02	act	4	"{""4"": 1.0}"	0	1.3233357328265114e-15	1	1.3233357328265114e-15	1		in_p
production	sub-110	02	act	5	"{""5"": 1.0}"	0	9.883901047782789e-16	1	9.883901047782789e-16	1		out
production	sub-110	02	act	6	"{""6"": 1.0}"	0	1.052022507268966e-15	1	1.052022507268966e-15	1		out_p
production	sub-110	02	act	7	"{""4"": 1.0, ""6"": -1.0}"	0	1.0554214754166304e-15	1	1.0554214754166304e-15	1		in_p-out_p
production	sub-110	02	act	8	"{""2"": -2.0, ""4"": 1.0, ""6"": 1.0}"	0	1.1970666987853273e-15	1	1.1970666987853273e-15	1		soc_p-nonsoc_p
production	sub-110	02	act	9	"{""3"": 1.0, ""5"": -1.0}"	0	8.764392442165052e-16	1	8.764392442165052e-16	1		in-out
production	sub-110	02	act	10	"{""1"": -2.0, ""3"": 1.0, ""5"": 1.0}"	0	8.272925061696466e-16	1	8.272925061696466e-16	1		soc-nonsoc
production	sub-110	02	nppi-dmn	1	"{""11"": 1.0}"	0	1.7336095136352526e-15	1	1.7336095136352526e-15	1		comp
production	sub-110	02	nppi-dmn	2	"{""12"": 1.0}"	0	2.2562602043683193e-15	1	2.2562602043683193e-15	1		comp_p
production	sub-110	02	nppi-dmn	3	"{""13"": 1.0}"	0	1.961227173834674e-15	1	1.961227173834674e-15	1		in
production	sub-110	02	nppi-dmn	4	"{""14"": 1.0}"	0	1.8985091919893245e-15	1	1.8985091919893245e-15	1		in_p
production	sub-110	02	nppi-dmn	5	"{""15"": 1.0}"	0	2.1526759799422767e-15	1	2.1526759799422767e-15	1		out
production	sub-110	02	nppi-dmn	6	"{""16"": 1.0}"	0	1.5805420049945692e-15	1	1.5805420049945692e-15	1		out_p
production	sub-110	02	nppi-dmn	7	"{""14"": 1.0, ""16"": -1.0}"	0	1.5182319534546227e-15	1	1.5182319534546227e-15	1		in_p-out_p
production	sub-110	02	nppi-dmn	8	"{""12"": -2.0, ""14"": 1.0, ""16"": 1.0}"	0	2.0861346425317936e-15	1	2.0861346425317936e-15	1		soc_p-nonsoc_p
production	sub-110	02	nppi-dmn	9	"{""13"": 1.0, ""15"": -1.0}"	0	1.5621777969691983e-15	1	1.5621777969691983e-15	1		in-out
production	sub-110	02	nppi-dmn	10	"{""11"": -2.0, ""13"": 1.0, ""15"": 1.0}"	0	2.0936281250214223e-15	1	2.0936281250214223e-15	1		soc-nonsoc
production	sub-110	02	nppi-dmn	11	"{""10"": 1.0}"	0	2.531511776852732e-15	1	2.531511776852732e-15	1		phys
production	sub-110	02	nppi-ecn	1	"{""11"": 1.0}"	0	4.5579824668908526e-15	1	4.5579824668908526e-15	1		comp
production	sub-110	02	nppi-ecn	2	"{""12"": 1.0}"	0	1.6159333843985425e-15	1	1.6159333843985425e-15	1		comp_p
production	sub-110	02	nppi-ecn	3	"{""13"": 1.0}"	0	5.6157056662586014e-15	1	5.6157056662586014e-15	1		in
production	sub-110	02	nppi-ecn	4	"{""14"": 1.0}"	0	5.6120892472750955e-15	1	5.6120892472750955e-15	1		in_p
production	sub-110	02	nppi-ecn	5	"{""15"": 1.0}"	0	2.9015614732481564e-15	1	2.9015614732481564e-15	1		out
production	sub-110	02	nppi-ecn	6	"{""16"": 1.0}"	0	7.467551651480704e-15	1	7.467551651480704e-15	1		out_p
production	sub-110	02	nppi-ecn	7	"{""14"": 1.0, ""16"": -1.0}"	0	9.174288099173748e-15	1	9.174288099173748e-15	1		in_p-out_p
production	sub-110	02	nppi-ecn	8	"{""12"": -2.0, ""14"": 1.0, ""16"": 1.0}"	0	1.610374340817652e-15	1	1.610374340817652e-15	1		soc_p-nonsoc_p
production	sub-110	02	nppi-ecn	9	"{""13"": 1.0, ""15"": -1.0}"	0	5.878866941610393e-15	1	5.878866941610393e-15	1		in-out
production	sub-110	02	nppi-ecn	10	"{""11"": -2.0, ""13"": 1.0, ""15"": 1.0}"	0	2.308242628539234e-15	1	2.308242628539234e-15	1		soc-nonsoc
production	sub-110	02	nppi-ecn	11	"{""10"": 1.0}"	0	9.200375242458957e-15	1	9.200375242458957e-15	1		phys
production	sub-111	01	act	1	"{""1"": 1.0}"	0	7.418644350655575e-16	1	7.418644350655575e-16	1		comp
production	sub-111	01	act	2	"{""2"": 1.0}"	0	9.431808216323717e-16	1	9.431808216323717e-16	1		comp_p
production	sub-111	01	act	3	"{""3"": 1.0}"	0	1.098624940097962e-15	1	1.098624940097962e-15	1		in
production	sub-111	01	act	4	"{""4"": 1.0}"	0	1.062195326424796e-15	1	1.062195326424796e-15	1		in_p
production	sub-111	01	act	5	"{""5"": 1.0}"	0	1.3120713824590938e-15	1	1.3120713824590938e-15	1		out
production	sub-111	01	act	6	"{""6"": 1.0}"	0	1.184902972423983e-15	1	1.184902972423983e-15	1		out_p
production	sub-111	01	act	7	"{""4"": 1.0, ""6"": -1.0}"	0	8.44668592885608e-16	1	8.44668592885608e-16	1		in_p-out_p
production	sub-111	01	act	8	"{""2"": -2.0, ""4"": 1.0, ""6"": 1.0}"	0	1.183772543092665e-15	1	1.183772543092665e-15	1		soc_p-nonsoc_p
production	sub-111	01	act	9	"{""3"": 1.0, ""5"": -1.0}"	0	1.4204906217969682e-15	1	1.4204906217969682e-15	1		in-out
production	sub-111	01	act	10	"{""1"": -2.0, ""3"": 1.0, ""5"": 1.0}"	0	7.619503743953555e-16	1	7.619503743953555e-16	1		soc-nonsoc
production	sub-111	01	nppi-dmn	1	"{""11"": 1.0}"	0	1.3727543885721634e-15	1	1.3727543885721634e-15	1		comp
production	sub-111	01	nppi-dmn	2	"{""12"": 1.0}"	0	1.5752015152180971e-15	1	1.5752015152180971e-15	1		comp_p
production	sub-111	01	nppi-dmn	3	"{""13"": 1.0}"	0	1.629488425080889e-15	1	1.629488425080889e-15	1		in
production	sub-111	01	nppi-dmn	4	"{""14"": 1.0}"	0	1.2754469689681153e-15	1	1.2754469689681153e-15	1		in_p
production	sub-111	01	nppi-dmn	5	"{""15"": 1.0}"	0	1.5559556436927523e-15	1	1.5559556436927523e-15	1		out
production	sub-111	01	nppi-dmn	6	"{""16"": 1.0}"	0	1.885451014208858e-15	1	1.885451014208858e-15	1		out_p
production	sub-111	01	nppi-dmn	7	"{""14"": 1.0, ""16"": -1.0}"	0	1.5137483916179094e-15	1	1.5137483916179094e-15	1		in_p-out_p
production	sub-111	01	nppi-dmn	8	"{""12"": -2.0, ""14"": 1.0, ""16"": 1.0}"	0	1.5461506191041827e-15	1	1.5461506191041827e-15	1		soc_p-nonsoc_p
production	sub-111	01	nppi-dmn	9	"{""13"": 1.0, ""15"": -1.0}"	0	1.36075359476135e-15	1	1.36075359476135e-15	1		in-out
production	sub-111	01	nppi-dmn	10	"{""11"": -2.0, ""13"": 1.0, ""15"": 1.0}"	0	1.4275195775806676e-15	1	1.4275195775806676e-15	1		soc-nonsoc
production	sub-111	01	nppi-dmn	11	"{""10"": 1.0}"	0	1.2230269905750516e-15	1	1.2230269905750516e-15	1		phys
production	sub-111	01	nppi-ecn	1	"{""11"": 1.0}"	0	1.9842283492693935e-15	1	1.9842283492693935e-15	1		comp
production	sub-111	01	nppi-ecn	2	"{""12"": 1.0}"	0	1.6482003741506025e-15	1	1.6482003741506025e-15	1		comp_p
production	sub-111	01	nppi-ecn	3	"{""13"": 1.0}"	0	2.048677719614734e-15	1	2.048677719614734e-15	1		in
production	sub-111	01	nppi-ecn	4	"{""14"": 1.0}"	0	2.6569202652053686e-15	1	2.6569202652053686e-15	1		in_p
production	sub-111	01	nppi-ecn	5	"{""15"": 1.0}"	0	2.155155106724966e-15	1	2.155155106724966e-15	1		out
production	sub-111	01	nppi-ecn	6	"{""16"": 1.0}"	0	2.046066665827007e-15	1	2.046066665827007e-15	1		out_p
production	sub-111	01	nppi-ecn	7	"{""14"": 1.0, ""16"": -1.0}"	0	2.53504951190293e-15	1	2.53504951190293e-15	1		in_p-out_p
production	sub-111	01	nppi-ecn	8	"{""12"": -2.0, ""14"": 1.0, ""16"": 1.0}"	0	2.0768884985404626e-15	1	2.0768884985404626e-15	1		soc_p-nonsoc_p
production	sub-111	01	nppi-ecn	9	"{""13"": 1.0, ""15"": -1.0}"	0	2.357091044908007e-15	1	2.357091044908007e-15	1		in-out
production	sub-111	01	nppi-ecn	10	"{""11"": -2.0, ""13"": 1.0, ""15"": 1.0}"	0	2.0675149193487096e-15	1	2.0675149193487096e-15	1		soc-nonsoc
production	sub-111	01	nppi-ecn	11	"{""10"": 1.0}"	0	1.6048480422687892e-15	1	1.6048480422687892e-15	1		phys
production	sub-111	02	act	1	"{""1"": 1.0}"	0	1.079763326147311e-15	1	1.079763326147311e-15	1		comp
production	sub-111	02	act	2	"{""2"": 1.0}"	0	1.3084896487945943e-15	1	1.3084896487945943e-15	1		comp_p
production	sub-111	02	act	3	"{""3"": 1.0}"	0	1.184287769347455e-15	1	1.184287769347455e-15	1		in
production	sub-111	02	act	4	"{""4"": 1.0}"	0	9.59308883534394e-16	1	9.59308883534394e-16	1		in_p
production	sub-111	02	act	5	"{""5"": 1.0}"	0	8.739748730421388e-16	1	8.739748730421388e-16	1		out
production	sub-111	02	act	6	"{""6"": 1.0}"	0	1.2993286724111896e-15	1	1.2993286724111896e-15	1		out_p
production	sub-111	02	act	7	"{""4"": 1.0, ""6"": -1.0}"	0	1.0020231622386767e-15	1	1.0020231622386767e-15	1		in_p-out_p
production	sub-111	02	act	8	"{""2"": -2.0, ""4"": 1.0, ""6"": 1.0}"	0	1.3579606642228467e-15	1	1.3579606642228467e-15	1		soc_p-nonsoc_p
production	sub-111	02	act	9	"{""3"": 1.0, ""5"": -1.0}"	0	1.3032936419249431e-15	1	1.3032936419249431e-15	1		in-out
production	sub-111	02	act	10	"{""1"": -2.0, ""3"": 1.0, ""5"": 1.0}"	0	1.125631456529204e-15	1	1.125631456529204e-15	1		soc-nonsoc
production	sub-111	02	nppi-dmn	1	"{""11"": 1.0}"	0	1.8641243470983755e-15	1	1.8641243470983755e-15	1		comp
production	sub-111	02	nppi-dmn	2	"{""12"": 1.0}"	0	1.869747055647099e-15	1	1.869747055647099e-15	1		comp_p
production	sub-111	02	nppi-dmn	3	"{""13"": 1.0}"	0	2.1124836595324777e-15	1	2.1124836595324777e-15	1		in
production	sub-111	02	nppi-dmn	4	"{""14"": 1.0}"	0	1.917277702290425e-15	1	1.917277702290425e-15	1		in_p
production	sub-111	02	nppi-dmn	5	"{""15"": 1.0}"	0	2.1953534695543084e-15	1	2.1953534695543084e-15	1		out
production	sub-111	02	nppi-dmn	6	"{""16"": 1.0}"	0	2.0694960287894477e-15	1	2.0694960287894477e-15	1		out_p
production	sub-111	02	nppi-dmn	7	"{""14"": 1.0, ""16"": -1.0}"	0	1.3945723547202175e-15	1	1.3945723547202175e-15	1		in_p-out_p
production	sub-111	02	nppi-dmn	8	"{""12"": -2.0, ""14"": 1.0, ""16"": 1.0}"	0	2.093365617323119e-15	1	2.093365617323119e-15	1		soc_p-nonsoc_p
production	sub-111	02	nppi-dmn	9	"{""13"": 1.0, ""15"": -1.0}"	0	1.5733707223624178e-15	1	1.5733707223624178e-15	1		in-out
production	sub-111	02	nppi-dmn	10	"{""11"": -2.0, ""13"": 1.0, ""15"": 1.0}"	0	1.9140180084866333e-15	1	1.9140180084866333e-15	1		soc-nonsoc
production	sub-111	02	nppi-dmn	11	"{""10"": 1.0}"	0	2.2314750934051822e-15	1	2.2314750934051822e-15	1		phys
production	sub-111	02	nppi-ecn	1	"{""11"": 1.0}"	0	1.4767198086635958e-15	1	1.4767198086635958e-15	1		comp
production	sub-111	02	nppi-ecn	2	"{""12"": 1.0}"	0	1.7676300738653045e-15	1	1.7676300738653045e-15	1		comp_p
production	sub-111	02	nppi-ecn	3	"{""13"": 1.0}"	0	1.78854839390163e-15	1	1.78854839390163e-15	1		in
production	sub-111	02	nppi-ecn	4	"{""14"": 1.0}"	0	1.83017085872375e-15	1	1.83017085872375e-15	1		in_p
production	sub-111	02	nppi-ecn	5	"{""15"": 1.0}"	0	1.5591776955069193e-15	1	1.5591776955069193e-15	1		out
production	sub-111	02	nppi-ecn	6	"{""16"": 1.0}"	0	1.3900544488295144e-15	1	1.3900544488295144e-15	1		out_p
production	sub-111	02	nppi-ecn	7	"{""14"": 1.0, ""16"": -1.0}"	0	1.4966496183895732e-15	1	1.4966496183895732e-15	1		in_p-out_p
production	sub-111	02	nppi-ecn	8	"{""12"": -2.0, ""14"": 1.0, ""16"": 1.0}"	0	1.867859414258128e-15	1	1.867859414258128e-15	1		soc_p-nonsoc_p
production	sub-111	02	nppi-ecn	9	"{""13"": 1.0, ""15"": -1.0}"	0	1.85811125445129e-15	1	1.85811125445129e-15	1		in-out
production	sub-111	02	nppi-ecn	10	"{""11"": -2.0, ""13"": 1.0, ""15"": 1.0}"	0	1.434701483474999e-15	1	1.434701483474999e-15	1		soc-nonsoc
production	sub-111	02	nppi-ecn	11	"{""10"": 1.0}"	0	1.754935946511672e-15	1	1.754935946511672e-15	1		phys
production	sub-112	01	act	1	"{""1"": 1.0}"	0	1.0259433966638384e-15	1	1.0259433966638384e-15	1		comp
production	sub-112	01	act	2	"{""2"": 1.0}"	0	1.3940452209654268e-15	1	1.3940452209654268e-15	1		comp_p
production	sub-112	01	act	3	"{""3"": 1.0}"	0	9.862736327429618e-16	1	9.862736327429618e-16	1		in
production	sub-112	01	act	4	"{""4"": 1.0}"	0	1.0307586792248208e-15	1	1.0307586792248208e-15	1		in_p
production	sub-112	01	act	5	"{""5"": 1.0}"	0	1.348576038556073e-15	1	1.348576038556073e-15	1		out
production	sub-112	01	act	6	"{""6"": 1.0}"	0	1.0984699698203619e-15	1	1.0984699698203619e-15	1		out_p
production	sub-112	01	act	7	"{""4"": 1.0, ""6"": -1.0}"	0	1.113765784386467e-15	1	1.113765784386467e-15	1		in_p-out_p
production	sub-112	01	act	8	"{""2"": -2.0, ""4"": 1.0, ""6"": 1.0}"	0	1.0780239036374556e-15	1	1.0780239036374556e-15	1		soc_p-nonsoc_p
production	sub-112	01	act	9	"{""3"": 1.0, ""5"": -1.0}"	0	9.37269021922003e-16	1	9.37269021922003e-16	1		in-out
production	sub-112	01	act	10	"{""1"": -2.0, ""3"": 1.0, ""5"": 1.0}"	0	1.1850528038355402e-15	1	1.1850528038355402e-15	1		soc-nonsoc
production	sub-112	01	nppi-dmn	1	"{""11"": 1.0}"	0	1.9954514137673676e-15	1	1.9954514137673676e-15	1		comp
production	sub-112	01	nppi-dmn	2	"{""12"": 1.0}"	0	1.5798103781943817e-15	1	1.5798103781943817e-15	1		comp_p
production	sub-112	01	nppi-dmn	3	"{""13"": 1.0}"	0	1.5806064067335817e-15	1	1.5806064067335817e-15	1		in
production	sub-112	01	nppi-dmn	4	"{""14"": 1.0}"	0	1.4576453227410564e-15	1	1.4576453227410564e-15	1		in_p
production	sub-112	01	nppi-dmn	5	"{""15"": 1.0}"	0	2.086164627896824e-15	1	2.086164627896824e-15	1		out
production	sub-112	01	nppi-dmn	6	"{""16"": 1.0}"	0	1.7342236921944347e-15	1	1.7342236921944347e-15	1		out_p
production	sub-112	01	nppi-dmn	7	"{""14"": 1.0, ""16"": -1.0}"	0	1.6550947918957954e-15	1	1.6550947918957954e-15	1		in_p-out_p
production	sub-112	01	nppi-dmn	8	"{""12"": -2.0, ""14"": 1.0, ""16"": 1.0}"	0	1.8058157014598323e-15	1	1.8058157014598323e-15	1		soc_p-nonsoc_p
production	sub-112	01	nppi-dmn	9	"{""13"": 1.0, ""15"": -1.0}"	0	1.9977805161049727e-15	1	1.9977805161049727e-15	1		in-out
production	sub-112	01	nppi-dmn	10	"{""11"": -2.0, ""13"": 1.0, ""15"": 1.0}"	0	1.8699204616494385e-15	1	1.8699204616494385e-15	1		soc-nonsoc
production	sub-112	01	nppi-dmn	11	"{""10"": 1.0}"	0	1.724597090848265e-15	1	1.724597090848265e-15	1		phys
production	sub-112	01	nppi-ecn	1	"{""11"": 1.0}"	0	1.3837063143779008e-15	1	1.3837063143779008e-15	1		comp
production	sub-112	01	nppi-ecn	2	"{""12"": 1.0}"	0	1.5877154902274196e-15	1	1.5877154902274196e-15	1		comp_p
production	sub-112	01	nppi-ecn	3	"{""13"": 1.0}"	0	1.6912685144430384e-15	1	1.6912685144430384e-15	1		in
production	sub-112	01	nppi-ecn	4	"{""14"": 1.0}"	0	1.8288523741487785e-15	1	1.8288523741487785e-15	1		in_p
production	sub-112	01	nppi-ecn	5	"{""15"": 1.0}"	0	1.5908835085627091e-15	1	1.5908835085627091e-15	1		out
production	sub-112	01	nppi-ecn	6	"{""16"": 1.0}"	0	2.0156603473829248e-15	1	2.0156603473829248e-15	1		out_p
production	sub-112	01	nppi-ecn	7	"{""14"": 1.0, ""16"": -1.0}"	0	2.1938277815847648e-15	1	2.1938277815847648e-15	1		in_p-out_p
production	sub-112	01	nppi-ecn	8	"{""12"": -2.0, ""14"": 1.0, ""16"": 1.0}"	0	1.6325802456515e-15	1	1.6325802456515e-15	1		soc_p-nonsoc_p
production	sub-112	01	nppi-ecn	9	"{""13"": 1.0, ""15"": -1.0}"	0	1.7116553013431374e-15	1	1.7116553013431374e-15	1		in-out
production	sub-112	01	nppi-ecn	10	"{""11"": -2.0, ""13"": 1.0, ""15"": 1.0}"	0	1.5424519617323584e-15	1	1.5424519617323584e-15	1		soc-nonsoc
production	sub-112	01	nppi-ecn	11	"{""10"": 1.0}"	0	1.3549916243900881e-15	1	1.3549916243900881e-15	1		phys
production	sub-112	02	act	1	"{""1"": 1.0}"	0	1.1092361942245323e-15	1	1.1092361942245323e-15	1		comp
production	sub-112	02	act	2	"{""2"": 1.0}"	0	1.3209431409803892e-15	1	1.3209431409803892e-15	1		comp_p
production	sub-112	02	act	3	"{""3"": 1.0}"	0	1.611223906132479e-15	1	1.611223906132479e-15	1		in
production	sub-112	02	act	4	"{""4"": 1.0}"	0	9.93861004059438e-16	1	9.93861004059438e-16	1		in_p
production	sub-112	02	act	5	"{""5"": 1.0}"	0	8.138937560094457e-16	1	8.138937560094457e-16	1		out
production	sub-112	02	act	6	"{""6"": 1.0}"	0	9.637757760361325e-16	1	9.637757760361325e-16	1		out_p
production	sub-112	02	act	7	"{""4"": 1.0, ""6"": -1.0}"	0	7.275589128112745e-16	1	7.275589128112745e-16	1		in_p-out_p
production	sub-112	02	act	8	"{""2"": -2.0, ""4"": 1.0, ""6"": 1.0}"	0	1.5327547747503275e-15	1	1.5327547747503275e-15	1		soc_p-nonsoc_p
production	sub-112	02	act	9	"{""3"": 1.0, ""5"": -1.0}"	0	1.2007792815616033e-15	1	1.2007792815616033e-15	1		in-out
production	sub-112	02	act	10	"{""1"": -2.0, ""3"": 1.0, ""5"": 1.0}"	0	1.31376932386586e-15	1	1.31376932386586e-15	1		soc-nonsoc
production	sub-112	02	nppi-dmn	1	"{""11"": 1.0}"	0	1.9650920804641675e-15	1	1.9650920804641675e-15	1		comp
production	sub-112	02	nppi-dmn	2	"{""12"": 1.0}"	0	1.4857800271679287e-15	1	1.4857800271679287e-15	1		comp_p
production	sub-112	02	nppi-dmn	3	"{""13"": 1.0}"	0	1.6263150527944462e-15	1	1.6263150527944462e-15	1		in
production	sub-112	02	nppi-dmn	4	"{""14"": 1.0}"	0	1.5418824123023672e-15	1	1.5418824123023672e-15	1		in_p
production	sub-112	02	nppi-dmn	5	"{""15"": 1.0}"	0	1.6658026404734588e-15	1	1.6658026404734588e-15	1		out
production	sub-112	02	nppi-dmn	6	"{""16"": 1.0}"	0	1.6722855549317878e-15	1	1.6722855549317878e-15	1		out_p
production	sub-112	02	nppi-dmn	7	"{""14"": 1.0, ""16"": -1.0}"	0	1.696689592358646e-15	1	1.696689592358646e-15	1		in_p-out_p
production	sub-112	02	nppi-dmn	8	"{""12"": -2.0, ""14"": 1.0, ""16"": 1.0}"	0	1.5346649368035136e-15	1	1.5346649368035136e-15	1		soc_p-nonsoc_p
production	sub-112	02	nppi-dmn	9	"{""13"": 1.0, ""15"": -1.0}"	0	1.462472434698995e-15	1	1.462472434698995e-15	1		in-out
production	sub-112	02	nppi-dmn	10	"{""11"": -2.0, ""13"": 1.0, ""15"": 1.0}"	0	2.0416762543381204e-15	1	2.0416762543381204e-15	1		soc-nonsoc
production	sub-112	02	nppi-dmn	11	"{""10"": 1.0}"	0	2.213884177368686e-15	1	2.213884177368686e-15	1		phys
production	sub-112	02	nppi-ecn	1	"{""11"": 1.0}"	0	1.6295334185799603e-15	1	1.6295334185799603e-15	1		comp
production	sub-112	02	nppi-ecn	2	"{""12"": 1.0}"	0	1.2849389644848655e-15	1	1.2849389644848655e-15	1		comp_p
production	sub-112	02	nppi-ecn	3	"{""13"": 1.0}"	0	1.6566158770148212e-15	1	1.6566158770148212e-15	1		in
production	sub-112	02	nppi-ecn	4	"{""14"": 1.0}"	0	1.1944270040159577e-15	1	1.1944270040159577e-15	1		in_p
production	sub-112	02	nppi-ecn	5	"{""15"": 1.0}"	0	1.7291826447492664e-15	1	1.7291826447492664e-15	1		out
production	sub-112	02	nppi-ecn	6	"{""16"": 1.0}"	0	1.482796523176946e-15	1	1.482796523176946e-15	1		out_p
production	sub-112	02	nppi-ecn	7	"{""14"": 1.0, ""16"": -1.0}"	0	1.484195877568333e-15	1	1.484195877568333e-15	1		in_p-out_p
production	sub-112	02	nppi-ecn	8	"{""12"": -2.0, ""14"": 1.0, ""16"": 1.0}"	0	1.1838915991772233e-15	1	1.1838915991772233e-15	1		soc_p-nonsoc_p
production	sub-112	02	nppi-ecn	9	"{""13"": 1.0, ""15"": -1.0}"	0	1.7757762520942907e-15	1	1.7757762520942907e-15	1		in-out
production	sub-112	02	nppi-ecn	10	"{""11"": -2.0, ""13"": 1.0, ""15"": 1.0}"	0	1.5614072691342488e-15	1	1.5614072691342488e-15	1		soc-nonsoc
production	sub-112	02	nppi-ecn	11	"{""10"": 1.0}"	0	1.4838162244341588e-15	1	1.4838162244341588e-15	1		phys
production	sub-113	01	act	1	"{""1"": 1.0}"	0	1.2911603140400143e-15	1	1.2911603140400143e-15	1		comp
production	sub-113	01	act	2	"{""2"": 1.0}"	0	1.3466958397219326e-15	1	1.3466958397219326e-15	1		comp_p
production	sub-113	01	act	3	"{""3"": 1.0}"	0	1.2766672331903312e-15	1	1.2766672331903312e-15	1		in
production	sub-113	01	act	4	"{""4"": 1.0}"	0	8.55180982345925e-16	1	8.55180982345925e-16	1		in_p
production	sub-113	01	act	5	"{""5"": 1.0}"	0	1.2224401497439933e-15	1	1.2224401497439933e-15	1		out
production	sub-113	01	act	6	"{""6"": 1.0}"	0	1.1389015047990473e-15	1	1.1389015047990473e-15	1		out_p
production	sub-113	01	act	7	"{""4"": 1.0, ""6"": -1.0}"	0	1.2114980460668309e-15	1	1.2114980460668309e-15	1		in_p-out_p
production	sub-113	01	act	8	"{""2"": -2.0, ""4"": 1.0, ""6"": 1.0}"	0	1.0640104036687781e-15	1	1.0640104036687781e-15	1		soc_p-nonsoc_p
production	sub-113	01	act	9	"{""3"": 1.0, ""5"": -1.0}"	0	1.1126685332126848e-15	1	1.1126685332126848e-15	1		in-out
production	sub-113	01	act	10	"{""1"": -2.0, ""3"": 1.0, ""5"": 1.0}"	0	1.2957926259841523e-15	1	1.2957926259841523e-15	1		soc-nonsoc
production	sub-113	01	nppi-dmn	1	"{""11"": 1.0}"	0	1.5807425765767056e-15	1	1.5807425765767056e-15	1		comp
production	sub-113	01	nppi-dmn	2	"{""12"": 1.0}"	0	1.5124989023443345e-15	1	1.5124989023443345e-15	1		comp_p
production	sub-113	01	nppi-dmn	3	"{""13"": 1.0}"	0	1.9273972261745234e-15	1	1.9273972261745234e-15	1		in
production	sub-113	01	nppi-dmn	4	"{""14"": 1.0}"	0	1.4516443223931627e-15	1	1.4516443223931627e-15	1		in_p
production	sub-113	01	nppi-dmn	5	"{""15"": 1.0}"	0	1.630490903932489e-15	1	1.630490903932489e-15	1		out
production	sub-113	01	nppi-dmn	6	"{""16"": 1.0}"	0	1.4561479039672454e-15	1	1.4561479039672454e-15	1		out_p
production	sub-113	01	nppi-dmn	7	"{""14"": 1.0, ""16"": -1.0}"	0	1.3860323334761072e-15	1	1.3860323334761072e-15	1		in_p-out_p
production	sub-113	01	nppi-dmn	8	"{""12"": -2.0, ""14"": 1.0, ""16"": 1.0}"	0	1.5723606484724364e-15	1	1.5723606484724364e-15	1		soc_p-nonsoc_p
production	sub-113	01	nppi-dmn	9	"{""13"": 1.0, ""15"": -1.0}"	0	1.8377849287756795e-15	1	1.8377849287756795e-15	1		in-out
production	sub-113	01	nppi-dmn	10	"{""11"": -2.0, ""13"": 1.0, ""15"": 1.0}"	0	1.4133933279445013e-15	1	1.4133933279445013e-15	1		soc-nonsoc
production	sub-113	01	nppi-dmn	11	"{""10"": 1.0}"	0	1.1540506821606906e-15	1	1.1540506821606906e-15	1		phys
production	sub-113	01	nppi-ecn	1	"{""11"": 1.0}"	0	1.9087707680867113e-15	1	1.9087707680867113e-15	1		comp
production	sub-113	01	nppi-ecn	2	"{""12"": 1.0}"	0	2.0368954640975747e-15	1	2.0368954640975747e-15	1		comp_p
production	sub-113	01	nppi-ecn	3	"{""13"": 1.0}"	0	1.5596841184383106e-15	1	1.5596841184383106e-15	1		in
production	sub-113	01	nppi-ecn	4	"{""14"": 1.0}"	0	1.426654023554181e-15	1	1.426654023554181e-15	1		in_p
production	sub-113	01	nppi-ecn	5	"{""15"": 1.0}"	0	1.8248505991905967e-15	1	1.8248505991905967e-15	1		out
production	sub-113	01	nppi-ecn	6	"{""16"": 1.0}"	0	1.804016185217905e-15	1	1.804016185217905e-15	1		out_p
production	sub-113	01	nppi-ecn	7	"{""14"": 1.0, ""16"": -1.0}"	0	1.4701838775408165e-15	1	1.4701838775408165e-15	1		in_p-out_p
production	sub-113	01	nppi-ecn	8	"{""12"": -2.0, ""14"": 1.0, ""16"": 1.0}"	0	1.947483866350206e-15	1	1.947483866350206e-15	1		soc_p-nonsoc_p
production	sub-113	01	nppi-ecn	9	"{""13"": 1.0, ""15"": -1.0}"	0	1.7515141317641188e-15	1	1.7515141317641188e-15	1		in-out
production	sub-113	01	nppi-ecn	10	"{""11"": -2.0, ""13"": 1.0, ""15"": 1.0}"	0	2.0073380051816348e-15	1	2.0073380051816348e-15	1		soc-nonsoc
production	sub-113	01	nppi-ecn	11	"{""10"": 1.0}"	0	1.6650888256128722e-15	1	1.6650888256128722e-15	1		phys
production	sub-113	02	act	1	"{""1"": 1.0}"	0	7.657719855488441e-16	1	7.657719855488441e-16	1		comp
production	sub-113	02	act	2	"{""2"": 1.0}"	0	9.359678076476398e-16	1	9.359678076476398e-16	1		comp_p
production	sub-113	02	act	3	"{""3"": 1.0}"	0	1.351615466689821e-15	1	1.351615466689821e-15	1		in
production	sub-113	02	act	4	"{""4"": 1.0}"	0	1.4827079693597192e-15	1	1.4827079693597192e-15	1		in_p
production	sub-113	02	act	5	"{""5"": 1.0}"	0	1.1892112428689158e-15	1	1.1892112428689158e-15	1		out
production	sub-113	02	act	6	"{""6"": 1.0}"	0	2.5186580347048786e-15	1	2.5186580347048786e-15	1		out_p
production	sub-113	02	act	7	"{""4"": 1.0, ""6"": -1.0}"	0	1.3405895795553055e-15	1	1.3405895795553055e-15	1		in_p-out_p
production	sub-113	02	act	8	"{""2"": -2.0, ""4"": 1.0, ""6"": 1.0}"	0	1.5252930472362333e-15	1	1.5252930472362333e-15	1		soc_p-nonsoc_p
production	sub-113	02	act	9	"{""3"": 1.0, ""5"": -1.0}"	0	1.3806013147202468e-15	1	1.3806013147202468e-15	1		in-out
production	sub-113	02	act	10	"{""1"": -2.0, ""3"": 1.0, ""5"": 1.0}"	0	7.357781708208166e-16	1	7.357781708208166e-16	1		soc-nonsoc
production	sub-113	02	nppi-dmn	1	"{""11"": 1.0}"	0	1.6100774488919003e-15	1	1.6100774488919003e-15	1		comp
production	sub-113	02	nppi-dmn	2	"{""12"": 1.0}"	0	1.4810708486835466e-15	1	1.4810708486835466e-15	1		comp_p
production	sub-113	02	nppi-dmn	3	"{""13"": 1.0}"	0	1.4392682719424543e-15	1	1.4392682719424543e-15	1		in
production	sub-113	02	nppi-dmn	4	"{""14"": 1.0}"	0	1.5640850220025063e-15	1	1.5640850220025063e-15	1		in_p
production	sub-113	02	nppi-dmn	5	"{""15"": 1.0}"	0	2.2188274147604126e-15	1	2.2188274147604126e-15	1		out
production	sub-113	02	nppi-dmn	6	"{""16"": 1.0}"	0	1.5910003427903935e-15	1	1.5910003427903935e-15	1		out_p
production	sub-113	02	nppi-dmn	7	"{""14"": 1.0, ""16"": -1.0}"	0	1.8711458063266952e-15	1	1.8711458063266952e-15	1		in_p-out_p
production	sub-113	02	nppi-dmn	8	"{""12"": -2.0, ""14"": 1.0, ""16"": 1.0}"	0	1.3879786620821155e-15	1	1.3879786620821155e-15	1		soc_p-nonsoc_p
production	sub-113	02	nppi-dmn	9	"{""13"": 1.0, ""15"": -1.0}"	0	1.884616950791569e-15	1	1.884616950791569e-15	1		in-out
production	sub-113	02	nppi-dmn	10	"{""11"": -2.0, ""13"": 1.0, ""15"": 1.0}"	0	1.7040628779334767e-15	1	1.7040628779334767e-15	1		soc-nonsoc
production	sub-113	02	nppi-dmn	11	"{""10"": 1.0}"	0	1.857733237251601e-15	1	1.857733237251601e-15	1		phys
production	sub-113	02	nppi-ecn	1	"{""11"": 1.0}"	0	1.458856011532473e-15	1	1.458856011532473e-15	1		comp
production	sub-113	02	nppi-ecn	2	"{""12"": 1.0}"	0	1.6215783323853082e-15	1	1.6215783323853082e-15	1		comp_p
production	sub-113	02	nppi-ecn	3	"{""13"": 1.0}"	0	1.909021502704344e-15	1	1.909021502704344e-15	1		in
production	sub-113	02	nppi-ecn	4	"{""14"": 1.0}"	0	1.7997277161070533e-15	1	1.7997277161070533e-15	1		in_p
production	sub-113	02	nppi-ecn	5	"{""15"": 1.0}"	0	1.7537937604425616e-15	1	1.7537937604425616e-15	1		out
production	sub-113	02	nppi-ecn	6	"{""16"": 1.0}"	0	1.5866077696389912e-15	1	1.5866077696389912e-15	1		out_p
production	sub-113	02	nppi-ecn	7	"{""14"": 1.0, ""16"": -1.0}"	0	1.716710178123053e-15	1	1.716710178123053e-15	1		in_p-out_p
production	sub-113	02	nppi-ecn	8	"{""12"": -2.0, ""14"": 1.0, ""16"": 1.0}"	0	1.6875904096072879e-15	1	1.6875904096072879e-15	1		soc_p-nonsoc_p
production	sub-113	02	nppi-ecn	9	"{""13"": 1.0, ""15"": -1.0}"	0	1.9695307806229202e-15	1	1.9695307806229202e-15	1		in-out
production	sub-113	02	nppi-ecn	10	"{""11"": -2.0, ""13"": 1.0, ""15"": 1.0}"	0	1.4850074082544998e-15	1	1.4850074082544998e-15	1		soc-nonsoc
production	sub-113	02	nppi-ecn	11	"{""10"": 1.0}"	0	1.5473670913330557e-15	1	1.5473670913330557e-15	1		phys
production	sub-115	01	act	1	"{""1"": 1.0}"	0	1.251958313626621e-15	1	1.251958313626621e-15	1		comp
production	sub-115	01	act	2	"{""2"": 1.0}"	0	1.1848994292462735e-15	1	1.1848994292462735e-15	1		comp_p
production	sub-115	01	act	3	"{""3"": 1.0}"	0	1.1059656430183935e-15	1	1.1059656430183935e-15	1		in
production	sub-115	01	act	4	"{""4"": 1.0}"	0	9.110527312903281e-16	1	9.110527312903281e-16	1		in_p
production	sub-115	01	act	5	"{""5"": 1.0}"	0	8.908442987220218e-16	1	8.908442987220218e-16	1		out
production	sub-115	01	act	6	"{""6"": 1.0}"	0	1.129308279488492e-15	1	1.129308279488492e-15	1		out_p
production	sub-115	01	act	7	"{""4"": 1.0, ""6"": -1.0}"	0	1.036406648900257e-15	1	1.036406648900257e-15	1		in_p-out_p
production	sub-115	01	act	8	"{""2"": -2.0, ""4"": 1.0, ""6"": 1.0}"	0	1.202677362487149e-15	1	1.202677362487149e-15	1		soc_p-nonsoc_p
production	sub-115	01	act	9	"{""3"": 1.0, ""5"": -1.0}"	0	1.0964102205212522e-15	1	1.0964102205212522e-15	1		in-out
production	sub-115	01	act	10	"{""1"": -2.0, ""3"": 1.0, ""5"": 1.0}"	0	1.5248782003741474e-15	1	1.5248782003741474e-15	1		soc-nonsoc
production	sub-115	01	nppi-dmn	1	"{""11"": 1.0}"	0	1.606436770876655e-15	1	1.606436770876655e-15	1		comp
production	sub-115	01	nppi-dmn	2	"{""12"": 1.0}"	0	1.7373489899336017e-15	1	1.7373489899336017e-15	1		comp_p
production	sub-115	01	nppi-dmn	3	"{""13"": 1.0}"	0	1.7083241658683698e-15	1	1.7083241658683698e-15	1		in
production	sub-115	01	nppi-dmn	4	"{""14"": 1.0}"	0	1.4154446030349447e-15	1	1.4154446030349447e-15	1		in_p
production	sub-115	01	nppi-dmn	5	"{""15"": 1.0}"	0	1.722228067741457e-15	1	1.722228067741457e-15	1		out
production	sub-115	01	nppi-dmn	6	"{""16"": 1.0}"	0	1.418717022392599e-15	1	1.418717022392599e-15	1		out_p
production	sub-115	01	nppi-dmn	7	"{""14"": 1.0, ""16"": -1.0}"	0	1.4864687586014805e-15	1	1.4864687586014805e-15	1		in_p-out_p
production	sub-115	01	nppi-dmn	8	"{""12"": -2.0, ""14"": 1.0, ""16"": 1.0}"	0	1.476118273319166e-15	1	1.476118273319166e-15	1		soc_p-nonsoc_p
production	sub-115	01	nppi-dmn	9	"{""13"": 1.0, ""15"": -1.0}"	0	1.792182135535197e-15	1	1.792182135535197e-15	1		in-out
production	sub-115	01	nppi-dmn	10	"{""11"": -2.0, ""13"": 1.0, ""15"": 1.0}"	0	1.5240873628155011e-15	1	1.5240873628155011e-15	1		soc-nonsoc
production	sub-115	01	nppi-dmn	11	"{""10"": 1.0}"	0	1.3523301086371324e-15	1	1.3523301086371324e-15	1		phys
production	sub-115	01	nppi-ecn	1	"{""11"": 1.0}"	0	1.4973443186739936e-15	1	1.4973443186739936e-15	1		comp
production	sub-115	01	nppi-ecn	2	"{""12"": 1.0}"	0	1.1899285891876828e-15	1	1.1899285891876828e-15	1		comp_p
production	sub-115	01	nppi-ecn	3	"{""13"": 1.0}"	0	1.6493795771004412e-15	1	1.6493795771004412e-15	1		in
production	sub-115	01	nppi-ecn	4	"{""14"": 1.0}"	0	1.6690922073634936e-15	1	1.6690922073634936e-15	1		in_p
production	sub-115	01	nppi-ecn	5	"{""15"": 1.0}"	0	1.9999662775264583e-15	1	1.9999662775264583e-15	1		out
production	sub-115	01	nppi-ecn	6	"{""16"": 1.0}"	0	1.777553704751901e-15	1	1.777553704751901e-15	1		out_p
production	sub-115	01	nppi-ecn	7	"{""14"": 1.0, ""16"": -1.0}"	0	2.0386689232209536e-15	1	2.0386689232209536e-15	1		in_p-out_p
production	sub-115	01	nppi-ecn	8	"{""12"": -2.0, ""14"": 1.0, ""16"": 1.0}"	0	1.2533222639042913e-15	1	1.2533222639042913e-15	1		soc_p-nonsoc_p
production	sub-115	01	nppi-ecn	9	"{""13"": 1.0, ""15"": -1.0}"	0	1.7579712104195194e-15	1	1.7579712104195194e-15	1		in-out
production	sub-115	01	nppi-ecn	10	"{""11"": -2.0, ""13"": 1.0, ""15"": 1.0}"	0	1.548341363223853e-15	1	1.548341363223853e-15	1		soc-nonsoc
production	sub-115	01	nppi-ecn	11	"{""10"": 1.0}"	0	1.4610063321889298e-15	1	1.4610063321889298e-15	1		phys
production	sub-115	02	act	1	"{""1"": 1.0}"	0	1.6390588429845705e-15	1	1.6390588429845705e-15	1		comp
production	sub-115	02	act	2	"{""2"": 1.0}"	0	1.0416607619830856e-15	1	1.0416607619830856e-15	1		comp_p
production	sub-115	02	act	3	"{""3"": 1.0}"	0	7.686515472588518e-16	1	7.686515472588518e-16	1		in
production	sub-115	02	act	4	"{""4"": 1.0}"	0	1.2180116182791044e-15	1	1.2180116182791044e-15	1		in_p
production	sub-115	02	act	5	"{""5"": 1.0}"	0	1.1951947597735462e-15	1	1.1951947597735462e-15	1		out
production	sub-115	02	act	6	"{""6"": 1.0}"	0	9.181686380771067e-16	1	9.181686380771067e-16	1		out_p
production	sub-115	02	act	7	"{""4"": 1.0, ""6"": -1.0}"	0	1.1336289203843003e-15	1	1.1336289203843003e-15	1		in_p-out_p
production	sub-115	02	act	8	"{""2"": -2.0, ""4"": 1.0, ""6"": 1.0}"	0	8.193238441586413e-16	1	8.193238441586413e-16	1		soc_p-nonsoc_p
production	sub-115	02	act	9	"{""3"": 1.0, ""5"": -1.0}"	0	1.1164609264003202e-15	1	1.1164609264003202e-15	1		in-out
production	sub-115	02	act	10	"{""1"": -2.0, ""3"": 1.0, ""5"": 1.0}"	0	1.3452778968219299e-15	1	1.3452778968219299e-15	1		soc-nonsoc
production	sub-115	02	nppi-dmn	1	"{""11"": 1.0}"	0	1.3669931301517058e-15	1	1.3669931301517058e-15	1		comp
production	sub-115	02	nppi-dmn	2	"{""12"": 1.0}"	0	1.486953192013366e-15	1	1.486953192013366e-15	1		comp_p
production	sub-115	02	nppi-dmn	3	"{""13"": 1.0}"	0	1.6960795365190967e-15	1	1.6960795365190967e-15	1		in
production	sub-115	02	nppi-dmn	4	"{""14"": 1.0}"	0	1.334349892777332e-15	1	1.334349892777332e-15	1		in_p
production	sub-115	02	nppi-dmn	5	"{""15"": 1.0}"	0	1.4258014248588946e-15	1	1.4258014248588946e-15	1		out
production	sub-115	02	nppi-dmn	6	"{""16"": 1.0}"	0	1.7297885979616155e-15	1	1.7297885979616155e-15	1		out_p
production	sub-115	02	nppi-dmn	7	"{""14"": 1.0, ""16"": -1.0}"	0	1.8609774908486114e-15	1	1.8609774908486114e-15	1		in_p-out_p
production	sub-115	02	nppi-dmn	8	"{""12"": -2.0, ""14"": 1.0, ""16"": 1.0}"	0	1.563221367840671e-15	1	1.563221367840671e-15	1		soc_p-nonsoc_p
production	sub-115	02	nppi-dmn	9	"{""13"": 1.0, ""15"": -1.0}"	0	1.7625256728975966e-15	1	1.7625256728975966e-15	1		in-out
production	sub-115	02	nppi-dmn	10	"{""11"": -2.0, ""13"": 1.0, ""15"": 1.0}"	0	1.3114223257953312e-15	1	1.3114223257953312e-15	1		soc-nonsoc
production	sub-115	02	nppi-dmn	11	"{""10"": 1.0}"	0	1.3735388204820873e-15	1	1.3735388204820873e-15	1		phys
production	sub-115	02	nppi-ecn	1	"{""11"": 1.0}"	0	1.6012650113805113e-15	1	1.6012650113805113e-15	1		comp
production	sub-115	02	nppi-ecn	2	"{""12"": 1.0}"	0	2.3813934657309092e-15	1	2.3813934657309092e-15	1		comp_p
production	sub-115	02	nppi-ecn	3	"{""13"": 1.0}"	0	1.784657303993551e-15	1	1.784657303993551e-15	1		in
production	sub-115	02	nppi-ecn	4	"{""14"": 1.0}"	0	1.7516619805647938e-15	1	1.7516619805647938e-15	1		in_p
production	sub-115	02	nppi-ecn	5	"{""15"": 1.0}"	0	2.163537876254105e-15	1	2.163537876254105e-15	1		out
production	sub-115	02	nppi-ecn	6	"{""16"": 1.0}"	0	1.985747071158485e-15	1	1.985747071158485e-15	1		out_p
production	sub-115	02	nppi-ecn	7	"{""14"": 1.0, ""16"": -1.0}"	0	1.5542404239804282e-15	1	1.5542404239804282e-15	1		in_p-out_p
production	sub-115	02	nppi-ecn	8	"{""12"": -2.0, ""14"": 1.0, ""16"": 1.0}"	0	2.2671462040336486e-15	1	2.2671462040336486e-15	1		soc_p-nonsoc_p
production	sub-115	02	nppi-ecn	9	"{""13"": 1.0, ""15"": -1.0}"	0	2.008526783669034e-15	1	2.008526783669034e-15	1		in-out
production	sub-115	02	nppi-ecn	10	"{""11"": -2.0, ""13"": 1.0, ""15"": 1.0}"	0	2.0212769569785994e-15	1	2.0212769569785994e-15	1		soc-nonsoc
production	sub-115	02	nppi-ecn	11	"{""10"": 1.0}"	0	1.8999518687204784e-15	1	1.8999518687204784e-15	1		phys
production	sub-116	01	act	1	"{""1"": 1.0}"	0	8.736435260987088e-16	1	8.736435260987088e-16	1		comp
production	sub-116	01	act	2	"{""2"": 1.0}"	0	1.3268211586204987e-15	1	1.3268211586204987e-15	1		comp_p
production	sub-116	01	act	3	"{""3"": 1.0}"	0	1.189688088111398e-15	1	1.189688088111398e-15	1		in
production	sub-116	01	act	4	"{""4"": 1.0}"	0	1.3431614872953439e-15	1	1.3431614872953439e-15	1		in_p
production	sub-116	01	act	5	"{""5"": 1.0}"	0	6.5181715981631485e-16	1	6.5181715981631485e-16	1		out
production	sub-116	01	act	6	"{""6"": 1.0}"	0	1.3517773072947358e-15	1	1.3517773072947358e-15	1		out_p
production	sub-116	01	act	7	"{""4"": 1.0, ""6"": -1.0}"	0	1.6650740834112177e-15	1	1.6650740834112177e-15	1		in_p-out_p
production	sub-116	01	act	8	"{""2"": -2.0, ""4"": 1.0, ""6"": 1.0}"	0	1.3869714922257608e-15	1	1.3869714922257608e-15	1		soc_p-nonsoc_p
production	sub-116	01	act	9	"{""3"": 1.0, ""5"": -1.0}"	0	1.0750403564182267e-15	1	1.0750403564182267e-15	1		in-out
production	sub-116	01	act	10	"{""1"": -2.0, ""3"": 1.0, ""5"": 1.0}"	0	8.750297842222441e-16	1	8.750297842222441e-16	1		soc-nonsoc
production	sub-116	01	nppi-dmn	1	"{""11"": 1.0}"	0	1.6125871645714095e-15	1	1.6125871645714095e-15	1		comp
production	sub-116	01	nppi-dmn	2	"{""12"": 1.0}"	0	1.6247018459674381e-15	1	1.6247018459674381e-15	1		comp_p
production	sub-116	01	nppi-dmn	3	"{""13"": 1.0}"	0	1.2788128393742622e-15	1	1.2788128393742622e-15	1		in
production	sub-116	01	nppi-dmn	4	"{""14"": 1.0}"	0	1.6661033559813075e-15	1	1.6661033559813075e-15	1		in_p
production	sub-116	01	nppi-dmn	5	"{""15"": 1.0}"	0	1.2944216962715899e-15	1	1.2944216962715899e-15	1		out
production	sub-116	01	nppi-dmn	6	"{""16"": 1.0}"	0	1.5425570604064086e-15	1	1.5425570604064086e-15	1		out_p
production	sub-116	01	nppi-dmn	7	"{""14"": 1.0, ""16"": -1.0}"	0	1.5588292007416987e-15	1	1.5588292007416987e-15	1		in_p-out_p
production	sub-116	01	nppi-dmn	8	"{""12"": -2.0, ""14"": 1.0, ""16"": 1.0}"	0	1.6359666016953943e-15	1	1.6359666016953943e-15	1		soc_p-nonsoc_p
production	sub-116	01	nppi-dmn	9	"{""13"": 1.0, ""15"": -1.0}"	0	1.5101822305756257e-15	1	1.5101822305756257e-15	1		in-out
production	sub-116	01	nppi-dmn	10	"{""11"": -2.0, ""13"": 1.0, ""15"": 1.0}"	0	1.482872511667143e-15	1	1.482872511667143e-15	1		soc-nonsoc
production	sub-116	01	nppi-dmn	11	"{""10"": 1.0}"	0	1.5723481130420969e-15	1	1.5723481130420969e-15	1		phys
production	sub-116	01	nppi-ecn	1	"{""11"": 1.0}"	0	1.9122832152762534e-15	1	1.9122832152762534e-15	1		comp
production	sub-116	01	nppi-ecn	2	"{""12"": 1.0}"	0	1.8395323418165543e-15	1	1.8395323418165543e-15	1		comp_p
production	sub-116	01	nppi-ecn	3	"{""13"": 1.0}"	0	1.7879954967042637e-15	1	1.7879954967042637e-15	1		in
production	sub-116	01	nppi-ecn	4	"{""14"": 1.0}"	0	1.5321430154414514e-15	1	1.5321430154414514e-15	1		in_p
production	sub-116	01	nppi-ecn	5	"{""15"": 1.0}"	0	1.8327506101467726e-15	1	1.8327506101467726e-15	1		out
production	sub-116	01	nppi-ecn	6	"{""16"": 1.0}"	0	1.792772925521368e-15	1	1.792772925521368e-15	1		out_p
production	sub-116	01	nppi-ecn	7	"{""14"": 1.0, ""16"": -1.0}"	0	1.7376693568046383e-15	1	1.7376693568046383e-15	1		in_p-out_p
production	sub-116	01	nppi-ecn	8	"{""12"": -2.0, ""14"": 1.0, ""16"": 1.0}"	0	1.874270671332391e-15	1	1.874270671332391e-15	1		soc_p-nonsoc_p
production	sub-116	01	nppi-ecn	9	"{""13"": 1.0, ""15"": -1.0}"	0	1.8140275552544456e-15	1	1.8140275552544456e-15	1		in-out
production	sub-116	01	nppi-ecn	10	"{""11"": -2.0, ""13"": 1.0, ""15"": 1.0}"	0	1.7380419378793585e-15	1	1.7380419378793585e-15	1		soc-nonsoc
production	sub-116	01	nppi-ecn	11	"{""10"": 1.0}"	0	1.4610723657890613e-15	1	1.4610723657890613e-15	1		phys
production	sub-116	02	act	1	"{""1"": 1.0}"	0	7.904630978870093e-16	1	7.904630978870093e-16	1		comp
production	sub-116	02	act	2	"{""2"": 1.0}"	0	1.4509272969310272e-15	1	1.4509272969310272e-15	1		comp_p
production	sub-116	02	act	3	"{""3"": 1.0}"	0	1.0444447279497679e-15	1	1.0444447279497679e-15	1		in
production	sub-116	02	act	4	"{""4"": 1.0}"	0	8.343922258597664e-16	1	8.343922258597664e-16	1		in_p
production	sub-116	02	act	5	"{""5"": 1.0}"	0	1.2576328457037856e-15	1	1.2576328457037856e-15	1		out
production	sub-116	02	act	6	"{""6"": 1.0}"	0	9.588639783150776e-16	1	9.588639783150776e-16	1		out_p
production	sub-116	02	act	7	"{""4"": 1.0, ""6"": -1.0}"	0	1.048365180713466e-15	1	1.048365180713466e-15	1		in_p-out_p
production	sub-116	02	act	8	"{""2"": -2.0, ""4"": 1.0, ""6"": 1.0}"	0	1.2609692608281306e-15	1	1.2609692608281306e-15	1		soc_p-nonsoc_p
production	sub-116	02	act	9	"{""3"": 1.0, ""5"": -1.0}"	0	1.1596865366991438e-15	1	1.1596865366991438e-15	1		in-out
production	sub-116	02	act	10	"{""1"": -2.0, ""3"": 1.0, ""5"": 1.0}"	0	1.1876163282987256e-15	1	1.1876163282987256e-15	1		soc-nonsoc
production	sub-116	02	nppi-dmn	1	"{""11"": 1.0}"	0	1.7524217212541244e-15	1	1.7524217212541244e-15	1		comp
production	sub-116	02	nppi-dmn	2	"{""12"": 1.0}"	0	1.4947184652013753e-15	1	1.4947184652013753e-15	1		comp_p
production	sub-116	02	nppi-dmn	3	"{""13"": 1.0}"	0	1.7155236411807673e-15	1	1.7155236411807673e-15	1		in
production	sub-116	02	nppi-dmn	4	"{""14"": 1.0}"	0	1.41906102250918e-15	1	1.41906102250918e-15	1		in_p
production	sub-116	02	nppi-dmn	5	"{""15"": 1.0}"	0	1.5717601120976201e-15	1	1.5717601120976201e-15	1		out
production	sub-116	02	nppi-dmn	6	"{""16"": 1.0}"	0	1.492011608782914e-15	1	1.492011608782914e-15	1		out_p
production	sub-116	02	nppi-dmn	7	"{""14"": 1.0, ""16"": -1.0}"	0	1.3953182764178612e-15	1	1.3953182764178612e-15	1		in_p-out_p
production	sub-116	02	nppi-dmn	8	"{""12"": -2.0, ""14"": 1.0, ""16"": 1.0}"	0	1.3658886199548362e-15	1	1.3658886199548362e-15	1		soc_p-nonsoc_p
production	sub-116	02	nppi-dmn	9	"{""13"": 1.0, ""15"": -1.0}"	0	1.675918454000931e-15	1	1.675918454000931e-15	1		in-out
production	sub-116	02	nppi-dmn	10	"{""11"": -2.0, ""13"": 1.0, ""15"": 1.0}"	0	1.7158182480113671e-15	1	1.7158182480113671e-15	1		soc-nonsoc
production	sub-116	02	nppi-dmn	11	"{""10"": 1.0}"	0	2.3752107052261712e-15	1	2.3752107052261712e-15	1		phys
production	sub-116	02	nppi-ecn	1	"{""11"": 1.0}"	0	1.7312118953802829e-15	1	1.7312118953802829e-15	1		comp
production	sub-116	02	nppi-ecn	2	"{""12"": 1.0}"	0	1.7227039262002213e-15	1	1.7227039262002213e-15	1		comp_p
production	sub-116	02	nppi-ecn	3	"{""13"": 1.0}"	0	2.4459245558132395e-15	1	2.4459245558132395e-15	1		in
production	sub-116	02	nppi-ecn	4	"{""14"": 1.0}"	0	2.029123163634901e-15	1	2.029123163634901e-15	1		in_p
production	sub-116	02	nppi-ecn	5	"{""15"": 1.0}"	0	2.1464640605074595e-15	1	2.1464640605074595e-15	1		out
production	sub-116	02	nppi-ecn	6	"{""16"": 1.0}"	0	2.4619577662327737e-15	1	2.4619577662327737e-15	1		out_p
production	sub-116	02	nppi-ecn	7	"{""14"": 1.0, ""16"": -1.0}"	0	2.7789107139017004e-15	1	2.7789107139017004e-15	1		in_p-out_p
production	sub-116	02	nppi-ecn	8	"{""12"": -2.0, ""14"": 1.0, ""16"": 1.0}"	0	1.638146241229164e-15	1	1.638146241229164e-15	1		soc_p-nonsoc_p
production	sub-116	02	nppi-ecn	9	"{""13"": 1.0, ""15"": -1.0}"	0	2.408188183236315e-15	1	2.408188183236315e-15	1		in-out
production	sub-116	02	nppi-ecn	10	"{""11"": -2.0, ""13"": 1.0, ""15"": 1.0}"	0	2.0982600093510364e-15	1	2.0982600093510364e-15	1		soc-nonsoc
production	sub-116	02	nppi-ecn	11	"{""10"": 1.0}"	0	1.6278156916339312e-15	1	1.6278156916339312e-15	1		phys
production	sub-117	01	act	1	"{""1"": 1.0}"	0	8.620661942688542e-16	1	8.620661942688542e-16	1		comp
production	sub-117	01	act	2	"{""2"": 1.0}"	0	1.2861742885518024e-15	1	1.2861742885518024e-15	1		comp_p
production	sub-117	01	act	3	"{""3"": 1.0}"	0	1.4491305939469889e-15	1	1.4491305939469889e-15	1		in
production	sub-117	01	act	4	"{""4"": 1.0}"	0	1.4141872874853945e-15	1	1.4141872874853945e-15	1		in_p
production	sub-117	01	act	5	"{""5"": 1.0}"	0	1.3525105081474216e-15	1	1.3525105081474216e-15	1		out
production	sub-117	01	act	6	"{""6"": 1.0}"	0	1.5138013195683296e-15	1	1.5138013195683296e-15	1		out_p
production	sub-117	01	act	7	"{""4"": 1.0, ""6"": -1.0}"	0	1.2868083193349873e-15	1	1.2868083193349873e-15	1		in_p-out_p
production	sub-117	01	act	8	"{""2"": -2.0, ""4"": 1.0, ""6"": 1.0}"	0	1.3609481511118863e-15	1	1.3609481511118863e-15	1		soc_p-nonsoc_p
production	sub-117	01	act	9	"{""3"": 1.0, ""5"": -1.0}"	0	1.428900710066649e-15	1	1.428900710066649e-15	1		in-out
production	sub-117	01	act	10	"{""1"": -2.0, ""3"": 1.0, ""5"": 1.0}"	0	8.745082458383469e-16	1	8.745082458383469e-16	1		soc-nonsoc
production	sub-117	01	nppi-dmn	1	"{""11"": 1.0}"	0	1.6386077111317222e-15	1	1.6386077111317222e-15	1		comp
production	sub-117	01	nppi-dmn	2	"{""12"": 1.0}"	0	1.6293309924519477e-15	1	1.6293309924519477e-15	1		comp_p
production	sub-117	01	nppi-dmn	3	"{""13"": 1.0}"	0	1.6963643486742015e-15	1	1.6963643486742015e-15	1		in
production	sub-117	01	nppi-dmn	4	"{""14"": 1.0}"	0	1.7179376970821935e-15	1	1.7179376970821935e-15	1		in_p
production	sub-117	01	nppi-dmn	5	"{""15"": 1.0}"	0	1.3132509395470852e-15	1	1.3132509395470852e-15	1		out
production	sub-117	01	nppi-dmn	6	"{""16"": 1.0}"	0	1.2413586567745195e-15	1	1.2413586567745195e-15	1		out_p
production	sub-117	01	nppi-dmn	7	"{""14"": 1.0, ""16"": -1.0}"	0	1.559431199283235e-15	1	1.559431199283235e-15	1		in_p-out_p
production	sub-117	01	nppi-dmn	8	"{""12"": -2.0, ""14"": 1.0, ""16"": 1.0}"	0	1.5998137274410194e-15	1	1.5998137274410194e-15	1		soc_p-nonsoc_p
production	sub-117	01	nppi-dmn	9	"{""13"": 1.0, ""15"": -1.0}"	0	1.2907111020934284e-15	1	1.2907111020934284e-15	1		in-out
production	sub-117	01	nppi-dmn	10	"{""11"": -2.0, ""13"": 1.0, ""15"": 1.0}"	0	1.7233112605315297e-15	1	1.7233112605315297e-15	1		soc-nonsoc
production	sub-117	01	nppi-dmn	11	"{""10"": 1.0}"	0	1.788270421329815e-15	1	1.788270421329815e-15	1		phys
production	sub-117	01	nppi-ecn	1	"{""11"": 1.0}"	0	2.415658194613767e-15	1	2.415658194613767e-15	1		comp
production	sub-117	01	nppi-ecn	2	"{""12"": 1.0}"	0	2.6196009837810486e-15	1	2.6196009837810486e-15	1		comp_p
production	sub-117	01	nppi-ecn	3	"{""13"": 1.0}"	0	1.7494400825067135e-15	1	1.7494400825067135e-15	1		in
production	sub-117	01	nppi-ecn	4	"{""14"": 1.0}"	0	1.5380554617613331e-15	1	1.5380554617613331e-15	1		in_p
production	sub-117	01	nppi-ecn	5	"{""15"": 1.0}"	0	1.9146719727864563e-15	1	1.9146719727864563e-15	1		out
production	sub-117	01	nppi-ecn	6	"{""16"": 1.0}"	0	2.5234945762300533e-15	1	2.5234945762300533e-15	1		out_p
production	sub-117	01	nppi-ecn	7	"{""14"": 1.0, ""16"": -1.0}"	0	2.3835140625533183e-15	1	2.3835140625533183e-15	1		in_p-out_p
production	sub-117	01	nppi-ecn	8	"{""12"": -2.0, ""14"": 1.0, ""16"": 1.0}"	0	2.2943810666481657e-15	1	2.2943810666481657e-15	1		soc_p-nonsoc_p
production	sub-117	01	nppi-ecn	9	"{""13"": 1.0, ""15"": -1.0}"	0	1.878605463405587e-15	1	1.878605463405587e-15	1		in-out
production	sub-117	01	nppi-ecn	10	"{""11"": -2.0, ""13"": 1.0, ""15"": 1.0}"	0	2.027342382363675e-15	1	2.027342382363675e-15	1		soc-nonsoc
production	sub-117	01	nppi-ecn	11	"{""10"": 1.0}"	0	2.5643458813423205e-15	1	2.5643458813423205e-15	1		phys
production	sub-117	02	act	1	"{""1"": 1.0}"	0	9.979025657079238e-16	1	9.979025657079238e-16	1		comp
production	sub-117	02	act	2	"{""2"": 1.0}"	0	1.0910540380699081e-15	1	1.0910540380699081e-15	1		comp_p
production	sub-117	02	act	3	"{""3"": 1.0}"	0	1.0998322311739104e-15	1	1.0998322311739104e-15	1		in
production	sub-117	02	act	4	"{""4"": 1.0}"	0	1.1468415544568297e-15	1	1.1468415544568297e-15	1		in_p
production	sub-117	02	act	5	"{""5"": 1.0}"	0	1.188503103491574e-15	1	1.188503103491574e-15	1		out
production	sub-117	02	act	6	"{""6"": 1.0}"	0	1.1382668277850808e-15	1	1.1382668277850808e-15	1		out_p
production	sub-117	02	act	7	"{""4"": 1.0, ""6"": -1.0}"	0	1.2924868400468583e-15	1	1.2924868400468583e-15	1		in_p-out_p
production	sub-117	02	act	8	"{""2"": -2.0, ""4"": 1.0, ""6"": 1.0}"	0	1.122400509993994e-15	1	1.122400509993994e-15	1		soc_p-nonsoc_p
production	sub-117	02	act	9	"{""3"": 1.0, ""5"": -1.0}"	0	1.2110590115074737e-15	1	1.2110590115074737e-15	1		in-out
production	sub-117	02	act	10	"{""1"": -2.0, ""3"": 1.0, ""5"": 1.0}"	0	1.0263089660108435e-15	1	1.0263089660108435e-15	1		soc-nonsoc
production	sub-117	02	nppi-dmn	1	"{""11"": 1.0}"	0	1.901686888851739e-15	1	1.901686888851739e-15	1		comp
production	sub-117	02	nppi-dmn	2	"{""12"": 1.0}"	0	1.5458036971449815e-15	1	1.5458036971449815e-15	1		comp_p
production	sub-117	02	nppi-dmn	3	"{""13"": 1.0}"	0	2.1556101088752132e-15	1	2.1556101088752132e-15	1		in
production	sub-117	02	nppi-dmn	4	"{""14"": 1.0}"	0	1.661258648476264e-15	1	1.661258648476264e-15	1		in_p
production	sub-117	02	nppi-dmn	5	"{""15"": 1.0}"	0	1.7611096640618056e-15	1	1.7611096640618056e-15	1		out
production	sub-117	02	nppi-dmn	6	"{""16"": 1.0}"	0	1.7821021372374686e-15	1	1.7821021372374686e-15	1		out_p
production	sub-117	02	nppi-dmn	7	"{""14"": 1.0, ""16"": -1.0}"	0	1.9761865818907806e-15	1	1.9761865818907806e-15	1		in_p-out_p
production	sub-117	02	nppi-dmn	8	"{""12"": -2.0, ""14"": 1.0, ""16"": 1.0}"	0	1.576419140571835e-15	1	1.576419140571835e-15	1		soc_p-nonsoc_p
production	sub-117	02	nppi-dmn	9	"{""13"": 1.0, ""15"": -1.0}"	0	2.2430186467523292e-15	1	2.2430186467523292e-15	1		in-out
production	sub-117	02	nppi-dmn	10	"{""11"": -2.0, ""13"": 1.0, ""15"": 1.0}"	0	2.03936493267258e-15	1	2.03936493267258e-15	1		soc-nonsoc
production	sub-117	02	nppi-dmn	11	"{""10"": 1.0}"	0	2.2559184272178036e-15	1	2.2559184272178036e-15	1		phys
production	sub-117	02	nppi-ecn	1	"{""11"": 1.0}"	0	1.4294296573077717e-15	1	1.4294296573077717e-15	1		comp
production	sub-117	02	nppi-ecn	2	"{""12"": 1.0}"	0	1.501149784126239e-15	1	1.501149784126239e-15	1		comp_p
production	sub-117	02	nppi-ecn	3	"{""13"": 1.0}"	0	1.6167443816109298e-15	1	1.6167443816109298e-15	1		in
production	sub-117	02	nppi-ecn	4	"{""14"": 1.0}"	0	1.4856938884817841e-15	1	1.4856938884817841e-15	1		in_p
production	sub-117	02	nppi-ecn	5	"{""15"": 1.0}"	0	2.260040365856403e-15	1	2.260040365856403e-15	1		out
production	sub-117	02	nppi-ecn	6	"{""16"": 1.0}"	0	1.9341619494950418e-15	1	1.9341619494950418e-15	1		out_p
production	sub-117	02	nppi-ecn	7	"{""14"": 1.0, ""16"": -1.0}"	0	1.6907220762426892e-15	1	1.6907220762426892e-15	1		in_p-out_p
production	sub-117	02	nppi-ecn	8	"{""12"": -2.0, ""14"": 1.0, ""16"": 1.0}"	0	1.611530777615014e-15	1	1.611530777615014e-15	1		soc_p-nonsoc_p
production	sub-117	02	nppi-ecn	9	"{""13"": 1.0, ""15"": -1.0}"	0	1.8426829317698695e-15	1	1.8426829317698695e-15	1		in-out
production	sub-117	02	nppi-ecn	10	"{""11"": -2.0, ""13"": 1.0, ""15"": 1.0}"	0	1.1912749852370243e-15	1	1.1912749852370243e-15	1		soc-nonsoc
production	sub-117	02	nppi-ecn	11	"{""10"": 1.0}"	0	2.869778394211879e-15	1	2.869778394211879e-15	1		phys
production	sub-118	01	act	1	"{""1"": 1.0}"	0	9.488732087977148e-16	1	9.488732087977148e-16	1		comp
production	sub-118	01	act	2	"{""2"": 1.0}"	0	1.637918065786477e-15	1	1.637918065786477e-15	1		comp_p
production	sub-118	01	act	3	"{""3"": 1.0}"	0	1.3292730481261191e-15	1	1.3292730481261191e-15	1		in
production	sub-118	01	act	4	"{""4"": 1.0}"	0	1.6158082877488358e-15	1	1.6158082877488358e-15	1		in_p
production	sub-118	01	act	5	"{""5"": 1.0}"	0	1.2553332313748493e-15	1	1.2553332313748493e-15	1		out
production	sub-118	01	act	6	"{""6"": 1.0}"	0	1.488620047844812e-15	1	1.488620047844812e-15	1		out_p
production	sub-118	01	act	7	"{""4"": 1.0, ""6"": -1.0}"	0	1.520920649567805e-15	1	1.520920649567805e-15	1		in_p-out_p
production	sub-118	01	act	8	"{""2"": -2.0, ""4"": 1.0, ""6"": 1.0}"	0	1.2468713066129816e-15	1	1.2468713066129816e-15	1		soc_p-nonsoc_p
production	sub-118	01	act	9	"{""3"": 1.0, ""5"": -1.0}"	0	1.0765264535209172e-15	1	1.0765264535209172e-15	1		in-out
production	sub-118	01	act	10	"{""1"": -2.0, ""3"": 1.0, ""5"": 1.0}"	0	1.0727017582280602e-15	1	1.0727017582280602e-15	1		soc-nonsoc
production	sub-118	01	nppi-dmn	1	"{""11"": 1.0}"	0	1.4503235305348649e-15	1	1.4503235305348649e-15	1		comp
production	sub-118	01	nppi-dmn	2	"{""12"": 1.0}"	0	2.420769097312484e-15	1	2.420769097312484e-15	1		comp_p
production	sub-118	01	nppi-dmn	3	"{""13"": 1.0}"	0	1.70919897938541e-15	1	1.70919897938541e-15	1		in
production	sub-118	01	nppi-dmn	4	"{""14"": 1.0}"	0	2.1212386885896267e-15	1	2.1212386885896267e-15	1		in_p
production	sub-118	01	nppi-dmn	5	"{""15"": 1.0}"	0	2.1137667666070006e-15	1	2.1137667666070006e-15	1		out
production	sub-118	01	nppi-dmn	6	"{""16"": 1.0}"	0	2.490706529401832e-15	1	2.490706529401832e-15	1		out_p
production	sub-118	01	nppi-dmn	7	"{""14"": 1.0, ""16"": -1.0}"	0	1.704467343823773e-15	1	1.704467343823773e-15	1		in_p-out_p
production	sub-118	01	nppi-dmn	8	"{""12"": -2.0, ""14"": 1.0, ""16"": 1.0}"	0	1.9216740728513815e-15	1	1.9216740728513815e-15	1		soc_p-nonsoc_p
production	sub-118	01	nppi-dmn	9	"{""13"": 1.0, ""15"": -1.0}"	0	1.6930573277142365e-15	1	1.6930573277142365e-15	1		in-out
production	sub-118	01	nppi-dmn	10	"{""11"": -2.0, ""13"": 1.0, ""15"": 1.0}"	0	1.741218213686591e-15	1	1.741218213686591e-15	1		soc-nonsoc
production	sub-118	01	nppi-dmn	11	"{""10"": 1.0}"	0	5.975652359317524e-15	1	5.975652359317524e-15	1		phys
production	sub-118	01	nppi-ecn	1	"{""11"": 1.0}"	0	2.186700427779928e-15	1	2.186700427779928e-15	1		comp
production	sub-118	01	nppi-ecn	2	"{""12"": 1.0}"	0	2.228930239998531e-15	1	2.228930239998531e-15	1		comp_p
production	sub-118	01	nppi-ecn	3	"{""13"": 1.0}"	0	2.0455746877375838e-15	1	2.0455746877375838e-15	1		in
production	sub-118	01	nppi-ecn	4	"{""14"": 1.0}"	0	1.7479604933631653e-15	1	1.7479604933631653e-15	1		in_p
production	sub-118	01	nppi-ecn	5	"{""15"": 1.0}"	0	1.677591790292754e-15	1	1.677591790292754e-15	1		out
production	sub-118	01	nppi-ecn	6	"{""16"": 1.0}"	0	1.994659894112455e-15	1	1.994659894112455e-15	1		out_p
production	sub-118	01	nppi-ecn	7	"{""14"": 1.0, ""16"": -1.0}"	0	1.9727412161199407e-15	1	1.9727412161199407e-15	1		in_p-out_p
production	sub-118	01	nppi-ecn	8	"{""12"": -2.0, ""14"": 1.0, ""16"": 1.0}"	0	1.8597625658757315e-15	1	1.8597625658757315e-15	1		soc_p-nonsoc_p
production	sub-118	01	nppi-ecn	9	"{""13"": 1.0, ""15"": -1.0}"	0	1.7697540489693346e-15	1	1.7697540489693346e-15	1		in-out
production	sub-118	01	nppi-ecn	10	"{""11"": -2.0, ""13"": 1.0, ""15"": 1.0}"	0	2.2066624711863863e-15	1	2.2066624711863863e-15	1		soc-nonsoc
production	sub-118	01	nppi-ecn	11	"{""10"": 1.0}"	0	2.4119650923915175e-15	1	2.4119650923915175e-15	1		phys
production	sub-118	02	act	1	"{""1"": 1.0}"	0	7.788822958409162e-16	1	7.788822958409162e-16	1		comp
production	sub-118	02	act	2	"{""2"": 1.0}"	0	1.0110125931723796e-15	1	1.0110125931723796e-15	1		comp_p
production	sub-118	02	act	3	"{""3"": 1.0}"	0	7.705639762868985e-16	1	7.705639762868985e-16	1		in
production	sub-118	02	act	4	"{""4"": 1.0}"	0	9.834419256267203e-16	1	9.834419256267203e-16	1		in_p
production	sub-118	02	act	5	"{""5"": 1.0}"	0	1.0422443106636813e-15	1	1.0422443106636813e-15	1		out
production	sub-118	02	act	6	"{""6"": 1.0}"	0	1.075567747112586e-15	1	1.075567747112586e-15	1		out_p
production	sub-118	02	act	7	"{""4"": 1.0, ""6"": -1.0}"	0	1.5644016705277602e-15	1	1.5644016705277602e-15	1		in_p-out_p
production	sub-118	02	act	8	"{""2"": -2.0, ""4"": 1.0, ""6"": 1.0}"	0	7.792846583420016e-16	1	7.792846583420016e-16	1		soc_p-nonsoc_p
production	sub-118	02	act	9	"{""3"": 1.0, ""5"": -1.0}"	0	8.829990922724727e-16	1	8.829990922724727e-16	1		in-out
production	sub-118	02	act	10	"{""1"": -2.0, ""3"": 1.0, ""5"": 1.0}"	0	1.2322605859442692e-15	1	1.2322605859442692e-15	1		soc-nonsoc
production	sub-118	02	nppi-dmn	1	"{""11"": 1.0}"	0	2.504694446974258e-15	1	2.504694446974258e-15	1		comp
production	sub-118	02	nppi-dmn	2	"{""12"": 1.0}"	0	2.456729024583838e-15	1	2.456729024583838e-15	1		comp_p
production	sub-118	02	nppi-dmn	3	"{""13"": 1.0}"	0	2.098694086331373e-15	1	2.098694086331373e-15	1		in
production	sub-118	02	nppi-dmn	4	"{""14"": 1.0}"	0	1.956878171484581e-15	1	1.956878171484581e-15	1		in_p
production	sub-118	02	nppi-dmn	5	"{""15"": 1.0}"	0	3.2254109990738263e-15	1	3.2254109990738263e-15	1		out
production	sub-118	02	nppi-dmn	6	"{""16"": 1.0}"	0	1.809022477084518e-15	1	1.809022477084518e-15	1		out_p
production	sub-118	02	nppi-dmn	7	"{""14"": 1.0, ""16"": -1.0}"	0	1.8528303143207865e-15	1	1.8528303143207865e-15	1		in_p-out_p
production	sub-118	02	nppi-dmn	8	"{""12"": -2.0, ""14"": 1.0, ""16"": 1.0}"	0	2.0151629661019243e-15	1	2.0151629661019243e-15	1		soc_p-nonsoc_p
production	sub-118	02	nppi-dmn	9	"{""13"": 1.0, ""15"": -1.0}"	0	1.853854763072482e-15	1	1.853854763072482e-15	1		in-out
production	sub-118	02	nppi-dmn	10	"{""11"": -2.0, ""13"": 1.0, ""15"": 1.0}"	0	1.6232653687064642e-15	1	1.6232653687064642e-15	1		soc-nonsoc
production	sub-118	02	nppi-dmn	11	"{""10"": 1.0}"	0	1.8764854359862255e-15	1	1.8764854359862255e-15	1		phys
production	sub-118	02	nppi-ecn	1	"{""11"": 1.0}"	0	1.9474524024225702e-15	1	1.9474524024225702e-15	1		comp
production	sub-118	02	nppi-ecn	2	"{""12"": 1.0}"	0	1.6814466619472968e-15	1	1.6814466619472968e-15	1		comp_p
production	sub-118	02	nppi-ecn	3	"{""13"": 1.0}"	0	1.780646643394799e-15	1	1.780646643394799e-15	1		in
production	sub-118	02	nppi-ecn	4	"{""14"": 1.0}"	0	1.5210197021089244e-15	1	1.5210197021089244e-15	1		in_p
production	sub-118	02	nppi-ecn	5	"{""15"": 1.0}"	0	1.7456733775098578e-15	1	1.7456733775098578e-15	1		out
production	sub-118	02	nppi-ecn	6	"{""16"": 1.0}"	0	1.4361563254127108e-15	1	1.4361563254127108e-15	1		out_p
production	sub-118	02	nppi-ecn	7	"{""14"": 1.0, ""16"": -1.0}"	0	1.3474456294674266e-15	1	1.3474456294674266e-15	1		in_p-out_p
production	sub-118	02	nppi-ecn	8	"{""12"": -2.0, ""14"": 1.0, ""16"": 1.0}"	0	1.4644229351251982e-15	1	1.4644229351251982e-15	1		soc_p-nonsoc_p
production	sub-118	02	nppi-ecn	9	"{""13"": 1.0, ""15"": -1.0}"	0	2.029919365847809e-15	1	2.029919365847809e-15	1		in-out
production	sub-118	02	nppi-ecn	10	"{""11"": -2.0, ""13"": 1.0, ""15"": 1.0}"	0	1.8315104510041477e-15	1	1.8315104510041477e-15	1		soc-nonsoc
production	sub-118	02	nppi-ecn	11	"{""10"": 1.0}"	0	1.2755420328146747e-15	1	1.2755420328146747e-15	1		phys
production	sub-121	01	act	1	"{""1"": 1.0}"	0	1.2139794128563493e-15	1	1.2139794128563493e-15	1		comp
production	sub-121	01	act	2	"{""2"": 1.0}"	0	8.373451901856732e-16	1	8.373451901856732e-16	1		comp_p
production	sub-121	01	act	3	"{""3"": 1.0}"	0	9.733589176799113e-16	1	9.733589176799113e-16	1		in
production	sub-121	01	act	4	"{""4"": 1.0}"	0	1.057057556271726e-15	1	1.057057556271726e-15	1		in_p
production	sub-121	01	act	5	"{""5"": 1.0}"	0	8.516505354467075e-16	1	8.516505354467075e-16	1		out
production	sub-121	01	act	6	"{""6"": 1.0}"	0	1.326715258440317e-15	1	1.326715258440317e-15	1		out_p
production	sub-121	01	act	7	"{""4"": 1.0, ""6"": -1.0}"	0	1.3255333271618079e-15	1	1.3255333271618079e-15	1		in_p-out_p
production	sub-121	01	act	8	"{""2"": -2.0, ""4"": 1.0, ""6"": 1.0}"	0	1.0993546202349005e-15	1	1.0993546202349005e-15	1		soc_p-nonsoc_p
production	sub-121	01	act	9	"{""3"": 1.0, ""5"": -1.0}"	0	9.841650154677153e-16	1	9.841650154677153e-16	1		in-out
production	sub-121	01	act	10	"{""1"": -2.0, ""3"": 1.0, ""5"": 1.0}"	0	1.2792644529989263e-15	1	1.2792644529989263e-15	1		soc-nonsoc
production	sub-121	01	nppi-dmn	1	"{""11"": 1.0}"	0	6.641653919042063e-15	1	6.641653919042063e-15	1		comp
production	sub-121	01	nppi-dmn	2	"{""12"": 1.0}"	0	4.833696081630183e-15	1	4.833696081630183e-15	1		comp_p
production	sub-121	01	nppi-dmn	3	"{""13"": 1.0}"	0	4.1957056183745644e-15	1	4.1957056183745644e-15	1		in
production	sub-121	01	nppi-dmn	4	"{""14"": 1.0}"	0	2.0765598798763314e-15	1	2.0765598798763314e-15	1		in_p
production	sub-121	01	nppi-dmn	5	"{""15"": 1.0}"	0	6.789590176104791e-15	1	6.789590176104791e-15	1		out
production	sub-121	01	nppi-dmn	6	"{""16"": 1.0}"	0	1.5327174074095672e-15	1	1.5327174074095672e-15	1		out_p
production	sub-121	01	nppi-dmn	7	"{""14"": 1.0, ""16"": -1.0}"	0	1.9401817264487616e-15	1	1.9401817264487616e-15	1		in_p-out_p
production	sub-121	01	nppi-dmn	8	"{""12"": -2.0, ""14"": 1.0, ""16"": 1.0}"	0	4.353120045059718e-15	1	4.353120045059718e-15	1		soc_p-nonsoc_p
production	sub-121	01	nppi-dmn	9	"{""13"": 1.0, ""15"": -1.0}"	0	1.59788198010655e-15	1	1.59788198010655e-15	1		in-out
production	sub-121	01	nppi-dmn	10	"{""11"": -2.0, ""13"": 1.0, ""15"": 1.0}"	0	2.2545039705692775e-15	1	2.2545039705692775e-15	1		soc-nonsoc
production	sub-121	01	nppi-dmn	11	"{""10"": 1.0}"	0	7.896448372981811e-15	1	7.896448372981811e-15	1		phys
production	sub-121	01	nppi-ecn	1	"{""11"": 1.0}"	0	1.5661562740391894e-15	1	1.5661562740391894e-15	1		comp
production	sub-121	01	nppi-ecn	2	"{""12"": 1.0}"	0	1.4377805572374097e-15	1	1.4377805572374097e-15	1		comp_p
production	sub-121	01	nppi-ecn	3	"{""13"": 1.0}"	0	1.6060748716571276e-15	1	1.6060748716571276e-15	1		in
production	sub-121	01	nppi-ecn	4	"{""14"": 1.0}"	0	1.3679475439283357e-15	1	1.3679475439283357e-15	1		in_p
production	sub-121	01	nppi-ecn	5	"{""15"": 1.0}"	0	1.1369906847184891e-15	1	1.1369906847184891e-15	1		out
production	sub-121	01	nppi-ecn	6	"{""16"": 1.0}"	0	1.5708149161711838e-15	1	1.5708149161711838e-15	1		out_p
production	sub-121	01	nppi-ecn	7	"{""14"": 1.0, ""16"": -1.0}"	0	1.5949018993367701e-15	1	1.5949018993367701e-15	1		in_p-out_p
production	sub-121	01	nppi-ecn	8	"{""12"": -2.0, ""14"": 1.0, ""16"": 1.0}"	0	1.3727768042070267e-15	1	1.3727768042070267e-15	1		soc_p-nonsoc_p
production	sub-121	01	nppi-ecn	9	"{""13"": 1.0, ""15"": -1.0}"	0	1.3209139069319283e-15	1	1.3209139069319283e-15	1		in-out
production	sub-121	01	nppi-ecn	10	"{""11"": -2.0, ""13"": 1.0, ""15"": 1.0}"	0	1.6386608780026292e-15	1	1.6386608780026292e-15	1		soc-nonsoc
production	sub-121	01	nppi-ecn	11	"{""10"": 1.0}"	0	1.845421524995107e-15	1	1.845421524995107e-15	1		phys
production	sub-121	02	act	1	"{""1"": 1.0}"	0	9.052243357713543e-16	1	9.052243357713543e-16	1		comp
production	sub-121	02	act	2	"{""2"": 1.0}"	0	1.4207351801275748e-15	1	1.4207351801275748e-15	1		comp_p
production	sub-121	02	act	3	"{""3"": 1.0}"	0	1.5908904449628514e-15	1	1.5908904449628514e-15	1		in
production	sub-121	02	act	4	"{""4"": 1.0}"	0	1.2522831510096029e-15	1	1.2522831510096029e-15	1		in_p
production	sub-121	02	act	5	"{""5"": 1.0}"	0	1.3966006058502563e-15	1	1.3966006058502563e-15	1		out
production	sub-121	02	act	6	"{""6"": 1.0}"	0	1.3726868281027672e-15	1	1.3726868281027672e-15	1		out_p
production	sub-121	02	act	7	"{""4"": 1.0, ""6"": -1.0}"	0	1.2759650608758804e-15	1	1.2759650608758804e-15	1		in_p-out_p
production	sub-121	02	act	8	"{""2"": -2.0, ""4"": 1.0, ""6"": 1.0}"	0	1.358940555804508e-15	1	1.358940555804508e-15	1		soc_p-nonsoc_p
production	sub-121	02	act	9	"{""3"": 1.0, ""5"": -1.0}"	0	1.5055473081303232e-15	1	1.5055473081303232e-15	1		in-out
production	sub-121	02	act	10	"{""1"": -2.0, ""3"": 1.0, ""5"": 1.0}"	0	1.0909198934097832e-15	1	1.0909198934097832e-15	1		soc-nonsoc
production	sub-121	02	nppi-dmn	1	"{""11"": 1.0}"	0	5.020705432340692e-15	1	5.020705432340692e-15	1		comp
production	sub-121	02	nppi-dmn	2	"{""12"": 1.0}"	0	4.742145461580378e-15	1	4.742145461580378e-15	1		comp_p
production	sub-121	02	nppi-dmn	3	"{""13"": 1.0}"	0	2.0204031697215152e-15	1	2.0204031697215152e-15	1		in
production	sub-121	02	nppi-dmn	4	"{""14"": 1.0}"	0	1.917649887216922e-15	1	1.917649887216922e-15	1		in_p
production	sub-121	02	nppi-dmn	5	"{""15"": 1.0}"	0	2.5730636266644087e-15	1	2.5730636266644087e-15	1		out
production	sub-121	02	nppi-dmn	6	"{""16"": 1.0}"	0	1.6442473660627772e-15	1	1.6442473660627772e-15	1		out_p
production	sub-121	02	nppi-dmn	7	"{""14"": 1.0, ""16"": -1.0}"	0	1.697954938835298e-15	1	1.697954938835298e-15	1		in_p-out_p
production	sub-121	02	nppi-dmn	8	"{""12"": -2.0, ""14"": 1.0, ""16"": 1.0}"	0	4.189312891817815e-15	1	4.189312891817815e-15	1		soc_p-nonsoc_p
production	sub-121	02	nppi-dmn	9	"{""13"": 1.0, ""15"": -1.0}"	0	2.1825313843437203e-15	1	2.1825313843437203e-15	1		in-out
production	sub-121	02	nppi-dmn	10	"{""11"": -2.0, ""13"": 1.0, ""15"": 1.0}"	0	4.067693212636274e-15	1	4.067693212636274e-15	1		soc-nonsoc
production	sub-121	02	nppi-dmn	11	"{""10"": 1.0}"	0	3.5564149248175495e-15	1	3.5564149248175495e-15	1		phys
production	sub-121	02	nppi-ecn	1	"{""11"": 1.0}"	0	1.6690959970609204e-15	1	1.6690959970609204e-15	1		comp
production	sub-121	02	nppi-ecn	2	"{""12"": 1.0}"	0	1.5706330473419238e-15	1	1.5706330473419238e-15	1		comp_p
production	sub-121	02	nppi-ecn	3	"{""13"": 1.0}"	0	1.4203719867871148e-15	1	1.4203719867871148e-15	1		in
production	sub-121	02	nppi-ecn	4	"{""14"": 1.0}"	0	1.8197014528799352e-15	1	1.8197014528799352e-15	1		in_p
production	sub-121	02	nppi-ecn	5	"{""15"": 1.0}"	0	1.3493244332745784e-15	1	1.3493244332745784e-15	1		out
production	sub-121	02	nppi-ecn	6	"{""16"": 1.0}"	0	1.5656626978593447e-15	1	1.5656626978593447e-15	1		out_p
production	sub-121	02	nppi-ecn	7	"{""14"": 1.0, ""16"": -1.0}"	0	1.408920492937038e-15	1	1.408920492937038e-15	1		in_p-out_p
production	sub-121	02	nppi-ecn	8	"{""12"": -2.0, ""14"": 1.0, ""16"": 1.0}"	0	2.0002874373807137e-15	1	2.0002874373807137e-15	1		soc_p-nonsoc_p
production	sub-121	02	nppi-ecn	9	"{""13"": 1.0, ""15"": -1.0}"	0	1.118712858280654e-15	1	1.118712858280654e-15	1		in-out
production	sub-121	02	nppi-ecn	10	"{""11"": -2.0, ""13"": 1.0, ""15"": 1.0}"	0	1.7743179511750051e-15	1	1.7743179511750051e-15	1		soc-nonsoc
production	sub-121	02	nppi-ecn	11	"{""10"": 1.0}"	0	1.6195850259292222e-15	1	1.6195850259292222e-15	1		phys
production	sub-122	01	act	1	"{""1"": 1.0}"	0	1.3773720671858562e-15	1	1.3773720671858562e-15	1		comp
production	sub-122	01	act	2	"{""2"": 1.0}"	0	1.005409416855834e-15	1	1.005409416855834e-15	1		comp_p
production	sub-122	01	act	3	"{""3"": 1.0}"	0	1.1102430687531987e-15	1	1.1102430687531987e-15	1		in
production	sub-122	01	act	4	"{""4"": 1.0}"	0	1.4427305413247812e-15	1	1.4427305413247812e-15	1		in_p
production	sub-122	01	act	5	"{""5"": 1.0}"	0	1.096516820083657e-15	1	1.096516820083657e-15	1		out
production	sub-122	01	act	6	"{""6"": 1.0}"	0	1.1189546480721197e-15	1	1.1189546480721197e-15	1		out_p
production	sub-122	01	act	7	"{""4"": 1.0, ""6"": -1.0}"	0	1.566323118748431e-15	1	1.566323118748431e-15	1		in_p-out_p
production	sub-122	01	act	8	"{""2"": -2.0, ""4"": 1.0, ""6"": 1.0}"	0	7.438353843853363e-16	1	7.438353843853363e-16	1		soc_p-nonsoc_p
production	sub-122	01	act	9	"{""3"": 1.0, ""5"": -1.0}"	0	1.1114769109734278e-15	1	1.1114769109734278e-15	1		in-out
production	sub-122	01	act	10	"{""1"": -2.0, ""3"": 1.0, ""5"": 1.0}"	0	1.1818918426980984e-15	1	1.1818918426980984e-15	1		soc-nonsoc
production	sub-122	01	nppi-dmn	1	"{""11"": 1.0}"	0	1.5371694413362375e-15	1	1.5371694413362375e-15	1		comp
production	sub-122	01	nppi-dmn	2	"{""12"": 1.0}"	0	1.5149550227048232e-15	1	1.5149550227048232e-15	1		comp_p
production	sub-122	01	nppi-dmn	3	"{""13"": 1.0}"	0	1.6037445755727304e-15	1	1.6037445755727304e-15	1		in
production	sub-122	01	nppi-dmn	4	"{""14"": 1.0}"	0	1.4584056275183224e-15	1	1.4584056275183224e-15	1		in_p
production	sub-122	01	nppi-dmn	5	"{""15"": 1.0}"	0	2.003309225954018e-15	1	2.003309225954018e-15	1		out
production	sub-122	01	nppi-dmn	6	"{""16"": 1.0}"	0	1.4688343870817135e-15	1	1.4688343870817135e-15	1		out_p
production	sub-122	01	nppi-dmn	7	"{""14"": 1.0, ""16"": -1.0}"	0	1.3949299487056526e-15	1	1.3949299487056526e-15	1		in_p-out_p
production	sub-122	01	nppi-dmn	8	"{""12"": -2.0, ""14"": 1.0, ""16"": 1.0}"	0	1.6475155589514842e-15	1	1.6475155589514842e-15	1		soc_p-nonsoc_p
production	sub-122	01	nppi-dmn	9	"{""13"": 1.0, ""15"": -1.0}"	0	2.089607791980778e-15	1	2.089607791980778e-15	1		in-out
production	sub-122	01	nppi-dmn	10	"{""11"": -2.0, ""13"": 1.0, ""15"": 1.0}"	0	2.0171520112843993e-15	1	2.0171520112843993e-15	1		soc-nonsoc
production	sub-122	01	nppi-dmn	11	"{""10"": 1.0}"	0	1.983396817452794e-15	1	1.983396817452794e-15	1		phys
production	sub-122	01	nppi-ecn	1	"{""11"": 1.0}"	0	1.7460631669384719e-15	1	1.7460631669384719e-15	1		comp
production	sub-122	01	nppi-ecn	2	"{""12"": 1.0}"	0	1.6782772936656028e-15	1	1.6782772936656028e-15	1		comp_p
production	sub-122	01	nppi-ecn	3	"{""13"": 1.0}"	0	1.644343066488794e-15	1	1.644343066488794e-15	1		in
production	sub-122	01	nppi-ecn	4	"{""14"": 1.0}"	0	1.5450387718553772e-15	1	1.5450387718553772e-15	1		in_p
production	sub-122	01	nppi-ecn	5	"{""15"": 1.0}"	0	1.2147983576217033e-15	1	1.2147983576217033e-15	1		out
production	sub-122	01	nppi-ecn	6	"{""16"": 1.0}"	0	1.5836137918435833e-15	1	1.5836137918435833e-15	1		out_p
production	sub-122	01	nppi-ecn	7	"{""14"": 1.0, ""16"": -1.0}"	0	1.4476510244398358e-15	1	1.4476510244398358e-15	1		in_p-out_p
production	sub-122	01	nppi-ecn	8	"{""12"": -2.0, ""14"": 1.0, ""16"": 1.0}"	0	1.773093536567038e-15	1	1.773093536567038e-15	1		soc_p-nonsoc_p
production	sub-122	01	nppi-ecn	9	"{""13"": 1.0, ""15"": -1.0}"	0	1.565272589501294e-15	1	1.565272589501294e-15	1		in-out
production	sub-122	01	nppi-ecn	10	"{""11"": -2.0, ""13"": 1.0, ""15"": 1.0}"	0	1.519278844145652e-15	1	1.519278844145652e-15	1		soc-nonsoc
production	sub-122	01	nppi-ecn	11	"{""10"": 1.0}"	0	1.3477157747483385e-15	1	1.3477157747483385e-15	1		phys
production	sub-122	02	act	1	"{""1"": 1.0}"	0	1.0636975386461955e-15	1	1.0636975386461955e-15	1		comp
production	sub-122	02	act	2	"{""2"": 1.0}"	0	2.1483194686140766e-15	1	2.1483194686140766e-15	1		comp_p
production	sub-122	02	act	3	"{""3"": 1.0}"	0	1.2881372060028398e-15	1	1.2881372060028398e-15	1		in
production	sub-122	02	act	4	"{""4"": 1.0}"	0	1.2298686364476066e-15	1	1.2298686364476066e-15	1		in_p
production	sub-122	02	act	5	"{""5"": 1.0}"	0	1.1184929951922754e-15	1	1.1184929951922754e-15	1		out
production	sub-122	02	act	6	"{""6"": 1.0}"	0	9.707735637156433e-16	1	9.707735637156433e-16	1		out_p
production	sub-122	02	act	7	"{""4"": 1.0, ""6"": -1.0}"	0	1.0705053432338402e-15	1	1.0705053432338402e-15	1		in_p-out_p
production	sub-122	02	act	8	"{""2"": -2.0, ""4"": 1.0, ""6"": 1.0}"	0	1.7386937047675546e-15	1	1.7386937047675546e-15	1		soc_p-nonsoc_p
production	sub-122	02	act	9	"{""3"": 1.0, ""5"": -1.0}"	0	1.4117221900571855e-15	1	1.4117221900571855e-15	1		in-out
production	sub-122	02	act	10	"{""1"": -2.0, ""3"": 1.0, ""5"": 1.0}"	0	9.420526096053446e-16	1	9.420526096053446e-16	1		soc-nonsoc
production	sub-122	02	nppi-dmn	1	"{""11"": 1.0}"	0	1.3633127305141268e-15	1	1.3633127305141268e-15	1		comp
production	sub-122	02	nppi-dmn	2	"{""12"": 1.0}"	0	1.6318993122555179e-15	1	1.6318993122555179e-15	1		comp_p
production	sub-122	02	nppi-dmn	3	"{""13"": 1.0}"	0	2.3662307630077192e-15	1	2.3662307630077192e-15	1		in
production	sub-122	02	nppi-dmn	4	"{""14"": 1.0}"	0	1.788525846318394e-15	1	1.788525846318394e-15	1		in_p
production	sub-122	02	nppi-dmn	5	"{""15"": 1.0}"	0	2.0115832011683437e-15	1	2.0115832011683437e-15	1		out
production	sub-122	02	nppi-dmn	6	"{""16"": 1.0}"	0	1.7912624076726953e-15	1	1.7912624076726953e-15	1		out_p
production	sub-122	02	nppi-dmn	7	"{""14"": 1.0, ""16"": -1.0}"	0	1.949472056110664e-15	1	1.949472056110664e-15	1		in_p-out_p
production	sub-122	02	nppi-dmn	8	"{""12"": -2.0, ""14"": 1.0, ""16"": 1.0}"	0	1.9713336223305276e-15	1	1.9713336223305276e-15	1		soc_p-nonsoc_p
production	sub-122	02	nppi-dmn	9	"{""13"": 1.0, ""15"": -1.0}"	0	2.3807942275656224e-15	1	2.3807942275656224e-15	1		in-out
production	sub-122	02	nppi-dmn	10	"{""11"": -2.0, ""13"": 1.0, ""15"": 1.0}"	0	1.3931046119099986e-15	1	1.3931046119099986e-15	1		soc-nonsoc
production	sub-122	02	nppi-dmn	11	"{""10"": 1.0}"	0	1.797119878930503e-15	1	1.797119878930503e-15	1		phys
production	sub-122	02	nppi-ecn	1	"{""11"": 1.0}"	0	1.4996678094891033e-15	1	1.4996678094891033e-15	1		comp
production	sub-122	02	nppi-ecn	2	"{""12"": 1.0}"	0	1.6924612657361933e-15	1	1.6924612657361933e-15	1		comp_p
production	sub-122	02	nppi-ecn	3	"{""13"": 1.0}"	0	1.563228027192432e-15	1	1.563228027192432e-15	1		in
production	sub-122	02	nppi-ecn	4	"{""14"": 1.0}"	0	1.5237553340887067e-15	1	1.5237553340887067e-15	1		in_p
production	sub-122	02	nppi-ecn	5	"{""15"": 1.0}"	0	1.501530442991904e-15	1	1.501530442991904e-15	1		out
production	sub-122	02	nppi-ecn	6	"{""16"": 1.0}"	0	1.4687193422472512e-15	1	1.4687193422472512e-15	1		out_p
production	sub-122	02	nppi-ecn	7	"{""14"": 1.0, ""16"": -1.0}"	0	1.4220587760631728e-15	1	1.4220587760631728e-15	1		in_p-out_p
production	sub-122	02	nppi-ecn	8	"{""12"": -2.0, ""14"": 1.0, ""16"": 1.0}"	0	1.4985529433617841e-15	1	1.4985529433617841e-15	1		soc_p-nonsoc_p
production	sub-122	02	nppi-ecn	9	"{""13"": 1.0, ""15"": -1.0}"	0	1.3846762033716625e-15	1	1.3846762033716625e-15	1		in-out
production	sub-122	02	nppi-ecn	10	"{""11"": -2.0, ""13"": 1.0, ""15"": 1.0}"	0	1.6804082476689935e-15	1	1.6804082476689935e-15	1		soc-nonsoc
production	sub-122	02	nppi-ecn	11	"{""10"": 1.0}"	0	1.438560844359129e-15	1	1.438560844359129e-15	1		phys
production	sub-124	01	act	1	"{""1"": 1.0}"	0	1.0515912615410179e-15	1	1.0515912615410179e-15	1		comp
production	sub-124	01	act	2	"{""2"": 1.0}"	0	1.2749994303003236e-15	1	1.2749994303003236e-15	1		comp_p
production	sub-124	01	act	3	"{""3"": 1.0}"	0	1.712856300194526e-15	1	1.712856300194526e-15	1		in
production	sub-124	01	act	4	"{""4"": 1.0}"	0	1.1798844779866368e-15	1	1.1798844779866368e-15	1		in_p
production	sub-124	01	act	5	"{""5"": 1.0}"	0	1.212571170199522e-15	1	1.212571170199522e-15	1		out
production	sub-124	01	act	6	"{""6"": 1.0}"	0	1.330696311080076e-15	1	1.330696311080076e-15	1		out_p
production	sub-124	01	act	7	"{""4"": 1.0, ""6"": -1.0}"	0	1.5066300563893225e-15	1	1.5066300563893225e-15	1		in_p-out_p
production	sub-124	01	act	8	"{""2"": -2.0, ""4"": 1.0, ""6"": 1.0}"	0	1.2001453341600172e-15	1	1.2001453341600172e-15	1		soc_p-nonsoc_p
production	sub-124	01	act	9	"{""3"": 1.0, ""5"": -1.0}"	0	1.4228879614651578e-15	1	1.4228879614651578e-15	1		in-out
production	sub-124	01	act	10	"{""1"": -2.0, ""3"": 1.0, ""5"": 1.0}"	0	1.4462156682970868e-15	1	1.4462156682970868e-15	1		soc-nonsoc
production	sub-124	01	nppi-dmn	1	"{""11"": 1.0}"	0	1.815650394146409e-15	1	1.815650394146409e-15	1		comp
production	sub-124	01	nppi-dmn	2	"{""12"": 1.0}"	0	2.121895729402256e-15	1	2.121895729402256e-15	1		comp_p
production	sub-124	01	nppi-dmn	3	"{""13"": 1.0}"	0	1.6596189268505418e-15	1	1.6596189268505418e-15	1		in
production	sub-124	01	nppi-dmn	4	"{""14"": 1.0}"	0	1.8266921864920587e-15	1	1.8266921864920587e-15	1		in_p
production	sub-124	01	nppi-dmn	5	"{""15"": 1.0}"	0	2.1848537898952137e-15	1	2.1848537898952137e-15	1		out
production	sub-124	01	nppi-dmn	6	"{""16"": 1.0}"	0	2.0329670080123645e-15	1	2.0329670080123645e-15	1		out_p
production	sub-124	01	nppi-dmn	7	"{""14"": 1.0, ""16"": -1.0}"	0	2.1179320310921007e-15	1	2.1179320310921007e-15	1		in_p-out_p
production	sub-124	01	nppi-dmn	8	"{""12"": -2.0, ""14"": 1.0, ""16"": 1.0}"	0	2.1464941308328426e-15	1	2.1464941308328426e-15	1		soc_p-nonsoc_p
production	sub-124	01	nppi-dmn	9	"{""13"": 1.0, ""15"": -1.0}"	0	1.6860365792036586e-15	1	1.6860365792036586e-15	1		in-out
production	sub-124	01	nppi-dmn	10	"{""11"": -2.0, ""13"": 1.0, ""15"": 1.0}"	0	2.0022806390058528e-15	1	2.0022806390058528e-15	1		soc-nonsoc
production	sub-124	01	nppi-dmn	11	"{""10"": 1.0}"	0	1.5805280182467547e-15	1	1.5805280182467547e-15	1		phys
production	sub-124	01	nppi-ecn	1	"{""11"": 1.0}"	0	1.3888804113205988e-15	1	1.3888804113205988e-15	1		comp
production	sub-124	01	nppi-ecn	2	"{""12"": 1.0}"	0	1.572635129171003e-15	1	1.572635129171003e-15	1		comp_p
production	sub-124	01	nppi-ecn	3	"{""13"": 1.0}"	0	1.4419661508093497e-15	1	1.4419661508093497e-15	1		in
production	sub-124	01	nppi-ecn	4	"{""14"": 1.0}"	0	1.1058164056624731e-15	1	1.1058164056624731e-15	1		in_p
production	sub-124	01	nppi-ecn	5	"{""15"": 1.0}"	0	1.5155705667061239e-15	1	1.5155705667061239e-15	1		out
production	sub-124	01	nppi-ecn	6	"{""16"": 1.0}"	0	1.4669898774786456e-15	1	1.4669898774786456e-15	1		out_p
production	sub-124	01	nppi-ecn	7	"{""14"": 1.0, ""16"": -1.0}"	0	1.0819516568121285e-15	1	1.0819516568121285e-15	1		in_p-out_p
production	sub-124	01	nppi-ecn	8	"{""12"": -2.0, ""14"": 1.0, ""16"": 1.0}"	0	1.8568838071658275e-15	1	1.8568838071658275e-15	1		soc_p-nonsoc_p
production	sub-124	01	nppi-ecn	9	"{""13"": 1.0, ""15"": -1.0}"	0	1.347112924280729e-15	1	1.347112924280729e-15	1		in-out
production	sub-124	01	nppi-ecn	10	"{""11"": -2.0, ""13"": 1.0, ""15"": 1.0}"	0	1.7770064089020992e-15	1	1.7770064089020992e-15	1		soc-nonsoc
production	sub-124	01	nppi-ecn	11	"{""10"": 1.0}"	0	1.3789646508045762e-15	1	1.3789646508045762e-15	1		phys
production	sub-124	02	act	1	"{""1"": 1.0}"	0	1.0848925933639097e-15	1	1.0848925933639097e-15	1		comp
production	sub-124	02	act	2	"{""2"": 1.0}"	0	1.4460262652557592e-15	1	1.4460262652557592e-15	1		comp_p
production	sub-124	02	act	3	"{""3"": 1.0}"	0	9.10425561823125e-16	1	9.10425561823125e-16	1		in
production	sub-124	02	act	4	"{""4"": 1.0}"	0	8.938637226208995e-16	1	8.938637226208995e-16	1		in_p
production	sub-124	02	act	5	"{""5"": 1.0}"	0	1.170822011447599e-15	1	1.170822011447599e-15	1		out
production	sub-124	02	act	6	"{""6"": 1.0}"	0	1.403591359522638e-15	1	1.403591359522638e-15	1		out_p
production	sub-124	02	act	7	"{""4"": 1.0, ""6"": -1.0}"	0	1.2797300196469952e-15	1	1.2797300196469952e-15	1		in_p-out_p
production	sub-124	02	act	8	"{""2"": -2.0, ""4"": 1.0, ""6"": 1.0}"	0	1.0624038619526295e-15	1	1.0624038619526295e-15	1		soc_p-nonsoc_p
production	sub-124	02	act	9	"{""3"": 1.0, ""5"": -1.0}"	0	1.075912578830173e-15	1	1.075912578830173e-15	1		in-out
production	sub-124	02	act	10	"{""1"": -2.0, ""3"": 1.0, ""5"": 1.0}"	0	1.1654425265393489e-15	1	1.1654425265393489e-15	1		soc-nonsoc
production	sub-124	02	nppi-dmn	1	"{""11"": 1.0}"	0	2.6117372937678255e-15	1	2.6117372937678255e-15	1		comp
production	sub-124	02	nppi-dmn	2	"{""12"": 1.0}"	0	2.3579731373261624e-15	1	2.3579731373261624e-15	1		comp_p
production	sub-124	02	nppi-dmn	3	"{""13"": 1.0}"	0	1.9012851052439575e-15	1	1.9012851052439575e-15	1		in
production	sub-124	02	nppi-dmn	4	"{""14"": 1.0}"	0	1.5408346034606786e-15	1	1.5408346034606786e-15	1		in_p
production	sub-124	02	nppi-dmn	5	"{""15"": 1.0}"	0	1.654552469302119e-15	1	1.654552469302119e-15	1		out
production	sub-124	02	nppi-dmn	6	"{""16"": 1.0}"	0	1.848678291986406e-15	1	1.848678291986406e-15	1		out_p
production	sub-124	02	nppi-dmn	7	"{""14"": 1.0, ""16"": -1.0}"	0	1.746101176127304e-15	1	1.746101176127304e-15	1		in_p-out_p
production	sub-124	02	nppi-dmn	8	"{""12"": -2.0, ""14"": 1.0, ""16"": 1.0}"	0	2.1905588406869445e-15	1	2.1905588406869445e-15	1		soc_p-nonsoc_p
production	sub-124	02	nppi-dmn	9	"{""13"": 1.0, ""15"": -1.0}"	0	1.5614892562427531e-15	1	1.5614892562427531e-15	1		in-out
production	sub-124	02	nppi-dmn	10	"{""11"": -2.0, ""13"": 1.0, ""15"": 1.0}"	0	2.3533916881397294e-15	1	2.3533916881397294e-15	1		soc-nonsoc
production	sub-124	02	nppi-dmn	11	"{""10"": 1.0}"	0	2.6033275206586954e-15	1	2.6033275206586954e-15	1		phys
production	sub-124	02	nppi-ecn	1	"{""11"": 1.0}"	0	1.7498345105979071e-15	1	1.7498345105979071e-15	1		comp
production	sub-124	02	nppi-ecn	2	"{""12"": 1.0}"	0	2.4457486310774067e-15	1	2.4457486310774067e-15	1		comp_p
production	sub-124	02	nppi-ecn	3	"{""13"": 1.0}"	0	1.6150559322350723e-15	1	1.6150559322350723e-15	1		in
production	sub-124	02	nppi-ecn	4	"{""14"": 1.0}"	0	1.7300813752017037e-15	1	1.7300813752017037e-15	1		in_p
production	sub-124	02	nppi-ecn	5	"{""15"": 1.0}"	0	1.7713106830555147e-15	1	1.7713106830555147e-15	1		out
production	sub-124	02	nppi-ecn	6	"{""16"": 1.0}"	0	2.026266366153742e-15	1	2.026266366153742e-15	1		out_p
production	sub-124	02	nppi-ecn	7	"{""14"": 1.0, ""16"": -1.0}"	0	2.0876990462714708e-15	1	2.0876990462714708e-15	1		in_p-out_p
production	sub-124	02	nppi-ecn	8	"{""12"": -2.0, ""14"": 1.0, ""16"": 1.0}"	0	2.3543778873628642e-15	1	2.3543778873628642e-15	1		soc_p-nonsoc_p
production	sub-124	02	nppi-ecn	9	"{""13"": 1.0, ""15"": -1.0}"	0	1.8279410751481608e-15	1	1.8279410751481608e-15	1		in-out
production	sub-124	02	nppi-ecn	10	"{""11"": -2.0, ""13"": 1.0, ""15"": 1.0}"	0	1.963536521514548e-15	1	1.963536521514548e-15	1		soc-nonsoc
production	sub-124	02	nppi-ecn	11	"{""10"": 1.0}"	0	2.0939864633136865e-15	1	2.0939864633136865e-15	1		phys
production	sub-125	01	act	1	"{""1"": 1.0}"	0	7.539625534481482e-16	1	7.539625534481482e-16	1		comp
production	sub-125	01	act	2	"{""2"": 1.0}"	0	1.2222796973621127e-15	1	1.2222796973621127e-15	1		comp_p
production	sub-125	01	act	3	"{""3"": 1.0}"	0	1.3167893417988184e-15	1	1.3167893417988184e-15	1		in
production	sub-125	01	act	4	"{""4"": 1.0}"	0	1.2735521158634656e-15	1	1.2735521158634656e-15	1		in_p
production	sub-125	01	act	5	"{""5"": 1.0}"	0	1.1878104979902877e-15	1	1.1878104979902877e-15	1		out
production	sub-125	01	act	6	"{""6"": 1.0}"	0	1.2597824771570594e-15	1	1.2597824771570594e-15	1		out_p
production	sub-125	01	act	7	"{""4"": 1.0, ""6"": -1.0}"	0	1.326276947424948e-15	1	1.326276947424948e-15	1		in_p-out_p
production	sub-125	01	act	8	"{""2"": -2.0, ""4"": 1.0, ""6"": 1.0}"	0	1.0843994183127263e-15	1	1.0843994183127263e-15	1		soc_p-nonsoc_p
production	sub-125	01	act	9	"{""3"": 1.0, ""5"": -1.0}"	0	1.3582336312209864e-15	1	1.3582336312209864e-15	1		in-out
production	sub-125	01	act	10	"{""1"": -2.0, ""3"": 1.0, ""5"": 1.0}"	0	1.1353910971536568e-15	1	1.1353910971536568e-15	1		soc-nonsoc
production	sub-125	01	nppi-dmn	1	"{""11"": 1.0}"	0	1.559506160303511e-15	1	1.559506160303511e-15	1		comp
production	sub-125	01	nppi-dmn	2	"{""12"": 1.0}"	0	1.6157726175995136e-15	1	1.6157726175995136e-15	1		comp_p
production	sub-125	01	nppi-dmn	3	"{""13"": 1.0}"	0	1.4604391893110429e-15	1	1.4604391893110429e-15	1		in
production	sub-125	01	nppi-dmn	4	"{""14"": 1.0}"	0	1.2953669503534662e-15	1	1.2953669503534662e-15	1		in_p
production	sub-125	01	nppi-dmn	5	"{""15"": 1.0}"	0	1.5311381226108507e-15	1	1.5311381226108507e-15	1		out
production	sub-125	01	nppi-dmn	6	"{""16"": 1.0}"	0	1.6177090665373741e-15	1	1.6177090665373741e-15	1		out_p
production	sub-125	01	nppi-dmn	7	"{""14"": 1.0, ""16"": -1.0}"	0	1.583902058618272e-15	1	1.583902058618272e-15	1		in_p-out_p
production	sub-125	01	nppi-dmn	8	"{""12"": -2.0, ""14"": 1.0, ""16"": 1.0}"	0	1.47001289010048e-15	1	1.47001289010048e-15	1		soc_p-nonsoc_p
production	sub-125	01	nppi-dmn	9	"{""13"": 1.0, ""15"": -1.0}"	0	1.5418669013407164e-15	1	1.5418669013407164e-15	1		in-out
production	sub-125	01	nppi-dmn	10	"{""11"": -2.0, ""13"": 1.0, ""15"": 1.0}"	0	1.4389021011102553e-15	1	1.4389021011102553e-15	1		soc-nonsoc
production	sub-125	01	nppi-dmn	11	"{""10"": 1.0}"	0	1.81835627007096e-15	1	1.81835627007096e-15	1		phys
production	sub-125	01	nppi-ecn	1	"{""11"": 1.0}"	0	1.411423702823441e-15	1	1.411423702823441e-15	1		comp
production	sub-125	01	nppi-ecn	2	"{""12"": 1.0}"	0	1.5368690349471895e-15	1	1.5368690349471895e-15	1		comp_p
production	sub-125	01	nppi-ecn	3	"{""13"": 1.0}"	0	1.5754751177949168e-15	1	1.5754751177949168e-15	1		in
production	sub-125	01	nppi-ecn	4	"{""14"": 1.0}"	0	1.1672053691673267e-15	1	1.1672053691673267e-15	1		in_p
production	sub-125	01	nppi-ecn	5	"{""15"": 1.0}"	0	1.8859895941659884e-15	1	1.8859895941659884e-15	1		out
production	sub-125	01	nppi-ecn	6	"{""16"": 1.0}"	0	1.4101770783536367e-15	1	1.4101770783536367e-15	1		out_p
production	sub-125	01	nppi-ecn	7	"{""14"": 1.0, ""16"": -1.0}"	0	1.2887811156422117e-15	1	1.2887811156422117e-15	1		in_p-out_p
production	sub-125	01	nppi-ecn	8	"{""12"": -2.0, ""14"": 1.0, ""16"": 1.0}"	0	1.5796390406651051e-15	1	1.5796390406651051e-15	1		soc_p-nonsoc_p
production	sub-125	01	nppi-ecn	9	"{""13"": 1.0, ""15"": -1.0}"	0	1.6183003004477628e-15	1	1.6183003004477628e-15	1		in-out
production	sub-125	01	nppi-ecn	10	"{""11"": -2.0, ""13"": 1.0, ""15"": 1.0}"	0	1.60114351887301e-15	1	1.60114351887301e-15	1		soc-nonsoc
production	sub-125	01	nppi-ecn	11	"{""10"": 1.0}"	0	1.3314713872231497e-15	1	1.3314713872231497e-15	1		phys
production	sub-125	02	act	1	"{""1"": 1.0}"	0	9.984254565236704e-16	1	9.984254565236704e-16	1		comp
production	sub-125	02	act	2	"{""2"": 1.0}"	0	1.0453924485118507e-15	1	1.0453924485118507e-15	1		comp_p
production	sub-125	02	act	3	"{""3"": 1.0}"	0	1.1197739103176579e-15	1	1.1197739103176579e-15	1		in
production	sub-125	02	act	4	"{""4"": 1.0}"	0	1.1103360652165062e-15	1	1.1103360652165062e-15	1		in_p
production	sub-125	02	act	5	"{""5"": 1.0}"	0	1.6447719239716683e-15	1	1.6447719239716683e-15	1		out
production	sub-125	02	act	6	"{""6"": 1.0}"	0	1.1804708273025344e-15	1	1.1804708273025344e-15	1		out_p
production	sub-125	02	act	7	"{""4"": 1.0, ""6"": -1.0}"	0	1.2713408923439417e-15	1	1.2713408923439417e-15	1		in_p-out_p
production	sub-125	02	act	8	"{""2"": -2.0, ""4"": 1.0, ""6"": 1.0}"	0	1.0665491396543988e-15	1	1.0665491396543988e-15	1		soc_p-nonsoc_p
production	sub-125	02	act	9	"{""3"": 1.0, ""5"": -1.0}"	0	9.30735689568299e-16	1	9.30735689568299e-16	1		in-out
production	sub-125	02	act	10	"{""1"": -2.0, ""3"": 1.0, ""5"": 1.0}"	0	8.7392178735214e-16	1	8.7392178735214e-16	1		soc-nonsoc
production	sub-125	02	nppi-dmn	1	"{""11"": 1.0}"	0	2.0377636496345262e-15	1	2.0377636496345262e-15	1		comp
production	sub-125	02	nppi-dmn	2	"{""12"": 1.0}"	0	1.8427823508624477e-15	1	1.8427823508624477e-15	1		comp_p
production	sub-125	02	nppi-dmn	3	"{""13"": 1.0}"	0	2.107153540598868e-15	1	2.107153540598868e-15	1		in
production	sub-125	02	nppi-dmn	4	"{""14"": 1.0}"	0	1.667996587109959e-15	1	1.667996587109959e-15	1		in_p
production	sub-125	02	nppi-dmn	5	"{""15"": 1.0}"	0	1.7679726564654755e-15	1	1.7679726564654755e-15	1		out
production	sub-125	02	nppi-dmn	6	"{""16"": 1.0}"	0	1.3676505200505253e-15	1	1.3676505200505253e-15	1		out_p
production	sub-125	02	nppi-dmn	7	"{""14"": 1.0, ""16"": -1.0}"	0	1.427337673957094e-15	1	1.427337673957094e-15	1		in_p-out_p
production	sub-125	02	nppi-dmn	8	"{""12"": -2.0, ""14"": 1.0, ""16"": 1.0}"	0	1.5251189413017554e-15	1	1.5251189413017554e-15	1		soc_p-nonsoc_p
production	sub-125	02	nppi-dmn	9	"{""13"": 1.0, ""15"": -1.0}"	0	1.920612742954935e-15	1	1.920612742954935e-15	1		in-out
production	sub-125	02	nppi-dmn	10	"{""11"": -2.0, ""13"": 1.0, ""15"": 1.0}"	0	1.5670888570276106e-15	1	1.5670888570276106e-15	1		soc-nonsoc
production	sub-125	02	nppi-dmn	11	"{""10"": 1.0}"	0	2.6091576469577418e-15	1	2.6091576469577418e-15	1		phys
production	sub-125	02	nppi-ecn	1	"{""11"": 1.0}"	0	1.7601544243196952e-15	1	1.7601544243196952e-15	1		comp
production	sub-125	02	nppi-ecn	2	"{""12"": 1.0}"	0	1.5362116138492536e-15	1	1.5362116138492536e-15	1		comp_p
production	sub-125	02	nppi-ecn	3	"{""13"": 1.0}"	0	1.5952797077887635e-15	1	1.5952797077887635e-15	1		in
production	sub-125	02	nppi-ecn	4	"{""14"": 1.0}"	0	1.5247654759469032e-15	1	1.5247654759469032e-15	1		in_p
production	sub-125	02	nppi-ecn	5	"{""15"": 1.0}"	0	1.6111126634429662e-15	1	1.6111126634429662e-15	1		out
production	sub-125	02	nppi-ecn	6	"{""16"": 1.0}"	0	1.4282371604582836e-15	1	1.4282371604582836e-15	1		out_p
production	sub-125	02	nppi-ecn	7	"{""14"": 1.0, ""16"": -1.0}"	0	1.637536696578787e-15	1	1.637536696578787e-15	1		in_p-out_p
production	sub-125	02	nppi-ecn	8	"{""12"": -2.0, ""14"": 1.0, ""16"": 1.0}"	0	1.3626164092177274e-15	1	1.3626164092177274e-15	1		soc_p-nonsoc_p
production	sub-125	02	nppi-ecn	9	"{""13"": 1.0, ""15"": -1.0}"	0	1.8007512982645112e-15	1	1.8007512982645112e-15	1		in-out
production	sub-125	02	nppi-ecn	10	"{""11"": -2.0, ""13"": 1.0, ""15"": 1.0}"	0	1.5817054090428982e-15	1	1.5817054090428982e-15	1		soc-nonsoc
production	sub-125	02	nppi-ecn	11	"{""10"": 1.0}"	0	2.3059647364771874e-15	1	2.3059647364771874e-15	1		phys
production	sub-126	01	act	1	"{""1"": 1.0}"	0	8.046389060629828e-16	1	8.046389060629828e-16	1		comp
production	sub-126	01	act	2	"{""2"": 1.0}"	0	1.6338273287194394e-15	1	1.6338273287194394e-15	1		comp_p
production	sub-126	01	act	3	"{""3"": 1.0}"	0	9.615848466807992e-16	1	9.615848466807992e-16	1		in
production	sub-126	01	act	4	"{""4"": 1.0}"	0	1.0668555451197086e-15	1	1.0668555451197086e-15	1		in_p
production	sub-126	01	act	5	"{""5"": 1.0}"	0	1.0041124040072746e-15	1	1.0041124040072746e-15	1		out
production	sub-126	01	act	6	"{""6"": 1.0}"	0	1.3995050962743808e-15	1	1.3995050962743808e-15	1		out_p
production	sub-126	01	act	7	"{""4"": 1.0, ""6"": -1.0}"	0	1.0378028935189968e-15	1	1.0378028935189968e-15	1		in_p-out_p
production	sub-126	01	act	8	"{""2"": -2.0, ""4"": 1.0, ""6"": 1.0}"	0	1.5025662072772968e-15	1	1.5025662072772968e-15	1		soc_p-nonsoc_p
production	sub-126	01	act	9	"{""3"": 1.0, ""5"": -1.0}"	0	1.0217299125841998e-15	1	1.0217299125841998e-15	1		in-out
production	sub-126	01	act	10	"{""1"": -2.0, ""3"": 1.0, ""5"": 1.0}"	0	1.0083251758993524e-15	1	1.0083251758993524e-15	1		soc-nonsoc
production	sub-126	01	nppi-dmn	1	"{""11"": 1.0}"	0	1.4520729915604546e-15	1	1.4520729915604546e-15	1		comp
production	sub-126	01	nppi-dmn	2	"{""12"": 1.0}"	0	1.4108978831943941e-15	1	1.4108978831943941e-15	1		comp_p
production	sub-126	01	nppi-dmn	3	"{""13"": 1.0}"	0	1.5268759900391366e-15	1	1.5268759900391366e-15	1		in
production	sub-126	01	nppi-dmn	4	"{""14"": 1.0}"	0	1.4201501050806013e-15	1	1.4201501050806013e-15	1		in_p
production	sub-126	01	nppi-dmn	5	"{""15"": 1.0}"	0	1.4742637849713148e-15	1	1.4742637849713148e-15	1		out
production	sub-126	01	nppi-dmn	6	"{""16"": 1.0}"	0	1.5374520231901277e-15	1	1.5374520231901277e-15	1		out_p
production	sub-126	01	nppi-dmn	7	"{""14"": 1.0, ""16"": -1.0}"	0	1.498800250390271e-15	1	1.498800250390271e-15	1		in_p-out_p
production	sub-126	01	nppi-dmn	8	"{""12"": -2.0, ""14"": 1.0, ""16"": 1.0}"	0	1.3853241114895014e-15	1	1.3853241114895014e-15	1		soc_p-nonsoc_p
production	sub-126	01	nppi-dmn	9	"{""13"": 1.0, ""15"": -1.0}"	0	1.644361707633234e-15	1	1.644361707633234e-15	1		in-out
production	sub-126	01	nppi-dmn	10	"{""11"": -2.0, ""13"": 1.0, ""15"": 1.0}"	0	1.4449905485056106e-15	1	1.4449905485056106e-15	1		soc-nonsoc
production	sub-126	01	nppi-dmn	11	"{""10"": 1.0}"	0	1.5375521580811729e-15	1	1.5375521580811729e-15	1		phys
production	sub-126	01	nppi-ecn	1	"{""11"": 1.0}"	0	1.5260674458797979e-15	1	1.5260674458797979e-15	1		comp
production	sub-126	01	nppi-ecn	2	"{""12"": 1.0}"	0	1.7561918368660222e-15	1	1.7561918368660222e-15	1		comp_p
production	sub-126	01	nppi-ecn	3	"{""13"": 1.0}"	0	1.61501405599567e-15	1	1.61501405599567e-15	1		in
production	sub-126	01	nppi-ecn	4	"{""14"": 1.0}"	0	1.1960304797260583e-15	1	1.1960304797260583e-15	1		in_p
production	sub-126	01	nppi-ecn	5	"{""15"": 1.0}"	0	1.6178195015442542e-15	1	1.6178195015442542e-15	1		out
production	sub-126	01	nppi-ecn	6	"{""16"": 1.0}"	0	1.467775883309157e-15	1	1.467775883309157e-15	1		out_p
production	sub-126	01	nppi-ecn	7	"{""14"": 1.0, ""16"": -1.0}"	0	1.1119613196186445e-15	1	1.1119613196186445e-15	1		in_p-out_p
production	sub-126	01	nppi-ecn	8	"{""12"": -2.0, ""14"": 1.0, ""16"": 1.0}"	0	1.703633089890399e-15	1	1.703633089890399e-15	1		soc_p-nonsoc_p
production	sub-126	01	nppi-ecn	9	"{""13"": 1.0, ""15"": -1.0}"	0	1.4593518621186668e-15	1	1.4593518621186668e-15	1		in-out
production	sub-126	01	nppi-ecn	10	"{""11"": -2.0, ""13"": 1.0, ""15"": 1.0}"	0	1.6825522291384967e-15	1	1.6825522291384967e-15	1		soc-nonsoc
production	sub-126	01	nppi-ecn	11	"{""10"": 1.0}"	0	1.4030718717989864e-15	1	1.4030718717989864e-15	1		phys
production	sub-126	02	act	1	"{""1"": 1.0}"	0	8.254171130400525e-16	1	8.254171130400525e-16	1		comp
production	sub-126	02	act	2	"{""2"": 1.0}"	0	8.677741932746626e-16	1	8.677741932746626e-16	1		comp_p
production	sub-126	02	act	3	"{""3"": 1.0}"	0	1.210653497196969e-15	1	1.210653497196969e-15	1		in
production	sub-126	02	act	4	"{""4"": 1.0}"	0	1.1069213125823178e-15	1	1.1069213125823178e-15	1		in_p
production	sub-126	02	act	5	"{""5"": 1.0}"	0	8.303018442242319e-16	1	8.303018442242319e-16	1		out
production	sub-126	02	act	6	"{""6"": 1.0}"	0	1.2822140813011585e-15	1	1.2822140813011585e-15	1		out_p
production	sub-126	02	act	7	"{""4"": 1.0, ""6"": -1.0}"	0	1.1205176990272082e-15	1	1.1205176990272082e-15	1		in_p-out_p
production	sub-126	02	act	8	"{""2"": -2.0, ""4"": 1.0, ""6"": 1.0}"	0	1.2386576038408168e-15	1	1.2386576038408168e-15	1		soc_p-nonsoc_p
production	sub-126	02	act	9	"{""3"": 1.0, ""5"": -1.0}"	0	1.060491368124922e-15	1	1.060491368124922e-15	1		in-out
production	sub-126	02	act	10	"{""1"": -2.0, ""3"": 1.0, ""5"": 1.0}"	0	7.016918458092269e-16	1	7.016918458092269e-16	1		soc-nonsoc
production	sub-126	02	nppi-dmn	1	"{""11"": 1.0}"	0	1.7634173524491795e-15	1	1.7634173524491795e-15	1		comp
production	sub-126	02	nppi-dmn	2	"{""12"": 1.0}"	0	1.4311177984055528e-15	1	1.4311177984055528e-15	1		comp_p
production	sub-126	02	nppi-dmn	3	"{""13"": 1.0}"	0	2.0689343535862314e-15	1	2.0689343535862314e-15	1		in
production	sub-126	02	nppi-dmn	4	"{""14"": 1.0}"	0	1.6054422135454715e-15	1	1.6054422135454715e-15	1		in_p
production	sub-126	02	nppi-dmn	5	"{""15"": 1.0}"	0	1.6392036347241752e-15	1	1.6392036347241752e-15	1		out
production	sub-126	02	nppi-dmn	6	"{""16"": 1.0}"	0	1.3693251988761737e-15	1	1.3693251988761737e-15	1		out_p
production	sub-126	02	nppi-dmn	7	"{""14"": 1.0, ""16"": -1.0}"	0	1.4447507077890435e-15	1	1.4447507077890435e-15	1		in_p-out_p
production	sub-126	02	nppi-dmn	8	"{""12"": -2.0, ""14"": 1.0, ""16"": 1.0}"	0	1.509860895140257e-15	1	1.509860895140257e-15	1		soc_p-nonsoc_p
production	sub-126	02	nppi-dmn	9	"{""13"": 1.0, ""15"": -1.0}"	0	1.76143283332795e-15	1	1.76143283332795e-15	1		in-out
production	sub-126	02	nppi-dmn	10	"{""11"": -2.0, ""13"": 1.0, ""15"": 1.0}"	0	1.7003449610646785e-15	1	1.7003449610646785e-15	1		soc-nonsoc
production	sub-126	02	nppi-dmn	11	"{""10"": 1.0}"	0	1.3506710492739716e-15	1	1.3506710492739716e-15	1		phys
production	sub-126	02	nppi-ecn	1	"{""11"": 1.0}"	0	1.4307910584094132e-15	1	1.4307910584094132e-15	1		comp
production	sub-126	02	nppi-ecn	2	"{""12"": 1.0}"	0	1.5310484179829187e-15	1	1.5310484179829187e-15	1		comp_p
production	sub-126	02	nppi-ecn	3	"{""13"": 1.0}"	0	1.4813022477624602e-15	1	1.4813022477624602e-15	1		in
production	sub-126	02	nppi-ecn	4	"{""14"": 1.0}"	0	1.475504869400094e-15	1	1.475504869400094e-15	1		in_p
production	sub-126	02	nppi-ecn	5	"{""15"": 1.0}"	0	1.7060247856574313e-15	1	1.7060247856574313e-15	1		out
production	sub-126	02	nppi-ecn	6	"{""16"": 1.0}"	0	1.995285778668679e-15	1	1.995285778668679e-15	1		out_p
production	sub-126	02	nppi-ecn	7	"{""14"": 1.0, ""16"": -1.0}"	0	1.9412803908080557e-15	1	1.9412803908080557e-15	1		in_p-out_p
production	sub-126	02	nppi-ecn	8	"{""12"": -2.0, ""14"": 1.0, ""16"": 1.0}"	0	1.7144458350477879e-15	1	1.7144458350477879e-15	1		soc_p-nonsoc_p
production	sub-126	02	nppi-ecn	9	"{""13"": 1.0, ""15"": -1.0}"	0	1.4229233748253245e-15	1	1.4229233748253245e-15	1		in-out
production	sub-126	02	nppi-ecn	10	"{""11"": -2.0, ""13"": 1.0, ""15"": 1.0}"	0	1.527703966377914e-15	1	1.527703966377914e-15	1		soc-nonsoc
production	sub-126	02	nppi-ecn	11	"{""10"": 1.0}"	0	2.016139941834175e-15	1	2.016139941834175e-15	1		phys
production	sub-127	01	act	1	"{""1"": 1.0}"	0	1.3070836357994794e-15	1	1.3070836357994794e-15	1		comp
production	sub-127	01	act	2	"{""2"": 1.0}"	0	1.384438083165e-15	1	1.384438083165e-15	1		comp_p
production	sub-127	01	act	3	"{""3"": 1.0}"	0	1.2531755141805384e-15	1	1.2531755141805384e-15	1		in
production	sub-127	01	act	4	"{""4"": 1.0}"	0	1.508906309406254e-15	1	1.508906309406254e-15	1		in_p
production	sub-127	01	act	5	"{""5"": 1.0}"	0	9.57039357318344e-16	1	9.57039357318344e-16	1		out
production	sub-127	01	act	6	"{""6"": 1.0}"	0	1.1370399099685109e-15	1	1.1370399099685109e-15	1		out_p
production	sub-127	01	act	7	"{""4"": 1.0, ""6"": -1.0}"	0	1.2561256299027723e-15	1	1.2561256299027723e-15	1		in_p-out_p
production	sub-127	01	act	8	"{""2"": -2.0, ""4"": 1.0, ""6"": 1.0}"	0	1.273748209411677e-15	1	1.273748209411677e-15	1		soc_p-nonsoc_p
production	sub-127	01	act	9	"{""3"": 1.0, ""5"": -1.0}"	0	1.1035055833334054e-15	1	1.1035055833334054e-15	1		in-out
production	sub-127	01	act	10	"{""1"": -2.0, ""3"": 1.0, ""5"": 1.0}"	0	1.3663367958545149e-15	1	1.3663367958545149e-15	1		soc-nonsoc
production	sub-127	01	nppi-dmn	1	"{""11"": 1.0}"	0	1.7733961196989412e-15	1	1.7733961196989412e-15	1		comp
production	sub-127	01	nppi-dmn	2	"{""12"": 1.0}"	0	2.14825355032271e-15	1	2.14825355032271e-15	1		comp_p
production	sub-127	01	nppi-dmn	3	"{""13"": 1.0}"	0	1.987970884293854e-15	1	1.987970884293854e-15	1		in
production	sub-127	01	nppi-dmn	4	"{""14"": 1.0}"	0	1.4417163677241067e-15	1	1.4417163677241067e-15	1		in_p
production	sub-127	01	nppi-dmn	5	"{""15"": 1.0}"	0	1.6976356812630845e-15	1	1.6976356812630845e-15	1		out
production	sub-127	01	nppi-dmn	6	"{""16"": 1.0}"	0	1.380405498676364e-15	1	1.380405498676364e-15	1		out_p
production	sub-127	01	nppi-dmn	7	"{""14"": 1.0, ""16"": -1.0}"	0	1.33477306345556e-15	1	1.33477306345556e-15	1		in_p-out_p
production	sub-127	01	nppi-dmn	8	"{""12"": -2.0, ""14"": 1.0, ""16"": 1.0}"	0	2.019281082665306e-15	1	2.019281082665306e-15	1		soc_p-nonsoc_p
production	sub-127	01	nppi-dmn	9	"{""13"": 1.0, ""15"": -1.0}"	0	1.6623953118705326e-15	1	1.6623953118705326e-15	1		in-out
production	sub-127	01	nppi-dmn	10	"{""11"": -2.0, ""13"": 1.0, ""15"": 1.0}"	0	1.8589632147182054e-15	1	1.8589632147182054e-15	1		soc-nonsoc
production	sub-127	01	nppi-dmn	11	"{""10"": 1.0}"	0	1.5149985715771959e-15	1	1.5149985715771959e-15	1		phys
production	sub-127	01	nppi-ecn	1	"{""11"": 1.0}"	0	1.807721494647366e-15	1	1.807721494647366e-15	1		comp
production	sub-127	01	nppi-ecn	2	"{""12"": 1.0}"	0	1.7660774177458356e-15	1	1.7660774177458356e-15	1		comp_p
production	sub-127	01	nppi-ecn	3	"{""13"": 1.0}"	0	1.5558867758003287e-15	1	1.5558867758003287e-15	1		in
production	sub-127	01	nppi-ecn	4	"{""14"": 1.0}"	0	1.9697724184358143e-15	1	1.9697724184358143e-15	1		in_p
production	sub-127	01	nppi-ecn	5	"{""15"": 1.0}"	0	1.7538548665038063e-15	1	1.7538548665038063e-15	1		out
production	sub-127	01	nppi-ecn	6	"{""16"": 1.0}"	0	1.7456519575717604e-15	1	1.7456519575717604e-15	1		out_p
production	sub-127	01	nppi-ecn	7	"{""14"": 1.0, ""16"": -1.0}"	0	1.7091880414311945e-15	1	1.7091880414311945e-15	1		in_p-out_p
production	sub-127	01	nppi-ecn	8	"{""12"": -2.0, ""14"": 1.0, ""16"": 1.0}"	0	1.899805858680554e-15	1	1.899805858680554e-15	1		soc_p-nonsoc_p
production	sub-127	01	nppi-ecn	9	"{""13"": 1.0, ""15"": -1.0}"	0	1.7168371964772515e-15	1	1.7168371964772515e-15	1		in-out
production	sub-127	01	nppi-ecn	10	"{""11"": -2.0, ""13"": 1.0, ""15"": 1.0}"	0	1.8622646643554943e-15	1	1.8622646643554943e-15	1		soc-nonsoc
production	sub-127	01	nppi-ecn	11	"{""10"": 1.0}"	0	1.5900939243785512e-15	1	1.5900939243785512e-15	1		phys
production	sub-127	02	act	1	"{""1"": 1.0}"	0	7.085929861047001e-16	1	7.085929861047001e-16	1		comp
production	sub-127	02	act	2	"{""2"": 1.0}"	0	1.467333182519339e-15	1	1.467333182519339e-15	1		comp_p
production	sub-127	02	act	3	"{""3"": 1.0}"	0	1.2294104350649811e-15	1	1.2294104350649811e-15	1		in
production	sub-127	02	act	4	"{""4"": 1.0}"	0	1.5018402559624217e-15	1	1.5018402559624217e-15	1		in_p
production	sub-127	02	act	5	"{""5"": 1.0}"	0	1.1597797303934642e-15	1	1.1597797303934642e-15	1		out
production	sub-127	02	act	6	"{""6"": 1.0}"	0	1.0786640880099989e-15	1	1.0786640880099989e-15	1		out_p
production	sub-127	02	act	7	"{""4"": 1.0, ""6"": -1.0}"	0	1.2221033164574742e-15	1	1.2221033164574742e-15	1		in_p-out_p
production	sub-127	02	act	8	"{""2"": -2.0, ""4"": 1.0, ""6"": 1.0}"	0	1.530281138234861e-15	1	1.530281138234861e-15	1		soc_p-nonsoc_p
production	sub-127	02	act	9	"{""3"": 1.0, ""5"": -1.0}"	0	1.0127509690065872e-15	1	1.0127509690065872e-15	1		in-out
production	sub-127	02	act	10	"{""1"": -2.0, ""3"": 1.0, ""5"": 1.0}"	0	9.536302143504739e-16	1	9.536302143504739e-16	1		soc-nonsoc
production	sub-127	02	nppi-dmn	1	"{""11"": 1.0}"	0	2.265660754052259e-15	1	2.265660754052259e-15	1		comp
production	sub-127	02	nppi-dmn	2	"{""12"": 1.0}"	0	2.2880738811094976e-15	1	2.2880738811094976e-15	1		comp_p
production	sub-127	02	nppi-dmn	3	"{""13"": 1.0}"	0	1.324921416085263e-15	1	1.324921416085263e-15	1		in
production	sub-127	02	nppi-dmn	4	"{""14"": 1.0}"	0	2.4159307719473115e-15	1	2.4159307719473115e-15	1		in_p
production	sub-127	02	nppi-dmn	5	"{""15"": 1.0}"	0	1.7559693664257516e-15	1	1.7559693664257516e-15	1		out
production	sub-127	02	nppi-dmn	6	"{""16"": 1.0}"	0	1.671545186726348e-15	1	1.671545186726348e-15	1		out_p
production	sub-127	02	nppi-dmn	7	"{""14"": 1.0, ""16"": -1.0}"	0	1.610970577689278e-15	1	1.610970577689278e-15	1		in_p-out_p
production	sub-127	02	nppi-dmn	8	"{""12"": -2.0, ""14"": 1.0, ""16"": 1.0}"	0	1.9943537877187538e-15	1	1.9943537877187538e-15	1		soc_p-nonsoc_p
production	sub-127	02	nppi-dmn	9	"{""13"": 1.0, ""15"": -1.0}"	0	1.4939530301359576e-15	1	1.4939530301359576e-15	1		in-out
production	sub-127	02	nppi-dmn	10	"{""11"": -2.0, ""13"": 1.0, ""15"": 1.0}"	0	2.2414819917958583e-15	1	2.2414819917958583e-15	1		soc-nonsoc
production	sub-127	02	nppi-dmn	11	"{""10"": 1.0}"	0	2.177232389300127e-15	1	2.177232389300127e-15	1		phys
production	sub-127	02	nppi-ecn	1	"{""11"": 1.0}"	0	1.2772916831824944e-15	1	1.2772916831824944e-15	1		comp
production	sub-127	02	nppi-ecn	2	"{""12"": 1.0}"	0	1.84725904859005e-15	1	1.84725904859005e-15	1		comp_p
production	sub-127	02	nppi-ecn	3	"{""13"": 1.0}"	0	2.3198517624504707e-15	1	2.3198517624504707e-15	1		in
production	sub-127	02	nppi-ecn	4	"{""14"": 1.0}"	0	2.7976612990902086e-15	1	2.7976612990902086e-15	1		in_p
production	sub-127	02	nppi-ecn	5	"{""15"": 1.0}"	0	1.1359291414457876e-15	1	1.1359291414457876e-15	1		out
production	sub-127	02	nppi-ecn	6	"{""16"": 1.0}"	0	1.795514757302742e-15	1	1.795514757302742e-15	1		out_p
production	sub-127	02	nppi-ecn	7	"{""14"": 1.0, ""16"": -1.0}"	0	2.031362846048237e-15	1	2.031362846048237e-15	1		in_p-out_p
production	sub-127	02	nppi-ecn	8	"{""12"": -2.0, ""14"": 1.0, ""16"": 1.0}"	0	2.404829755973095e-15	1	2.404829755973095e-15	1		soc_p-nonsoc_p
production	sub-127	02	nppi-ecn	9	"{""13"": 1.0, ""15"": -1.0}"	0	1.831513893917559e-15	1	1.831513893917559e-15	1		in-out
production	sub-127	02	nppi-ecn	10	"{""11"": -2.0, ""13"": 1.0, ""15"": 1.0}"	0	1.3055806019041208e-15	1	1.3055806019041208e-15	1		soc-nonsoc
production	sub-127	02	nppi-ecn	11	"{""10"": 1.0}"	0	4.226542023542289e-15	1	4.226542023542289e-15	1		phys
production	sub-128	01	act	1	"{""1"": 1.0}"	0	1.1660357287443073e-15	1	1.1660357287443073e-15	1		comp
production	sub-128	01	act	2	"{""2"": 1.0}"	0	1.0569566749313978e-15	1	1.0569566749313978e-15	1		comp_p
production	sub-128	01	act	3	"{""3"": 1.0}"	0	1.1568441396894567e-15	1	1.1568441396894567e-15	1		in
production	sub-128	01	act	4	"{""4"": 1.0}"	0	1.303730656660564e-15	1	1.303730656660564e-15	1		in_p
production	sub-128	01	act	5	"{""5"": 1.0}"	0	1.1049206706015276e-15	1	1.1049206706015276e-15	1		out
production	sub-128	01	act	6	"{""6"": 1.0}"	0	1.2154095055020564e-15	1	1.2154095055020564e-15	1		out_p
production	sub-128	01	act	7	"{""4"": 1.0, ""6"": -1.0}"	0	1.2588926526913421e-15	1	1.2588926526913421e-15	1		in_p-out_p
production	sub-128	01	act	8	"{""2"": -2.0, ""4"": 1.0, ""6"": 1.0}"	0	1.0981494165305298e-15	1	1.0981494165305298e-15	1		soc_p-nonsoc_p
production	sub-128	01	act	9	"{""3"": 1.0, ""5"": -1.0}"	0	1.0751794058256208e-15	1	1.0751794058256208e-15	1		in-out
production	sub-128	01	act	10	"{""1"": -2.0, ""3"": 1.0, ""5"": 1.0}"	0	8.785951846039587e-16	1	8.785951846039587e-16	1		soc-nonsoc
production	sub-128	01	nppi-dmn	1	"{""11"": 1.0}"	0	1.3981292701404956e-15	1	1.3981292701404956e-15	1		comp
production	sub-128	01	nppi-dmn	2	"{""12"": 1.0}"	0	1.438021209971128e-15	1	1.438021209971128e-15	1		comp_p
production	sub-128	01	nppi-dmn	3	"{""13"": 1.0}"	0	1.076094368480879e-15	1	1.076094368480879e-15	1		in
production	sub-128	01	nppi-dmn	4	"{""14"": 1.0}"	0	1.3061907808026213e-15	1	1.3061907808026213e-15	1		in_p
production	sub-128	01	nppi-dmn	5	"{""15"": 1.0}"	0	1.4765162090182534e-15	1	1.4765162090182534e-15	1		out
production	sub-128	01	nppi-dmn	6	"{""16"": 1.0}"	0	1.6385759738530876e-15	1	1.6385759738530876e-15	1		out_p
production	sub-128	01	nppi-dmn	7	"{""14"": 1.0, ""16"": -1.0}"	0	1.5204952205671683e-15	1	1.5204952205671683e-15	1		in_p-out_p
production	sub-128	01	nppi-dmn	8	"{""12"": -2.0, ""14"": 1.0, ""16"": 1.0}"	0	1.650018508263932e-15	1	1.650018508263932e-15	1		soc_p-nonsoc_p
production	sub-128	01	nppi-dmn	9	"{""13"": 1.0, ""15"": -1.0}"	0	1.25968147495458e-15	1	1.25968147495458e-15	1		in-out
production	sub-128	01	nppi-dmn	10	"{""11"": -2.0, ""13"": 1.0, ""15"": 1.0}"	0	1.4820162350354761e-15	1	1.4820162350354761e-15	1		soc-nonsoc
production	sub-128	01	nppi-dmn	11	"{""10"": 1.0}"	0	1.6999902029021082e-15	1	1.6999902029021082e-15	1		phys
production	sub-128	01	nppi-ecn	1	"{""11"": 1.0}"	0	2.7034387514204224e-15	1	2.7034387514204224e-15	1		comp
production	sub-128	01	nppi-ecn	2	"{""12"": 1.0}"	0	1.3513364881994353e-15	1	1.3513364881994353e-15	1		comp_p
production	sub-128	01	nppi-ecn	3	"{""13"": 1.0}"	0	2.1977908530716883e-15	1	2.1977908530716883e-15	1		in
production	sub-128	01	nppi-ecn	4	"{""14"": 1.0}"	0	1.6780386447502344e-15	1	1.6780386447502344e-15	1		in_p
production	sub-128	01	nppi-ecn	5	"{""15"": 1.0}"	0	1.9323317462309323e-15	1	1.9323317462309323e-15	1		out
production	sub-128	01	nppi-ecn	6	"{""16"": 1.0}"	0	1.3897181224211573e-15	1	1.3897181224211573e-15	1		out_p
production	sub-128	01	nppi-ecn	7	"{""14"": 1.0, ""16"": -1.0}"	0	1.600479767612035e-15	1	1.600479767612035e-15	1		in_p-out_p
production	sub-128	01	nppi-ecn	8	"{""12"": -2.0, ""14"": 1.0, ""16"": 1.0}"	0	1.3628342763003876e-15	1	1.3628342763003876e-15	1		soc_p-nonsoc_p
production	sub-128	01	nppi-ecn	9	"{""13"": 1.0, ""15"": -1.0}"	0	1.9045028138130743e-15	1	1.9045028138130743e-15	1		in-out
production	sub-128	01	nppi-ecn	10	"{""11"": -2.0, ""13"": 1.0, ""15"": 1.0}"	0	1.6862143777423156e-15	1	1.6862143777423156e-15	1		soc-nonsoc
production	sub-128	01	nppi-ecn	11	"{""10"": 1.0}"	0	2.5525909328771088e-15	1	2.5525909328771088e-15	1		phys
production	sub-128	02	act	1	"{""1"": 1.0}"	0	1.043243654172312e-15	1	1.043243654172312e-15	1		comp
production	sub-128	02	act	2	"{""2"": 1.0}"	0	7.971539247515846e-16	1	7.971539247515846e-16	1		comp_p
production	sub-128	02	act	3	"{""3"": 1.0}"	0	8.675426169953406e-16	1	8.675426169953406e-16	1		in
production	sub-128	02	act	4	"{""4"": 1.0}"	0	1.111719205973953e-15	1	1.111719205973953e-15	1		in_p
production	sub-128	02	act	5	"{""5"": 1.0}"	0	8.249542066140243e-16	1	8.249542066140243e-16	1		out
production	sub-128	02	act	6	"{""6"": 1.0}"	0	1.1419413841822547e-15	1	1.1419413841822547e-15	1		out_p
production	sub-128	02	act	7	"{""4"": 1.0, ""6"": -1.0}"	0	1.3682234978413623e-15	1	1.3682234978413623e-15	1		in_p-out_p
production	sub-128	02	act	8	"{""2"": -2.0, ""4"": 1.0, ""6"": 1.0}"	0	9.9015326478338e-16	1	9.9015326478338e-16	1		soc_p-nonsoc_p
production	sub-128	02	act	9	"{""3"": 1.0, ""5"": -1.0}"	0	8.46012188473178e-16	1	8.46012188473178e-16	1		in-out
production	sub-128	02	act	10	"{""1"": -2.0, ""3"": 1.0, ""5"": 1.0}"	0	1.4142848992925762e-15	1	1.4142848992925762e-15	1		soc-nonsoc
production	sub-128	02	nppi-dmn	1	"{""11"": 1.0}"	0	1.714355623628701e-15	1	1.714355623628701e-15	1		comp
production	sub-128	02	nppi-dmn	2	"{""12"": 1.0}"	0	1.8619992189773476e-15	1	1.8619992189773476e-15	1		comp_p
production	sub-128	02	nppi-dmn	3	"{""13"": 1.0}"	0	1.530056862429701e-15	1	1.530056862429701e-15	1		in
production	sub-128	02	nppi-dmn	4	"{""14"": 1.0}"	0	1.459097949716016e-15	1	1.459097949716016e-15	1		in_p
production	sub-128	02	nppi-dmn	5	"{""15"": 1.0}"	0	1.6586159187522972e-15	1	1.6586159187522972e-15	1		out
production	sub-128	02	nppi-dmn	6	"{""16"": 1.0}"	0	1.6436612310454491e-15	1	1.6436612310454491e-15	1		out_p
production	sub-128	02	nppi-dmn	7	"{""14"": 1.0, ""16"": -1.0}"	0	1.4510398696101458e-15	1	1.4510398696101458e-15	1		in_p-out_p
production	sub-128	02	nppi-dmn	8	"{""12"": -2.0, ""14"": 1.0, ""16"": 1.0}"	0	1.731086999394601e-15	1	1.731086999394601e-15	1		soc_p-nonsoc_p
production	sub-128	02	nppi-dmn	9	"{""13"": 1.0, ""15"": -1.0}"	0	1.490204826310002e-15	1	1.490204826310002e-15	1		in-out
production	sub-128	02	nppi-dmn	10	"{""11"": -2.0, ""13"": 1.0, ""15"": 1.0}"	0	1.6493589849933448e-15	1	1.6493589849933448e-15	1		soc-nonsoc
production	sub-128	02	nppi-dmn	11	"{""10"": 1.0}"	0	2.8394079681396452e-15	1	2.8394079681396452e-15	1		phys
production	sub-128	02	nppi-ecn	1	"{""11"": 1.0}"	0	1.7363105093913466e-15	1	1.7363105093913466e-15	1		comp
production	sub-128	02	nppi-ecn	2	"{""12"": 1.0}"	0	1.468009534107865e-15	1	1.468009534107865e-15	1		comp_p
production	sub-128	02	nppi-ecn	3	"{""13"": 1.0}"	0	1.5367570233099776e-15	1	1.5367570233099776e-15	1		in
production	sub-128	02	nppi-ecn	4	"{""14"": 1.0}"	0	2.0141638998200475e-15	1	2.0141638998200475e-15	1		in_p
production	sub-128	02	nppi-ecn	5	"{""15"": 1.0}"	0	2.6117950893467968e-15	1	2.6117950893467968e-15	1		out
production	sub-128	02	nppi-ecn	6	"{""16"": 1.0}"	0	1.6095392656644219e-15	1	1.6095392656644219e-15	1		out_p
production	sub-128	02	nppi-ecn	7	"{""14"": 1.0, ""16"": -1.0}"	0	1.946604702694888e-15	1	1.946604702694888e-15	1		in_p-out_p
production	sub-128	02	nppi-ecn	8	"{""12"": -2.0, ""14"": 1.0, ""16"": 1.0}"	0	1.2872269839733292e-15	1	1.2872269839733292e-15	1		soc_p-nonsoc_p
production	sub-128	02	nppi-ecn	9	"{""13"": 1.0, ""15"": -1.0}"	0	2.2281112797666486e-15	1	2.2281112797666486e-15	1		in-out
production	sub-128	02	nppi-ecn	10	"{""11"": -2.0, ""13"": 1.0, ""15"": 1.0}"	0	1.5433388751022835e-15	1	1.5433388751022835e-15	1		soc-nonsoc
production	sub-128	02	nppi-ecn	11	"{""10"": 1.0}"	0	4.845601094067245e-15	1	4.845601094067245e-15	1		phys
production	sub-129	01	act	1	"{""1"": 1.0}"	0	1.4523588026905866e-15	1	1.4523588026905866e-15	1		comp
production	sub-129	01	act	2	"{""2"": 1.0}"	0	1.3484140841666787e-15	1	1.3484140841666787e-15	1		comp_p
production	sub-129	01	act	3	"{""3"": 1.0}"	0	1.6739538751155677e-15	1	1.6739538751155677e-15	1		in
production	sub-129	01	act	4	"{""4"": 1.0}"	0	1.3240884947056672e-15	1	1.3240884947056672e-15	1		in_p
production	sub-129	01	act	5	"{""5"": 1.0}"	0	1.4815705154870974e-15	1	1.4815705154870974e-15	1		out
production	sub-129	01	act	6	"{""6"": 1.0}"	0	1.6059241270273409e-15	1	1.6059241270273409e-15	1		out_p
production	sub-129	01	act	7	"{""4"": 1.0, ""6"": -1.0}"	0	1.4648385370694748e-15	1	1.4648385370694748e-15	1		in_p-out_p
production	sub-129	01	act	8	"{""2"": -2.0, ""4"": 1.0, ""6"": 1.0}"	0	1.5963763334112477e-15	1	1.5963763334112477e-15	1		soc_p-nonsoc_p
production	sub-129	01	act	9	"{""3"": 1.0, ""5"": -1.0}"	0	1.705874463717686e-15	1	1.705874463717686e-15	1		in-out
production	sub-129	01	act	10	"{""1"": -2.0, ""3"": 1.0, ""5"": 1.0}"	0	1.7043727294606552e-15	1	1.7043727294606552e-15	1		soc-nonsoc
production	sub-129	01	nppi-dmn	1	"{""11"": 1.0}"	0	1.7304929206983925e-15	1	1.7304929206983925e-15	1		comp
production	sub-129	01	nppi-dmn	2	"{""12"": 1.0}"	0	1.4789896422023307e-15	1	1.4789896422023307e-15	1		comp_p
production	sub-129	01	nppi-dmn	3	"{""13"": 1.0}"	0	1.4706243645676745e-15	1	1.4706243645676745e-15	1		in
production	sub-129	01	nppi-dmn	4	"{""14"": 1.0}"	0	1.6931278310707165e-15	1	1.6931278310707165e-15	1		in_p
production	sub-129	01	nppi-dmn	5	"{""15"": 1.0}"	0	1.410082745647486e-15	1	1.410082745647486e-15	1		out
production	sub-129	01	nppi-dmn	6	"{""16"": 1.0}"	0	1.2541177637160608e-15	1	1.2541177637160608e-15	1		out_p
production	sub-129	01	nppi-dmn	7	"{""14"": 1.0, ""16"": -1.0}"	0	1.649574721084754e-15	1	1.649574721084754e-15	1		in_p-out_p
production	sub-129	01	nppi-dmn	8	"{""12"": -2.0, ""14"": 1.0, ""16"": 1.0}"	0	1.4326055602523736e-15	1	1.4326055602523736e-15	1		soc_p-nonsoc_p
production	sub-129	01	nppi-dmn	9	"{""13"": 1.0, ""15"": -1.0}"	0	1.4640088645008637e-15	1	1.4640088645008637e-15	1		in-out
production	sub-129	01	nppi-dmn	10	"{""11"": -2.0, ""13"": 1.0, ""15"": 1.0}"	0	1.377367887700647e-15	1	1.377367887700647e-15	1		soc-nonsoc
production	sub-129	01	nppi-dmn	11	"{""10"": 1.0}"	0	2.1675870886015712e-15	1	2.1675870886015712e-15	1		phys
production	sub-129	01	nppi-ecn	1	"{""11"": 1.0}"	0	1.7556999299266246e-15	1	1.7556999299266246e-15	1		comp
production	sub-129	01	nppi-ecn	2	"{""12"": 1.0}"	0	1.5375081984502596e-15	1	1.5375081984502596e-15	1		comp_p
production	sub-129	01	nppi-ecn	3	"{""13"": 1.0}"	0	1.480904395037726e-15	1	1.480904395037726e-15	1		in
production	sub-129	01	nppi-ecn	4	"{""14"": 1.0}"	0	1.5808597263206073e-15	1	1.5808597263206073e-15	1		in_p
production	sub-129	01	nppi-ecn	5	"{""15"": 1.0}"	0	1.979938553809342e-15	1	1.979938553809342e-15	1		out
production	sub-129	01	nppi-ecn	6	"{""16"": 1.0}"	0	1.6854729934160434e-15	1	1.6854729934160434e-15	1		out_p
production	sub-129	01	nppi-ecn	7	"{""14"": 1.0, ""16"": -1.0}"	0	1.5872284708600468e-15	1	1.5872284708600468e-15	1		in_p-out_p
production	sub-129	01	nppi-ecn	8	"{""12"": -2.0, ""14"": 1.0, ""16"": 1.0}"	0	1.6539429831339092e-15	1	1.6539429831339092e-15	1		soc_p-nonsoc_p
production	sub-129	01	nppi-ecn	9	"{""13"": 1.0, ""15"": -1.0}"	0	2.064375230602782e-15	1	2.064375230602782e-15	1		in-out
production	sub-129	01	nppi-ecn	10	"{""11"": -2.0, ""13"": 1.0, ""15"": 1.0}"	0	1.7733364420251229e-15	1	1.7733364420251229e-15	1		soc-nonsoc
production	sub-129	01	nppi-ecn	11	"{""10"": 1.0}"	0	1.4663232654631976e-15	1	1.4663232654631976e-15	1		phys
production	sub-129	02	act	1	"{""1"": 1.0}"	0	7.066806314204283e-16	1	7.066806314204283e-16	1		comp
production	sub-129	02	act	2	"{""2"": 1.0}"	0	3.062282551663387e-15	1	3.062282551663387e-15	1		comp_p
production	sub-129	02	act	3	"{""3"": 1.0}"	0	1.333447553895501e-15	1	1.333447553895501e-15	1		in
production	sub-129	02	act	4	"{""4"": 1.0}"	0	1.4615739523876903e-15	1	1.4615739523876903e-15	1		in_p
production	sub-129	02	act	5	"{""5"": 1.0}"	0	1.1260286754230254e-15	1	1.1260286754230254e-15	1		out
production	sub-129	02	act	6	"{""6"": 1.0}"	0	1.0968122181917566e-15	1	1.0968122181917566e-15	1		out_p
production	sub-129	02	act	7	"{""4"": 1.0, ""6"": -1.0}"	0	1.3096942473683348e-15	1	1.3096942473683348e-15	1		in_p-out_p
production	sub-129	02	act	8	"{""2"": -2.0, ""4"": 1.0, ""6"": 1.0}"	0	2.6360223169939376e-15	1	2.6360223169939376e-15	1		soc_p-nonsoc_p
production	sub-129	02	act	9	"{""3"": 1.0, ""5"": -1.0}"	0	1.4727238619257535e-15	1	1.4727238619257535e-15	1		in-out
production	sub-129	02	act	10	"{""1"": -2.0, ""3"": 1.0, ""5"": 1.0}"	0	9.504555561113682e-16	1	9.504555561113682e-16	1		soc-nonsoc
production	sub-129	02	nppi-dmn	1	"{""11"": 1.0}"	0	8.556244815400137e-15	1	8.556244815400137e-15	1		comp
production	sub-129	02	nppi-dmn	2	"{""12"": 1.0}"	0	8.870027144158663e-15	1	8.870027144158663e-15	1		comp_p
production	sub-129	02	nppi-dmn	3	"{""13"": 1.0}"	0	1.373483269417037e-15	1	1.373483269417037e-15	1		in
production	sub-129	02	nppi-dmn	4	"{""14"": 1.0}"	0	2.7900048822077214e-15	1	2.7900048822077214e-15	1		in_p
production	sub-129	02	nppi-dmn	5	"{""15"": 1.0}"	0	1.70756141445181e-15	1	1.70756141445181e-15	1		out
production	sub-129	02	nppi-dmn	6	"{""16"": 1.0}"	0	1.7322910533679134e-15	1	1.7322910533679134e-15	1		out_p
production	sub-129	02	nppi-dmn	7	"{""14"": 1.0, ""16"": -1.0}"	0	2.64401801448072e-15	1	2.64401801448072e-15	1		in_p-out_p
production	sub-129	02	nppi-dmn	8	"{""12"": -2.0, ""14"": 1.0, ""16"": 1.0}"	0	7.887187448987013e-15	1	7.887187448987013e-15	1		soc_p-nonsoc_p
production	sub-129	02	nppi-dmn	9	"{""13"": 1.0, ""15"": -1.0}"	0	1.4772962242095553e-15	1	1.4772962242095553e-15	1		in-out
production	sub-129	02	nppi-dmn	10	"{""11"": -2.0, ""13"": 1.0, ""15"": 1.0}"	0	7.504639119155774e-15	1	7.504639119155774e-15	1		soc-nonsoc
production	sub-129	02	nppi-dmn	11	"{""10"": 1.0}"	0	4.1944718057953e-15	1	4.1944718057953e-15	1		phys
production	sub-129	02	nppi-ecn	1	"{""11"": 1.0}"	0	2.148629924458711e-15	1	2.148629924458711e-15	1		comp
production	sub-129	02	nppi-ecn	2	"{""12"": 1.0}"	0	2.634419972868827e-15	1	2.634419972868827e-15	1		comp_p
production	sub-129	02	nppi-ecn	3	"{""13"": 1.0}"	0	1.5439601799824458e-15	1	1.5439601799824458e-15	1		in
production	sub-129	02	nppi-ecn	4	"{""14"": 1.0}"	0	1.841089425310246e-15	1	1.841089425310246e-15	1		in_p
production	sub-129	02	nppi-ecn	5	"{""15"": 1.0}"	0	1.4964748852181373e-15	1	1.4964748852181373e-15	1		out
production	sub-129	02	nppi-ecn	6	"{""16"": 1.0}"	0	1.3971624846582607e-15	1	1.3971624846582607e-15	1		out_p
production	sub-129	02	nppi-ecn	7	"{""14"": 1.0, ""16"": -1.0}"	0	1.8658425861756346e-15	1	1.8658425861756346e-15	1		in_p-out_p
production	sub-129	02	nppi-ecn	8	"{""12"": -2.0, ""14"": 1.0, ""16"": 1.0}"	0	2.2633740883428142e-15	1	2.2633740883428142e-15	1		soc_p-nonsoc_p
production	sub-129	02	nppi-ecn	9	"{""13"": 1.0, ""15"": -1.0}"	0	1.5862375417789413e-15	1	1.5862375417789413e-15	1		in-out
production	sub-129	02	nppi-ecn	10	"{""11"": -2.0, ""13"": 1.0, ""15"": 1.0}"	0	1.9584391194574026e-15	1	1.9584391194574026e-15	1		soc-nonsoc
production	sub-129	02	nppi-ecn	11	"{""10"": 1.0}"	0	2.052441830775767e-15	1	2.052441830775767e-15	1		phys
production	sub-130	01	act	1	"{""1"": 1.0}"	0	8.662505772318937e-16	1	8.662505772318937e-16	1		comp
production	sub-130	01	act	2	"{""2"": 1.0}"	0	1.1547292513878849e-15	1	1.1547292513878849e-15	1		comp_p
production	sub-130	01	act	3	"{""3"": 1.0}"	0	1.5227010563174236e-15	1	1.5227010563174236e-15	1		in
production	sub-130	01	act	4	"{""4"": 1.0}"	0	1.5925021653455975e-15	1	1.5925021653455975e-15	1		in_p
production	sub-130	01	act	5	"{""5"": 1.0}"	0	1.2612117343388639e-15	1	1.2612117343388639e-15	1		out
production	sub-130	01	act	6	"{""6"": 1.0}"	0	1.5532009486993925e-15	1	1.5532009486993925e-15	1		out_p
production	sub-130	01	act	7	"{""4"": 1.0, ""6"": -1.0}"	0	1.652219597577203e-15	1	1.652219597577203e-15	1		in_p-out_p
production	sub-130	01	act	8	"{""2"": -2.0, ""4"": 1.0, ""6"": 1.0}"	0	1.264134583130825e-15	1	1.264134583130825e-15	1		soc_p-nonsoc_p
production	sub-130	01	act	9	"{""3"": 1.0, ""5"": -1.0}"	0	1.6306726255630397e-15	1	1.6306726255630397e-15	1		in-out
production	sub-130	01	act	10	"{""1"": -2.0, ""3"": 1.0, ""5"": 1.0}"	0	9.842421555176837e-16	1	9.842421555176837e-16	1		soc-nonsoc
production	sub-130	01	nppi-dmn	1	"{""11"": 1.0}"	0	1.6310079381163152e-15	1	1.6310079381163152e-15	1		comp
production	sub-130	01	nppi-dmn	2	"{""12"": 1.0}"	0	1.3090612972916464e-15	1	1.3090612972916464e-15	1		comp_p
production	sub-130	01	nppi-dmn	3	"{""13"": 1.0}"	0	1.7711709303154331e-15	1	1.7711709303154331e-15	1		in
production	sub-130	01	nppi-dmn	4	"{""14"": 1.0}"	0	1.3468075493452525e-15	1	1.3468075493452525e-15	1		in_p
production	sub-130	01	nppi-dmn	5	"{""15"": 1.0}"	0	1.680735001242608e-15	1	1.680735001242608e-15	1		out
production	sub-130	01	nppi-dmn	6	"{""16"": 1.0}"	0	2.078568169955239e-15	1	2.078568169955239e-15	1		out_p
production	sub-130	01	nppi-dmn	7	"{""14"": 1.0, ""16"": -1.0}"	0	1.872398323285524e-15	1	1.872398323285524e-15	1		in_p-out_p
production	sub-130	01	nppi-dmn	8	"{""12"": -2.0, ""14"": 1.0, ""16"": 1.0}"	0	1.6723094306317991e-15	1	1.6723094306317991e-15	1		soc_p-nonsoc_p
production	sub-130	01	nppi-dmn	9	"{""13"": 1.0, ""15"": -1.0}"	0	2.044202437295051e-15	1	2.044202437295051e-15	1		in-out
production	sub-130	01	nppi-dmn	10	"{""11"": -2.0, ""13"": 1.0, ""15"": 1.0}"	0	1.6042709117011616e-15	1	1.6042709117011616e-15	1		soc-nonsoc
production	sub-130	01	nppi-dmn	11	"{""10"": 1.0}"	0	2.2263722455276812e-15	1	2.2263722455276812e-15	1		phys
production	sub-130	01	nppi-ecn	1	"{""11"": 1.0}"	0	1.7985175079054804e-15	1	1.7985175079054804e-15	1		comp
production	sub-130	01	nppi-ecn	2	"{""12"": 1.0}"	0	1.9063658798889377e-15	1	1.9063658798889377e-15	1		comp_p
production	sub-130	01	nppi-ecn	3	"{""13"": 1.0}"	0	1.5487161811791735e-15	1	1.5487161811791735e-15	1		in
production	sub-130	01	nppi-ecn	4	"{""14"": 1.0}"	0	1.61091789180804e-15	1	1.61091789180804e-15	1		in_p
production	sub-130	01	nppi-ecn	5	"{""15"": 1.0}"	0	1.875871607390467e-15	1	1.875871607390467e-15	1		out
production	sub-130	01	nppi-ecn	6	"{""16"": 1.0}"	0	1.7162857841924753e-15	1	1.7162857841924753e-15	1		out_p
production	sub-130	01	nppi-ecn	7	"{""14"": 1.0, ""16"": -1.0}"	0	1.4929991328655571e-15	1	1.4929991328655571e-15	1		in_p-out_p
production	sub-130	01	nppi-ecn	8	"{""12"": -2.0, ""14"": 1.0, ""16"": 1.0}"	0	1.83607115829341e-15	1	1.83607115829341e-15	1		soc_p-nonsoc_p
production	sub-130	01	nppi-ecn	9	"{""13"": 1.0, ""15"": -1.0}"	0	1.6979532517579118e-15	1	1.6979532517579118e-15	1		in-out
production	sub-130	01	nppi-ecn	10	"{""11"": -2.0, ""13"": 1.0, ""15"": 1.0}"	0	1.8317774094532098e-15	1	1.8317774094532098e-15	1		soc-nonsoc
production	sub-130	01	nppi-ecn	11	"{""10"": 1.0}"	0	1.6959895511078242e-15	1	1.6959895511078242e-15	1		phys
production	sub-130	02	act	1	"{""1"": 1.0}"	0	7.06604272160851e-16	1	7.06604272160851e-16	1		comp
production	sub-130	02	act	2	"{""2"": 1.0}"	0	1.4242326706922272e-15	1	1.4242326706922272e-15	1		comp_p
production	sub-130	02	act	3	"{""3"": 1.0}"	0	1.3132687730362508e-15	1	1.3132687730362508e-15	1		in
production	sub-130	02	act	4	"{""4"": 1.0}"	0	1.1176225899669246e-15	1	1.1176225899669246e-15	1		in_p
production	sub-130	02	act	5	"{""5"": 1.0}"	0	1.1095622133517708e-15	1	1.1095622133517708e-15	1		out
production	sub-130	02	act	6	"{""6"": 1.0}"	0	9.458190331376138e-16	1	9.458190331376138e-16	1		out_p
production	sub-130	02	act	7	"{""4"": 1.0, ""6"": -1.0}"	0	9.620172975724012e-16	1	9.620172975724012e-16	1		in_p-out_p
production	sub-130	02	act	8	"{""2"": -2.0, ""4"": 1.0, ""6"": 1.0}"	0	1.3023235097027935e-15	1	1.3023235097027935e-15	1		soc_p-nonsoc_p
production	sub-130	02	act	9	"{""3"": 1.0, ""5"": -1.0}"	0	1.5801716660564042e-15	1	1.5801716660564042e-15	1		in-out
production	sub-130	02	act	10	"{""1"": -2.0, ""3"": 1.0, ""5"": 1.0}"	0	6.303927379360624e-16	1	6.303927379360624e-16	1		soc-nonsoc
production	sub-130	02	nppi-dmn	1	"{""11"": 1.0}"	0	1.5121198391122168e-15	1	1.5121198391122168e-15	1		comp
production	sub-130	02	nppi-dmn	2	"{""12"": 1.0}"	0	1.6266865513392646e-15	1	1.6266865513392646e-15	1		comp_p
production	sub-130	02	nppi-dmn	3	"{""13"": 1.0}"	0	1.330098261950894e-15	1	1.330098261950894e-15	1		in
production	sub-130	02	nppi-dmn	4	"{""14"": 1.0}"	0	1.8948963840035463e-15	1	1.8948963840035463e-15	1		in_p
production	sub-130	02	nppi-dmn	5	"{""15"": 1.0}"	0	1.4503133231877838e-15	1	1.4503133231877838e-15	1		out
production	sub-130	02	nppi-dmn	6	"{""16"": 1.0}"	0	1.4892575402204017e-15	1	1.4892575402204017e-15	1		out_p
production	sub-130	02	nppi-dmn	7	"{""14"": 1.0, ""16"": -1.0}"	0	1.7912424190078972e-15	1	1.7912424190078972e-15	1		in_p-out_p
production	sub-130	02	nppi-dmn	8	"{""12"": -2.0, ""14"": 1.0, ""16"": 1.0}"	0	1.838559828465927e-15	1	1.838559828465927e-15	1		soc_p-nonsoc_p
production	sub-130	02	nppi-dmn	9	"{""13"": 1.0, ""15"": -1.0}"	0	1.4973253103136484e-15	1	1.4973253103136484e-15	1		in-out
production	sub-130	02	nppi-dmn	10	"{""11"": -2.0, ""13"": 1.0, ""15"": 1.0}"	0	1.3718935960684413e-15	1	1.3718935960684413e-15	1		soc-nonsoc
production	sub-130	02	nppi-dmn	11	"{""10"": 1.0}"	0	2.350388273633423e-15	1	2.350388273633423e-15	1		phys
production	sub-130	02	nppi-ecn	1	"{""11"": 1.0}"	0	1.3371117796605833e-15	1	1.3371117796605833e-15	1		comp
production	sub-130	02	nppi-ecn	2	"{""12"": 1.0}"	0	1.5671622879970867e-15	1	1.5671622879970867e-15	1		comp_p
production	sub-130	02	nppi-ecn	3	"{""13"": 1.0}"	0	2.0297388077869757e-15	1	2.0297388077869757e-15	1		in
production	sub-130	02	nppi-ecn	4	"{""14"": 1.0}"	0	1.7067129509010887e-15	1	1.7067129509010887e-15	1		in_p
production	sub-130	02	nppi-ecn	5	"{""15"": 1.0}"	0	1.73547229917177e-15	1	1.73547229917177e-15	1		out
production	sub-130	02	nppi-ecn	6	"{""16"": 1.0}"	0	1.8725930197422414e-15	1	1.8725930197422414e-15	1		out_p
production	sub-130	02	nppi-ecn	7	"{""14"": 1.0, ""16"": -1.0}"	0	2.0031118031368332e-15	1	2.0031118031368332e-15	1		in_p-out_p
production	sub-130	02	nppi-ecn	8	"{""12"": -2.0, ""14"": 1.0, ""16"": 1.0}"	0	1.4758969706842092e-15	1	1.4758969706842092e-15	1		soc_p-nonsoc_p
production	sub-130	02	nppi-ecn	9	"{""13"": 1.0, ""15"": -1.0}"	0	2.148239554732416e-15	1	2.148239554732416e-15	1		in-out
production	sub-130	02	nppi-ecn	10	"{""11"": -2.0, ""13"": 1.0, ""15"": 1.0}"	0	1.438577613944163e-15	1	1.438577613944163e-15	1		soc-nonsoc
production	sub-130	02	nppi-ecn	11	"{""10"": 1.0}"	0	1.7200308786452457e-15	1	1.7200308786452457e-15	1		phys
production	sub-132	01	act	1	"{""1"": 1.0}"	0	8.098424767203069e-16	1	8.098424767203069e-16	1		comp
production	sub-132	01	act	2	"{""2"": 1.0}"	0	1.7154615223782257e-15	1	1.7154615223782257e-15	1		comp_p
production	sub-132	01	act	3	"{""3"": 1.0}"	0	1.056349915257042e-15	1	1.056349915257042e-15	1		in
production	sub-132	01	act	4	"{""4"": 1.0}"	0	1.050618801035594e-15	1	1.050618801035594e-15	1		in_p
production	sub-132	01	act	5	"{""5"": 1.0}"	0	1.086429488966286e-15	1	1.086429488966286e-15	1		out
production	sub-132	01	act	6	"{""6"": 1.0}"	0	1.3663163590967988e-15	1	1.3663163590967988e-15	1		out_p
production	sub-132	01	act	7	"{""4"": 1.0, ""6"": -1.0}"	0	1.3429245360283403e-15	1	1.3429245360283403e-15	1		in_p-out_p
production	sub-132	01	act	8	"{""2"": -2.0, ""4"": 1.0, ""6"": 1.0}"	0	1.6662386306383292e-15	1	1.6662386306383292e-15	1		soc_p-nonsoc_p
production	sub-132	01	act	9	"{""3"": 1.0, ""5"": -1.0}"	0	1.201688141291879e-15	1	1.201688141291879e-15	1		in-out
production	sub-132	01	act	10	"{""1"": -2.0, ""3"": 1.0, ""5"": 1.0}"	0	9.492657273968057e-16	1	9.492657273968057e-16	1		soc-nonsoc
production	sub-132	01	nppi-dmn	1	"{""11"": 1.0}"	0	1.263727364870024e-15	1	1.263727364870024e-15	1		comp
production	sub-132	01	nppi-dmn	2	"{""12"": 1.0}"	0	1.4361509972778671e-15	1	1.4361509972778671e-15	1		comp_p
production	sub-132	01	nppi-dmn	3	"{""13"": 1.0}"	0	1.877946471906337e-15	1	1.877946471906337e-15	1		in
production	sub-132	01	nppi-dmn	4	"{""14"": 1.0}"	0	1.501492333621978e-15	1	1.501492333621978e-15	1		in_p
production	sub-132	01	nppi-dmn	5	"{""15"": 1.0}"	0	1.4049454827521388e-15	1	1.4049454827521388e-15	1		out
production	sub-132	01	nppi-dmn	6	"{""16"": 1.0}"	0	1.493004224480334e-15	1	1.493004224480334e-15	1		out_p
production	sub-132	01	nppi-dmn	7	"{""14"": 1.0, ""16"": -1.0}"	0	1.740175083105899e-15	1	1.740175083105899e-15	1		in_p-out_p
production	sub-132	01	nppi-dmn	8	"{""12"": -2.0, ""14"": 1.0, ""16"": 1.0}"	0	1.4145598635046945e-15	1	1.4145598635046945e-15	1		soc_p-nonsoc_p
production	sub-132	01	nppi-dmn	9	"{""13"": 1.0, ""15"": -1.0}"	0	1.5952425213485275e-15	1	1.5952425213485275e-15	1		in-out
production	sub-132	01	nppi-dmn	10	"{""11"": -2.0, ""13"": 1.0, ""15"": 1.0}"	0	1.6366262028330401e-15	1	1.6366262028330401e-15	1		soc-nonsoc
production	sub-132	01	nppi-dmn	11	"{""10"": 1.0}"	0	1.256633138957521e-15	1	1.256633138957521e-15	1		phys
production	sub-132	01	nppi-ecn	1	"{""11"": 1.0}"	0	1.6116478723974343e-15	1	1.6116478723974343e-15	1		comp
production	sub-132	01	nppi-ecn	2	"{""12"": 1.0}"	0	1.3831585523081861e-15	1	1.3831585523081861e-15	1		comp_p
production	sub-132	01	nppi-ecn	3	"{""13"": 1.0}"	0	1.5301228039639363e-15	1	1.5301228039639363e-15	1		in
production	sub-132	01	nppi-ecn	4	"{""14"": 1.0}"	0	1.5662103837684992e-15	1	1.5662103837684992e-15	1		in_p
production	sub-132	01	nppi-ecn	5	"{""15"": 1.0}"	0	1.7148767037748235e-15	1	1.7148767037748235e-15	1		out
production	sub-132	01	nppi-ecn	6	"{""16"": 1.0}"	0	1.743648589312015e-15	1	1.743648589312015e-15	1		out_p
production	sub-132	01	nppi-ecn	7	"{""14"": 1.0, ""16"": -1.0}"	0	1.686450435838798e-15	1	1.686450435838798e-15	1		in_p-out_p
production	sub-132	01	nppi-ecn	8	"{""12"": -2.0, ""14"": 1.0, ""16"": 1.0}"	0	1.4416188572867606e-15	1	1.4416188572867606e-15	1		soc_p-nonsoc_p
production	sub-132	01	nppi-ecn	9	"{""13"": 1.0, ""15"": -1.0}"	0	1.8111455022455603e-15	1	1.8111455022455603e-15	1		in-out
production	sub-132	01	nppi-ecn	10	"{""11"": -2.0, ""13"": 1.0, ""15"": 1.0}"	0	1.753221231070557e-15	1	1.753221231070557e-15	1		soc-nonsoc
production	sub-132	01	nppi-ecn	11	"{""10"": 1.0}"	0	1.4536683251209232e-15	1	1.4536683251209232e-15	1		phys
production	sub-132	02	act	1	"{""1"": 1.0}"	0	1.2103957311489464e-15	1	1.2103957311489464e-15	1		comp
production	sub-132	02	act	2	"{""2"": 1.0}"	0	1.0409789754919197e-15	1	1.0409789754919197e-15	1		comp_p
production	sub-132	02	act	3	"{""3"": 1.0}"	0	1.0851575291735873e-15	1	1.0851575291735873e-15	1		in
production	sub-132	02	act	4	"{""4"": 1.0}"	0	7.127674735741246e-16	1	7.127674735741246e-16	1		in_p
production	sub-132	02	act	5	"{""5"": 1.0}"	0	9.325864363973534e-16	1	9.325864363973534e-16	1		out
production	sub-132	02	act	6	"{""6"": 1.0}"	0	1.1737917147813788e-15	1	1.1737917147813788e-15	1		out_p
production	sub-132	02	act	7	"{""4"": 1.0, ""6"": -1.0}"	0	6.546466345715264e-16	1	6.546466345715264e-16	1		in_p-out_p
production	sub-132	02	act	8	"{""2"": -2.0, ""4"": 1.0, ""6"": 1.0}"	0	1.1523527617862767e-15	1	1.1523527617862767e-15	1		soc_p-nonsoc_p
production	sub-132	02	act	9	"{""3"": 1.0, ""5"": -1.0}"	0	9.66082616100278e-16	1	9.66082616100278e-16	1		in-out
production	sub-132	02	act	10	"{""1"": -2.0, ""3"": 1.0, ""5"": 1.0}"	0	1.1917017437443838e-15	1	1.1917017437443838e-15	1		soc-nonsoc
production	sub-132	02	nppi-dmn	1	"{""11"": 1.0}"	0	2.1508320251529632e-15	1	2.1508320251529632e-15	1		comp
production	sub-132	02	nppi-dmn	2	"{""12"": 1.0}"	0	1.7478473997786098e-15	1	1.7478473997786098e-15	1		comp_p
production	sub-132	02	nppi-dmn	3	"{""13"": 1.0}"	0	1.9389830761474495e-15	1	1.9389830761474495e-15	1		in
production	sub-132	02	nppi-dmn	4	"{""14"": 1.0}"	0	1.777916874847549e-15	1	1.777916874847549e-15	1		in_p
production	sub-132	02	nppi-dmn	5	"{""15"": 1.0}"	0	1.2365749091813292e-15	1	1.2365749091813292e-15	1		out
production	sub-132	02	nppi-dmn	6	"{""16"": 1.0}"	0	1.5948585187018248e-15	1	1.5948585187018248e-15	1		out_p
production	sub-132	02	nppi-dmn	7	"{""14"": 1.0, ""16"": -1.0}"	0	1.831314256831186e-15	1	1.831314256831186e-15	1		in_p-out_p
production	sub-132	02	nppi-dmn	8	"{""12"": -2.0, ""14"": 1.0, ""16"": 1.0}"	0	1.5626418429903433e-15	1	1.5626418429903433e-15	1		soc_p-nonsoc_p
production	sub-132	02	nppi-dmn	9	"{""13"": 1.0, ""15"": -1.0}"	0	1.65601946911471e-15	1	1.65601946911471e-15	1		in-out
production	sub-132	02	nppi-dmn	10	"{""11"": -2.0, ""13"": 1.0, ""15"": 1.0}"	0	1.3354871505113927e-15	1	1.3354871505113927e-15	1		soc-nonsoc
production	sub-132	02	nppi-dmn	11	"{""10"": 1.0}"	0	2.3912633305918282e-15	1	2.3912633305918282e-15	1		phys
production	sub-132	02	nppi-ecn	1	"{""11"": 1.0}"	0	2.700856861379519e-15	1	2.700856861379519e-15	1		comp
production	sub-132	02	nppi-ecn	2	"{""12"": 1.0}"	0	2.759384550347957e-15	1	2.759384550347957e-15	1		comp_p
production	sub-132	02	nppi-ecn	3	"{""13"": 1.0}"	0	2.180597772484769e-15	1	2.180597772484769e-15	1		in
production	sub-132	02	nppi-ecn	4	"{""14"": 1.0}"	0	2.9740101103545835e-15	1	2.9740101103545835e-15	1		in_p
production	sub-132	02	nppi-ecn	5	"{""15"": 1.0}"	0	1.4557097215077177e-15	1	1.4557097215077177e-15	1		out
production	sub-132	02	nppi-ecn	6	"{""16"": 1.0}"	0	1.656090759454182e-15	1	1.656090759454182e-15	1		out_p
production	sub-132	02	nppi-ecn	7	"{""14"": 1.0, ""16"": -1.0}"	0	2.5180905923055286e-15	1	2.5180905923055286e-15	1		in_p-out_p
production	sub-132	02	nppi-ecn	8	"{""12"": -2.0, ""14"": 1.0, ""16"": 1.0}"	0	2.3911648721494313e-15	1	2.3911648721494313e-15	1		soc_p-nonsoc_p
production	sub-132	02	nppi-ecn	9	"{""13"": 1.0, ""15"": -1.0}"	0	1.7647556342093114e-15	1	1.7647556342093114e-15	1		in-out
production	sub-132	02	nppi-ecn	10	"{""11"": -2.0, ""13"": 1.0, ""15"": 1.0}"	0	2.1582284999191085e-15	1	2.1582284999191085e-15	1		soc-nonsoc
production	sub-132	02	nppi-ecn	11	"{""10"": 1.0}"	0	3.5811820116041975e-15	1	3.5811820116041975e-15	1		phys
production	sub-133	01	act	1	"{""1"": 1.0}"	0	1.1548431254533995e-15	1	1.1548431254533995e-15	1		comp
production	sub-133	01	act	2	"{""2"": 1.0}"	0	1.632935830557677e-15	1	1.632935830557677e-15	1		comp_p
production	sub-133	01	act	3	"{""3"": 1.0}"	0	9.819105700852265e-16	1	9.819105700852265e-16	1		in
production	sub-133	01	act	4	"{""4"": 1.0}"	0	1.516814647741913e-15	1	1.516814647741913e-15	1		in_p
production	sub-133	01	act	5	"{""5"": 1.0}"	0	1.3482656173731976e-15	1	1.3482656173731976e-15	1		out
production	sub-133	01	act	6	"{""6"": 1.0}"	0	1.3014856802288862e-15	1	1.3014856802288862e-15	1		out_p
production	sub-133	01	act	7	"{""4"": 1.0, ""6"": -1.0}"	0	1.4848166814558489e-15	1	1.4848166814558489e-15	1		in_p-out_p
production	sub-133	01	act	8	"{""2"": -2.0, ""4"": 1.0, ""6"": 1.0}"	0	1.4565045177720739e-15	1	1.4565045177720739e-15	1		soc_p-nonsoc_p
production	sub-133	01	act	9	"{""3"": 1.0, ""5"": -1.0}"	0	1.2754534598585776e-15	1	1.2754534598585776e-15	1		in-out
production	sub-133	01	act	10	"{""1"": -2.0, ""3"": 1.0, ""5"": 1.0}"	0	1.2830355229371743e-15	1	1.2830355229371743e-15	1		soc-nonsoc
production	sub-133	01	nppi-dmn	1	"{""11"": 1.0}"	0	1.3443550509079258e-15	1	1.3443550509079258e-15	1		comp
production	sub-133	01	nppi-dmn	2	"{""12"": 1.0}"	0	1.1341005466607764e-15	1	1.1341005466607764e-15	1		comp_p
production	sub-133	01	nppi-dmn	3	"{""13"": 1.0}"	0	1.7124938674161696e-15	1	1.7124938674161696e-15	1		in
production	sub-133	01	nppi-dmn	4	"{""14"": 1.0}"	0	1.5355987902553803e-15	1	1.5355987902553803e-15	1		in_p
production	sub-133	01	nppi-dmn	5	"{""15"": 1.0}"	0	1.3214291116119296e-15	1	1.3214291116119296e-15	1		out
production	sub-133	01	nppi-dmn	6	"{""16"": 1.0}"	0	1.3202908270497494e-15	1	1.3202908270497494e-15	1		out_p
production	sub-133	01	nppi-dmn	7	"{""14"": 1.0, ""16"": -1.0}"	0	1.5862486441185711e-15	1	1.5862486441185711e-15	1		in_p-out_p
production	sub-133	01	nppi-dmn	8	"{""12"": -2.0, ""14"": 1.0, ""16"": 1.0}"	0	1.2261035578180158e-15	1	1.2261035578180158e-15	1		soc_p-nonsoc_p
production	sub-133	01	nppi-dmn	9	"{""13"": 1.0, ""15"": -1.0}"	0	1.6180022888083933e-15	1	1.6180022888083933e-15	1		in-out
production	sub-133	01	nppi-dmn	10	"{""11"": -2.0, ""13"": 1.0, ""15"": 1.0}"	0	1.4786473208025983e-15	1	1.4786473208025983e-15	1		soc-nonsoc
production	sub-133	01	nppi-dmn	11	"{""10"": 1.0}"	0	1.3326994851257167e-15	1	1.3326994851257167e-15	1		phys
production	sub-133	01	nppi-ecn	1	"{""11"": 1.0}"	0	1.5004378394462914e-15	1	1.5004378394462914e-15	1		comp
production	sub-133	01	nppi-ecn	2	"{""12"": 1.0}"	0	1.2937774074089883e-15	1	1.2937774074089883e-15	1		comp_p
production	sub-133	01	nppi-ecn	3	"{""13"": 1.0}"	0	1.6413897241188878e-15	1	1.6413897241188878e-15	1		in
production	sub-133	01	nppi-ecn	4	"{""14"": 1.0}"	0	1.3387373000440475e-15	1	1.3387373000440475e-15	1		in_p
production	sub-133	01	nppi-ecn	5	"{""15"": 1.0}"	0	1.560949059182397e-15	1	1.560949059182397e-15	1		out
production	sub-133	01	nppi-ecn	6	"{""16"": 1.0}"	0	1.6776195645737419e-15	1	1.6776195645737419e-15	1		out_p
production	sub-133	01	nppi-ecn	7	"{""14"": 1.0, ""16"": -1.0}"	0	1.4652593561613172e-15	1	1.4652593561613172e-15	1		in_p-out_p
production	sub-133	01	nppi-ecn	8	"{""12"": -2.0, ""14"": 1.0, ""16"": 1.0}"	0	1.5604544334949462e-15	1	1.5604544334949462e-15	1		soc_p-nonsoc_p
production	sub-133	01	nppi-ecn	9	"{""13"": 1.0, ""15"": -1.0}"	0	1.420999002460785e-15	1	1.420999002460785e-15	1		in-out
production	sub-133	01	nppi-ecn	10	"{""11"": -2.0, ""13"": 1.0, ""15"": 1.0}"	0	1.7810784442625914e-15	1	1.7810784442625914e-15	1		soc-nonsoc
production	sub-133	01	nppi-ecn	11	"{""10"": 1.0}"	0	1.6519580134929793e-15	1	1.6519580134929793e-15	1		phys
production	sub-133	02	act	1	"{""1"": 1.0}"	0	1.3790116091269937e-15	1	1.3790116091269937e-15	1		comp
production	sub-133	02	act	2	"{""2"": 1.0}"	0	1.5331421669644044e-15	1	1.5331421669644044e-15	1		comp_p
production	sub-133	02	act	3	"{""3"": 1.0}"	0	9.427835388973082e-16	1	9.427835388973082e-16	1		in
production	sub-133	02	act	4	"{""4"": 1.0}"	0	8.663690108828761e-16	1	8.663690108828761e-16	1		in_p
production	sub-133	02	act	5	"{""5"": 1.0}"	0	8.302703033586301e-16	1	8.302703033586301e-16	1		out
production	sub-133	02	act	6	"{""6"": 1.0}"	0	9.96691547476381e-16	1	9.96691547476381e-16	1		out_p
production	sub-133	02	act	7	"{""4"": 1.0, ""6"": -1.0}"	0	9.54373443294183e-16	1	9.54373443294183e-16	1		in_p-out_p
production	sub-133	02	act	8	"{""2"": -2.0, ""4"": 1.0, ""6"": 1.0}"	0	1.3467158832263422e-15	1	1.3467158832263422e-15	1		soc_p-nonsoc_p
production	sub-133	02	act	9	"{""3"": 1.0, ""5"": -1.0}"	0	9.038458586858489e-16	1	9.038458586858489e-16	1		in-out
production	sub-133	02	act	10	"{""1"": -2.0, ""3"": 1.0, ""5"": 1.0}"	0	1.4474576135187357e-15	1	1.4474576135187357e-15	1		soc-nonsoc
production	sub-133	02	nppi-dmn	1	"{""11"": 1.0}"	0	2.045992263468269e-15	1	2.045992263468269e-15	1		comp
production	sub-133	02	nppi-dmn	2	"{""12"": 1.0}"	0	2.32554475609115e-15	1	2.32554475609115e-15	1		comp_p
production	sub-133	02	nppi-dmn	3	"{""13"": 1.0}"	0	1.917072895717272e-15	1	1.917072895717272e-15	1		in
production	sub-133	02	nppi-dmn	4	"{""14"": 1.0}"	0	1.3416084886713977e-15	1	1.3416084886713977e-15	1		in_p
production	sub-133	02	nppi-dmn	5	"{""15"": 1.0}"	0	2.1590452625037742e-15	1	2.1590452625037742e-15	1		out
production	sub-133	02	nppi-dmn	6	"{""16"": 1.0}"	0	1.4850394539099065e-15	1	1.4850394539099065e-15	1		out_p
production	sub-133	02	nppi-dmn	7	"{""14"": 1.0, ""16"": -1.0}"	0	1.3631725285318152e-15	1	1.3631725285318152e-15	1		in_p-out_p
production	sub-133	02	nppi-dmn	8	"{""12"": -2.0, ""14"": 1.0, ""16"": 1.0}"	0	1.913237623309972e-15	1	1.913237623309972e-15	1		soc_p-nonsoc_p
production	sub-133	02	nppi-dmn	9	"{""13"": 1.0, ""15"": -1.0}"	0	1.5474257202715385e-15	1	1.5474257202715385e-15	1		in-out
production	sub-133	02	nppi-dmn	10	"{""11"": -2.0, ""13"": 1.0, ""15"": 1.0}"	0	1.6929356323783794e-15	1	1.6929356323783794e-15	1		soc-nonsoc
production	sub-133	02	nppi-dmn	11	"{""10"": 1.0}"	0	4.789386993236047e-15	1	4.789386993236047e-15	1		phys
production	sub-133	02	nppi-ecn	1	"{""11"": 1.0}"	0	1.7241372013040062e-15	1	1.7241372013040062e-15	1		comp
production	sub-133	02	nppi-ecn	2	"{""12"": 1.0}"	0	1.7589192937707982e-15	1	1.7589192937707982e-15	1		comp_p
production	sub-133	02	nppi-ecn	3	"{""13"": 1.0}"	0	1.5302604203643138e-15	1	1.5302604203643138e-15	1		in
production	sub-133	02	nppi-ecn	4	"{""14"": 1.0}"	0	1.6647453427266061e-15	1	1.6647453427266061e-15	1		in_p
production	sub-133	02	nppi-ecn	5	"{""15"": 1.0}"	0	1.8788098475658374e-15	1	1.8788098475658374e-15	1		out
production	sub-133	02	nppi-ecn	6	"{""16"": 1.0}"	0	1.6287298709298122e-15	1	1.6287298709298122e-15	1		out_p
production	sub-133	02	nppi-ecn	7	"{""14"": 1.0, ""16"": -1.0}"	0	1.849241912346797e-15	1	1.849241912346797e-15	1		in_p-out_p
production	sub-133	02	nppi-ecn	8	"{""12"": -2.0, ""14"": 1.0, ""16"": 1.0}"	0	1.3825334474157818e-15	1	1.3825334474157818e-15	1		soc_p-nonsoc_p
production	sub-133	02	nppi-ecn	9	"{""13"": 1.0, ""15"": -1.0}"	0	1.7024656828046394e-15	1	1.7024656828046394e-15	1		in-out
production	sub-133	02	nppi-ecn	10	"{""11"": -2.0, ""13"": 1.0, ""15"": 1.0}"	0	1.3563527321869541e-15	1	1.3563527321869541e-15	1		soc-nonsoc
production	sub-133	02	nppi-ecn	11	"{""10"": 1.0}"	0	3.712856683108385e-15	1	3.712856683108385e-15	1		phys
production	sub-134	01	act	1	"{""1"": 1.0}"	0	1.1706893341064289e-15	1	1.1706893341064289e-15	1		comp
production	sub-134	01	act	2	"{""2"": 1.0}"	0	1.6650618234673383e-15	1	1.6650618234673383e-15	1		comp_p
production	sub-134	01	act	3	"{""3"": 1.0}"	0	9.823548199867144e-16	1	9.823548199867144e-16	1		in
production	sub-134	01	act	4	"{""4"": 1.0}"	0	1.2793233612722759e-15	1	1.2793233612722759e-15	1		in_p
production	sub-134	01	act	5	"{""5"": 1.0}"	0	1.1823440879193656e-15	1	1.1823440879193656e-15	1		out
production	sub-134	01	act	6	"{""6"": 1.0}"	0	1.3287528835444205e-15	1	1.3287528835444205e-15	1		out_p
production	sub-134	01	act	7	"{""4"": 1.0, ""6"": -1.0}"	0	1.316601699575105e-15	1	1.316601699575105e-15	1		in_p-out_p
production	sub-134	01	act	8	"{""2"": -2.0, ""4"": 1.0, ""6"": 1.0}"	0	1.480782328807347e-15	1	1.480782328807347e-15	1		soc_p-nonsoc_p
production	sub-134	01	act	9	"{""3"": 1.0, ""5"": -1.0}"	0	1.0568207903476466e-15	1	1.0568207903476466e-15	1		in-out
production	sub-134	01	act	10	"{""1"": -2.0, ""3"": 1.0, ""5"": 1.0}"	0	1.4016757066978954e-15	1	1.4016757066978954e-15	1		soc-nonsoc
production	sub-134	01	nppi-dmn	1	"{""11"": 1.0}"	0	1.6093430317350458e-15	1	1.6093430317350458e-15	1		comp
production	sub-134	01	nppi-dmn	2	"{""12"": 1.0}"	0	1.5590526033175483e-15	1	1.5590526033175483e-15	1		comp_p
production	sub-134	01	nppi-dmn	3	"{""13"": 1.0}"	0	1.7563435794216196e-15	1	1.7563435794216196e-15	1		in
production	sub-134	01	nppi-dmn	4	"{""14"": 1.0}"	0	1.580625574486537e-15	1	1.580625574486537e-15	1		in_p
production	sub-134	01	nppi-dmn	5	"{""15"": 1.0}"	0	1.7308842674702105e-15	1	1.7308842674702105e-15	1		out
production	sub-134	01	nppi-dmn	6	"{""16"": 1.0}"	0	1.793184522679078e-15	1	1.793184522679078e-15	1		out_p
production	sub-134	01	nppi-dmn	7	"{""14"": 1.0, ""16"": -1.0}"	0	1.8925852994834826e-15	1	1.8925852994834826e-15	1		in_p-out_p
production	sub-134	01	nppi-dmn	8	"{""12"": -2.0, ""14"": 1.0, ""16"": 1.0}"	0	1.2720052130987774e-15	1	1.2720052130987774e-15	1		soc_p-nonsoc_p
production	sub-134	01	nppi-dmn	9	"{""13"": 1.0, ""15"": -1.0}"	0	1.7235885853223104e-15	1	1.7235885853223104e-15	1		in-out
production	sub-134	01	nppi-dmn	10	"{""11"": -2.0, ""13"": 1.0, ""15"": 1.0}"	0	1.546989503694199e-15	1	1.546989503694199e-15	1		soc-nonsoc
production	sub-134	01	nppi-dmn	11	"{""10"": 1.0}"	0	1.382356564238104e-15	1	1.382356564238104e-15	1		phys
production	sub-134	01	nppi-ecn	1	"{""11"": 1.0}"	0	1.6174425200691309e-15	1	1.6174425200691309e-15	1		comp
production	sub-134	01	nppi-ecn	2	"{""12"": 1.0}"	0	1.476361392741919e-15	1	1.476361392741919e-15	1		comp_p
production	sub-134	01	nppi-ecn	3	"{""13"": 1.0}"	0	1.4669194033507152e-15	1	1.4669194033507152e-15	1		in
production	sub-134	01	nppi-ecn	4	"{""14"": 1.0}"	0	1.669981939824271e-15	1	1.669981939824271e-15	1		in_p
production	sub-134	01	nppi-ecn	5	"{""15"": 1.0}"	0	1.4506814437886694e-15	1	1.4506814437886694e-15	1		out
production	sub-134	01	nppi-ecn	6	"{""16"": 1.0}"	0	1.6753569580227464e-15	1	1.6753569580227464e-15	1		out_p
production	sub-134	01	nppi-ecn	7	"{""14"": 1.0, ""16"": -1.0}"	0	1.6377235419485e-15	1	1.6377235419485e-15	1		in_p-out_p
production	sub-134	01	nppi-ecn	8	"{""12"": -2.0, ""14"": 1.0, ""16"": 1.0}"	0	1.4251492440733306e-15	1	1.4251492440733306e-15	1		soc_p-nonsoc_p
production	sub-134	01	nppi-ecn	9	"{""13"": 1.0, ""15"": -1.0}"	0	1.4014801331014004e-15	1	1.4014801331014004e-15	1		in-out
production	sub-134	01	nppi-ecn	10	"{""11"": -2.0, ""13"": 1.0, ""15"": 1.0}"	0	1.4031069491262511e-15	1	1.4031069491262511e-15	1		soc-nonsoc
production	sub-134	01	nppi-ecn	11	"{""10"": 1.0}"	0	1.3657757682769085e-15	1	1.3657757682769085e-15	1		phys
production	sub-134	02	act	1	"{""1"": 1.0}"	0	1.405028007193104e-15	1	1.405028007193104e-15	1		comp
production	sub-134	02	act	2	"{""2"": 1.0}"	0	1.2809955674575562e-15	1	1.2809955674575562e-15	1		comp_p
production	sub-134	02	act	3	"{""3"": 1.0}"	0	1.6255171793895013e-15	1	1.6255171793895013e-15	1		in
production	sub-134	02	act	4	"{""4"": 1.0}"	0	1.8395607196484494e-15	1	1.8395607196484494e-15	1		in_p
production	sub-134	02	act	5	"{""5"": 1.0}"	0	1.5320569480378316e-15	1	1.5320569480378316e-15	1		out
production	sub-134	02	act	6	"{""6"": 1.0}"	0	1.2587879687909477e-15	1	1.2587879687909477e-15	1		out_p
production	sub-134	02	act	7	"{""4"": 1.0, ""6"": -1.0}"	0	1.606095662746952e-15	1	1.606095662746952e-15	1		in_p-out_p
production	sub-134	02	act	8	"{""2"": -2.0, ""4"": 1.0, ""6"": 1.0}"	0	1.389490858100743e-15	1	1.389490858100743e-15	1		soc_p-nonsoc_p
production	sub-134	02	act	9	"{""3"": 1.0, ""5"": -1.0}"	0	2.033371832679141e-15	1	2.033371832679141e-15	1		in-out
production	sub-134	02	act	10	"{""1"": -2.0, ""3"": 1.0, ""5"": 1.0}"	0	1.4382163678564801e-15	1	1.4382163678564801e-15	1		soc-nonsoc
production	sub-134	02	nppi-dmn	1	"{""11"": 1.0}"	0	1.8641614874536844e-15	1	1.8641614874536844e-15	1		comp
production	sub-134	02	nppi-dmn	2	"{""12"": 1.0}"	0	1.7707948511022497e-15	1	1.7707948511022497e-15	1		comp_p
production	sub-134	02	nppi-dmn	3	"{""13"": 1.0}"	0	1.4587146978432793e-15	1	1.4587146978432793e-15	1		in
production	sub-134	02	nppi-dmn	4	"{""14"": 1.0}"	0	1.734556678248491e-15	1	1.734556678248491e-15	1		in_p
production	sub-134	02	nppi-dmn	5	"{""15"": 1.0}"	0	2.060792407135609e-15	1	2.060792407135609e-15	1		out
production	sub-134	02	nppi-dmn	6	"{""16"": 1.0}"	0	1.698829162370897e-15	1	1.698829162370897e-15	1		out_p
production	sub-134	02	nppi-dmn	7	"{""14"": 1.0, ""16"": -1.0}"	0	1.9149020337619992e-15	1	1.9149020337619992e-15	1		in_p-out_p
production	sub-134	02	nppi-dmn	8	"{""12"": -2.0, ""14"": 1.0, ""16"": 1.0}"	0	1.5378329903284888e-15	1	1.5378329903284888e-15	1		soc_p-nonsoc_p
production	sub-134	02	nppi-dmn	9	"{""13"": 1.0, ""15"": -1.0}"	0	1.7465957431231364e-15	1	1.7465957431231364e-15	1		in-out
production	sub-134	02	nppi-dmn	10	"{""11"": -2.0, ""13"": 1.0, ""15"": 1.0}"	0	1.5938570637903758e-15	1	1.5938570637903758e-15	1		soc-nonsoc
production	sub-134	02	nppi-dmn	11	"{""10"": 1.0}"	0	1.788824375593906e-15	1	1.788824375593906e-15	1		phys
production	sub-134	02	nppi-ecn	1	"{""11"": 1.0}"	0	1.5161860557270442e-15	1	1.5161860557270442e-15	1		comp
production	sub-134	02	nppi-ecn	2	"{""12"": 1.0}"	0	1.6243221535226843e-15	1	1.6243221535226843e-15	1		comp_p
production	sub-134	02	nppi-ecn	3	"{""13"": 1.0}"	0	1.704818632785011e-15	1	1.704818632785011e-15	1		in
production	sub-134	02	nppi-ecn	4	"{""14"": 1.0}"	0	1.4239528266643077e-15	1	1.4239528266643077e-15	1		in_p
production	sub-134	02	nppi-ecn	5	"{""15"": 1.0}"	0	1.568172893355624e-15	1	1.568172893355624e-15	1		out
production	sub-134	02	nppi-ecn	6	"{""16"": 1.0}"	0	1.8110702378781334e-15	1	1.8110702378781334e-15	1		out_p
production	sub-134	02	nppi-ecn	7	"{""14"": 1.0, ""16"": -1.0}"	0	1.5659865653376923e-15	1	1.5659865653376923e-15	1		in_p-out_p
production	sub-134	02	nppi-ecn	8	"{""12"": -2.0, ""14"": 1.0, ""16"": 1.0}"	0	1.745235144578151e-15	1	1.745235144578151e-15	1		soc_p-nonsoc_p
production	sub-134	02	nppi-ecn	9	"{""13"": 1.0, ""15"": -1.0}"	0	1.8081466765029802e-15	1	1.8081466765029802e-15	1		in-out
production	sub-134	02	nppi-ecn	10	"{""11"": -2.0, ""13"": 1.0, ""15"": 1.0}"	0	1.5668742599821463e-15	1	1.5668742599821463e-15	1		soc-nonsoc
production	sub-134	02	nppi-ecn	11	"{""10"": 1.0}"	0	1.334838495199621e-15	1	1.334838495199621e-15	1		phys
production	sub-135	01	act	1	"{""1"": 1.0}"	0	1.014553821335541e-15	1	1.014553821335541e-15	1		comp
production	sub-135	01	act	2	"{""2"": 1.0}"	0	1.093868769757409e-15	1	1.093868769757409e-15	1		comp_p
production	sub-135	01	act	3	"{""3"": 1.0}"	0	1.1661426154587372e-15	1	1.1661426154587372e-15	1		in
production	sub-135	01	act	4	"{""4"": 1.0}"	0	1.2969610102950932e-15	1	1.2969610102950932e-15	1		in_p
production	sub-135	01	act	5	"{""5"": 1.0}"	0	1.2500977650137423e-15	1	1.2500977650137423e-15	1		out
production	sub-135	01	act	6	"{""6"": 1.0}"	0	1.2365495146861902e-15	1	1.2365495146861902e-15	1		out_p
production	sub-135	01	act	7	"{""4"": 1.0, ""6"": -1.0}"	0	1.2099591738076036e-15	1	1.2099591738076036e-15	1		in_p-out_p
production	sub-135	01	act	8	"{""2"": -2.0, ""4"": 1.0, ""6"": 1.0}"	0	1.196275795673138e-15	1	1.196275795673138e-15	1		soc_p-nonsoc_p
production	sub-135	01	act	9	"{""3"": 1.0, ""5"": -1.0}"	0	1.2827543393547871e-15	1	1.2827543393547871e-15	1		in-out
production	sub-135	01	act	10	"{""1"": -2.0, ""3"": 1.0, ""5"": 1.0}"	0	1.1662777979628595e-15	1	1.1662777979628595e-15	1		soc-nonsoc
production	sub-135	01	nppi-dmn	1	"{""11"": 1.0}"	0	1.6963292691892403e-15	1	1.6963292691892403e-15	1		comp
production	sub-135	01	nppi-dmn	2	"{""12"": 1.0}"	0	1.9855854131781333e-15	1	1.9855854131781333e-15	1		comp_p
production	sub-135	01	nppi-dmn	3	"{""13"": 1.0}"	0	1.5861457687270738e-15	1	1.5861457687270738e-15	1		in
production	sub-135	01	nppi-dmn	4	"{""14"": 1.0}"	0	1.6422720224711058e-15	1	1.6422720224711058e-15	1		in_p
production	sub-135	01	nppi-dmn	5	"{""15"": 1.0}"	0	1.7548859288333898e-15	1	1.7548859288333898e-15	1		out
production	sub-135	01	nppi-dmn	6	"{""16"": 1.0}"	0	1.6276470692170872e-15	1	1.6276470692170872e-15	1		out_p
production	sub-135	01	nppi-dmn	7	"{""14"": 1.0, ""16"": -1.0}"	0	1.5992463107675037e-15	1	1.5992463107675037e-15	1		in_p-out_p
production	sub-135	01	nppi-dmn	8	"{""12"": -2.0, ""14"": 1.0, ""16"": 1.0}"	0	1.805282504712559e-15	1	1.805282504712559e-15	1		soc_p-nonsoc_p
production	sub-135	01	nppi-dmn	9	"{""13"": 1.0, ""15"": -1.0}"	0	1.7115713710840417e-15	1	1.7115713710840417e-15	1		in-out
production	sub-135	01	nppi-dmn	10	"{""11"": -2.0, ""13"": 1.0, ""15"": 1.0}"	0	1.3564823181291241e-15	1	1.3564823181291241e-15	1		soc-nonsoc
production	sub-135	01	nppi-dmn	11	"{""10"": 1.0}"	0	1.8307622204334654e-15	1	1.8307622204334654e-15	1		phys
production	sub-135	01	nppi-ecn	1	"{""11"": 1.0}"	0	1.4321926125012299e-15	1	1.4321926125012299e-15	1		comp
production	sub-135	01	nppi-ecn	2	"{""12"": 1.0}"	0	1.4118562164591086e-15	1	1.4118562164591086e-15	1		comp_p
production	sub-135	01	nppi-ecn	3	"{""13"": 1.0}"	0	1.7104255932467632e-15	1	1.7104255932467632e-15	1		in
production	sub-135	01	nppi-ecn	4	"{""14"": 1.0}"	0	1.494611112486804e-15	1	1.494611112486804e-15	1		in_p
production	sub-135	01	nppi-ecn	5	"{""15"": 1.0}"	0	1.4097972461505908e-15	1	1.4097972461505908e-15	1		out
production	sub-135	01	nppi-ecn	6	"{""16"": 1.0}"	0	1.1628083322301153e-15	1	1.1628083322301153e-15	1		out_p
production	sub-135	01	nppi-ecn	7	"{""14"": 1.0, ""16"": -1.0}"	0	1.3301288376594144e-15	1	1.3301288376594144e-15	1		in_p-out_p
production	sub-135	01	nppi-ecn	8	"{""12"": -2.0, ""14"": 1.0, ""16"": 1.0}"	0	1.2646361347124441e-15	1	1.2646361347124441e-15	1		soc_p-nonsoc_p
production	sub-135	01	nppi-ecn	9	"{""13"": 1.0, ""15"": -1.0}"	0	1.4020799210008672e-15	1	1.4020799210008672e-15	1		in-out
production	sub-135	01	nppi-ecn	10	"{""11"": -2.0, ""13"": 1.0, ""15"": 1.0}"	0	1.844645049917704e-15	1	1.844645049917704e-15	1		soc-nonsoc
production	sub-135	01	nppi-ecn	11	"{""10"": 1.0}"	0	1.5480957712372765e-15	1	1.5480957712372765e-15	1		phys
production	sub-135	02	act	1	"{""1"": 1.0}"	0	9.491339299297387e-16	1	9.491339299297387e-16	1		comp
production	sub-135	02	act	2	"{""2"": 1.0}"	0	1.3003413349645964e-15	1	1.3003413349645964e-15	1		comp_p
production	sub-135	02	act	3	"{""3"": 1.0}"	0	9.302549836861184e-16	1	9.302549836861184e-16	1		in
production	sub-135	02	act	4	"{""4"": 1.0}"	0	1.0439018725892333e-15	1	1.0439018725892333e-15	1		in_p
production	sub-135	02	act	5	"{""5"": 1.0}"	0	1.2449340650674637e-15	1	1.2449340650674637e-15	1		out
production	sub-135	02	act	6	"{""6"": 1.0}"	0	1.352713064131235e-15	1	1.352713064131235e-15	1		out_p
production	sub-135	02	act	7	"{""4"": 1.0, ""6"": -1.0}"	0	1.3396920462301865e-15	1	1.3396920462301865e-15	1		in_p-out_p
production	sub-135	02	act	8	"{""2"": -2.0, ""4"": 1.0, ""6"": 1.0}"	0	1.2782155025539546e-15	1	1.2782155025539546e-15	1		soc_p-nonsoc_p
production	sub-135	02	act	9	"{""3"": 1.0, ""5"": -1.0}"	0	8.266637088378972e-16	1	8.266637088378972e-16	1		in-out
production	sub-135	02	act	10	"{""1"": -2.0, ""3"": 1.0, ""5"": 1.0}"	0	9.669006158998874e-16	1	9.669006158998874e-16	1		soc-nonsoc
production	sub-135	02	nppi-dmn	1	"{""11"": 1.0}"	0	1.9763273271308565e-15	1	1.9763273271308565e-15	1		comp
production	sub-135	02	nppi-dmn	2	"{""12"": 1.0}"	0	1.77956416630008e-15	1	1.77956416630008e-15	1		comp_p
production	sub-135	02	nppi-dmn	3	"{""13"": 1.0}"	0	1.7225786760687173e-15	1	1.7225786760687173e-15	1		in
production	sub-135	02	nppi-dmn	4	"{""14"": 1.0}"	0	1.5267356629216172e-15	1	1.5267356629216172e-15	1		in_p
production	sub-135	02	nppi-dmn	5	"{""15"": 1.0}"	0	1.282255770325427e-15	1	1.282255770325427e-15	1		out
production	sub-135	02	nppi-dmn	6	"{""16"": 1.0}"	0	1.7299571511514468e-15	1	1.7299571511514468e-15	1		out_p
production	sub-135	02	nppi-dmn	7	"{""14"": 1.0, ""16"": -1.0}"	0	1.7146724280093962e-15	1	1.7146724280093962e-15	1		in_p-out_p
production	sub-135	02	nppi-dmn	8	"{""12"": -2.0, ""14"": 1.0, ""16"": 1.0}"	0	1.5422140419481142e-15	1	1.5422140419481142e-15	1		soc_p-nonsoc_p
production	sub-135	02	nppi-dmn	9	"{""13"": 1.0, ""15"": -1.0}"	0	1.4290302031993428e-15	1	1.4290302031993428e-15	1		in-out
production	sub-135	02	nppi-dmn	10	"{""11"": -2.0, ""13"": 1.0, ""15"": 1.0}"	0	1.9568752554975385e-15	1	1.9568752554975385e-15	1		soc-nonsoc
production	sub-135	02	nppi-dmn	11	"{""10"": 1.0}"	0	1.4364830183324025e-15	1	1.4364830183324025e-15	1		phys
production	sub-135	02	nppi-ecn	1	"{""11"": 1.0}"	0	1.365438202973391e-15	1	1.365438202973391e-15	1		comp
production	sub-135	02	nppi-ecn	2	"{""12"": 1.0}"	0	1.344845903087972e-15	1	1.344845903087972e-15	1		comp_p
production	sub-135	02	nppi-ecn	3	"{""13"": 1.0}"	0	1.5633766927090635e-15	1	1.5633766927090635e-15	1		in
production	sub-135	02	nppi-ecn	4	"{""14"": 1.0}"	0	1.4323904472848129e-15	1	1.4323904472848129e-15	1		in_p
production	sub-135	02	nppi-ecn	5	"{""15"": 1.0}"	0	1.6826601509137518e-15	1	1.6826601509137518e-15	1		out
production	sub-135	02	nppi-ecn	6	"{""16"": 1.0}"	0	1.5800104858068575e-15	1	1.5800104858068575e-15	1		out_p
production	sub-135	02	nppi-ecn	7	"{""14"": 1.0, ""16"": -1.0}"	0	1.7129603813367576e-15	1	1.7129603813367576e-15	1		in_p-out_p
production	sub-135	02	nppi-ecn	8	"{""12"": -2.0, ""14"": 1.0, ""16"": 1.0}"	0	1.4979134952588313e-15	1	1.4979134952588313e-15	1		soc_p-nonsoc_p
production	sub-135	02	nppi-ecn	9	"{""13"": 1.0, ""15"": -1.0}"	0	1.6609068042675963e-15	1	1.6609068042675963e-15	1		in-out
production	sub-135	02	nppi-ecn	10	"{""11"": -2.0, ""13"": 1.0, ""15"": 1.0}"	0	1.3704155197648592e-15	1	1.3704155197648592e-15	1		soc-nonsoc
production	sub-135	02	nppi-ecn	11	"{""10"": 1.0}"	0	1.4571482894014354e-15	1	1.4571482894014354e-15	1		phys
production	sub-136	01	act	1	"{""1"": 1.0}"	0	1.23568538828449e-15	1	1.23568538828449e-15	1		comp
production	sub-136	01	act	2	"{""2"": 1.0}"	0	1.2917210324136063e-15	1	1.2917210324136063e-15	1		comp_p
production	sub-136	01	act	3	"{""3"": 1.0}"	0	1.2058633084498653e-15	1	1.2058633084498653e-15	1		in
production	sub-136	01	act	4	"{""4"": 1.0}"	0	1.1809986954685367e-15	1	1.1809986954685367e-15	1		in_p
production	sub-136	01	act	5	"{""5"": 1.0}"	0	9.992195721126734e-16	1	9.992195721126734e-16	1		out
production	sub-136	01	act	6	"{""6"": 1.0}"	0	1.156339362141962e-15	1	1.156339362141962e-15	1		out_p
production	sub-136	01	act	7	"{""4"": 1.0, ""6"": -1.0}"	0	1.0785679531633355e-15	1	1.0785679531633355e-15	1		in_p-out_p
production	sub-136	01	act	8	"{""2"": -2.0, ""4"": 1.0, ""6"": 1.0}"	0	1.1785867063060307e-15	1	1.1785867063060307e-15	1		soc_p-nonsoc_p
production	sub-136	01	act	9	"{""3"": 1.0, ""5"": -1.0}"	0	1.1407459496149866e-15	1	1.1407459496149866e-15	1		in-out
production	sub-136	01	act	10	"{""1"": -2.0, ""3"": 1.0, ""5"": 1.0}"	0	1.0956380176607442e-15	1	1.0956380176607442e-15	1		soc-nonsoc
production	sub-136	01	nppi-dmn	1	"{""11"": 1.0}"	0	1.8144528900912168e-15	1	1.8144528900912168e-15	1		comp
production	sub-136	01	nppi-dmn	2	"{""12"": 1.0}"	0	1.5966078712978027e-15	1	1.5966078712978027e-15	1		comp_p
production	sub-136	01	nppi-dmn	3	"{""13"": 1.0}"	0	1.5315890371759396e-15	1	1.5315890371759396e-15	1		in
production	sub-136	01	nppi-dmn	4	"{""14"": 1.0}"	0	1.6524113384022647e-15	1	1.6524113384022647e-15	1		in_p
production	sub-136	01	nppi-dmn	5	"{""15"": 1.0}"	0	1.5185699147079765e-15	1	1.5185699147079765e-15	1		out
production	sub-136	01	nppi-dmn	6	"{""16"": 1.0}"	0	1.7675333257969173e-15	1	1.7675333257969173e-15	1		out_p
production	sub-136	01	nppi-dmn	7	"{""14"": 1.0, ""16"": -1.0}"	0	1.5822801304652936e-15	1	1.5822801304652936e-15	1		in_p-out_p
production	sub-136	01	nppi-dmn	8	"{""12"": -2.0, ""14"": 1.0, ""16"": 1.0}"	0	1.5936197304297553e-15	1	1.5936197304297553e-15	1		soc_p-nonsoc_p
production	sub-136	01	nppi-dmn	9	"{""13"": 1.0, ""15"": -1.0}"	0	1.6308346134416598e-15	1	1.6308346134416598e-15	1		in-out
production	sub-136	01	nppi-dmn	10	"{""11"": -2.0, ""13"": 1.0, ""15"": 1.0}"	0	1.7652861875506218e-15	1	1.7652861875506218e-15	1		soc-nonsoc
production	sub-136	01	nppi-dmn	11	"{""10"": 1.0}"	0	1.677427908010086e-15	1	1.677427908010086e-15	1		phys
production	sub-136	01	nppi-ecn	1	"{""11"": 1.0}"	0	1.4311757356060236e-15	1	1.4311757356060236e-15	1		comp
production	sub-136	01	nppi-ecn	2	"{""12"": 1.0}"	0	1.629567208209737e-15	1	1.629567208209737e-15	1		comp_p
production	sub-136	01	nppi-ecn	3	"{""13"": 1.0}"	0	1.4230636420646815e-15	1	1.4230636420646815e-15	1		in
production	sub-136	01	nppi-ecn	4	"{""14"": 1.0}"	0	1.8934910139024686e-15	1	1.8934910139024686e-15	1		in_p
production	sub-136	01	nppi-ecn	5	"{""15"": 1.0}"	0	1.6799249163166828e-15	1	1.6799249163166828e-15	1		out
production	sub-136	01	nppi-ecn	6	"{""16"": 1.0}"	0	1.994516126811022e-15	1	1.994516126811022e-15	1		out_p
production	sub-136	01	nppi-ecn	7	"{""14"": 1.0, ""16"": -1.0}"	0	2.0658873613734686e-15	1	2.0658873613734686e-15	1		in_p-out_p
production	sub-136	01	nppi-ecn	8	"{""12"": -2.0, ""14"": 1.0, ""16"": 1.0}"	0	1.5835133849640658e-15	1	1.5835133849640658e-15	1		soc_p-nonsoc_p
production	sub-136	01	nppi-ecn	9	"{""13"": 1.0, ""15"": -1.0}"	0	1.6134489357619347e-15	1	1.6134489357619347e-15	1		in-out
production	sub-136	01	nppi-ecn	10	"{""11"": -2.0, ""13"": 1.0, ""15"": 1.0}"	0	1.4519944041877454e-15	1	1.4519944041877454e-15	1		soc-nonsoc
production	sub-136	01	nppi-ecn	11	"{""10"": 1.0}"	0	2.6518457230420747e-15	1	2.6518457230420747e-15	1		phys
production	sub-136	02	act	1	"{""1"": 1.0}"	0	8.808122027496603e-16	1	8.808122027496603e-16	1		comp
production	sub-136	02	act	2	"{""2"": 1.0}"	0	1.1148604050778589e-15	1	1.1148604050778589e-15	1		comp_p
production	sub-136	02	act	3	"{""3"": 1.0}"	0	1.0898944093981493e-15	1	1.0898944093981493e-15	1		in
production	sub-136	02	act	4	"{""4"": 1.0}"	0	1.0138699263858867e-15	1	1.0138699263858867e-15	1		in_p
production	sub-136	02	act	5	"{""5"": 1.0}"	0	1.36035640382353e-15	1	1.36035640382353e-15	1		out
production	sub-136	02	act	6	"{""6"": 1.0}"	0	1.35912601133742e-15	1	1.35912601133742e-15	1		out_p
production	sub-136	02	act	7	"{""4"": 1.0, ""6"": -1.0}"	0	1.3765988623519653e-15	1	1.3765988623519653e-15	1		in_p-out_p
production	sub-136	02	act	8	"{""2"": -2.0, ""4"": 1.0, ""6"": 1.0}"	0	1.023853322803202e-15	1	1.023853322803202e-15	1		soc_p-nonsoc_p
production	sub-136	02	act	9	"{""3"": 1.0, ""5"": -1.0}"	0	1.3650443906521915e-15	1	1.3650443906521915e-15	1		in-out
production	sub-136	02	act	10	"{""1"": -2.0, ""3"": 1.0, ""5"": 1.0}"	0	8.560387105028371e-16	1	8.560387105028371e-16	1		soc-nonsoc
production	sub-136	02	nppi-dmn	1	"{""11"": 1.0}"	0	1.6833785820124412e-15	1	1.6833785820124412e-15	1		comp
production	sub-136	02	nppi-dmn	2	"{""12"": 1.0}"	0	1.4447300094105745e-15	1	1.4447300094105745e-15	1		comp_p
production	sub-136	02	nppi-dmn	3	"{""13"": 1.0}"	0	1.4746452211247453e-15	1	1.4746452211247453e-15	1		in
production	sub-136	02	nppi-dmn	4	"{""14"": 1.0}"	0	1.5487195693882103e-15	1	1.5487195693882103e-15	1		in_p
production	sub-136	02	nppi-dmn	5	"{""15"": 1.0}"	0	1.4606090757662337e-15	1	1.4606090757662337e-15	1		out
production	sub-136	02	nppi-dmn	6	"{""16"": 1.0}"	0	1.556377633113981e-15	1	1.556377633113981e-15	1		out_p
production	sub-136	02	nppi-dmn	7	"{""14"": 1.0, ""16"": -1.0}"	0	1.5457143307155186e-15	1	1.5457143307155186e-15	1		in_p-out_p
production	sub-136	02	nppi-dmn	8	"{""12"": -2.0, ""14"": 1.0, ""16"": 1.0}"	0	1.3265316117051554e-15	1	1.3265316117051554e-15	1		soc_p-nonsoc_p
production	sub-136	02	nppi-dmn	9	"{""13"": 1.0, ""15"": -1.0}"	0	1.598793227125757e-15	1	1.598793227125757e-15	1		in-out
production	sub-136	02	nppi-dmn	10	"{""11"": -2.0, ""13"": 1.0, ""15"": 1.0}"	0	1.8009454397328777e-15	1	1.8009454397328777e-15	1		soc-nonsoc
production	sub-136	02	nppi-dmn	11	"{""10"": 1.0}"	0	1.639010748037575e-15	1	1.639010748037575e-15	1		phys
production	sub-136	02	nppi-ecn	1	"{""11"": 1.0}"	0	2.6322985583149545e-15	1	2.6322985583149545e-15	1		comp
production	sub-136	02	nppi-ecn	2	"{""12"": 1.0}"	0	3.7673713090058145e-15	1	3.7673713090058145e-15	1		comp_p
production	sub-136	02	nppi-ecn	3	"{""13"": 1.0}"	0	2.7068146065826883e-15	1	2.7068146065826883e-15	1		in
production	sub-136	02	nppi-ecn	4	"{""14"": 1.0}"	0	2.1009836329142543e-15	1	2.1009836329142543e-15	1		in_p
production	sub-136	02	nppi-ecn	5	"{""15"": 1.0}"	0	1.777936248733618e-15	1	1.777936248733618e-15	1		out
production	sub-136	02	nppi-ecn	6	"{""16"": 1.0}"	0	1.9495562508399428e-15	1	1.9495562508399428e-15	1		out_p
production	sub-136	02	nppi-ecn	7	"{""14"": 1.0, ""16"": -1.0}"	0	2.049427078170213e-15	1	2.049427078170213e-15	1		in_p-out_p
production	sub-136	02	nppi-ecn	8	"{""12"": -2.0, ""14"": 1.0, ""16"": 1.0}"	0	3.1115703326517442e-15	1	3.1115703326517442e-15	1		soc_p-nonsoc_p
production	sub-136	02	nppi-ecn	9	"{""13"": 1.0, ""15"": -1.0}"	0	1.96559408011103e-15	1	1.96559408011103e-15	1		in-out
production	sub-136	02	nppi-ecn	10	"{""11"": -2.0, ""13"": 1.0, ""15"": 1.0}"	0	2.3411719622359097e-15	1	2.3411719622359097e-15	1		soc-nonsoc
production	sub-136	02	nppi-ecn	11	"{""10"": 1.0}"	0	4.872605318977954e-15	1	4.872605318977954e-15	1		phys
production	sub-137	01	act	1	"{""1"": 1.0}"	0	9.609065840833707e-16	1	9.609065840833707e-16	1		comp
production	sub-137	01	act	2	"{""2"": 1.0}"	0	1.1060481437948933e-15	1	1.1060481437948933e-15	1		comp_p
production	sub-137	01	act	3	"{""3"": 1.0}"	0	1.4300174728026224e-15	1	1.4300174728026224e-15	1		in
production	sub-137	01	act	4	"{""4"": 1.0}"	0	1.2703208695598875e-15	1	1.2703208695598875e-15	1		in_p
production	sub-137	01	act	5	"{""5"": 1.0}"	0	1.1930936373079188e-15	1	1.1930936373079188e-15	1		out
production	sub-137	01	act	6	"{""6"": 1.0}"	0	1.2918684070110186e-15	1	1.2918684070110186e-15	1		out_p
production	sub-137	01	act	7	"{""4"": 1.0, ""6"": -1.0}"	0	1.3351833858260633e-15	1	1.3351833858260633e-15	1		in_p-out_p
production	sub-137	01	act	8	"{""2"": -2.0, ""4"": 1.0, ""6"": 1.0}"	0	1.1824119818974935e-15	1	1.1824119818974935e-15	1		soc_p-nonsoc_p
production	sub-137	01	act	9	"{""3"": 1.0, ""5"": -1.0}"	0	1.2392987444141346e-15	1	1.2392987444141346e-15	1		in-out
production	sub-137	01	act	10	"{""1"": -2.0, ""3"": 1.0, ""5"": 1.0}"	0	1.4086368455197165e-15	1	1.4086368455197165e-15	1		soc-nonsoc
production	sub-137	01	nppi-dmn	1	"{""11"": 1.0}"	0	1.486976461968471e-15	1	1.486976461968471e-15	1		comp
production	sub-137	01	nppi-dmn	2	"{""12"": 1.0}"	0	1.4462734126829865e-15	1	1.4462734126829865e-15	1		comp_p
production	sub-137	01	nppi-dmn	3	"{""13"": 1.0}"	0	1.5692119308926959e-15	1	1.5692119308926959e-15	1		in
production	sub-137	01	nppi-dmn	4	"{""14"": 1.0}"	0	1.323082082718581e-15	1	1.323082082718581e-15	1		in_p
production	sub-137	01	nppi-dmn	5	"{""15"": 1.0}"	0	1.2577970901377166e-15	1	1.2577970901377166e-15	1		out
production	sub-137	01	nppi-dmn	6	"{""16"": 1.0}"	0	1.5075116405780584e-15	1	1.5075116405780584e-15	1		out_p
production	sub-137	01	nppi-dmn	7	"{""14"": 1.0, ""16"": -1.0}"	0	1.6618477361730882e-15	1	1.6618477361730882e-15	1		in_p-out_p
production	sub-137	01	nppi-dmn	8	"{""12"": -2.0, ""14"": 1.0, ""16"": 1.0}"	0	1.446705747412145e-15	1	1.446705747412145e-15	1		soc_p-nonsoc_p
production	sub-137	01	nppi-dmn	9	"{""13"": 1.0, ""15"": -1.0}"	0	1.530434566370525e-15	1	1.530434566370525e-15	1		in-out
production	sub-137	01	nppi-dmn	10	"{""11"": -2.0, ""13"": 1.0, ""15"": 1.0}"	0	1.1630453085087822e-15	1	1.1630453085087822e-15	1		soc-nonsoc
production	sub-137	01	nppi-dmn	11	"{""10"": 1.0}"	0	1.2581948343886245e-15	1	1.2581948343886245e-15	1		phys
production	sub-137	01	nppi-ecn	1	"{""11"": 1.0}"	0	1.722453578028964e-15	1	1.722453578028964e-15	1		comp
production	sub-137	01	nppi-ecn	2	"{""12"": 1.0}"	0	1.7938239233546134e-15	1	1.7938239233546134e-15	1		comp_p
production	sub-137	01	nppi-ecn	3	"{""13"": 1.0}"	0	1.5658587335701835e-15	1	1.5658587335701835e-15	1		in
production	sub-137	01	nppi-ecn	4	"{""14"": 1.0}"	0	1.4576729116881794e-15	1	1.4576729116881794e-15	1		in_p
production	sub-137	01	nppi-ecn	5	"{""15"": 1.0}"	0	1.5656735221513815e-15	1	1.5656735221513815e-15	1		out
production	sub-137	01	nppi-ecn	6	"{""16"": 1.0}"	0	1.530839951402117e-15	1	1.530839951402117e-15	1		out_p
production	sub-137	01	nppi-ecn	7	"{""14"": 1.0, ""16"": -1.0}"	0	1.6342507345225732e-15	1	1.6342507345225732e-15	1		in_p-out_p
production	sub-137	01	nppi-ecn	8	"{""12"": -2.0, ""14"": 1.0, ""16"": 1.0}"	0	1.5180165168554586e-15	1	1.5180165168554586e-15	1		soc_p-nonsoc_p
production	sub-137	01	nppi-ecn	9	"{""13"": 1.0, ""15"": -1.0}"	0	1.4528266605725631e-15	1	1.4528266605725631e-15	1		in-out
production	sub-137	01	nppi-ecn	10	"{""11"": -2.0, ""13"": 1.0, ""15"": 1.0}"	0	1.4238888813895664e-15	1	1.4238888813895664e-15	1		soc-nonsoc
production	sub-137	01	nppi-ecn	11	"{""10"": 1.0}"	0	1.3029557941956677e-15	1	1.3029557941956677e-15	1		phys
production	sub-137	02	act	1	"{""1"": 1.0}"	0	8.289899131526696e-16	1	8.289899131526696e-16	1		comp
production	sub-137	02	act	2	"{""2"": 1.0}"	0	1.376728154573181e-15	1	1.376728154573181e-15	1		comp_p
production	sub-137	02	act	3	"{""3"": 1.0}"	0	9.351370975152487e-16	1	9.351370975152487e-16	1		in
production	sub-137	02	act	4	"{""4"": 1.0}"	0	1.2746886290582106e-15	1	1.2746886290582106e-15	1		in_p
production	sub-137	02	act	5	"{""5"": 1.0}"	0	1.0603046773198605e-15	1	1.0603046773198605e-15	1		out
production	sub-137	02	act	6	"{""6"": 1.0}"	0	8.874553172195943e-16	1	8.874553172195943e-16	1		out_p
production	sub-137	02	act	7	"{""4"": 1.0, ""6"": -1.0}"	0	1.0793413985999759e-15	1	1.0793413985999759e-15	1		in_p-out_p
production	sub-137	02	act	8	"{""2"": -2.0, ""4"": 1.0, ""6"": 1.0}"	0	1.3096972714230716e-15	1	1.3096972714230716e-15	1		soc_p-nonsoc_p
production	sub-137	02	act	9	"{""3"": 1.0, ""5"": -1.0}"	0	8.864402949873627e-16	1	8.864402949873627e-16	1		in-out
production	sub-137	02	act	10	"{""1"": -2.0, ""3"": 1.0, ""5"": 1.0}"	0	1.2592385167881187e-15	1	1.2592385167881187e-15	1		soc-nonsoc
production	sub-137	02	nppi-dmn	1	"{""11"": 1.0}"	0	1.3534187878208402e-15	1	1.3534187878208402e-15	1		comp
production	sub-137	02	nppi-dmn	2	"{""12"": 1.0}"	0	1.90155077162799e-15	1	1.90155077162799e-15	1		comp_p
production	sub-137	02	nppi-dmn	3	"{""13"": 1.0}"	0	1.6725231619552153e-15	1	1.6725231619552153e-15	1		in
production	sub-137	02	nppi-dmn	4	"{""14"": 1.0}"	0	1.7390706235814117e-15	1	1.7390706235814117e-15	1		in_p
production	sub-137	02	nppi-dmn	5	"{""15"": 1.0}"	0	1.279708519155649e-15	1	1.279708519155649e-15	1		out
production	sub-137	02	nppi-dmn	6	"{""16"": 1.0}"	0	1.6904228979168462e-15	1	1.6904228979168462e-15	1		out_p
production	sub-137	02	nppi-dmn	7	"{""14"": 1.0, ""16"": -1.0}"	0	1.6212531241154652e-15	1	1.6212531241154652e-15	1		in_p-out_p
production	sub-137	02	nppi-dmn	8	"{""12"": -2.0, ""14"": 1.0, ""16"": 1.0}"	0	1.812532521984218e-15	1	1.812532521984218e-15	1		soc_p-nonsoc_p
production	sub-137	02	nppi-dmn	9	"{""13"": 1.0, ""15"": -1.0}"	0	1.418241956556623e-15	1	1.418241956556623e-15	1		in-out
production	sub-137	02	nppi-dmn	10	"{""11"": -2.0, ""13"": 1.0, ""15"": 1.0}"	0	1.4758511746918343e-15	1	1.4758511746918343e-15	1		soc-nonsoc
production	sub-137	02	nppi-dmn	11	"{""10"": 1.0}"	0	1.83977029733972e-15	1	1.83977029733972e-15	1		phys
production	sub-137	02	nppi-ecn	1	"{""11"": 1.0}"	0	1.414850738959037e-15	1	1.414850738959037e-15	1		comp
production	sub-137	02	nppi-ecn	2	"{""12"": 1.0}"	0	1.3378606362904959e-15	1	1.3378606362904959e-15	1		comp_p
production	sub-137	02	nppi-ecn	3	"{""13"": 1.0}"	0	1.3993808238396427e-15	1	1.3993808238396427e-15	1		in
production	sub-137	02	nppi-ecn	4	"{""14"": 1.0}"	0	1.5232733516612422e-15	1	1.5232733516612422e-15	1		in_p
production	sub-137	02	nppi-ecn	5	"{""15"": 1.0}"	0	1.853999134520125e-15	1	1.853999134520125e-15	1		out
production	sub-137	02	nppi-ecn	6	"{""16"": 1.0}"	0	1.5147098859122077e-15	1	1.5147098859122077e-15	1		out_p
production	sub-137	02	nppi-ecn	7	"{""14"": 1.0, ""16"": -1.0}"	0	1.724573096535442e-15	1	1.724573096535442e-15	1		in_p-out_p
production	sub-137	02	nppi-ecn	8	"{""12"": -2.0, ""14"": 1.0, ""16"": 1.0}"	0	1.3712110019309334e-15	1	1.3712110019309334e-15	1		soc_p-nonsoc_p
production	sub-137	02	nppi-ecn	9	"{""13"": 1.0, ""15"": -1.0}"	0	1.752303798747119e-15	1	1.752303798747119e-15	1		in-out
production	sub-137	02	nppi-ecn	10	"{""11"": -2.0, ""13"": 1.0, ""15"": 1.0}"	0	1.563390514522849e-15	1	1.563390514522849e-15	1		soc-nonsoc
production	sub-137	02	nppi-ecn	11	"{""10"": 1.0}"	0	1.1512367627432227e-15	1	1.1512367627432227e-15	1		phys
production	sub-138	01	act	1	"{""1"": 1.0}"	0	9.835567014449995e-16	1	9.835567014449995e-16	1		comp
production	sub-138	01	act	2	"{""2"": 1.0}"	0	9.872039918114025e-16	1	9.872039918114025e-16	1		comp_p
production	sub-138	01	act	3	"{""3"": 1.0}"	0	9.70129090676369e-16	1	9.70129090676369e-16	1		in
production	sub-138	01	act	4	"{""4"": 1.0}"	0	1.3086340066450187e-15	1	1.3086340066450187e-15	1		in_p
production	sub-138	01	act	5	"{""5"": 1.0}"	0	1.1369058201507033e-15	1	1.1369058201507033e-15	1		out
production	sub-138	01	act	6	"{""6"": 1.0}"	0	1.1783152980868918e-15	1	1.1783152980868918e-15	1		out_p
production	sub-138	01	act	7	"{""4"": 1.0, ""6"": -1.0}"	0	1.2526006385048299e-15	1	1.2526006385048299e-15	1		in_p-out_p
production	sub-138	01	act	8	"{""2"": -2.0, ""4"": 1.0, ""6"": 1.0}"	0	1.2286714210100165e-15	1	1.2286714210100165e-15	1		soc_p-nonsoc_p
production	sub-138	01	act	9	"{""3"": 1.0, ""5"": -1.0}"	0	1.2365448431294937e-15	1	1.2365448431294937e-15	1		in-out
production	sub-138	01	act	10	"{""1"": -2.0, ""3"": 1.0, ""5"": 1.0}"	0	1.037204091947088e-15	1	1.037204091947088e-15	1		soc-nonsoc
production	sub-138	01	nppi-dmn	1	"{""11"": 1.0}"	0	1.8362359413844974e-15	1	1.8362359413844974e-15	1		comp
production	sub-138	01	nppi-dmn	2	"{""12"": 1.0}"	0	1.8767787257055457e-15	1	1.8767787257055457e-15	1		comp_p
production	sub-138	01	nppi-dmn	3	"{""13"": 1.0}"	0	1.598011456257308e-15	1	1.598011456257308e-15	1		in
production	sub-138	01	nppi-dmn	4	"{""14"": 1.0}"	0	1.6296005417992868e-15	1	1.6296005417992868e-15	1		in_p
production	sub-138	01	nppi-dmn	5	"{""15"": 1.0}"	0	1.5138625470947979e-15	1	1.5138625470947979e-15	1		out
production	sub-138	01	nppi-dmn	6	"{""16"": 1.0}"	0	1.8814964934399674e-15	1	1.8814964934399674e-15	1		out_p
production	sub-138	01	nppi-dmn	7	"{""14"": 1.0, ""16"": -1.0}"	0	1.9077130750553897e-15	1	1.9077130750553897e-15	1		in_p-out_p
production	sub-138	01	nppi-dmn	8	"{""12"": -2.0, ""14"": 1.0, ""16"": 1.0}"	0	1.825316563765405e-15	1	1.825316563765405e-15	1		soc_p-nonsoc_p
production	sub-138	01	nppi-dmn	9	"{""13"": 1.0, ""15"": -1.0}"	0	1.516345388766995e-15	1	1.516345388766995e-15	1		in-out
production	sub-138	01	nppi-dmn	10	"{""11"": -2.0, ""13"": 1.0, ""15"": 1.0}"	0	1.981774399970886e-15	1	1.981774399970886e-15	1		soc-nonsoc
production	sub-138	01	nppi-dmn	11	"{""10"": 1.0}"	0	1.495731719550157e-15	1	1.495731719550157e-15	1		phys
production	sub-138	01	nppi-ecn	1	"{""11"": 1.0}"	0	1.5383053972613015e-15	1	1.5383053972613015e-15	1		comp
production	sub-138	01	nppi-ecn	2	"{""12"": 1.0}"	0	1.4874900688623417e-15	1	1.4874900688623417e-15	1		comp_p
production	sub-138	01	nppi-ecn	3	"{""13"": 1.0}"	0	1.8307243449549417e-15	1	1.8307243449549417e-15	1		in
production	sub-138	01	nppi-ecn	4	"{""14"": 1.0}"	0	1.394785166326784e-15	1	1.394785166326784e-15	1		in_p
production	sub-138	01	nppi-ecn	5	"{""15"": 1.0}"	0	1.3751259817123088e-15	1	1.3751259817123088e-15	1		out
production	sub-138	01	nppi-ecn	6	"{""16"": 1.0}"	0	1.363750710766064e-15	1	1.363750710766064e-15	1		out_p
production	sub-138	01	nppi-ecn	7	"{""14"": 1.0, ""16"": -1.0}"	0	1.5517258501493566e-15	1	1.5517258501493566e-15	1		in_p-out_p
production	sub-138	01	nppi-ecn	8	"{""12"": -2.0, ""14"": 1.0, ""16"": 1.0}"	0	1.350934088133321e-15	1	1.350934088133321e-15	1		soc_p-nonsoc_p
production	sub-138	01	nppi-ecn	9	"{""13"": 1.0, ""15"": -1.0}"	0	1.6827873969776936e-15	1	1.6827873969776936e-15	1		in-out
production	sub-138	01	nppi-ecn	10	"{""11"": -2.0, ""13"": 1.0, ""15"": 1.0}"	0	1.4569386099802093e-15	1	1.4569386099802093e-15	1		soc-nonsoc
production	sub-138	01	nppi-ecn	11	"{""10"": 1.0}"	0	1.3324045525978725e-15	1	1.3324045525978725e-15	1		phys
production	sub-138	02	act	1	"{""1"": 1.0}"	0	7.613851196632445e-16	1	7.613851196632445e-16	1		comp
production	sub-138	02	act	2	"{""2"": 1.0}"	0	1.6051442882770904e-15	1	1.6051442882770904e-15	1		comp_p
production	sub-138	02	act	3	"{""3"": 1.0}"	0	1.4456859079834853e-15	1	1.4456859079834853e-15	1		in
production	sub-138	02	act	4	"{""4"": 1.0}"	0	9.121213336829885e-16	1	9.121213336829885e-16	1		in_p
production	sub-138	02	act	5	"{""5"": 1.0}"	0	1.2565923788769748e-15	1	1.2565923788769748e-15	1		out
production	sub-138	02	act	6	"{""6"": 1.0}"	0	1.3862971899556599e-15	1	1.3862971899556599e-15	1		out_p
production	sub-138	02	act	7	"{""4"": 1.0, ""6"": -1.0}"	0	1.19285498390988e-15	1	1.19285498390988e-15	1		in_p-out_p
production	sub-138	02	act	8	"{""2"": -2.0, ""4"": 1.0, ""6"": 1.0}"	0	1.4215070779229496e-15	1	1.4215070779229496e-15	1		soc_p-nonsoc_p
production	sub-138	02	act	9	"{""3"": 1.0, ""5"": -1.0}"	0	1.4300651638864817e-15	1	1.4300651638864817e-15	1		in-out
production	sub-138	02	act	10	"{""1"": -2.0, ""3"": 1.0, ""5"": 1.0}"	0	9.833129960564378e-16	1	9.833129960564378e-16	1		soc-nonsoc
production	sub-138	02	nppi-dmn	1	"{""11"": 1.0}"	0	1.490341401187536e-15	1	1.490341401187536e-15	1		comp
production	sub-138	02	nppi-dmn	2	"{""12"": 1.0}"	0	1.810107090914475e-15	1	1.810107090914475e-15	1		comp_p
production	sub-138	02	nppi-dmn	3	"{""13"": 1.0}"	0	1.5067556731444604e-15	1	1.5067556731444604e-15	1		in
production	sub-138	02	nppi-dmn	4	"{""14"": 1.0}"	0	1.6438185655736502e-15	1	1.6438185655736502e-15	1		in_p
production	sub-138	02	nppi-dmn	5	"{""15"": 1.0}"	0	1.6665064998386184e-15	1	1.6665064998386184e-15	1		out
production	sub-138	02	nppi-dmn	6	"{""16"": 1.0}"	0	1.6585303448861933e-15	1	1.6585303448861933e-15	1		out_p
production	sub-138	02	nppi-dmn	7	"{""14"": 1.0, ""16"": -1.0}"	0	1.840740023678719e-15	1	1.840740023678719e-15	1		in_p-out_p
production	sub-138	02	nppi-dmn	8	"{""12"": -2.0, ""14"": 1.0, ""16"": 1.0}"	0	1.5602208147217368e-15	1	1.5602208147217368e-15	1		soc_p-nonsoc_p
production	sub-138	02	nppi-dmn	9	"{""13"": 1.0, ""15"": -1.0}"	0	1.711108893771928e-15	1	1.711108893771928e-15	1		in-out
production	sub-138	02	nppi-dmn	10	"{""11"": -2.0, ""13"": 1.0, ""15"": 1.0}"	0	1.316930668332873e-15	1	1.316930668332873e-15	1		soc-nonsoc
production	sub-138	02	nppi-dmn	11	"{""10"": 1.0}"	0	1.370325837730039e-15	1	1.370325837730039e-15	1		phys
production	sub-138	02	nppi-ecn	1	"{""11"": 1.0}"	0	1.529599759731956e-15	1	1.529599759731956e-15	1		comp
production	sub-138	02	nppi-ecn	2	"{""12"": 1.0}"	0	1.3253998704631574e-15	1	1.3253998704631574e-15	1		comp_p
production	sub-138	02	nppi-ecn	3	"{""13"": 1.0}"	0	1.933605958206865e-15	1	1.933605958206865e-15	1		in
production	sub-138	02	nppi-ecn	4	"{""14"": 1.0}"	0	1.414936763244457e-15	1	1.414936763244457e-15	1		in_p
production	sub-138	02	nppi-ecn	5	"{""15"": 1.0}"	0	1.4996069196561644e-15	1	1.4996069196561644e-15	1		out
production	sub-138	02	nppi-ecn	6	"{""16"": 1.0}"	0	1.238610871834461e-15	1	1.238610871834461e-15	1		out_p
production	sub-138	02	nppi-ecn	7	"{""14"": 1.0, ""16"": -1.0}"	0	1.2513647903706873e-15	1	1.2513647903706873e-15	1		in_p-out_p
production	sub-138	02	nppi-ecn	8	"{""12"": -2.0, ""14"": 1.0, ""16"": 1.0}"	0	1.266852987127127e-15	1	1.266852987127127e-15	1		soc_p-nonsoc_p
production	sub-138	02	nppi-ecn	9	"{""13"": 1.0, ""15"": -1.0}"	0	1.6212171574920353e-15	1	1.6212171574920353e-15	1		in-out
production	sub-138	02	nppi-ecn	10	"{""11"": -2.0, ""13"": 1.0, ""15"": 1.0}"	0	1.7609459720628027e-15	1	1.7609459720628027e-15	1		soc-nonsoc
production	sub-138	02	nppi-ecn	11	"{""10"": 1.0}"	0	1.7181526985833749e-15	1	1.7181526985833749e-15	1		phys
production	sub-140	01	act	1	"{""1"": 1.0}"	0	1.1883308366694807e-15	1	1.1883308366694807e-15	1		comp
production	sub-140	01	act	2	"{""2"": 1.0}"	0	1.531190681901545e-15	1	1.531190681901545e-15	1		comp_p
production	sub-140	01	act	3	"{""3"": 1.0}"	0	1.3624063489725669e-15	1	1.3624063489725669e-15	1		in
production	sub-140	01	act	4	"{""4"": 1.0}"	0	1.1188934398159543e-15	1	1.1188934398159543e-15	1		in_p
production	sub-140	01	act	5	"{""5"": 1.0}"	0	1.6112809853646964e-15	1	1.6112809853646964e-15	1		out
production	sub-140	01	act	6	"{""6"": 1.0}"	0	1.1425158099038152e-15	1	1.1425158099038152e-15	1		out_p
production	sub-140	01	act	7	"{""4"": 1.0, ""6"": -1.0}"	0	1.151707616324348e-15	1	1.151707616324348e-15	1		in_p-out_p
production	sub-140	01	act	8	"{""2"": -2.0, ""4"": 1.0, ""6"": 1.0}"	0	1.4736626078914575e-15	1	1.4736626078914575e-15	1		soc_p-nonsoc_p
production	sub-140	01	act	9	"{""3"": 1.0, ""5"": -1.0}"	0	1.7548598763230163e-15	1	1.7548598763230163e-15	1		in-out
production	sub-140	01	act	10	"{""1"": -2.0, ""3"": 1.0, ""5"": 1.0}"	0	1.432656847842144e-15	1	1.432656847842144e-15	1		soc-nonsoc
production	sub-140	01	nppi-dmn	1	"{""11"": 1.0}"	0	1.3480713161839254e-15	1	1.3480713161839254e-15	1		comp
production	sub-140	01	nppi-dmn	2	"{""12"": 1.0}"	0	1.7891998733240394e-15	1	1.7891998733240394e-15	1		comp_p
production	sub-140	01	nppi-dmn	3	"{""13"": 1.0}"	0	1.4864427339690358e-15	1	1.4864427339690358e-15	1		in
production	sub-140	01	nppi-dmn	4	"{""14"": 1.0}"	0	1.4389569480874872e-15	1	1.4389569480874872e-15	1		in_p
production	sub-140	01	nppi-dmn	5	"{""15"": 1.0}"	0	1.7174531384596228e-15	1	1.7174531384596228e-15	1		out
production	sub-140	01	nppi-dmn	6	"{""16"": 1.0}"	0	1.5650801889789834e-15	1	1.5650801889789834e-15	1		out_p
production	sub-140	01	nppi-dmn	7	"{""14"": 1.0, ""16"": -1.0}"	0	1.4624614095906317e-15	1	1.4624614095906317e-15	1		in_p-out_p
production	sub-140	01	nppi-dmn	8	"{""12"": -2.0, ""14"": 1.0, ""16"": 1.0}"	0	1.5632983819916861e-15	1	1.5632983819916861e-15	1		soc_p-nonsoc_p
production	sub-140	01	nppi-dmn	9	"{""13"": 1.0, ""15"": -1.0}"	0	1.5474149108335072e-15	1	1.5474149108335072e-15	1		in-out
production	sub-140	01	nppi-dmn	10	"{""11"": -2.0, ""13"": 1.0, ""15"": 1.0}"	0	1.302442843377895e-15	1	1.302442843377895e-15	1		soc-nonsoc
production	sub-140	01	nppi-dmn	11	"{""10"": 1.0}"	0	1.083680601654615e-15	1	1.083680601654615e-15	1		phys
production	sub-140	01	nppi-ecn	1	"{""11"": 1.0}"	0	1.8677796380626225e-15	1	1.8677796380626225e-15	1		comp
production	sub-140	01	nppi-ecn	2	"{""12"": 1.0}"	0	1.5570566221688272e-15	1	1.5570566221688272e-15	1		comp_p
production	sub-140	01	nppi-ecn	3	"{""13"": 1.0}"	0	1.7566332831474362e-15	1	1.7566332831474362e-15	1		in
production	sub-140	01	nppi-ecn	4	"{""14"": 1.0}"	0	1.5954076018059843e-15	1	1.5954076018059843e-15	1		in_p
production	sub-140	01	nppi-ecn	5	"{""15"": 1.0}"	0	1.7994596897854802e-15	1	1.7994596897854802e-15	1		out
production	sub-140	01	nppi-ecn	6	"{""16"": 1.0}"	0	1.4369973919855049e-15	1	1.4369973919855049e-15	1		out_p
production	sub-140	01	nppi-ecn	7	"{""14"": 1.0, ""16"": -1.0}"	0	1.8099849749526093e-15	1	1.8099849749526093e-15	1		in_p-out_p
production	sub-140	01	nppi-ecn	8	"{""12"": -2.0, ""14"": 1.0, ""16"": 1.0}"	0	1.2538784654431212e-15	1	1.2538784654431212e-15	1		soc_p-nonsoc_p
production	sub-140	01	nppi-ecn	9	"{""13"": 1.0, ""15"": -1.0}"	0	1.7548539082361218e-15	1	1.7548539082361218e-15	1		in-out
production	sub-140	01	nppi-ecn	10	"{""11"": -2.0, ""13"": 1.0, ""15"": 1.0}"	0	1.8655087147812213e-15	1	1.8655087147812213e-15	1		soc-nonsoc
production	sub-140	01	nppi-ecn	11	"{""10"": 1.0}"	0	2.3627784888702675e-15	1	2.3627784888702675e-15	1		phys
production	sub-140	02	act	1	"{""1"": 1.0}"	0	7.128573047003524e-16	1	7.128573047003524e-16	1		comp
production	sub-140	02	act	2	"{""2"": 1.0}"	0	1.1341808358220245e-15	1	1.1341808358220245e-15	1		comp_p
production	sub-140	02	act	3	"{""3"": 1.0}"	0	6.557143553782356e-16	1	6.557143553782356e-16	1		in
production	sub-140	02	act	4	"{""4"": 1.0}"	0	1.2846310978416672e-15	1	1.2846310978416672e-15	1		in_p
production	sub-140	02	act	5	"{""5"": 1.0}"	0	9.562591069369084e-16	1	9.562591069369084e-16	1		out
production	sub-140	02	act	6	"{""6"": 1.0}"	0	1.2288619054735237e-15	1	1.2288619054735237e-15	1		out_p
production	sub-140	02	act	7	"{""4"": 1.0, ""6"": -1.0}"	0	8.559196351308704e-16	1	8.559196351308704e-16	1		in_p-out_p
production	sub-140	02	act	8	"{""2"": -2.0, ""4"": 1.0, ""6"": 1.0}"	0	1.34316407638899e-15	1	1.34316407638899e-15	1		soc_p-nonsoc_p
production	sub-140	02	act	9	"{""3"": 1.0, ""5"": -1.0}"	0	1.000386557794947e-15	1	1.000386557794947e-15	1		in-out
production	sub-140	02	act	10	"{""1"": -2.0, ""3"": 1.0, ""5"": 1.0}"	0	7.651546030523166e-16	1	7.651546030523166e-16	1		soc-nonsoc
production	sub-140	02	nppi-dmn	1	"{""11"": 1.0}"	0	1.8762889649895564e-15	1	1.8762889649895564e-15	1		comp
production	sub-140	02	nppi-dmn	2	"{""12"": 1.0}"	0	1.64150237695045e-15	1	1.64150237695045e-15	1		comp_p
production	sub-140	02	nppi-dmn	3	"{""13"": 1.0}"	0	1.3741291740716666e-15	1	1.3741291740716666e-15	1		in
production	sub-140	02	nppi-dmn	4	"{""14"": 1.0}"	0	1.2212206116191956e-15	1	1.2212206116191956e-15	1		in_p
production	sub-140	02	nppi-dmn	5	"{""15"": 1.0}"	0	1.5665462958213983e-15	1	1.5665462958213983e-15	1		out
production	sub-140	02	nppi-dmn	6	"{""16"": 1.0}"	0	1.5524190733292144e-15	1	1.5524190733292144e-15	1		out_p
production	sub-140	02	nppi-dmn	7	"{""14"": 1.0, ""16"": -1.0}"	0	1.2858873141646617e-15	1	1.2858873141646617e-15	1		in_p-out_p
production	sub-140	02	nppi-dmn	8	"{""12"": -2.0, ""14"": 1.0, ""16"": 1.0}"	0	1.6092003413919417e-15	1	1.6092003413919417e-15	1		soc_p-nonsoc_p
production	sub-140	02	nppi-dmn	9	"{""13"": 1.0, ""15"": -1.0}"	0	1.5398448008701354e-15	1	1.5398448008701354e-15	1		in-out
production	sub-140	02	nppi-dmn	10	"{""11"": -2.0, ""13"": 1.0, ""15"": 1.0}"	0	1.806399728892415e-15	1	1.806399728892415e-15	1		soc-nonsoc
production	sub-140	02	nppi-dmn	11	"{""10"": 1.0}"	0	1.268603189062485e-15	1	1.268603189062485e-15	1		phys
production	sub-140	02	nppi-ecn	1	"{""11"": 1.0}"	0	1.1875008855154988e-15	1	1.1875008855154988e-15	1		comp
production	sub-140	02	nppi-ecn	2	"{""12"": 1.0}"	0	1.6177697365208567e-15	1	1.6177697365208567e-15	1		comp_p
production	sub-140	02	nppi-ecn	3	"{""13"": 1.0}"	0	1.5414238325026287e-15	1	1.5414238325026287e-15	1		in
production	sub-140	02	nppi-ecn	4	"{""14"": 1.0}"	0	1.8385111651922333e-15	1	1.8385111651922333e-15	1		in_p
production	sub-140	02	nppi-ecn	5	"{""15"": 1.0}"	0	1.8937240562787285e-15	1	1.8937240562787285e-15	1		out
production	sub-140	02	nppi-ecn	6	"{""16"": 1.0}"	0	1.426931621393639e-15	1	1.426931621393639e-15	1		out_p
production	sub-140	02	nppi-ecn	7	"{""14"": 1.0, ""16"": -1.0}"	0	1.695609928084387e-15	1	1.695609928084387e-15	1		in_p-out_p
production	sub-140	02	nppi-ecn	8	"{""12"": -2.0, ""14"": 1.0, ""16"": 1.0}"	0	1.6846085172184428e-15	1	1.6846085172184428e-15	1		soc_p-nonsoc_p
production	sub-140	02	nppi-ecn	9	"{""13"": 1.0, ""15"": -1.0}"	0	1.806718043231121e-15	1	1.806718043231121e-15	1		in-out
production	sub-140	02	nppi-ecn	10	"{""11"": -2.0, ""13"": 1.0, ""15"": 1.0}"	0	1.2825170654275243e-15	1	1.2825170654275243e-15	1		soc-nonsoc
production	sub-140	02	nppi-ecn	11	"{""10"": 1.0}"	0	1.2657585936689644e-15	1	1.2657585936689644e-15	1		phys
production	sub-141	01	act	1	"{""1"": 1.0}"	0	9.97525517291563e-16	1	9.97525517291563e-16	1		comp
production	sub-141	01	act	2	"{""2"": 1.0}"	0	1.1191329239271616e-15	1	1.1191329239271616e-15	1		comp_p
production	sub-141	01	act	3	"{""3"": 1.0}"	0	1.0954655626100623e-15	1	1.0954655626100623e-15	1		in
production	sub-141	01	act	4	"{""4"": 1.0}"	0	1.6707870611208718e-15	1	1.6707870611208718e-15	1		in_p
production	sub-141	01	act	5	"{""5"": 1.0}"	0	9.41396525644211e-16	1	9.41396525644211e-16	1		out
production	sub-141	01	act	6	"{""6"": 1.0}"	0	1.1713835323338579e-15	1	1.1713835323338579e-15	1		out_p
production	sub-141	01	act	7	"{""4"": 1.0, ""6"": -1.0}"	0	1.1624809248744103e-15	1	1.1624809248744103e-15	1		in_p-out_p
production	sub-141	01	act	8	"{""2"": -2.0, ""4"": 1.0, ""6"": 1.0}"	0	1.2753465611247785e-15	1	1.2753465611247785e-15	1		soc_p-nonsoc_p
production	sub-141	01	act	9	"{""3"": 1.0, ""5"": -1.0}"	0	8.928186253987077e-16	1	8.928186253987077e-16	1		in-out
production	sub-141	01	act	10	"{""1"": -2.0, ""3"": 1.0, ""5"": 1.0}"	0	1.0077470557467485e-15	1	1.0077470557467485e-15	1		soc-nonsoc
production	sub-141	01	nppi-dmn	1	"{""11"": 1.0}"	0	1.4689998616928744e-15	1	1.4689998616928744e-15	1		comp
production	sub-141	01	nppi-dmn	2	"{""12"": 1.0}"	0	1.769372070573657e-15	1	1.769372070573657e-15	1		comp_p
production	sub-141	01	nppi-dmn	3	"{""13"": 1.0}"	0	2.0564698761849674e-15	1	2.0564698761849674e-15	1		in
production	sub-141	01	nppi-dmn	4	"{""14"": 1.0}"	0	1.7267690682289014e-15	1	1.7267690682289014e-15	1		in_p
production	sub-141	01	nppi-dmn	5	"{""15"": 1.0}"	0	1.6161079520551244e-15	1	1.6161079520551244e-15	1		out
production	sub-141	01	nppi-dmn	6	"{""16"": 1.0}"	0	1.4419566400193076e-15	1	1.4419566400193076e-15	1		out_p
production	sub-141	01	nppi-dmn	7	"{""14"": 1.0, ""16"": -1.0}"	0	1.5218265884086985e-15	1	1.5218265884086985e-15	1		in_p-out_p
production	sub-141	01	nppi-dmn	8	"{""12"": -2.0, ""14"": 1.0, ""16"": 1.0}"	0	1.5986423302426286e-15	1	1.5986423302426286e-15	1		soc_p-nonsoc_p
production	sub-141	01	nppi-dmn	9	"{""13"": 1.0, ""15"": -1.0}"	0	1.7239956909499295e-15	1	1.7239956909499295e-15	1		in-out
production	sub-141	01	nppi-dmn	10	"{""11"": -2.0, ""13"": 1.0, ""15"": 1.0}"	0	1.4537745477671727e-15	1	1.4537745477671727e-15	1		soc-nonsoc
production	sub-141	01	nppi-dmn	11	"{""10"": 1.0}"	0	1.7545198652127633e-15	1	1.7545198652127633e-15	1		phys
production	sub-141	01	nppi-ecn	1	"{""11"": 1.0}"	0	1.912230829979103e-15	1	1.912230829979103e-15	1		comp
production	sub-141	01	nppi-ecn	2	"{""12"": 1.0}"	0	1.7498770097622828e-15	1	1.7498770097622828e-15	1		comp_p
production	sub-141	01	nppi-ecn	3	"{""13"": 1.0}"	0	1.61384766702535e-15	1	1.61384766702535e-15	1		in
production	sub-141	01	nppi-ecn	4	"{""14"": 1.0}"	0	1.546891327124207e-15	1	1.546891327124207e-15	1		in_p
production	sub-141	01	nppi-ecn	5	"{""15"": 1.0}"	0	1.5393165115009114e-15	1	1.5393165115009114e-15	1		out
production	sub-141	01	nppi-ecn	6	"{""16"": 1.0}"	0	1.669765618318888e-15	1	1.669765618318888e-15	1		out_p
production	sub-141	01	nppi-ecn	7	"{""14"": 1.0, ""16"": -1.0}"	0	1.591156969010059e-15	1	1.591156969010059e-15	1		in_p-out_p
production	sub-141	01	nppi-ecn	8	"{""12"": -2.0, ""14"": 1.0, ""16"": 1.0}"	0	1.96736392669599e-15	1	1.96736392669599e-15	1		soc_p-nonsoc_p
production	sub-141	01	nppi-ecn	9	"{""13"": 1.0, ""15"": -1.0}"	0	1.4320823172282216e-15	1	1.4320823172282216e-15	1		in-out
production	sub-141	01	nppi-ecn	10	"{""11"": -2.0, ""13"": 1.0, ""15"": 1.0}"	0	2.2259845994106676e-15	1	2.2259845994106676e-15	1		soc-nonsoc
production	sub-141	01	nppi-ecn	11	"{""10"": 1.0}"	0	1.3656107279805587e-15	1	1.3656107279805587e-15	1		phys
production	sub-141	02	act	1	"{""1"": 1.0}"	0	1.2686420440026194e-15	1	1.2686420440026194e-15	1		comp
production	sub-141	02	act	2	"{""2"": 1.0}"	0	1.220777964200631e-15	1	1.220777964200631e-15	1		comp_p
production	sub-141	02	act	3	"{""3"": 1.0}"	0	8.356786228609133e-16	1	8.356786228609133e-16	1		in
production	sub-141	02	act	4	"{""4"": 1.0}"	0	1.009088639012021e-15	1	1.009088639012021e-15	1		in_p
production	sub-141	02	act	5	"{""5"": 1.0}"	0	8.853516073362323e-16	1	8.853516073362323e-16	1		out
production	sub-141	02	act	6	"{""6"": 1.0}"	0	1.076098867837004e-15	1	1.076098867837004e-15	1		out_p
production	sub-141	02	act	7	"{""4"": 1.0, ""6"": -1.0}"	0	8.570177501250838e-16	1	8.570177501250838e-16	1		in_p-out_p
production	sub-141	02	act	8	"{""2"": -2.0, ""4"": 1.0, ""6"": 1.0}"	0	1.3205348360530259e-15	1	1.3205348360530259e-15	1		soc_p-nonsoc_p
production	sub-141	02	act	9	"{""3"": 1.0, ""5"": -1.0}"	0	9.59618617486355e-16	1	9.59618617486355e-16	1		in-out
production	sub-141	02	act	10	"{""1"": -2.0, ""3"": 1.0, ""5"": 1.0}"	0	1.1855310735180112e-15	1	1.1855310735180112e-15	1		soc-nonsoc
production	sub-141	02	nppi-dmn	1	"{""11"": 1.0}"	0	1.4899872340376336e-15	1	1.4899872340376336e-15	1		comp
production	sub-141	02	nppi-dmn	2	"{""12"": 1.0}"	0	1.5541723951952972e-15	1	1.5541723951952972e-15	1		comp_p
production	sub-141	02	nppi-dmn	3	"{""13"": 1.0}"	0	1.445628633100199e-15	1	1.445628633100199e-15	1		in
production	sub-141	02	nppi-dmn	4	"{""14"": 1.0}"	0	1.240422814701968e-15	1	1.240422814701968e-15	1		in_p
production	sub-141	02	nppi-dmn	5	"{""15"": 1.0}"	0	1.793430631557053e-15	1	1.793430631557053e-15	1		out
production	sub-141	02	nppi-dmn	6	"{""16"": 1.0}"	0	1.6419156602168045e-15	1	1.6419156602168045e-15	1		out_p
production	sub-141	02	nppi-dmn	7	"{""14"": 1.0, ""16"": -1.0}"	0	1.5498465691686163e-15	1	1.5498465691686163e-15	1		in_p-out_p
production	sub-141	02	nppi-dmn	8	"{""12"": -2.0, ""14"": 1.0, ""16"": 1.0}"	0	1.398587325026652e-15	1	1.398587325026652e-15	1		soc_p-nonsoc_p
production	sub-141	02	nppi-dmn	9	"{""13"": 1.0, ""15"": -1.0}"	0	1.6149294091889253e-15	1	1.6149294091889253e-15	1		in-out
production	sub-141	02	nppi-dmn	10	"{""11"": -2.0, ""13"": 1.0, ""15"": 1.0}"	0	1.6080787994004126e-15	1	1.6080787994004126e-15	1		soc-nonsoc
production	sub-141	02	nppi-dmn	11	"{""10"": 1.0}"	0	1.6361514540396034e-15	1	1.6361514540396034e-15	1		phys
production	sub-141	02	nppi-ecn	1	"{""11"": 1.0}"	0	1.832623799015835e-15	1	1.832623799015835e-15	1		comp
production	sub-141	02	nppi-ecn	2	"{""12"": 1.0}"	0	1.7717977625379376e-15	1	1.7717977625379376e-15	1		comp_p
production	sub-141	02	nppi-ecn	3	"{""13"": 1.0}"	0	1.4073169379827929e-15	1	1.4073169379827929e-15	1		in
production	sub-141	02	nppi-ecn	4	"{""14"": 1.0}"	0	1.5556299670551842e-15	1	1.5556299670551842e-15	1		in_p
production	sub-141	02	nppi-ecn	5	"{""15"": 1.0}"	0	1.3421182881644435e-15	1	1.3421182881644435e-15	1		out
production	sub-141	02	nppi-ecn	6	"{""16"": 1.0}"	0	1.5089311516023043e-15	1	1.5089311516023043e-15	1		out_p
production	sub-141	02	nppi-ecn	7	"{""14"": 1.0, ""16"": -1.0}"	0	1.272364849874604e-15	1	1.272364849874604e-15	1		in_p-out_p
production	sub-141	02	nppi-ecn	8	"{""12"": -2.0, ""14"": 1.0, ""16"": 1.0}"	0	1.8156535181950243e-15	1	1.8156535181950243e-15	1		soc_p-nonsoc_p
production	sub-141	02	nppi-ecn	9	"{""13"": 1.0, ""15"": -1.0}"	0	1.2544822000263811e-15	1	1.2544822000263811e-15	1		in-out
production	sub-141	02	nppi-ecn	10	"{""11"": -2.0, ""13"": 1.0, ""15"": 1.0}"	0	1.628540660677442e-15	1	1.628540660677442e-15	1		soc-nonsoc
production	sub-141	02	nppi-ecn	11	"{""10"": 1.0}"	0	1.4705301812576997e-15	1	1.4705301812576997e-15	1		phys
production	sub-142	01	act	1	"{""1"": 1.0}"	0	1.0109904714642734e-15	1	1.0109904714642734e-15	1		comp
production	sub-142	01	act	2	"{""2"": 1.0}"	0	1.5095224369971695e-15	1	1.5095224369971695e-15	1		comp_p
production	sub-142	01	act	3	"{""3"": 1.0}"	0	8.010957972444761e-16	1	8.010957972444761e-16	1		in
production	sub-142	01	act	4	"{""4"": 1.0}"	0	1.4445087312905016e-15	1	1.4445087312905016e-15	1		in_p
production	sub-142	01	act	5	"{""5"": 1.0}"	0	9.001989677892906e-16	1	9.001989677892906e-16	1		out
production	sub-142	01	act	6	"{""6"": 1.0}"	0	1.3919126392271503e-15	1	1.3919126392271503e-15	1		out_p
production	sub-142	01	act	7	"{""4"": 1.0, ""6"": -1.0}"	0	1.3113030237318496e-15	1	1.3113030237318496e-15	1		in_p-out_p
production	sub-142	01	act	8	"{""2"": -2.0, ""4"": 1.0, ""6"": 1.0}"	0	1.3564091837216168e-15	1	1.3564091837216168e-15	1		soc_p-nonsoc_p
production	sub-142	01	act	9	"{""3"": 1.0, ""5"": -1.0}"	0	1.0622050116251028e-15	1	1.0622050116251028e-15	1		in-out
production	sub-142	01	act	10	"{""1"": -2.0, ""3"": 1.0, ""5"": 1.0}"	0	8.331299749612431e-16	1	8.331299749612431e-16	1		soc-nonsoc
production	sub-142	01	nppi-dmn	1	"{""11"": 1.0}"	0	1.4593360333909976e-15	1	1.4593360333909976e-15	1		comp
production	sub-142	01	nppi-dmn	2	"{""12"": 1.0}"	0	1.3599903859033285e-15	1	1.3599903859033285e-15	1		comp_p
production	sub-142	01	nppi-dmn	3	"{""13"": 1.0}"	0	1.5426048257729935e-15	1	1.5426048257729935e-15	1		in
production	sub-142	01	nppi-dmn	4	"{""14"": 1.0}"	0	1.450270922254181e-15	1	1.450270922254181e-15	1		in_p
production	sub-142	01	nppi-dmn	5	"{""15"": 1.0}"	0	1.2085443434641217e-15	1	1.2085443434641217e-15	1		out
production	sub-142	01	nppi-dmn	6	"{""16"": 1.0}"	0	1.215906350493733e-15	1	1.215906350493733e-15	1		out_p
production	sub-142	01	nppi-dmn	7	"{""14"": 1.0, ""16"": -1.0}"	0	1.4692209887631516e-15	1	1.4692209887631516e-15	1		in_p-out_p
production	sub-142	01	nppi-dmn	8	"{""12"": -2.0, ""14"": 1.0, ""16"": 1.0}"	0	1.3475155817586706e-15	1	1.3475155817586706e-15	1		soc_p-nonsoc_p
production	sub-142	01	nppi-dmn	9	"{""13"": 1.0, ""15"": -1.0}"	0	1.189828334307495e-15	1	1.189828334307495e-15	1		in-out
production	sub-142	01	nppi-dmn	10	"{""11"": -2.0, ""13"": 1.0, ""15"": 1.0}"	0	1.505063501296731e-15	1	1.505063501296731e-15	1		soc-nonsoc
production	sub-142	01	nppi-dmn	11	"{""10"": 1.0}"	0	1.3693030350850947e-15	1	1.3693030350850947e-15	1		phys
production	sub-142	01	nppi-ecn	1	"{""11"": 1.0}"	0	1.4935157133786047e-15	1	1.4935157133786047e-15	1		comp
production	sub-142	01	nppi-ecn	2	"{""12"": 1.0}"	0	1.883467075319379e-15	1	1.883467075319379e-15	1		comp_p
production	sub-142	01	nppi-ecn	3	"{""13"": 1.0}"	0	1.6860900474949372e-15	1	1.6860900474949372e-15	1		in
production	sub-142	01	nppi-ecn	4	"{""14"": 1.0}"	0	1.6897884864903725e-15	1	1.6897884864903725e-15	1		in_p
production	sub-142	01	nppi-ecn	5	"{""15"": 1.0}"	0	1.4296887072212777e-15	1	1.4296887072212777e-15	1		out
production	sub-142	01	nppi-ecn	6	"{""16"": 1.0}"	0	1.6258813613866499e-15	1	1.6258813613866499e-15	1		out_p
production	sub-142	01	nppi-ecn	7	"{""14"": 1.0, ""16"": -1.0}"	0	1.6581036720585637e-15	1	1.6581036720585637e-15	1		in_p-out_p
production	sub-142	01	nppi-ecn	8	"{""12"": -2.0, ""14"": 1.0, ""16"": 1.0}"	0	1.5171988554031218e-15	1	1.5171988554031218e-15	1		soc_p-nonsoc_p
production	sub-142	01	nppi-ecn	9	"{""13"": 1.0, ""15"": -1.0}"	0	1.859601177413949e-15	1	1.859601177413949e-15	1		in-out
production	sub-142	01	nppi-ecn	10	"{""11"": -2.0, ""13"": 1.0, ""15"": 1.0}"	0	1.3882888785146729e-15	1	1.3882888785146729e-15	1		soc-nonsoc
production	sub-142	01	nppi-ecn	11	"{""10"": 1.0}"	0	1.7722751401749778e-15	1	1.7722751401749778e-15	1		phys
production	sub-142	02	act	1	"{""1"": 1.0}"	0	8.55555560139842e-16	1	8.55555560139842e-16	1		comp
production	sub-142	02	act	2	"{""2"": 1.0}"	0	1.2102727362819074e-15	1	1.2102727362819074e-15	1		comp_p
production	sub-142	02	act	3	"{""3"": 1.0}"	0	1.1775085412435636e-15	1	1.1775085412435636e-15	1		in
production	sub-142	02	act	4	"{""4"": 1.0}"	0	1.813627301960245e-15	1	1.813627301960245e-15	1		in_p
production	sub-142	02	act	5	"{""5"": 1.0}"	0	8.53043507746446e-16	1	8.53043507746446e-16	1		out
production	sub-142	02	act	6	"{""6"": 1.0}"	0	1.1405817588567261e-15	1	1.1405817588567261e-15	1		out_p
production	sub-142	02	act	7	"{""4"": 1.0, ""6"": -1.0}"	0	1.4462116543876461e-15	1	1.4462116543876461e-15	1		in_p-out_p
production	sub-142	02	act	8	"{""2"": -2.0, ""4"": 1.0, ""6"": 1.0}"	0	9.642911706269668e-16	1	9.642911706269668e-16	1		soc_p-nonsoc_p
production	sub-142	02	act	9	"{""3"": 1.0, ""5"": -1.0}"	0	9.252962619145247e-16	1	9.252962619145247e-16	1		in-out
production	sub-142	02	act	10	"{""1"": -2.0, ""3"": 1.0, ""5"": 1.0}"	0	9.457996263021928e-16	1	9.457996263021928e-16	1		soc-nonsoc
production	sub-142	02	nppi-dmn	1	"{""11"": 1.0}"	0	1.6549257093237236e-15	1	1.6549257093237236e-15	1		comp
production	sub-142	02	nppi-dmn	2	"{""12"": 1.0}"	0	1.7643321252322241e-15	1	1.7643321252322241e-15	1		comp_p
production	sub-142	02	nppi-dmn	3	"{""13"": 1.0}"	0	1.9308861017729748e-15	1	1.9308861017729748e-15	1		in
production	sub-142	02	nppi-dmn	4	"{""14"": 1.0}"	0	1.401598363133942e-15	1	1.401598363133942e-15	1		in_p
production	sub-142	02	nppi-dmn	5	"{""15"": 1.0}"	0	1.7828594255928448e-15	1	1.7828594255928448e-15	1		out
production	sub-142	02	nppi-dmn	6	"{""16"": 1.0}"	0	1.4897165714914268e-15	1	1.4897165714914268e-15	1		out_p
production	sub-142	02	nppi-dmn	7	"{""14"": 1.0, ""16"": -1.0}"	0	1.78791997737311e-15	1	1.78791997737311e-15	1		in_p-out_p
production	sub-142	02	nppi-dmn	8	"{""12"": -2.0, ""14"": 1.0, ""16"": 1.0}"	0	1.8185640963100705e-15	1	1.8185640963100705e-15	1		soc_p-nonsoc_p
production	sub-142	02	nppi-dmn	9	"{""13"": 1.0, ""15"": -1.0}"	0	1.617051579167645e-15	1	1.617051579167645e-15	1		in-out
production	sub-142	02	nppi-dmn	10	"{""11"": -2.0, ""13"": 1.0, ""15"": 1.0}"	0	1.5260671253570162e-15	1	1.5260671253570162e-15	1		soc-nonsoc
production	sub-142	02	nppi-dmn	11	"{""10"": 1.0}"	0	2.5562135609029558e-15	1	2.5562135609029558e-15	1		phys
production	sub-142	02	nppi-ecn	1	"{""11"": 1.0}"	0	1.4293938753472497e-15	1	1.4293938753472497e-15	1		comp
production	sub-142	02	nppi-ecn	2	"{""12"": 1.0}"	0	1.869018591252291e-15	1	1.869018591252291e-15	1		comp_p
production	sub-142	02	nppi-ecn	3	"{""13"": 1.0}"	0	1.5217648002431743e-15	1	1.5217648002431743e-15	1		in
production	sub-142	02	nppi-ecn	4	"{""14"": 1.0}"	0	1.0720313680428094e-15	1	1.0720313680428094e-15	1		in_p
production	sub-142	02	nppi-ecn	5	"{""15"": 1.0}"	0	1.5779529001376584e-15	1	1.5779529001376584e-15	1		out
production	sub-142	02	nppi-ecn	6	"{""16"": 1.0}"	0	1.3689283575494194e-15	1	1.3689283575494194e-15	1		out_p
production	sub-142	02	nppi-ecn	7	"{""14"": 1.0, ""16"": -1.0}"	0	1.2295669857999246e-15	1	1.2295669857999246e-15	1		in_p-out_p
production	sub-142	02	nppi-ecn	8	"{""12"": -2.0, ""14"": 1.0, ""16"": 1.0}"	0	1.5708529340708378e-15	1	1.5708529340708378e-15	1		soc_p-nonsoc_p
production	sub-142	02	nppi-ecn	9	"{""13"": 1.0, ""15"": -1.0}"	0	1.2599573495563793e-15	1	1.2599573495563793e-15	1		in-out
production	sub-142	02	nppi-ecn	10	"{""11"": -2.0, ""13"": 1.0, ""15"": 1.0}"	0	1.5215384851936211e-15	1	1.5215384851936211e-15	1		soc-nonsoc
production	sub-142	02	nppi-ecn	11	"{""10"": 1.0}"	0	2.1545459662149927e-15	1	2.1545459662149927e-15	1		phys
production	sub-143	01	act	1	"{""1"": 1.0}"	0	8.706225504130528e-16	1	8.706225504130528e-16	1		comp
production	sub-143	01	act	2	"{""2"": 1.0}"	0	1.5574110737188187e-15	1	1.5574110737188187e-15	1		comp_p
production	sub-143	01	act	3	"{""3"": 1.0}"	0	1.0115110064666827e-15	1	1.0115110064666827e-15	1		in
production	sub-143	01	act	4	"{""4"": 1.0}"	0	1.027260585159127e-15	1	1.027260585159127e-15	1		in_p
production	sub-143	01	act	5	"{""5"": 1.0}"	0	9.974728627370147e-16	1	9.974728627370147e-16	1		out
production	sub-143	01	act	6	"{""6"": 1.0}"	0	9.349094725097443e-16	1	9.349094725097443e-16	1		out_p
production	sub-143	01	act	7	"{""4"": 1.0, ""6"": -1.0}"	0	9.756528371754601e-16	1	9.756528371754601e-16	1		in_p-out_p
production	sub-143	01	act	8	"{""2"": -2.0, ""4"": 1.0, ""6"": 1.0}"	0	1.4067822331643167e-15	1	1.4067822331643167e-15	1		soc_p-nonsoc_p
production	sub-143	01	act	9	"{""3"": 1.0, ""5"": -1.0}"	0	9.01370161135869e-16	1	9.01370161135869e-16	1		in-out
production	sub-143	01	act	10	"{""1"": -2.0, ""3"": 1.0, ""5"": 1.0}"	0	1.056219234454909e-15	1	1.056219234454909e-15	1		soc-nonsoc
production	sub-143	01	nppi-dmn	1	"{""11"": 1.0}"	0	1.422664795798402e-15	1	1.422664795798402e-15	1		comp
production	sub-143	01	nppi-dmn	2	"{""12"": 1.0}"	0	1.2860500923485612e-15	1	1.2860500923485612e-15	1		comp_p
production	sub-143	01	nppi-dmn	3	"{""13"": 1.0}"	0	1.5379581366428385e-15	1	1.5379581366428385e-15	1		in
production	sub-143	01	nppi-dmn	4	"{""14"": 1.0}"	0	1.6877759415451367e-15	1	1.6877759415451367e-15	1		in_p
production	sub-143	01	nppi-dmn	5	"{""15"": 1.0}"	0	1.3718186473359776e-15	1	1.3718186473359776e-15	1		out
production	sub-143	01	nppi-dmn	6	"{""16"": 1.0}"	0	1.5836073258702984e-15	1	1.5836073258702984e-15	1		out_p
production	sub-143	01	nppi-dmn	7	"{""14"": 1.0, ""16"": -1.0}"	0	1.831345692337619e-15	1	1.831345692337619e-15	1		in_p-out_p
production	sub-143	01	nppi-dmn	8	"{""12"": -2.0, ""14"": 1.0, ""16"": 1.0}"	0	1.3692726068911214e-15	1	1.3692726068911214e-15	1		soc_p-nonsoc_p
production	sub-143	01	nppi-dmn	9	"{""13"": 1.0, ""15"": -1.0}"	0	1.5452042497459769e-15	1	1.5452042497459769e-15	1		in-out
production	sub-143	01	nppi-dmn	10	"{""11"": -2.0, ""13"": 1.0, ""15"": 1.0}"	0	1.4548179839225606e-15	1	1.4548179839225606e-15	1		soc-nonsoc
production	sub-143	01	nppi-dmn	11	"{""10"": 1.0}"	0	1.6757948641686906e-15	1	1.6757948641686906e-15	1		phys
production	sub-143	01	nppi-ecn	1	"{""11"": 1.0}"	0	4.170254377917207e-15	1	4.170254377917207e-15	1		comp
production	sub-143	01	nppi-ecn	2	"{""12"": 1.0}"	0	2.1557143246353247e-15	1	2.1557143246353247e-15	1		comp_p
production	sub-143	01	nppi-ecn	3	"{""13"": 1.0}"	0	4.379449145721198e-15	1	4.379449145721198e-15	1		in
production	sub-143	01	nppi-ecn	4	"{""14"": 1.0}"	0	2.372205276806404e-15	1	2.372205276806404e-15	1		in_p
production	sub-143	01	nppi-ecn	5	"{""15"": 1.0}"	0	3.850548170969153e-15	1	3.850548170969153e-15	1		out
production	sub-143	01	nppi-ecn	6	"{""16"": 1.0}"	0	1.6529806416507954e-15	1	1.6529806416507954e-15	1		out_p
production	sub-143	01	nppi-ecn	7	"{""14"": 1.0, ""16"": -1.0}"	0	1.8063964762100087e-15	1	1.8063964762100087e-15	1		in_p-out_p
production	sub-143	01	nppi-ecn	8	"{""12"": -2.0, ""14"": 1.0, ""16"": 1.0}"	0	2.73148264874882e-15	1	2.73148264874882e-15	1		soc_p-nonsoc_p
production	sub-143	01	nppi-ecn	9	"{""13"": 1.0, ""15"": -1.0}"	0	1.3529285054000875e-15	1	1.3529285054000875e-15	1		in-out
production	sub-143	01	nppi-ecn	10	"{""11"": -2.0, ""13"": 1.0, ""15"": 1.0}"	0	2.0234372848919396e-15	1	2.0234372848919396e-15	1		soc-nonsoc
production	sub-143	01	nppi-ecn	11	"{""10"": 1.0}"	0	4.549436132283936e-15	1	4.549436132283936e-15	1		phys
production	sub-143	02	act	1	"{""1"": 1.0}"	0	1.0416754811454748e-15	1	1.0416754811454748e-15	1		comp
production	sub-143	02	act	2	"{""2"": 1.0}"	0	1.697803976057249e-15	1	1.697803976057249e-15	1		comp_p
production	sub-143	02	act	3	"{""3"": 1.0}"	0	1.0029061070713918e-15	1	1.0029061070713918e-15	1		in
production	sub-143	02	act	4	"{""4"": 1.0}"	0	7.906578662887635e-16	1	7.906578662887635e-16	1		in_p
production	sub-143	02	act	5	"{""5"": 1.0}"	0	1.4080640119321498e-15	1	1.4080640119321498e-15	1		out
production	sub-143	02	act	6	"{""6"": 1.0}"	0	1.6737547699147775e-15	1	1.6737547699147775e-15	1		out_p
production	sub-143	02	act	7	"{""4"": 1.0, ""6"": -1.0}"	0	1.25895559312153e-15	1	1.25895559312153e-15	1		in_p-out_p
production	sub-143	02	act	8	"{""2"": -2.0, ""4"": 1.0, ""6"": 1.0}"	0	1.4456208836517348e-15	1	1.4456208836517348e-15	1		soc_p-nonsoc_p
production	sub-143	02	act	9	"{""3"": 1.0, ""5"": -1.0}"	0	8.963911057381657e-16	1	8.963911057381657e-16	1		in-out
production	sub-143	02	act	10	"{""1"": -2.0, ""3"": 1.0, ""5"": 1.0}"	0	1.1621354068702595e-15	1	1.1621354068702595e-15	1		soc-nonsoc
production	sub-143	02	nppi-dmn	1	"{""11"": 1.0}"	0	1.9028316602140388e-15	1	1.9028316602140388e-15	1		comp
production	sub-143	02	nppi-dmn	2	"{""12"": 1.0}"	0	1.5605645430723932e-15	1	1.5605645430723932e-15	1		comp_p
production	sub-143	02	nppi-dmn	3	"{""13"": 1.0}"	0	2.003842504847976e-15	1	2.003842504847976e-15	1		in
production	sub-143	02	nppi-dmn	4	"{""14"": 1.0}"	0	1.79653147036115e-15	1	1.79653147036115e-15	1		in_p
production	sub-143	02	nppi-dmn	5	"{""15"": 1.0}"	0	1.2253141373744499e-15	1	1.2253141373744499e-15	1		out
production	sub-143	02	nppi-dmn	6	"{""16"": 1.0}"	0	1.6471057060093381e-15	1	1.6471057060093381e-15	1		out_p
production	sub-143	02	nppi-dmn	7	"{""14"": 1.0, ""16"": -1.0}"	0	1.8084063287427383e-15	1	1.8084063287427383e-15	1		in_p-out_p
production	sub-143	02	nppi-dmn	8	"{""12"": -2.0, ""14"": 1.0, ""16"": 1.0}"	0	1.6877197358818922e-15	1	1.6877197358818922e-15	1		soc_p-nonsoc_p
production	sub-143	02	nppi-dmn	9	"{""13"": 1.0, ""15"": -1.0}"	0	1.8074316534535616e-15	1	1.8074316534535616e-15	1		in-out
production	sub-143	02	nppi-dmn	10	"{""11"": -2.0, ""13"": 1.0, ""15"": 1.0}"	0	1.8050852395397324e-15	1	1.8050852395397324e-15	1		soc-nonsoc
production	sub-143	02	nppi-dmn	11	"{""10"": 1.0}"	0	1.3485010775115258e-15	1	1.3485010775115258e-15	1		phys
production	sub-143	02	nppi-ecn	1	"{""11"": 1.0}"	0	2.044820136430465e-15	1	2.044820136430465e-15	1		comp
production	sub-143	02	nppi-ecn	2	"{""12"": 1.0}"	0	1.6276241899430735e-15	1	1.6276241899430735e-15	1		comp_p
production	sub-143	02	nppi-ecn	3	"{""13"": 1.0}"	0	1.6286784473432462e-15	1	1.6286784473432462e-15	1		in
production	sub-143	02	nppi-ecn	4	"{""14"": 1.0}"	0	1.85972666364171e-15	1	1.85972666364171e-15	1		in_p
production	sub-143	02	nppi-ecn	5	"{""15"": 1.0}"	0	1.931216097929327e-15	1	1.931216097929327e-15	1		out
production	sub-143	02	nppi-ecn	6	"{""16"": 1.0}"	0	1.9185687619451446e-15	1	1.9185687619451446e-15	1		out_p
production	sub-143	02	nppi-ecn	7	"{""14"": 1.0, ""16"": -1.0}"	0	1.951569459302018e-15	1	1.951569459302018e-15	1		in_p-out_p
production	sub-143	02	nppi-ecn	8	"{""12"": -2.0, ""14"": 1.0, ""16"": 1.0}"	0	1.7317944132692682e-15	1	1.7317944132692682e-15	1		soc_p-nonsoc_p
production	sub-143	02	nppi-ecn	9	"{""13"": 1.0, ""15"": -1.0}"	0	1.7224962278603294e-15	1	1.7224962278603294e-15	1		in-out
production	sub-143	02	nppi-ecn	10	"{""11"": -2.0, ""13"": 1.0, ""15"": 1.0}"	0	1.617145534529598e-15	1	1.617145534529598e-15	1		soc-nonsoc
production	sub-143	02	nppi-ecn	11	"{""10"": 1.0}"	0	1.7455781482455627e-15	1	1.7455781482455627e-15	1		phys
production	sub-144	01	act	1	"{""1"": 1.0}"	0	1.0543172039145286e-15	1	1.0543172039145286e-15	1		comp
production	sub-144	01	act	2	"{""2"": 1.0}"	0	1.4838684806081004e-15	1	1.4838684806081004e-15	1		comp_p
production	sub-144	01	act	3	"{""3"": 1.0}"	0	1.1509947911175533e-15	1	1.1509947911175533e-15	1		in
production	sub-144	01	act	4	"{""4"": 1.0}"	0	1.6939817791464088e-15	1	1.6939817791464088e-15	1		in_p
production	sub-144	01	act	5	"{""5"": 1.0}"	0	7.718782088410403e-16	1	7.718782088410403e-16	1		out
production	sub-144	01	act	6	"{""6"": 1.0}"	0	1.3925213141170514e-15	1	1.3925213141170514e-15	1		out_p
production	sub-144	01	act	7	"{""4"": 1.0, ""6"": -1.0}"	0	1.2799598085943308e-15	1	1.2799598085943308e-15	1		in_p-out_p
production	sub-144	01	act	8	"{""2"": -2.0, ""4"": 1.0, ""6"": 1.0}"	0	1.7559014591554261e-15	1	1.7559014591554261e-15	1		soc_p-nonsoc_p
production	sub-144	01	act	9	"{""3"": 1.0, ""5"": -1.0}"	0	9.144029269442068e-16	1	9.144029269442068e-16	1		in-out
production	sub-144	01	act	10	"{""1"": -2.0, ""3"": 1.0, ""5"": 1.0}"	0	1.0419149556607427e-15	1	1.0419149556607427e-15	1		soc-nonsoc
repaired	sub-144	01	act	1	"{""1"": 1.0}"	0	1.5066009938617134e-15	1	1.5066009938617134e-15	1		comp
repaired	sub-144	01	act	2	"{""2"": 1.0}"	0	1.1360429117015309e-15	1	1.1360429117015309e-15	1		comp_p
repaired	sub-144	01	act	3	"{""3"": 1.0}"	0	1.5680394966724169e-15	1	1.5680394966724169e-15	1		in
repaired	sub-144	01	act	4	"{""4"": 1.0}"	0	9.037604077633758e-16	1	9.037604077633758e-16	1		in_p
repaired	sub-144	01	act	5	"{""5"": 1.0}"	0	1.2146215714627705e-15	1	1.2146215714627705e-15	1		out
repaired	sub-144	01	act	6	"{""6"": 1.0}"	0	1.0583228319583601e-15	1	1.0583228319583601e-15	1		out_p
repaired	sub-144	01	act	7	"{""4"": 1.0, ""6"": -1.0}"	0	1.012208867591196e-15	1	1.012208867591196e-15	1		in_p-out_p
repaired	sub-144	01	act	8	"{""2"": -2.0, ""4"": 1.0, ""6"": 1.0}"	0	1.0512899215574427e-15	1	1.0512899215574427e-15	1		soc_p-nonsoc_p
repaired	sub-144	01	act	9	"{""3"": 1.0, ""5"": -1.0}"	0	1.1654175889624416e-15	1	1.1654175889624416e-15	1		in-out
repaired	sub-144	01	act	10	"{""1"": -2.0, ""3"": 1.0, ""5"": 1.0}"	0	1.217065396986033e-15	1	1.217065396986033e-15	1		soc-nonsoc
production	sub-144	01	nppi-dmn	1	"{""11"": 1.0}"	0	1.9410382997155778e-15	1	1.9410382997155778e-15	1		comp
production	sub-144	01	nppi-dmn	2	"{""12"": 1.0}"	0	1.6947683660909763e-15	1	1.6947683660909763e-15	1		comp_p
production	sub-144	01	nppi-dmn	3	"{""13"": 1.0}"	0	1.7963785352143655e-15	1	1.7963785352143655e-15	1		in
production	sub-144	01	nppi-dmn	4	"{""14"": 1.0}"	0	1.851036044883733e-15	1	1.851036044883733e-15	1		in_p
production	sub-144	01	nppi-dmn	5	"{""15"": 1.0}"	0	2.1213793889195677e-15	1	2.1213793889195677e-15	1		out
production	sub-144	01	nppi-dmn	6	"{""16"": 1.0}"	0	2.762630919786165e-15	1	2.762630919786165e-15	1		out_p
production	sub-144	01	nppi-dmn	7	"{""14"": 1.0, ""16"": -1.0}"	0	1.936559044331786e-15	1	1.936559044331786e-15	1		in_p-out_p
production	sub-144	01	nppi-dmn	8	"{""12"": -2.0, ""14"": 1.0, ""16"": 1.0}"	0	2.384368918316817e-15	1	2.384368918316817e-15	1		soc_p-nonsoc_p
production	sub-144	01	nppi-dmn	9	"{""13"": 1.0, ""15"": -1.0}"	0	1.8667454753802083e-15	1	1.8667454753802083e-15	1		in-out
production	sub-144	01	nppi-dmn	10	"{""11"": -2.0, ""13"": 1.0, ""15"": 1.0}"	0	1.8364626181632105e-15	1	1.8364626181632105e-15	1		soc-nonsoc
production	sub-144	01	nppi-dmn	11	"{""10"": 1.0}"	0	2.0291199522270803e-15	1	2.0291199522270803e-15	1		phys
repaired	sub-144	01	nppi-dmn	1	"{""11"": 1.0}"	0	1.7439669598922307e-15	1	1.7439669598922307e-15	1		comp
repaired	sub-144	01	nppi-dmn	2	"{""12"": 1.0}"	0	1.82139260466992e-15	1	1.82139260466992e-15	1		comp_p
repaired	sub-144	01	nppi-dmn	3	"{""13"": 1.0}"	0	1.7630663197776327e-15	1	1.7630663197776327e-15	1		in
repaired	sub-144	01	nppi-dmn	4	"{""14"": 1.0}"	0	1.7081704281760515e-15	1	1.7081704281760515e-15	1		in_p
repaired	sub-144	01	nppi-dmn	5	"{""15"": 1.0}"	0	1.7039338420218913e-15	1	1.7039338420218913e-15	1		out
repaired	sub-144	01	nppi-dmn	6	"{""16"": 1.0}"	0	1.497950240871222e-15	1	1.497950240871222e-15	1		out_p
repaired	sub-144	01	nppi-dmn	7	"{""14"": 1.0, ""16"": -1.0}"	0	1.6804517111245644e-15	1	1.6804517111245644e-15	1		in_p-out_p
repaired	sub-144	01	nppi-dmn	8	"{""12"": -2.0, ""14"": 1.0, ""16"": 1.0}"	0	1.9627945745849058e-15	1	1.9627945745849058e-15	1		soc_p-nonsoc_p
repaired	sub-144	01	nppi-dmn	9	"{""13"": 1.0, ""15"": -1.0}"	0	1.7484254483868137e-15	1	1.7484254483868137e-15	1		in-out
repaired	sub-144	01	nppi-dmn	10	"{""11"": -2.0, ""13"": 1.0, ""15"": 1.0}"	0	1.8829631664325402e-15	1	1.8829631664325402e-15	1		soc-nonsoc
repaired	sub-144	01	nppi-dmn	11	"{""10"": 1.0}"	0	1.3381909715232547e-15	1	1.3381909715232547e-15	1		phys
production	sub-144	01	nppi-ecn	1	"{""11"": 1.0}"	0	2.1192551879753093e-15	1	2.1192551879753093e-15	1		comp
production	sub-144	01	nppi-ecn	2	"{""12"": 1.0}"	0	1.8339843607118833e-15	1	1.8339843607118833e-15	1		comp_p
production	sub-144	01	nppi-ecn	3	"{""13"": 1.0}"	0	1.520951580017324e-15	1	1.520951580017324e-15	1		in
production	sub-144	01	nppi-ecn	4	"{""14"": 1.0}"	0	1.4945983771453299e-15	1	1.4945983771453299e-15	1		in_p
production	sub-144	01	nppi-ecn	5	"{""15"": 1.0}"	0	1.6354714332634833e-15	1	1.6354714332634833e-15	1		out
production	sub-144	01	nppi-ecn	6	"{""16"": 1.0}"	0	1.8216029467753706e-15	1	1.8216029467753706e-15	1		out_p
production	sub-144	01	nppi-ecn	7	"{""14"": 1.0, ""16"": -1.0}"	0	1.6936581463580039e-15	1	1.6936581463580039e-15	1		in_p-out_p
production	sub-144	01	nppi-ecn	8	"{""12"": -2.0, ""14"": 1.0, ""16"": 1.0}"	0	1.6802973567226925e-15	1	1.6802973567226925e-15	1		soc_p-nonsoc_p
production	sub-144	01	nppi-ecn	9	"{""13"": 1.0, ""15"": -1.0}"	0	1.6804270359803274e-15	1	1.6804270359803274e-15	1		in-out
production	sub-144	01	nppi-ecn	10	"{""11"": -2.0, ""13"": 1.0, ""15"": 1.0}"	0	1.6327702917960748e-15	1	1.6327702917960748e-15	1		soc-nonsoc
production	sub-144	01	nppi-ecn	11	"{""10"": 1.0}"	0	3.958252641754591e-15	1	3.958252641754591e-15	1		phys
repaired	sub-144	01	nppi-ecn	1	"{""11"": 1.0}"	0	1.8607670249861585e-15	1	1.8607670249861585e-15	1		comp
repaired	sub-144	01	nppi-ecn	2	"{""12"": 1.0}"	0	1.4989244939558835e-15	1	1.4989244939558835e-15	1		comp_p
repaired	sub-144	01	nppi-ecn	3	"{""13"": 1.0}"	0	1.5940527274277875e-15	1	1.5940527274277875e-15	1		in
repaired	sub-144	01	nppi-ecn	4	"{""14"": 1.0}"	0	1.3991125952657805e-15	1	1.3991125952657805e-15	1		in_p
repaired	sub-144	01	nppi-ecn	5	"{""15"": 1.0}"	0	1.398558691264665e-15	1	1.398558691264665e-15	1		out
repaired	sub-144	01	nppi-ecn	6	"{""16"": 1.0}"	0	1.5210129031745882e-15	1	1.5210129031745882e-15	1		out_p
repaired	sub-144	01	nppi-ecn	7	"{""14"": 1.0, ""16"": -1.0}"	0	1.5282283949620091e-15	1	1.5282283949620091e-15	1		in_p-out_p
repaired	sub-144	01	nppi-ecn	8	"{""12"": -2.0, ""14"": 1.0, ""16"": 1.0}"	0	1.3336072199806018e-15	1	1.3336072199806018e-15	1		soc_p-nonsoc_p
repaired	sub-144	01	nppi-ecn	9	"{""13"": 1.0, ""15"": -1.0}"	0	1.2396575977430632e-15	1	1.2396575977430632e-15	1		in-out
repaired	sub-144	01	nppi-ecn	10	"{""11"": -2.0, ""13"": 1.0, ""15"": 1.0}"	0	1.7925877674252253e-15	1	1.7925877674252253e-15	1		soc-nonsoc
repaired	sub-144	01	nppi-ecn	11	"{""10"": 1.0}"	0	2.195259123899579e-15	1	2.195259123899579e-15	1		phys
production	sub-144	02	act	1	"{""1"": 1.0}"	0	5.908673376720774e-16	1	5.908673376720774e-16	1		comp
production	sub-144	02	act	2	"{""2"": 1.0}"	0	1.3995933357184025e-15	1	1.3995933357184025e-15	1		comp_p
production	sub-144	02	act	3	"{""3"": 1.0}"	0	8.512409396080104e-16	1	8.512409396080104e-16	1		in
production	sub-144	02	act	4	"{""4"": 1.0}"	0	1.050093036201461e-15	1	1.050093036201461e-15	1		in_p
production	sub-144	02	act	5	"{""5"": 1.0}"	0	1.0011134595981142e-15	1	1.0011134595981142e-15	1		out
production	sub-144	02	act	6	"{""6"": 1.0}"	0	1.4061963063214548e-15	1	1.4061963063214548e-15	1		out_p
production	sub-144	02	act	7	"{""4"": 1.0, ""6"": -1.0}"	0	8.378049445636164e-16	1	8.378049445636164e-16	1		in_p-out_p
production	sub-144	02	act	8	"{""2"": -2.0, ""4"": 1.0, ""6"": 1.0}"	0	1.7597825005499797e-15	1	1.7597825005499797e-15	1		soc_p-nonsoc_p
production	sub-144	02	act	9	"{""3"": 1.0, ""5"": -1.0}"	0	9.279645287158241e-16	1	9.279645287158241e-16	1		in-out
production	sub-144	02	act	10	"{""1"": -2.0, ""3"": 1.0, ""5"": 1.0}"	0	7.304984880407906e-16	1	7.304984880407906e-16	1		soc-nonsoc
repaired	sub-144	02	act	1	"{""1"": 1.0}"	0	1.5402966916880048e-15	1	1.5402966916880048e-15	1		comp
repaired	sub-144	02	act	2	"{""2"": 1.0}"	0	1.550133752627852e-15	1	1.550133752627852e-15	1		comp_p
repaired	sub-144	02	act	3	"{""3"": 1.0}"	0	1.3296758864559944e-15	1	1.3296758864559944e-15	1		in
repaired	sub-144	02	act	4	"{""4"": 1.0}"	0	2.078369682614295e-15	1	2.078369682614295e-15	1		in_p
repaired	sub-144	02	act	5	"{""5"": 1.0}"	0	1.0146730873987296e-15	1	1.0146730873987296e-15	1		out
repaired	sub-144	02	act	6	"{""6"": 1.0}"	0	9.911531558402059e-16	1	9.911531558402059e-16	1		out_p
repaired	sub-144	02	act	7	"{""4"": 1.0, ""6"": -1.0}"	0	1.8192739226263177e-15	1	1.8192739226263177e-15	1		in_p-out_p
repaired	sub-144	02	act	8	"{""2"": -2.0, ""4"": 1.0, ""6"": 1.0}"	0	1.740725975745455e-15	1	1.740725975745455e-15	1		soc_p-nonsoc_p
repaired	sub-144	02	act	9	"{""3"": 1.0, ""5"": -1.0}"	0	9.180606151036686e-16	1	9.180606151036686e-16	1		in-out
repaired	sub-144	02	act	10	"{""1"": -2.0, ""3"": 1.0, ""5"": 1.0}"	0	1.6542286898548789e-15	1	1.6542286898548789e-15	1		soc-nonsoc
production	sub-144	02	nppi-dmn	1	"{""11"": 1.0}"	0	1.7080394684102788e-15	1	1.7080394684102788e-15	1		comp
production	sub-144	02	nppi-dmn	2	"{""12"": 1.0}"	0	1.5293224487387492e-15	1	1.5293224487387492e-15	1		comp_p
production	sub-144	02	nppi-dmn	3	"{""13"": 1.0}"	0	2.464735950211326e-15	1	2.464735950211326e-15	1		in
production	sub-144	02	nppi-dmn	4	"{""14"": 1.0}"	0	2.100169049396219e-15	1	2.100169049396219e-15	1		in_p
production	sub-144	02	nppi-dmn	5	"{""15"": 1.0}"	0	1.6827482805255834e-15	1	1.6827482805255834e-15	1		out
production	sub-144	02	nppi-dmn	6	"{""16"": 1.0}"	0	1.7689840375130904e-15	1	1.7689840375130904e-15	1		out_p
production	sub-144	02	nppi-dmn	7	"{""14"": 1.0, ""16"": -1.0}"	0	1.8469383279329063e-15	1	1.8469383279329063e-15	1		in_p-out_p
production	sub-144	02	nppi-dmn	8	"{""12"": -2.0, ""14"": 1.0, ""16"": 1.0}"	0	1.2736700386373612e-15	1	1.2736700386373612e-15	1		soc_p-nonsoc_p
production	sub-144	02	nppi-dmn	9	"{""13"": 1.0, ""15"": -1.0}"	0	1.863321812845127e-15	1	1.863321812845127e-15	1		in-out
production	sub-144	02	nppi-dmn	10	"{""11"": -2.0, ""13"": 1.0, ""15"": 1.0}"	0	1.4821456207934588e-15	1	1.4821456207934588e-15	1		soc-nonsoc
production	sub-144	02	nppi-dmn	11	"{""10"": 1.0}"	0	3.0064352069944333e-15	1	3.0064352069944333e-15	1		phys
repaired	sub-144	02	nppi-dmn	1	"{""11"": 1.0}"	0	1.6276997866831034e-15	1	1.6276997866831034e-15	1		comp
repaired	sub-144	02	nppi-dmn	2	"{""12"": 1.0}"	0	1.6933739972926008e-15	1	1.6933739972926008e-15	1		comp_p
repaired	sub-144	02	nppi-dmn	3	"{""13"": 1.0}"	0	1.4989440714815014e-15	1	1.4989440714815014e-15	1		in
repaired	sub-144	02	nppi-dmn	4	"{""14"": 1.0}"	0	1.6419833069420327e-15	1	1.6419833069420327e-15	1		in_p
repaired	sub-144	02	nppi-dmn	5	"{""15"": 1.0}"	0	1.6805108449195015e-15	1	1.6805108449195015e-15	1		out
repaired	sub-144	02	nppi-dmn	6	"{""16"": 1.0}"	0	1.3811248324449503e-15	1	1.3811248324449503e-15	1		out_p
repaired	sub-144	02	nppi-dmn	7	"{""14"": 1.0, ""16"": -1.0}"	0	1.517768454809751e-15	1	1.517768454809751e-15	1		in_p-out_p
repaired	sub-144	02	nppi-dmn	8	"{""12"": -2.0, ""14"": 1.0, ""16"": 1.0}"	0	1.6313389338521098e-15	1	1.6313389338521098e-15	1		soc_p-nonsoc_p
repaired	sub-144	02	nppi-dmn	9	"{""13"": 1.0, ""15"": -1.0}"	0	1.8657417069537528e-15	1	1.8657417069537528e-15	1		in-out
repaired	sub-144	02	nppi-dmn	10	"{""11"": -2.0, ""13"": 1.0, ""15"": 1.0}"	0	1.5278844436056762e-15	1	1.5278844436056762e-15	1		soc-nonsoc
repaired	sub-144	02	nppi-dmn	11	"{""10"": 1.0}"	0	2.046639588244153e-15	1	2.046639588244153e-15	1		phys
production	sub-144	02	nppi-ecn	1	"{""11"": 1.0}"	0	1.7598632012767144e-15	1	1.7598632012767144e-15	1		comp
production	sub-144	02	nppi-ecn	2	"{""12"": 1.0}"	0	1.623793913273544e-15	1	1.623793913273544e-15	1		comp_p
production	sub-144	02	nppi-ecn	3	"{""13"": 1.0}"	0	1.8815334847366043e-15	1	1.8815334847366043e-15	1		in
production	sub-144	02	nppi-ecn	4	"{""14"": 1.0}"	0	3.1354441579720165e-15	1	3.1354441579720165e-15	1		in_p
production	sub-144	02	nppi-ecn	5	"{""15"": 1.0}"	0	3.317673710038923e-15	1	3.317673710038923e-15	1		out
production	sub-144	02	nppi-ecn	6	"{""16"": 1.0}"	0	2.173668814153051e-15	1	2.173668814153051e-15	1		out_p
production	sub-144	02	nppi-ecn	7	"{""14"": 1.0, ""16"": -1.0}"	0	3.3555251928672522e-15	1	3.3555251928672522e-15	1		in_p-out_p
production	sub-144	02	nppi-ecn	8	"{""12"": -2.0, ""14"": 1.0, ""16"": 1.0}"	0	1.7011536450624255e-15	1	1.7011536450624255e-15	1		soc_p-nonsoc_p
production	sub-144	02	nppi-ecn	9	"{""13"": 1.0, ""15"": -1.0}"	0	1.821235638945967e-15	1	1.821235638945967e-15	1		in-out
production	sub-144	02	nppi-ecn	10	"{""11"": -2.0, ""13"": 1.0, ""15"": 1.0}"	0	1.7153127632079642e-15	1	1.7153127632079642e-15	1		soc-nonsoc
production	sub-144	02	nppi-ecn	11	"{""10"": 1.0}"	0	1.9079858620187053e-15	1	1.9079858620187053e-15	1		phys
repaired	sub-144	02	nppi-ecn	1	"{""11"": 1.0}"	0	1.889334006536758e-15	1	1.889334006536758e-15	1		comp
repaired	sub-144	02	nppi-ecn	2	"{""12"": 1.0}"	0	1.3567815308851495e-15	1	1.3567815308851495e-15	1		comp_p
repaired	sub-144	02	nppi-ecn	3	"{""13"": 1.0}"	0	1.4534963489146121e-15	1	1.4534963489146121e-15	1		in
repaired	sub-144	02	nppi-ecn	4	"{""14"": 1.0}"	0	1.4841091078164732e-15	1	1.4841091078164732e-15	1		in_p
repaired	sub-144	02	nppi-ecn	5	"{""15"": 1.0}"	0	1.8552021366663143e-15	1	1.8552021366663143e-15	1		out
repaired	sub-144	02	nppi-ecn	6	"{""16"": 1.0}"	0	1.4877520420645565e-15	1	1.4877520420645565e-15	1		out_p
repaired	sub-144	02	nppi-ecn	7	"{""14"": 1.0, ""16"": -1.0}"	0	1.6941490073171863e-15	1	1.6941490073171863e-15	1		in_p-out_p
repaired	sub-144	02	nppi-ecn	8	"{""12"": -2.0, ""14"": 1.0, ""16"": 1.0}"	0	1.5014573249248009e-15	1	1.5014573249248009e-15	1		soc_p-nonsoc_p
repaired	sub-144	02	nppi-ecn	9	"{""13"": 1.0, ""15"": -1.0}"	0	1.3575735283666726e-15	1	1.3575735283666726e-15	1		in-out
repaired	sub-144	02	nppi-ecn	10	"{""11"": -2.0, ""13"": 1.0, ""15"": 1.0}"	0	1.829136842920717e-15	1	1.829136842920717e-15	1		soc-nonsoc
repaired	sub-144	02	nppi-ecn	11	"{""10"": 1.0}"	0	3.149724267747126e-15	1	3.149724267747126e-15	1		phys
production	sub-147	01	act	1	"{""1"": 1.0}"	0	7.621847891265585e-16	1	7.621847891265585e-16	1		comp
production	sub-147	01	act	2	"{""2"": 1.0}"	0	8.618542044742941e-16	1	8.618542044742941e-16	1		comp_p
production	sub-147	01	act	3	"{""3"": 1.0}"	0	6.844889081801477e-16	1	6.844889081801477e-16	1		in
production	sub-147	01	act	4	"{""4"": 1.0}"	0	1.0483572465356182e-15	1	1.0483572465356182e-15	1		in_p
production	sub-147	01	act	5	"{""5"": 1.0}"	0	7.569992880203483e-16	1	7.569992880203483e-16	1		out
production	sub-147	01	act	6	"{""6"": 1.0}"	0	1.4583200073048277e-15	1	1.4583200073048277e-15	1		out_p
production	sub-147	01	act	7	"{""4"": 1.0, ""6"": -1.0}"	0	1.4395736355543663e-15	1	1.4395736355543663e-15	1		in_p-out_p
production	sub-147	01	act	8	"{""2"": -2.0, ""4"": 1.0, ""6"": 1.0}"	0	1.1732051489075025e-15	1	1.1732051489075025e-15	1		soc_p-nonsoc_p
production	sub-147	01	act	9	"{""3"": 1.0, ""5"": -1.0}"	0	8.270006308178271e-16	1	8.270006308178271e-16	1		in-out
production	sub-147	01	act	10	"{""1"": -2.0, ""3"": 1.0, ""5"": 1.0}"	0	6.800226002997962e-16	1	6.800226002997962e-16	1		soc-nonsoc
production	sub-147	01	nppi-dmn	1	"{""11"": 1.0}"	0	1.650221890553632e-15	1	1.650221890553632e-15	1		comp
production	sub-147	01	nppi-dmn	2	"{""12"": 1.0}"	0	1.663598354287183e-15	1	1.663598354287183e-15	1		comp_p
production	sub-147	01	nppi-dmn	3	"{""13"": 1.0}"	0	1.3626692704681413e-15	1	1.3626692704681413e-15	1		in
production	sub-147	01	nppi-dmn	4	"{""14"": 1.0}"	0	1.7142882468649001e-15	1	1.7142882468649001e-15	1		in_p
production	sub-147	01	nppi-dmn	5	"{""15"": 1.0}"	0	1.4770043614248938e-15	1	1.4770043614248938e-15	1		out
production	sub-147	01	nppi-dmn	6	"{""16"": 1.0}"	0	1.3259535159024385e-15	1	1.3259535159024385e-15	1		out_p
production	sub-147	01	nppi-dmn	7	"{""14"": 1.0, ""16"": -1.0}"	0	1.6254252939074349e-15	1	1.6254252939074349e-15	1		in_p-out_p
production	sub-147	01	nppi-dmn	8	"{""12"": -2.0, ""14"": 1.0, ""16"": 1.0}"	0	1.5976017945081961e-15	1	1.5976017945081961e-15	1		soc_p-nonsoc_p
production	sub-147	01	nppi-dmn	9	"{""13"": 1.0, ""15"": -1.0}"	0	1.4676539405707797e-15	1	1.4676539405707797e-15	1		in-out
production	sub-147	01	nppi-dmn	10	"{""11"": -2.0, ""13"": 1.0, ""15"": 1.0}"	0	1.6860826414185903e-15	1	1.6860826414185903e-15	1		soc-nonsoc
production	sub-147	01	nppi-dmn	11	"{""10"": 1.0}"	0	1.3077268968496617e-15	1	1.3077268968496617e-15	1		phys
production	sub-147	01	nppi-ecn	1	"{""11"": 1.0}"	0	2.199593903211965e-15	1	2.199593903211965e-15	1		comp
production	sub-147	01	nppi-ecn	2	"{""12"": 1.0}"	0	1.6811231836423946e-15	1	1.6811231836423946e-15	1		comp_p
production	sub-147	01	nppi-ecn	3	"{""13"": 1.0}"	0	1.880138912971635e-15	1	1.880138912971635e-15	1		in
production	sub-147	01	nppi-ecn	4	"{""14"": 1.0}"	0	1.4233739569685237e-15	1	1.4233739569685237e-15	1		in_p
production	sub-147	01	nppi-ecn	5	"{""15"": 1.0}"	0	1.22626208955387e-15	1	1.22626208955387e-15	1		out
production	sub-147	01	nppi-ecn	6	"{""16"": 1.0}"	0	1.5297088028192193e-15	1	1.5297088028192193e-15	1		out_p
production	sub-147	01	nppi-ecn	7	"{""14"": 1.0, ""16"": -1.0}"	0	1.6187854263285876e-15	1	1.6187854263285876e-15	1		in_p-out_p
production	sub-147	01	nppi-ecn	8	"{""12"": -2.0, ""14"": 1.0, ""16"": 1.0}"	0	1.380132040415501e-15	1	1.380132040415501e-15	1		soc_p-nonsoc_p
production	sub-147	01	nppi-ecn	9	"{""13"": 1.0, ""15"": -1.0}"	0	1.5778959066870587e-15	1	1.5778959066870587e-15	1		in-out
production	sub-147	01	nppi-ecn	10	"{""11"": -2.0, ""13"": 1.0, ""15"": 1.0}"	0	1.9202133179545885e-15	1	1.9202133179545885e-15	1		soc-nonsoc
production	sub-147	01	nppi-ecn	11	"{""10"": 1.0}"	0	1.2721168615302395e-15	1	1.2721168615302395e-15	1		phys
production	sub-147	02	act	1	"{""1"": 1.0}"	0	1.1303411849945893e-15	1	1.1303411849945893e-15	1		comp
production	sub-147	02	act	2	"{""2"": 1.0}"	0	1.0476434069793336e-15	1	1.0476434069793336e-15	1		comp_p
production	sub-147	02	act	3	"{""3"": 1.0}"	0	1.1431999844227358e-15	1	1.1431999844227358e-15	1		in
production	sub-147	02	act	4	"{""4"": 1.0}"	0	1.3480879841177898e-15	1	1.3480879841177898e-15	1		in_p
production	sub-147	02	act	5	"{""5"": 1.0}"	0	1.1681113201811015e-15	1	1.1681113201811015e-15	1		out
production	sub-147	02	act	6	"{""6"": 1.0}"	0	1.3417548736190537e-15	1	1.3417548736190537e-15	1		out_p
production	sub-147	02	act	7	"{""4"": 1.0, ""6"": -1.0}"	0	1.2465085280158457e-15	1	1.2465085280158457e-15	1		in_p-out_p
production	sub-147	02	act	8	"{""2"": -2.0, ""4"": 1.0, ""6"": 1.0}"	0	1.257877163339485e-15	1	1.257877163339485e-15	1		soc_p-nonsoc_p
production	sub-147	02	act	9	"{""3"": 1.0, ""5"": -1.0}"	0	1.4891882975690683e-15	1	1.4891882975690683e-15	1		in-out
production	sub-147	02	act	10	"{""1"": -2.0, ""3"": 1.0, ""5"": 1.0}"	0	1.1407602300610178e-15	1	1.1407602300610178e-15	1		soc-nonsoc
production	sub-147	02	nppi-dmn	1	"{""11"": 1.0}"	0	1.7497145518148806e-15	1	1.7497145518148806e-15	1		comp
production	sub-147	02	nppi-dmn	2	"{""12"": 1.0}"	0	1.5802634981982714e-15	1	1.5802634981982714e-15	1		comp_p
production	sub-147	02	nppi-dmn	3	"{""13"": 1.0}"	0	1.5910552468576993e-15	1	1.5910552468576993e-15	1		in
production	sub-147	02	nppi-dmn	4	"{""14"": 1.0}"	0	1.4127794748279056e-15	1	1.4127794748279056e-15	1		in_p
production	sub-147	02	nppi-dmn	5	"{""15"": 1.0}"	0	1.2918143619553675e-15	1	1.2918143619553675e-15	1		out
production	sub-147	02	nppi-dmn	6	"{""16"": 1.0}"	0	1.3221558352360107e-15	1	1.3221558352360107e-15	1		out_p
production	sub-147	02	nppi-dmn	7	"{""14"": 1.0, ""16"": -1.0}"	0	1.3071183215960977e-15	1	1.3071183215960977e-15	1		in_p-out_p
production	sub-147	02	nppi-dmn	8	"{""12"": -2.0, ""14"": 1.0, ""16"": 1.0}"	0	1.4883991010887263e-15	1	1.4883991010887263e-15	1		soc_p-nonsoc_p
production	sub-147	02	nppi-dmn	9	"{""13"": 1.0, ""15"": -1.0}"	0	1.74853356313075e-15	1	1.74853356313075e-15	1		in-out
production	sub-147	02	nppi-dmn	10	"{""11"": -2.0, ""13"": 1.0, ""15"": 1.0}"	0	1.6971733562448433e-15	1	1.6971733562448433e-15	1		soc-nonsoc
production	sub-147	02	nppi-dmn	11	"{""10"": 1.0}"	0	1.5537062100408646e-15	1	1.5537062100408646e-15	1		phys
production	sub-147	02	nppi-ecn	1	"{""11"": 1.0}"	0	1.6797066410268565e-15	1	1.6797066410268565e-15	1		comp
production	sub-147	02	nppi-ecn	2	"{""12"": 1.0}"	0	1.964342626127888e-15	1	1.964342626127888e-15	1		comp_p
production	sub-147	02	nppi-ecn	3	"{""13"": 1.0}"	0	1.751920904524383e-15	1	1.751920904524383e-15	1		in
production	sub-147	02	nppi-ecn	4	"{""14"": 1.0}"	0	2.010154756383496e-15	1	2.010154756383496e-15	1		in_p
production	sub-147	02	nppi-ecn	5	"{""15"": 1.0}"	0	1.8982531044310765e-15	1	1.8982531044310765e-15	1		out
production	sub-147	02	nppi-ecn	6	"{""16"": 1.0}"	0	1.943166074380756e-15	1	1.943166074380756e-15	1		out_p
production	sub-147	02	nppi-ecn	7	"{""14"": 1.0, ""16"": -1.0}"	0	1.571531210988002e-15	1	1.571531210988002e-15	1		in_p-out_p
production	sub-147	02	nppi-ecn	8	"{""12"": -2.0, ""14"": 1.0, ""16"": 1.0}"	0	1.335319646375624e-15	1	1.335319646375624e-15	1		soc_p-nonsoc_p
production	sub-147	02	nppi-ecn	9	"{""13"": 1.0, ""15"": -1.0}"	0	1.8883864603531653e-15	1	1.8883864603531653e-15	1		in-out
production	sub-147	02	nppi-ecn	10	"{""11"": -2.0, ""13"": 1.0, ""15"": 1.0}"	0	1.639058421645109e-15	1	1.639058421645109e-15	1		soc-nonsoc
production	sub-147	02	nppi-ecn	11	"{""10"": 1.0}"	0	1.9841628602806844e-15	1	1.9841628602806844e-15	1		phys
production	sub-149	01	act	1	"{""1"": 1.0}"	0	8.870827089256957e-16	1	8.870827089256957e-16	1		comp
production	sub-149	01	act	2	"{""2"": 1.0}"	0	1.0931379473250108e-15	1	1.0931379473250108e-15	1		comp_p
production	sub-149	01	act	3	"{""3"": 1.0}"	0	1.3188038231215665e-15	1	1.3188038231215665e-15	1		in
production	sub-149	01	act	4	"{""4"": 1.0}"	0	1.7065426311362329e-15	1	1.7065426311362329e-15	1		in_p
production	sub-149	01	act	5	"{""5"": 1.0}"	0	1.0954409983000183e-15	1	1.0954409983000183e-15	1		out
production	sub-149	01	act	6	"{""6"": 1.0}"	0	1.1272498912858403e-15	1	1.1272498912858403e-15	1		out_p
production	sub-149	01	act	7	"{""4"": 1.0, ""6"": -1.0}"	0	1.428256794175265e-15	1	1.428256794175265e-15	1		in_p-out_p
production	sub-149	01	act	8	"{""2"": -2.0, ""4"": 1.0, ""6"": 1.0}"	0	9.60563990669961e-16	1	9.60563990669961e-16	1		soc_p-nonsoc_p
production	sub-149	01	act	9	"{""3"": 1.0, ""5"": -1.0}"	0	1.2289385810920421e-15	1	1.2289385810920421e-15	1		in-out
production	sub-149	01	act	10	"{""1"": -2.0, ""3"": 1.0, ""5"": 1.0}"	0	1.2149499033651305e-15	1	1.2149499033651305e-15	1		soc-nonsoc
production	sub-149	01	nppi-dmn	1	"{""11"": 1.0}"	0	1.9065815255597245e-15	1	1.9065815255597245e-15	1		comp
production	sub-149	01	nppi-dmn	2	"{""12"": 1.0}"	0	1.8066168756356408e-15	1	1.8066168756356408e-15	1		comp_p
production	sub-149	01	nppi-dmn	3	"{""13"": 1.0}"	0	1.8297192009663793e-15	1	1.8297192009663793e-15	1		in
production	sub-149	01	nppi-dmn	4	"{""14"": 1.0}"	0	1.5429826062269659e-15	1	1.5429826062269659e-15	1		in_p
production	sub-149	01	nppi-dmn	5	"{""15"": 1.0}"	0	1.742066384670454e-15	1	1.742066384670454e-15	1		out
production	sub-149	01	nppi-dmn	6	"{""16"": 1.0}"	0	1.4766327197971667e-15	1	1.4766327197971667e-15	1		out_p
production	sub-149	01	nppi-dmn	7	"{""14"": 1.0, ""16"": -1.0}"	0	1.684930170062439e-15	1	1.684930170062439e-15	1		in_p-out_p
production	sub-149	01	nppi-dmn	8	"{""12"": -2.0, ""14"": 1.0, ""16"": 1.0}"	0	1.6375873163088342e-15	1	1.6375873163088342e-15	1		soc_p-nonsoc_p
production	sub-149	01	nppi-dmn	9	"{""13"": 1.0, ""15"": -1.0}"	0	1.8386140342406064e-15	1	1.8386140342406064e-15	1		in-out
production	sub-149	01	nppi-dmn	10	"{""11"": -2.0, ""13"": 1.0, ""15"": 1.0}"	0	1.621333036731174e-15	1	1.621333036731174e-15	1		soc-nonsoc
production	sub-149	01	nppi-dmn	11	"{""10"": 1.0}"	0	1.5862163440672036e-15	1	1.5862163440672036e-15	1		phys
production	sub-149	01	nppi-ecn	1	"{""11"": 1.0}"	0	2.2264469813980353e-15	1	2.2264469813980353e-15	1		comp
production	sub-149	01	nppi-ecn	2	"{""12"": 1.0}"	0	2.087724959923614e-15	1	2.087724959923614e-15	1		comp_p
production	sub-149	01	nppi-ecn	3	"{""13"": 1.0}"	0	1.7137795318991869e-15	1	1.7137795318991869e-15	1		in
production	sub-149	01	nppi-ecn	4	"{""14"": 1.0}"	0	1.7560310329394222e-15	1	1.7560310329394222e-15	1		in_p
production	sub-149	01	nppi-ecn	5	"{""15"": 1.0}"	0	1.5511116129389604e-15	1	1.5511116129389604e-15	1		out
production	sub-149	01	nppi-ecn	6	"{""16"": 1.0}"	0	1.7342061250645516e-15	1	1.7342061250645516e-15	1		out_p
production	sub-149	01	nppi-ecn	7	"{""14"": 1.0, ""16"": -1.0}"	0	1.8867734650755416e-15	1	1.8867734650755416e-15	1		in_p-out_p
production	sub-149	01	nppi-ecn	8	"{""12"": -2.0, ""14"": 1.0, ""16"": 1.0}"	0	2.0513573150908286e-15	1	2.0513573150908286e-15	1		soc_p-nonsoc_p
production	sub-149	01	nppi-ecn	9	"{""13"": 1.0, ""15"": -1.0}"	0	1.806087911278681e-15	1	1.806087911278681e-15	1		in-out
production	sub-149	01	nppi-ecn	10	"{""11"": -2.0, ""13"": 1.0, ""15"": 1.0}"	0	2.074651739404177e-15	1	2.074651739404177e-15	1		soc-nonsoc
production	sub-149	01	nppi-ecn	11	"{""10"": 1.0}"	0	1.8946567739756997e-15	1	1.8946567739756997e-15	1		phys
production	sub-149	02	act	1	"{""1"": 1.0}"	0	1.0749577664520957e-15	1	1.0749577664520957e-15	1		comp
production	sub-149	02	act	2	"{""2"": 1.0}"	0	1.1655864316157194e-15	1	1.1655864316157194e-15	1		comp_p
production	sub-149	02	act	3	"{""3"": 1.0}"	0	1.3024539276137293e-15	1	1.3024539276137293e-15	1		in
production	sub-149	02	act	4	"{""4"": 1.0}"	0	1.5127254864738833e-15	1	1.5127254864738833e-15	1		in_p
production	sub-149	02	act	5	"{""5"": 1.0}"	0	1.3496937747559e-15	1	1.3496937747559e-15	1		out
production	sub-149	02	act	6	"{""6"": 1.0}"	0	8.631118261469549e-16	1	8.631118261469549e-16	1		out_p
production	sub-149	02	act	7	"{""4"": 1.0, ""6"": -1.0}"	0	1.2750875341104262e-15	1	1.2750875341104262e-15	1		in_p-out_p
production	sub-149	02	act	8	"{""2"": -2.0, ""4"": 1.0, ""6"": 1.0}"	0	1.2625507091444244e-15	1	1.2625507091444244e-15	1		soc_p-nonsoc_p
production	sub-149	02	act	9	"{""3"": 1.0, ""5"": -1.0}"	0	1.2904592476307657e-15	1	1.2904592476307657e-15	1		in-out
production	sub-149	02	act	10	"{""1"": -2.0, ""3"": 1.0, ""5"": 1.0}"	0	1.1218318863151776e-15	1	1.1218318863151776e-15	1		soc-nonsoc
production	sub-149	02	nppi-dmn	1	"{""11"": 1.0}"	0	2.2285975131512512e-15	1	2.2285975131512512e-15	1		comp
production	sub-149	02	nppi-dmn	2	"{""12"": 1.0}"	0	3.373233474040651e-15	1	3.373233474040651e-15	1		comp_p
production	sub-149	02	nppi-dmn	3	"{""13"": 1.0}"	0	2.798624657428477e-15	1	2.798624657428477e-15	1		in
production	sub-149	02	nppi-dmn	4	"{""14"": 1.0}"	0	1.780378765320425e-15	1	1.780378765320425e-15	1		in_p
production	sub-149	02	nppi-dmn	5	"{""15"": 1.0}"	0	5.856497235231412e-15	1	5.856497235231412e-15	1		out
production	sub-149	02	nppi-dmn	6	"{""16"": 1.0}"	0	2.7992736975564504e-15	1	2.7992736975564504e-15	1		out_p
production	sub-149	02	nppi-dmn	7	"{""14"": 1.0, ""16"": -1.0}"	0	1.5588831146193242e-15	1	1.5588831146193242e-15	1		in_p-out_p
production	sub-149	02	nppi-dmn	8	"{""12"": -2.0, ""14"": 1.0, ""16"": 1.0}"	0	2.0397926830179024e-15	1	2.0397926830179024e-15	1		soc_p-nonsoc_p
production	sub-149	02	nppi-dmn	9	"{""13"": 1.0, ""15"": -1.0}"	0	2.4930159468102863e-15	1	2.4930159468102863e-15	1		in-out
production	sub-149	02	nppi-dmn	10	"{""11"": -2.0, ""13"": 1.0, ""15"": 1.0}"	0	1.6495670845128384e-15	1	1.6495670845128384e-15	1		soc-nonsoc
production	sub-149	02	nppi-dmn	11	"{""10"": 1.0}"	0	5.0505604756543e-15	1	5.0505604756543e-15	1		phys
production	sub-149	02	nppi-ecn	1	"{""11"": 1.0}"	0	3.868130846831718e-15	1	3.868130846831718e-15	1		comp
production	sub-149	02	nppi-ecn	2	"{""12"": 1.0}"	0	3.633050946166037e-15	1	3.633050946166037e-15	1		comp_p
production	sub-149	02	nppi-ecn	3	"{""13"": 1.0}"	0	3.7455767642324125e-15	1	3.7455767642324125e-15	1		in
production	sub-149	02	nppi-ecn	4	"{""14"": 1.0}"	0	2.15840664848832e-15	1	2.15840664848832e-15	1		in_p
production	sub-149	02	nppi-ecn	5	"{""15"": 1.0}"	0	1.8950592624821787e-15	1	1.8950592624821787e-15	1		out
production	sub-149	02	nppi-ecn	6	"{""16"": 1.0}"	0	1.9653874083949862e-15	1	1.9653874083949862e-15	1		out_p
production	sub-149	02	nppi-ecn	7	"{""14"": 1.0, ""16"": -1.0}"	0	1.7394333551972714e-15	1	1.7394333551972714e-15	1		in_p-out_p
production	sub-149	02	nppi-ecn	8	"{""12"": -2.0, ""14"": 1.0, ""16"": 1.0}"	0	2.7001573699193715e-15	1	2.7001573699193715e-15	1		soc_p-nonsoc_p
production	sub-149	02	nppi-ecn	9	"{""13"": 1.0, ""15"": -1.0}"	0	1.8082050301147414e-15	1	1.8082050301147414e-15	1		in-out
production	sub-149	02	nppi-ecn	10	"{""11"": -2.0, ""13"": 1.0, ""15"": 1.0}"	0	2.1925624785510887e-15	1	2.1925624785510887e-15	1		soc-nonsoc
production	sub-149	02	nppi-ecn	11	"{""10"": 1.0}"	0	4.758957228462118e-15	1	4.758957228462118e-15	1		phys
production	sub-150	01	act	1	"{""1"": 1.0}"	0	1.236609300414491e-15	1	1.236609300414491e-15	1		comp
production	sub-150	01	act	2	"{""2"": 1.0}"	0	1.3020453738559318e-15	1	1.3020453738559318e-15	1		comp_p
production	sub-150	01	act	3	"{""3"": 1.0}"	0	1.2611707463507158e-15	1	1.2611707463507158e-15	1		in
production	sub-150	01	act	4	"{""4"": 1.0}"	0	1.5037506034936249e-15	1	1.5037506034936249e-15	1		in_p
production	sub-150	01	act	5	"{""5"": 1.0}"	0	1.0507492052163426e-15	1	1.0507492052163426e-15	1		out
production	sub-150	01	act	6	"{""6"": 1.0}"	0	1.0236170880746842e-15	1	1.0236170880746842e-15	1		out_p
production	sub-150	01	act	7	"{""4"": 1.0, ""6"": -1.0}"	0	1.3682463026390194e-15	1	1.3682463026390194e-15	1		in_p-out_p
production	sub-150	01	act	8	"{""2"": -2.0, ""4"": 1.0, ""6"": 1.0}"	0	1.2624466361805379e-15	1	1.2624466361805379e-15	1		soc_p-nonsoc_p
production	sub-150	01	act	9	"{""3"": 1.0, ""5"": -1.0}"	0	1.311439986517075e-15	1	1.311439986517075e-15	1		in-out
production	sub-150	01	act	10	"{""1"": -2.0, ""3"": 1.0, ""5"": 1.0}"	0	1.116773631850577e-15	1	1.116773631850577e-15	1		soc-nonsoc
production	sub-150	01	nppi-dmn	1	"{""11"": 1.0}"	0	1.3500633381283948e-15	1	1.3500633381283948e-15	1		comp
production	sub-150	01	nppi-dmn	2	"{""12"": 1.0}"	0	1.2795882611837663e-15	1	1.2795882611837663e-15	1		comp_p
production	sub-150	01	nppi-dmn	3	"{""13"": 1.0}"	0	1.74359630710331e-15	1	1.74359630710331e-15	1		in
production	sub-150	01	nppi-dmn	4	"{""14"": 1.0}"	0	1.6904864661571608e-15	1	1.6904864661571608e-15	1		in_p
production	sub-150	01	nppi-dmn	5	"{""15"": 1.0}"	0	1.1679283555458256e-15	1	1.1679283555458256e-15	1		out
production	sub-150	01	nppi-dmn	6	"{""16"": 1.0}"	0	1.1197106729081837e-15	1	1.1197106729081837e-15	1		out_p
production	sub-150	01	nppi-dmn	7	"{""14"": 1.0, ""16"": -1.0}"	0	1.329300956466343e-15	1	1.329300956466343e-15	1		in_p-out_p
production	sub-150	01	nppi-dmn	8	"{""12"": -2.0, ""14"": 1.0, ""16"": 1.0}"	0	1.4528143263708522e-15	1	1.4528143263708522e-15	1		soc_p-nonsoc_p
production	sub-150	01	nppi-dmn	9	"{""13"": 1.0, ""15"": -1.0}"	0	1.419815940677389e-15	1	1.419815940677389e-15	1		in-out
production	sub-150	01	nppi-dmn	10	"{""11"": -2.0, ""13"": 1.0, ""15"": 1.0}"	0	1.3661889922698636e-15	1	1.3661889922698636e-15	1		soc-nonsoc
production	sub-150	01	nppi-dmn	11	"{""10"": 1.0}"	0	1.3632496147412091e-15	1	1.3632496147412091e-15	1		phys
production	sub-150	01	nppi-ecn	1	"{""11"": 1.0}"	0	1.7464183207586402e-15	1	1.7464183207586402e-15	1		comp
production	sub-150	01	nppi-ecn	2	"{""12"": 1.0}"	0	1.7123931625535751e-15	1	1.7123931625535751e-15	1		comp_p
production	sub-150	01	nppi-ecn	3	"{""13"": 1.0}"	0	1.8429730531363014e-15	1	1.8429730531363014e-15	1		in
production	sub-150	01	nppi-ecn	4	"{""14"": 1.0}"	0	1.5402196172979689e-15	1	1.5402196172979689e-15	1		in_p
production	sub-150	01	nppi-ecn	5	"{""15"": 1.0}"	0	1.621129307398182e-15	1	1.621129307398182e-15	1		out
production	sub-150	01	nppi-ecn	6	"{""16"": 1.0}"	0	1.5988728801351105e-15	1	1.5988728801351105e-15	1		out_p
production	sub-150	01	nppi-ecn	7	"{""14"": 1.0, ""16"": -1.0}"	0	1.5668574633806605e-15	1	1.5668574633806605e-15	1		in_p-out_p
production	sub-150	01	nppi-ecn	8	"{""12"": -2.0, ""14"": 1.0, ""16"": 1.0}"	0	1.7968719870293616e-15	1	1.7968719870293616e-15	1		soc_p-nonsoc_p
production	sub-150	01	nppi-ecn	9	"{""13"": 1.0, ""15"": -1.0}"	0	1.6649085491366078e-15	1	1.6649085491366078e-15	1		in-out
production	sub-150	01	nppi-ecn	10	"{""11"": -2.0, ""13"": 1.0, ""15"": 1.0}"	0	1.9476235206960795e-15	1	1.9476235206960795e-15	1		soc-nonsoc
production	sub-150	01	nppi-ecn	11	"{""10"": 1.0}"	0	1.2647329106365686e-15	1	1.2647329106365686e-15	1		phys
production	sub-150	02	act	1	"{""1"": 1.0}"	0	1.6360879436389632e-15	1	1.6360879436389632e-15	1		comp
production	sub-150	02	act	2	"{""2"": 1.0}"	0	1.3062328715958173e-15	1	1.3062328715958173e-15	1		comp_p
production	sub-150	02	act	3	"{""3"": 1.0}"	0	1.6679533689926096e-15	1	1.6679533689926096e-15	1		in
production	sub-150	02	act	4	"{""4"": 1.0}"	0	1.181746022564498e-15	1	1.181746022564498e-15	1		in_p
production	sub-150	02	act	5	"{""5"": 1.0}"	0	1.5505888030245835e-15	1	1.5505888030245835e-15	1		out
production	sub-150	02	act	6	"{""6"": 1.0}"	0	1.392700072777239e-15	1	1.392700072777239e-15	1		out_p
production	sub-150	02	act	7	"{""4"": 1.0, ""6"": -1.0}"	0	1.238621664088042e-15	1	1.238621664088042e-15	1		in_p-out_p
production	sub-150	02	act	8	"{""2"": -2.0, ""4"": 1.0, ""6"": 1.0}"	0	1.495140715718025e-15	1	1.495140715718025e-15	1		soc_p-nonsoc_p
production	sub-150	02	act	9	"{""3"": 1.0, ""5"": -1.0}"	0	1.6898521828574676e-15	1	1.6898521828574676e-15	1		in-out
production	sub-150	02	act	10	"{""1"": -2.0, ""3"": 1.0, ""5"": 1.0}"	0	1.810272615278964e-15	1	1.810272615278964e-15	1		soc-nonsoc
production	sub-150	02	nppi-dmn	1	"{""11"": 1.0}"	0	1.7054307413914347e-15	1	1.7054307413914347e-15	1		comp
production	sub-150	02	nppi-dmn	2	"{""12"": 1.0}"	0	2.0018053259606296e-15	1	2.0018053259606296e-15	1		comp_p
production	sub-150	02	nppi-dmn	3	"{""13"": 1.0}"	0	1.8382080489690376e-15	1	1.8382080489690376e-15	1		in
production	sub-150	02	nppi-dmn	4	"{""14"": 1.0}"	0	1.821811921836276e-15	1	1.821811921836276e-15	1		in_p
production	sub-150	02	nppi-dmn	5	"{""15"": 1.0}"	0	1.6460182682493104e-15	1	1.6460182682493104e-15	1		out
production	sub-150	02	nppi-dmn	6	"{""16"": 1.0}"	0	1.53101860866295e-15	1	1.53101860866295e-15	1		out_p
production	sub-150	02	nppi-dmn	7	"{""14"": 1.0, ""16"": -1.0}"	0	1.5800536998034981e-15	1	1.5800536998034981e-15	1		in_p-out_p
production	sub-150	02	nppi-dmn	8	"{""12"": -2.0, ""14"": 1.0, ""16"": 1.0}"	0	1.797090849966873e-15	1	1.797090849966873e-15	1		soc_p-nonsoc_p
production	sub-150	02	nppi-dmn	9	"{""13"": 1.0, ""15"": -1.0}"	0	1.8296015246797814e-15	1	1.8296015246797814e-15	1		in-out
production	sub-150	02	nppi-dmn	10	"{""11"": -2.0, ""13"": 1.0, ""15"": 1.0}"	0	1.5242084125024475e-15	1	1.5242084125024475e-15	1		soc-nonsoc
production	sub-150	02	nppi-dmn	11	"{""10"": 1.0}"	0	1.9491631691711846e-15	1	1.9491631691711846e-15	1		phys
production	sub-150	02	nppi-ecn	1	"{""11"": 1.0}"	0	1.796468784398465e-15	1	1.796468784398465e-15	1		comp
production	sub-150	02	nppi-ecn	2	"{""12"": 1.0}"	0	1.8517536133534725e-15	1	1.8517536133534725e-15	1		comp_p
production	sub-150	02	nppi-ecn	3	"{""13"": 1.0}"	0	1.5610856210601441e-15	1	1.5610856210601441e-15	1		in
production	sub-150	02	nppi-ecn	4	"{""14"": 1.0}"	0	1.730755991156834e-15	1	1.730755991156834e-15	1		in_p
production	sub-150	02	nppi-ecn	5	"{""15"": 1.0}"	0	1.874560649893964e-15	1	1.874560649893964e-15	1		out
production	sub-150	02	nppi-ecn	6	"{""16"": 1.0}"	0	1.2769967247681418e-15	1	1.2769967247681418e-15	1		out_p
production	sub-150	02	nppi-ecn	7	"{""14"": 1.0, ""16"": -1.0}"	0	1.5387198199094132e-15	1	1.5387198199094132e-15	1		in_p-out_p
production	sub-150	02	nppi-ecn	8	"{""12"": -2.0, ""14"": 1.0, ""16"": 1.0}"	0	1.92704634675981e-15	1	1.92704634675981e-15	1		soc_p-nonsoc_p
production	sub-150	02	nppi-ecn	9	"{""13"": 1.0, ""15"": -1.0}"	0	1.870320622369443e-15	1	1.870320622369443e-15	1		in-out
production	sub-150	02	nppi-ecn	10	"{""11"": -2.0, ""13"": 1.0, ""15"": 1.0}"	0	1.8924290051457875e-15	1	1.8924290051457875e-15	1		soc-nonsoc
production	sub-150	02	nppi-ecn	11	"{""10"": 1.0}"	0	1.9752742495326246e-15	1	1.9752742495326246e-15	1		phys
production	sub-151	01	act	1	"{""1"": 1.0}"	0	9.00256058071698e-16	1	9.00256058071698e-16	1		comp
production	sub-151	01	act	2	"{""2"": 1.0}"	0	1.2443955006028218e-15	1	1.2443955006028218e-15	1		comp_p
production	sub-151	01	act	3	"{""3"": 1.0}"	0	1.2892196381834355e-15	1	1.2892196381834355e-15	1		in
production	sub-151	01	act	4	"{""4"": 1.0}"	0	9.067591612620174e-16	1	9.067591612620174e-16	1		in_p
production	sub-151	01	act	5	"{""5"": 1.0}"	0	1.18760993365362e-15	1	1.18760993365362e-15	1		out
production	sub-151	01	act	6	"{""6"": 1.0}"	0	1.0677876348075027e-15	1	1.0677876348075027e-15	1		out_p
production	sub-151	01	act	7	"{""4"": 1.0, ""6"": -1.0}"	0	9.999652120779243e-16	1	9.999652120779243e-16	1		in_p-out_p
production	sub-151	01	act	8	"{""2"": -2.0, ""4"": 1.0, ""6"": 1.0}"	0	1.2444491852877578e-15	1	1.2444491852877578e-15	1		soc_p-nonsoc_p
production	sub-151	01	act	9	"{""3"": 1.0, ""5"": -1.0}"	0	1.2632785162980122e-15	1	1.2632785162980122e-15	1		in-out
production	sub-151	01	act	10	"{""1"": -2.0, ""3"": 1.0, ""5"": 1.0}"	0	9.358359601240486e-16	1	9.358359601240486e-16	1		soc-nonsoc
production	sub-151	01	nppi-dmn	1	"{""11"": 1.0}"	0	1.7253560507246196e-15	1	1.7253560507246196e-15	1		comp
production	sub-151	01	nppi-dmn	2	"{""12"": 1.0}"	0	1.491103801776412e-15	1	1.491103801776412e-15	1		comp_p
production	sub-151	01	nppi-dmn	3	"{""13"": 1.0}"	0	1.6127482528244265e-15	1	1.6127482528244265e-15	1		in
production	sub-151	01	nppi-dmn	4	"{""14"": 1.0}"	0	1.8115683503954937e-15	1	1.8115683503954937e-15	1		in_p
production	sub-151	01	nppi-dmn	5	"{""15"": 1.0}"	0	1.5794760859062983e-15	1	1.5794760859062983e-15	1		out
production	sub-151	01	nppi-dmn	6	"{""16"": 1.0}"	0	1.8307699906087134e-15	1	1.8307699906087134e-15	1		out_p
production	sub-151	01	nppi-dmn	7	"{""14"": 1.0, ""16"": -1.0}"	0	1.794364625917479e-15	1	1.794364625917479e-15	1		in_p-out_p
production	sub-151	01	nppi-dmn	8	"{""12"": -2.0, ""14"": 1.0, ""16"": 1.0}"	0	1.4990373752860969e-15	1	1.4990373752860969e-15	1		soc_p-nonsoc_p
production	sub-151	01	nppi-dmn	9	"{""13"": 1.0, ""15"": -1.0}"	0	1.5983977213766e-15	1	1.5983977213766e-15	1		in-out
production	sub-151	01	nppi-dmn	10	"{""11"": -2.0, ""13"": 1.0, ""15"": 1.0}"	0	1.5358071724029967e-15	1	1.5358071724029967e-15	1		soc-nonsoc
production	sub-151	01	nppi-dmn	11	"{""10"": 1.0}"	0	2.0206374114493928e-15	1	2.0206374114493928e-15	1		phys
production	sub-151	01	nppi-ecn	1	"{""11"": 1.0}"	0	1.7339474406816935e-15	1	1.7339474406816935e-15	1		comp
production	sub-151	01	nppi-ecn	2	"{""12"": 1.0}"	0	1.9187528577252203e-15	1	1.9187528577252203e-15	1		comp_p
production	sub-151	01	nppi-ecn	3	"{""13"": 1.0}"	0	1.6875778690510476e-15	1	1.6875778690510476e-15	1		in
production	sub-151	01	nppi-ecn	4	"{""14"": 1.0}"	0	1.5777376805697985e-15	1	1.5777376805697985e-15	1		in_p
production	sub-151	01	nppi-ecn	5	"{""15"": 1.0}"	0	2.4917247490855806e-15	1	2.4917247490855806e-15	1		out
production	sub-151	01	nppi-ecn	6	"{""16"": 1.0}"	0	1.9637117606143915e-15	1	1.9637117606143915e-15	1		out_p
production	sub-151	01	nppi-ecn	7	"{""14"": 1.0, ""16"": -1.0}"	0	1.6988045983189645e-15	1	1.6988045983189645e-15	1		in_p-out_p
production	sub-151	01	nppi-ecn	8	"{""12"": -2.0, ""14"": 1.0, ""16"": 1.0}"	0	1.4097686402898213e-15	1	1.4097686402898213e-15	1		soc_p-nonsoc_p
production	sub-151	01	nppi-ecn	9	"{""13"": 1.0, ""15"": -1.0}"	0	1.5046157242803898e-15	1	1.5046157242803898e-15	1		in-out
production	sub-151	01	nppi-ecn	10	"{""11"": -2.0, ""13"": 1.0, ""15"": 1.0}"	0	1.3336015498974553e-15	1	1.3336015498974553e-15	1		soc-nonsoc
production	sub-151	01	nppi-ecn	11	"{""10"": 1.0}"	0	3.561162918015291e-15	1	3.561162918015291e-15	1		phys
production	sub-151	02	act	1	"{""1"": 1.0}"	0	9.228942565433842e-16	1	9.228942565433842e-16	1		comp
production	sub-151	02	act	2	"{""2"": 1.0}"	0	1.3405550060561825e-15	1	1.3405550060561825e-15	1		comp_p
production	sub-151	02	act	3	"{""3"": 1.0}"	0	9.369541319970643e-16	1	9.369541319970643e-16	1		in
production	sub-151	02	act	4	"{""4"": 1.0}"	0	1.0183298099881296e-15	1	1.0183298099881296e-15	1		in_p
production	sub-151	02	act	5	"{""5"": 1.0}"	0	1.1073514945105923e-15	1	1.1073514945105923e-15	1		out
production	sub-151	02	act	6	"{""6"": 1.0}"	0	9.270670565084437e-16	1	9.270670565084437e-16	1		out_p
production	sub-151	02	act	7	"{""4"": 1.0, ""6"": -1.0}"	0	9.813097772695595e-16	1	9.813097772695595e-16	1		in_p-out_p
production	sub-151	02	act	8	"{""2"": -2.0, ""4"": 1.0, ""6"": 1.0}"	0	9.60059295857995e-16	1	9.60059295857995e-16	1		soc_p-nonsoc_p
production	sub-151	02	act	9	"{""3"": 1.0, ""5"": -1.0}"	0	1.078203721158568e-15	1	1.078203721158568e-15	1		in-out
production	sub-151	02	act	10	"{""1"": -2.0, ""3"": 1.0, ""5"": 1.0}"	0	9.699659088040285e-16	1	9.699659088040285e-16	1		soc-nonsoc
production	sub-151	02	nppi-dmn	1	"{""11"": 1.0}"	0	1.823398953795257e-15	1	1.823398953795257e-15	1		comp
production	sub-151	02	nppi-dmn	2	"{""12"": 1.0}"	0	1.2941534248091664e-15	1	1.2941534248091664e-15	1		comp_p
production	sub-151	02	nppi-dmn	3	"{""13"": 1.0}"	0	1.4366032057300733e-15	1	1.4366032057300733e-15	1		in
production	sub-151	02	nppi-dmn	4	"{""14"": 1.0}"	0	4.482912566386404e-15	1	4.482912566386404e-15	1		in_p
production	sub-151	02	nppi-dmn	5	"{""15"": 1.0}"	0	2.0606081648916355e-15	1	2.0606081648916355e-15	1		out
production	sub-151	02	nppi-dmn	6	"{""16"": 1.0}"	0	2.514233688239718e-15	1	2.514233688239718e-15	1		out_p
production	sub-151	02	nppi-dmn	7	"{""14"": 1.0, ""16"": -1.0}"	0	4.484575412270489e-15	1	4.484575412270489e-15	1		in_p-out_p
production	sub-151	02	nppi-dmn	8	"{""12"": -2.0, ""14"": 1.0, ""16"": 1.0}"	0	1.736799593249176e-15	1	1.736799593249176e-15	1		soc_p-nonsoc_p
production	sub-151	02	nppi-dmn	9	"{""13"": 1.0, ""15"": -1.0}"	0	2.061442977973128e-15	1	2.061442977973128e-15	1		in-out
production	sub-151	02	nppi-dmn	10	"{""11"": -2.0, ""13"": 1.0, ""15"": 1.0}"	0	1.3897115299752658e-15	1	1.3897115299752658e-15	1		soc-nonsoc
production	sub-151	02	nppi-dmn	11	"{""10"": 1.0}"	0	7.354141320784871e-15	1	7.354141320784871e-15	1		phys
production	sub-151	02	nppi-ecn	1	"{""11"": 1.0}"	0	1.6774703579187366e-15	1	1.6774703579187366e-15	1		comp
production	sub-151	02	nppi-ecn	2	"{""12"": 1.0}"	0	1.6564850363369269e-15	1	1.6564850363369269e-15	1		comp_p
production	sub-151	02	nppi-ecn	3	"{""13"": 1.0}"	0	1.9439690119715824e-15	1	1.9439690119715824e-15	1		in
production	sub-151	02	nppi-ecn	4	"{""14"": 1.0}"	0	2.1315877766633385e-15	1	2.1315877766633385e-15	1		in_p
production	sub-151	02	nppi-ecn	5	"{""15"": 1.0}"	0	2.448229361059871e-15	1	2.448229361059871e-15	1		out
production	sub-151	02	nppi-ecn	6	"{""16"": 1.0}"	0	1.7218215612461984e-15	1	1.7218215612461984e-15	1		out_p
production	sub-151	02	nppi-ecn	7	"{""14"": 1.0, ""16"": -1.0}"	0	2.2935112936960826e-15	1	2.2935112936960826e-15	1		in_p-out_p
production	sub-151	02	nppi-ecn	8	"{""12"": -2.0, ""14"": 1.0, ""16"": 1.0}"	0	1.7144286744369631e-15	1	1.7144286744369631e-15	1		soc_p-nonsoc_p
production	sub-151	02	nppi-ecn	9	"{""13"": 1.0, ""15"": -1.0}"	0	2.439648562936623e-15	1	2.439648562936623e-15	1		in-out
production	sub-151	02	nppi-ecn	10	"{""11"": -2.0, ""13"": 1.0, ""15"": 1.0}"	0	1.6379088841211376e-15	1	1.6379088841211376e-15	1		soc-nonsoc
production	sub-151	02	nppi-ecn	11	"{""10"": 1.0}"	0	1.7466284633240895e-15	1	1.7466284633240895e-15	1		phys
production	sub-152	01	act	1	"{""1"": 1.0}"	0	1.1452855809342767e-15	1	1.1452855809342767e-15	1		comp
production	sub-152	01	act	2	"{""2"": 1.0}"	0	1.1599753758374469e-15	1	1.1599753758374469e-15	1		comp_p
production	sub-152	01	act	3	"{""3"": 1.0}"	0	1.017936999113801e-15	1	1.017936999113801e-15	1		in
production	sub-152	01	act	4	"{""4"": 1.0}"	0	1.6827266840172594e-15	1	1.6827266840172594e-15	1		in_p
production	sub-152	01	act	5	"{""5"": 1.0}"	0	6.359488033815868e-16	1	6.359488033815868e-16	1		out
production	sub-152	01	act	6	"{""6"": 1.0}"	0	1.4818224313871914e-15	1	1.4818224313871914e-15	1		out_p
production	sub-152	01	act	7	"{""4"": 1.0, ""6"": -1.0}"	0	1.4220482127105312e-15	1	1.4220482127105312e-15	1		in_p-out_p
production	sub-152	01	act	8	"{""2"": -2.0, ""4"": 1.0, ""6"": 1.0}"	0	1.1186621997955528e-15	1	1.1186621997955528e-15	1		soc_p-nonsoc_p
production	sub-152	01	act	9	"{""3"": 1.0, ""5"": -1.0}"	0	7.465654623048656e-16	1	7.465654623048656e-16	1		in-out
production	sub-152	01	act	10	"{""1"": -2.0, ""3"": 1.0, ""5"": 1.0}"	0	1.255050177758611e-15	1	1.255050177758611e-15	1		soc-nonsoc
production	sub-152	01	nppi-dmn	1	"{""11"": 1.0}"	0	1.6550632173010019e-15	1	1.6550632173010019e-15	1		comp
production	sub-152	01	nppi-dmn	2	"{""12"": 1.0}"	0	1.6399280834110955e-15	1	1.6399280834110955e-15	1		comp_p
production	sub-152	01	nppi-dmn	3	"{""13"": 1.0}"	0	1.7163737831214536e-15	1	1.7163737831214536e-15	1		in
production	sub-152	01	nppi-dmn	4	"{""14"": 1.0}"	0	1.573062840084961e-15	1	1.573062840084961e-15	1		in_p
production	sub-152	01	nppi-dmn	5	"{""15"": 1.0}"	0	1.7877287724426646e-15	1	1.7877287724426646e-15	1		out
production	sub-152	01	nppi-dmn	6	"{""16"": 1.0}"	0	1.522626449337179e-15	1	1.522626449337179e-15	1		out_p
production	sub-152	01	nppi-dmn	7	"{""14"": 1.0, ""16"": -1.0}"	0	1.4940169914022633e-15	1	1.4940169914022633e-15	1		in_p-out_p
production	sub-152	01	nppi-dmn	8	"{""12"": -2.0, ""14"": 1.0, ""16"": 1.0}"	0	1.654619375765654e-15	1	1.654619375765654e-15	1		soc_p-nonsoc_p
production	sub-152	01	nppi-dmn	9	"{""13"": 1.0, ""15"": -1.0}"	0	1.8116651664861297e-15	1	1.8116651664861297e-15	1		in-out
production	sub-152	01	nppi-dmn	10	"{""11"": -2.0, ""13"": 1.0, ""15"": 1.0}"	0	1.9232170640441994e-15	1	1.9232170640441994e-15	1		soc-nonsoc
production	sub-152	01	nppi-dmn	11	"{""10"": 1.0}"	0	1.307899930454447e-15	1	1.307899930454447e-15	1		phys
production	sub-152	01	nppi-ecn	1	"{""11"": 1.0}"	0	1.3835314356430139e-15	1	1.3835314356430139e-15	1		comp
production	sub-152	01	nppi-ecn	2	"{""12"": 1.0}"	0	1.4524683522352358e-15	1	1.4524683522352358e-15	1		comp_p
production	sub-152	01	nppi-ecn	3	"{""13"": 1.0}"	0	1.657546337549379e-15	1	1.657546337549379e-15	1		in
production	sub-152	01	nppi-ecn	4	"{""14"": 1.0}"	0	1.660871144830253e-15	1	1.660871144830253e-15	1		in_p
production	sub-152	01	nppi-ecn	5	"{""15"": 1.0}"	0	1.4308562093102465e-15	1	1.4308562093102465e-15	1		out
production	sub-152	01	nppi-ecn	6	"{""16"": 1.0}"	0	1.3741578923516989e-15	1	1.3741578923516989e-15	1		out_p
production	sub-152	01	nppi-ecn	7	"{""14"": 1.0, ""16"": -1.0}"	0	1.4282401672731546e-15	1	1.4282401672731546e-15	1		in_p-out_p
production	sub-152	01	nppi-ecn	8	"{""12"": -2.0, ""14"": 1.0, ""16"": 1.0}"	0	1.3487129169223048e-15	1	1.3487129169223048e-15	1		soc_p-nonsoc_p
production	sub-152	01	nppi-ecn	9	"{""13"": 1.0, ""15"": -1.0}"	0	1.4842035210603672e-15	1	1.4842035210603672e-15	1		in-out
production	sub-152	01	nppi-ecn	10	"{""11"": -2.0, ""13"": 1.0, ""15"": 1.0}"	0	1.8042174012045555e-15	1	1.8042174012045555e-15	1		soc-nonsoc
production	sub-152	01	nppi-ecn	11	"{""10"": 1.0}"	0	1.2906012995518133e-15	1	1.2906012995518133e-15	1		phys
production	sub-152	02	act	1	"{""1"": 1.0}"	0	8.504006608267329e-16	1	8.504006608267329e-16	1		comp
production	sub-152	02	act	2	"{""2"": 1.0}"	0	1.1212545988018613e-15	1	1.1212545988018613e-15	1		comp_p
production	sub-152	02	act	3	"{""3"": 1.0}"	0	1.0598184798530439e-15	1	1.0598184798530439e-15	1		in
production	sub-152	02	act	4	"{""4"": 1.0}"	0	1.4376682222515012e-15	1	1.4376682222515012e-15	1		in_p
production	sub-152	02	act	5	"{""5"": 1.0}"	0	1.310620035429673e-15	1	1.310620035429673e-15	1		out
production	sub-152	02	act	6	"{""6"": 1.0}"	0	1.1189496785364252e-15	1	1.1189496785364252e-15	1		out_p
production	sub-152	02	act	7	"{""4"": 1.0, ""6"": -1.0}"	0	1.4857448638743877e-15	1	1.4857448638743877e-15	1		in_p-out_p
production	sub-152	02	act	8	"{""2"": -2.0, ""4"": 1.0, ""6"": 1.0}"	0	1.2563040329962331e-15	1	1.2563040329962331e-15	1		soc_p-nonsoc_p
production	sub-152	02	act	9	"{""3"": 1.0, ""5"": -1.0}"	0	1.2061613192365884e-15	1	1.2061613192365884e-15	1		in-out
production	sub-152	02	act	10	"{""1"": -2.0, ""3"": 1.0, ""5"": 1.0}"	0	1.049218531383522e-15	1	1.049218531383522e-15	1		soc-nonsoc
production	sub-152	02	nppi-dmn	1	"{""11"": 1.0}"	0	1.960826729357821e-15	1	1.960826729357821e-15	1		comp
production	sub-152	02	nppi-dmn	2	"{""12"": 1.0}"	0	1.2323623322635113e-15	1	1.2323623322635113e-15	1		comp_p
production	sub-152	02	nppi-dmn	3	"{""13"": 1.0}"	0	2.1165426821892643e-15	1	2.1165426821892643e-15	1		in
production	sub-152	02	nppi-dmn	4	"{""14"": 1.0}"	0	1.511377746203432e-15	1	1.511377746203432e-15	1		in_p
production	sub-152	02	nppi-dmn	5	"{""15"": 1.0}"	0	1.6708613493490545e-15	1	1.6708613493490545e-15	1		out
production	sub-152	02	nppi-dmn	6	"{""16"": 1.0}"	0	1.4638543210783144e-15	1	1.4638543210783144e-15	1		out_p
production	sub-152	02	nppi-dmn	7	"{""14"": 1.0, ""16"": -1.0}"	0	1.549594431224726e-15	1	1.549594431224726e-15	1		in_p-out_p
production	sub-152	02	nppi-dmn	8	"{""12"": -2.0, ""14"": 1.0, ""16"": 1.0}"	0	1.1980539359467097e-15	1	1.1980539359467097e-15	1		soc_p-nonsoc_p
production	sub-152	02	nppi-dmn	9	"{""13"": 1.0, ""15"": -1.0}"	0	2.0238756159461456e-15	1	2.0238756159461456e-15	1		in-out
production	sub-152	02	nppi-dmn	10	"{""11"": -2.0, ""13"": 1.0, ""15"": 1.0}"	0	2.0265662810369876e-15	1	2.0265662810369876e-15	1		soc-nonsoc
production	sub-152	02	nppi-dmn	11	"{""10"": 1.0}"	0	1.4548566339796155e-15	1	1.4548566339796155e-15	1		phys
production	sub-152	02	nppi-ecn	1	"{""11"": 1.0}"	0	1.580232679279969e-15	1	1.580232679279969e-15	1		comp
production	sub-152	02	nppi-ecn	2	"{""12"": 1.0}"	0	1.5603239131976222e-15	1	1.5603239131976222e-15	1		comp_p
production	sub-152	02	nppi-ecn	3	"{""13"": 1.0}"	0	1.7621756779270329e-15	1	1.7621756779270329e-15	1		in
production	sub-152	02	nppi-ecn	4	"{""14"": 1.0}"	0	1.6584201256434543e-15	1	1.6584201256434543e-15	1		in_p
production	sub-152	02	nppi-ecn	5	"{""15"": 1.0}"	0	1.5115292888322838e-15	1	1.5115292888322838e-15	1		out
production	sub-152	02	nppi-ecn	6	"{""16"": 1.0}"	0	1.8062437080536436e-15	1	1.8062437080536436e-15	1		out_p
production	sub-152	02	nppi-ecn	7	"{""14"": 1.0, ""16"": -1.0}"	0	1.982715533887552e-15	1	1.982715533887552e-15	1		in_p-out_p
production	sub-152	02	nppi-ecn	8	"{""12"": -2.0, ""14"": 1.0, ""16"": 1.0}"	0	1.3064996548070327e-15	1	1.3064996548070327e-15	1		soc_p-nonsoc_p
production	sub-152	02	nppi-ecn	9	"{""13"": 1.0, ""15"": -1.0}"	0	1.6603238644301699e-15	1	1.6603238644301699e-15	1		in-out
production	sub-152	02	nppi-ecn	10	"{""11"": -2.0, ""13"": 1.0, ""15"": 1.0}"	0	1.6570425234109481e-15	1	1.6570425234109481e-15	1		soc-nonsoc
production	sub-152	02	nppi-ecn	11	"{""10"": 1.0}"	0	2.1556240887317252e-15	1	2.1556240887317252e-15	1		phys
production	sub-153	01	act	1	"{""1"": 1.0}"	0	1.0184623618027526e-15	1	1.0184623618027526e-15	1		comp
production	sub-153	01	act	2	"{""2"": 1.0}"	0	1.4526291311079787e-15	1	1.4526291311079787e-15	1		comp_p
production	sub-153	01	act	3	"{""3"": 1.0}"	0	1.2038412497541687e-15	1	1.2038412497541687e-15	1		in
production	sub-153	01	act	4	"{""4"": 1.0}"	0	1.0176612677560939e-15	1	1.0176612677560939e-15	1		in_p
production	sub-153	01	act	5	"{""5"": 1.0}"	0	1.389778763206506e-15	1	1.389778763206506e-15	1		out
production	sub-153	01	act	6	"{""6"": 1.0}"	0	1.3607581328511886e-15	1	1.3607581328511886e-15	1		out_p
production	sub-153	01	act	7	"{""4"": 1.0, ""6"": -1.0}"	0	1.2896492475275467e-15	1	1.2896492475275467e-15	1		in_p-out_p
production	sub-153	01	act	8	"{""2"": -2.0, ""4"": 1.0, ""6"": 1.0}"	0	1.3358305191423636e-15	1	1.3358305191423636e-15	1		soc_p-nonsoc_p
production	sub-153	01	act	9	"{""3"": 1.0, ""5"": -1.0}"	0	5.903791283176673e-16	1	5.903791283176673e-16	1		in-out
production	sub-153	01	act	10	"{""1"": -2.0, ""3"": 1.0, ""5"": 1.0}"	0	9.412469370788057e-16	1	9.412469370788057e-16	1		soc-nonsoc
production	sub-153	01	nppi-dmn	1	"{""11"": 1.0}"	0	1.5378175945196183e-15	1	1.5378175945196183e-15	1		comp
production	sub-153	01	nppi-dmn	2	"{""12"": 1.0}"	0	1.7735799165126309e-15	1	1.7735799165126309e-15	1		comp_p
production	sub-153	01	nppi-dmn	3	"{""13"": 1.0}"	0	1.3619562800372808e-15	1	1.3619562800372808e-15	1		in
production	sub-153	01	nppi-dmn	4	"{""14"": 1.0}"	0	1.3712487526392256e-15	1	1.3712487526392256e-15	1		in_p
production	sub-153	01	nppi-dmn	5	"{""15"": 1.0}"	0	1.3118595826571058e-15	1	1.3118595826571058e-15	1		out
production	sub-153	01	nppi-dmn	6	"{""16"": 1.0}"	0	1.893987391051253e-15	1	1.893987391051253e-15	1		out_p
production	sub-153	01	nppi-dmn	7	"{""14"": 1.0, ""16"": -1.0}"	0	1.701370390313419e-15	1	1.701370390313419e-15	1		in_p-out_p
production	sub-153	01	nppi-dmn	8	"{""12"": -2.0, ""14"": 1.0, ""16"": 1.0}"	0	1.6828477962005413e-15	1	1.6828477962005413e-15	1		soc_p-nonsoc_p
production	sub-153	01	nppi-dmn	9	"{""13"": 1.0, ""15"": -1.0}"	0	1.5389191116406813e-15	1	1.5389191116406813e-15	1		in-out
production	sub-153	01	nppi-dmn	10	"{""11"": -2.0, ""13"": 1.0, ""15"": 1.0}"	0	1.3848097122870651e-15	1	1.3848097122870651e-15	1		soc-nonsoc
production	sub-153	01	nppi-dmn	11	"{""10"": 1.0}"	0	1.6253230035059903e-15	1	1.6253230035059903e-15	1		phys
production	sub-153	01	nppi-ecn	1	"{""11"": 1.0}"	0	1.6868957161718105e-15	1	1.6868957161718105e-15	1		comp
production	sub-153	01	nppi-ecn	2	"{""12"": 1.0}"	0	1.823660194462788e-15	1	1.823660194462788e-15	1		comp_p
production	sub-153	01	nppi-ecn	3	"{""13"": 1.0}"	0	1.6535812142187482e-15	1	1.6535812142187482e-15	1		in
production	sub-153	01	nppi-ecn	4	"{""14"": 1.0}"	0	1.6530959965664353e-15	1	1.6530959965664353e-15	1		in_p
production	sub-153	01	nppi-ecn	5	"{""15"": 1.0}"	0	1.3089632325786787e-15	1	1.3089632325786787e-15	1		out
production	sub-153	01	nppi-ecn	6	"{""16"": 1.0}"	0	1.5619080608712844e-15	1	1.5619080608712844e-15	1		out_p
production	sub-153	01	nppi-ecn	7	"{""14"": 1.0, ""16"": -1.0}"	0	1.4947644797549978e-15	1	1.4947644797549978e-15	1		in_p-out_p
production	sub-153	01	nppi-ecn	8	"{""12"": -2.0, ""14"": 1.0, ""16"": 1.0}"	0	2.0305106248294197e-15	1	2.0305106248294197e-15	1		soc_p-nonsoc_p
production	sub-153	01	nppi-ecn	9	"{""13"": 1.0, ""15"": -1.0}"	0	1.5944466388729115e-15	1	1.5944466388729115e-15	1		in-out
production	sub-153	01	nppi-ecn	10	"{""11"": -2.0, ""13"": 1.0, ""15"": 1.0}"	0	1.827582814561749e-15	1	1.827582814561749e-15	1		soc-nonsoc
production	sub-153	01	nppi-ecn	11	"{""10"": 1.0}"	0	1.414362772358983e-15	1	1.414362772358983e-15	1		phys
production	sub-153	02	act	1	"{""1"": 1.0}"	0	9.888132200032284e-16	1	9.888132200032284e-16	1		comp
production	sub-153	02	act	2	"{""2"": 1.0}"	0	1.267587628242624e-15	1	1.267587628242624e-15	1		comp_p
production	sub-153	02	act	3	"{""3"": 1.0}"	0	1.2364604898182992e-15	1	1.2364604898182992e-15	1		in
production	sub-153	02	act	4	"{""4"": 1.0}"	0	1.332757937601883e-15	1	1.332757937601883e-15	1		in_p
production	sub-153	02	act	5	"{""5"": 1.0}"	0	1.178348119958098e-15	1	1.178348119958098e-15	1		out
production	sub-153	02	act	6	"{""6"": 1.0}"	0	1.0139018727695047e-15	1	1.0139018727695047e-15	1		out_p
production	sub-153	02	act	7	"{""4"": 1.0, ""6"": -1.0}"	0	1.2880929737602617e-15	1	1.2880929737602617e-15	1		in_p-out_p
production	sub-153	02	act	8	"{""2"": -2.0, ""4"": 1.0, ""6"": 1.0}"	0	1.1915519670840787e-15	1	1.1915519670840787e-15	1		soc_p-nonsoc_p
production	sub-153	02	act	9	"{""3"": 1.0, ""5"": -1.0}"	0	1.4063499210318428e-15	1	1.4063499210318428e-15	1		in-out
production	sub-153	02	act	10	"{""1"": -2.0, ""3"": 1.0, ""5"": 1.0}"	0	1.1890600306346035e-15	1	1.1890600306346035e-15	1		soc-nonsoc
production	sub-153	02	nppi-dmn	1	"{""11"": 1.0}"	0	1.3814381221935214e-15	1	1.3814381221935214e-15	1		comp
production	sub-153	02	nppi-dmn	2	"{""12"": 1.0}"	0	1.3014102653301645e-15	1	1.3014102653301645e-15	1		comp_p
production	sub-153	02	nppi-dmn	3	"{""13"": 1.0}"	0	1.5433555727451877e-15	1	1.5433555727451877e-15	1		in
production	sub-153	02	nppi-dmn	4	"{""14"": 1.0}"	0	2.0299872926148465e-15	1	2.0299872926148465e-15	1		in_p
production	sub-153	02	nppi-dmn	5	"{""15"": 1.0}"	0	1.9301257584160553e-15	1	1.9301257584160553e-15	1		out
production	sub-153	02	nppi-dmn	6	"{""16"": 1.0}"	0	1.9312828257572923e-15	1	1.9312828257572923e-15	1		out_p
production	sub-153	02	nppi-dmn	7	"{""14"": 1.0, ""16"": -1.0}"	0	1.6442589616664381e-15	1	1.6442589616664381e-15	1		in_p-out_p
production	sub-153	02	nppi-dmn	8	"{""12"": -2.0, ""14"": 1.0, ""16"": 1.0}"	0	1.8943859662433303e-15	1	1.8943859662433303e-15	1		soc_p-nonsoc_p
production	sub-153	02	nppi-dmn	9	"{""13"": 1.0, ""15"": -1.0}"	0	1.5845479509992162e-15	1	1.5845479509992162e-15	1		in-out
production	sub-153	02	nppi-dmn	10	"{""11"": -2.0, ""13"": 1.0, ""15"": 1.0}"	0	1.6096266143896651e-15	1	1.6096266143896651e-15	1		soc-nonsoc
production	sub-153	02	nppi-dmn	11	"{""10"": 1.0}"	0	2.6731268627027703e-15	1	2.6731268627027703e-15	1		phys
production	sub-153	02	nppi-ecn	1	"{""11"": 1.0}"	0	1.7436436672572257e-15	1	1.7436436672572257e-15	1		comp
production	sub-153	02	nppi-ecn	2	"{""12"": 1.0}"	0	1.8347696987735253e-15	1	1.8347696987735253e-15	1		comp_p
production	sub-153	02	nppi-ecn	3	"{""13"": 1.0}"	0	1.5970229621763826e-15	1	1.5970229621763826e-15	1		in
production	sub-153	02	nppi-ecn	4	"{""14"": 1.0}"	0	1.5751338128895254e-15	1	1.5751338128895254e-15	1		in_p
production	sub-153	02	nppi-ecn	5	"{""15"": 1.0}"	0	1.6444874787819941e-15	1	1.6444874787819941e-15	1		out
production	sub-153	02	nppi-ecn	6	"{""16"": 1.0}"	0	1.3688344588519612e-15	1	1.3688344588519612e-15	1		out_p
production	sub-153	02	nppi-ecn	7	"{""14"": 1.0, ""16"": -1.0}"	0	1.7901594256878555e-15	1	1.7901594256878555e-15	1		in_p-out_p
production	sub-153	02	nppi-ecn	8	"{""12"": -2.0, ""14"": 1.0, ""16"": 1.0}"	0	1.597641573822885e-15	1	1.597641573822885e-15	1		soc_p-nonsoc_p
production	sub-153	02	nppi-ecn	9	"{""13"": 1.0, ""15"": -1.0}"	0	1.5943052892654483e-15	1	1.5943052892654483e-15	1		in-out
production	sub-153	02	nppi-ecn	10	"{""11"": -2.0, ""13"": 1.0, ""15"": 1.0}"	0	1.273510592533571e-15	1	1.273510592533571e-15	1		soc-nonsoc
production	sub-153	02	nppi-ecn	11	"{""10"": 1.0}"	0	2.9307675394654897e-15	1	2.9307675394654897e-15	1		phys
production	sub-154	01	act	1	"{""1"": 1.0}"	0	9.584578154825553e-16	1	9.584578154825553e-16	1		comp
production	sub-154	01	act	2	"{""2"": 1.0}"	0	1.2865541243136401e-15	1	1.2865541243136401e-15	1		comp_p
production	sub-154	01	act	3	"{""3"": 1.0}"	0	1.0242789712420342e-15	1	1.0242789712420342e-15	1		in
production	sub-154	01	act	4	"{""4"": 1.0}"	0	1.4202239865637585e-15	1	1.4202239865637585e-15	1		in_p
production	sub-154	01	act	5	"{""5"": 1.0}"	0	1.2026302235644823e-15	1	1.2026302235644823e-15	1		out
production	sub-154	01	act	6	"{""6"": 1.0}"	0	1.1807825643121809e-15	1	1.1807825643121809e-15	1		out_p
production	sub-154	01	act	7	"{""4"": 1.0, ""6"": -1.0}"	0	1.2120263319920656e-15	1	1.2120263319920656e-15	1		in_p-out_p
production	sub-154	01	act	8	"{""2"": -2.0, ""4"": 1.0, ""6"": 1.0}"	0	1.2513072562945678e-15	1	1.2513072562945678e-15	1		soc_p-nonsoc_p
production	sub-154	01	act	9	"{""3"": 1.0, ""5"": -1.0}"	0	1.221903493073468e-15	1	1.221903493073468e-15	1		in-out
production	sub-154	01	act	10	"{""1"": -2.0, ""3"": 1.0, ""5"": 1.0}"	0	1.2023410754738722e-15	1	1.2023410754738722e-15	1		soc-nonsoc
production	sub-154	01	nppi-dmn	1	"{""11"": 1.0}"	0	1.7163921752498875e-15	1	1.7163921752498875e-15	1		comp
production	sub-154	01	nppi-dmn	2	"{""12"": 1.0}"	0	1.4863359239504322e-15	1	1.4863359239504322e-15	1		comp_p
production	sub-154	01	nppi-dmn	3	"{""13"": 1.0}"	0	2.0052797157345965e-15	1	2.0052797157345965e-15	1		in
production	sub-154	01	nppi-dmn	4	"{""14"": 1.0}"	0	2.226852503427783e-15	1	2.226852503427783e-15	1		in_p
production	sub-154	01	nppi-dmn	5	"{""15"": 1.0}"	0	1.5830753604013414e-15	1	1.5830753604013414e-15	1		out
production	sub-154	01	nppi-dmn	6	"{""16"": 1.0}"	0	1.4450876114424434e-15	1	1.4450876114424434e-15	1		out_p
production	sub-154	01	nppi-dmn	7	"{""14"": 1.0, ""16"": -1.0}"	0	1.6822232522856976e-15	1	1.6822232522856976e-15	1		in_p-out_p
production	sub-154	01	nppi-dmn	8	"{""12"": -2.0, ""14"": 1.0, ""16"": 1.0}"	0	1.8250492625686748e-15	1	1.8250492625686748e-15	1		soc_p-nonsoc_p
production	sub-154	01	nppi-dmn	9	"{""13"": 1.0, ""15"": -1.0}"	0	1.9776843232733194e-15	1	1.9776843232733194e-15	1		in-out
production	sub-154	01	nppi-dmn	10	"{""11"": -2.0, ""13"": 1.0, ""15"": 1.0}"	0	1.7222840873417905e-15	1	1.7222840873417905e-15	1		soc-nonsoc
production	sub-154	01	nppi-dmn	11	"{""10"": 1.0}"	0	1.1587246578482535e-15	1	1.1587246578482535e-15	1		phys
production	sub-154	01	nppi-ecn	1	"{""11"": 1.0}"	0	1.4326560862940131e-15	1	1.4326560862940131e-15	1		comp
production	sub-154	01	nppi-ecn	2	"{""12"": 1.0}"	0	1.5736062582740045e-15	1	1.5736062582740045e-15	1		comp_p
production	sub-154	01	nppi-ecn	3	"{""13"": 1.0}"	0	1.4907326018520726e-15	1	1.4907326018520726e-15	1		in
production	sub-154	01	nppi-ecn	4	"{""14"": 1.0}"	0	1.5860184975910542e-15	1	1.5860184975910542e-15	1		in_p
production	sub-154	01	nppi-ecn	5	"{""15"": 1.0}"	0	1.5169345889752519e-15	1	1.5169345889752519e-15	1		out
production	sub-154	01	nppi-ecn	6	"{""16"": 1.0}"	0	1.446285345281249e-15	1	1.446285345281249e-15	1		out_p
production	sub-154	01	nppi-ecn	7	"{""14"": 1.0, ""16"": -1.0}"	0	1.5353804510904945e-15	1	1.5353804510904945e-15	1		in_p-out_p
production	sub-154	01	nppi-ecn	8	"{""12"": -2.0, ""14"": 1.0, ""16"": 1.0}"	0	1.5440939910835556e-15	1	1.5440939910835556e-15	1		soc_p-nonsoc_p
production	sub-154	01	nppi-ecn	9	"{""13"": 1.0, ""15"": -1.0}"	0	1.4066813881387781e-15	1	1.4066813881387781e-15	1		in-out
production	sub-154	01	nppi-ecn	10	"{""11"": -2.0, ""13"": 1.0, ""15"": 1.0}"	0	1.5247781261003827e-15	1	1.5247781261003827e-15	1		soc-nonsoc
production	sub-154	01	nppi-ecn	11	"{""10"": 1.0}"	0	1.0340810720078193e-15	1	1.0340810720078193e-15	1		phys
production	sub-154	02	act	1	"{""1"": 1.0}"	0	1.1796978811909755e-15	1	1.1796978811909755e-15	1		comp
production	sub-154	02	act	2	"{""2"": 1.0}"	0	1.4169590098699827e-15	1	1.4169590098699827e-15	1		comp_p
production	sub-154	02	act	3	"{""3"": 1.0}"	0	9.961861996622822e-16	1	9.961861996622822e-16	1		in
production	sub-154	02	act	4	"{""4"": 1.0}"	0	1.6409467464856217e-15	1	1.6409467464856217e-15	1		in_p
production	sub-154	02	act	5	"{""5"": 1.0}"	0	1.0583842808630608e-15	1	1.0583842808630608e-15	1		out
production	sub-154	02	act	6	"{""6"": 1.0}"	0	1.0412535930933053e-15	1	1.0412535930933053e-15	1		out_p
production	sub-154	02	act	7	"{""4"": 1.0, ""6"": -1.0}"	0	1.2123733220641788e-15	1	1.2123733220641788e-15	1		in_p-out_p
production	sub-154	02	act	8	"{""2"": -2.0, ""4"": 1.0, ""6"": 1.0}"	0	1.169385123860635e-15	1	1.169385123860635e-15	1		soc_p-nonsoc_p
production	sub-154	02	act	9	"{""3"": 1.0, ""5"": -1.0}"	0	1.2686271222740969e-15	1	1.2686271222740969e-15	1		in-out
production	sub-154	02	act	10	"{""1"": -2.0, ""3"": 1.0, ""5"": 1.0}"	0	1.2007164273195912e-15	1	1.2007164273195912e-15	1		soc-nonsoc
production	sub-154	02	nppi-dmn	1	"{""11"": 1.0}"	0	1.78565504651954e-15	1	1.78565504651954e-15	1		comp
production	sub-154	02	nppi-dmn	2	"{""12"": 1.0}"	0	1.6467465826569196e-15	1	1.6467465826569196e-15	1		comp_p
production	sub-154	02	nppi-dmn	3	"{""13"": 1.0}"	0	1.8389804208371594e-15	1	1.8389804208371594e-15	1		in
production	sub-154	02	nppi-dmn	4	"{""14"": 1.0}"	0	1.714773361538297e-15	1	1.714773361538297e-15	1		in_p
production	sub-154	02	nppi-dmn	5	"{""15"": 1.0}"	0	1.843426282183438e-15	1	1.843426282183438e-15	1		out
production	sub-154	02	nppi-dmn	6	"{""16"": 1.0}"	0	1.4198677290629941e-15	1	1.4198677290629941e-15	1		out_p
production	sub-154	02	nppi-dmn	7	"{""14"": 1.0, ""16"": -1.0}"	0	1.6913285303663944e-15	1	1.6913285303663944e-15	1		in_p-out_p
production	sub-154	02	nppi-dmn	8	"{""12"": -2.0, ""14"": 1.0, ""16"": 1.0}"	0	1.5898487453728439e-15	1	1.5898487453728439e-15	1		soc_p-nonsoc_p
production	sub-154	02	nppi-dmn	9	"{""13"": 1.0, ""15"": -1.0}"	0	1.7937713531466724e-15	1	1.7937713531466724e-15	1		in-out
production	sub-154	02	nppi-dmn	10	"{""11"": -2.0, ""13"": 1.0, ""15"": 1.0}"	0	1.905956580681619e-15	1	1.905956580681619e-15	1		soc-nonsoc
production	sub-154	02	nppi-dmn	11	"{""10"": 1.0}"	0	1.982469968707731e-15	1	1.982469968707731e-15	1		phys
production	sub-154	02	nppi-ecn	1	"{""11"": 1.0}"	0	1.567670611107824e-15	1	1.567670611107824e-15	1		comp
production	sub-154	02	nppi-ecn	2	"{""12"": 1.0}"	0	1.3126609095725038e-15	1	1.3126609095725038e-15	1		comp_p
production	sub-154	02	nppi-ecn	3	"{""13"": 1.0}"	0	1.524650877577023e-15	1	1.524650877577023e-15	1		in
production	sub-154	02	nppi-ecn	4	"{""14"": 1.0}"	0	1.6269736353134953e-15	1	1.6269736353134953e-15	1		in_p
production	sub-154	02	nppi-ecn	5	"{""15"": 1.0}"	0	2.097849659217878e-15	1	2.097849659217878e-15	1		out
production	sub-154	02	nppi-ecn	6	"{""16"": 1.0}"	0	1.961583482906883e-15	1	1.961583482906883e-15	1		out_p
production	sub-154	02	nppi-ecn	7	"{""14"": 1.0, ""16"": -1.0}"	0	2.124752117020904e-15	1	2.124752117020904e-15	1		in_p-out_p
production	sub-154	02	nppi-ecn	8	"{""12"": -2.0, ""14"": 1.0, ""16"": 1.0}"	0	1.4303099779963195e-15	1	1.4303099779963195e-15	1		soc_p-nonsoc_p
production	sub-154	02	nppi-ecn	9	"{""13"": 1.0, ""15"": -1.0}"	0	1.902063756629748e-15	1	1.902063756629748e-15	1		in-out
production	sub-154	02	nppi-ecn	10	"{""11"": -2.0, ""13"": 1.0, ""15"": 1.0}"	0	1.4571906201435155e-15	1	1.4571906201435155e-15	1		soc-nonsoc
production	sub-154	02	nppi-ecn	11	"{""10"": 1.0}"	0	1.3009665131346593e-15	1	1.3009665131346593e-15	1		phys
production	sub-155	01	act	1	"{""1"": 1.0}"	0	1.0880998602160488e-15	1	1.0880998602160488e-15	1		comp
production	sub-155	01	act	2	"{""2"": 1.0}"	0	1.2116713909488882e-15	1	1.2116713909488882e-15	1		comp_p
production	sub-155	01	act	3	"{""3"": 1.0}"	0	9.686704923248304e-16	1	9.686704923248304e-16	1		in
production	sub-155	01	act	4	"{""4"": 1.0}"	0	1.135120535517112e-15	1	1.135120535517112e-15	1		in_p
production	sub-155	01	act	5	"{""5"": 1.0}"	0	1.2212019695740154e-15	1	1.2212019695740154e-15	1		out
production	sub-155	01	act	6	"{""6"": 1.0}"	0	1.231849598124283e-15	1	1.231849598124283e-15	1		out_p
production	sub-155	01	act	7	"{""4"": 1.0, ""6"": -1.0}"	0	9.902983233650073e-16	1	9.902983233650073e-16	1		in_p-out_p
production	sub-155	01	act	8	"{""2"": -2.0, ""4"": 1.0, ""6"": 1.0}"	0	1.3696348959707646e-15	1	1.3696348959707646e-15	1		soc_p-nonsoc_p
production	sub-155	01	act	9	"{""3"": 1.0, ""5"": -1.0}"	0	9.97437200734995e-16	1	9.97437200734995e-16	1		in-out
production	sub-155	01	act	10	"{""1"": -2.0, ""3"": 1.0, ""5"": 1.0}"	0	1.3361353184429892e-15	1	1.3361353184429892e-15	1		soc-nonsoc
production	sub-155	01	nppi-dmn	1	"{""11"": 1.0}"	0	1.608711320447267e-15	1	1.608711320447267e-15	1		comp
production	sub-155	01	nppi-dmn	2	"{""12"": 1.0}"	0	2.1718117805338618e-15	1	2.1718117805338618e-15	1		comp_p
production	sub-155	01	nppi-dmn	3	"{""13"": 1.0}"	0	1.924773574841403e-15	1	1.924773574841403e-15	1		in
production	sub-155	01	nppi-dmn	4	"{""14"": 1.0}"	0	1.6748775210546825e-15	1	1.6748775210546825e-15	1		in_p
production	sub-155	01	nppi-dmn	5	"{""15"": 1.0}"	0	1.6726935559247192e-15	1	1.6726935559247192e-15	1		out
production	sub-155	01	nppi-dmn	6	"{""16"": 1.0}"	0	1.683907488712742e-15	1	1.683907488712742e-15	1		out_p
production	sub-155	01	nppi-dmn	7	"{""14"": 1.0, ""16"": -1.0}"	0	1.4434510880309933e-15	1	1.4434510880309933e-15	1		in_p-out_p
production	sub-155	01	nppi-dmn	8	"{""12"": -2.0, ""14"": 1.0, ""16"": 1.0}"	0	1.734049882597781e-15	1	1.734049882597781e-15	1		soc_p-nonsoc_p
production	sub-155	01	nppi-dmn	9	"{""13"": 1.0, ""15"": -1.0}"	0	1.5091454257371346e-15	1	1.5091454257371346e-15	1		in-out
production	sub-155	01	nppi-dmn	10	"{""11"": -2.0, ""13"": 1.0, ""15"": 1.0}"	0	1.6559297674820295e-15	1	1.6559297674820295e-15	1		soc-nonsoc
production	sub-155	01	nppi-dmn	11	"{""10"": 1.0}"	0	2.0327040130574345e-15	1	2.0327040130574345e-15	1		phys
production	sub-155	01	nppi-ecn	1	"{""11"": 1.0}"	0	1.8639816743537518e-15	1	1.8639816743537518e-15	1		comp
production	sub-155	01	nppi-ecn	2	"{""12"": 1.0}"	0	1.623952593239882e-15	1	1.623952593239882e-15	1		comp_p
production	sub-155	01	nppi-ecn	3	"{""13"": 1.0}"	0	1.4901684072439127e-15	1	1.4901684072439127e-15	1		in
production	sub-155	01	nppi-ecn	4	"{""14"": 1.0}"	0	1.5232680004968946e-15	1	1.5232680004968946e-15	1		in_p
production	sub-155	01	nppi-ecn	5	"{""15"": 1.0}"	0	1.5107928500601232e-15	1	1.5107928500601232e-15	1		out
production	sub-155	01	nppi-ecn	6	"{""16"": 1.0}"	0	2.4353365421570215e-15	1	2.4353365421570215e-15	1		out_p
production	sub-155	01	nppi-ecn	7	"{""14"": 1.0, ""16"": -1.0}"	0	1.6823864148812373e-15	1	1.6823864148812373e-15	1		in_p-out_p
production	sub-155	01	nppi-ecn	8	"{""12"": -2.0, ""14"": 1.0, ""16"": 1.0}"	0	1.8145735916411497e-15	1	1.8145735916411497e-15	1		soc_p-nonsoc_p
production	sub-155	01	nppi-ecn	9	"{""13"": 1.0, ""15"": -1.0}"	0	1.6036758021065063e-15	1	1.6036758021065063e-15	1		in-out
production	sub-155	01	nppi-ecn	10	"{""11"": -2.0, ""13"": 1.0, ""15"": 1.0}"	0	1.7125916409333918e-15	1	1.7125916409333918e-15	1		soc-nonsoc
production	sub-155	01	nppi-ecn	11	"{""10"": 1.0}"	0	3.4099797570452054e-15	1	3.4099797570452054e-15	1		phys
production	sub-155	02	act	1	"{""1"": 1.0}"	0	1.2367634525562134e-15	1	1.2367634525562134e-15	1		comp
production	sub-155	02	act	2	"{""2"": 1.0}"	0	1.3854036802332022e-15	1	1.3854036802332022e-15	1		comp_p
production	sub-155	02	act	3	"{""3"": 1.0}"	0	1.6254048587201038e-15	1	1.6254048587201038e-15	1		in
production	sub-155	02	act	4	"{""4"": 1.0}"	0	1.5078257392358646e-15	1	1.5078257392358646e-15	1		in_p
production	sub-155	02	act	5	"{""5"": 1.0}"	0	1.3351074619467848e-15	1	1.3351074619467848e-15	1		out
production	sub-155	02	act	6	"{""6"": 1.0}"	0	1.1217778849153488e-15	1	1.1217778849153488e-15	1		out_p
production	sub-155	02	act	7	"{""4"": 1.0, ""6"": -1.0}"	0	1.4017089615076838e-15	1	1.4017089615076838e-15	1		in_p-out_p
production	sub-155	02	act	8	"{""2"": -2.0, ""4"": 1.0, ""6"": 1.0}"	0	1.40444855240583e-15	1	1.40444855240583e-15	1		soc_p-nonsoc_p
production	sub-155	02	act	9	"{""3"": 1.0, ""5"": -1.0}"	0	1.4067518811457003e-15	1	1.4067518811457003e-15	1		in-out
production	sub-155	02	act	10	"{""1"": -2.0, ""3"": 1.0, ""5"": 1.0}"	0	1.174074849229416e-15	1	1.174074849229416e-15	1		soc-nonsoc
production	sub-155	02	nppi-dmn	1	"{""11"": 1.0}"	0	1.8189573126648597e-15	1	1.8189573126648597e-15	1		comp
production	sub-155	02	nppi-dmn	2	"{""12"": 1.0}"	0	1.7282499983755441e-15	1	1.7282499983755441e-15	1		comp_p
production	sub-155	02	nppi-dmn	3	"{""13"": 1.0}"	0	1.4692013441054322e-15	1	1.4692013441054322e-15	1		in
production	sub-155	02	nppi-dmn	4	"{""14"": 1.0}"	0	2.0782974318236164e-15	1	2.0782974318236164e-15	1		in_p
production	sub-155	02	nppi-dmn	5	"{""15"": 1.0}"	0	1.3587229330010588e-15	1	1.3587229330010588e-15	1		out
production	sub-155	02	nppi-dmn	6	"{""16"": 1.0}"	0	1.5187938831747014e-15	1	1.5187938831747014e-15	1		out_p
production	sub-155	02	nppi-dmn	7	"{""14"": 1.0, ""16"": -1.0}"	0	1.7300778002506165e-15	1	1.7300778002506165e-15	1		in_p-out_p
production	sub-155	02	nppi-dmn	8	"{""12"": -2.0, ""14"": 1.0, ""16"": 1.0}"	0	1.856386012502865e-15	1	1.856386012502865e-15	1		soc_p-nonsoc_p
production	sub-155	02	nppi-dmn	9	"{""13"": 1.0, ""15"": -1.0}"	0	1.4872472126416113e-15	1	1.4872472126416113e-15	1		in-out
production	sub-155	02	nppi-dmn	10	"{""11"": -2.0, ""13"": 1.0, ""15"": 1.0}"	0	1.6670489613012124e-15	1	1.6670489613012124e-15	1		soc-nonsoc
production	sub-155	02	nppi-dmn	11	"{""10"": 1.0}"	0	2.1686656189235127e-15	1	2.1686656189235127e-15	1		phys
production	sub-155	02	nppi-ecn	1	"{""11"": 1.0}"	0	1.5187534559388536e-15	1	1.5187534559388536e-15	1		comp
production	sub-155	02	nppi-ecn	2	"{""12"": 1.0}"	0	1.4838843662737956e-15	1	1.4838843662737956e-15	1		comp_p
production	sub-155	02	nppi-ecn	3	"{""13"": 1.0}"	0	1.928675654445187e-15	1	1.928675654445187e-15	1		in
production	sub-155	02	nppi-ecn	4	"{""14"": 1.0}"	0	1.5346251011224382e-15	1	1.5346251011224382e-15	1		in_p
production	sub-155	02	nppi-ecn	5	"{""15"": 1.0}"	0	1.2957481677279332e-15	1	1.2957481677279332e-15	1		out
production	sub-155	02	nppi-ecn	6	"{""16"": 1.0}"	0	1.6843248855936918e-15	1	1.6843248855936918e-15	1		out_p
production	sub-155	02	nppi-ecn	7	"{""14"": 1.0, ""16"": -1.0}"	0	1.7820368269784752e-15	1	1.7820368269784752e-15	1		in_p-out_p
production	sub-155	02	nppi-ecn	8	"{""12"": -2.0, ""14"": 1.0, ""16"": 1.0}"	0	1.3999275900785371e-15	1	1.3999275900785371e-15	1		soc_p-nonsoc_p
production	sub-155	02	nppi-ecn	9	"{""13"": 1.0, ""15"": -1.0}"	0	1.6582363566636885e-15	1	1.6582363566636885e-15	1		in-out
production	sub-155	02	nppi-ecn	10	"{""11"": -2.0, ""13"": 1.0, ""15"": 1.0}"	0	1.6307573609377168e-15	1	1.6307573609377168e-15	1		soc-nonsoc
production	sub-155	02	nppi-ecn	11	"{""10"": 1.0}"	0	1.7831456177993603e-15	1	1.7831456177993603e-15	1		phys
production	sub-156	01	act	1	"{""1"": 1.0}"	0	1.5919091825666779e-15	1	1.5919091825666779e-15	1		comp
production	sub-156	01	act	2	"{""2"": 1.0}"	0	1.172246399953881e-15	1	1.172246399953881e-15	1		comp_p
production	sub-156	01	act	3	"{""3"": 1.0}"	0	1.4266430984070763e-15	1	1.4266430984070763e-15	1		in
production	sub-156	01	act	4	"{""4"": 1.0}"	0	1.2464511905835093e-15	1	1.2464511905835093e-15	1		in_p
production	sub-156	01	act	5	"{""5"": 1.0}"	0	1.4767504724094935e-15	1	1.4767504724094935e-15	1		out
production	sub-156	01	act	6	"{""6"": 1.0}"	0	1.5130804341489623e-15	1	1.5130804341489623e-15	1		out_p
production	sub-156	01	act	7	"{""4"": 1.0, ""6"": -1.0}"	0	1.302903601599238e-15	1	1.302903601599238e-15	1		in_p-out_p
production	sub-156	01	act	8	"{""2"": -2.0, ""4"": 1.0, ""6"": 1.0}"	0	1.0654109444940616e-15	1	1.0654109444940616e-15	1		soc_p-nonsoc_p
production	sub-156	01	act	9	"{""3"": 1.0, ""5"": -1.0}"	0	1.4835809414852119e-15	1	1.4835809414852119e-15	1		in-out
production	sub-156	01	act	10	"{""1"": -2.0, ""3"": 1.0, ""5"": 1.0}"	0	1.9836492022502967e-15	1	1.9836492022502967e-15	1		soc-nonsoc
production	sub-156	01	nppi-dmn	1	"{""11"": 1.0}"	0	4.189722987237045e-15	1	4.189722987237045e-15	1		comp
production	sub-156	01	nppi-dmn	2	"{""12"": 1.0}"	0	3.743051777140645e-15	1	3.743051777140645e-15	1		comp_p
production	sub-156	01	nppi-dmn	3	"{""13"": 1.0}"	0	1.4623934274174256e-15	1	1.4623934274174256e-15	1		in
production	sub-156	01	nppi-dmn	4	"{""14"": 1.0}"	0	3.120435677481535e-15	1	3.120435677481535e-15	1		in_p
production	sub-156	01	nppi-dmn	5	"{""15"": 1.0}"	0	3.0876028762366868e-15	1	3.0876028762366868e-15	1		out
production	sub-156	01	nppi-dmn	6	"{""16"": 1.0}"	0	1.7392740022470532e-15	1	1.7392740022470532e-15	1		out_p
production	sub-156	01	nppi-dmn	7	"{""14"": 1.0, ""16"": -1.0}"	0	2.733541066794016e-15	1	2.733541066794016e-15	1		in_p-out_p
production	sub-156	01	nppi-dmn	8	"{""12"": -2.0, ""14"": 1.0, ""16"": 1.0}"	0	4.28909237800187e-15	1	4.28909237800187e-15	1		soc_p-nonsoc_p
production	sub-156	01	nppi-dmn	9	"{""13"": 1.0, ""15"": -1.0}"	0	2.16450010662951e-15	1	2.16450010662951e-15	1		in-out
production	sub-156	01	nppi-dmn	10	"{""11"": -2.0, ""13"": 1.0, ""15"": 1.0}"	0	3.2008755337921034e-15	1	3.2008755337921034e-15	1		soc-nonsoc
production	sub-156	01	nppi-dmn	11	"{""10"": 1.0}"	0	6.109283066518208e-15	1	6.109283066518208e-15	1		phys
production	sub-156	01	nppi-ecn	1	"{""11"": 1.0}"	0	1.476695691561801e-15	1	1.476695691561801e-15	1		comp
production	sub-156	01	nppi-ecn	2	"{""12"": 1.0}"	0	1.6423778397795095e-15	1	1.6423778397795095e-15	1		comp_p
production	sub-156	01	nppi-ecn	3	"{""13"": 1.0}"	0	1.2658830060671338e-15	1	1.2658830060671338e-15	1		in
production	sub-156	01	nppi-ecn	4	"{""14"": 1.0}"	0	1.3773892039229e-15	1	1.3773892039229e-15	1		in_p
production	sub-156	01	nppi-ecn	5	"{""15"": 1.0}"	0	1.7292151463182215e-15	1	1.7292151463182215e-15	1		out
production	sub-156	01	nppi-ecn	6	"{""16"": 1.0}"	0	1.7316800409120807e-15	1	1.7316800409120807e-15	1		out_p
production	sub-156	01	nppi-ecn	7	"{""14"": 1.0, ""16"": -1.0}"	0	1.5009962679561604e-15	1	1.5009962679561604e-15	1		in_p-out_p
production	sub-156	01	nppi-ecn	8	"{""12"": -2.0, ""14"": 1.0, ""16"": 1.0}"	0	1.4228990564843101e-15	1	1.4228990564843101e-15	1		soc_p-nonsoc_p
production	sub-156	01	nppi-ecn	9	"{""13"": 1.0, ""15"": -1.0}"	0	1.302561824090911e-15	1	1.302561824090911e-15	1		in-out
production	sub-156	01	nppi-ecn	10	"{""11"": -2.0, ""13"": 1.0, ""15"": 1.0}"	0	1.343983268994684e-15	1	1.343983268994684e-15	1		soc-nonsoc
production	sub-156	01	nppi-ecn	11	"{""10"": 1.0}"	0	1.6615407579904885e-15	1	1.6615407579904885e-15	1		phys
production	sub-156	02	act	1	"{""1"": 1.0}"	0	1.0554399283374637e-15	1	1.0554399283374637e-15	1		comp
production	sub-156	02	act	2	"{""2"": 1.0}"	0	1.3922703658080866e-15	1	1.3922703658080866e-15	1		comp_p
production	sub-156	02	act	3	"{""3"": 1.0}"	0	1.1533562771191245e-15	1	1.1533562771191245e-15	1		in
production	sub-156	02	act	4	"{""4"": 1.0}"	0	1.1158736253058722e-15	1	1.1158736253058722e-15	1		in_p
production	sub-156	02	act	5	"{""5"": 1.0}"	0	1.128778014171126e-15	1	1.128778014171126e-15	1		out
production	sub-156	02	act	6	"{""6"": 1.0}"	0	1.1662774011411395e-15	1	1.1662774011411395e-15	1		out_p
production	sub-156	02	act	7	"{""4"": 1.0, ""6"": -1.0}"	0	1.0947659869550201e-15	1	1.0947659869550201e-15	1		in_p-out_p
production	sub-156	02	act	8	"{""2"": -2.0, ""4"": 1.0, ""6"": 1.0}"	0	1.0171013573657081e-15	1	1.0171013573657081e-15	1		soc_p-nonsoc_p
production	sub-156	02	act	9	"{""3"": 1.0, ""5"": -1.0}"	0	1.2369295004016005e-15	1	1.2369295004016005e-15	1		in-out
production	sub-156	02	act	10	"{""1"": -2.0, ""3"": 1.0, ""5"": 1.0}"	0	1.1656616900936293e-15	1	1.1656616900936293e-15	1		soc-nonsoc
production	sub-156	02	nppi-dmn	1	"{""11"": 1.0}"	0	4.586422300566364e-15	1	4.586422300566364e-15	1		comp
production	sub-156	02	nppi-dmn	2	"{""12"": 1.0}"	0	1.611858226176465e-15	1	1.611858226176465e-15	1		comp_p
production	sub-156	02	nppi-dmn	3	"{""13"": 1.0}"	0	2.4852308356841276e-15	1	2.4852308356841276e-15	1		in
production	sub-156	02	nppi-dmn	4	"{""14"": 1.0}"	0	1.884527970503139e-15	1	1.884527970503139e-15	1		in_p
production	sub-156	02	nppi-dmn	5	"{""15"": 1.0}"	0	2.030425327880833e-15	1	2.030425327880833e-15	1		out
production	sub-156	02	nppi-dmn	6	"{""16"": 1.0}"	0	2.987503538212434e-15	1	2.987503538212434e-15	1		out_p
production	sub-156	02	nppi-dmn	7	"{""14"": 1.0, ""16"": -1.0}"	0	2.750034139933862e-15	1	2.750034139933862e-15	1		in_p-out_p
production	sub-156	02	nppi-dmn	8	"{""12"": -2.0, ""14"": 1.0, ""16"": 1.0}"	0	1.3286162563831064e-15	1	1.3286162563831064e-15	1		soc_p-nonsoc_p
production	sub-156	02	nppi-dmn	9	"{""13"": 1.0, ""15"": -1.0}"	0	1.5210684039380277e-15	1	1.5210684039380277e-15	1		in-out
production	sub-156	02	nppi-dmn	10	"{""11"": -2.0, ""13"": 1.0, ""15"": 1.0}"	0	2.1597150002936926e-15	1	2.1597150002936926e-15	1		soc-nonsoc
production	sub-156	02	nppi-dmn	11	"{""10"": 1.0}"	0	3.51456065387165e-15	1	3.51456065387165e-15	1		phys
production	sub-156	02	nppi-ecn	1	"{""11"": 1.0}"	0	1.781107213863335e-15	1	1.781107213863335e-15	1		comp
production	sub-156	02	nppi-ecn	2	"{""12"": 1.0}"	0	1.055561753544408e-15	1	1.055561753544408e-15	1		comp_p
production	sub-156	02	nppi-ecn	3	"{""13"": 1.0}"	0	1.332865702120299e-15	1	1.332865702120299e-15	1		in
production	sub-156	02	nppi-ecn	4	"{""14"": 1.0}"	0	1.6409926810395177e-15	1	1.6409926810395177e-15	1		in_p
production	sub-156	02	nppi-ecn	5	"{""15"": 1.0}"	0	1.5007576855277765e-15	1	1.5007576855277765e-15	1		out
production	sub-156	02	nppi-ecn	6	"{""16"": 1.0}"	0	1.6205825234704452e-15	1	1.6205825234704452e-15	1		out_p
production	sub-156	02	nppi-ecn	7	"{""14"": 1.0, ""16"": -1.0}"	0	1.6104397330116073e-15	1	1.6104397330116073e-15	1		in_p-out_p
production	sub-156	02	nppi-ecn	8	"{""12"": -2.0, ""14"": 1.0, ""16"": 1.0}"	0	1.1449828867306955e-15	1	1.1449828867306955e-15	1		soc_p-nonsoc_p
production	sub-156	02	nppi-ecn	9	"{""13"": 1.0, ""15"": -1.0}"	0	1.3517154945940542e-15	1	1.3517154945940542e-15	1		in-out
production	sub-156	02	nppi-ecn	10	"{""11"": -2.0, ""13"": 1.0, ""15"": 1.0}"	0	1.681705068593914e-15	1	1.681705068593914e-15	1		soc-nonsoc
production	sub-156	02	nppi-ecn	11	"{""10"": 1.0}"	0	1.5962109818144852e-15	1	1.5962109818144852e-15	1		phys
production	sub-157	01	act	1	"{""1"": 1.0}"	0	8.702383397165004e-16	1	8.702383397165004e-16	1		comp
production	sub-157	01	act	2	"{""2"": 1.0}"	0	1.6383894718890565e-15	1	1.6383894718890565e-15	1		comp_p
production	sub-157	01	act	3	"{""3"": 1.0}"	0	1.408879046863602e-15	1	1.408879046863602e-15	1		in
production	sub-157	01	act	4	"{""4"": 1.0}"	0	1.7659984133726505e-15	1	1.7659984133726505e-15	1		in_p
production	sub-157	01	act	5	"{""5"": 1.0}"	0	1.27857184384532e-15	1	1.27857184384532e-15	1		out
production	sub-157	01	act	6	"{""6"": 1.0}"	0	1.3218642629415256e-15	1	1.3218642629415256e-15	1		out_p
production	sub-157	01	act	7	"{""4"": 1.0, ""6"": -1.0}"	0	1.5102326168206746e-15	1	1.5102326168206746e-15	1		in_p-out_p
production	sub-157	01	act	8	"{""2"": -2.0, ""4"": 1.0, ""6"": 1.0}"	0	1.8476999405186662e-15	1	1.8476999405186662e-15	1		soc_p-nonsoc_p
production	sub-157	01	act	9	"{""3"": 1.0, ""5"": -1.0}"	0	1.327760585484569e-15	1	1.327760585484569e-15	1		in-out
production	sub-157	01	act	10	"{""1"": -2.0, ""3"": 1.0, ""5"": 1.0}"	0	9.983997920425615e-16	1	9.983997920425615e-16	1		soc-nonsoc
production	sub-157	01	nppi-dmn	1	"{""11"": 1.0}"	0	1.6668031033987323e-15	1	1.6668031033987323e-15	1		comp
production	sub-157	01	nppi-dmn	2	"{""12"": 1.0}"	0	1.6446783473028398e-15	1	1.6446783473028398e-15	1		comp_p
production	sub-157	01	nppi-dmn	3	"{""13"": 1.0}"	0	1.3499447367395581e-15	1	1.3499447367395581e-15	1		in
production	sub-157	01	nppi-dmn	4	"{""14"": 1.0}"	0	1.5793773033259623e-15	1	1.5793773033259623e-15	1		in_p
production	sub-157	01	nppi-dmn	5	"{""15"": 1.0}"	0	1.7096010179299105e-15	1	1.7096010179299105e-15	1		out
production	sub-157	01	nppi-dmn	6	"{""16"": 1.0}"	0	1.7664329171107826e-15	1	1.7664329171107826e-15	1		out_p
production	sub-157	01	nppi-dmn	7	"{""14"": 1.0, ""16"": -1.0}"	0	1.5734454714605176e-15	1	1.5734454714605176e-15	1		in_p-out_p
production	sub-157	01	nppi-dmn	8	"{""12"": -2.0, ""14"": 1.0, ""16"": 1.0}"	0	1.876084144976958e-15	1	1.876084144976958e-15	1		soc_p-nonsoc_p
production	sub-157	01	nppi-dmn	9	"{""13"": 1.0, ""15"": -1.0}"	0	1.6711031402384518e-15	1	1.6711031402384518e-15	1		in-out
production	sub-157	01	nppi-dmn	10	"{""11"": -2.0, ""13"": 1.0, ""15"": 1.0}"	0	1.6063968132696888e-15	1	1.6063968132696888e-15	1		soc-nonsoc
production	sub-157	01	nppi-dmn	11	"{""10"": 1.0}"	0	1.236960434359531e-15	1	1.236960434359531e-15	1		phys
production	sub-157	01	nppi-ecn	1	"{""11"": 1.0}"	0	2.204167681151316e-15	1	2.204167681151316e-15	1		comp
production	sub-157	01	nppi-ecn	2	"{""12"": 1.0}"	0	2.0050310970115834e-15	1	2.0050310970115834e-15	1		comp_p
production	sub-157	01	nppi-ecn	3	"{""13"": 1.0}"	0	1.673037499413629e-15	1	1.673037499413629e-15	1		in
production	sub-157	01	nppi-ecn	4	"{""14"": 1.0}"	0	1.5357427455592165e-15	1	1.5357427455592165e-15	1		in_p
production	sub-157	01	nppi-ecn	5	"{""15"": 1.0}"	0	1.9494650209137473e-15	1	1.9494650209137473e-15	1		out
production	sub-157	01	nppi-ecn	6	"{""16"": 1.0}"	0	1.8527056083328885e-15	1	1.8527056083328885e-15	1		out_p
production	sub-157	01	nppi-ecn	7	"{""14"": 1.0, ""16"": -1.0}"	0	1.7190184451668912e-15	1	1.7190184451668912e-15	1		in_p-out_p
production	sub-157	01	nppi-ecn	8	"{""12"": -2.0, ""14"": 1.0, ""16"": 1.0}"	0	1.9313871966680828e-15	1	1.9313871966680828e-15	1		soc_p-nonsoc_p
production	sub-157	01	nppi-ecn	9	"{""13"": 1.0, ""15"": -1.0}"	0	2.0484334886620266e-15	1	2.0484334886620266e-15	1		in-out
production	sub-157	01	nppi-ecn	10	"{""11"": -2.0, ""13"": 1.0, ""15"": 1.0}"	0	2.2364931296303197e-15	1	2.2364931296303197e-15	1		soc-nonsoc
production	sub-157	01	nppi-ecn	11	"{""10"": 1.0}"	0	1.3773391546639748e-15	1	1.3773391546639748e-15	1		phys
production	sub-157	02	act	1	"{""1"": 1.0}"	0	7.625845501068374e-16	1	7.625845501068374e-16	1		comp
production	sub-157	02	act	2	"{""2"": 1.0}"	0	1.4719518604721712e-15	1	1.4719518604721712e-15	1		comp_p
production	sub-157	02	act	3	"{""3"": 1.0}"	0	1.2332318641601483e-15	1	1.2332318641601483e-15	1		in
production	sub-157	02	act	4	"{""4"": 1.0}"	0	1.1770065751348033e-15	1	1.1770065751348033e-15	1		in_p
production	sub-157	02	act	5	"{""5"": 1.0}"	0	1.8797236170250717e-15	1	1.8797236170250717e-15	1		out
production	sub-157	02	act	6	"{""6"": 1.0}"	0	1.4929106519413945e-15	1	1.4929106519413945e-15	1		out_p
production	sub-157	02	act	7	"{""4"": 1.0, ""6"": -1.0}"	0	1.3643820845335374e-15	1	1.3643820845335374e-15	1		in_p-out_p
production	sub-157	02	act	8	"{""2"": -2.0, ""4"": 1.0, ""6"": 1.0}"	0	1.9413161326308666e-15	1	1.9413161326308666e-15	1		soc_p-nonsoc_p
production	sub-157	02	act	9	"{""3"": 1.0, ""5"": -1.0}"	0	1.7344380645695407e-15	1	1.7344380645695407e-15	1		in-out
production	sub-157	02	act	10	"{""1"": -2.0, ""3"": 1.0, ""5"": 1.0}"	0	1.130934391575351e-15	1	1.130934391575351e-15	1		soc-nonsoc
production	sub-157	02	nppi-dmn	1	"{""11"": 1.0}"	0	1.2905780882437293e-15	1	1.2905780882437293e-15	1		comp
production	sub-157	02	nppi-dmn	2	"{""12"": 1.0}"	0	1.5287340800973022e-15	1	1.5287340800973022e-15	1		comp_p
production	sub-157	02	nppi-dmn	3	"{""13"": 1.0}"	0	1.6625216286715004e-15	1	1.6625216286715004e-15	1		in
production	sub-157	02	nppi-dmn	4	"{""14"": 1.0}"	0	1.4367278771819395e-15	1	1.4367278771819395e-15	1		in_p
production	sub-157	02	nppi-dmn	5	"{""15"": 1.0}"	0	1.5194498718166659e-15	1	1.5194498718166659e-15	1		out
production	sub-157	02	nppi-dmn	6	"{""16"": 1.0}"	0	1.481439142571756e-15	1	1.481439142571756e-15	1		out_p
production	sub-157	02	nppi-dmn	7	"{""14"": 1.0, ""16"": -1.0}"	0	1.303355912306176e-15	1	1.303355912306176e-15	1		in_p-out_p
production	sub-157	02	nppi-dmn	8	"{""12"": -2.0, ""14"": 1.0, ""16"": 1.0}"	0	1.5776502064347286e-15	1	1.5776502064347286e-15	1		soc_p-nonsoc_p
production	sub-157	02	nppi-dmn	9	"{""13"": 1.0, ""15"": -1.0}"	0	1.8013313491557557e-15	1	1.8013313491557557e-15	1		in-out
production	sub-157	02	nppi-dmn	10	"{""11"": -2.0, ""13"": 1.0, ""15"": 1.0}"	0	1.4600196307664092e-15	1	1.4600196307664092e-15	1		soc-nonsoc
production	sub-157	02	nppi-dmn	11	"{""10"": 1.0}"	0	1.2786202856104803e-15	1	1.2786202856104803e-15	1		phys
production	sub-157	02	nppi-ecn	1	"{""11"": 1.0}"	0	1.4822131756284203e-15	1	1.4822131756284203e-15	1		comp
production	sub-157	02	nppi-ecn	2	"{""12"": 1.0}"	0	1.8749825209264894e-15	1	1.8749825209264894e-15	1		comp_p
production	sub-157	02	nppi-ecn	3	"{""13"": 1.0}"	0	1.4987827377042122e-15	1	1.4987827377042122e-15	1		in
production	sub-157	02	nppi-ecn	4	"{""14"": 1.0}"	0	1.5932860494114315e-15	1	1.5932860494114315e-15	1		in_p
production	sub-157	02	nppi-ecn	5	"{""15"": 1.0}"	0	1.6384575468328511e-15	1	1.6384575468328511e-15	1		out
production	sub-157	02	nppi-ecn	6	"{""16"": 1.0}"	0	1.3805658283958896e-15	1	1.3805658283958896e-15	1		out_p
production	sub-157	02	nppi-ecn	7	"{""14"": 1.0, ""16"": -1.0}"	0	1.3651799670475686e-15	1	1.3651799670475686e-15	1		in_p-out_p
production	sub-157	02	nppi-ecn	8	"{""12"": -2.0, ""14"": 1.0, ""16"": 1.0}"	0	2.0222405852233303e-15	1	2.0222405852233303e-15	1		soc_p-nonsoc_p
production	sub-157	02	nppi-ecn	9	"{""13"": 1.0, ""15"": -1.0}"	0	1.39126672630982e-15	1	1.39126672630982e-15	1		in-out
production	sub-157	02	nppi-ecn	10	"{""11"": -2.0, ""13"": 1.0, ""15"": 1.0}"	0	1.461984823525217e-15	1	1.461984823525217e-15	1		soc-nonsoc
production	sub-157	02	nppi-ecn	11	"{""10"": 1.0}"	0	1.7583198723550602e-15	1	1.7583198723550602e-15	1		phys
production	sub-158	01	act	1	"{""1"": 1.0}"	0	9.051329025242208e-16	1	9.051329025242208e-16	1		comp
production	sub-158	01	act	2	"{""2"": 1.0}"	0	1.0700436545332009e-15	1	1.0700436545332009e-15	1		comp_p
production	sub-158	01	act	3	"{""3"": 1.0}"	0	1.2119773578829895e-15	1	1.2119773578829895e-15	1		in
production	sub-158	01	act	4	"{""4"": 1.0}"	0	1.5752232807868061e-15	1	1.5752232807868061e-15	1		in_p
production	sub-158	01	act	5	"{""5"": 1.0}"	0	9.706587469432471e-16	1	9.706587469432471e-16	1		out
production	sub-158	01	act	6	"{""6"": 1.0}"	0	9.459561150142606e-16	1	9.459561150142606e-16	1		out_p
production	sub-158	01	act	7	"{""4"": 1.0, ""6"": -1.0}"	0	1.4634485221425875e-15	1	1.4634485221425875e-15	1		in_p-out_p
production	sub-158	01	act	8	"{""2"": -2.0, ""4"": 1.0, ""6"": 1.0}"	0	9.110117789507661e-16	1	9.110117789507661e-16	1		soc_p-nonsoc_p
production	sub-158	01	act	9	"{""3"": 1.0, ""5"": -1.0}"	0	1.2268012425469196e-15	1	1.2268012425469196e-15	1		in-out
production	sub-158	01	act	10	"{""1"": -2.0, ""3"": 1.0, ""5"": 1.0}"	0	1.0499751343912753e-15	1	1.0499751343912753e-15	1		soc-nonsoc
production	sub-158	01	nppi-dmn	1	"{""11"": 1.0}"	0	1.3744544046908303e-15	1	1.3744544046908303e-15	1		comp
production	sub-158	01	nppi-dmn	2	"{""12"": 1.0}"	0	1.7029126320979608e-15	1	1.7029126320979608e-15	1		comp_p
production	sub-158	01	nppi-dmn	3	"{""13"": 1.0}"	0	1.7131795290300411e-15	1	1.7131795290300411e-15	1		in
production	sub-158	01	nppi-dmn	4	"{""14"": 1.0}"	0	1.815583340784301e-15	1	1.815583340784301e-15	1		in_p
production	sub-158	01	nppi-dmn	5	"{""15"": 1.0}"	0	1.7826217183397557e-15	1	1.7826217183397557e-15	1		out
production	sub-158	01	nppi-dmn	6	"{""16"": 1.0}"	0	1.5030777626530291e-15	1	1.5030777626530291e-15	1		out_p
production	sub-158	01	nppi-dmn	7	"{""14"": 1.0, ""16"": -1.0}"	0	1.8654999254664523e-15	1	1.8654999254664523e-15	1		in_p-out_p
production	sub-158	01	nppi-dmn	8	"{""12"": -2.0, ""14"": 1.0, ""16"": 1.0}"	0	1.6441123951958442e-15	1	1.6441123951958442e-15	1		soc_p-nonsoc_p
production	sub-158	01	nppi-dmn	9	"{""13"": 1.0, ""15"": -1.0}"	0	1.9815326176668125e-15	1	1.9815326176668125e-15	1		in-out
production	sub-158	01	nppi-dmn	10	"{""11"": -2.0, ""13"": 1.0, ""15"": 1.0}"	0	1.5225471074237524e-15	1	1.5225471074237524e-15	1		soc-nonsoc
production	sub-158	01	nppi-dmn	11	"{""10"": 1.0}"	0	1.305144786741066e-15	1	1.305144786741066e-15	1		phys
production	sub-158	01	nppi-ecn	1	"{""11"": 1.0}"	0	1.2819466542677971e-15	1	1.2819466542677971e-15	1		comp
production	sub-158	01	nppi-ecn	2	"{""12"": 1.0}"	0	1.4803105846644025e-15	1	1.4803105846644025e-15	1		comp_p
production	sub-158	01	nppi-ecn	3	"{""13"": 1.0}"	0	1.1553060795486585e-15	1	1.1553060795486585e-15	1		in
production	sub-158	01	nppi-ecn	4	"{""14"": 1.0}"	0	1.5345965983893525e-15	1	1.5345965983893525e-15	1		in_p
production	sub-158	01	nppi-ecn	5	"{""15"": 1.0}"	0	1.5698933611906551e-15	1	1.5698933611906551e-15	1		out
production	sub-158	01	nppi-ecn	6	"{""16"": 1.0}"	0	1.586834349350375e-15	1	1.586834349350375e-15	1		out_p
production	sub-158	01	nppi-ecn	7	"{""14"": 1.0, ""16"": -1.0}"	0	1.4908686361132298e-15	1	1.4908686361132298e-15	1		in_p-out_p
production	sub-158	01	nppi-ecn	8	"{""12"": -2.0, ""14"": 1.0, ""16"": 1.0}"	0	1.3961190747990855e-15	1	1.3961190747990855e-15	1		soc_p-nonsoc_p
production	sub-158	01	nppi-ecn	9	"{""13"": 1.0, ""15"": -1.0}"	0	1.3954901961614972e-15	1	1.3954901961614972e-15	1		in-out
production	sub-158	01	nppi-ecn	10	"{""11"": -2.0, ""13"": 1.0, ""15"": 1.0}"	0	1.3118377691338264e-15	1	1.3118377691338264e-15	1		soc-nonsoc
production	sub-158	01	nppi-ecn	11	"{""10"": 1.0}"	0	1.5744617853641254e-15	1	1.5744617853641254e-15	1		phys
production	sub-158	02	act	1	"{""1"": 1.0}"	0	8.497156283210032e-16	1	8.497156283210032e-16	1		comp
production	sub-158	02	act	2	"{""2"": 1.0}"	0	1.3928780476342425e-15	1	1.3928780476342425e-15	1		comp_p
production	sub-158	02	act	3	"{""3"": 1.0}"	0	1.157588626893684e-15	1	1.157588626893684e-15	1		in
production	sub-158	02	act	4	"{""4"": 1.0}"	0	1.486583174146429e-15	1	1.486583174146429e-15	1		in_p
production	sub-158	02	act	5	"{""5"": 1.0}"	0	1.0299974385922419e-15	1	1.0299974385922419e-15	1		out
production	sub-158	02	act	6	"{""6"": 1.0}"	0	1.3383503830741117e-15	1	1.3383503830741117e-15	1		out_p
production	sub-158	02	act	7	"{""4"": 1.0, ""6"": -1.0}"	0	1.5427519989611938e-15	1	1.5427519989611938e-15	1		in_p-out_p
production	sub-158	02	act	8	"{""2"": -2.0, ""4"": 1.0, ""6"": 1.0}"	0	1.3320121532998483e-15	1	1.3320121532998483e-15	1		soc_p-nonsoc_p
production	sub-158	02	act	9	"{""3"": 1.0, ""5"": -1.0}"	0	1.3702391063072164e-15	1	1.3702391063072164e-15	1		in-out
production	sub-158	02	act	10	"{""1"": -2.0, ""3"": 1.0, ""5"": 1.0}"	0	8.107438677391686e-16	1	8.107438677391686e-16	1		soc-nonsoc
production	sub-158	02	nppi-dmn	1	"{""11"": 1.0}"	0	1.6272803103033675e-15	1	1.6272803103033675e-15	1		comp
production	sub-158	02	nppi-dmn	2	"{""12"": 1.0}"	0	1.4737275767732848e-15	1	1.4737275767732848e-15	1		comp_p
production	sub-158	02	nppi-dmn	3	"{""13"": 1.0}"	0	1.5685974068766705e-15	1	1.5685974068766705e-15	1		in
production	sub-158	02	nppi-dmn	4	"{""14"": 1.0}"	0	1.3560568504052483e-15	1	1.3560568504052483e-15	1		in_p
production	sub-158	02	nppi-dmn	5	"{""15"": 1.0}"	0	1.4697287416188942e-15	1	1.4697287416188942e-15	1		out
production	sub-158	02	nppi-dmn	6	"{""16"": 1.0}"	0	1.9735917724799683e-15	1	1.9735917724799683e-15	1		out_p
production	sub-158	02	nppi-dmn	7	"{""14"": 1.0, ""16"": -1.0}"	0	1.5120693195537657e-15	1	1.5120693195537657e-15	1		in_p-out_p
production	sub-158	02	nppi-dmn	8	"{""12"": -2.0, ""14"": 1.0, ""16"": 1.0}"	0	1.7310024413011206e-15	1	1.7310024413011206e-15	1		soc_p-nonsoc_p
production	sub-158	02	nppi-dmn	9	"{""13"": 1.0, ""15"": -1.0}"	0	1.3854547591373147e-15	1	1.3854547591373147e-15	1		in-out
production	sub-158	02	nppi-dmn	10	"{""11"": -2.0, ""13"": 1.0, ""15"": 1.0}"	0	1.7031200341898566e-15	1	1.7031200341898566e-15	1		soc-nonsoc
production	sub-158	02	nppi-dmn	11	"{""10"": 1.0}"	0	1.7753956284175226e-15	1	1.7753956284175226e-15	1		phys
production	sub-158	02	nppi-ecn	1	"{""11"": 1.0}"	0	1.6276115454768494e-15	1	1.6276115454768494e-15	1		comp
production	sub-158	02	nppi-ecn	2	"{""12"": 1.0}"	0	1.7456233492839154e-15	1	1.7456233492839154e-15	1		comp_p
production	sub-158	02	nppi-ecn	3	"{""13"": 1.0}"	0	1.733511060169262e-15	1	1.733511060169262e-15	1		in
production	sub-158	02	nppi-ecn	4	"{""14"": 1.0}"	0	1.3839684534939829e-15	1	1.3839684534939829e-15	1		in_p
production	sub-158	02	nppi-ecn	5	"{""15"": 1.0}"	0	1.6056968366138152e-15	1	1.6056968366138152e-15	1		out
production	sub-158	02	nppi-ecn	6	"{""16"": 1.0}"	0	1.382286113793051e-15	1	1.382286113793051e-15	1		out_p
production	sub-158	02	nppi-ecn	7	"{""14"": 1.0, ""16"": -1.0}"	0	1.5180676671646772e-15	1	1.5180676671646772e-15	1		in_p-out_p
production	sub-158	02	nppi-ecn	8	"{""12"": -2.0, ""14"": 1.0, ""16"": 1.0}"	0	1.495040348357792e-15	1	1.495040348357792e-15	1		soc_p-nonsoc_p
production	sub-158	02	nppi-ecn	9	"{""13"": 1.0, ""15"": -1.0}"	0	1.7194783554312592e-15	1	1.7194783554312592e-15	1		in-out
production	sub-158	02	nppi-ecn	10	"{""11"": -2.0, ""13"": 1.0, ""15"": 1.0}"	0	1.6628151712235775e-15	1	1.6628151712235775e-15	1		soc-nonsoc
production	sub-158	02	nppi-ecn	11	"{""10"": 1.0}"	0	1.4446153993415605e-15	1	1.4446153993415605e-15	1		phys
production	sub-159	01	act	1	"{""1"": 1.0}"	0	8.894206488411695e-16	1	8.894206488411695e-16	1		comp
production	sub-159	01	act	2	"{""2"": 1.0}"	0	1.5298022127039743e-15	1	1.5298022127039743e-15	1		comp_p
production	sub-159	01	act	3	"{""3"": 1.0}"	0	1.1120960650656943e-15	1	1.1120960650656943e-15	1		in
production	sub-159	01	act	4	"{""4"": 1.0}"	0	1.4236342847146659e-15	1	1.4236342847146659e-15	1		in_p
production	sub-159	01	act	5	"{""5"": 1.0}"	0	1.3693406349726105e-15	1	1.3693406349726105e-15	1		out
production	sub-159	01	act	6	"{""6"": 1.0}"	0	1.3479538724426238e-15	1	1.3479538724426238e-15	1		out_p
production	sub-159	01	act	7	"{""4"": 1.0, ""6"": -1.0}"	0	1.003256531226273e-15	1	1.003256531226273e-15	1		in_p-out_p
production	sub-159	01	act	8	"{""2"": -2.0, ""4"": 1.0, ""6"": 1.0}"	0	1.962798160688253e-15	1	1.962798160688253e-15	1		soc_p-nonsoc_p
production	sub-159	01	act	9	"{""3"": 1.0, ""5"": -1.0}"	0	1.0936507276936845e-15	1	1.0936507276936845e-15	1		in-out
production	sub-159	01	act	10	"{""1"": -2.0, ""3"": 1.0, ""5"": 1.0}"	0	7.928021867865187e-16	1	7.928021867865187e-16	1		soc-nonsoc
production	sub-159	01	nppi-dmn	1	"{""11"": 1.0}"	0	1.4095397636183483e-15	1	1.4095397636183483e-15	1		comp
production	sub-159	01	nppi-dmn	2	"{""12"": 1.0}"	0	1.7480672457162734e-15	1	1.7480672457162734e-15	1		comp_p
production	sub-159	01	nppi-dmn	3	"{""13"": 1.0}"	0	1.4279477321834588e-15	1	1.4279477321834588e-15	1		in
production	sub-159	01	nppi-dmn	4	"{""14"": 1.0}"	0	1.5878870967277182e-15	1	1.5878870967277182e-15	1		in_p
production	sub-159	01	nppi-dmn	5	"{""15"": 1.0}"	0	1.470244572010433e-15	1	1.470244572010433e-15	1		out
production	sub-159	01	nppi-dmn	6	"{""16"": 1.0}"	0	1.804905481955865e-15	1	1.804905481955865e-15	1		out_p
production	sub-159	01	nppi-dmn	7	"{""14"": 1.0, ""16"": -1.0}"	0	1.786010928444301e-15	1	1.786010928444301e-15	1		in_p-out_p
production	sub-159	01	nppi-dmn	8	"{""12"": -2.0, ""14"": 1.0, ""16"": 1.0}"	0	1.604387956992235e-15	1	1.604387956992235e-15	1		soc_p-nonsoc_p
production	sub-159	01	nppi-dmn	9	"{""13"": 1.0, ""15"": -1.0}"	0	1.5302112035808365e-15	1	1.5302112035808365e-15	1		in-out
production	sub-159	01	nppi-dmn	10	"{""11"": -2.0, ""13"": 1.0, ""15"": 1.0}"	0	1.4279751112794275e-15	1	1.4279751112794275e-15	1		soc-nonsoc
production	sub-159	01	nppi-dmn	11	"{""10"": 1.0}"	0	1.479321835968808e-15	1	1.479321835968808e-15	1		phys
production	sub-159	01	nppi-ecn	1	"{""11"": 1.0}"	0	1.715549831024568e-15	1	1.715549831024568e-15	1		comp
production	sub-159	01	nppi-ecn	2	"{""12"": 1.0}"	0	2.570697891159936e-15	1	2.570697891159936e-15	1		comp_p
production	sub-159	01	nppi-ecn	3	"{""13"": 1.0}"	0	1.7764911988940044e-15	1	1.7764911988940044e-15	1		in
production	sub-159	01	nppi-ecn	4	"{""14"": 1.0}"	0	1.5509751272839372e-15	1	1.5509751272839372e-15	1		in_p
production	sub-159	01	nppi-ecn	5	"{""15"": 1.0}"	0	1.4984788973070541e-15	1	1.4984788973070541e-15	1		out
production	sub-159	01	nppi-ecn	6	"{""16"": 1.0}"	0	1.2199348753034302e-15	1	1.2199348753034302e-15	1		out_p
production	sub-159	01	nppi-ecn	7	"{""14"": 1.0, ""16"": -1.0}"	0	1.3382752577798715e-15	1	1.3382752577798715e-15	1		in_p-out_p
production	sub-159	01	nppi-ecn	8	"{""12"": -2.0, ""14"": 1.0, ""16"": 1.0}"	0	2.20585628318795e-15	1	2.20585628318795e-15	1		soc_p-nonsoc_p
production	sub-159	01	nppi-ecn	9	"{""13"": 1.0, ""15"": -1.0}"	0	1.4798989145702905e-15	1	1.4798989145702905e-15	1		in-out
production	sub-159	01	nppi-ecn	10	"{""11"": -2.0, ""13"": 1.0, ""15"": 1.0}"	0	1.6637186178529744e-15	1	1.6637186178529744e-15	1		soc-nonsoc
production	sub-159	01	nppi-ecn	11	"{""10"": 1.0}"	0	2.4325895515714847e-15	1	2.4325895515714847e-15	1		phys
production	sub-159	02	act	1	"{""1"": 1.0}"	0	6.545899176603329e-16	1	6.545899176603329e-16	1		comp
production	sub-159	02	act	2	"{""2"": 1.0}"	0	2.297613593050108e-15	1	2.297613593050108e-15	1		comp_p
production	sub-159	02	act	3	"{""3"": 1.0}"	0	1.5793686467349873e-15	1	1.5793686467349873e-15	1		in
production	sub-159	02	act	4	"{""4"": 1.0}"	0	1.5813653100569561e-15	1	1.5813653100569561e-15	1		in_p
production	sub-159	02	act	5	"{""5"": 1.0}"	0	1.785648767040846e-15	1	1.785648767040846e-15	1		out
production	sub-159	02	act	6	"{""6"": 1.0}"	0	2.7560513321901785e-15	1	2.7560513321901785e-15	1		out_p
production	sub-159	02	act	7	"{""4"": 1.0, ""6"": -1.0}"	0	2.7000069502459657e-15	1	2.7000069502459657e-15	1		in_p-out_p
production	sub-159	02	act	8	"{""2"": -2.0, ""4"": 1.0, ""6"": 1.0}"	0	2.015631514211743e-15	1	2.015631514211743e-15	1		soc_p-nonsoc_p
production	sub-159	02	act	9	"{""3"": 1.0, ""5"": -1.0}"	0	1.669204987916314e-15	1	1.669204987916314e-15	1		in-out
production	sub-159	02	act	10	"{""1"": -2.0, ""3"": 1.0, ""5"": 1.0}"	0	1.1384526158169358e-15	1	1.1384526158169358e-15	1		soc-nonsoc
production	sub-159	02	nppi-dmn	1	"{""11"": 1.0}"	0	1.479747265196836e-15	1	1.479747265196836e-15	1		comp
production	sub-159	02	nppi-dmn	2	"{""12"": 1.0}"	0	1.6526961853204378e-15	1	1.6526961853204378e-15	1		comp_p
production	sub-159	02	nppi-dmn	3	"{""13"": 1.0}"	0	1.3144965801761171e-15	1	1.3144965801761171e-15	1		in
production	sub-159	02	nppi-dmn	4	"{""14"": 1.0}"	0	1.7437311403985284e-15	1	1.7437311403985284e-15	1		in_p
production	sub-159	02	nppi-dmn	5	"{""15"": 1.0}"	0	1.6001390892104776e-15	1	1.6001390892104776e-15	1		out
production	sub-159	02	nppi-dmn	6	"{""16"": 1.0}"	0	1.7496034286604843e-15	1	1.7496034286604843e-15	1		out_p
production	sub-159	02	nppi-dmn	7	"{""14"": 1.0, ""16"": -1.0}"	0	1.644428290586176e-15	1	1.644428290586176e-15	1		in_p-out_p
production	sub-159	02	nppi-dmn	8	"{""12"": -2.0, ""14"": 1.0, ""16"": 1.0}"	0	1.5619602059561387e-15	1	1.5619602059561387e-15	1		soc_p-nonsoc_p
production	sub-159	02	nppi-dmn	9	"{""13"": 1.0, ""15"": -1.0}"	0	1.5433356523448582e-15	1	1.5433356523448582e-15	1		in-out
production	sub-159	02	nppi-dmn	10	"{""11"": -2.0, ""13"": 1.0, ""15"": 1.0}"	0	1.1632781683218368e-15	1	1.1632781683218368e-15	1		soc-nonsoc
production	sub-159	02	nppi-dmn	11	"{""10"": 1.0}"	0	1.995015363552741e-15	1	1.995015363552741e-15	1		phys
production	sub-159	02	nppi-ecn	1	"{""11"": 1.0}"	0	1.946757832640407e-15	1	1.946757832640407e-15	1		comp
production	sub-159	02	nppi-ecn	2	"{""12"": 1.0}"	0	1.6142737852709743e-15	1	1.6142737852709743e-15	1		comp_p
production	sub-159	02	nppi-ecn	3	"{""13"": 1.0}"	0	1.6100541631483692e-15	1	1.6100541631483692e-15	1		in
production	sub-159	02	nppi-ecn	4	"{""14"": 1.0}"	0	1.556812824474498e-15	1	1.556812824474498e-15	1		in_p
production	sub-159	02	nppi-ecn	5	"{""15"": 1.0}"	0	2.580277166284591e-15	1	2.580277166284591e-15	1		out
production	sub-159	02	nppi-ecn	6	"{""16"": 1.0}"	0	2.7688961608141443e-15	1	2.7688961608141443e-15	1		out_p
production	sub-159	02	nppi-ecn	7	"{""14"": 1.0, ""16"": -1.0}"	0	2.588014540811197e-15	1	2.588014540811197e-15	1		in_p-out_p
production	sub-159	02	nppi-ecn	8	"{""12"": -2.0, ""14"": 1.0, ""16"": 1.0}"	0	1.5544964885617574e-15	1	1.5544964885617574e-15	1		soc_p-nonsoc_p
production	sub-159	02	nppi-ecn	9	"{""13"": 1.0, ""15"": -1.0}"	0	2.1600663665151698e-15	1	2.1600663665151698e-15	1		in-out
production	sub-159	02	nppi-ecn	10	"{""11"": -2.0, ""13"": 1.0, ""15"": 1.0}"	0	1.5855628290393153e-15	1	1.5855628290393153e-15	1		soc-nonsoc
production	sub-159	02	nppi-ecn	11	"{""10"": 1.0}"	0	2.3821935539608054e-15	1	2.3821935539608054e-15	1		phys
