source	participant	run	model	feat_dir	status	error	npoints	ncolumns	raw_rank	nonzero_columns	scaled_rank	remaining_deficiency_after_zero_removal	sensitivity_rank_rcond_1e_8	condition_nonzero_columns	svd_cutoff	zero_columns	constant_nonzero_columns	nonzero_columns_in_nullspace	zero_columns_labels	constant_nonzero_columns_labels	nonzero_columns_in_nullspace_labels	contrast_padding_nuisance_zeros	column_labels	design_mat_sha256	design_con_sha256	design_fsf_sha256
production	sub-104	01	act	/ZPOOL/data/projects/srndna-ultimatum/derivatives/fsl/sub-104/L1_task-ultimatum_model-02_type-act_run-01_sm-6.feat	ok		200	28	27	27	27	0	27	21.314147194751765	9.168914788578323e-14	7			7:miss[EV]			0	1:comp[EV]|2:comp_p[EV]|3:in[EV]|4:in_p[EV]|5:out[EV]|6:out_p[EV]|7:miss[EV]|8:rt[EV]|9:rt_p[EV]|10:appended_nuisance|11:appended_nuisance|12:appended_nuisance|13:appended_nuisance|14:appended_nuisance|15:appended_nuisance|16:appended_nuisance|17:appended_nuisance|18:appended_nuisance|19:appended_nuisance|20:appended_nuisance|21:appended_nuisance|22:appended_nuisance|23:appended_nuisance|24:appended_nuisance|25:appended_nuisance|26:appended_nuisance|27:appended_nuisance|28:appended_nuisance	ca2189bd05bda7274d9990a1cab4c79a1d3ab596528a7b3b1b9e9f0622a434d7	20143f6ec2d5bc38424f8d1f10ccd66c09a3efa4d1d560a091a2897cd584b3bb	a5e699229c07fa9e49819960788d6c6657cbc345810afd94e03b77744f5b5e20
production	sub-104	01	nppi-dmn	/ZPOOL/data/projects/srndna-ultimatum/derivatives/fsl/sub-104/L1_task-ultimatum_model-02_type-nppi-dmn_run-01_sm-6.feat	ok		200	47	45	45	45	0	45	71.99219770317804	1.233638230850288e-13	7|17			7:miss[EV]|17:miss[interaction]			0	1:comp[EV]|2:comp_p[EV]|3:in[EV]|4:in_p[EV]|5:out[EV]|6:out_p[EV]|7:miss[EV]|8:rt[EV]|9:rt_p[EV]|10:main[EV]|11:comp[interaction]|12:comp_p[interaction]|13:in[interaction]|14:in_p[interaction]|15:out[interaction]|16:out_p[interaction]|17:miss[interaction]|18:rt[interaction]|19:rt_p[interaction]|20:other[EV]|21:net0[EV]|22:net1[EV]|23:net2[EV]|24:net4[EV]|25:net5[EV]|26:net6[EV]|27:net8[EV]|28:net9[EV]|29:appended_nuisance|30:appended_nuisance|31:appended_nuisance|32:appended_nuisance|33:appended_nuisance|34:appended_nuisance|35:appended_nuisance|36:appended_nuisance|37:appended_nuisance|38:appended_nuisance|39:appended_nuisance|40:appended_nuisance|41:appended_nuisance|42:appended_nuisance|43:appended_nuisance|44:appended_nuisance|45:appended_nuisance|46:appended_nuisance|47:appended_nuisance	f947b1e6a83e65be3c3c2e9f6aa5d8579c72280dd18de5588a6455760b47ea22	6d2aa6fe39dc455d859c0a5943fe9c7fd8bf07f971aa7be407e04019c13e577e	ba4228e98662323bf2d7c7e15d6ddf8631bbb41b47541083ea07b061dcb42dd5
production	sub-104	01	nppi-ecn	/ZPOOL/data/projects/srndna-ultimatum/derivatives/fsl/sub-104/L1_task-ultimatum_model-02_type-nppi-ecn_run-01_sm-6.feat	ok		200	47	45	45	45	0	45	102.54594975004782	1.235733089158479e-13	7|17			7:miss[EV]|17:miss[interaction]			0	1:comp[EV]|2:comp_p[EV]|3:in[EV]|4:in_p[EV]|5:out[EV]|6:out_p[EV]|7:miss[EV]|8:rt[EV]|9:rt_p[EV]|10:main[EV]|11:comp[interaction]|12:comp_p[interaction]|13:in[interaction]|14:in_p[interaction]|15:out[interaction]|16:out_p[interaction]|17:miss[interaction]|18:rt[interaction]|19:rt_p[interaction]|20:other[EV]|21:net0[EV]|22:net1[EV]|23:net2[EV]|24:net4[EV]|25:net5[EV]|26:net6[EV]|27:net8[EV]|28:net9[EV]|29:appended_nuisance|30:appended_nuisance|31:appended_nuisance|32:appended_nuisance|33:appended_nuisance|34:appended_nuisance|35:appended_nuisance|36:appended_nuisance|37:appended_nuisance|38:appended_nuisance|39:appended_nuisance|40:appended_nuisance|41:appended_nuisance|42:appended_nuisance|43:appended_nuisance|44:appended_nuisance|45:appended_nuisance|46:appended_nuisance|47:appended_nuisance	b11dc0b2f24d1e7dd6b2710446796b650dd37f34bc5d9b872228603f5ac58df5	dafd2094b2d45e3e1a82e138609d87d73240a100621b9f7d15e5ab170a32a739	80cdd5d611af9648c6216c4127b02b6c1c8f01176cea57e9cd359eb848da512d
production	sub-104	02	act	/ZPOOL/data/projects/srndna-ultimatum/derivatives/fsl/sub-104/L1_task-ultimatum_model-02_type-act_run-02_sm-6.feat	ok		200	28	27	27	27	0	27	22.54316872287405	8.763813791116507e-14	7			7:miss[EV]			0	1:comp[EV]|2:comp_p[EV]|3:in[EV]|4:in_p[EV]|5:out[EV]|6:out_p[EV]|7:miss[EV]|8:rt[EV]|9:rt_p[EV]|10:appended_nuisance|11:appended_nuisance|12:appended_nuisance|13:appended_nuisance|14:appended_nuisance|15:appended_nuisance|16:appended_nuisance|17:appended_nuisance|18:appended_nuisance|19:appended_nuisance|20:appended_nuisance|21:appended_nuisance|22:appended_nuisance|23:appended_nuisance|24:appended_nuisance|25:appended_nuisance|26:appended_nuisance|27:appended_nuisance|28:appended_nuisance	27ad65e650a7e7af151fa033ecfcc1d3e6c221e387beb56774e2b2b0029e3c8e	c1dbdbc1f7cbbe2521e025cd9ee6386427b1fb7e5c3910c4e71a5ae372291ba6	2563b12b72fd77c37115f6d265d7fd25dc9be94a592332314cee3a2bf7814e45
production	sub-104	02	nppi-dmn	/ZPOOL/data/projects/srndna-ultimatum/derivatives/fsl/sub-104/L1_task-ultimatum_model-02_type-nppi-dmn_run-02_sm-6.feat	ok		200	47	45	45	45	0	45	49.32169931790371	1.2712799193189805e-13	7|17			7:miss[EV]|17:miss[interaction]			0	1:comp[EV]|2:comp_p[EV]|3:in[EV]|4:in_p[EV]|5:out[EV]|6:out_p[EV]|7:miss[EV]|8:rt[EV]|9:rt_p[EV]|10:main[EV]|11:comp[interaction]|12:comp_p[interaction]|13:in[interaction]|14:in_p[interaction]|15:out[interaction]|16:out_p[interaction]|17:miss[interaction]|18:rt[interaction]|19:rt_p[interaction]|20:other[EV]|21:net0[EV]|22:net1[EV]|23:net2[EV]|24:net4[EV]|25:net5[EV]|26:net6[EV]|27:net8[EV]|28:net9[EV]|29:appended_nuisance|30:appended_nuisance|31:appended_nuisance|32:appended_nuisance|33:appended_nuisance|34:appended_nuisance|35:appended_nuisance|36:appended_nuisance|37:appended_nuisance|38:appended_nuisance|39:appended_nuisance|40:appended_nuisance|41:appended_nuisance|42:appended_nuisance|43:appended_nuisance|44:appended_nuisance|45:appended_nuisance|46:appended_nuisance|47:appended_nuisance	3d3ba44e4525e3ea640b6c96e2e73195d39d1e6c42e33fab35ce5e6a7cae4022	05bf58e4d6c83e061e44e171f926b1ea4f0ad8c2fd5955406a680de6615435d3	b5b9cb60642414d08c31bfd14482774c729710a3975730539d01a1846693be70
production	sub-104	02	nppi-ecn	/ZPOOL/data/projects/srndna-ultimatum/derivatives/fsl/sub-104/L1_task-ultimatum_model-02_type-nppi-ecn_run-02_sm-6.feat	ok		200	47	45	45	45	0	45	50.692759737191224	1.3455292889971615e-13	7|17			7:miss[EV]|17:miss[interaction]			0	1:comp[EV]|2:comp_p[EV]|3:in[EV]|4:in_p[EV]|5:out[EV]|6:out_p[EV]|7:miss[EV]|8:rt[EV]|9:rt_p[EV]|10:main[EV]|11:comp[interaction]|12:comp_p[interaction]|13:in[interaction]|14:in_p[interaction]|15:out[interaction]|16:out_p[interaction]|17:miss[interaction]|18:rt[interaction]|19:rt_p[interaction]|20:other[EV]|21:net0[EV]|22:net1[EV]|23:net2[EV]|24:net4[EV]|25:net5[EV]|26:net6[EV]|27:net8[EV]|28:net9[EV]|29:appended_nuisance|30:appended_nuisance|31:appended_nuisance|32:appended_nuisance|33:appended_nuisance|34:appended_nuisance|35:appended_nuisance|36:appended_nuisance|37:appended_nuisance|38:appended_nuisance|39:appended_nuisance|40:appended_nuisance|41:appended_nuisance|42:appended_nuisance|43:appended_nuisance|44:appended_nuisance|45:appended_nuisance|46:appended_nuisance|47:appended_nuisance	39811393874beaf1f59c95beea633a1bd78c6283481ad2d23facf784ebd7f13f	2300d2c11e8fe5d7929502c8a58aeed32896a63ac1bf9188180d34e09b0be445	3d738c09b83a0885e469e77ae084acdcff4dc018f4d11c9166646bfb9b904fdc
production	sub-105	01	act	/ZPOOL/data/projects/srndna-ultimatum/derivatives/fsl/sub-105/L1_task-ultimatum_model-02_type-act_run-01_sm-6.feat	ok		200	27	27	27	27	0	27	26.241524441935216	1.0448452120366263e-13							0	1:comp[EV]|2:comp_p[EV]|3:in[EV]|4:in_p[EV]|5:out[EV]|6:out_p[EV]|7:miss[EV]|8:rt[EV]|9:rt_p[EV]|10:appended_nuisance|11:appended_nuisance|12:appended_nuisance|13:appended_nuisance|14:appended_nuisance|15:appended_nuisance|16:appended_nuisance|17:appended_nuisance|18:appended_nuisance|19:appended_nuisance|20:appended_nuisance|21:appended_nuisance|22:appended_nuisance|23:appended_nuisance|24:appended_nuisance|25:appended_nuisance|26:appended_nuisance|27:appended_nuisance	d9869c17343bfa39c2e6099fae6286a63e66327e5d674ec0313acfe614a1dcc3	de7c34aae7d4f513857a79faf3ed7508d9c5ec4da1620bd8f123e5c80336ce62	f3fd665a036f4c89287dd7a84c8512d6a32be5aef5a52848861577bc9938b54f
production	sub-105	01	nppi-dmn	/ZPOOL/data/projects/srndna-ultimatum/derivatives/fsl/sub-105/L1_task-ultimatum_model-02_type-nppi-dmn_run-01_sm-6.feat	ok		200	46	46	46	46	0	46	42.624337681995726	1.297781746427838e-13							0	1:comp[EV]|2:comp_p[EV]|3:in[EV]|4:in_p[EV]|5:out[EV]|6:out_p[EV]|7:miss[EV]|8:rt[EV]|9:rt_p[EV]|10:main[EV]|11:comp[interaction]|12:comp_p[interaction]|13:in[interaction]|14:in_p[interaction]|15:out[interaction]|16:out_p[interaction]|17:miss[interaction]|18:rt[interaction]|19:rt_p[interaction]|20:other[EV]|21:net0[EV]|22:net1[EV]|23:net2[EV]|24:net4[EV]|25:net5[EV]|26:net6[EV]|27:net8[EV]|28:net9[EV]|29:appended_nuisance|30:appended_nuisance|31:appended_nuisance|32:appended_nuisance|33:appended_nuisance|34:appended_nuisance|35:appended_nuisance|36:appended_nuisance|37:appended_nuisance|38:appended_nuisance|39:appended_nuisance|40:appended_nuisance|41:appended_nuisance|42:appended_nuisance|43:appended_nuisance|44:appended_nuisance|45:appended_nuisance|46:appended_nuisance	1a9cc01f3b8a1602abcad54fcfe5c0797743d1dfb54629c01ef82ed57820cc33	451e1688a6c835aaa1d0c2388eba2aae85424614f9372c3f4d1e330b730521b3	d2c9ead80595bbfe709dd28ebae893797c33102510399674d42a6d3629e74951
production	sub-105	01	nppi-ecn	/ZPOOL/data/projects/srndna-ultimatum/derivatives/fsl/sub-105/L1_task-ultimatum_model-02_type-nppi-ecn_run-01_sm-6.feat	ok		200	46	46	46	46	0	46	43.244319863341524	1.2956815984022424e-13							0	1:comp[EV]|2:comp_p[EV]|3:in[EV]|4:in_p[EV]|5:out[EV]|6:out_p[EV]|7:miss[EV]|8:rt[EV]|9:rt_p[EV]|10:main[EV]|11:comp[interaction]|12:comp_p[interaction]|13:in[interaction]|14:in_p[interaction]|15:out[interaction]|16:out_p[interaction]|17:miss[interaction]|18:rt[interaction]|19:rt_p[interaction]|20:other[EV]|21:net0[EV]|22:net1[EV]|23:net2[EV]|24:net4[EV]|25:net5[EV]|26:net6[EV]|27:net8[EV]|28:net9[EV]|29:appended_nuisance|30:appended_nuisance|31:appended_nuisance|32:appended_nuisance|33:appended_nuisance|34:appended_nuisance|35:appended_nuisance|36:appended_nuisance|37:appended_nuisance|38:appended_nuisance|39:appended_nuisance|40:appended_nuisance|41:appended_nuisance|42:appended_nuisance|43:appended_nuisance|44:appended_nuisance|45:appended_nuisance|46:appended_nuisance	a81de956803780fc06e025819d2673eedca57455cec2102c11000e376e2298e0	c96ce132a1c02e9c2b7ebf51e74543b1a6a9807fe9d50afb438f977e65b26613	3aa7341d9daf981c2f7310fdb84c3990171bef1c9e0cf7cc5a2cc7b8c054d6b0
production	sub-105	02	act	/ZPOOL/data/projects/srndna-ultimatum/derivatives/fsl/sub-105/L1_task-ultimatum_model-02_type-act_run-02_sm-6.feat	ok		200	28	27	27	27	0	27	14.601220022012319	9.167356498934059e-14	7			7:miss[EV]			0	1:comp[EV]|2:comp_p[EV]|3:in[EV]|4:in_p[EV]|5:out[EV]|6:out_p[EV]|7:miss[EV]|8:rt[EV]|9:rt_p[EV]|10:appended_nuisance|11:appended_nuisance|12:appended_nuisance|13:appended_nuisance|14:appended_nuisance|15:appended_nuisance|16:appended_nuisance|17:appended_nuisance|18:appended_nuisance|19:appended_nuisance|20:appended_nuisance|21:appended_nuisance|22:appended_nuisance|23:appended_nuisance|24:appended_nuisance|25:appended_nuisance|26:appended_nuisance|27:appended_nuisance|28:appended_nuisance	c4e720d599fa54adfcd1123ae1f8097ed9333ceda109089bbcf8f18a59ba3461	be8a8ebebd58c54f722ac941a4cfc4fdd5e1afee04c6d620c1b387ab0eff8b01	0d1b20b6d50675932bf3d255536978349752e9b0701b16a0dc04ca581dca5951
production	sub-105	02	nppi-dmn	/ZPOOL/data/projects/srndna-ultimatum/derivatives/fsl/sub-105/L1_task-ultimatum_model-02_type-nppi-dmn_run-02_sm-6.feat	ok		200	47	45	45	45	0	45	60.1978104917174	1.2328749488591123e-13	7|17			7:miss[EV]|17:miss[interaction]			0	1:comp[EV]|2:comp_p[EV]|3:in[EV]|4:in_p[EV]|5:out[EV]|6:out_p[EV]|7:miss[EV]|8:rt[EV]|9:rt_p[EV]|10:main[EV]|11:comp[interaction]|12:comp_p[interaction]|13:in[interaction]|14:in_p[interaction]|15:out[interaction]|16:out_p[interaction]|17:miss[interaction]|18:rt[interaction]|19:rt_p[interaction]|20:other[EV]|21:net0[EV]|22:net1[EV]|23:net2[EV]|24:net4[EV]|25:net5[EV]|26:net6[EV]|27:net8[EV]|28:net9[EV]|29:appended_nuisance|30:appended_nuisance|31:appended_nuisance|32:appended_nuisance|33:appended_nuisance|34:appended_nuisance|35:appended_nuisance|36:appended_nuisance|37:appended_nuisance|38:appended_nuisance|39:appended_nuisance|40:appended_nuisance|41:appended_nuisance|42:appended_nuisance|43:appended_nuisance|44:appended_nuisance|45:appended_nuisance|46:appended_nuisance|47:appended_nuisance	466e1d26e23c9dc2956d0256361fc137d307739e0b6c112ad8f47eaae08ce985	1e2c5f3a7ec380a647feafc80cc1808eec328e7627b6452403b050621e179661	ab5a8bf6058d9f8e41e0dc496fa1e010f27a454ad7b278ce567aa839ae2e7687
production	sub-105	02	nppi-ecn	/ZPOOL/data/projects/srndna-ultimatum/derivatives/fsl/sub-105/L1_task-ultimatum_model-02_type-nppi-ecn_run-02_sm-6.feat	ok		200	47	45	45	45	0	45	72.86431860900835	1.3057637602284355e-13	7|17			7:miss[EV]|17:miss[interaction]			0	1:comp[EV]|2:comp_p[EV]|3:in[EV]|4:in_p[EV]|5:out[EV]|6:out_p[EV]|7:miss[EV]|8:rt[EV]|9:rt_p[EV]|10:main[EV]|11:comp[interaction]|12:comp_p[interaction]|13:in[interaction]|14:in_p[interaction]|15:out[interaction]|16:out_p[interaction]|17:miss[interaction]|18:rt[interaction]|19:rt_p[interaction]|20:other[EV]|21:net0[EV]|22:net1[EV]|23:net2[EV]|24:net4[EV]|25:net5[EV]|26:net6[EV]|27:net8[EV]|28:net9[EV]|29:appended_nuisance|30:appended_nuisance|31:appended_nuisance|32:appended_nuisance|33:appended_nuisance|34:appended_nuisance|35:appended_nuisance|36:appended_nuisance|37:appended_nuisance|38:appended_nuisance|39:appended_nuisance|40:appended_nuisance|41:appended_nuisance|42:appended_nuisance|43:appended_nuisance|44:appended_nuisance|45:appended_nuisance|46:appended_nuisance|47:appended_nuisance	c492ac3b6b3b9038e2d19a72db99b771e5046bd14570b63cbc6959d8deb4a6d3	44d83d7280f9dd27917bbc7fa1fa42b02fa5039af27b7f7a74406cb406cd05b7	0fab56a4bf8b9264cb614b701a0e76f0fcee9ed5162ccf311671dcfe042799ae
production	sub-106	01	act	/ZPOOL/data/projects/srndna-ultimatum/derivatives/fsl/sub-106/L1_task-ultimatum_model-02_type-act_run-01_sm-6.feat	ok		200	29	28	28	28	0	28	21.407148801562847	9.930620027768175e-14	7			7:miss[EV]			0	1:comp[EV]|2:comp_p[EV]|3:in[EV]|4:in_p[EV]|5:out[EV]|6:out_p[EV]|7:miss[EV]|8:rt[EV]|9:rt_p[EV]|10:appended_nuisance|11:appended_nuisance|12:appended_nuisance|13:appended_nuisance|14:appended_nuisance|15:appended_nuisance|16:appended_nuisance|17:appended_nuisance|18:appended_nuisance|19:appended_nuisance|20:appended_nuisance|21:appended_nuisance|22:appended_nuisance|23:appended_nuisance|24:appended_nuisance|25:appended_nuisance|26:appended_nuisance|27:appended_nuisance|28:appended_nuisance|29:appended_nuisance	337a888be22b7f69135558f1169db9349e7e2b9b6aa999e51f57fc5c4399b70d	77b5346f715074788dcb2f54ed26a8533f3eb28979c41c79831055ae465158f7	6a2456c49701960266fa7240d7654816310c9e9bf377e61a57e14c65e6c5e3eb
production	sub-106	01	nppi-dmn	/ZPOOL/data/projects/srndna-ultimatum/derivatives/fsl/sub-106/L1_task-ultimatum_model-02_type-nppi-dmn_run-01_sm-6.feat	ok		200	48	46	46	46	0	46	57.952179595189385	1.3837378424485805e-13	7|17			7:miss[EV]|17:miss[interaction]			0	1:comp[EV]|2:comp_p[EV]|3:in[EV]|4:in_p[EV]|5:out[EV]|6:out_p[EV]|7:miss[EV]|8:rt[EV]|9:rt_p[EV]|10:main[EV]|11:comp[interaction]|12:comp_p[interaction]|13:in[interaction]|14:in_p[interaction]|15:out[interaction]|16:out_p[interaction]|17:miss[interaction]|18:rt[interaction]|19:rt_p[interaction]|20:other[EV]|21:net0[EV]|22:net1[EV]|23:net2[EV]|24:net4[EV]|25:net5[EV]|26:net6[EV]|27:net8[EV]|28:net9[EV]|29:appended_nuisance|30:appended_nuisance|31:appended_nuisance|32:appended_nuisance|33:appended_nuisance|34:appended_nuisance|35:appended_nuisance|36:appended_nuisance|37:appended_nuisance|38:appended_nuisance|39:appended_nuisance|40:appended_nuisance|41:appended_nuisance|42:appended_nuisance|43:appended_nuisance|44:appended_nuisance|45:appended_nuisance|46:appended_nuisance|47:appended_nuisance|48:appended_nuisance	cfa483b101c72b00e3348b388096cddff8cad210e38500885d41416776ba8366	d45ded7bc28455562fd7d406134f7c37d06da4b39c15af05e9a41c1d020d9381	eb83275b67a5932db66e1fc720f0382437ce1c43765db360f00108fa54ee6325
production	sub-106	01	nppi-ecn	/ZPOOL/data/projects/srndna-ultimatum/derivatives/fsl/sub-106/L1_task-ultimatum_model-02_type-nppi-ecn_run-01_sm-6.feat	ok		200	48	46	46	46	0	46	62.25876179118991	1.4983552271646857e-13	7|17			7:miss[EV]|17:miss[interaction]			0	1:comp[EV]|2:comp_p[EV]|3:in[EV]|4:in_p[EV]|5:out[EV]|6:out_p[EV]|7:miss[EV]|8:rt[EV]|9:rt_p[EV]|10:main[EV]|11:comp[interaction]|12:comp_p[interaction]|13:in[interaction]|14:in_p[interaction]|15:out[interaction]|16:out_p[interaction]|17:miss[interaction]|18:rt[interaction]|19:rt_p[interaction]|20:other[EV]|21:net0[EV]|22:net1[EV]|23:net2[EV]|24:net4[EV]|25:net5[EV]|26:net6[EV]|27:net8[EV]|28:net9[EV]|29:appended_nuisance|30:appended_nuisance|31:appended_nuisance|32:appended_nuisance|33:appended_nuisance|34:appended_nuisance|35:appended_nuisance|36:appended_nuisance|37:appended_nuisance|38:appended_nuisance|39:appended_nuisance|40:appended_nuisance|41:appended_nuisance|42:appended_nuisance|43:appended_nuisance|44:appended_nuisance|45:appended_nuisance|46:appended_nuisance|47:appended_nuisance|48:appended_nuisance	310810296dc5edeede6b8d6c46722dce38661dcfde68413313010a28f1b03ada	d611cde9627ab284a43214f27cdcb6fbd34aa8901880213188bf0edc5c66b6c0	5e878c2453b9c0365d3477fd3db2443aed4003aa0cddeba2bd43c4c2d1e25112
production	sub-106	02	act	/ZPOOL/data/projects/srndna-ultimatum/derivatives/fsl/sub-106/L1_task-ultimatum_model-02_type-act_run-02_sm-6.feat	ok		200	27	26	26	26	0	26	17.743964798197187	8.839838702189237e-14	7			7:miss[EV]			0	1:comp[EV]|2:comp_p[EV]|3:in[EV]|4:in_p[EV]|5:out[EV]|6:out_p[EV]|7:miss[EV]|8:rt[EV]|9:rt_p[EV]|10:appended_nuisance|11:appended_nuisance|12:appended_nuisance|13:appended_nuisance|14:appended_nuisance|15:appended_nuisance|16:appended_nuisance|17:appended_nuisance|18:appended_nuisance|19:appended_nuisance|20:appended_nuisance|21:appended_nuisance|22:appended_nuisance|23:appended_nuisance|24:appended_nuisance|25:appended_nuisance|26:appended_nuisance|27:appended_nuisance	67d82a0864355ec4d1910717b6e4883e969fb60ac8f1656359a2cac259cbaf3d	6f86cb1d0ac805f58f313ddf181e5c9bab6b49da6eb3d66a18286143a2b83642	1cc18b35bf095e86ed06c0cf56efc44a70a2127a8523b9aecd8d1f5c117c63cb
production	sub-106	02	nppi-dmn	/ZPOOL/data/projects/srndna-ultimatum/derivatives/fsl/sub-106/L1_task-ultimatum_model-02_type-nppi-dmn_run-02_sm-6.feat	ok		200	46	44	44	44	0	44	40.40040438357794	1.208265188208818e-13	7|17			7:miss[EV]|17:miss[interaction]			0	1:comp[EV]|2:comp_p[EV]|3:in[EV]|4:in_p[EV]|5:out[EV]|6:out_p[EV]|7:miss[EV]|8:rt[EV]|9:rt_p[EV]|10:main[EV]|11:comp[interaction]|12:comp_p[interaction]|13:in[interaction]|14:in_p[interaction]|15:out[interaction]|16:out_p[interaction]|17:miss[interaction]|18:rt[interaction]|19:rt_p[interaction]|20:other[EV]|21:net0[EV]|22:net1[EV]|23:net2[EV]|24:net4[EV]|25:net5[EV]|26:net6[EV]|27:net8[EV]|28:net9[EV]|29:appended_nuisance|30:appended_nuisance|31:appended_nuisance|32:appended_nuisance|33:appended_nuisance|34:appended_nuisance|35:appended_nuisance|36:appended_nuisance|37:appended_nuisance|38:appended_nuisance|39:appended_nuisance|40:appended_nuisance|41:appended_nuisance|42:appended_nuisance|43:appended_nuisance|44:appended_nuisance|45:appended_nuisance|46:appended_nuisance	6bbee2a80f73d6c75d2ba56486bc2ce3fb9114f8df1971158059f225fb3cfab2	9a31294456e75daa805fdd0493ea55d8847e7b9ac1223dc8c2d0cf137f4873ab	ee100c31f2e3bf4cce0271f76235f16bbb6677a331aa4c7a0dbab417a5dc07cd
production	sub-106	02	nppi-ecn	/ZPOOL/data/projects/srndna-ultimatum/derivatives/fsl/sub-106/L1_task-ultimatum_model-02_type-nppi-ecn_run-02_sm-6.feat	ok		200	46	44	44	44	0	44	61.38995537813934	1.3639297959880956e-13	7|17			7:miss[EV]|17:miss[interaction]			0	1:comp[EV]|2:comp_p[EV]|3:in[EV]|4:in_p[EV]|5:out[EV]|6:out_p[EV]|7:miss[EV]|8:rt[EV]|9:rt_p[EV]|10:main[EV]|11:comp[interaction]|12:comp_p[interaction]|13:in[interaction]|14:in_p[interaction]|15:out[interaction]|16:out_p[interaction]|17:miss[interaction]|18:rt[interaction]|19:rt_p[interaction]|20:other[EV]|21:net0[EV]|22:net1[EV]|23:net2[EV]|24:net4[EV]|25:net5[EV]|26:net6[EV]|27:net8[EV]|28:net9[EV]|29:appended_nuisance|30:appended_nuisance|31:appended_nuisance|32:appended_nuisance|33:appended_nuisance|34:appended_nuisance|35:appended_nuisance|36:appended_nuisance|37:appended_nuisance|38:appended_nuisance|39:appended_nuisance|40:appended_nuisance|41:appended_nuisance|42:appended_nuisance|43:appended_nuisance|44:appended_nuisance|45:appended_nuisance|46:appended_nuisance	720651d8ad69f871b3dac79b45b05cd41d5d59b21641f90668ffc4ae6971b0a2	a422ce101f162bf426c734d55e246d9ca63117539d879766f5f92b78aa1ad3cd	4444059aa1f59822adfbc45c72b5b0b3d6d01c26f1e66fdec2c60fc731a3999a
production	sub-107	01	act	/ZPOOL/data/projects/srndna-ultimatum/derivatives/fsl/sub-107/L1_task-ultimatum_model-02_type-act_run-01_sm-6.feat	ok		200	28	27	27	27	0	27	39.33891463973103	1.0834364664025862e-13	7			7:miss[EV]			0	1:comp[EV]|2:comp_p[EV]|3:in[EV]|4:in_p[EV]|5:out[EV]|6:out_p[EV]|7:miss[EV]|8:rt[EV]|9:rt_p[EV]|10:appended_nuisance|11:appended_nuisance|12:appended_nuisance|13:appended_nuisance|14:appended_nuisance|15:appended_nuisance|16:appended_nuisance|17:appended_nuisance|18:appended_nuisance|19:appended_nuisance|20:appended_nuisance|21:appended_nuisance|22:appended_nuisance|23:appended_nuisance|24:appended_nuisance|25:appended_nuisance|26:appended_nuisance|27:appended_nuisance|28:appended_nuisance	cf62b35747a26ad099e7634908f941c4730ece3363ad2291f0c31be29e7d9489	cc36e47d8e64e02067cc07368cf99043965c19dbc3e5ba818884b5f533ad65c2	0ee798dfd6d2cf96c153f6c652b4ec62821a68a52998e10987a932c32409fbf3
production	sub-107	01	nppi-dmn	/ZPOOL/data/projects/srndna-ultimatum/derivatives/fsl/sub-107/L1_task-ultimatum_model-02_type-nppi-dmn_run-01_sm-6.feat	ok		200	47	45	45	45	0	45	51.824491935467606	1.2044556555812739e-13	7|17			7:miss[EV]|17:miss[interaction]			0	1:comp[EV]|2:comp_p[EV]|3:in[EV]|4:in_p[EV]|5:out[EV]|6:out_p[EV]|7:miss[EV]|8:rt[EV]|9:rt_p[EV]|10:main[EV]|11:comp[interaction]|12:comp_p[interaction]|13:in[interaction]|14:in_p[interaction]|15:out[interaction]|16:out_p[interaction]|17:miss[interaction]|18:rt[interaction]|19:rt_p[interaction]|20:other[EV]|21:net0[EV]|22:net1[EV]|23:net2[EV]|24:net4[EV]|25:net5[EV]|26:net6[EV]|27:net8[EV]|28:net9[EV]|29:appended_nuisance|30:appended_nuisance|31:appended_nuisance|32:appended_nuisance|33:appended_nuisance|34:appended_nuisance|35:appended_nuisance|36:appended_nuisance|37:appended_nuisance|38:appended_nuisance|39:appended_nuisance|40:appended_nuisance|41:appended_nuisance|42:appended_nuisance|43:appended_nuisance|44:appended_nuisance|45:appended_nuisance|46:appended_nuisance|47:appended_nuisance	acb895fa4b513a9542747ea8e866107c68e6620683188b03966f1c8a13779e36	afea3d6282129bbb6a95149f53c4fde0b93e70ceb04c7ffd9ea3296cbdff2e64	0134ff630dc60f6676dd3e8226ac9fced3c64c6de30a002ec30ac7ded83ec8f5
production	sub-107	01	nppi-ecn	/ZPOOL/data/projects/srndna-ultimatum/derivatives/fsl/sub-107/L1_task-ultimatum_model-02_type-nppi-ecn_run-01_sm-6.feat	ok		200	47	45	45	45	0	45	56.60835085280384	1.3214988315774679e-13	7|17			7:miss[EV]|17:miss[interaction]			0	1:comp[EV]|2:comp_p[EV]|3:in[EV]|4:in_p[EV]|5:out[EV]|6:out_p[EV]|7:miss[EV]|8:rt[EV]|9:rt_p[EV]|10:main[EV]|11:comp[interaction]|12:comp_p[interaction]|13:in[interaction]|14:in_p[interaction]|15:out[interaction]|16:out_p[interaction]|17:miss[interaction]|18:rt[interaction]|19:rt_p[interaction]|20:other[EV]|21:net0[EV]|22:net1[EV]|23:net2[EV]|24:net4[EV]|25:net5[EV]|26:net6[EV]|27:net8[EV]|28:net9[EV]|29:appended_nuisance|30:appended_nuisance|31:appended_nuisance|32:appended_nuisance|33:appended_nuisance|34:appended_nuisance|35:appended_nuisance|36:appended_nuisance|37:appended_nuisance|38:appended_nuisance|39:appended_nuisance|40:appended_nuisance|41:appended_nuisance|42:appended_nuisance|43:appended_nuisance|44:appended_nuisance|45:appended_nuisance|46:appended_nuisance|47:appended_nuisance	046fde3c4b04bf1cb775235a6aa85073d759db9f64470099bd7e616e330c9c99	819d28502e849f82813dc6f3f247a6266d83bef9dad5619d4b79179d022b7eaf	10a07762f5814d2df25ff873b7d16c5dcf5d1682e8ba941be82be9131783dbfb
production	sub-107	02	act	/ZPOOL/data/projects/srndna-ultimatum/derivatives/fsl/sub-107/L1_task-ultimatum_model-02_type-act_run-02_sm-6.feat	ok		200	30	30	30	30	0	30	29.788726785735054	9.189318511169815e-14							0	1:comp[EV]|2:comp_p[EV]|3:in[EV]|4:in_p[EV]|5:out[EV]|6:out_p[EV]|7:miss[EV]|8:rt[EV]|9:rt_p[EV]|10:appended_nuisance|11:appended_nuisance|12:appended_nuisance|13:appended_nuisance|14:appended_nuisance|15:appended_nuisance|16:appended_nuisance|17:appended_nuisance|18:appended_nuisance|19:appended_nuisance|20:appended_nuisance|21:appended_nuisance|22:appended_nuisance|23:appended_nuisance|24:appended_nuisance|25:appended_nuisance|26:appended_nuisance|27:appended_nuisance|28:appended_nuisance|29:appended_nuisance|30:appended_nuisance	0072fdb47c748ed04a65041761153890c43697ed550b60e562f49e6056a1a7e5	e8dfcbf9a61c3d758a165f6444f91610a68d2b823c1eca6572edbf19d7e6e5d1	6ef102810af3ffefb743f4d97f9b286735c71315e46f1cf4f1064e03e920c70c
production	sub-107	02	nppi-dmn	/ZPOOL/data/projects/srndna-ultimatum/derivatives/fsl/sub-107/L1_task-ultimatum_model-02_type-nppi-dmn_run-02_sm-6.feat	ok		200	49	49	49	49	0	49	51.07638900098371	1.1116781349405584e-13							0	1:comp[EV]|2:comp_p[EV]|3:in[EV]|4:in_p[EV]|5:out[EV]|6:out_p[EV]|7:miss[EV]|8:rt[EV]|9:rt_p[EV]|10:main[EV]|11:comp[interaction]|12:comp_p[interaction]|13:in[interaction]|14:in_p[interaction]|15:out[interaction]|16:out_p[interaction]|17:miss[interaction]|18:rt[interaction]|19:rt_p[interaction]|20:other[EV]|21:net0[EV]|22:net1[EV]|23:net2[EV]|24:net4[EV]|25:net5[EV]|26:net6[EV]|27:net8[EV]|28:net9[EV]|29:appended_nuisance|30:appended_nuisance|31:appended_nuisance|32:appended_nuisance|33:appended_nuisance|34:appended_nuisance|35:appended_nuisance|36:appended_nuisance|37:appended_nuisance|38:appended_nuisance|39:appended_nuisance|40:appended_nuisance|41:appended_nuisance|42:appended_nuisance|43:appended_nuisance|44:appended_nuisance|45:appended_nuisance|46:appended_nuisance|47:appended_nuisance|48:appended_nuisance|49:appended_nuisance	b87668e8b3d78a6f1bef638bbe4c440255605d1f765a7160e4a81484402d5852	4cb1e2290d9cf54d27087c36c420317cc16525188ad8659ae343e9129f52c197	71e1d4f58c06450874fb9de25a91e78396dc788c18ee45924bac3aa54cf659e5
production	sub-107	02	nppi-ecn	/ZPOOL/data/projects/srndna-ultimatum/derivatives/fsl/sub-107/L1_task-ultimatum_model-02_type-nppi-ecn_run-02_sm-6.feat	ok		200	49	49	49	49	0	49	46.75169437622189	1.194173121729863e-13							0	1:comp[EV]|2:comp_p[EV]|3:in[EV]|4:in_p[EV]|5:out[EV]|6:out_p[EV]|7:miss[EV]|8:rt[EV]|9:rt_p[EV]|10:main[EV]|11:comp[interaction]|12:comp_p[interaction]|13:in[interaction]|14:in_p[interaction]|15:out[interaction]|16:out_p[interaction]|17:miss[interaction]|18:rt[interaction]|19:rt_p[interaction]|20:other[EV]|21:net0[EV]|22:net1[EV]|23:net2[EV]|24:net4[EV]|25:net5[EV]|26:net6[EV]|27:net8[EV]|28:net9[EV]|29:appended_nuisance|30:appended_nuisance|31:appended_nuisance|32:appended_nuisance|33:appended_nuisance|34:appended_nuisance|35:appended_nuisance|36:appended_nuisance|37:appended_nuisance|38:appended_nuisance|39:appended_nuisance|40:appended_nuisance|41:appended_nuisance|42:appended_nuisance|43:appended_nuisance|44:appended_nuisance|45:appended_nuisance|46:appended_nuisance|47:appended_nuisance|48:appended_nuisance|49:appended_nuisance	f4fe95c3711a6ef2c5aef1e317b3e0e069881416e6e8f35b1fefec9afcc6a248	e8ba592facbb025018c8eab0f5f63d8f42d1e0c41e201359773fa66e42525df9	74beab5cdd4ecc9f80dd2627b893db0dca299d91c12d608d9505482c11514809
production	sub-108	01	act	/ZPOOL/data/projects/srndna-ultimatum/derivatives/fsl/sub-108/L1_task-ultimatum_model-02_type-act_run-01_sm-6.feat	ok		200	29	28	28	28	0	28	46.68286552396571	9.881949337998534e-14	7			7:miss[EV]			0	1:comp[EV]|2:comp_p[EV]|3:in[EV]|4:in_p[EV]|5:out[EV]|6:out_p[EV]|7:miss[EV]|8:rt[EV]|9:rt_p[EV]|10:appended_nuisance|11:appended_nuisance|12:appended_nuisance|13:appended_nuisance|14:appended_nuisance|15:appended_nuisance|16:appended_nuisance|17:appended_nuisance|18:appended_nuisance|19:appended_nuisance|20:appended_nuisance|21:appended_nuisance|22:appended_nuisance|23:appended_nuisance|24:appended_nuisance|25:appended_nuisance|26:appended_nuisance|27:appended_nuisance|28:appended_nuisance|29:appended_nuisance	ba876acd77a8f8f35f49ccc4fa3cb83e1bdef83b4e58b265eeeb82aa7b5d6528	bf8258e5ce19ce79f0e572a4a73bf8e3f026b73dffadcf181b11085b4e1789c7	3147ab77250ecbcf74a1de191e8f9d9a568444f480bd75d339ebdc0036634d64
production	sub-108	01	nppi-dmn	/ZPOOL/data/projects/srndna-ultimatum/derivatives/fsl/sub-108/L1_task-ultimatum_model-02_type-nppi-dmn_run-01_sm-6.feat	ok		200	48	46	46	46	0	46	63.34550416789273	1.2454491916049058e-13	7|17			7:miss[EV]|17:miss[interaction]			0	1:comp[EV]|2:comp_p[EV]|3:in[EV]|4:in_p[EV]|5:out[EV]|6:out_p[EV]|7:miss[EV]|8:rt[EV]|9:rt_p[EV]|10:main[EV]|11:comp[interaction]|12:comp_p[interaction]|13:in[interaction]|14:in_p[interaction]|15:out[interaction]|16:out_p[interaction]|17:miss[interaction]|18:rt[interaction]|19:rt_p[interaction]|20:other[EV]|21:net0[EV]|22:net1[EV]|23:net2[EV]|24:net4[EV]|25:net5[EV]|26:net6[EV]|27:net8[EV]|28:net9[EV]|29:appended_nuisance|30:appended_nuisance|31:appended_nuisance|32:appended_nuisance|33:appended_nuisance|34:appended_nuisance|35:appended_nuisance|36:appended_nuisance|37:appended_nuisance|38:appended_nuisance|39:appended_nuisance|40:appended_nuisance|41:appended_nuisance|42:appended_nuisance|43:appended_nuisance|44:appended_nuisance|45:appended_nuisance|46:appended_nuisance|47:appended_nuisance|48:appended_nuisance	30b57966e9c12a30542f150c797d95e6c42cf7ed19eb6df597984eba6017560d	0395da4c1cc53cf7ef405b5d0faed97f19f7ceea63895be1bbe4f374fda353b5	5e1103ef233ef32538199766a4b1445d8c711356b51a34a91b2bd443e0196e44
production	sub-108	01	nppi-ecn	/ZPOOL/data/projects/srndna-ultimatum/derivatives/fsl/sub-108/L1_task-ultimatum_model-02_type-nppi-ecn_run-01_sm-6.feat	ok		200	48	46	46	46	0	46	66.07487620424189	1.2631039859771457e-13	7|17			7:miss[EV]|17:miss[interaction]			0	1:comp[EV]|2:comp_p[EV]|3:in[EV]|4:in_p[EV]|5:out[EV]|6:out_p[EV]|7:miss[EV]|8:rt[EV]|9:rt_p[EV]|10:main[EV]|11:comp[interaction]|12:comp_p[interaction]|13:in[interaction]|14:in_p[interaction]|15:out[interaction]|16:out_p[interaction]|17:miss[interaction]|18:rt[interaction]|19:rt_p[interaction]|20:other[EV]|21:net0[EV]|22:net1[EV]|23:net2[EV]|24:net4[EV]|25:net5[EV]|26:net6[EV]|27:net8[EV]|28:net9[EV]|29:appended_nuisance|30:appended_nuisance|31:appended_nuisance|32:appended_nuisance|33:appended_nuisance|34:appended_nuisance|35:appended_nuisance|36:appended_nuisance|37:appended_nuisance|38:appended_nuisance|39:appended_nuisance|40:appended_nuisance|41:appended_nuisance|42:appended_nuisance|43:appended_nuisance|44:appended_nuisance|45:appended_nuisance|46:appended_nuisance|47:appended_nuisance|48:appended_nuisance	64b246854ad17cd5acfd3c78e50609df4a89d3a7f62dc7a46ebb0ebd750b325b	a2400ea1d157b9768f9e5179debaa6bf0ac87db82a2496fb6e3e0da76d78dd6e	dcdbf5f88a1e024fac153fe755a11a5d8709b399d062b02d69bfae13839374e6
production	sub-108	02	act	/ZPOOL/data/projects/srndna-ultimatum/derivatives/fsl/sub-108/L1_task-ultimatum_model-02_type-act_run-02_sm-6.feat	ok		200	29	28	28	28	0	28	23.52048341363402	8.886674235103208e-14	7			7:miss[EV]			0	1:comp[EV]|2:comp_p[EV]|3:in[EV]|4:in_p[EV]|5:out[EV]|6:out_p[EV]|7:miss[EV]|8:rt[EV]|9:rt_p[EV]|10:appended_nuisance|11:appended_nuisance|12:appended_nuisance|13:appended_nuisance|14:appended_nuisance|15:appended_nuisance|16:appended_nuisance|17:appended_nuisance|18:appended_nuisance|19:appended_nuisance|20:appended_nuisance|21:appended_nuisance|22:appended_nuisance|23:appended_nuisance|24:appended_nuisance|25:appended_nuisance|26:appended_nuisance|27:appended_nuisance|28:appended_nuisance|29:appended_nuisance	2ce25789ca47f2cb3c2746342fc31ceaf9a0d4dfbe507f64c0dbaa4c12f529cd	655dc54175a86cf25946da4a310f2174003ffb9831534f8d24a6d817da16dffe	65dce6d3af93d207199d0789fa02fb8da6b3c647b4ca2c3b657e19609eb189b7
production	sub-108	02	nppi-dmn	/ZPOOL/data/projects/srndna-ultimatum/derivatives/fsl/sub-108/L1_task-ultimatum_model-02_type-nppi-dmn_run-02_sm-6.feat	ok		200	48	46	46	46	0	46	141.3309674757555	1.2049106188254184e-13	7|17			7:miss[EV]|17:miss[interaction]			0	1:comp[EV]|2:comp_p[EV]|3:in[EV]|4:in_p[EV]|5:out[EV]|6:out_p[EV]|7:miss[EV]|8:rt[EV]|9:rt_p[EV]|10:main[EV]|11:comp[interaction]|12:comp_p[interaction]|13:in[interaction]|14:in_p[interaction]|15:out[interaction]|16:out_p[interaction]|17:miss[interaction]|18:rt[interaction]|19:rt_p[interaction]|20:other[EV]|21:net0[EV]|22:net1[EV]|23:net2[EV]|24:net4[EV]|25:net5[EV]|26:net6[EV]|27:net8[EV]|28:net9[EV]|29:appended_nuisance|30:appended_nuisance|31:appended_nuisance|32:appended_nuisance|33:appended_nuisance|34:appended_nuisance|35:appended_nuisance|36:appended_nuisance|37:appended_nuisance|38:appended_nuisance|39:appended_nuisance|40:appended_nuisance|41:appended_nuisance|42:appended_nuisance|43:appended_nuisance|44:appended_nuisance|45:appended_nuisance|46:appended_nuisance|47:appended_nuisance|48:appended_nuisance	03333ec8230d31f6f5265b1d94a3e1abede6cc8b6f81a700beb5f16ea13c4c3d	a59985b073f3ad9d0e077246f951b35246253acb7235fe4ee2ccd3bae2968a61	4506c39e40158dbec3bdade9ff07ca9e94f4fd2e8ef8b134e4fe09081c350053
production	sub-108	02	nppi-ecn	/ZPOOL/data/projects/srndna-ultimatum/derivatives/fsl/sub-108/L1_task-ultimatum_model-02_type-nppi-ecn_run-02_sm-6.feat	ok		200	48	46	46	46	0	46	183.5223674412101	1.2271467165841596e-13	7|17			7:miss[EV]|17:miss[interaction]			0	1:comp[EV]|2:comp_p[EV]|3:in[EV]|4:in_p[EV]|5:out[EV]|6:out_p[EV]|7:miss[EV]|8:rt[EV]|9:rt_p[EV]|10:main[EV]|11:comp[interaction]|12:comp_p[interaction]|13:in[interaction]|14:in_p[interaction]|15:out[interaction]|16:out_p[interaction]|17:miss[interaction]|18:rt[interaction]|19:rt_p[interaction]|20:other[EV]|21:net0[EV]|22:net1[EV]|23:net2[EV]|24:net4[EV]|25:net5[EV]|26:net6[EV]|27:net8[EV]|28:net9[EV]|29:appended_nuisance|30:appended_nuisance|31:appended_nuisance|32:appended_nuisance|33:appended_nuisance|34:appended_nuisance|35:appended_nuisance|36:appended_nuisance|37:appended_nuisance|38:appended_nuisance|39:appended_nuisance|40:appended_nuisance|41:appended_nuisance|42:appended_nuisance|43:appended_nuisance|44:appended_nuisance|45:appended_nuisance|46:appended_nuisance|47:appended_nuisance|48:appended_nuisance	3d1f59495c8342d506c6abcc6de1aa44c40a19170fa2baa3bad73bc544348f45	70406c82309f0eb843e30e35f9ae07c908317ac760984e2097d8c921edd978fa	3cad328a03599fb89f57be8761d42ed3f40a80b3c78a6cda776122a56874bc69
production	sub-109	01	act	/ZPOOL/data/projects/srndna-ultimatum/derivatives/fsl/sub-109/L1_task-ultimatum_model-02_type-act_run-01_sm-6.feat	ok		200	28	28	28	28	0	28	19.40704181973018	9.688497465246857e-14							0	1:comp[EV]|2:comp_p[EV]|3:in[EV]|4:in_p[EV]|5:out[EV]|6:out_p[EV]|7:miss[EV]|8:rt[EV]|9:rt_p[EV]|10:appended_nuisance|11:appended_nuisance|12:appended_nuisance|13:appended_nuisance|14:appended_nuisance|15:appended_nuisance|16:appended_nuisance|17:appended_nuisance|18:appended_nuisance|19:appended_nuisance|20:appended_nuisance|21:appended_nuisance|22:appended_nuisance|23:appended_nuisance|24:appended_nuisance|25:appended_nuisance|26:appended_nuisance|27:appended_nuisance|28:appended_nuisance	908a79310bbf3ece209068f6eebcc1e07fa8e69843107e8e4efdb02720e684ff	6e092b228297268868e71564d42ec693c44fc77c76759d719d9132ba9bab739d	192125e1d839d3be92aa505665cc9d0ba1ab6911a47ab3e64a222848fb1e97a3
production	sub-109	01	nppi-dmn	/ZPOOL/data/projects/srndna-ultimatum/derivatives/fsl/sub-109/L1_task-ultimatum_model-02_type-nppi-dmn_run-01_sm-6.feat	ok		200	47	47	47	47	0	47	51.39119368492852	1.2457899894844356e-13							0	1:comp[EV]|2:comp_p[EV]|3:in[EV]|4:in_p[EV]|5:out[EV]|6:out_p[EV]|7:miss[EV]|8:rt[EV]|9:rt_p[EV]|10:main[EV]|11:comp[interaction]|12:comp_p[interaction]|13:in[interaction]|14:in_p[interaction]|15:out[interaction]|16:out_p[interaction]|17:miss[interaction]|18:rt[interaction]|19:rt_p[interaction]|20:other[EV]|21:net0[EV]|22:net1[EV]|23:net2[EV]|24:net4[EV]|25:net5[EV]|26:net6[EV]|27:net8[EV]|28:net9[EV]|29:appended_nuisance|30:appended_nuisance|31:appended_nuisance|32:appended_nuisance|33:appended_nuisance|34:appended_nuisance|35:appended_nuisance|36:appended_nuisance|37:appended_nuisance|38:appended_nuisance|39:appended_nuisance|40:appended_nuisance|41:appended_nuisance|42:appended_nuisance|43:appended_nuisance|44:appended_nuisance|45:appended_nuisance|46:appended_nuisance|47:appended_nuisance	559e9889b49823d709336d353bd81623e43803c4f4a5e9c28a22aab2d3fa3388	647f6a9b77d68e85646cfac66fc5e1dbfb467b00cb566f1bd4b374feaa0d323e	ca09edad3ad0754c119f4b82b409d35a99784f899962cb01397bfaf25b256274
production	sub-109	01	nppi-ecn	/ZPOOL/data/projects/srndna-ultimatum/derivatives/fsl/sub-109/L1_task-ultimatum_model-02_type-nppi-ecn_run-01_sm-6.feat	ok		200	47	47	47	47	0	47	35.547050705090236	1.1280230451413297e-13							0	1:comp[EV]|2:comp_p[EV]|3:in[EV]|4:in_p[EV]|5:out[EV]|6:out_p[EV]|7:miss[EV]|8:rt[EV]|9:rt_p[EV]|10:main[EV]|11:comp[interaction]|12:comp_p[interaction]|13:in[interaction]|14:in_p[interaction]|15:out[interaction]|16:out_p[interaction]|17:miss[interaction]|18:rt[interaction]|19:rt_p[interaction]|20:other[EV]|21:net0[EV]|22:net1[EV]|23:net2[EV]|24:net4[EV]|25:net5[EV]|26:net6[EV]|27:net8[EV]|28:net9[EV]|29:appended_nuisance|30:appended_nuisance|31:appended_nuisance|32:appended_nuisance|33:appended_nuisance|34:appended_nuisance|35:appended_nuisance|36:appended_nuisance|37:appended_nuisance|38:appended_nuisance|39:appended_nuisance|40:appended_nuisance|41:appended_nuisance|42:appended_nuisance|43:appended_nuisance|44:appended_nuisance|45:appended_nuisance|46:appended_nuisance|47:appended_nuisance	e4d65490a6f981079f5c6ef94803c0b67afdbd05a1d4389ee7ebfedd6edb924b	3e59afe30ace45f157daa61472283ca91df2d238942258acf5063ed0d17d9b2c	28c523277d6b4659a8f6e139786216ce7485da9ec424e4a8def9e1b9f7f2ab4b
production	sub-109	02	act	/ZPOOL/data/projects/srndna-ultimatum/derivatives/fsl/sub-109/L1_task-ultimatum_model-02_type-act_run-02_sm-6.feat	ok		200	27	27	27	27	0	27	11.193562438348495	9.328750109800283e-14							0	1:comp[EV]|2:comp_p[EV]|3:in[EV]|4:in_p[EV]|5:out[EV]|6:out_p[EV]|7:miss[EV]|8:rt[EV]|9:rt_p[EV]|10:appended_nuisance|11:appended_nuisance|12:appended_nuisance|13:appended_nuisance|14:appended_nuisance|15:appended_nuisance|16:appended_nuisance|17:appended_nuisance|18:appended_nuisance|19:appended_nuisance|20:appended_nuisance|21:appended_nuisance|22:appended_nuisance|23:appended_nuisance|24:appended_nuisance|25:appended_nuisance|26:appended_nuisance|27:appended_nuisance	d9c258bed44d80882037feebe50bc0c47870966c7985796f16ebadd570f55c1c	bbb5611ba3007a8b5eae6eb4f4d733017a4d2768138f66025f6a2f22e3affd35	5516056cf6c233ab69b155a4c2cafda2640c27f4a65487fc4d6977c350763131
production	sub-109	02	nppi-dmn	/ZPOOL/data/projects/srndna-ultimatum/derivatives/fsl/sub-109/L1_task-ultimatum_model-02_type-nppi-dmn_run-02_sm-6.feat	ok		200	46	46	46	46	0	46	39.44322978222167	1.29039092835135e-13							0	1:comp[EV]|2:comp_p[EV]|3:in[EV]|4:in_p[EV]|5:out[EV]|6:out_p[EV]|7:miss[EV]|8:rt[EV]|9:rt_p[EV]|10:main[EV]|11:comp[interaction]|12:comp_p[interaction]|13:in[interaction]|14:in_p[interaction]|15:out[interaction]|16:out_p[interaction]|17:miss[interaction]|18:rt[interaction]|19:rt_p[interaction]|20:other[EV]|21:net0[EV]|22:net1[EV]|23:net2[EV]|24:net4[EV]|25:net5[EV]|26:net6[EV]|27:net8[EV]|28:net9[EV]|29:appended_nuisance|30:appended_nuisance|31:appended_nuisance|32:appended_nuisance|33:appended_nuisance|34:appended_nuisance|35:appended_nuisance|36:appended_nuisance|37:appended_nuisance|38:appended_nuisance|39:appended_nuisance|40:appended_nuisance|41:appended_nuisance|42:appended_nuisance|43:appended_nuisance|44:appended_nuisance|45:appended_nuisance|46:appended_nuisance	5569f2402a4859df4352b237b5efb5df6362a7c61756cece31d2101e96cf7ea7	e3811b8d94caa9e8d7a300bedbb08229bccff0286c4a2d38e2c4b3230926379d	20a6fdc55054da0084b6710114882a696fdb2189036e26357e5c4948c7514889
production	sub-109	02	nppi-ecn	/ZPOOL/data/projects/srndna-ultimatum/derivatives/fsl/sub-109/L1_task-ultimatum_model-02_type-nppi-ecn_run-02_sm-6.feat	ok		200	46	46	46	46	0	46	33.68698126448096	1.1756771232997015e-13							0	1:comp[EV]|2:comp_p[EV]|3:in[EV]|4:in_p[EV]|5:out[EV]|6:out_p[EV]|7:miss[EV]|8:rt[EV]|9:rt_p[EV]|10:main[EV]|11:comp[interaction]|12:comp_p[interaction]|13:in[interaction]|14:in_p[interaction]|15:out[interaction]|16:out_p[interaction]|17:miss[interaction]|18:rt[interaction]|19:rt_p[interaction]|20:other[EV]|21:net0[EV]|22:net1[EV]|23:net2[EV]|24:net4[EV]|25:net5[EV]|26:net6[EV]|27:net8[EV]|28:net9[EV]|29:appended_nuisance|30:appended_nuisance|31:appended_nuisance|32:appended_nuisance|33:appended_nuisance|34:appended_nuisance|35:appended_nuisance|36:appended_nuisance|37:appended_nuisance|38:appended_nuisance|39:appended_nuisance|40:appended_nuisance|41:appended_nuisance|42:appended_nuisance|43:appended_nuisance|44:appended_nuisance|45:appended_nuisance|46:appended_nuisance	7fb83bdb53f73e9d3e3248ec3c9f78713b9f666fe77dc2b71eac7baca544d5ac	90541ada1ec3fc00d00f80f19816b9569091ebbacc0fb01537146d596406a24d	34e09835138b6e0461323e046ff8d9a0da7e7e772b3a84838c3673542e5d986b
production	sub-110	01	act	/ZPOOL/data/projects/srndna-ultimatum/derivatives/fsl/sub-110/L1_task-ultimatum_model-02_type-act_run-01_sm-6.feat	ok		200	28	27	27	27	0	27	13.976179879551967	9.024927183500212e-14	7			7:miss[EV]			0	1:comp[EV]|2:comp_p[EV]|3:in[EV]|4:in_p[EV]|5:out[EV]|6:out_p[EV]|7:miss[EV]|8:rt[EV]|9:rt_p[EV]|10:appended_nuisance|11:appended_nuisance|12:appended_nuisance|13:appended_nuisance|14:appended_nuisance|15:appended_nuisance|16:appended_nuisance|17:appended_nuisance|18:appended_nuisance|19:appended_nuisance|20:appended_nuisance|21:appended_nuisance|22:appended_nuisance|23:appended_nuisance|24:appended_nuisance|25:appended_nuisance|26:appended_nuisance|27:appended_nuisance|28:appended_nuisance	c78023fba4ed488081bcbd2c6ca73f039fad44dbfa6f64d977d62b5fd986f682	5a7b889d761b715294c71f95b37168806c28292bd973dbf0bf2781e23753c7fd	c65396efcd1fbb73360e58fca55aeffebd1da350b82c93d065646f1d3f79f97b
production	sub-110	01	nppi-dmn	/ZPOOL/data/projects/srndna-ultimatum/derivatives/fsl/sub-110/L1_task-ultimatum_model-02_type-nppi-dmn_run-01_sm-6.feat	ok		200	47	45	45	45	0	45	1712.27764142023	1.1459143012653327e-13	7|17			7:miss[EV]|17:miss[interaction]			0	1:comp[EV]|2:comp_p[EV]|3:in[EV]|4:in_p[EV]|5:out[EV]|6:out_p[EV]|7:miss[EV]|8:rt[EV]|9:rt_p[EV]|10:main[EV]|11:comp[interaction]|12:comp_p[interaction]|13:in[interaction]|14:in_p[interaction]|15:out[interaction]|16:out_p[interaction]|17:miss[interaction]|18:rt[interaction]|19:rt_p[interaction]|20:other[EV]|21:net0[EV]|22:net1[EV]|23:net2[EV]|24:net4[EV]|25:net5[EV]|26:net6[EV]|27:net8[EV]|28:net9[EV]|29:appended_nuisance|30:appended_nuisance|31:appended_nuisance|32:appended_nuisance|33:appended_nuisance|34:appended_nuisance|35:appended_nuisance|36:appended_nuisance|37:appended_nuisance|38:appended_nuisance|39:appended_nuisance|40:appended_nuisance|41:appended_nuisance|42:appended_nuisance|43:appended_nuisance|44:appended_nuisance|45:appended_nuisance|46:appended_nuisance|47:appended_nuisance	91b5b14034d3f8618e9066fa76d52ba9f8c240330fca0ad2b3f574782769493d	fada02cc97bb1f8d128663cac3f5294d58d32b31a77b12c9edb2024055288c98	43b5deac6a46f07d7f741256b52275a496d6948b851dc58e21c441f32aa79b16
production	sub-110	01	nppi-ecn	/ZPOOL/data/projects/srndna-ultimatum/derivatives/fsl/sub-110/L1_task-ultimatum_model-02_type-nppi-ecn_run-01_sm-6.feat	ok		200	47	45	45	45	0	45	1725.778215094371	1.221120661237001e-13	7|17			7:miss[EV]|17:miss[interaction]			0	1:comp[EV]|2:comp_p[EV]|3:in[EV]|4:in_p[EV]|5:out[EV]|6:out_p[EV]|7:miss[EV]|8:rt[EV]|9:rt_p[EV]|10:main[EV]|11:comp[interaction]|12:comp_p[interaction]|13:in[interaction]|14:in_p[interaction]|15:out[interaction]|16:out_p[interaction]|17:miss[interaction]|18:rt[interaction]|19:rt_p[interaction]|20:other[EV]|21:net0[EV]|22:net1[EV]|23:net2[EV]|24:net4[EV]|25:net5[EV]|26:net6[EV]|27:net8[EV]|28:net9[EV]|29:appended_nuisance|30:appended_nuisance|31:appended_nuisance|32:appended_nuisance|33:appended_nuisance|34:appended_nuisance|35:appended_nuisance|36:appended_nuisance|37:appended_nuisance|38:appended_nuisance|39:appended_nuisance|40:appended_nuisance|41:appended_nuisance|42:appended_nuisance|43:appended_nuisance|44:appended_nuisance|45:appended_nuisance|46:appended_nuisance|47:appended_nuisance	4dc1456c78d27b8abbe7301ac3a2d10080e8963d5c781fb58942659143ce08bb	8bc6ce4fbeba4e6704394c54da5047f128a19fc55aa687af54a4bf3473c3e81c	7ba830c6d39d501f5b3a66bc94f95b39ae722a48ce52ce6f04311a5de653f5df
production	sub-110	02	act	/ZPOOL/data/projects/srndna-ultimatum/derivatives/fsl/sub-110/L1_task-ultimatum_model-02_type-act_run-02_sm-6.feat	ok		200	28	27	27	27	0	27	20.892044069237148	9.950680485084162e-14	7			7:miss[EV]			0	1:comp[EV]|2:comp_p[EV]|3:in[EV]|4:in_p[EV]|5:out[EV]|6:out_p[EV]|7:miss[EV]|8:rt[EV]|9:rt_p[EV]|10:appended_nuisance|11:appended_nuisance|12:appended_nuisance|13:appended_nuisance|14:appended_nuisance|15:appended_nuisance|16:appended_nuisance|17:appended_nuisance|18:appended_nuisance|19:appended_nuisance|20:appended_nuisance|21:appended_nuisance|22:appended_nuisance|23:appended_nuisance|24:appended_nuisance|25:appended_nuisance|26:appended_nuisance|27:appended_nuisance|28:appended_nuisance	2f79a425affbc533099fca214997d61ddb343cc99a7478d4561d85bf6c01f988	8eb38d0ec99ac634e51e2b57a98f2973540152d051b546e80614fee99f97f4e5	d2ff532fcbdb82cb74d3bf108ee139e2f839bbded6e26f36c8143149f63a637a
production	sub-110	02	nppi-dmn	/ZPOOL/data/projects/srndna-ultimatum/derivatives/fsl/sub-110/L1_task-ultimatum_model-02_type-nppi-dmn_run-02_sm-6.feat	ok		200	47	45	45	45	0	45	263.0242335449744	1.1277441300903613e-13	7|17			7:miss[EV]|17:miss[interaction]			0	1:comp[EV]|2:comp_p[EV]|3:in[EV]|4:in_p[EV]|5:out[EV]|6:out_p[EV]|7:miss[EV]|8:rt[EV]|9:rt_p[EV]|10:main[EV]|11:comp[interaction]|12:comp_p[interaction]|13:in[interaction]|14:in_p[interaction]|15:out[interaction]|16:out_p[interaction]|17:miss[interaction]|18:rt[interaction]|19:rt_p[interaction]|20:other[EV]|21:net0[EV]|22:net1[EV]|23:net2[EV]|24:net4[EV]|25:net5[EV]|26:net6[EV]|27:net8[EV]|28:net9[EV]|29:appended_nuisance|30:appended_nuisance|31:appended_nuisance|32:appended_nuisance|33:appended_nuisance|34:appended_nuisance|35:appended_nuisance|36:appended_nuisance|37:appended_nuisance|38:appended_nuisance|39:appended_nuisance|40:appended_nuisance|41:appended_nuisance|42:appended_nuisance|43:appended_nuisance|44:appended_nuisance|45:appended_nuisance|46:appended_nuisance|47:appended_nuisance	343303a1619381b83e270ce9507c0c56c0f197d35f4d78990a70ec4c11e85599	3b875fc33917a7b3b0fa0619ad6683db1aa701ae1d0d243f134c9366d47ef25d	11866e14c5d9af17c108ae16819d26049acb6a8080fd712999ac155823dbe587
production	sub-110	02	nppi-ecn	/ZPOOL/data/projects/srndna-ultimatum/derivatives/fsl/sub-110/L1_task-ultimatum_model-02_type-nppi-ecn_run-02_sm-6.feat	ok		200	47	45	45	45	0	45	356.1320619175518	1.2880728111394038e-13	7|17			7:miss[EV]|17:miss[interaction]			0	1:comp[EV]|2:comp_p[EV]|3:in[EV]|4:in_p[EV]|5:out[EV]|6:out_p[EV]|7:miss[EV]|8:rt[EV]|9:rt_p[EV]|10:main[EV]|11:comp[interaction]|12:comp_p[interaction]|13:in[interaction]|14:in_p[interaction]|15:out[interaction]|16:out_p[interaction]|17:miss[interaction]|18:rt[interaction]|19:rt_p[interaction]|20:other[EV]|21:net0[EV]|22:net1[EV]|23:net2[EV]|24:net4[EV]|25:net5[EV]|26:net6[EV]|27:net8[EV]|28:net9[EV]|29:appended_nuisance|30:appended_nuisance|31:appended_nuisance|32:appended_nuisance|33:appended_nuisance|34:appended_nuisance|35:appended_nuisance|36:appended_nuisance|37:appended_nuisance|38:appended_nuisance|39:appended_nuisance|40:appended_nuisance|41:appended_nuisance|42:appended_nuisance|43:appended_nuisance|44:appended_nuisance|45:appended_nuisance|46:appended_nuisance|47:appended_nuisance	f5f2c8f151ab2c3d50bd8d67d4c6163bd97eb851e0145104f51ac77e874c68ba	3e796e9288d8fcaebd0c6f729a96eabb739fbc973a22c16c3f7e0a8c613397ec	54c0a61032093b9339a68fdee12e8110efd022223e64a16a08f8456b9d2ed1b2
production	sub-111	01	act	/ZPOOL/data/projects/srndna-ultimatum/derivatives/fsl/sub-111/L1_task-ultimatum_model-02_type-act_run-01_sm-6.feat	ok		200	28	28	28	28	0	28	17.284156886634193	9.138066229709415e-14							0	1:comp[EV]|2:comp_p[EV]|3:in[EV]|4:in_p[EV]|5:out[EV]|6:out_p[EV]|7:miss[EV]|8:rt[EV]|9:rt_p[EV]|10:appended_nuisance|11:appended_nuisance|12:appended_nuisance|13:appended_nuisance|14:appended_nuisance|15:appended_nuisance|16:appended_nuisance|17:appended_nuisance|18:appended_nuisance|19:appended_nuisance|20:appended_nuisance|21:appended_nuisance|22:appended_nuisance|23:appended_nuisance|24:appended_nuisance|25:appended_nuisance|26:appended_nuisance|27:appended_nuisance|28:appended_nuisance	8985d0425a2a4392b3e08233f054e5edaf3c29fc54567b0c6bb44ce3909b2883	bdbbdd257188af2ee8f664cd5d87ef717078d948e0c36dcf43e054e675b93f65	90bee590c4416eaeac9db34afe6ff222d0a72bd6d69cad6a2858a6d502cd0d47
production	sub-111	01	nppi-dmn	/ZPOOL/data/projects/srndna-ultimatum/derivatives/fsl/sub-111/L1_task-ultimatum_model-02_type-nppi-dmn_run-01_sm-6.feat	ok		200	47	47	47	47	0	47	38.18716272685774	1.2218477788451624e-13							0	1:comp[EV]|2:comp_p[EV]|3:in[EV]|4:in_p[EV]|5:out[EV]|6:out_p[EV]|7:miss[EV]|8:rt[EV]|9:rt_p[EV]|10:main[EV]|11:comp[interaction]|12:comp_p[interaction]|13:in[interaction]|14:in_p[interaction]|15:out[interaction]|16:out_p[interaction]|17:miss[interaction]|18:rt[interaction]|19:rt_p[interaction]|20:other[EV]|21:net0[EV]|22:net1[EV]|23:net2[EV]|24:net4[EV]|25:net5[EV]|26:net6[EV]|27:net8[EV]|28:net9[EV]|29:appended_nuisance|30:appended_nuisance|31:appended_nuisance|32:appended_nuisance|33:appended_nuisance|34:appended_nuisance|35:appended_nuisance|36:appended_nuisance|37:appended_nuisance|38:appended_nuisance|39:appended_nuisance|40:appended_nuisance|41:appended_nuisance|42:appended_nuisance|43:appended_nuisance|44:appended_nuisance|45:appended_nuisance|46:appended_nuisance|47:appended_nuisance	d36418c96ece28c99c50b5f46b31e3e741b0c05e016a2cd7c7e516ce426bca75	a71a91d21d850efe206399c530bfd87058de8e7df7788a7cb8030e1e5830b5a7	4945a2e60ee23dbce2cbdfde312241bfc644b23814229af0811232742a2db6fc
production	sub-111	01	nppi-ecn	/ZPOOL/data/projects/srndna-ultimatum/derivatives/fsl/sub-111/L1_task-ultimatum_model-02_type-nppi-ecn_run-01_sm-6.feat	ok		200	47	47	47	47	0	47	41.96315068835691	1.3245696702235694e-13							0	1:comp[EV]|2:comp_p[EV]|3:in[EV]|4:in_p[EV]|5:out[EV]|6:out_p[EV]|7:miss[EV]|8:rt[EV]|9:rt_p[EV]|10:main[EV]|11:comp[interaction]|12:comp_p[interaction]|13:in[interaction]|14:in_p[interaction]|15:out[interaction]|16:out_p[interaction]|17:miss[interaction]|18:rt[interaction]|19:rt_p[interaction]|20:other[EV]|21:net0[EV]|22:net1[EV]|23:net2[EV]|24:net4[EV]|25:net5[EV]|26:net6[EV]|27:net8[EV]|28:net9[EV]|29:appended_nuisance|30:appended_nuisance|31:appended_nuisance|32:appended_nuisance|33:appended_nuisance|34:appended_nuisance|35:appended_nuisance|36:appended_nuisance|37:appended_nuisance|38:appended_nuisance|39:appended_nuisance|40:appended_nuisance|41:appended_nuisance|42:appended_nuisance|43:appended_nuisance|44:appended_nuisance|45:appended_nuisance|46:appended_nuisance|47:appended_nuisance	e55acf95eb7fc0def8cb43df1870686bc825be3a83204f10e7ed2c6de7c6c060	6c52fe85856a2e45b94d2babad33b066a271821f4a4b7b3d7bc48d132ad1e786	6feb0d0a0172f669db4c7bead8fe00cd8bacb442fb511a59f1cb5fd07613aa18
production	sub-111	02	act	/ZPOOL/data/projects/srndna-ultimatum/derivatives/fsl/sub-111/L1_task-ultimatum_model-02_type-act_run-02_sm-6.feat	ok		200	28	27	27	27	0	27	39.38893116872425	9.544084609896464e-14	7			7:miss[EV]			0	1:comp[EV]|2:comp_p[EV]|3:in[EV]|4:in_p[EV]|5:out[EV]|6:out_p[EV]|7:miss[EV]|8:rt[EV]|9:rt_p[EV]|10:appended_nuisance|11:appended_nuisance|12:appended_nuisance|13:appended_nuisance|14:appended_nuisance|15:appended_nuisance|16:appended_nuisance|17:appended_nuisance|18:appended_nuisance|19:appended_nuisance|20:appended_nuisance|21:appended_nuisance|22:appended_nuisance|23:appended_nuisance|24:appended_nuisance|25:appended_nuisance|26:appended_nuisance|27:appended_nuisance|28:appended_nuisance	01a576d21b036f642cf001a2febd18fed53fdfc30c45bc14c6a1527ac4208384	3857783392623c4d37d63293d050c43f05aaefba088d9954fb48968be4ad0c99	609eb15cc6d95fee354a9f1182e4cd73302a722e175484a4e8e7d11b04cc0168
production	sub-111	02	nppi-dmn	/ZPOOL/data/projects/srndna-ultimatum/derivatives/fsl/sub-111/L1_task-ultimatum_model-02_type-nppi-dmn_run-02_sm-6.feat	ok		200	47	45	45	45	0	45	97.57562671175349	1.1428507543019462e-13	7|17			7:miss[EV]|17:miss[interaction]			0	1:comp[EV]|2:comp_p[EV]|3:in[EV]|4:in_p[EV]|5:out[EV]|6:out_p[EV]|7:miss[EV]|8:rt[EV]|9:rt_p[EV]|10:main[EV]|11:comp[interaction]|12:comp_p[interaction]|13:in[interaction]|14:in_p[interaction]|15:out[interaction]|16:out_p[interaction]|17:miss[interaction]|18:rt[interaction]|19:rt_p[interaction]|20:other[EV]|21:net0[EV]|22:net1[EV]|23:net2[EV]|24:net4[EV]|25:net5[EV]|26:net6[EV]|27:net8[EV]|28:net9[EV]|29:appended_nuisance|30:appended_nuisance|31:appended_nuisance|32:appended_nuisance|33:appended_nuisance|34:appended_nuisance|35:appended_nuisance|36:appended_nuisance|37:appended_nuisance|38:appended_nuisance|39:appended_nuisance|40:appended_nuisance|41:appended_nuisance|42:appended_nuisance|43:appended_nuisance|44:appended_nuisance|45:appended_nuisance|46:appended_nuisance|47:appended_nuisance	b155aef821582cc5750ff32cd6034ae7aabe834bbec38d258acd581ef7ac109e	210f3c4d5550c5a26ecdc2d1255d55c767b31dbd81cf1fc4bd0778f17e0f0881	30e4f16f4454bf6601652329e13e0629c530d04ba502acc0e0793f6ee3eb5080
production	sub-111	02	nppi-ecn	/ZPOOL/data/projects/srndna-ultimatum/derivatives/fsl/sub-111/L1_task-ultimatum_model-02_type-nppi-ecn_run-02_sm-6.feat	ok		200	47	45	45	45	0	45	79.9408501021312	1.2546849672732666e-13	7|17			7:miss[EV]|17:miss[interaction]			0	1:comp[EV]|2:comp_p[EV]|3:in[EV]|4:in_p[EV]|5:out[EV]|6:out_p[EV]|7:miss[EV]|8:rt[EV]|9:rt_p[EV]|10:main[EV]|11:comp[interaction]|12:comp_p[interaction]|13:in[interaction]|14:in_p[interaction]|15:out[interaction]|16:out_p[interaction]|17:miss[interaction]|18:rt[interaction]|19:rt_p[interaction]|20:other[EV]|21:net0[EV]|22:net1[EV]|23:net2[EV]|24:net4[EV]|25:net5[EV]|26:net6[EV]|27:net8[EV]|28:net9[EV]|29:appended_nuisance|30:appended_nuisance|31:appended_nuisance|32:appended_nuisance|33:appended_nuisance|34:appended_nuisance|35:appended_nuisance|36:appended_nuisance|37:appended_nuisance|38:appended_nuisance|39:appended_nuisance|40:appended_nuisance|41:appended_nuisance|42:appended_nuisance|43:appended_nuisance|44:appended_nuisance|45:appended_nuisance|46:appended_nuisance|47:appended_nuisance	2ec39b10b06192bc3f357a4499ba82108552fa48c1901f3d24d7b489abd81d5d	2f509e7aa1f9499bb0a6d0803d8b878b670bbc3f0a686025662cb1f277389101	76b65b5cccffe71c880c2252dc5b3a75949e983e4de0c83e245c06785236da14
production	sub-112	01	act	/ZPOOL/data/projects/srndna-ultimatum/derivatives/fsl/sub-112/L1_task-ultimatum_model-02_type-act_run-01_sm-6.feat	ok		200	28	27	27	27	0	27	42.45608274791902	9.949178925620734e-14	7			7:miss[EV]			0	1:comp[EV]|2:comp_p[EV]|3:in[EV]|4:in_p[EV]|5:out[EV]|6:out_p[EV]|7:miss[EV]|8:rt[EV]|9:rt_p[EV]|10:appended_nuisance|11:appended_nuisance|12:appended_nuisance|13:appended_nuisance|14:appended_nuisance|15:appended_nuisance|16:appended_nuisance|17:appended_nuisance|18:appended_nuisance|19:appended_nuisance|20:appended_nuisance|21:appended_nuisance|22:appended_nuisance|23:appended_nuisance|24:appended_nuisance|25:appended_nuisance|26:appended_nuisance|27:appended_nuisance|28:appended_nuisance	4a9d2a094f54a033e26d92c62c8387627230260c0c3ee6055166b1c4f9ea56ac	ad78f2599dc739221743de7f33385ff701a803a2620567254db022ae2be91624	b638146eee4515b6596b40fbc5ce16467cb44351215718260c4c2bb8ad26641e
production	sub-112	01	nppi-dmn	/ZPOOL/data/projects/srndna-ultimatum/derivatives/fsl/sub-112/L1_task-ultimatum_model-02_type-nppi-dmn_run-01_sm-6.feat	ok		200	47	45	45	45	0	45	63.90002833234922	1.3140249081678203e-13	7|17			7:miss[EV]|17:miss[interaction]			0	1:comp[EV]|2:comp_p[EV]|3:in[EV]|4:in_p[EV]|5:out[EV]|6:out_p[EV]|7:miss[EV]|8:rt[EV]|9:rt_p[EV]|10:main[EV]|11:comp[interaction]|12:comp_p[interaction]|13:in[interaction]|14:in_p[interaction]|15:out[interaction]|16:out_p[interaction]|17:miss[interaction]|18:rt[interaction]|19:rt_p[interaction]|20:other[EV]|21:net0[EV]|22:net1[EV]|23:net2[EV]|24:net4[EV]|25:net5[EV]|26:net6[EV]|27:net8[EV]|28:net9[EV]|29:appended_nuisance|30:appended_nuisance|31:appended_nuisance|32:appended_nuisance|33:appended_nuisance|34:appended_nuisance|35:appended_nuisance|36:appended_nuisance|37:appended_nuisance|38:appended_nuisance|39:appended_nuisance|40:appended_nuisance|41:appended_nuisance|42:appended_nuisance|43:appended_nuisance|44:appended_nuisance|45:appended_nuisance|46:appended_nuisance|47:appended_nuisance	458b75d3afc700b9b33b07c88e3c4acd320bdb0879ea597ec849267f5742d58a	f60c2b01db644f53ce1c6b6be57d6f1501e35f0593518a4f5f892154a0b5ec4e	464a189ce5b424429e56261eb7f20416a1dd39e51605edf9d9adfd118ee3e373
production	sub-112	01	nppi-ecn	/ZPOOL/data/projects/srndna-ultimatum/derivatives/fsl/sub-112/L1_task-ultimatum_model-02_type-nppi-ecn_run-01_sm-6.feat	ok		200	47	45	45	45	0	45	75.64080793426984	1.5060067689128518e-13	7|17			7:miss[EV]|17:miss[interaction]			0	1:comp[EV]|2:comp_p[EV]|3:in[EV]|4:in_p[EV]|5:out[EV]|6:out_p[EV]|7:miss[EV]|8:rt[EV]|9:rt_p[EV]|10:main[EV]|11:comp[interaction]|12:comp_p[interaction]|13:in[interaction]|14:in_p[interaction]|15:out[interaction]|16:out_p[interaction]|17:miss[interaction]|18:rt[interaction]|19:rt_p[interaction]|20:other[EV]|21:net0[EV]|22:net1[EV]|23:net2[EV]|24:net4[EV]|25:net5[EV]|26:net6[EV]|27:net8[EV]|28:net9[EV]|29:appended_nuisance|30:appended_nuisance|31:appended_nuisance|32:appended_nuisance|33:appended_nuisance|34:appended_nuisance|35:appended_nuisance|36:appended_nuisance|37:appended_nuisance|38:appended_nuisance|39:appended_nuisance|40:appended_nuisance|41:appended_nuisance|42:appended_nuisance|43:appended_nuisance|44:appended_nuisance|45:appended_nuisance|46:appended_nuisance|47:appended_nuisance	bdeff82970b1768b8f6666708d8187736e829c91a3d5d152c8ef4e512695c185	8024312b6ad704baa46d60d785e3d94a908bd39377800e8e222acccc130bec78	e268a7c055757c24e685ab973afc3cc5c6e2525ba91e5887aac410e15679548f
production	sub-112	02	act	/ZPOOL/data/projects/srndna-ultimatum/derivatives/fsl/sub-112/L1_task-ultimatum_model-02_type-act_run-02_sm-6.feat	ok		200	28	28	28	28	0	28	13.005764137097373	8.653161785330356e-14							0	1:comp[EV]|2:comp_p[EV]|3:in[EV]|4:in_p[EV]|5:out[EV]|6:out_p[EV]|7:miss[EV]|8:rt[EV]|9:rt_p[EV]|10:appended_nuisance|11:appended_nuisance|12:appended_nuisance|13:appended_nuisance|14:appended_nuisance|15:appended_nuisance|16:appended_nuisance|17:appended_nuisance|18:appended_nuisance|19:appended_nuisance|20:appended_nuisance|21:appended_nuisance|22:appended_nuisance|23:appended_nuisance|24:appended_nuisance|25:appended_nuisance|26:appended_nuisance|27:appended_nuisance|28:appended_nuisance	508f1251b434855cebc808909ffd4ef4c28a310613d4e4823283f6673144940a	5a9e5c7bc27f98df7eff02c2029b21b0dd3440839c833b910bf40d17c84bb4d2	93ea35f9819dbae85f4b4971fcd30c36a9ebb6b19145b55b89f1d9fb0206429e
production	sub-112	02	nppi-dmn	/ZPOOL/data/projects/srndna-ultimatum/derivatives/fsl/sub-112/L1_task-ultimatum_model-02_type-nppi-dmn_run-02_sm-6.feat	ok		200	47	47	47	47	0	47	49.639190194789236	1.035241154503931e-13							0	1:comp[EV]|2:comp_p[EV]|3:in[EV]|4:in_p[EV]|5:out[EV]|6:out_p[EV]|7:miss[EV]|8:rt[EV]|9:rt_p[EV]|10:main[EV]|11:comp[interaction]|12:comp_p[interaction]|13:in[interaction]|14:in_p[interaction]|15:out[interaction]|16:out_p[interaction]|17:miss[interaction]|18:rt[interaction]|19:rt_p[interaction]|20:other[EV]|21:net0[EV]|22:net1[EV]|23:net2[EV]|24:net4[EV]|25:net5[EV]|26:net6[EV]|27:net8[EV]|28:net9[EV]|29:appended_nuisance|30:appended_nuisance|31:appended_nuisance|32:appended_nuisance|33:appended_nuisance|34:appended_nuisance|35:appended_nuisance|36:appended_nuisance|37:appended_nuisance|38:appended_nuisance|39:appended_nuisance|40:appended_nuisance|41:appended_nuisance|42:appended_nuisance|43:appended_nuisance|44:appended_nuisance|45:appended_nuisance|46:appended_nuisance|47:appended_nuisance	79e0a06e4d492992711d35f206c96bbb5874a0a8a59ada930d6834925da6087c	b1a6a284287de2f857fdebb51975a1568d957e3fbe00f3f63615c7f81fec549d	c83dd87ce4d1e808e3fe4f21c26da152dde2d90a58bd6da2114ea77d80b78f09
production	sub-112	02	nppi-ecn	/ZPOOL/data/projects/srndna-ultimatum/derivatives/fsl/sub-112/L1_task-ultimatum_model-02_type-nppi-ecn_run-02_sm-6.feat	ok		200	47	47	47	47	0	47	61.425048648565976	1.1411954942968102e-13							0	1:comp[EV]|2:comp_p[EV]|3:in[EV]|4:in_p[EV]|5:out[EV]|6:out_p[EV]|7:miss[EV]|8:rt[EV]|9:rt_p[EV]|10:main[EV]|11:comp[interaction]|12:comp_p[interaction]|13:in[interaction]|14:in_p[interaction]|15:out[interaction]|16:out_p[interaction]|17:miss[interaction]|18:rt[interaction]|19:rt_p[interaction]|20:other[EV]|21:net0[EV]|22:net1[EV]|23:net2[EV]|24:net4[EV]|25:net5[EV]|26:net6[EV]|27:net8[EV]|28:net9[EV]|29:appended_nuisance|30:appended_nuisance|31:appended_nuisance|32:appended_nuisance|33:appended_nuisance|34:appended_nuisance|35:appended_nuisance|36:appended_nuisance|37:appended_nuisance|38:appended_nuisance|39:appended_nuisance|40:appended_nuisance|41:appended_nuisance|42:appended_nuisance|43:appended_nuisance|44:appended_nuisance|45:appended_nuisance|46:appended_nuisance|47:appended_nuisance	136e73673b84a198f5c41d6d928972e03126a583f605871cb8acbb6bbbf6c24a	b528a5da4d4525b12f9ff4e7acdeedb87c052ace8d45720663d018a9a7baa1ac	60f58604b742a25487e62e639b6d27299e5566beba53f64c7c823c47d1988dfd
production	sub-113	01	act	/ZPOOL/data/projects/srndna-ultimatum/derivatives/fsl/sub-113/L1_task-ultimatum_model-02_type-act_run-01_sm-6.feat	ok		200	28	27	27	27	0	27	24.95332345212654	1.0688428951701272e-13	7			7:miss[EV]			0	1:comp[EV]|2:comp_p[EV]|3:in[EV]|4:in_p[EV]|5:out[EV]|6:out_p[EV]|7:miss[EV]|8:rt[EV]|9:rt_p[EV]|10:appended_nuisance|11:appended_nuisance|12:appended_nuisance|13:appended_nuisance|14:appended_nuisance|15:appended_nuisance|16:appended_nuisance|17:appended_nuisance|18:appended_nuisance|19:appended_nuisance|20:appended_nuisance|21:appended_nuisance|22:appended_nuisance|23:appended_nuisance|24:appended_nuisance|25:appended_nuisance|26:appended_nuisance|27:appended_nuisance|28:appended_nuisance	10bfc617d3705711cd0717814d3ea7b6c959abff025a50bb912cfbe185ddbbf3	4b85fcd090f8dcae9df8b6aaeac6e9d37a21f8d68063f670e97e07546011ae8f	3200a63bf9a3df3fec136862972c11a08756162575b01a77d7dc5e0aeea9eb63
production	sub-113	01	nppi-dmn	/ZPOOL/data/projects/srndna-ultimatum/derivatives/fsl/sub-113/L1_task-ultimatum_model-02_type-nppi-dmn_run-01_sm-6.feat	ok		200	47	45	45	45	0	45	85.62615345775464	1.3965293111353478e-13	7|17			7:miss[EV]|17:miss[interaction]			0	1:comp[EV]|2:comp_p[EV]|3:in[EV]|4:in_p[EV]|5:out[EV]|6:out_p[EV]|7:miss[EV]|8:rt[EV]|9:rt_p[EV]|10:main[EV]|11:comp[interaction]|12:comp_p[interaction]|13:in[interaction]|14:in_p[interaction]|15:out[interaction]|16:out_p[interaction]|17:miss[interaction]|18:rt[interaction]|19:rt_p[interaction]|20:other[EV]|21:net0[EV]|22:net1[EV]|23:net2[EV]|24:net4[EV]|25:net5[EV]|26:net6[EV]|27:net8[EV]|28:net9[EV]|29:appended_nuisance|30:appended_nuisance|31:appended_nuisance|32:appended_nuisance|33:appended_nuisance|34:appended_nuisance|35:appended_nuisance|36:appended_nuisance|37:appended_nuisance|38:appended_nuisance|39:appended_nuisance|40:appended_nuisance|41:appended_nuisance|42:appended_nuisance|43:appended_nuisance|44:appended_nuisance|45:appended_nuisance|46:appended_nuisance|47:appended_nuisance	2c0d0b740b02871f085f49bf4776236d5c06c2bd80c992bec18d2ae8201aba5d	0d55eed5c517426cf18ce23b33d1a3fd468f8b29dc9f1d41bb607747fac61fc7	9a60a4ce30605c7c86cb2f3809c7fdde441530259ff980f2e3f655a6193fba98
production	sub-113	01	nppi-ecn	/ZPOOL/data/projects/srndna-ultimatum/derivatives/fsl/sub-113/L1_task-ultimatum_model-02_type-nppi-ecn_run-01_sm-6.feat	ok		200	47	45	45	45	0	45	90.0025055421932	1.4134643986576375e-13	7|17			7:miss[EV]|17:miss[interaction]			0	1:comp[EV]|2:comp_p[EV]|3:in[EV]|4:in_p[EV]|5:out[EV]|6:out_p[EV]|7:miss[EV]|8:rt[EV]|9:rt_p[EV]|10:main[EV]|11:comp[interaction]|12:comp_p[interaction]|13:in[interaction]|14:in_p[interaction]|15:out[interaction]|16:out_p[interaction]|17:miss[interaction]|18:rt[interaction]|19:rt_p[interaction]|20:other[EV]|21:net0[EV]|22:net1[EV]|23:net2[EV]|24:net4[EV]|25:net5[EV]|26:net6[EV]|27:net8[EV]|28:net9[EV]|29:appended_nuisance|30:appended_nuisance|31:appended_nuisance|32:appended_nuisance|33:appended_nuisance|34:appended_nuisance|35:appended_nuisance|36:appended_nuisance|37:appended_nuisance|38:appended_nuisance|39:appended_nuisance|40:appended_nuisance|41:appended_nuisance|42:appended_nuisance|43:appended_nuisance|44:appended_nuisance|45:appended_nuisance|46:appended_nuisance|47:appended_nuisance	a926ae2cb0113fa39b1071e4720c2749ff34e110298b849105f99778654e8c0e	db2194722e2336b3f9e7a19f9cc786c71fd74d07eb62c52b9d1dec52de4f29c6	fbb063957354a4c6f3487053dc9c8a27202574221f8627a6d11b7123e5fdf7fa
production	sub-113	02	act	/ZPOOL/data/projects/srndna-ultimatum/derivatives/fsl/sub-113/L1_task-ultimatum_model-02_type-act_run-02_sm-6.feat	ok		200	28	27	27	27	0	27	83.31261506196034	1.1564823411771768e-13	7			7:miss[EV]			0	1:comp[EV]|2:comp_p[EV]|3:in[EV]|4:in_p[EV]|5:out[EV]|6:out_p[EV]|7:miss[EV]|8:rt[EV]|9:rt_p[EV]|10:appended_nuisance|11:appended_nuisance|12:appended_nuisance|13:appended_nuisance|14:appended_nuisance|15:appended_nuisance|16:appended_nuisance|17:appended_nuisance|18:appended_nuisance|19:appended_nuisance|20:appended_nuisance|21:appended_nuisance|22:appended_nuisance|23:appended_nuisance|24:appended_nuisance|25:appended_nuisance|26:appended_nuisance|27:appended_nuisance|28:appended_nuisance	17bb3adf3a52f79b211921512238a6ebe752ca364a170540a682900a0d06043b	56faf65b5f58d8db110222001fa99bd2bdb94dc5812cf73d5840b96a6bdccab5	74ed4604a30e3b8a8eec2a76ba11886db7d78fd72df54156d51444bf35fe72f6
production	sub-113	02	nppi-dmn	/ZPOOL/data/projects/srndna-ultimatum/derivatives/fsl/sub-113/L1_task-ultimatum_model-02_type-nppi-dmn_run-02_sm-6.feat	ok		200	47	45	45	45	0	45	124.91718204207862	1.5533076984538572e-13	7|17			7:miss[EV]|17:miss[interaction]			0	1:comp[EV]|2:comp_p[EV]|3:in[EV]|4:in_p[EV]|5:out[EV]|6:out_p[EV]|7:miss[EV]|8:rt[EV]|9:rt_p[EV]|10:main[EV]|11:comp[interaction]|12:comp_p[interaction]|13:in[interaction]|14:in_p[interaction]|15:out[interaction]|16:out_p[interaction]|17:miss[interaction]|18:rt[interaction]|19:rt_p[interaction]|20:other[EV]|21:net0[EV]|22:net1[EV]|23:net2[EV]|24:net4[EV]|25:net5[EV]|26:net6[EV]|27:net8[EV]|28:net9[EV]|29:appended_nuisance|30:appended_nuisance|31:appended_nuisance|32:appended_nuisance|33:appended_nuisance|34:appended_nuisance|35:appended_nuisance|36:appended_nuisance|37:appended_nuisance|38:appended_nuisance|39:appended_nuisance|40:appended_nuisance|41:appended_nuisance|42:appended_nuisance|43:appended_nuisance|44:appended_nuisance|45:appended_nuisance|46:appended_nuisance|47:appended_nuisance	1a93b4f1946928668dd3a6ce6f9576c5348b4b8bb0f6cfb8341010807bf8801a	cbee441443d255590eced2cd83467661447ea5c29cacf7be24c6fc25a034b7ac	64cf10cfafb9b3021ef85ec22d8452f52abe81c180087724a56b7ec3b9de1cfa
production	sub-113	02	nppi-ecn	/ZPOOL/data/projects/srndna-ultimatum/derivatives/fsl/sub-113/L1_task-ultimatum_model-02_type-nppi-ecn_run-02_sm-6.feat	ok		200	47	45	45	45	0	45	131.79594899925002	1.615393679261717e-13	7|17			7:miss[EV]|17:miss[interaction]			0	1:comp[EV]|2:comp_p[EV]|3:in[EV]|4:in_p[EV]|5:out[EV]|6:out_p[EV]|7:miss[EV]|8:rt[EV]|9:rt_p[EV]|10:main[EV]|11:comp[interaction]|12:comp_p[interaction]|13:in[interaction]|14:in_p[interaction]|15:out[interaction]|16:out_p[interaction]|17:miss[interaction]|18:rt[interaction]|19:rt_p[interaction]|20:other[EV]|21:net0[EV]|22:net1[EV]|23:net2[EV]|24:net4[EV]|25:net5[EV]|26:net6[EV]|27:net8[EV]|28:net9[EV]|29:appended_nuisance|30:appended_nuisance|31:appended_nuisance|32:appended_nuisance|33:appended_nuisance|34:appended_nuisance|35:appended_nuisance|36:appended_nuisance|37:appended_nuisance|38:appended_nuisance|39:appended_nuisance|40:appended_nuisance|41:appended_nuisance|42:appended_nuisance|43:appended_nuisance|44:appended_nuisance|45:appended_nuisance|46:appended_nuisance|47:appended_nuisance	5459e53f485d8af0b75c973297eb3e514560917268ffb3343b7730730be14758	745c12444fcfce12d241da09dbbb353218c6d799a6cf9541756e6a41dccea702	c72da54bd63877f7b9252a695072cb72ce6a5b8f230593f825102194cd8f835f
production	sub-115	01	act	/ZPOOL/data/projects/srndna-ultimatum/derivatives/fsl/sub-115/L1_task-ultimatum_model-02_type-act_run-01_sm-6.feat	ok		200	28	28	28	28	0	28	37.140692265036904	1.0232054283729466e-13							0	1:comp[EV]|2:comp_p[EV]|3:in[EV]|4:in_p[EV]|5:out[EV]|6:out_p[EV]|7:miss[EV]|8:rt[EV]|9:rt_p[EV]|10:appended_nuisance|11:appended_nuisance|12:appended_nuisance|13:appended_nuisance|14:appended_nuisance|15:appended_nuisance|16:appended_nuisance|17:appended_nuisance|18:appended_nuisance|19:appended_nuisance|20:appended_nuisance|21:appended_nuisance|22:appended_nuisance|23:appended_nuisance|24:appended_nuisance|25:appended_nuisance|26:appended_nuisance|27:appended_nuisance|28:appended_nuisance	80615efbf9f970e9597ad13caed81a545b5f718c1acfd694837b6a78b82c0e64	f6182c1238e155cd1add62d6234534fd85118b3aa6c111492c359efa18417e1f	2669cb233b02a03b6ee9b1eba995fffa330709406a1b6c4182a9f2237e3de886
production	sub-115	01	nppi-dmn	/ZPOOL/data/projects/srndna-ultimatum/derivatives/fsl/sub-115/L1_task-ultimatum_model-02_type-nppi-dmn_run-01_sm-6.feat	ok		200	47	47	47	47	0	47	56.197452832140634	1.3228777955973694e-13							0	1:comp[EV]|2:comp_p[EV]|3:in[EV]|4:in_p[EV]|5:out[EV]|6:out_p[EV]|7:miss[EV]|8:rt[EV]|9:rt_p[EV]|10:main[EV]|11:comp[interaction]|12:comp_p[interaction]|13:in[interaction]|14:in_p[interaction]|15:out[interaction]|16:out_p[interaction]|17:miss[interaction]|18:rt[interaction]|19:rt_p[interaction]|20:other[EV]|21:net0[EV]|22:net1[EV]|23:net2[EV]|24:net4[EV]|25:net5[EV]|26:net6[EV]|27:net8[EV]|28:net9[EV]|29:appended_nuisance|30:appended_nuisance|31:appended_nuisance|32:appended_nuisance|33:appended_nuisance|34:appended_nuisance|35:appended_nuisance|36:appended_nuisance|37:appended_nuisance|38:appended_nuisance|39:appended_nuisance|40:appended_nuisance|41:appended_nuisance|42:appended_nuisance|43:appended_nuisance|44:appended_nuisance|45:appended_nuisance|46:appended_nuisance|47:appended_nuisance	7d0d4ad4d1e677a66eedf9f17ca22e61492b522867188c68dfe78cf603244c9a	a4ceefa451c693c5e027097652fc0333225b1e661782e8179cedd61c581c495f	6db21423ef5193eba96a3d1f9b29084f6d989a084f732c6ed59ed3ae68029979
production	sub-115	01	nppi-ecn	/ZPOOL/data/projects/srndna-ultimatum/derivatives/fsl/sub-115/L1_task-ultimatum_model-02_type-nppi-ecn_run-01_sm-6.feat	ok		200	47	47	47	47	0	47	70.76425373435887	1.4847367363206786e-13							0	1:comp[EV]|2:comp_p[EV]|3:in[EV]|4:in_p[EV]|5:out[EV]|6:out_p[EV]|7:miss[EV]|8:rt[EV]|9:rt_p[EV]|10:main[EV]|11:comp[interaction]|12:comp_p[interaction]|13:in[interaction]|14:in_p[interaction]|15:out[interaction]|16:out_p[interaction]|17:miss[interaction]|18:rt[interaction]|19:rt_p[interaction]|20:other[EV]|21:net0[EV]|22:net1[EV]|23:net2[EV]|24:net4[EV]|25:net5[EV]|26:net6[EV]|27:net8[EV]|28:net9[EV]|29:appended_nuisance|30:appended_nuisance|31:appended_nuisance|32:appended_nuisance|33:appended_nuisance|34:appended_nuisance|35:appended_nuisance|36:appended_nuisance|37:appended_nuisance|38:appended_nuisance|39:appended_nuisance|40:appended_nuisance|41:appended_nuisance|42:appended_nuisance|43:appended_nuisance|44:appended_nuisance|45:appended_nuisance|46:appended_nuisance|47:appended_nuisance	680b6b56f3f84aa1ef1c7ebe437f0a586c0b917b3d6cebd3ffbaa5e9fd0a51ff	61e47480e3fd359925d64add9034ef726115299b8a1825009e0bb2978475a2ac	59385b9400f4437a2cefb1530959e70d8da51daf9d52dd6ddef363c6bb4311bf
production	sub-115	02	act	/ZPOOL/data/projects/srndna-ultimatum/derivatives/fsl/sub-115/L1_task-ultimatum_model-02_type-act_run-02_sm-6.feat	ok		200	28	28	28	28	0	28	14.385109158149165	8.964051009794615e-14							0	1:comp[EV]|2:comp_p[EV]|3:in[EV]|4:in_p[EV]|5:out[EV]|6:out_p[EV]|7:miss[EV]|8:rt[EV]|9:rt_p[EV]|10:appended_nuisance|11:appended_nuisance|12:appended_nuisance|13:appended_nuisance|14:appended_nuisance|15:appended_nuisance|16:appended_nuisance|17:appended_nuisance|18:appended_nuisance|19:appended_nuisance|20:appended_nuisance|21:appended_nuisance|22:appended_nuisance|23:appended_nuisance|24:appended_nuisance|25:appended_nuisance|26:appended_nuisance|27:appended_nuisance|28:appended_nuisance	5bf4af30641b05abc2de61f1706aa9adf04b2430e091e4387138bf3b77e837e7	f33136166cb9d721b7312d0d0e9374f0da054f664b5604f9fc1c689d5402ebc8	5157f34a14ad616d06101671114aa06db7dd50422189e2039bd2bba59f3aba30
production	sub-115	02	nppi-dmn	/ZPOOL/data/projects/srndna-ultimatum/derivatives/fsl/sub-115/L1_task-ultimatum_model-02_type-nppi-dmn_run-02_sm-6.feat	ok		200	47	47	47	47	0	47	63.49994869153384	1.2063893272791368e-13							0	1:comp[EV]|2:comp_p[EV]|3:in[EV]|4:in_p[EV]|5:out[EV]|6:out_p[EV]|7:miss[EV]|8:rt[EV]|9:rt_p[EV]|10:main[EV]|11:comp[interaction]|12:comp_p[interaction]|13:in[interaction]|14:in_p[interaction]|15:out[interaction]|16:out_p[interaction]|17:miss[interaction]|18:rt[interaction]|19:rt_p[interaction]|20:other[EV]|21:net0[EV]|22:net1[EV]|23:net2[EV]|24:net4[EV]|25:net5[EV]|26:net6[EV]|27:net8[EV]|28:net9[EV]|29:appended_nuisance|30:appended_nuisance|31:appended_nuisance|32:appended_nuisance|33:appended_nuisance|34:appended_nuisance|35:appended_nuisance|36:appended_nuisance|37:appended_nuisance|38:appended_nuisance|39:appended_nuisance|40:appended_nuisance|41:appended_nuisance|42:appended_nuisance|43:appended_nuisance|44:appended_nuisance|45:appended_nuisance|46:appended_nuisance|47:appended_nuisance	f03e73a42ec1131d4badb5ffa92e49c246008c37f7507ca6d9cd1b9fa08b4b74	e27470ae78fd700250935d4270c47ee8b51a6d4edce2c16c5a7d730a53695d80	602918ff555c6cbc3e774f33849d12cf65a2f5da36cd8bcff8611352b0b9958e
production	sub-115	02	nppi-ecn	/ZPOOL/data/projects/srndna-ultimatum/derivatives/fsl/sub-115/L1_task-ultimatum_model-02_type-nppi-ecn_run-02_sm-6.feat	ok		200	47	47	47	47	0	47	71.05195241189564	1.3199840886463886e-13							0	1:comp[EV]|2:comp_p[EV]|3:in[EV]|4:in_p[EV]|5:out[EV]|6:out_p[EV]|7:miss[EV]|8:rt[EV]|9:rt_p[EV]|10:main[EV]|11:comp[interaction]|12:comp_p[interaction]|13:in[interaction]|14:in_p[interaction]|15:out[interaction]|16:out_p[interaction]|17:miss[interaction]|18:rt[interaction]|19:rt_p[interaction]|20:other[EV]|21:net0[EV]|22:net1[EV]|23:net2[EV]|24:net4[EV]|25:net5[EV]|26:net6[EV]|27:net8[EV]|28:net9[EV]|29:appended_nuisance|30:appended_nuisance|31:appended_nuisance|32:appended_nuisance|33:appended_nuisance|34:appended_nuisance|35:appended_nuisance|36:appended_nuisance|37:appended_nuisance|38:appended_nuisance|39:appended_nuisance|40:appended_nuisance|41:appended_nuisance|42:appended_nuisance|43:appended_nuisance|44:appended_nuisance|45:appended_nuisance|46:appended_nuisance|47:appended_nuisance	65b8f8c4d548adf3d9ff37f342ef8210c17f77800cdbb02d0445e5d97ff1ceff	4b1b5a3d013a240cccd3a5e60c2088c1bccb542fe66859a33daa81180f2c22f8	3aefea197b609c215c77298eb3c4a55ed5b44cecce014919112690db713994c2
production	sub-116	01	act	/ZPOOL/data/projects/srndna-ultimatum/derivatives/fsl/sub-116/L1_task-ultimatum_model-02_type-act_run-01_sm-6.feat	ok		200	29	29	29	29	0	29	102.20302655577919	1.144359045693982e-13							0	1:comp[EV]|2:comp_p[EV]|3:in[EV]|4:in_p[EV]|5:out[EV]|6:out_p[EV]|7:miss[EV]|8:rt[EV]|9:rt_p[EV]|10:appended_nuisance|11:appended_nuisance|12:appended_nuisance|13:appended_nuisance|14:appended_nuisance|15:appended_nuisance|16:appended_nuisance|17:appended_nuisance|18:appended_nuisance|19:appended_nuisance|20:appended_nuisance|21:appended_nuisance|22:appended_nuisance|23:appended_nuisance|24:appended_nuisance|25:appended_nuisance|26:appended_nuisance|27:appended_nuisance|28:appended_nuisance|29:appended_nuisance	6eec1f14537d02d1985e64dff5a79fd548209ce298f74eabe047b5e0dd46dccb	df9766783791a2fda61d44424bda890086deeddde6aae16e55e110f89603f9e4	213a13c433d8ab2a0aa2386674bd2848c7e38b3ceed904b4a7174ab6a021062b
production	sub-116	01	nppi-dmn	/ZPOOL/data/projects/srndna-ultimatum/derivatives/fsl/sub-116/L1_task-ultimatum_model-02_type-nppi-dmn_run-01_sm-6.feat	ok		200	48	48	48	48	0	48	146.75253404606693	1.5242310566117925e-13							0	1:comp[EV]|2:comp_p[EV]|3:in[EV]|4:in_p[EV]|5:out[EV]|6:out_p[EV]|7:miss[EV]|8:rt[EV]|9:rt_p[EV]|10:main[EV]|11:comp[interaction]|12:comp_p[interaction]|13:in[interaction]|14:in_p[interaction]|15:out[interaction]|16:out_p[interaction]|17:miss[interaction]|18:rt[interaction]|19:rt_p[interaction]|20:other[EV]|21:net0[EV]|22:net1[EV]|23:net2[EV]|24:net4[EV]|25:net5[EV]|26:net6[EV]|27:net8[EV]|28:net9[EV]|29:appended_nuisance|30:appended_nuisance|31:appended_nuisance|32:appended_nuisance|33:appended_nuisance|34:appended_nuisance|35:appended_nuisance|36:appended_nuisance|37:appended_nuisance|38:appended_nuisance|39:appended_nuisance|40:appended_nuisance|41:appended_nuisance|42:appended_nuisance|43:appended_nuisance|44:appended_nuisance|45:appended_nuisance|46:appended_nuisance|47:appended_nuisance|48:appended_nuisance	6ad659d2d1a4d223b582caa35c3212bcaa0c34ba2eef6bd54f1d69c1ef788fe2	5d3c224ff0326c80989973950f8272d4ba840df8e1f56aa3f307c2e2fbdcf211	bbcea775b9ab2f4994f6c373b4463b62cadaf0a9a740e120f11764b02e315200
production	sub-116	01	nppi-ecn	/ZPOOL/data/projects/srndna-ultimatum/derivatives/fsl/sub-116/L1_task-ultimatum_model-02_type-nppi-ecn_run-01_sm-6.feat	ok		200	48	48	48	48	0	48	196.33005135108604	1.6934264325430503e-13							0	1:comp[EV]|2:comp_p[EV]|3:in[EV]|4:in_p[EV]|5:out[EV]|6:out_p[EV]|7:miss[EV]|8:rt[EV]|9:rt_p[EV]|10:main[EV]|11:comp[interaction]|12:comp_p[interaction]|13:in[interaction]|14:in_p[interaction]|15:out[interaction]|16:out_p[interaction]|17:miss[interaction]|18:rt[interaction]|19:rt_p[interaction]|20:other[EV]|21:net0[EV]|22:net1[EV]|23:net2[EV]|24:net4[EV]|25:net5[EV]|26:net6[EV]|27:net8[EV]|28:net9[EV]|29:appended_nuisance|30:appended_nuisance|31:appended_nuisance|32:appended_nuisance|33:appended_nuisance|34:appended_nuisance|35:appended_nuisance|36:appended_nuisance|37:appended_nuisance|38:appended_nuisance|39:appended_nuisance|40:appended_nuisance|41:appended_nuisance|42:appended_nuisance|43:appended_nuisance|44:appended_nuisance|45:appended_nuisance|46:appended_nuisance|47:appended_nuisance|48:appended_nuisance	b9daf623c04ef1f8dd89a65a8fb1d50ae96539c88567872e274b415d7e5bfe7b	e7ed7c8617df6180408f674b477ac02ef8710309bfcb031ba80875a48e02c1e2	4ca835840bb415aa5032a101c6a45da010dd27de1b14df8f2ca34924f331c1c0
production	sub-116	02	act	/ZPOOL/data/projects/srndna-ultimatum/derivatives/fsl/sub-116/L1_task-ultimatum_model-02_type-act_run-02_sm-6.feat	ok		200	27	26	26	26	0	26	93.04780120102123	1.110080253096684e-13	7			7:miss[EV]			0	1:comp[EV]|2:comp_p[EV]|3:in[EV]|4:in_p[EV]|5:out[EV]|6:out_p[EV]|7:miss[EV]|8:rt[EV]|9:rt_p[EV]|10:appended_nuisance|11:appended_nuisance|12:appended_nuisance|13:appended_nuisance|14:appended_nuisance|15:appended_nuisance|16:appended_nuisance|17:appended_nuisance|18:appended_nuisance|19:appended_nuisance|20:appended_nuisance|21:appended_nuisance|22:appended_nuisance|23:appended_nuisance|24:appended_nuisance|25:appended_nuisance|26:appended_nuisance|27:appended_nuisance	29a12c7a3b273cada20a6c29ccffb29f06166866d01117295e2a339d9de49c48	f151a35be908cb5803a06c56d92a831f2d6718b04f4595b7ab74a7eb338861e1	f4ee481b963f52b21550b21032a82539e02f639c322b1c6e58f066c0665211a8
production	sub-116	02	nppi-dmn	/ZPOOL/data/projects/srndna-ultimatum/derivatives/fsl/sub-116/L1_task-ultimatum_model-02_type-nppi-dmn_run-02_sm-6.feat	ok		200	46	44	44	44	0	44	121.68254074241308	1.264564902008724e-13	7|17			7:miss[EV]|17:miss[interaction]			0	1:comp[EV]|2:comp_p[EV]|3:in[EV]|4:in_p[EV]|5:out[EV]|6:out_p[EV]|7:miss[EV]|8:rt[EV]|9:rt_p[EV]|10:main[EV]|11:comp[interaction]|12:comp_p[interaction]|13:in[interaction]|14:in_p[interaction]|15:out[interaction]|16:out_p[interaction]|17:miss[interaction]|18:rt[interaction]|19:rt_p[interaction]|20:other[EV]|21:net0[EV]|22:net1[EV]|23:net2[EV]|24:net4[EV]|25:net5[EV]|26:net6[EV]|27:net8[EV]|28:net9[EV]|29:appended_nuisance|30:appended_nuisance|31:appended_nuisance|32:appended_nuisance|33:appended_nuisance|34:appended_nuisance|35:appended_nuisance|36:appended_nuisance|37:appended_nuisance|38:appended_nuisance|39:appended_nuisance|40:appended_nuisance|41:appended_nuisance|42:appended_nuisance|43:appended_nuisance|44:appended_nuisance|45:appended_nuisance|46:appended_nuisance	900931598845b9d4c314919ed5acc79bbfb1744d1631d80981d3aa9e4b3b442d	8d6909cd48b4ec317325bb7463bf78e824e4de537532a8cd79b19f3c1bdab547	5e57ca0ce8e1c391bfba75674681d5d6d92f532c4f2f134016673e244ed93697
production	sub-116	02	nppi-ecn	/ZPOOL/data/projects/srndna-ultimatum/derivatives/fsl/sub-116/L1_task-ultimatum_model-02_type-nppi-ecn_run-02_sm-6.feat	ok		200	46	44	44	44	0	44	114.97687338666444	1.2355797998201805e-13	7|17			7:miss[EV]|17:miss[interaction]			0	1:comp[EV]|2:comp_p[EV]|3:in[EV]|4:in_p[EV]|5:out[EV]|6:out_p[EV]|7:miss[EV]|8:rt[EV]|9:rt_p[EV]|10:main[EV]|11:comp[interaction]|12:comp_p[interaction]|13:in[interaction]|14:in_p[interaction]|15:out[interaction]|16:out_p[interaction]|17:miss[interaction]|18:rt[interaction]|19:rt_p[interaction]|20:other[EV]|21:net0[EV]|22:net1[EV]|23:net2[EV]|24:net4[EV]|25:net5[EV]|26:net6[EV]|27:net8[EV]|28:net9[EV]|29:appended_nuisance|30:appended_nuisance|31:appended_nuisance|32:appended_nuisance|33:appended_nuisance|34:appended_nuisance|35:appended_nuisance|36:appended_nuisance|37:appended_nuisance|38:appended_nuisance|39:appended_nuisance|40:appended_nuisance|41:appended_nuisance|42:appended_nuisance|43:appended_nuisance|44:appended_nuisance|45:appended_nuisance|46:appended_nuisance	1760e280d6134a8157f0cbbdf4c430b29e5a21219d600a1c40322cfaae9065f1	a05fcc1cbd51197958a3204c6406279d6549cd6c1e417b7ac01584467d6863e9	7da671b22c2b382147d10763b63e4a9feeb210f1a6310f844eec116cc6f9dbb0
production	sub-117	01	act	/ZPOOL/data/projects/srndna-ultimatum/derivatives/fsl/sub-117/L1_task-ultimatum_model-02_type-act_run-01_sm-6.feat	ok		200	28	27	27	27	0	27	41.8475174818796	1.076866519142508e-13	7			7:miss[EV]			0	1:comp[EV]|2:comp_p[EV]|3:in[EV]|4:in_p[EV]|5:out[EV]|6:out_p[EV]|7:miss[EV]|8:rt[EV]|9:rt_p[EV]|10:appended_nuisance|11:appended_nuisance|12:appended_nuisance|13:appended_nuisance|14:appended_nuisance|15:appended_nuisance|16:appended_nuisance|17:appended_nuisance|18:appended_nuisance|19:appended_nuisance|20:appended_nuisance|21:appended_nuisance|22:appended_nuisance|23:appended_nuisance|24:appended_nuisance|25:appended_nuisance|26:appended_nuisance|27:appended_nuisance|28:appended_nuisance	07ba08df4b55e3ee4f59a721ac829fb6aa8a02646f3edf2827cb0840df72092c	19cde1216f337338982c6ecf7c98b74f7ab6991fdb0e7d28ad57ac941d4bcba6	115bb3d0a722282baf8fd947d9b6463c75e1da6cb1cef322085c064bb14e88fd
production	sub-117	01	nppi-dmn	/ZPOOL/data/projects/srndna-ultimatum/derivatives/fsl/sub-117/L1_task-ultimatum_model-02_type-nppi-dmn_run-01_sm-6.feat	ok		200	47	45	45	45	0	45	99.87106584762951	1.2816939214966048e-13	7|17			7:miss[EV]|17:miss[interaction]			0	1:comp[EV]|2:comp_p[EV]|3:in[EV]|4:in_p[EV]|5:out[EV]|6:out_p[EV]|7:miss[EV]|8:rt[EV]|9:rt_p[EV]|10:main[EV]|11:comp[interaction]|12:comp_p[interaction]|13:in[interaction]|14:in_p[interaction]|15:out[interaction]|16:out_p[interaction]|17:miss[interaction]|18:rt[interaction]|19:rt_p[interaction]|20:other[EV]|21:net0[EV]|22:net1[EV]|23:net2[EV]|24:net4[EV]|25:net5[EV]|26:net6[EV]|27:net8[EV]|28:net9[EV]|29:appended_nuisance|30:appended_nuisance|31:appended_nuisance|32:appended_nuisance|33:appended_nuisance|34:appended_nuisance|35:appended_nuisance|36:appended_nuisance|37:appended_nuisance|38:appended_nuisance|39:appended_nuisance|40:appended_nuisance|41:appended_nuisance|42:appended_nuisance|43:appended_nuisance|44:appended_nuisance|45:appended_nuisance|46:appended_nuisance|47:appended_nuisance	2a6d57bcebf67b4be8c72982f06a56bb07998a5f1cd61901414611684acdb592	be9b7f770e8a0ea76d9492ed158ec8d324fa16f16556928494a2cf55a15dff73	0971689f5aa7fdce0eaffac97a5e7fe0684c4c38cf4dad598b002b97c0200b36
production	sub-117	01	nppi-ecn	/ZPOOL/data/projects/srndna-ultimatum/derivatives/fsl/sub-117/L1_task-ultimatum_model-02_type-nppi-ecn_run-01_sm-6.feat	ok		200	47	45	45	45	0	45	77.60331707057922	1.2243999912122251e-13	7|17			7:miss[EV]|17:miss[interaction]			0	1:comp[EV]|2:comp_p[EV]|3:in[EV]|4:in_p[EV]|5:out[EV]|6:out_p[EV]|7:miss[EV]|8:rt[EV]|9:rt_p[EV]|10:main[EV]|11:comp[interaction]|12:comp_p[interaction]|13:in[interaction]|14:in_p[interaction]|15:out[interaction]|16:out_p[interaction]|17:miss[interaction]|18:rt[interaction]|19:rt_p[interaction]|20:other[EV]|21:net0[EV]|22:net1[EV]|23:net2[EV]|24:net4[EV]|25:net5[EV]|26:net6[EV]|27:net8[EV]|28:net9[EV]|29:appended_nuisance|30:appended_nuisance|31:appended_nuisance|32:appended_nuisance|33:appended_nuisance|34:appended_nuisance|35:appended_nuisance|36:appended_nuisance|37:appended_nuisance|38:appended_nuisance|39:appended_nuisance|40:appended_nuisance|41:appended_nuisance|42:appended_nuisance|43:appended_nuisance|44:appended_nuisance|45:appended_nuisance|46:appended_nuisance|47:appended_nuisance	5f281f1358c9445c070ae88415c542e524982dd9f802077b251f35fd8384f610	ca9f31880c26e3a46b54427a6d266fc9db3947efd502a87d36447d4a52e417dc	686bffcb28e5e310d228f4544b4f465f728d73a6fc187ebfda1d06d2f6ec0298
production	sub-117	02	act	/ZPOOL/data/projects/srndna-ultimatum/derivatives/fsl/sub-117/L1_task-ultimatum_model-02_type-act_run-02_sm-6.feat	ok		200	28	27	27	27	0	27	27.758530756389742	1.1228653230077975e-13	7			7:miss[EV]			0	1:comp[EV]|2:comp_p[EV]|3:in[EV]|4:in_p[EV]|5:out[EV]|6:out_p[EV]|7:miss[EV]|8:rt[EV]|9:rt_p[EV]|10:appended_nuisance|11:appended_nuisance|12:appended_nuisance|13:appended_nuisance|14:appended_nuisance|15:appended_nuisance|16:appended_nuisance|17:appended_nuisance|18:appended_nuisance|19:appended_nuisance|20:appended_nuisance|21:appended_nuisance|22:appended_nuisance|23:appended_nuisance|24:appended_nuisance|25:appended_nuisance|26:appended_nuisance|27:appended_nuisance|28:appended_nuisance	b11ace639b35da0bdb986fe51df3b527346bbdc732b977452254fa33583b1c21	5e2eb02b5388a64aff9d0344cc86fa3b0f5f6a5bdf12f9f1add590cbe0033753	506c7563b3c1da999433c1d6f3aef26624b1e53bb013de35d6c07de5cb5a5aa7
production	sub-117	02	nppi-dmn	/ZPOOL/data/projects/srndna-ultimatum/derivatives/fsl/sub-117/L1_task-ultimatum_model-02_type-nppi-dmn_run-02_sm-6.feat	ok		200	47	45	45	45	0	45	64.33803308381715	1.254577710217657e-13	7|17			7:miss[EV]|17:miss[interaction]			0	1:comp[EV]|2:comp_p[EV]|3:in[EV]|4:in_p[EV]|5:out[EV]|6:out_p[EV]|7:miss[EV]|8:rt[EV]|9:rt_p[EV]|10:main[EV]|11:comp[interaction]|12:comp_p[interaction]|13:in[interaction]|14:in_p[interaction]|15:out[interaction]|16:out_p[interaction]|17:miss[interaction]|18:rt[interaction]|19:rt_p[interaction]|20:other[EV]|21:net0[EV]|22:net1[EV]|23:net2[EV]|24:net4[EV]|25:net5[EV]|26:net6[EV]|27:net8[EV]|28:net9[EV]|29:appended_nuisance|30:appended_nuisance|31:appended_nuisance|32:appended_nuisance|33:appended_nuisance|34:appended_nuisance|35:appended_nuisance|36:appended_nuisance|37:appended_nuisance|38:appended_nuisance|39:appended_nuisance|40:appended_nuisance|41:appended_nuisance|42:appended_nuisance|43:appended_nuisance|44:appended_nuisance|45:appended_nuisance|46:appended_nuisance|47:appended_nuisance	2557f60762745d3e3a94ecd02ff9f3cba3759079b2501f8182ce6277100fe654	948739862a6bf90bd3a583bc78888fe2a08db9bbe1b5c1f89335e5052c7e103d	7cf73a66be8b8c583c95b0a4a6cef382e03ff5a728690e8412ca6a5f80a38001
production	sub-117	02	nppi-ecn	/ZPOOL/data/projects/srndna-ultimatum/derivatives/fsl/sub-117/L1_task-ultimatum_model-02_type-nppi-ecn_run-02_sm-6.feat	ok		200	47	45	45	45	0	45	94.4270781142019	1.3672608506337313e-13	7|17			7:miss[EV]|17:miss[interaction]			0	1:comp[EV]|2:comp_p[EV]|3:in[EV]|4:in_p[EV]|5:out[EV]|6:out_p[EV]|7:miss[EV]|8:rt[EV]|9:rt_p[EV]|10:main[EV]|11:comp[interaction]|12:comp_p[interaction]|13:in[interaction]|14:in_p[interaction]|15:out[interaction]|16:out_p[interaction]|17:miss[interaction]|18:rt[interaction]|19:rt_p[interaction]|20:other[EV]|21:net0[EV]|22:net1[EV]|23:net2[EV]|24:net4[EV]|25:net5[EV]|26:net6[EV]|27:net8[EV]|28:net9[EV]|29:appended_nuisance|30:appended_nuisance|31:appended_nuisance|32:appended_nuisance|33:appended_nuisance|34:appended_nuisance|35:appended_nuisance|36:appended_nuisance|37:appended_nuisance|38:appended_nuisance|39:appended_nuisance|40:appended_nuisance|41:appended_nuisance|42:appended_nuisance|43:appended_nuisance|44:appended_nuisance|45:appended_nuisance|46:appended_nuisance|47:appended_nuisance	fbb3c23b69ad536a13773d1d0599b0ea5a92b52feb3a3ea0fd4ab527fd3e965e	38d2fe98ebefc5b398ee081c574ad835a58d05b3f7669ae5dcff21b3b2874b69	e794a17ffafb3147336fc573fae14417e0f2c57570a4c17185c6cb444e44c53b
production	sub-118	01	act	/ZPOOL/data/projects/srndna-ultimatum/derivatives/fsl/sub-118/L1_task-ultimatum_model-02_type-act_run-01_sm-6.feat	ok		200	27	26	26	26	0	26	23.15870979145159	9.500769858277285e-14	7			7:miss[EV]			0	1:comp[EV]|2:comp_p[EV]|3:in[EV]|4:in_p[EV]|5:out[EV]|6:out_p[EV]|7:miss[EV]|8:rt[EV]|9:rt_p[EV]|10:appended_nuisance|11:appended_nuisance|12:appended_nuisance|13:appended_nuisance|14:appended_nuisance|15:appended_nuisance|16:appended_nuisance|17:appended_nuisance|18:appended_nuisance|19:appended_nuisance|20:appended_nuisance|21:appended_nuisance|22:appended_nuisance|23:appended_nuisance|24:appended_nuisance|25:appended_nuisance|26:appended_nuisance|27:appended_nuisance	b70a47f2b1e8d76a6787f2c9d0b8fe65f81d602b8ba1f34791237bded15b649c	fe8f2ff8adf5ef93082b0ab4af49a6c1349e7668ee4281f54307fef3bbc94c65	225ea6b56aaa9303721f130b6d6a6cf4cbb49d9d8da14963cdae8d2d7e718455
production	sub-118	01	nppi-dmn	/ZPOOL/data/projects/srndna-ultimatum/derivatives/fsl/sub-118/L1_task-ultimatum_model-02_type-nppi-dmn_run-01_sm-6.feat	ok		200	46	44	44	44	0	44	43.76693252617679	1.1900391054053606e-13	7|17			7:miss[EV]|17:miss[interaction]			0	1:comp[EV]|2:comp_p[EV]|3:in[EV]|4:in_p[EV]|5:out[EV]|6:out_p[EV]|7:miss[EV]|8:rt[EV]|9:rt_p[EV]|10:main[EV]|11:comp[interaction]|12:comp_p[interaction]|13:in[interaction]|14:in_p[interaction]|15:out[interaction]|16:out_p[interaction]|17:miss[interaction]|18:rt[interaction]|19:rt_p[interaction]|20:other[EV]|21:net0[EV]|22:net1[EV]|23:net2[EV]|24:net4[EV]|25:net5[EV]|26:net6[EV]|27:net8[EV]|28:net9[EV]|29:appended_nuisance|30:appended_nuisance|31:appended_nuisance|32:appended_nuisance|33:appended_nuisance|34:appended_nuisance|35:appended_nuisance|36:appended_nuisance|37:appended_nuisance|38:appended_nuisance|39:appended_nuisance|40:appended_nuisance|41:appended_nuisance|42:appended_nuisance|43:appended_nuisance|44:appended_nuisance|45:appended_nuisance|46:appended_nuisance	239892746d09a98a45171e727a5aa331df11d66e7de4f52d84d92e0c2a3aa008	63cac3ef75d2f2edd99b1800955b207f1dc125afedfffb0b16f504606d55e89e	b0b88c8cd6dfc744f5c58b028c088a23a8fa520dc1b425d50f805c4d733d1cc9
production	sub-118	01	nppi-ecn	/ZPOOL/data/projects/srndna-ultimatum/derivatives/fsl/sub-118/L1_task-ultimatum_model-02_type-nppi-ecn_run-01_sm-6.feat	ok		200	46	44	44	44	0	44	85.0788386985832	1.4088617498165807e-13	7|17			7:miss[EV]|17:miss[interaction]			0	1:comp[EV]|2:comp_p[EV]|3:in[EV]|4:in_p[EV]|5:out[EV]|6:out_p[EV]|7:miss[EV]|8:rt[EV]|9:rt_p[EV]|10:main[EV]|11:comp[interaction]|12:comp_p[interaction]|13:in[interaction]|14:in_p[interaction]|15:out[interaction]|16:out_p[interaction]|17:miss[interaction]|18:rt[interaction]|19:rt_p[interaction]|20:other[EV]|21:net0[EV]|22:net1[EV]|23:net2[EV]|24:net4[EV]|25:net5[EV]|26:net6[EV]|27:net8[EV]|28:net9[EV]|29:appended_nuisance|30:appended_nuisance|31:appended_nuisance|32:appended_nuisance|33:appended_nuisance|34:appended_nuisance|35:appended_nuisance|36:appended_nuisance|37:appended_nuisance|38:appended_nuisance|39:appended_nuisance|40:appended_nuisance|41:appended_nuisance|42:appended_nuisance|43:appended_nuisance|44:appended_nuisance|45:appended_nuisance|46:appended_nuisance	5927882e2ef9c734d7c7b0eaf17aa54acc4505ee26a041071e6fc9da3203f191	d4196dab028f650511193e0b189881bdd8405d91b86b2aa4626e1bdf4cbd687f	5c709dec2656c1b11b9df3a11cf606cd69e079137b570f322ae9d7aea4322c6b
production	sub-118	02	act	/ZPOOL/data/projects/srndna-ultimatum/derivatives/fsl/sub-118/L1_task-ultimatum_model-02_type-act_run-02_sm-6.feat	ok		200	27	26	26	26	0	26	24.81466936671728	9.833635465731112e-14	7			7:miss[EV]			0	1:comp[EV]|2:comp_p[EV]|3:in[EV]|4:in_p[EV]|5:out[EV]|6:out_p[EV]|7:miss[EV]|8:rt[EV]|9:rt_p[EV]|10:appended_nuisance|11:appended_nuisance|12:appended_nuisance|13:appended_nuisance|14:appended_nuisance|15:appended_nuisance|16:appended_nuisance|17:appended_nuisance|18:appended_nuisance|19:appended_nuisance|20:appended_nuisance|21:appended_nuisance|22:appended_nuisance|23:appended_nuisance|24:appended_nuisance|25:appended_nuisance|26:appended_nuisance|27:appended_nuisance	fe7d84fd59591ff49d1e377dc342889b89b9efa56ab93de2e1e655ea8d83f8d1	3a5a48f2917b3c61d830b093a818691c55e6251be5960e642fdea1b71992ca4f	ab9247233ebe8d7013d739d3e121d054b1db87c99377a1d3f56c920354f1d31d
production	sub-118	02	nppi-dmn	/ZPOOL/data/projects/srndna-ultimatum/derivatives/fsl/sub-118/L1_task-ultimatum_model-02_type-nppi-dmn_run-02_sm-6.feat	ok		200	46	44	44	44	0	44	70.17142472697267	1.2699396814745584e-13	7|17			7:miss[EV]|17:miss[interaction]			0	1:comp[EV]|2:comp_p[EV]|3:in[EV]|4:in_p[EV]|5:out[EV]|6:out_p[EV]|7:miss[EV]|8:rt[EV]|9:rt_p[EV]|10:main[EV]|11:comp[interaction]|12:comp_p[interaction]|13:in[interaction]|14:in_p[interaction]|15:out[interaction]|16:out_p[interaction]|17:miss[interaction]|18:rt[interaction]|19:rt_p[interaction]|20:other[EV]|21:net0[EV]|22:net1[EV]|23:net2[EV]|24:net4[EV]|25:net5[EV]|26:net6[EV]|27:net8[EV]|28:net9[EV]|29:appended_nuisance|30:appended_nuisance|31:appended_nuisance|32:appended_nuisance|33:appended_nuisance|34:appended_nuisance|35:appended_nuisance|36:appended_nuisance|37:appended_nuisance|38:appended_nuisance|39:appended_nuisance|40:appended_nuisance|41:appended_nuisance|42:appended_nuisance|43:appended_nuisance|44:appended_nuisance|45:appended_nuisance|46:appended_nuisance	a4ca16075d2b3396a6829025339c6234ebf982fee6fee1939f15ee29c26a4552	8c08abb96a267c91d50418b64440c0e5c60660a7a855dcd047e7afcfc1e3285f	8e942a2fc466e7062d23a371e03980d3d841c1873091f80b41d948906d48306f
production	sub-118	02	nppi-ecn	/ZPOOL/data/projects/srndna-ultimatum/derivatives/fsl/sub-118/L1_task-ultimatum_model-02_type-nppi-ecn_run-02_sm-6.feat	ok		200	46	44	44	44	0	44	110.75238036869146	1.3956108178324138e-13	7|17			7:miss[EV]|17:miss[interaction]			0	1:comp[EV]|2:comp_p[EV]|3:in[EV]|4:in_p[EV]|5:out[EV]|6:out_p[EV]|7:miss[EV]|8:rt[EV]|9:rt_p[EV]|10:main[EV]|11:comp[interaction]|12:comp_p[interaction]|13:in[interaction]|14:in_p[interaction]|15:out[interaction]|16:out_p[interaction]|17:miss[interaction]|18:rt[interaction]|19:rt_p[interaction]|20:other[EV]|21:net0[EV]|22:net1[EV]|23:net2[EV]|24:net4[EV]|25:net5[EV]|26:net6[EV]|27:net8[EV]|28:net9[EV]|29:appended_nuisance|30:appended_nuisance|31:appended_nuisance|32:appended_nuisance|33:appended_nuisance|34:appended_nuisance|35:appended_nuisance|36:appended_nuisance|37:appended_nuisance|38:appended_nuisance|39:appended_nuisance|40:appended_nuisance|41:appended_nuisance|42:appended_nuisance|43:appended_nuisance|44:appended_nuisance|45:appended_nuisance|46:appended_nuisance	adbf822c4d0eff07d0ac68e88c0f49441b56081528fbb749184860afa331eccd	ce6763fc0f180464c7bcaec358be0139224fc357acc5bef8765fcc689b882fa3	817d0d649fdbf537f3f930b67d845937880558c807914f229073f14ba4ec0995
production	sub-121	01	act	/ZPOOL/data/projects/srndna-ultimatum/derivatives/fsl/sub-121/L1_task-ultimatum_model-02_type-act_run-01_sm-6.feat	ok		200	28	27	27	27	0	27	9.827880491962205	8.674466035623088e-14	7			7:miss[EV]			0	1:comp[EV]|2:comp_p[EV]|3:in[EV]|4:in_p[EV]|5:out[EV]|6:out_p[EV]|7:miss[EV]|8:rt[EV]|9:rt_p[EV]|10:appended_nuisance|11:appended_nuisance|12:appended_nuisance|13:appended_nuisance|14:appended_nuisance|15:appended_nuisance|16:appended_nuisance|17:appended_nuisance|18:appended_nuisance|19:appended_nuisance|20:appended_nuisance|21:appended_nuisance|22:appended_nuisance|23:appended_nuisance|24:appended_nuisance|25:appended_nuisance|26:appended_nuisance|27:appended_nuisance|28:appended_nuisance	cd5e36683815a61910dc30e5681ba2401c4ed03528c8f3955e942cab342da0e0	cff0d98e3c7215d6ab897f5af0d02d4dd8323a8b98e9d3135f7b2358bec9da05	766c742eac42d00bea94f527538016abfae1255e41710796528ecff3d1e24c35
production	sub-121	01	nppi-dmn	/ZPOOL/data/projects/srndna-ultimatum/derivatives/fsl/sub-121/L1_task-ultimatum_model-02_type-nppi-dmn_run-01_sm-6.feat	ok		200	47	45	45	45	0	45	43.74035023679167	1.1567320041791506e-13	7|17			7:miss[EV]|17:miss[interaction]			0	1:comp[EV]|2:comp_p[EV]|3:in[EV]|4:in_p[EV]|5:out[EV]|6:out_p[EV]|7:miss[EV]|8:rt[EV]|9:rt_p[EV]|10:main[EV]|11:comp[interaction]|12:comp_p[interaction]|13:in[interaction]|14:in_p[interaction]|15:out[interaction]|16:out_p[interaction]|17:miss[interaction]|18:rt[interaction]|19:rt_p[interaction]|20:other[EV]|21:net0[EV]|22:net1[EV]|23:net2[EV]|24:net4[EV]|25:net5[EV]|26:net6[EV]|27:net8[EV]|28:net9[EV]|29:appended_nuisance|30:appended_nuisance|31:appended_nuisance|32:appended_nuisance|33:appended_nuisance|34:appended_nuisance|35:appended_nuisance|36:appended_nuisance|37:appended_nuisance|38:appended_nuisance|39:appended_nuisance|40:appended_nuisance|41:appended_nuisance|42:appended_nuisance|43:appended_nuisance|44:appended_nuisance|45:appended_nuisance|46:appended_nuisance|47:appended_nuisance	321d45ac84ca63b7471e284f111c0c24e5069bd072111fa45b3fd65a23de4003	50422cdb910d27f32e1f599b3687a30561b18613e99f9f5e3776558d2fb0911b	a92206d2f25b090f70cd985d20641d792e379ca960d15ffdafa9a697e3f96fdc
production	sub-121	01	nppi-ecn	/ZPOOL/data/projects/srndna-ultimatum/derivatives/fsl/sub-121/L1_task-ultimatum_model-02_type-nppi-ecn_run-01_sm-6.feat	ok		200	47	45	45	45	0	45	57.460671414196256	1.156178265538036e-13	7|17			7:miss[EV]|17:miss[interaction]			0	1:comp[EV]|2:comp_p[EV]|3:in[EV]|4:in_p[EV]|5:out[EV]|6:out_p[EV]|7:miss[EV]|8:rt[EV]|9:rt_p[EV]|10:main[EV]|11:comp[interaction]|12:comp_p[interaction]|13:in[interaction]|14:in_p[interaction]|15:out[interaction]|16:out_p[interaction]|17:miss[interaction]|18:rt[interaction]|19:rt_p[interaction]|20:other[EV]|21:net0[EV]|22:net1[EV]|23:net2[EV]|24:net4[EV]|25:net5[EV]|26:net6[EV]|27:net8[EV]|28:net9[EV]|29:appended_nuisance|30:appended_nuisance|31:appended_nuisance|32:appended_nuisance|33:appended_nuisance|34:appended_nuisance|35:appended_nuisance|36:appended_nuisance|37:appended_nuisance|38:appended_nuisance|39:appended_nuisance|40:appended_nuisance|41:appended_nuisance|42:appended_nuisance|43:appended_nuisance|44:appended_nuisance|45:appended_nuisance|46:appended_nuisance|47:appended_nuisance	dad055c380306523824422b9bf43af15a8f78a083516382da74627cb0f5cce40	6ec860ea0195859ce91331b501402c81d412f7f53bd0227eb411ae1bf5e8db51	26bcae22479f3cd128d95c9d38b5593ecc9ad8f023644fec06b052065ee25eff
production	sub-121	02	act	/ZPOOL/data/projects/srndna-ultimatum/derivatives/fsl/sub-121/L1_task-ultimatum_model-02_type-act_run-02_sm-6.feat	ok		200	28	27	27	27	0	27	12.725583836855922	8.525934479907491e-14	7			7:miss[EV]			0	1:comp[EV]|2:comp_p[EV]|3:in[EV]|4:in_p[EV]|5:out[EV]|6:out_p[EV]|7:miss[EV]|8:rt[EV]|9:rt_p[EV]|10:appended_nuisance|11:appended_nuisance|12:appended_nuisance|13:appended_nuisance|14:appended_nuisance|15:appended_nuisance|16:appended_nuisance|17:appended_nuisance|18:appended_nuisance|19:appended_nuisance|20:appended_nuisance|21:appended_nuisance|22:appended_nuisance|23:appended_nuisance|24:appended_nuisance|25:appended_nuisance|26:appended_nuisance|27:appended_nuisance|28:appended_nuisance	7cefebe0a4467a8f5755d42199a6f1da0344deac8c9bd744932d1aed0fd77353	9daf96ed3b5a072e82dd14727139a7f72ac59d3c13b9b63b08764b2f473564d7	89f66c9c089f403edabb642db1aa8c4d679e037fd00d881ba893a2494696aa2f
production	sub-121	02	nppi-dmn	/ZPOOL/data/projects/srndna-ultimatum/derivatives/fsl/sub-121/L1_task-ultimatum_model-02_type-nppi-dmn_run-02_sm-6.feat	ok		200	47	45	45	45	0	45	59.47268618076348	1.0963551609347622e-13	7|17			7:miss[EV]|17:miss[interaction]			0	1:comp[EV]|2:comp_p[EV]|3:in[EV]|4:in_p[EV]|5:out[EV]|6:out_p[EV]|7:miss[EV]|8:rt[EV]|9:rt_p[EV]|10:main[EV]|11:comp[interaction]|12:comp_p[interaction]|13:in[interaction]|14:in_p[interaction]|15:out[interaction]|16:out_p[interaction]|17:miss[interaction]|18:rt[interaction]|19:rt_p[interaction]|20:other[EV]|21:net0[EV]|22:net1[EV]|23:net2[EV]|24:net4[EV]|25:net5[EV]|26:net6[EV]|27:net8[EV]|28:net9[EV]|29:appended_nuisance|30:appended_nuisance|31:appended_nuisance|32:appended_nuisance|33:appended_nuisance|34:appended_nuisance|35:appended_nuisance|36:appended_nuisance|37:appended_nuisance|38:appended_nuisance|39:appended_nuisance|40:appended_nuisance|41:appended_nuisance|42:appended_nuisance|43:appended_nuisance|44:appended_nuisance|45:appended_nuisance|46:appended_nuisance|47:appended_nuisance	a0cd82b5b519b7d83af9632cf8541f530278be2a841237cf4a1e3f0283950d67	ccae9469746bde453c7f83ecc05e813971daa5f85ff6b83b01bd33cafeaef39e	69746430f84098109522e974f5682c7dc9d8ed1e4859fe51ba2ad9e0333d6fb7
production	sub-121	02	nppi-ecn	/ZPOOL/data/projects/srndna-ultimatum/derivatives/fsl/sub-121/L1_task-ultimatum_model-02_type-nppi-ecn_run-02_sm-6.feat	ok		200	47	45	45	45	0	45	41.506267548191744	1.1285863443384666e-13	7|17			7:miss[EV]|17:miss[interaction]			0	1:comp[EV]|2:comp_p[EV]|3:in[EV]|4:in_p[EV]|5:out[EV]|6:out_p[EV]|7:miss[EV]|8:rt[EV]|9:rt_p[EV]|10:main[EV]|11:comp[interaction]|12:comp_p[interaction]|13:in[interaction]|14:in_p[interaction]|15:out[interaction]|16:out_p[interaction]|17:miss[interaction]|18:rt[interaction]|19:rt_p[interaction]|20:other[EV]|21:net0[EV]|22:net1[EV]|23:net2[EV]|24:net4[EV]|25:net5[EV]|26:net6[EV]|27:net8[EV]|28:net9[EV]|29:appended_nuisance|30:appended_nuisance|31:appended_nuisance|32:appended_nuisance|33:appended_nuisance|34:appended_nuisance|35:appended_nuisance|36:appended_nuisance|37:appended_nuisance|38:appended_nuisance|39:appended_nuisance|40:appended_nuisance|41:appended_nuisance|42:appended_nuisance|43:appended_nuisance|44:appended_nuisance|45:appended_nuisance|46:appended_nuisance|47:appended_nuisance	db0ae252082538f95c00e6c30dc8cc753a4ad9d0de5944052cc3f44c2da67490	f9be1e037055e919a0f8ba3c82852f9b9075fc5c66d341503c0cf1926a39b10c	6724f58cdc69e73553c3424e1bcfec126c0e0290d6d8083607086c21f09d8eba
production	sub-122	01	act	/ZPOOL/data/projects/srndna-ultimatum/derivatives/fsl/sub-122/L1_task-ultimatum_model-02_type-act_run-01_sm-6.feat	ok		200	27	27	27	27	0	27	16.22569736282175	9.267150928070008e-14							0	1:comp[EV]|2:comp_p[EV]|3:in[EV]|4:in_p[EV]|5:out[EV]|6:out_p[EV]|7:miss[EV]|8:rt[EV]|9:rt_p[EV]|10:appended_nuisance|11:appended_nuisance|12:appended_nuisance|13:appended_nuisance|14:appended_nuisance|15:appended_nuisance|16:appended_nuisance|17:appended_nuisance|18:appended_nuisance|19:appended_nuisance|20:appended_nuisance|21:appended_nuisance|22:appended_nuisance|23:appended_nuisance|24:appended_nuisance|25:appended_nuisance|26:appended_nuisance|27:appended_nuisance	9f0e97ecfbef9d7e035bed6319dc3dd7bcfa792d512da66fb87a13cb5fa6e453	525c622ec62158e2b53ab8e71f5905857a04a3eed3fc4c94de58e225ed416681	406f10565569ff0b1af0342759aa1148b72a7d50d78e32d4e9375d0b830c5914
production	sub-122	01	nppi-dmn	/ZPOOL/data/projects/srndna-ultimatum/derivatives/fsl/sub-122/L1_task-ultimatum_model-02_type-nppi-dmn_run-01_sm-6.feat	ok		200	46	46	46	46	0	46	62.42301742463472	1.0965364039256873e-13							0	1:comp[EV]|2:comp_p[EV]|3:in[EV]|4:in_p[EV]|5:out[EV]|6:out_p[EV]|7:miss[EV]|8:rt[EV]|9:rt_p[EV]|10:main[EV]|11:comp[interaction]|12:comp_p[interaction]|13:in[interaction]|14:in_p[interaction]|15:out[interaction]|16:out_p[interaction]|17:miss[interaction]|18:rt[interaction]|19:rt_p[interaction]|20:other[EV]|21:net0[EV]|22:net1[EV]|23:net2[EV]|24:net4[EV]|25:net5[EV]|26:net6[EV]|27:net8[EV]|28:net9[EV]|29:appended_nuisance|30:appended_nuisance|31:appended_nuisance|32:appended_nuisance|33:appended_nuisance|34:appended_nuisance|35:appended_nuisance|36:appended_nuisance|37:appended_nuisance|38:appended_nuisance|39:appended_nuisance|40:appended_nuisance|41:appended_nuisance|42:appended_nuisance|43:appended_nuisance|44:appended_nuisance|45:appended_nuisance|46:appended_nuisance	e7ffa8fc6e25fddfac8ad72d826b7f5d431b887eaf0ca55f302733bf5076a66b	006914ea3df620954ecba3147820a392290210384601559a2374b67389c20526	4043f88a534a4ca382c59d72fe4ce9a0971cf01622a6fb5cdcc18633cb54d24d
production	sub-122	01	nppi-ecn	/ZPOOL/data/projects/srndna-ultimatum/derivatives/fsl/sub-122/L1_task-ultimatum_model-02_type-nppi-ecn_run-01_sm-6.feat	ok		200	46	46	46	46	0	46	58.25603784688754	1.2433829369415128e-13							0	1:comp[EV]|2:comp_p[EV]|3:in[EV]|4:in_p[EV]|5:out[EV]|6:out_p[EV]|7:miss[EV]|8:rt[EV]|9:rt_p[EV]|10:main[EV]|11:comp[interaction]|12:comp_p[interaction]|13:in[interaction]|14:in_p[interaction]|15:out[interaction]|16:out_p[interaction]|17:miss[interaction]|18:rt[interaction]|19:rt_p[interaction]|20:other[EV]|21:net0[EV]|22:net1[EV]|23:net2[EV]|24:net4[EV]|25:net5[EV]|26:net6[EV]|27:net8[EV]|28:net9[EV]|29:appended_nuisance|30:appended_nuisance|31:appended_nuisance|32:appended_nuisance|33:appended_nuisance|34:appended_nuisance|35:appended_nuisance|36:appended_nuisance|37:appended_nuisance|38:appended_nuisance|39:appended_nuisance|40:appended_nuisance|41:appended_nuisance|42:appended_nuisance|43:appended_nuisance|44:appended_nuisance|45:appended_nuisance|46:appended_nuisance	4ef7ec7be8947bf2576d3ec355a3c8207bfc96cf9b3949099306e94c902be8ac	5fa19d588661a35e0d2efa34792ca3037f40e77810071e0cd4617251c781b40b	a32d86b8c658ce65affb46f0ffd1d275fb49cc6de8253aaaec040aeaac2b90bf
production	sub-122	02	act	/ZPOOL/data/projects/srndna-ultimatum/derivatives/fsl/sub-122/L1_task-ultimatum_model-02_type-act_run-02_sm-6.feat	ok		200	28	27	27	27	0	27	20.86666913221267	9.723993462770441e-14	7			7:miss[EV]			0	1:comp[EV]|2:comp_p[EV]|3:in[EV]|4:in_p[EV]|5:out[EV]|6:out_p[EV]|7:miss[EV]|8:rt[EV]|9:rt_p[EV]|10:appended_nuisance|11:appended_nuisance|12:appended_nuisance|13:appended_nuisance|14:appended_nuisance|15:appended_nuisance|16:appended_nuisance|17:appended_nuisance|18:appended_nuisance|19:appended_nuisance|20:appended_nuisance|21:appended_nuisance|22:appended_nuisance|23:appended_nuisance|24:appended_nuisance|25:appended_nuisance|26:appended_nuisance|27:appended_nuisance|28:appended_nuisance	c745c3927dd12bcb21ffa05e61a6c8d3845e2f5f0a4d42e9bd01d013566d0d8b	02e5f433dadfe466642a5c66f4f862d72fdef938075babf1a6cc5f5c46a9cb0a	ac8436fca25540a4eee5152da35892ae2d3b0c0d7cb5ee837c19aac57e616b08
production	sub-122	02	nppi-dmn	/ZPOOL/data/projects/srndna-ultimatum/derivatives/fsl/sub-122/L1_task-ultimatum_model-02_type-nppi-dmn_run-02_sm-6.feat	ok		200	47	45	45	45	0	45	59.370579774123605	1.1277119184271571e-13	7|17			7:miss[EV]|17:miss[interaction]			0	1:comp[EV]|2:comp_p[EV]|3:in[EV]|4:in_p[EV]|5:out[EV]|6:out_p[EV]|7:miss[EV]|8:rt[EV]|9:rt_p[EV]|10:main[EV]|11:comp[interaction]|12:comp_p[interaction]|13:in[interaction]|14:in_p[interaction]|15:out[interaction]|16:out_p[interaction]|17:miss[interaction]|18:rt[interaction]|19:rt_p[interaction]|20:other[EV]|21:net0[EV]|22:net1[EV]|23:net2[EV]|24:net4[EV]|25:net5[EV]|26:net6[EV]|27:net8[EV]|28:net9[EV]|29:appended_nuisance|30:appended_nuisance|31:appended_nuisance|32:appended_nuisance|33:appended_nuisance|34:appended_nuisance|35:appended_nuisance|36:appended_nuisance|37:appended_nuisance|38:appended_nuisance|39:appended_nuisance|40:appended_nuisance|41:appended_nuisance|42:appended_nuisance|43:appended_nuisance|44:appended_nuisance|45:appended_nuisance|46:appended_nuisance|47:appended_nuisance	9fb35543259e5d4989be5b3428d4d80a9460362b696456a4b76cd94900c75955	e2dda240853809c0ef9235d529963729441f6beffd3fae8ebf6587085699033d	11b7af34f97245a237d3a8f1619bd3c048623a1dbc304270d3cdb9f113ba5633
production	sub-122	02	nppi-ecn	/ZPOOL/data/projects/srndna-ultimatum/derivatives/fsl/sub-122/L1_task-ultimatum_model-02_type-nppi-ecn_run-02_sm-6.feat	ok		200	47	45	45	45	0	45	74.35895967011832	1.255539295317018e-13	7|17			7:miss[EV]|17:miss[interaction]			0	1:comp[EV]|2:comp_p[EV]|3:in[EV]|4:in_p[EV]|5:out[EV]|6:out_p[EV]|7:miss[EV]|8:rt[EV]|9:rt_p[EV]|10:main[EV]|11:comp[interaction]|12:comp_p[interaction]|13:in[interaction]|14:in_p[interaction]|15:out[interaction]|16:out_p[interaction]|17:miss[interaction]|18:rt[interaction]|19:rt_p[interaction]|20:other[EV]|21:net0[EV]|22:net1[EV]|23:net2[EV]|24:net4[EV]|25:net5[EV]|26:net6[EV]|27:net8[EV]|28:net9[EV]|29:appended_nuisance|30:appended_nuisance|31:appended_nuisance|32:appended_nuisance|33:appended_nuisance|34:appended_nuisance|35:appended_nuisance|36:appended_nuisance|37:appended_nuisance|38:appended_nuisance|39:appended_nuisance|40:appended_nuisance|41:appended_nuisance|42:appended_nuisance|43:appended_nuisance|44:appended_nuisance|45:appended_nuisance|46:appended_nuisance|47:appended_nuisance	335cbd286251ba48b58f60e9a85418aad5442945477c14f3d2f58d5c0c0f724c	c54bb582091bd36672a3c8233204f142f607e34641298419a8e5fbff0b465aaa	852c85c6c57662e2e859856ca7bf06a51405975b4f50075720503b4113b2e9da
production	sub-124	01	act	/ZPOOL/data/projects/srndna-ultimatum/derivatives/fsl/sub-124/L1_task-ultimatum_model-02_type-act_run-01_sm-6.feat	ok		200	27	27	27	27	0	27	12.141318498059299	9.5287076866696e-14							0	1:comp[EV]|2:comp_p[EV]|3:in[EV]|4:in_p[EV]|5:out[EV]|6:out_p[EV]|7:miss[EV]|8:rt[EV]|9:rt_p[EV]|10:appended_nuisance|11:appended_nuisance|12:appended_nuisance|13:appended_nuisance|14:appended_nuisance|15:appended_nuisance|16:appended_nuisance|17:appended_nuisance|18:appended_nuisance|19:appended_nuisance|20:appended_nuisance|21:appended_nuisance|22:appended_nuisance|23:appended_nuisance|24:appended_nuisance|25:appended_nuisance|26:appended_nuisance|27:appended_nuisance	2fd6bb8500d4b9a87c0b88e7360204abe56bc63a351fde3972847923256a175e	dbdb6c25e12755ab71ccba937a505b7e65c1a968cb1abcd389b3d848c2665459	25cb30d101ec9b457f0b006cf881472a4e2504784a8ec95090d29b27b844deab
production	sub-124	01	nppi-dmn	/ZPOOL/data/projects/srndna-ultimatum/derivatives/fsl/sub-124/L1_task-ultimatum_model-02_type-nppi-dmn_run-01_sm-6.feat	ok		200	46	46	46	46	0	46	60.32275578130393	1.1595111976109245e-13							0	1:comp[EV]|2:comp_p[EV]|3:in[EV]|4:in_p[EV]|5:out[EV]|6:out_p[EV]|7:miss[EV]|8:rt[EV]|9:rt_p[EV]|10:main[EV]|11:comp[interaction]|12:comp_p[interaction]|13:in[interaction]|14:in_p[interaction]|15:out[interaction]|16:out_p[interaction]|17:miss[interaction]|18:rt[interaction]|19:rt_p[interaction]|20:other[EV]|21:net0[EV]|22:net1[EV]|23:net2[EV]|24:net4[EV]|25:net5[EV]|26:net6[EV]|27:net8[EV]|28:net9[EV]|29:appended_nuisance|30:appended_nuisance|31:appended_nuisance|32:appended_nuisance|33:appended_nuisance|34:appended_nuisance|35:appended_nuisance|36:appended_nuisance|37:appended_nuisance|38:appended_nuisance|39:appended_nuisance|40:appended_nuisance|41:appended_nuisance|42:appended_nuisance|43:appended_nuisance|44:appended_nuisance|45:appended_nuisance|46:appended_nuisance	6afae5a26a19d0774cb5e023fe808f87006974174eb43d468296e774375a5b3c	5816ec68d2d3c068b6c0707452f650896cbc69084d9f170e35cfc99e432c301d	4d4545369e10b53fcc34839684695b591a4cb781bf8951b90b2452b9d37391f5
production	sub-124	01	nppi-ecn	/ZPOOL/data/projects/srndna-ultimatum/derivatives/fsl/sub-124/L1_task-ultimatum_model-02_type-nppi-ecn_run-01_sm-6.feat	ok		200	46	46	46	46	0	46	71.92763295659917	1.224951615298977e-13							0	1:comp[EV]|2:comp_p[EV]|3:in[EV]|4:in_p[EV]|5:out[EV]|6:out_p[EV]|7:miss[EV]|8:rt[EV]|9:rt_p[EV]|10:main[EV]|11:comp[interaction]|12:comp_p[interaction]|13:in[interaction]|14:in_p[interaction]|15:out[interaction]|16:out_p[interaction]|17:miss[interaction]|18:rt[interaction]|19:rt_p[interaction]|20:other[EV]|21:net0[EV]|22:net1[EV]|23:net2[EV]|24:net4[EV]|25:net5[EV]|26:net6[EV]|27:net8[EV]|28:net9[EV]|29:appended_nuisance|30:appended_nuisance|31:appended_nuisance|32:appended_nuisance|33:appended_nuisance|34:appended_nuisance|35:appended_nuisance|36:appended_nuisance|37:appended_nuisance|38:appended_nuisance|39:appended_nuisance|40:appended_nuisance|41:appended_nuisance|42:appended_nuisance|43:appended_nuisance|44:appended_nuisance|45:appended_nuisance|46:appended_nuisance	9f2b9808a5b515d9243b716457c15766aad615f657db8424319531075fd8c0d4	589b657824c3bd40e162f496cb7181f0da5ad0cd8d2530b9ddb44b4c048a52e7	2da4fdc27a0d03866175c24bb2b435f67e483bbcbe42f96805a3d671c026e945
production	sub-124	02	act	/ZPOOL/data/projects/srndna-ultimatum/derivatives/fsl/sub-124/L1_task-ultimatum_model-02_type-act_run-02_sm-6.feat	ok		200	31	30	30	30	0	30	9.06840807678306	7.87887861363703e-14	7			7:miss[EV]			0	1:comp[EV]|2:comp_p[EV]|3:in[EV]|4:in_p[EV]|5:out[EV]|6:out_p[EV]|7:miss[EV]|8:rt[EV]|9:rt_p[EV]|10:appended_nuisance|11:appended_nuisance|12:appended_nuisance|13:appended_nuisance|14:appended_nuisance|15:appended_nuisance|16:appended_nuisance|17:appended_nuisance|18:appended_nuisance|19:appended_nuisance|20:appended_nuisance|21:appended_nuisance|22:appended_nuisance|23:appended_nuisance|24:appended_nuisance|25:appended_nuisance|26:appended_nuisance|27:appended_nuisance|28:appended_nuisance|29:appended_nuisance|30:appended_nuisance|31:appended_nuisance	58de4392e7e671ee94bfead58d7ef6ca58dc689c75e8647162b82ea04a342d31	e9886198dec22217b8ca2e2cc9119a1b8c5910086bc4e7784295f0d1c006053e	2d3dc168880753128df4a822299db9f5ec904bea41e9e3ae9b23e91a2d6fe2f8
production	sub-124	02	nppi-dmn	/ZPOOL/data/projects/srndna-ultimatum/derivatives/fsl/sub-124/L1_task-ultimatum_model-02_type-nppi-dmn_run-02_sm-6.feat	ok		200	50	48	48	48	0	48	48.89634863258904	1.1802244492075348e-13	7|17			7:miss[EV]|17:miss[interaction]			0	1:comp[EV]|2:comp_p[EV]|3:in[EV]|4:in_p[EV]|5:out[EV]|6:out_p[EV]|7:miss[EV]|8:rt[EV]|9:rt_p[EV]|10:main[EV]|11:comp[interaction]|12:comp_p[interaction]|13:in[interaction]|14:in_p[interaction]|15:out[interaction]|16:out_p[interaction]|17:miss[interaction]|18:rt[interaction]|19:rt_p[interaction]|20:other[EV]|21:net0[EV]|22:net1[EV]|23:net2[EV]|24:net4[EV]|25:net5[EV]|26:net6[EV]|27:net8[EV]|28:net9[EV]|29:appended_nuisance|30:appended_nuisance|31:appended_nuisance|32:appended_nuisance|33:appended_nuisance|34:appended_nuisance|35:appended_nuisance|36:appended_nuisance|37:appended_nuisance|38:appended_nuisance|39:appended_nuisance|40:appended_nuisance|41:appended_nuisance|42:appended_nuisance|43:appended_nuisance|44:appended_nuisance|45:appended_nuisance|46:appended_nuisance|47:appended_nuisance|48:appended_nuisance|49:appended_nuisance|50:appended_nuisance	924b71faaab85ecd48c7d4c7971403bb3f0e50b5a233be52da4d97aec17581d3	422abdd454ddc1d1095427ed9c66ff85074dd6de79d3a2090d00a824cb10815c	f80dd8bacafe2fc7de2886c412631ae82fc5fb6fb2d896f3d34fdf33f00db2f8
production	sub-124	02	nppi-ecn	/ZPOOL/data/projects/srndna-ultimatum/derivatives/fsl/sub-124/L1_task-ultimatum_model-02_type-nppi-ecn_run-02_sm-6.feat	ok		200	50	48	48	48	0	48	56.098882720321555	1.2587552115914665e-13	7|17			7:miss[EV]|17:miss[interaction]			0	1:comp[EV]|2:comp_p[EV]|3:in[EV]|4:in_p[EV]|5:out[EV]|6:out_p[EV]|7:miss[EV]|8:rt[EV]|9:rt_p[EV]|10:main[EV]|11:comp[interaction]|12:comp_p[interaction]|13:in[interaction]|14:in_p[interaction]|15:out[interaction]|16:out_p[interaction]|17:miss[interaction]|18:rt[interaction]|19:rt_p[interaction]|20:other[EV]|21:net0[EV]|22:net1[EV]|23:net2[EV]|24:net4[EV]|25:net5[EV]|26:net6[EV]|27:net8[EV]|28:net9[EV]|29:appended_nuisance|30:appended_nuisance|31:appended_nuisance|32:appended_nuisance|33:appended_nuisance|34:appended_nuisance|35:appended_nuisance|36:appended_nuisance|37:appended_nuisance|38:appended_nuisance|39:appended_nuisance|40:appended_nuisance|41:appended_nuisance|42:appended_nuisance|43:appended_nuisance|44:appended_nuisance|45:appended_nuisance|46:appended_nuisance|47:appended_nuisance|48:appended_nuisance|49:appended_nuisance|50:appended_nuisance	8b7375340f519cbb992f7479b959962f87e3581031e23a0873d0db85af950070	a30c81460ba27bdbd193aa61fc4b512fbb0871189ecdc05a6fd44a212765f43c	577ae6b01a6dfd006fc659f5a3f98b0d9a205b1fc0d318549c50f8551eb376ed
production	sub-125	01	act	/ZPOOL/data/projects/srndna-ultimatum/derivatives/fsl/sub-125/L1_task-ultimatum_model-02_type-act_run-01_sm-6.feat	ok		200	29	29	29	29	0	29	11.997635537099438	8.862900564314732e-14							0	1:comp[EV]|2:comp_p[EV]|3:in[EV]|4:in_p[EV]|5:out[EV]|6:out_p[EV]|7:miss[EV]|8:rt[EV]|9:rt_p[EV]|10:appended_nuisance|11:appended_nuisance|12:appended_nuisance|13:appended_nuisance|14:appended_nuisance|15:appended_nuisance|16:appended_nuisance|17:appended_nuisance|18:appended_nuisance|19:appended_nuisance|20:appended_nuisance|21:appended_nuisance|22:appended_nuisance|23:appended_nuisance|24:appended_nuisance|25:appended_nuisance|26:appended_nuisance|27:appended_nuisance|28:appended_nuisance|29:appended_nuisance	6789e7220f07f1ee84bdc24b10a5292fe3a684b0c2347fdae018e0d20266b9ac	6fadc8f47ecb8607c4fdb2a0e64c946b30c860adcf3f25f94ee7e06611757489	68f6774e0051ab1269e9c1bc52fe18bc1bfa3c076db2f5b697f8db450acbfcba
production	sub-125	01	nppi-dmn	/ZPOOL/data/projects/srndna-ultimatum/derivatives/fsl/sub-125/L1_task-ultimatum_model-02_type-nppi-dmn_run-01_sm-6.feat	ok		200	48	48	48	48	0	48	71.44711581309959	1.0472873956352754e-13							0	1:comp[EV]|2:comp_p[EV]|3:in[EV]|4:in_p[EV]|5:out[EV]|6:out_p[EV]|7:miss[EV]|8:rt[EV]|9:rt_p[EV]|10:main[EV]|11:comp[interaction]|12:comp_p[interaction]|13:in[interaction]|14:in_p[interaction]|15:out[interaction]|16:out_p[interaction]|17:miss[interaction]|18:rt[interaction]|19:rt_p[interaction]|20:other[EV]|21:net0[EV]|22:net1[EV]|23:net2[EV]|24:net4[EV]|25:net5[EV]|26:net6[EV]|27:net8[EV]|28:net9[EV]|29:appended_nuisance|30:appended_nuisance|31:appended_nuisance|32:appended_nuisance|33:appended_nuisance|34:appended_nuisance|35:appended_nuisance|36:appended_nuisance|37:appended_nuisance|38:appended_nuisance|39:appended_nuisance|40:appended_nuisance|41:appended_nuisance|42:appended_nuisance|43:appended_nuisance|44:appended_nuisance|45:appended_nuisance|46:appended_nuisance|47:appended_nuisance|48:appended_nuisance	7dc7c9ee528ec858275d9f8dbb6384916fff10a3574187690d3d48a9cf11a151	a139c0f63b330dda6c3e0820969fd1046b73a20c00a4331fb56ff2354277adfc	54c3a21c6a45a34b56d5d24beaf7c44e2a159ecaaf122be60e2ea2796119ed57
production	sub-125	01	nppi-ecn	/ZPOOL/data/projects/srndna-ultimatum/derivatives/fsl/sub-125/L1_task-ultimatum_model-02_type-nppi-ecn_run-01_sm-6.feat	ok		200	48	48	48	48	0	48	66.1972430399786	1.2264562493830634e-13							0	1:comp[EV]|2:comp_p[EV]|3:in[EV]|4:in_p[EV]|5:out[EV]|6:out_p[EV]|7:miss[EV]|8:rt[EV]|9:rt_p[EV]|10:main[EV]|11:comp[interaction]|12:comp_p[interaction]|13:in[interaction]|14:in_p[interaction]|15:out[interaction]|16:out_p[interaction]|17:miss[interaction]|18:rt[interaction]|19:rt_p[interaction]|20:other[EV]|21:net0[EV]|22:net1[EV]|23:net2[EV]|24:net4[EV]|25:net5[EV]|26:net6[EV]|27:net8[EV]|28:net9[EV]|29:appended_nuisance|30:appended_nuisance|31:appended_nuisance|32:appended_nuisance|33:appended_nuisance|34:appended_nuisance|35:appended_nuisance|36:appended_nuisance|37:appended_nuisance|38:appended_nuisance|39:appended_nuisance|40:appended_nuisance|41:appended_nuisance|42:appended_nuisance|43:appended_nuisance|44:appended_nuisance|45:appended_nuisance|46:appended_nuisance|47:appended_nuisance|48:appended_nuisance	ae17d29510cb0a07854b824452a523e0c9dbb88c50465ea071151774449342ec	bb6f826db7b07d13a9a54fb9974d8009c9fc0cea4bcf823e1ae669f1d0863cd3	8d3e94dfc9463abc0524a1a22cfcd538114b8885668cf5c53033d7fa9c18ff30
production	sub-125	02	act	/ZPOOL/data/projects/srndna-ultimatum/derivatives/fsl/sub-125/L1_task-ultimatum_model-02_type-act_run-02_sm-6.feat	ok		200	28	27	27	27	0	27	9.906821543630674	8.993771575739744e-14	7			7:miss[EV]			0	1:comp[EV]|2:comp_p[EV]|3:in[EV]|4:in_p[EV]|5:out[EV]|6:out_p[EV]|7:miss[EV]|8:rt[EV]|9:rt_p[EV]|10:appended_nuisance|11:appended_nuisance|12:appended_nuisance|13:appended_nuisance|14:appended_nuisance|15:appended_nuisance|16:appended_nuisance|17:appended_nuisance|18:appended_nuisance|19:appended_nuisance|20:appended_nuisance|21:appended_nuisance|22:appended_nuisance|23:appended_nuisance|24:appended_nuisance|25:appended_nuisance|26:appended_nuisance|27:appended_nuisance|28:appended_nuisance	af43c3808ef764191dcd7a857c3bb2e8c155c9f3a41a12b7132829af576ce6b7	2e6d128e948692b430fd53a015a371c2f5130c020c230905e5059b3e4973f6f4	09261255f63fa19bb2ad0e7c4122c83844f8233dbac689f57c66439c7208a9ce
production	sub-125	02	nppi-dmn	/ZPOOL/data/projects/srndna-ultimatum/derivatives/fsl/sub-125/L1_task-ultimatum_model-02_type-nppi-dmn_run-02_sm-6.feat	ok		200	47	45	45	45	0	45	45.07008095550506	1.1040593433662103e-13	7|17			7:miss[EV]|17:miss[interaction]			0	1:comp[EV]|2:comp_p[EV]|3:in[EV]|4:in_p[EV]|5:out[EV]|6:out_p[EV]|7:miss[EV]|8:rt[EV]|9:rt_p[EV]|10:main[EV]|11:comp[interaction]|12:comp_p[interaction]|13:in[interaction]|14:in_p[interaction]|15:out[interaction]|16:out_p[interaction]|17:miss[interaction]|18:rt[interaction]|19:rt_p[interaction]|20:other[EV]|21:net0[EV]|22:net1[EV]|23:net2[EV]|24:net4[EV]|25:net5[EV]|26:net6[EV]|27:net8[EV]|28:net9[EV]|29:appended_nuisance|30:appended_nuisance|31:appended_nuisance|32:appended_nuisance|33:appended_nuisance|34:appended_nuisance|35:appended_nuisance|36:appended_nuisance|37:appended_nuisance|38:appended_nuisance|39:appended_nuisance|40:appended_nuisance|41:appended_nuisance|42:appended_nuisance|43:appended_nuisance|44:appended_nuisance|45:appended_nuisance|46:appended_nuisance|47:appended_nuisance	98987c1ec70dcaf7311d74baaca835837a40231c0a733390c5e9ddd2bb7a5072	d1e6ba5dd77022e9e4387b0817f06f397cb6c2d8e3f97481db087b502d1d64d4	6c84fc86016ac1cc79b234f1d4dcd2660fa52f052d06c0e91ec9b3b95cae469d
production	sub-125	02	nppi-ecn	/ZPOOL/data/projects/srndna-ultimatum/derivatives/fsl/sub-125/L1_task-ultimatum_model-02_type-nppi-ecn_run-02_sm-6.feat	ok		200	47	45	45	45	0	45	48.301794879895915	1.2298479215116238e-13	7|17			7:miss[EV]|17:miss[interaction]			0	1:comp[EV]|2:comp_p[EV]|3:in[EV]|4:in_p[EV]|5:out[EV]|6:out_p[EV]|7:miss[EV]|8:rt[EV]|9:rt_p[EV]|10:main[EV]|11:comp[interaction]|12:comp_p[interaction]|13:in[interaction]|14:in_p[interaction]|15:out[interaction]|16:out_p[interaction]|17:miss[interaction]|18:rt[interaction]|19:rt_p[interaction]|20:other[EV]|21:net0[EV]|22:net1[EV]|23:net2[EV]|24:net4[EV]|25:net5[EV]|26:net6[EV]|27:net8[EV]|28:net9[EV]|29:appended_nuisance|30:appended_nuisance|31:appended_nuisance|32:appended_nuisance|33:appended_nuisance|34:appended_nuisance|35:appended_nuisance|36:appended_nuisance|37:appended_nuisance|38:appended_nuisance|39:appended_nuisance|40:appended_nuisance|41:appended_nuisance|42:appended_nuisance|43:appended_nuisance|44:appended_nuisance|45:appended_nuisance|46:appended_nuisance|47:appended_nuisance	c795b492833731962688571b7279a2d701b3ad7ed3b7e0c77f4ad0063d450646	aee26e77cc8bba2adeb21542992cec346fc37150af1c4ec5e70858ee24e34c1f	da8c2eb453afe0b24773eeb170bb930edb0c226074f4ff5373d045e5eeabf849
production	sub-126	01	act	/ZPOOL/data/projects/srndna-ultimatum/derivatives/fsl/sub-126/L1_task-ultimatum_model-02_type-act_run-01_sm-6.feat	ok		200	27	27	27	27	0	27	24.232859030605837	1.0260827408546527e-13							0	1:comp[EV]|2:comp_p[EV]|3:in[EV]|4:in_p[EV]|5:out[EV]|6:out_p[EV]|7:miss[EV]|8:rt[EV]|9:rt_p[EV]|10:appended_nuisance|11:appended_nuisance|12:appended_nuisance|13:appended_nuisance|14:appended_nuisance|15:appended_nuisance|16:appended_nuisance|17:appended_nuisance|18:appended_nuisance|19:appended_nuisance|20:appended_nuisance|21:appended_nuisance|22:appended_nuisance|23:appended_nuisance|24:appended_nuisance|25:appended_nuisance|26:appended_nuisance|27:appended_nuisance	73f7b11307f01ea2c42d1e3eb4a2ffbc8a47479162c594f4582ff1eb19180a5c	51c71e15e99c6f7bace98c6faaa2087f4f5fa2444712c1b747c5e9325806373a	b50472c02971fb645135fbb6a73df22b681768783e60d781896cb0fff68812ba
production	sub-126	01	nppi-dmn	/ZPOOL/data/projects/srndna-ultimatum/derivatives/fsl/sub-126/L1_task-ultimatum_model-02_type-nppi-dmn_run-01_sm-6.feat	ok		200	46	46	46	46	0	46	60.10110866680545	1.3278411307887e-13							0	1:comp[EV]|2:comp_p[EV]|3:in[EV]|4:in_p[EV]|5:out[EV]|6:out_p[EV]|7:miss[EV]|8:rt[EV]|9:rt_p[EV]|10:main[EV]|11:comp[interaction]|12:comp_p[interaction]|13:in[interaction]|14:in_p[interaction]|15:out[interaction]|16:out_p[interaction]|17:miss[interaction]|18:rt[interaction]|19:rt_p[interaction]|20:other[EV]|21:net0[EV]|22:net1[EV]|23:net2[EV]|24:net4[EV]|25:net5[EV]|26:net6[EV]|27:net8[EV]|28:net9[EV]|29:appended_nuisance|30:appended_nuisance|31:appended_nuisance|32:appended_nuisance|33:appended_nuisance|34:appended_nuisance|35:appended_nuisance|36:appended_nuisance|37:appended_nuisance|38:appended_nuisance|39:appended_nuisance|40:appended_nuisance|41:appended_nuisance|42:appended_nuisance|43:appended_nuisance|44:appended_nuisance|45:appended_nuisance|46:appended_nuisance	5fe80d63e1fdf36c2a2145d9ec43870e239ca7551ac9f6f7e9304f08a4364cdd	c7b8624ae01ad69cb66f9624db9c331ae643613c29942cb26a3207dd23431241	f3a1141bf35c78524a96263d6f735791adfd51032ec60f790a54c2383aca0acc
production	sub-126	01	nppi-ecn	/ZPOOL/data/projects/srndna-ultimatum/derivatives/fsl/sub-126/L1_task-ultimatum_model-02_type-nppi-ecn_run-01_sm-6.feat	ok		200	46	46	46	46	0	46	87.4699464452128	1.436454592650144e-13							0	1:comp[EV]|2:comp_p[EV]|3:in[EV]|4:in_p[EV]|5:out[EV]|6:out_p[EV]|7:miss[EV]|8:rt[EV]|9:rt_p[EV]|10:main[EV]|11:comp[interaction]|12:comp_p[interaction]|13:in[interaction]|14:in_p[interaction]|15:out[interaction]|16:out_p[interaction]|17:miss[interaction]|18:rt[interaction]|19:rt_p[interaction]|20:other[EV]|21:net0[EV]|22:net1[EV]|23:net2[EV]|24:net4[EV]|25:net5[EV]|26:net6[EV]|27:net8[EV]|28:net9[EV]|29:appended_nuisance|30:appended_nuisance|31:appended_nuisance|32:appended_nuisance|33:appended_nuisance|34:appended_nuisance|35:appended_nuisance|36:appended_nuisance|37:appended_nuisance|38:appended_nuisance|39:appended_nuisance|40:appended_nuisance|41:appended_nuisance|42:appended_nuisance|43:appended_nuisance|44:appended_nuisance|45:appended_nuisance|46:appended_nuisance	f4538dd9f317e630fbce9daa049e1faa81de1416de64da801ab1b512d3b76b1f	7c6e863ed8be928dabb9092c6515ca9cdab8715a8a3e0c8627a7c51d5028361a	4f33bd73fd3c7ad848a1a467933fba247bb5a2cbdab5eb70d1db095c7758cae4
production	sub-126	02	act	/ZPOOL/data/projects/srndna-ultimatum/derivatives/fsl/sub-126/L1_task-ultimatum_model-02_type-act_run-02_sm-6.feat	ok		200	28	28	28	28	0	28	25.380127855531207	1.1247180204299288e-13							0	1:comp[EV]|2:comp_p[EV]|3:in[EV]|4:in_p[EV]|5:out[EV]|6:out_p[EV]|7:miss[EV]|8:rt[EV]|9:rt_p[EV]|10:appended_nuisance|11:appended_nuisance|12:appended_nuisance|13:appended_nuisance|14:appended_nuisance|15:appended_nuisance|16:appended_nuisance|17:appended_nuisance|18:appended_nuisance|19:appended_nuisance|20:appended_nuisance|21:appended_nuisance|22:appended_nuisance|23:appended_nuisance|24:appended_nuisance|25:appended_nuisance|26:appended_nuisance|27:appended_nuisance|28:appended_nuisance	afe1c00d61a857c69f8706611de9730750ad2c021bf02fab1262d466889bf88b	5c7ca521d44d672789399c7c64d0c11147cbc772fb5f4c9385589a8bf2843ab1	b8816687df3d53f78a56cab5c4c2255b63718d045368f8754dca061642ad7c19
production	sub-126	02	nppi-dmn	/ZPOOL/data/projects/srndna-ultimatum/derivatives/fsl/sub-126/L1_task-ultimatum_model-02_type-nppi-dmn_run-02_sm-6.feat	ok		200	47	47	47	47	0	47	62.10153648291286	1.506920257291104e-13							0	1:comp[EV]|2:comp_p[EV]|3:in[EV]|4:in_p[EV]|5:out[EV]|6:out_p[EV]|7:miss[EV]|8:rt[EV]|9:rt_p[EV]|10:main[EV]|11:comp[interaction]|12:comp_p[interaction]|13:in[interaction]|14:in_p[interaction]|15:out[interaction]|16:out_p[interaction]|17:miss[interaction]|18:rt[interaction]|19:rt_p[interaction]|20:other[EV]|21:net0[EV]|22:net1[EV]|23:net2[EV]|24:net4[EV]|25:net5[EV]|26:net6[EV]|27:net8[EV]|28:net9[EV]|29:appended_nuisance|30:appended_nuisance|31:appended_nuisance|32:appended_nuisance|33:appended_nuisance|34:appended_nuisance|35:appended_nuisance|36:appended_nuisance|37:appended_nuisance|38:appended_nuisance|39:appended_nuisance|40:appended_nuisance|41:appended_nuisance|42:appended_nuisance|43:appended_nuisance|44:appended_nuisance|45:appended_nuisance|46:appended_nuisance|47:appended_nuisance	2f6ac0c59b3f59a591fbbfb098040c867023aaa8d9c364659194c8dc51221cdc	54a944e6ca1847c402c983a4ddf13c7693a52a113d149aaea42162cb34aac7da	7155b1feb3db6ffcef9af9f5e5c756ca1ad0873156d2d306a2e0ce15c08c03d7
production	sub-126	02	nppi-ecn	/ZPOOL/data/projects/srndna-ultimatum/derivatives/fsl/sub-126/L1_task-ultimatum_model-02_type-nppi-ecn_run-02_sm-6.feat	ok		200	47	47	47	47	0	47	86.64115470089628	1.487107987109959e-13							0	1:comp[EV]|2:comp_p[EV]|3:in[EV]|4:in_p[EV]|5:out[EV]|6:out_p[EV]|7:miss[EV]|8:rt[EV]|9:rt_p[EV]|10:main[EV]|11:comp[interaction]|12:comp_p[interaction]|13:in[interaction]|14:in_p[interaction]|15:out[interaction]|16:out_p[interaction]|17:miss[interaction]|18:rt[interaction]|19:rt_p[interaction]|20:other[EV]|21:net0[EV]|22:net1[EV]|23:net2[EV]|24:net4[EV]|25:net5[EV]|26:net6[EV]|27:net8[EV]|28:net9[EV]|29:appended_nuisance|30:appended_nuisance|31:appended_nuisance|32:appended_nuisance|33:appended_nuisance|34:appended_nuisance|35:appended_nuisance|36:appended_nuisance|37:appended_nuisance|38:appended_nuisance|39:appended_nuisance|40:appended_nuisance|41:appended_nuisance|42:appended_nuisance|43:appended_nuisance|44:appended_nuisance|45:appended_nuisance|46:appended_nuisance|47:appended_nuisance	15d5132ca0dd01f75c299303ea7222d450d9c1e62502d85a73beaa0f257b0b0d	7b3cedb842035c9251124520f59877e1cf4598c00d4b42b1a35e86d8477034a2	44fb73ab86711effe2449cd0e0a0ca4afc6c6ca4ff95a57e29ba0eb0f53ce67e
production	sub-127	01	act	/ZPOOL/data/projects/srndna-ultimatum/derivatives/fsl/sub-127/L1_task-ultimatum_model-02_type-act_run-01_sm-6.feat	ok		200	28	28	28	28	0	28	29.081759299733605	1.0096221893493353e-13							0	1:comp[EV]|2:comp_p[EV]|3:in[EV]|4:in_p[EV]|5:out[EV]|6:out_p[EV]|7:miss[EV]|8:rt[EV]|9:rt_p[EV]|10:appended_nuisance|11:appended_nuisance|12:appended_nuisance|13:appended_nuisance|14:appended_nuisance|15:appended_nuisance|16:appended_nuisance|17:appended_nuisance|18:appended_nuisance|19:appended_nuisance|20:appended_nuisance|21:appended_nuisance|22:appended_nuisance|23:appended_nuisance|24:appended_nuisance|25:appended_nuisance|26:appended_nuisance|27:appended_nuisance|28:appended_nuisance	59d8b922ffe6aea549d7d89948ad2b6a6edbae4e9766ae06e045c9cf01557dce	6486eb04206c7a99ae331dae78ac0dff4e4fb88a8ee250991f5ae73fb0483ac6	fbc650633d8f4124704a052ce4f7ebee5e6dcdcfdba2774f2f1980ba7bbd91ad
production	sub-127	01	nppi-dmn	/ZPOOL/data/projects/srndna-ultimatum/derivatives/fsl/sub-127/L1_task-ultimatum_model-02_type-nppi-dmn_run-01_sm-6.feat	ok		200	47	47	47	47	0	47	71.6086368606779	1.2315968832165732e-13							0	1:comp[EV]|2:comp_p[EV]|3:in[EV]|4:in_p[EV]|5:out[EV]|6:out_p[EV]|7:miss[EV]|8:rt[EV]|9:rt_p[EV]|10:main[EV]|11:comp[interaction]|12:comp_p[interaction]|13:in[interaction]|14:in_p[interaction]|15:out[interaction]|16:out_p[interaction]|17:miss[interaction]|18:rt[interaction]|19:rt_p[interaction]|20:other[EV]|21:net0[EV]|22:net1[EV]|23:net2[EV]|24:net4[EV]|25:net5[EV]|26:net6[EV]|27:net8[EV]|28:net9[EV]|29:appended_nuisance|30:appended_nuisance|31:appended_nuisance|32:appended_nuisance|33:appended_nuisance|34:appended_nuisance|35:appended_nuisance|36:appended_nuisance|37:appended_nuisance|38:appended_nuisance|39:appended_nuisance|40:appended_nuisance|41:appended_nuisance|42:appended_nuisance|43:appended_nuisance|44:appended_nuisance|45:appended_nuisance|46:appended_nuisance|47:appended_nuisance	4a19dfcb2a23d968abd964f293133620ccf8b361cc3ac993cd9fa077c330178a	f10c4769c5c11f0a76965df03704b2330d3baeb3e5d640c3e7b6318ecf7a5de4	46f4657012efaedbb2ce81d1bf5af0baac1c9229594ca561b5f0239282e9aaa7
production	sub-127	01	nppi-ecn	/ZPOOL/data/projects/srndna-ultimatum/derivatives/fsl/sub-127/L1_task-ultimatum_model-02_type-nppi-ecn_run-01_sm-6.feat	ok		200	47	47	47	47	0	47	79.79491736830104	1.3004515399481862e-13							0	1:comp[EV]|2:comp_p[EV]|3:in[EV]|4:in_p[EV]|5:out[EV]|6:out_p[EV]|7:miss[EV]|8:rt[EV]|9:rt_p[EV]|10:main[EV]|11:comp[interaction]|12:comp_p[interaction]|13:in[interaction]|14:in_p[interaction]|15:out[interaction]|16:out_p[interaction]|17:miss[interaction]|18:rt[interaction]|19:rt_p[interaction]|20:other[EV]|21:net0[EV]|22:net1[EV]|23:net2[EV]|24:net4[EV]|25:net5[EV]|26:net6[EV]|27:net8[EV]|28:net9[EV]|29:appended_nuisance|30:appended_nuisance|31:appended_nuisance|32:appended_nuisance|33:appended_nuisance|34:appended_nuisance|35:appended_nuisance|36:appended_nuisance|37:appended_nuisance|38:appended_nuisance|39:appended_nuisance|40:appended_nuisance|41:appended_nuisance|42:appended_nuisance|43:appended_nuisance|44:appended_nuisance|45:appended_nuisance|46:appended_nuisance|47:appended_nuisance	94696b033902cfaab28bc3cd7059b1780317fdd9bc15e9d4830b6622b4d7bbee	efcbf2c7d6224ac7476aa5ef20ff2f00a2fcd682320c75e9ae2c4be675d4837a	eeee6f37b0da50c6d871cc93546d0b76433a9e2ff73caa7a3c8542cb4db6b671
production	sub-127	02	act	/ZPOOL/data/projects/srndna-ultimatum/derivatives/fsl/sub-127/L1_task-ultimatum_model-02_type-act_run-02_sm-6.feat	ok		200	28	27	27	27	0	27	16.430179460976458	9.347986018330617e-14	7			7:miss[EV]			0	1:comp[EV]|2:comp_p[EV]|3:in[EV]|4:in_p[EV]|5:out[EV]|6:out_p[EV]|7:miss[EV]|8:rt[EV]|9:rt_p[EV]|10:appended_nuisance|11:appended_nuisance|12:appended_nuisance|13:appended_nuisance|14:appended_nuisance|15:appended_nuisance|16:appended_nuisance|17:appended_nuisance|18:appended_nuisance|19:appended_nuisance|20:appended_nuisance|21:appended_nuisance|22:appended_nuisance|23:appended_nuisance|24:appended_nuisance|25:appended_nuisance|26:appended_nuisance|27:appended_nuisance|28:appended_nuisance	8fae6ae98781504acd566863c2dfba097a1705ba705876da5db613c99d5c9a7d	2f4bc00a24caef8d1dd50ad0b48852cb40378553d0716a26001b5c12e3427f93	fed6756d4b4f7cc261f8b48430e1a7d14876605064a990ed72a72c2e5ebdb579
production	sub-127	02	nppi-dmn	/ZPOOL/data/projects/srndna-ultimatum/derivatives/fsl/sub-127/L1_task-ultimatum_model-02_type-nppi-dmn_run-02_sm-6.feat	ok		200	47	45	45	45	0	45	64.51904678220218	1.0738308537283905e-13	7|17			7:miss[EV]|17:miss[interaction]			0	1:comp[EV]|2:comp_p[EV]|3:in[EV]|4:in_p[EV]|5:out[EV]|6:out_p[EV]|7:miss[EV]|8:rt[EV]|9:rt_p[EV]|10:main[EV]|11:comp[interaction]|12:comp_p[interaction]|13:in[interaction]|14:in_p[interaction]|15:out[interaction]|16:out_p[interaction]|17:miss[interaction]|18:rt[interaction]|19:rt_p[interaction]|20:other[EV]|21:net0[EV]|22:net1[EV]|23:net2[EV]|24:net4[EV]|25:net5[EV]|26:net6[EV]|27:net8[EV]|28:net9[EV]|29:appended_nuisance|30:appended_nuisance|31:appended_nuisance|32:appended_nuisance|33:appended_nuisance|34:appended_nuisance|35:appended_nuisance|36:appended_nuisance|37:appended_nuisance|38:appended_nuisance|39:appended_nuisance|40:appended_nuisance|41:appended_nuisance|42:appended_nuisance|43:appended_nuisance|44:appended_nuisance|45:appended_nuisance|46:appended_nuisance|47:appended_nuisance	b5f69f423079999720e1cf84eb27a1eb0b45daa24e4ba5b75f79dfea1da04208	2e17e748cb03f1e0908a901609195e043da40ef6e351497bee4da5470c16a806	9b9f38529f9b2122e0486e199e7cda8ac97e612ca9a4fc9da7b420a1929df7fc
production	sub-127	02	nppi-ecn	/ZPOOL/data/projects/srndna-ultimatum/derivatives/fsl/sub-127/L1_task-ultimatum_model-02_type-nppi-ecn_run-02_sm-6.feat	ok		200	47	45	45	45	0	45	63.028714764777924	1.1632720205220155e-13	7|17			7:miss[EV]|17:miss[interaction]			0	1:comp[EV]|2:comp_p[EV]|3:in[EV]|4:in_p[EV]|5:out[EV]|6:out_p[EV]|7:miss[EV]|8:rt[EV]|9:rt_p[EV]|10:main[EV]|11:comp[interaction]|12:comp_p[interaction]|13:in[interaction]|14:in_p[interaction]|15:out[interaction]|16:out_p[interaction]|17:miss[interaction]|18:rt[interaction]|19:rt_p[interaction]|20:other[EV]|21:net0[EV]|22:net1[EV]|23:net2[EV]|24:net4[EV]|25:net5[EV]|26:net6[EV]|27:net8[EV]|28:net9[EV]|29:appended_nuisance|30:appended_nuisance|31:appended_nuisance|32:appended_nuisance|33:appended_nuisance|34:appended_nuisance|35:appended_nuisance|36:appended_nuisance|37:appended_nuisance|38:appended_nuisance|39:appended_nuisance|40:appended_nuisance|41:appended_nuisance|42:appended_nuisance|43:appended_nuisance|44:appended_nuisance|45:appended_nuisance|46:appended_nuisance|47:appended_nuisance	3768cd9ccc27a9d9190668ba89e0fd713faf8e826f98d689ceef7b06057d7b51	ec855bd3b51f7562123f76c2303a05ab24eee9af55d0da10ca8cbe6d46367be3	35709195e579381c4e4787d1c2b24d61b6f278d1c1cca5a5ca22934a65a0086c
production	sub-128	01	act	/ZPOOL/data/projects/srndna-ultimatum/derivatives/fsl/sub-128/L1_task-ultimatum_model-02_type-act_run-01_sm-6.feat	ok		200	28	27	27	27	0	27	13.962253477980182	8.945391000746181e-14	7			7:miss[EV]			0	1:comp[EV]|2:comp_p[EV]|3:in[EV]|4:in_p[EV]|5:out[EV]|6:out_p[EV]|7:miss[EV]|8:rt[EV]|9:rt_p[EV]|10:appended_nuisance|11:appended_nuisance|12:appended_nuisance|13:appended_nuisance|14:appended_nuisance|15:appended_nuisance|16:appended_nuisance|17:appended_nuisance|18:appended_nuisance|19:appended_nuisance|20:appended_nuisance|21:appended_nuisance|22:appended_nuisance|23:appended_nuisance|24:appended_nuisance|25:appended_nuisance|26:appended_nuisance|27:appended_nuisance|28:appended_nuisance	19755cdcd5b1bd90c31dc7b39e0b85ce765f545b9ad186ecdd6fb43c664936b5	a16c31b2b8985d7594ba24562f9ae7e4979ffac19ca8b5e249b02821d256c8f0	7702747bce4b16a2173a8f13b3af54fcadbcf8728d2942888af06300cb314aff
production	sub-128	01	nppi-dmn	/ZPOOL/data/projects/srndna-ultimatum/derivatives/fsl/sub-128/L1_task-ultimatum_model-02_type-nppi-dmn_run-01_sm-6.feat	ok		200	47	45	45	45	0	45	70.81653495027912	1.1311141316474721e-13	7|17			7:miss[EV]|17:miss[interaction]			0	1:comp[EV]|2:comp_p[EV]|3:in[EV]|4:in_p[EV]|5:out[EV]|6:out_p[EV]|7:miss[EV]|8:rt[EV]|9:rt_p[EV]|10:main[EV]|11:comp[interaction]|12:comp_p[interaction]|13:in[interaction]|14:in_p[interaction]|15:out[interaction]|16:out_p[interaction]|17:miss[interaction]|18:rt[interaction]|19:rt_p[interaction]|20:other[EV]|21:net0[EV]|22:net1[EV]|23:net2[EV]|24:net4[EV]|25:net5[EV]|26:net6[EV]|27:net8[EV]|28:net9[EV]|29:appended_nuisance|30:appended_nuisance|31:appended_nuisance|32:appended_nuisance|33:appended_nuisance|34:appended_nuisance|35:appended_nuisance|36:appended_nuisance|37:appended_nuisance|38:appended_nuisance|39:appended_nuisance|40:appended_nuisance|41:appended_nuisance|42:appended_nuisance|43:appended_nuisance|44:appended_nuisance|45:appended_nuisance|46:appended_nuisance|47:appended_nuisance	1f4121082ab9a0c6e59176440f42ad94513255c42622634ca39f172c3a1cc07f	ddd1fa0647d5c262317b57bbc892a1a385810b56b4bfb7d9d44d9d4acb490d4b	6c75b6c90f9eaea9a9f080ac1b93dd7a3f67bf48377fd092e397167dd6ea3c2a
production	sub-128	01	nppi-ecn	/ZPOOL/data/projects/srndna-ultimatum/derivatives/fsl/sub-128/L1_task-ultimatum_model-02_type-nppi-ecn_run-01_sm-6.feat	ok		200	47	45	45	45	0	45	66.52171330340123	1.281142432188615e-13	7|17			7:miss[EV]|17:miss[interaction]			0	1:comp[EV]|2:comp_p[EV]|3:in[EV]|4:in_p[EV]|5:out[EV]|6:out_p[EV]|7:miss[EV]|8:rt[EV]|9:rt_p[EV]|10:main[EV]|11:comp[interaction]|12:comp_p[interaction]|13:in[interaction]|14:in_p[interaction]|15:out[interaction]|16:out_p[interaction]|17:miss[interaction]|18:rt[interaction]|19:rt_p[interaction]|20:other[EV]|21:net0[EV]|22:net1[EV]|23:net2[EV]|24:net4[EV]|25:net5[EV]|26:net6[EV]|27:net8[EV]|28:net9[EV]|29:appended_nuisance|30:appended_nuisance|31:appended_nuisance|32:appended_nuisance|33:appended_nuisance|34:appended_nuisance|35:appended_nuisance|36:appended_nuisance|37:appended_nuisance|38:appended_nuisance|39:appended_nuisance|40:appended_nuisance|41:appended_nuisance|42:appended_nuisance|43:appended_nuisance|44:appended_nuisance|45:appended_nuisance|46:appended_nuisance|47:appended_nuisance	b250f2a282c950a78318ac3e0876242e674913111edee6b6e5e8a7d901b706b1	953cd1141b2a04308403f0753118c1d58ffc3a96d0025ff311368c1bc457e406	6bbcfe3fcfc900f4194501f65896cd5b3603715e803f4ae6b53567edf56d9f04
production	sub-128	02	act	/ZPOOL/data/projects/srndna-ultimatum/derivatives/fsl/sub-128/L1_task-ultimatum_model-02_type-act_run-02_sm-6.feat	ok		200	28	27	27	27	0	27	19.475598838044025	8.8838843925047e-14	7			7:miss[EV]			0	1:comp[EV]|2:comp_p[EV]|3:in[EV]|4:in_p[EV]|5:out[EV]|6:out_p[EV]|7:miss[EV]|8:rt[EV]|9:rt_p[EV]|10:appended_nuisance|11:appended_nuisance|12:appended_nuisance|13:appended_nuisance|14:appended_nuisance|15:appended_nuisance|16:appended_nuisance|17:appended_nuisance|18:appended_nuisance|19:appended_nuisance|20:appended_nuisance|21:appended_nuisance|22:appended_nuisance|23:appended_nuisance|24:appended_nuisance|25:appended_nuisance|26:appended_nuisance|27:appended_nuisance|28:appended_nuisance	02013a43b26f56063c0921c9a120d162ea5cc9220db0a53eb57e1775f07603d6	bcd96224dd2984bd5416aa37e454d4ab582763184db87e295c6cf67331409ab7	a9d2b52a54ceabcdeaa8f260c02d13df81e82a66669a308abde4e409ab8c06d3
production	sub-128	02	nppi-dmn	/ZPOOL/data/projects/srndna-ultimatum/derivatives/fsl/sub-128/L1_task-ultimatum_model-02_type-nppi-dmn_run-02_sm-6.feat	ok		200	47	45	45	45	0	45	43.68291021741824	1.0935348923046892e-13	7|17			7:miss[EV]|17:miss[interaction]			0	1:comp[EV]|2:comp_p[EV]|3:in[EV]|4:in_p[EV]|5:out[EV]|6:out_p[EV]|7:miss[EV]|8:rt[EV]|9:rt_p[EV]|10:main[EV]|11:comp[interaction]|12:comp_p[interaction]|13:in[interaction]|14:in_p[interaction]|15:out[interaction]|16:out_p[interaction]|17:miss[interaction]|18:rt[interaction]|19:rt_p[interaction]|20:other[EV]|21:net0[EV]|22:net1[EV]|23:net2[EV]|24:net4[EV]|25:net5[EV]|26:net6[EV]|27:net8[EV]|28:net9[EV]|29:appended_nuisance|30:appended_nuisance|31:appended_nuisance|32:appended_nuisance|33:appended_nuisance|34:appended_nuisance|35:appended_nuisance|36:appended_nuisance|37:appended_nuisance|38:appended_nuisance|39:appended_nuisance|40:appended_nuisance|41:appended_nuisance|42:appended_nuisance|43:appended_nuisance|44:appended_nuisance|45:appended_nuisance|46:appended_nuisance|47:appended_nuisance	771760851851bf9483d08154af5bfa71fa8638d2e39886b485419b6d62e6bcb9	e528859ef648e2cd047cb67fd782daad89e51c849fc5cc44aa82d1ac6fdf71f7	ca67aea48684a63fb1b09b9ab28d5674b447fe7ef43e4036af48f3dfd2bd1be2
production	sub-128	02	nppi-ecn	/ZPOOL/data/projects/srndna-ultimatum/derivatives/fsl/sub-128/L1_task-ultimatum_model-02_type-nppi-ecn_run-02_sm-6.feat	ok		200	47	45	45	45	0	45	47.64466639236027	1.2295198395639204e-13	7|17			7:miss[EV]|17:miss[interaction]			0	1:comp[EV]|2:comp_p[EV]|3:in[EV]|4:in_p[EV]|5:out[EV]|6:out_p[EV]|7:miss[EV]|8:rt[EV]|9:rt_p[EV]|10:main[EV]|11:comp[interaction]|12:comp_p[interaction]|13:in[interaction]|14:in_p[interaction]|15:out[interaction]|16:out_p[interaction]|17:miss[interaction]|18:rt[interaction]|19:rt_p[interaction]|20:other[EV]|21:net0[EV]|22:net1[EV]|23:net2[EV]|24:net4[EV]|25:net5[EV]|26:net6[EV]|27:net8[EV]|28:net9[EV]|29:appended_nuisance|30:appended_nuisance|31:appended_nuisance|32:appended_nuisance|33:appended_nuisance|34:appended_nuisance|35:appended_nuisance|36:appended_nuisance|37:appended_nuisance|38:appended_nuisance|39:appended_nuisance|40:appended_nuisance|41:appended_nuisance|42:appended_nuisance|43:appended_nuisance|44:appended_nuisance|45:appended_nuisance|46:appended_nuisance|47:appended_nuisance	8273b3416c0a0216bd0b6a2b7bb543ed30fe3dc4827ab8c4fed2680fbfc13dde	b18714350c9555628cfe62a379d8130e0ac6dc4cffd75c71901d7029ec0593fc	96ddb0d2794588ce30a27f4577355a79cdfdf9f180717d638ad46be2f57b524e
production	sub-129	01	act	/ZPOOL/data/projects/srndna-ultimatum/derivatives/fsl/sub-129/L1_task-ultimatum_model-02_type-act_run-01_sm-6.feat	ok		200	28	28	28	28	0	28	17.121465939278753	9.5282740142195e-14							0	1:comp[EV]|2:comp_p[EV]|3:in[EV]|4:in_p[EV]|5:out[EV]|6:out_p[EV]|7:miss[EV]|8:rt[EV]|9:rt_p[EV]|10:appended_nuisance|11:appended_nuisance|12:appended_nuisance|13:appended_nuisance|14:appended_nuisance|15:appended_nuisance|16:appended_nuisance|17:appended_nuisance|18:appended_nuisance|19:appended_nuisance|20:appended_nuisance|21:appended_nuisance|22:appended_nuisance|23:appended_nuisance|24:appended_nuisance|25:appended_nuisance|26:appended_nuisance|27:appended_nuisance|28:appended_nuisance	2a87bf6f1b22961165d46d3770c56cf5112ce8b6b9260b8e44a9d050f04a7764	02750d67328e49194f7bbceef85adb4954ebbd6567becc543642309297abf418	b6f85d70e7350c5a849e133ca93093a6c5c601ce84f08dec1c27f6ef15614c17
production	sub-129	01	nppi-dmn	/ZPOOL/data/projects/srndna-ultimatum/derivatives/fsl/sub-129/L1_task-ultimatum_model-02_type-nppi-dmn_run-01_sm-6.feat	ok		200	47	47	47	47	0	47	59.31917281637526	1.4333093282589947e-13							0	1:comp[EV]|2:comp_p[EV]|3:in[EV]|4:in_p[EV]|5:out[EV]|6:out_p[EV]|7:miss[EV]|8:rt[EV]|9:rt_p[EV]|10:main[EV]|11:comp[interaction]|12:comp_p[interaction]|13:in[interaction]|14:in_p[interaction]|15:out[interaction]|16:out_p[interaction]|17:miss[interaction]|18:rt[interaction]|19:rt_p[interaction]|20:other[EV]|21:net0[EV]|22:net1[EV]|23:net2[EV]|24:net4[EV]|25:net5[EV]|26:net6[EV]|27:net8[EV]|28:net9[EV]|29:appended_nuisance|30:appended_nuisance|31:appended_nuisance|32:appended_nuisance|33:appended_nuisance|34:appended_nuisance|35:appended_nuisance|36:appended_nuisance|37:appended_nuisance|38:appended_nuisance|39:appended_nuisance|40:appended_nuisance|41:appended_nuisance|42:appended_nuisance|43:appended_nuisance|44:appended_nuisance|45:appended_nuisance|46:appended_nuisance|47:appended_nuisance	e1205603ced172fd85a03dc2ba53517412709eeefc2464189135a9f30bc7fc30	d2a52324c69044e0986249818d52f3f3bf08e3b1d58966b731e1363e2d3f11f5	7bf3b1c6e777ba302256d1c656affeba7392f600681cc342de2e73a1f9a1423b
production	sub-129	01	nppi-ecn	/ZPOOL/data/projects/srndna-ultimatum/derivatives/fsl/sub-129/L1_task-ultimatum_model-02_type-nppi-ecn_run-01_sm-6.feat	ok		200	47	47	47	47	0	47	42.6075794461718	1.3014159030327892e-13							0	1:comp[EV]|2:comp_p[EV]|3:in[EV]|4:in_p[EV]|5:out[EV]|6:out_p[EV]|7:miss[EV]|8:rt[EV]|9:rt_p[EV]|10:main[EV]|11:comp[interaction]|12:comp_p[interaction]|13:in[interaction]|14:in_p[interaction]|15:out[interaction]|16:out_p[interaction]|17:miss[interaction]|18:rt[interaction]|19:rt_p[interaction]|20:other[EV]|21:net0[EV]|22:net1[EV]|23:net2[EV]|24:net4[EV]|25:net5[EV]|26:net6[EV]|27:net8[EV]|28:net9[EV]|29:appended_nuisance|30:appended_nuisance|31:appended_nuisance|32:appended_nuisance|33:appended_nuisance|34:appended_nuisance|35:appended_nuisance|36:appended_nuisance|37:appended_nuisance|38:appended_nuisance|39:appended_nuisance|40:appended_nuisance|41:appended_nuisance|42:appended_nuisance|43:appended_nuisance|44:appended_nuisance|45:appended_nuisance|46:appended_nuisance|47:appended_nuisance	36fa84a1b859a0d6072e7b6ff67bab0803548c7d456aa42fda1f3ca44d678889	0171d1bebbe11960b175b79e4a25cdf84a912c21078352d6a78d26fcfecb8bbd	672c1637922d30470a3dd565c9ba7b21bac2a04f57f9cc64c39971628ebfeb44
production	sub-129	02	act	/ZPOOL/data/projects/srndna-ultimatum/derivatives/fsl/sub-129/L1_task-ultimatum_model-02_type-act_run-02_sm-6.feat	ok		200	28	27	27	27	0	27	9.62184684800773	7.920157154076307e-14	7			7:miss[EV]			0	1:comp[EV]|2:comp_p[EV]|3:in[EV]|4:in_p[EV]|5:out[EV]|6:out_p[EV]|7:miss[EV]|8:rt[EV]|9:rt_p[EV]|10:appended_nuisance|11:appended_nuisance|12:appended_nuisance|13:appended_nuisance|14:appended_nuisance|15:appended_nuisance|16:appended_nuisance|17:appended_nuisance|18:appended_nuisance|19:appended_nuisance|20:appended_nuisance|21:appended_nuisance|22:appended_nuisance|23:appended_nuisance|24:appended_nuisance|25:appended_nuisance|26:appended_nuisance|27:appended_nuisance|28:appended_nuisance	e406fab53ac713d942a6ba216581d1bfed3b7d83d266cefb64a23c33b5f4770d	e43758a953778956f1ed52c7c76be5ae387072285118786224ca05276215d30a	42b2b9d3bafc2e301474fb0dd830fa9d1c7f710db6eb3f8ea4ad44de7b395257
production	sub-129	02	nppi-dmn	/ZPOOL/data/projects/srndna-ultimatum/derivatives/fsl/sub-129/L1_task-ultimatum_model-02_type-nppi-dmn_run-02_sm-6.feat	ok		200	47	45	45	45	0	45	98.43937905755452	1.1753727529327048e-13	7|17			7:miss[EV]|17:miss[interaction]			0	1:comp[EV]|2:comp_p[EV]|3:in[EV]|4:in_p[EV]|5:out[EV]|6:out_p[EV]|7:miss[EV]|8:rt[EV]|9:rt_p[EV]|10:main[EV]|11:comp[interaction]|12:comp_p[interaction]|13:in[interaction]|14:in_p[interaction]|15:out[interaction]|16:out_p[interaction]|17:miss[interaction]|18:rt[interaction]|19:rt_p[interaction]|20:other[EV]|21:net0[EV]|22:net1[EV]|23:net2[EV]|24:net4[EV]|25:net5[EV]|26:net6[EV]|27:net8[EV]|28:net9[EV]|29:appended_nuisance|30:appended_nuisance|31:appended_nuisance|32:appended_nuisance|33:appended_nuisance|34:appended_nuisance|35:appended_nuisance|36:appended_nuisance|37:appended_nuisance|38:appended_nuisance|39:appended_nuisance|40:appended_nuisance|41:appended_nuisance|42:appended_nuisance|43:appended_nuisance|44:appended_nuisance|45:appended_nuisance|46:appended_nuisance|47:appended_nuisance	06fd35d28cbaf980432752daec6b983eb3a51ff02cde394e9fdd98aaeedf4a99	de83e298f59b05462b4ad1d493b5669d2708d9ab11d64bf9dff1a03109257660	cec16397b9e16e3a8bd983625532906f63b74701b3cacab5af7ee698875dfa2d
production	sub-129	02	nppi-ecn	/ZPOOL/data/projects/srndna-ultimatum/derivatives/fsl/sub-129/L1_task-ultimatum_model-02_type-nppi-ecn_run-02_sm-6.feat	ok		200	47	45	45	45	0	45	109.740616267583	1.204055829297417e-13	7|17			7:miss[EV]|17:miss[interaction]			0	1:comp[EV]|2:comp_p[EV]|3:in[EV]|4:in_p[EV]|5:out[EV]|6:out_p[EV]|7:miss[EV]|8:rt[EV]|9:rt_p[EV]|10:main[EV]|11:comp[interaction]|12:comp_p[interaction]|13:in[interaction]|14:in_p[interaction]|15:out[interaction]|16:out_p[interaction]|17:miss[interaction]|18:rt[interaction]|19:rt_p[interaction]|20:other[EV]|21:net0[EV]|22:net1[EV]|23:net2[EV]|24:net4[EV]|25:net5[EV]|26:net6[EV]|27:net8[EV]|28:net9[EV]|29:appended_nuisance|30:appended_nuisance|31:appended_nuisance|32:appended_nuisance|33:appended_nuisance|34:appended_nuisance|35:appended_nuisance|36:appended_nuisance|37:appended_nuisance|38:appended_nuisance|39:appended_nuisance|40:appended_nuisance|41:appended_nuisance|42:appended_nuisance|43:appended_nuisance|44:appended_nuisance|45:appended_nuisance|46:appended_nuisance|47:appended_nuisance	f5957abf09880e9a62fe45c5b4f59cb4a5c24b96b0c0556c8dabf977ccef6216	2fcb4804c8e831bee598646b24d06fb84ccda1eebdde2adce140c2be21d52d9f	1e4f409399f94d8ebdb4ef4f8172fa872f04a5d846b63bf3dce3c6635a583ae1
production	sub-130	01	act	/ZPOOL/data/projects/srndna-ultimatum/derivatives/fsl/sub-130/L1_task-ultimatum_model-02_type-act_run-01_sm-6.feat	ok		200	27	27	27	27	0	27	15.896629957812738	1.0154583733634361e-13							0	1:comp[EV]|2:comp_p[EV]|3:in[EV]|4:in_p[EV]|5:out[EV]|6:out_p[EV]|7:miss[EV]|8:rt[EV]|9:rt_p[EV]|10:appended_nuisance|11:appended_nuisance|12:appended_nuisance|13:appended_nuisance|14:appended_nuisance|15:appended_nuisance|16:appended_nuisance|17:appended_nuisance|18:appended_nuisance|19:appended_nuisance|20:appended_nuisance|21:appended_nuisance|22:appended_nuisance|23:appended_nuisance|24:appended_nuisance|25:appended_nuisance|26:appended_nuisance|27:appended_nuisance	ffdca2326c513eb5ff32042be0e973880f65d8cda70d2ca1377c06fa06dea95c	39d0e37c9c37a525076f3f15007216ebb96347483767cdd2a4fe2f2d24e2b3e4	fb4fbb70e3a36a0bf32f00f9d75c9ff77a7a7fe676f4209666e0ee6b2b8c90c0
production	sub-130	01	nppi-dmn	/ZPOOL/data/projects/srndna-ultimatum/derivatives/fsl/sub-130/L1_task-ultimatum_model-02_type-nppi-dmn_run-01_sm-6.feat	ok		200	46	46	46	46	0	46	56.321712992014355	1.2988226470300388e-13							0	1:comp[EV]|2:comp_p[EV]|3:in[EV]|4:in_p[EV]|5:out[EV]|6:out_p[EV]|7:miss[EV]|8:rt[EV]|9:rt_p[EV]|10:main[EV]|11:comp[interaction]|12:comp_p[interaction]|13:in[interaction]|14:in_p[interaction]|15:out[interaction]|16:out_p[interaction]|17:miss[interaction]|18:rt[interaction]|19:rt_p[interaction]|20:other[EV]|21:net0[EV]|22:net1[EV]|23:net2[EV]|24:net4[EV]|25:net5[EV]|26:net6[EV]|27:net8[EV]|28:net9[EV]|29:appended_nuisance|30:appended_nuisance|31:appended_nuisance|32:appended_nuisance|33:appended_nuisance|34:appended_nuisance|35:appended_nuisance|36:appended_nuisance|37:appended_nuisance|38:appended_nuisance|39:appended_nuisance|40:appended_nuisance|41:appended_nuisance|42:appended_nuisance|43:appended_nuisance|44:appended_nuisance|45:appended_nuisance|46:appended_nuisance	faeb211a35567f8dec84644d1a9a82ce5595a6e79c171c49734236ef1e045cd3	3672b1a380a65a8ada5bbeb42947e9e4b149b191614f023099167d8484ba785f	b94b781cd3c4b739de6e89b10e41dcd27908e59977dbedc3f7fbb88bf4c2c54d
production	sub-130	01	nppi-ecn	/ZPOOL/data/projects/srndna-ultimatum/derivatives/fsl/sub-130/L1_task-ultimatum_model-02_type-nppi-ecn_run-01_sm-6.feat	ok		200	46	46	46	46	0	46	62.0831657864295	1.3864611118747848e-13							0	1:comp[EV]|2:comp_p[EV]|3:in[EV]|4:in_p[EV]|5:out[EV]|6:out_p[EV]|7:miss[EV]|8:rt[EV]|9:rt_p[EV]|10:main[EV]|11:comp[interaction]|12:comp_p[interaction]|13:in[interaction]|14:in_p[interaction]|15:out[interaction]|16:out_p[interaction]|17:miss[interaction]|18:rt[interaction]|19:rt_p[interaction]|20:other[EV]|21:net0[EV]|22:net1[EV]|23:net2[EV]|24:net4[EV]|25:net5[EV]|26:net6[EV]|27:net8[EV]|28:net9[EV]|29:appended_nuisance|30:appended_nuisance|31:appended_nuisance|32:appended_nuisance|33:appended_nuisance|34:appended_nuisance|35:appended_nuisance|36:appended_nuisance|37:appended_nuisance|38:appended_nuisance|39:appended_nuisance|40:appended_nuisance|41:appended_nuisance|42:appended_nuisance|43:appended_nuisance|44:appended_nuisance|45:appended_nuisance|46:appended_nuisance	c1cf7efbbf72829744526670c9143a3b91310ee70d8da1021dbcffcd714d5f51	b53e8e004c1c43485ce9ef0f946d0bce2b53426308b3eec80b71b8c7d8cfc256	dd9cb4b06b6b9a65836545cf2fc3c7c562dcfa65aadd8fcce3850aa6f4d4b3a7
production	sub-130	02	act	/ZPOOL/data/projects/srndna-ultimatum/derivatives/fsl/sub-130/L1_task-ultimatum_model-02_type-act_run-02_sm-6.feat	ok		200	27	26	26	26	0	26	16.149514051691437	8.796322902402015e-14	7			7:miss[EV]			0	1:comp[EV]|2:comp_p[EV]|3:in[EV]|4:in_p[EV]|5:out[EV]|6:out_p[EV]|7:miss[EV]|8:rt[EV]|9:rt_p[EV]|10:appended_nuisance|11:appended_nuisance|12:appended_nuisance|13:appended_nuisance|14:appended_nuisance|15:appended_nuisance|16:appended_nuisance|17:appended_nuisance|18:appended_nuisance|19:appended_nuisance|20:appended_nuisance|21:appended_nuisance|22:appended_nuisance|23:appended_nuisance|24:appended_nuisance|25:appended_nuisance|26:appended_nuisance|27:appended_nuisance	30c993e95af0709384980f834717d3091779bc7cfd49db7569ac8310606b10f0	1e6f3645a0e8074a9bbecbd48a993b392a6f17a617d1a165e9641339befe28e1	4cda70ec0f80e3c89dc3289b9c35d7aeb36b4d6ca32bfe5db1a3a0217b803bcd
production	sub-130	02	nppi-dmn	/ZPOOL/data/projects/srndna-ultimatum/derivatives/fsl/sub-130/L1_task-ultimatum_model-02_type-nppi-dmn_run-02_sm-6.feat	ok		200	46	44	44	44	0	44	69.18788942035341	1.1497830318962403e-13	7|17			7:miss[EV]|17:miss[interaction]			0	1:comp[EV]|2:comp_p[EV]|3:in[EV]|4:in_p[EV]|5:out[EV]|6:out_p[EV]|7:miss[EV]|8:rt[EV]|9:rt_p[EV]|10:main[EV]|11:comp[interaction]|12:comp_p[interaction]|13:in[interaction]|14:in_p[interaction]|15:out[interaction]|16:out_p[interaction]|17:miss[interaction]|18:rt[interaction]|19:rt_p[interaction]|20:other[EV]|21:net0[EV]|22:net1[EV]|23:net2[EV]|24:net4[EV]|25:net5[EV]|26:net6[EV]|27:net8[EV]|28:net9[EV]|29:appended_nuisance|30:appended_nuisance|31:appended_nuisance|32:appended_nuisance|33:appended_nuisance|34:appended_nuisance|35:appended_nuisance|36:appended_nuisance|37:appended_nuisance|38:appended_nuisance|39:appended_nuisance|40:appended_nuisance|41:appended_nuisance|42:appended_nuisance|43:appended_nuisance|44:appended_nuisance|45:appended_nuisance|46:appended_nuisance	355bc3fec63bf233e6a05ff9f4087af6afb96c540e3f6fba483a9c61f303626b	bc6e05211a5305349cc68865789c641ae523a412356d752653c16f8b84c50f5a	e95e3f6a99bec250629f1df128dcb04b8c3b6cff28db3b96c2227646084fb8e7
production	sub-130	02	nppi-ecn	/ZPOOL/data/projects/srndna-ultimatum/derivatives/fsl/sub-130/L1_task-ultimatum_model-02_type-nppi-ecn_run-02_sm-6.feat	ok		200	46	44	44	44	0	44	122.39558296722406	1.2658817056681083e-13	7|17			7:miss[EV]|17:miss[interaction]			0	1:comp[EV]|2:comp_p[EV]|3:in[EV]|4:in_p[EV]|5:out[EV]|6:out_p[EV]|7:miss[EV]|8:rt[EV]|9:rt_p[EV]|10:main[EV]|11:comp[interaction]|12:comp_p[interaction]|13:in[interaction]|14:in_p[interaction]|15:out[interaction]|16:out_p[interaction]|17:miss[interaction]|18:rt[interaction]|19:rt_p[interaction]|20:other[EV]|21:net0[EV]|22:net1[EV]|23:net2[EV]|24:net4[EV]|25:net5[EV]|26:net6[EV]|27:net8[EV]|28:net9[EV]|29:appended_nuisance|30:appended_nuisance|31:appended_nuisance|32:appended_nuisance|33:appended_nuisance|34:appended_nuisance|35:appended_nuisance|36:appended_nuisance|37:appended_nuisance|38:appended_nuisance|39:appended_nuisance|40:appended_nuisance|41:appended_nuisance|42:appended_nuisance|43:appended_nuisance|44:appended_nuisance|45:appended_nuisance|46:appended_nuisance	661cb2e976d2621f173ce2e74faf12330ea9aaedaca6aff06384da44f85f17ca	b9d7a8259aada4afc88aba22f06558ae54d0c6acad457f615e62d5b6d28c8834	52ba83e5b5213435fe02d594b0ea8eb6c31b8e63565d48b18e21c972111421c5
production	sub-132	01	act	/ZPOOL/data/projects/srndna-ultimatum/derivatives/fsl/sub-132/L1_task-ultimatum_model-02_type-act_run-01_sm-6.feat	ok		200	29	29	29	29	0	29	48.65194072100271	9.976579973032536e-14							0	1:comp[EV]|2:comp_p[EV]|3:in[EV]|4:in_p[EV]|5:out[EV]|6:out_p[EV]|7:miss[EV]|8:rt[EV]|9:rt_p[EV]|10:appended_nuisance|11:appended_nuisance|12:appended_nuisance|13:appended_nuisance|14:appended_nuisance|15:appended_nuisance|16:appended_nuisance|17:appended_nuisance|18:appended_nuisance|19:appended_nuisance|20:appended_nuisance|21:appended_nuisance|22:appended_nuisance|23:appended_nuisance|24:appended_nuisance|25:appended_nuisance|26:appended_nuisance|27:appended_nuisance|28:appended_nuisance|29:appended_nuisance	99bfab369254a362fe6c777e28ebf7299f2cf865327b0528a27f77b4f7e12e29	9541933669780b14c885587313ae5b345c978f2a6bfe827750a76c25f08f9368	839ce805682616e22675bdf1f7edaf09a8c92a6b1cd7f76a0642f6d96dbdb3a7
production	sub-132	01	nppi-dmn	/ZPOOL/data/projects/srndna-ultimatum/derivatives/fsl/sub-132/L1_task-ultimatum_model-02_type-nppi-dmn_run-01_sm-6.feat	ok		200	48	48	48	48	0	48	82.50883729574923	1.1860860878865094e-13							0	1:comp[EV]|2:comp_p[EV]|3:in[EV]|4:in_p[EV]|5:out[EV]|6:out_p[EV]|7:miss[EV]|8:rt[EV]|9:rt_p[EV]|10:main[EV]|11:comp[interaction]|12:comp_p[interaction]|13:in[interaction]|14:in_p[interaction]|15:out[interaction]|16:out_p[interaction]|17:miss[interaction]|18:rt[interaction]|19:rt_p[interaction]|20:other[EV]|21:net0[EV]|22:net1[EV]|23:net2[EV]|24:net4[EV]|25:net5[EV]|26:net6[EV]|27:net8[EV]|28:net9[EV]|29:appended_nuisance|30:appended_nuisance|31:appended_nuisance|32:appended_nuisance|33:appended_nuisance|34:appended_nuisance|35:appended_nuisance|36:appended_nuisance|37:appended_nuisance|38:appended_nuisance|39:appended_nuisance|40:appended_nuisance|41:appended_nuisance|42:appended_nuisance|43:appended_nuisance|44:appended_nuisance|45:appended_nuisance|46:appended_nuisance|47:appended_nuisance|48:appended_nuisance	1d890a4c5e6b73ae7c5b58c687ea70dbec6d0808a67e887679be72f85ca48ea9	98fa383506890f6376194251af4296551e857be43b0674b698da5b3cfb7edb0d	f1f1cd1656f236fded6ad7a6d2266cc2a2a30e03891737555c28151a0382f877
production	sub-132	01	nppi-ecn	/ZPOOL/data/projects/srndna-ultimatum/derivatives/fsl/sub-132/L1_task-ultimatum_model-02_type-nppi-ecn_run-01_sm-6.feat	ok		200	48	48	48	48	0	48	82.90406351045402	1.307978296391101e-13							0	1:comp[EV]|2:comp_p[EV]|3:in[EV]|4:in_p[EV]|5:out[EV]|6:out_p[EV]|7:miss[EV]|8:rt[EV]|9:rt_p[EV]|10:main[EV]|11:comp[interaction]|12:comp_p[interaction]|13:in[interaction]|14:in_p[interaction]|15:out[interaction]|16:out_p[interaction]|17:miss[interaction]|18:rt[interaction]|19:rt_p[interaction]|20:other[EV]|21:net0[EV]|22:net1[EV]|23:net2[EV]|24:net4[EV]|25:net5[EV]|26:net6[EV]|27:net8[EV]|28:net9[EV]|29:appended_nuisance|30:appended_nuisance|31:appended_nuisance|32:appended_nuisance|33:appended_nuisance|34:appended_nuisance|35:appended_nuisance|36:appended_nuisance|37:appended_nuisance|38:appended_nuisance|39:appended_nuisance|40:appended_nuisance|41:appended_nuisance|42:appended_nuisance|43:appended_nuisance|44:appended_nuisance|45:appended_nuisance|46:appended_nuisance|47:appended_nuisance|48:appended_nuisance	eeb5ee23ee2dcb7446049b77c317e9f11fb33c6b5936c615209a8a76d7ff5cc3	8d6e9da16ae85e284cfce18fcf1fae5c07c66e519704f07824d235bcf3bffb2b	58e3245394b3e226db480a5471b767eeb1400bd11d012c51c97565d0c52b18ba
production	sub-132	02	act	/ZPOOL/data/projects/srndna-ultimatum/derivatives/fsl/sub-132/L1_task-ultimatum_model-02_type-act_run-02_sm-6.feat	ok		200	28	27	27	27	0	27	22.187392148536443	8.826019813892519e-14	7			7:miss[EV]			0	1:comp[EV]|2:comp_p[EV]|3:in[EV]|4:in_p[EV]|5:out[EV]|6:out_p[EV]|7:miss[EV]|8:rt[EV]|9:rt_p[EV]|10:appended_nuisance|11:appended_nuisance|12:appended_nuisance|13:appended_nuisance|14:appended_nuisance|15:appended_nuisance|16:appended_nuisance|17:appended_nuisance|18:appended_nuisance|19:appended_nuisance|20:appended_nuisance|21:appended_nuisance|22:appended_nuisance|23:appended_nuisance|24:appended_nuisance|25:appended_nuisance|26:appended_nuisance|27:appended_nuisance|28:appended_nuisance	cc6d3f9d00a4c1992d958568f1050ffd8523b969b55f161fa11bd982c5421c4f	ac70e5d8d69d4711a1278750dc21163bd0ec20ed2054d8d6df3451a394707ee1	a54cfd0637c7fe4983e72d865ee1fc8fdf68bcb5814af7c397a4577a7911d01c
production	sub-132	02	nppi-dmn	/ZPOOL/data/projects/srndna-ultimatum/derivatives/fsl/sub-132/L1_task-ultimatum_model-02_type-nppi-dmn_run-02_sm-6.feat	ok		200	47	45	45	45	0	45	97.32863155216603	1.2431499002230477e-13	7|17			7:miss[EV]|17:miss[interaction]			0	1:comp[EV]|2:comp_p[EV]|3:in[EV]|4:in_p[EV]|5:out[EV]|6:out_p[EV]|7:miss[EV]|8:rt[EV]|9:rt_p[EV]|10:main[EV]|11:comp[interaction]|12:comp_p[interaction]|13:in[interaction]|14:in_p[interaction]|15:out[interaction]|16:out_p[interaction]|17:miss[interaction]|18:rt[interaction]|19:rt_p[interaction]|20:other[EV]|21:net0[EV]|22:net1[EV]|23:net2[EV]|24:net4[EV]|25:net5[EV]|26:net6[EV]|27:net8[EV]|28:net9[EV]|29:appended_nuisance|30:appended_nuisance|31:appended_nuisance|32:appended_nuisance|33:appended_nuisance|34:appended_nuisance|35:appended_nuisance|36:appended_nuisance|37:appended_nuisance|38:appended_nuisance|39:appended_nuisance|40:appended_nuisance|41:appended_nuisance|42:appended_nuisance|43:appended_nuisance|44:appended_nuisance|45:appended_nuisance|46:appended_nuisance|47:appended_nuisance	cf6035762a53a90eef3f532bc10a6b53c9e34d47606c74723ea0070d62b217e6	15ea38421a566172b0117917b901be0c3c74e35319069b8e8486a8dcff0d1256	486df6f987aa4d3f25eeb120ded74592a7cafe838eeb339cbb6935e6cc69910e
production	sub-132	02	nppi-ecn	/ZPOOL/data/projects/srndna-ultimatum/derivatives/fsl/sub-132/L1_task-ultimatum_model-02_type-nppi-ecn_run-02_sm-6.feat	ok		200	47	45	45	45	0	45	79.26206962708815	1.3352848224394191e-13	7|17			7:miss[EV]|17:miss[interaction]			0	1:comp[EV]|2:comp_p[EV]|3:in[EV]|4:in_p[EV]|5:out[EV]|6:out_p[EV]|7:miss[EV]|8:rt[EV]|9:rt_p[EV]|10:main[EV]|11:comp[interaction]|12:comp_p[interaction]|13:in[interaction]|14:in_p[interaction]|15:out[interaction]|16:out_p[interaction]|17:miss[interaction]|18:rt[interaction]|19:rt_p[interaction]|20:other[EV]|21:net0[EV]|22:net1[EV]|23:net2[EV]|24:net4[EV]|25:net5[EV]|26:net6[EV]|27:net8[EV]|28:net9[EV]|29:appended_nuisance|30:appended_nuisance|31:appended_nuisance|32:appended_nuisance|33:appended_nuisance|34:appended_nuisance|35:appended_nuisance|36:appended_nuisance|37:appended_nuisance|38:appended_nuisance|39:appended_nuisance|40:appended_nuisance|41:appended_nuisance|42:appended_nuisance|43:appended_nuisance|44:appended_nuisance|45:appended_nuisance|46:appended_nuisance|47:appended_nuisance	0bca70a646d831c3ff532057f5efe89fbeb25144fe91b7dec2438d1357079e3f	4233fe5093983e34d57c9e5ae7b9cf0cfb36b93265ed552a75f381a3484e90d7	621488929085757b53624e1100d92144fd1c0fc7d247de33407dc83bab121826
production	sub-133	01	act	/ZPOOL/data/projects/srndna-ultimatum/derivatives/fsl/sub-133/L1_task-ultimatum_model-02_type-act_run-01_sm-6.feat	ok		200	29	29	29	29	0	29	9.114675496136234	8.659533584083937e-14							0	1:comp[EV]|2:comp_p[EV]|3:in[EV]|4:in_p[EV]|5:out[EV]|6:out_p[EV]|7:miss[EV]|8:rt[EV]|9:rt_p[EV]|10:appended_nuisance|11:appended_nuisance|12:appended_nuisance|13:appended_nuisance|14:appended_nuisance|15:appended_nuisance|16:appended_nuisance|17:appended_nuisance|18:appended_nuisance|19:appended_nuisance|20:appended_nuisance|21:appended_nuisance|22:appended_nuisance|23:appended_nuisance|24:appended_nuisance|25:appended_nuisance|26:appended_nuisance|27:appended_nuisance|28:appended_nuisance|29:appended_nuisance	e659cb2002ece69881e77b48a84eb4cb0eff82582cd664935fd1f304b8e57246	d579bb06f710b2f44ae655a2a24f8dfc1866ca2f732e1939991ef2f3c3f2e376	749b83d2ca8f5917172916d37372aa586f25eeabdd2b4b2ce370aa57f9a10acb
production	sub-133	01	nppi-dmn	/ZPOOL/data/projects/srndna-ultimatum/derivatives/fsl/sub-133/L1_task-ultimatum_model-02_type-nppi-dmn_run-01_sm-6.feat	ok		200	48	48	48	48	0	48	36.128309474377126	1.0928716369416927e-13							0	1:comp[EV]|2:comp_p[EV]|3:in[EV]|4:in_p[EV]|5:out[EV]|6:out_p[EV]|7:miss[EV]|8:rt[EV]|9:rt_p[EV]|10:main[EV]|11:comp[interaction]|12:comp_p[interaction]|13:in[interaction]|14:in_p[interaction]|15:out[interaction]|16:out_p[interaction]|17:miss[interaction]|18:rt[interaction]|19:rt_p[interaction]|20:other[EV]|21:net0[EV]|22:net1[EV]|23:net2[EV]|24:net4[EV]|25:net5[EV]|26:net6[EV]|27:net8[EV]|28:net9[EV]|29:appended_nuisance|30:appended_nuisance|31:appended_nuisance|32:appended_nuisance|33:appended_nuisance|34:appended_nuisance|35:appended_nuisance|36:appended_nuisance|37:appended_nuisance|38:appended_nuisance|39:appended_nuisance|40:appended_nuisance|41:appended_nuisance|42:appended_nuisance|43:appended_nuisance|44:appended_nuisance|45:appended_nuisance|46:appended_nuisance|47:appended_nuisance|48:appended_nuisance	51f3ff990648030988e9f4915beb7b4238218bdefebdccbccd67fa405a772305	027ae0c1ffa5f540222c8b94b1c1b9a72219612b50562c06c6a63e1f206dea93	58e72b97c1c691d3dc561aafe958ccf25a9babcd3505bfc6ef4fb30c19171a5b
production	sub-133	01	nppi-ecn	/ZPOOL/data/projects/srndna-ultimatum/derivatives/fsl/sub-133/L1_task-ultimatum_model-02_type-nppi-ecn_run-01_sm-6.feat	ok		200	48	48	48	48	0	48	55.05507395806029	1.3056023903886746e-13							0	1:comp[EV]|2:comp_p[EV]|3:in[EV]|4:in_p[EV]|5:out[EV]|6:out_p[EV]|7:miss[EV]|8:rt[EV]|9:rt_p[EV]|10:main[EV]|11:comp[interaction]|12:comp_p[interaction]|13:in[interaction]|14:in_p[interaction]|15:out[interaction]|16:out_p[interaction]|17:miss[interaction]|18:rt[interaction]|19:rt_p[interaction]|20:other[EV]|21:net0[EV]|22:net1[EV]|23:net2[EV]|24:net4[EV]|25:net5[EV]|26:net6[EV]|27:net8[EV]|28:net9[EV]|29:appended_nuisance|30:appended_nuisance|31:appended_nuisance|32:appended_nuisance|33:appended_nuisance|34:appended_nuisance|35:appended_nuisance|36:appended_nuisance|37:appended_nuisance|38:appended_nuisance|39:appended_nuisance|40:appended_nuisance|41:appended_nuisance|42:appended_nuisance|43:appended_nuisance|44:appended_nuisance|45:appended_nuisance|46:appended_nuisance|47:appended_nuisance|48:appended_nuisance	3302524cfe09027bcc9ceb571a63a7e84f6d71b31e8d9efffaa752658a29c526	a40c7302ee2826b6e0cf074d9237dab36c2cb0e00aec3f4848a096da0a98d864	4df99ed43280197297545a18aeeb8191d0e91eee139714661b71cd01ce9c6e85
production	sub-133	02	act	/ZPOOL/data/projects/srndna-ultimatum/derivatives/fsl/sub-133/L1_task-ultimatum_model-02_type-act_run-02_sm-6.feat	ok		200	28	27	27	27	0	27	11.891146444182413	8.53385321733385e-14	7			7:miss[EV]			0	1:comp[EV]|2:comp_p[EV]|3:in[EV]|4:in_p[EV]|5:out[EV]|6:out_p[EV]|7:miss[EV]|8:rt[EV]|9:rt_p[EV]|10:appended_nuisance|11:appended_nuisance|12:appended_nuisance|13:appended_nuisance|14:appended_nuisance|15:appended_nuisance|16:appended_nuisance|17:appended_nuisance|18:appended_nuisance|19:appended_nuisance|20:appended_nuisance|21:appended_nuisance|22:appended_nuisance|23:appended_nuisance|24:appended_nuisance|25:appended_nuisance|26:appended_nuisance|27:appended_nuisance|28:appended_nuisance	f0e3edd9bbf79737700aa441a3bc51de62957e8edca73766f120f3052281d651	45e41e5032eda35faabb7a2456ce17826a11e401dbc6c261b90192215c7b8eb3	2ce7cb013628e5bcdebd6be7cd41c3638b1fc087161de779f69c0a88b6b521f5
production	sub-133	02	nppi-dmn	/ZPOOL/data/projects/srndna-ultimatum/derivatives/fsl/sub-133/L1_task-ultimatum_model-02_type-nppi-dmn_run-02_sm-6.feat	ok		200	47	45	45	45	0	45	34.59601120064959	1.086361267895447e-13	7|17			7:miss[EV]|17:miss[interaction]			0	1:comp[EV]|2:comp_p[EV]|3:in[EV]|4:in_p[EV]|5:out[EV]|6:out_p[EV]|7:miss[EV]|8:rt[EV]|9:rt_p[EV]|10:main[EV]|11:comp[interaction]|12:comp_p[interaction]|13:in[interaction]|14:in_p[interaction]|15:out[interaction]|16:out_p[interaction]|17:miss[interaction]|18:rt[interaction]|19:rt_p[interaction]|20:other[EV]|21:net0[EV]|22:net1[EV]|23:net2[EV]|24:net4[EV]|25:net5[EV]|26:net6[EV]|27:net8[EV]|28:net9[EV]|29:appended_nuisance|30:appended_nuisance|31:appended_nuisance|32:appended_nuisance|33:appended_nuisance|34:appended_nuisance|35:appended_nuisance|36:appended_nuisance|37:appended_nuisance|38:appended_nuisance|39:appended_nuisance|40:appended_nuisance|41:appended_nuisance|42:appended_nuisance|43:appended_nuisance|44:appended_nuisance|45:appended_nuisance|46:appended_nuisance|47:appended_nuisance	71a7931b0327eb49b060bbf990e222c29c485961a6384e431d9ac08a63c39b44	5778ffe44df46c2e0d4b71dbbeefc62d574ac44d2e41d8c0d9b6c2eae67cd742	aa3ae942f1f9c79d9128737a09f0f759cabb7ae73a69015832859c8b3468337a
production	sub-133	02	nppi-ecn	/ZPOOL/data/projects/srndna-ultimatum/derivatives/fsl/sub-133/L1_task-ultimatum_model-02_type-nppi-ecn_run-02_sm-6.feat	ok		200	47	45	45	45	0	45	50.39694808617534	1.1957225636220478e-13	7|17			7:miss[EV]|17:miss[interaction]			0	1:comp[EV]|2:comp_p[EV]|3:in[EV]|4:in_p[EV]|5:out[EV]|6:out_p[EV]|7:miss[EV]|8:rt[EV]|9:rt_p[EV]|10:main[EV]|11:comp[interaction]|12:comp_p[interaction]|13:in[interaction]|14:in_p[interaction]|15:out[interaction]|16:out_p[interaction]|17:miss[interaction]|18:rt[interaction]|19:rt_p[interaction]|20:other[EV]|21:net0[EV]|22:net1[EV]|23:net2[EV]|24:net4[EV]|25:net5[EV]|26:net6[EV]|27:net8[EV]|28:net9[EV]|29:appended_nuisance|30:appended_nuisance|31:appended_nuisance|32:appended_nuisance|33:appended_nuisance|34:appended_nuisance|35:appended_nuisance|36:appended_nuisance|37:appended_nuisance|38:appended_nuisance|39:appended_nuisance|40:appended_nuisance|41:appended_nuisance|42:appended_nuisance|43:appended_nuisance|44:appended_nuisance|45:appended_nuisance|46:appended_nuisance|47:appended_nuisance	b89382d884b5f5472ad88c522a95c49eb72a8be58eab07a33312bf14246b0704	25b2d067f9b311502701efaaa6adc470d984613c8d4341de4e36fcd5db64711d	250251ece09827c052b02d32cce2a03c87ecd731ce360caf137933dcf598b080
production	sub-134	01	act	/ZPOOL/data/projects/srndna-ultimatum/derivatives/fsl/sub-134/L1_task-ultimatum_model-02_type-act_run-01_sm-6.feat	ok		200	28	28	28	28	0	28	31.455296662878453	1.0455821145085231e-13							0	1:comp[EV]|2:comp_p[EV]|3:in[EV]|4:in_p[EV]|5:out[EV]|6:out_p[EV]|7:miss[EV]|8:rt[EV]|9:rt_p[EV]|10:appended_nuisance|11:appended_nuisance|12:appended_nuisance|13:appended_nuisance|14:appended_nuisance|15:appended_nuisance|16:appended_nuisance|17:appended_nuisance|18:appended_nuisance|19:appended_nuisance|20:appended_nuisance|21:appended_nuisance|22:appended_nuisance|23:appended_nuisance|24:appended_nuisance|25:appended_nuisance|26:appended_nuisance|27:appended_nuisance|28:appended_nuisance	4cd53b3fe5aaa001d9ec5f99014e60ed5971883e11dae8b1e9443ad20478fc21	ef5b92e697487a1f9d8627c4d4e7527d9f7303b0afe025b88ed325c8382a59b9	de43bfe7720387049e376000c8fe59d1e0f7c8a946a7b9818a20d438f793b941
production	sub-134	01	nppi-dmn	/ZPOOL/data/projects/srndna-ultimatum/derivatives/fsl/sub-134/L1_task-ultimatum_model-02_type-nppi-dmn_run-01_sm-6.feat	ok		200	47	47	47	47	0	47	43.51050514680742	1.2731750333280563e-13							0	1:comp[EV]|2:comp_p[EV]|3:in[EV]|4:in_p[EV]|5:out[EV]|6:out_p[EV]|7:miss[EV]|8:rt[EV]|9:rt_p[EV]|10:main[EV]|11:comp[interaction]|12:comp_p[interaction]|13:in[interaction]|14:in_p[interaction]|15:out[interaction]|16:out_p[interaction]|17:miss[interaction]|18:rt[interaction]|19:rt_p[interaction]|20:other[EV]|21:net0[EV]|22:net1[EV]|23:net2[EV]|24:net4[EV]|25:net5[EV]|26:net6[EV]|27:net8[EV]|28:net9[EV]|29:appended_nuisance|30:appended_nuisance|31:appended_nuisance|32:appended_nuisance|33:appended_nuisance|34:appended_nuisance|35:appended_nuisance|36:appended_nuisance|37:appended_nuisance|38:appended_nuisance|39:appended_nuisance|40:appended_nuisance|41:appended_nuisance|42:appended_nuisance|43:appended_nuisance|44:appended_nuisance|45:appended_nuisance|46:appended_nuisance|47:appended_nuisance	b4b5d02a9c8bf5293231c491423b931f996aba7f0f1aedb8243335fd81f8d5d0	9043ac71d0db2a1f3d797caadc0030a8f299f6b56ef0728c1407dc34905774fc	712a12c7323d78de28fc6a19522d3b97ce3b5e9fa19e4b85981def0a438cf4fa
production	sub-134	01	nppi-ecn	/ZPOOL/data/projects/srndna-ultimatum/derivatives/fsl/sub-134/L1_task-ultimatum_model-02_type-nppi-ecn_run-01_sm-6.feat	ok		200	47	47	47	47	0	47	50.24573805429805	1.3978701670477253e-13							0	1:comp[EV]|2:comp_p[EV]|3:in[EV]|4:in_p[EV]|5:out[EV]|6:out_p[EV]|7:miss[EV]|8:rt[EV]|9:rt_p[EV]|10:main[EV]|11:comp[interaction]|12:comp_p[interaction]|13:in[interaction]|14:in_p[interaction]|15:out[interaction]|16:out_p[interaction]|17:miss[interaction]|18:rt[interaction]|19:rt_p[interaction]|20:other[EV]|21:net0[EV]|22:net1[EV]|23:net2[EV]|24:net4[EV]|25:net5[EV]|26:net6[EV]|27:net8[EV]|28:net9[EV]|29:appended_nuisance|30:appended_nuisance|31:appended_nuisance|32:appended_nuisance|33:appended_nuisance|34:appended_nuisance|35:appended_nuisance|36:appended_nuisance|37:appended_nuisance|38:appended_nuisance|39:appended_nuisance|40:appended_nuisance|41:appended_nuisance|42:appended_nuisance|43:appended_nuisance|44:appended_nuisance|45:appended_nuisance|46:appended_nuisance|47:appended_nuisance	0adb3ac3a27ef4516b63460faa03e86357c38ca3f159001699736f62863d5316	55ec1260b3245c09241fb974732ef12d26281645a2c18b7a0ec29f2985312a1c	f25b016914e80c051587941d5ed64483cef36cddeb0682e123785ea063cc30cd
production	sub-134	02	act	/ZPOOL/data/projects/srndna-ultimatum/derivatives/fsl/sub-134/L1_task-ultimatum_model-02_type-act_run-02_sm-6.feat	ok		200	28	28	28	28	0	28	26.693121682712146	1.0508312710558762e-13							0	1:comp[EV]|2:comp_p[EV]|3:in[EV]|4:in_p[EV]|5:out[EV]|6:out_p[EV]|7:miss[EV]|8:rt[EV]|9:rt_p[EV]|10:appended_nuisance|11:appended_nuisance|12:appended_nuisance|13:appended_nuisance|14:appended_nuisance|15:appended_nuisance|16:appended_nuisance|17:appended_nuisance|18:appended_nuisance|19:appended_nuisance|20:appended_nuisance|21:appended_nuisance|22:appended_nuisance|23:appended_nuisance|24:appended_nuisance|25:appended_nuisance|26:appended_nuisance|27:appended_nuisance|28:appended_nuisance	7433b4551705755eff8345572b7366300739cc0c259991130be24b0da60ed446	cf390a9adc743c73c58115d53dc0ac7ee30927b9550c0d75d5e3f16db0e291ad	24b48aeddf74da5868016417158d56bff0b876f83166d81225e88b9f2ebbc60e
production	sub-134	02	nppi-dmn	/ZPOOL/data/projects/srndna-ultimatum/derivatives/fsl/sub-134/L1_task-ultimatum_model-02_type-nppi-dmn_run-02_sm-6.feat	ok		200	47	47	47	47	0	47	39.74636229592918	1.1992133579234792e-13							0	1:comp[EV]|2:comp_p[EV]|3:in[EV]|4:in_p[EV]|5:out[EV]|6:out_p[EV]|7:miss[EV]|8:rt[EV]|9:rt_p[EV]|10:main[EV]|11:comp[interaction]|12:comp_p[interaction]|13:in[interaction]|14:in_p[interaction]|15:out[interaction]|16:out_p[interaction]|17:miss[interaction]|18:rt[interaction]|19:rt_p[interaction]|20:other[EV]|21:net0[EV]|22:net1[EV]|23:net2[EV]|24:net4[EV]|25:net5[EV]|26:net6[EV]|27:net8[EV]|28:net9[EV]|29:appended_nuisance|30:appended_nuisance|31:appended_nuisance|32:appended_nuisance|33:appended_nuisance|34:appended_nuisance|35:appended_nuisance|36:appended_nuisance|37:appended_nuisance|38:appended_nuisance|39:appended_nuisance|40:appended_nuisance|41:appended_nuisance|42:appended_nuisance|43:appended_nuisance|44:appended_nuisance|45:appended_nuisance|46:appended_nuisance|47:appended_nuisance	18b802f7167a6f4ea4512b391fdd5f59eca86aeda314a58f1c834f340978bd10	e905d203c35b481fefbdfee12bc8860b2258e861dfe2d897f9e67fb458ac0df2	aa9681f9222fdeab273cbc71617c791b3ad14288367d9909fec0cac4990d88a2
production	sub-134	02	nppi-ecn	/ZPOOL/data/projects/srndna-ultimatum/derivatives/fsl/sub-134/L1_task-ultimatum_model-02_type-nppi-ecn_run-02_sm-6.feat	ok		200	47	47	47	47	0	47	48.570065817082046	1.3973094737418246e-13							0	1:comp[EV]|2:comp_p[EV]|3:in[EV]|4:in_p[EV]|5:out[EV]|6:out_p[EV]|7:miss[EV]|8:rt[EV]|9:rt_p[EV]|10:main[EV]|11:comp[interaction]|12:comp_p[interaction]|13:in[interaction]|14:in_p[interaction]|15:out[interaction]|16:out_p[interaction]|17:miss[interaction]|18:rt[interaction]|19:rt_p[interaction]|20:other[EV]|21:net0[EV]|22:net1[EV]|23:net2[EV]|24:net4[EV]|25:net5[EV]|26:net6[EV]|27:net8[EV]|28:net9[EV]|29:appended_nuisance|30:appended_nuisance|31:appended_nuisance|32:appended_nuisance|33:appended_nuisance|34:appended_nuisance|35:appended_nuisance|36:appended_nuisance|37:appended_nuisance|38:appended_nuisance|39:appended_nuisance|40:appended_nuisance|41:appended_nuisance|42:appended_nuisance|43:appended_nuisance|44:appended_nuisance|45:appended_nuisance|46:appended_nuisance|47:appended_nuisance	152a0bd44de3c8f0e6384ceb0f598ffb0ad6b516a1d6788eb9c60d2f38dda401	9feea3a26350b3808faab809dae58813f08c72fe42c0ca7b2fd11c6c27a6dd3a	e3187b959033d234fc34591b747ad979fa3ceb958425331200768ec65d83a496
production	sub-135	01	act	/ZPOOL/data/projects/srndna-ultimatum/derivatives/fsl/sub-135/L1_task-ultimatum_model-02_type-act_run-01_sm-6.feat	ok		200	28	28	28	28	0	28	19.207341455769463	9.859461394978678e-14							0	1:comp[EV]|2:comp_p[EV]|3:in[EV]|4:in_p[EV]|5:out[EV]|6:out_p[EV]|7:miss[EV]|8:rt[EV]|9:rt_p[EV]|10:appended_nuisance|11:appended_nuisance|12:appended_nuisance|13:appended_nuisance|14:appended_nuisance|15:appended_nuisance|16:appended_nuisance|17:appended_nuisance|18:appended_nuisance|19:appended_nuisance|20:appended_nuisance|21:appended_nuisance|22:appended_nuisance|23:appended_nuisance|24:appended_nuisance|25:appended_nuisance|26:appended_nuisance|27:appended_nuisance|28:appended_nuisance	d0c683e9e2ac42ad1a35a90331ef4e95d4c8adce57e0000c6c6de05c9618081b	29d35cbde361b5b74909b62937488d280b5a2edd46099c51e9afe0403f344a91	17949934ee076ccad3ee139dea6d2210bc10faf81d18fe1512e113948d051b6b
production	sub-135	01	nppi-dmn	/ZPOOL/data/projects/srndna-ultimatum/derivatives/fsl/sub-135/L1_task-ultimatum_model-02_type-nppi-dmn_run-01_sm-6.feat	ok		200	47	47	47	47	0	47	60.271959514801246	1.4210852402903397e-13							0	1:comp[EV]|2:comp_p[EV]|3:in[EV]|4:in_p[EV]|5:out[EV]|6:out_p[EV]|7:miss[EV]|8:rt[EV]|9:rt_p[EV]|10:main[EV]|11:comp[interaction]|12:comp_p[interaction]|13:in[interaction]|14:in_p[interaction]|15:out[interaction]|16:out_p[interaction]|17:miss[interaction]|18:rt[interaction]|19:rt_p[interaction]|20:other[EV]|21:net0[EV]|22:net1[EV]|23:net2[EV]|24:net4[EV]|25:net5[EV]|26:net6[EV]|27:net8[EV]|28:net9[EV]|29:appended_nuisance|30:appended_nuisance|31:appended_nuisance|32:appended_nuisance|33:appended_nuisance|34:appended_nuisance|35:appended_nuisance|36:appended_nuisance|37:appended_nuisance|38:appended_nuisance|39:appended_nuisance|40:appended_nuisance|41:appended_nuisance|42:appended_nuisance|43:appended_nuisance|44:appended_nuisance|45:appended_nuisance|46:appended_nuisance|47:appended_nuisance	6a840d9f969f15abe731eafb068833bcc75eaa35d36ded24a1119adc67289f36	503ccb70c516c05b785f37dfc9aef10ef8e58b8c417768d7a774af4e07113bcd	435bc44218d3ca56ffebe0a3fe2c28280c3d4b9c91c17b3da20cae94e93d9dec
production	sub-135	01	nppi-ecn	/ZPOOL/data/projects/srndna-ultimatum/derivatives/fsl/sub-135/L1_task-ultimatum_model-02_type-nppi-ecn_run-01_sm-6.feat	ok		200	47	47	47	47	0	47	64.71757326756018	1.4678696225284272e-13							0	1:comp[EV]|2:comp_p[EV]|3:in[EV]|4:in_p[EV]|5:out[EV]|6:out_p[EV]|7:miss[EV]|8:rt[EV]|9:rt_p[EV]|10:main[EV]|11:comp[interaction]|12:comp_p[interaction]|13:in[interaction]|14:in_p[interaction]|15:out[interaction]|16:out_p[interaction]|17:miss[interaction]|18:rt[interaction]|19:rt_p[interaction]|20:other[EV]|21:net0[EV]|22:net1[EV]|23:net2[EV]|24:net4[EV]|25:net5[EV]|26:net6[EV]|27:net8[EV]|28:net9[EV]|29:appended_nuisance|30:appended_nuisance|31:appended_nuisance|32:appended_nuisance|33:appended_nuisance|34:appended_nuisance|35:appended_nuisance|36:appended_nuisance|37:appended_nuisance|38:appended_nuisance|39:appended_nuisance|40:appended_nuisance|41:appended_nuisance|42:appended_nuisance|43:appended_nuisance|44:appended_nuisance|45:appended_nuisance|46:appended_nuisance|47:appended_nuisance	864ad017bd47c15ea27dd091529794990bbd210123f39e466f200924b309dc96	60fd4d6ae44bacb7230594d3b390708176bb79e661b346b3fb8120d901da20fe	921049204eea3f8b4eeacb427464eb105d417cea54d7fa196414d59e0196de58
production	sub-135	02	act	/ZPOOL/data/projects/srndna-ultimatum/derivatives/fsl/sub-135/L1_task-ultimatum_model-02_type-act_run-02_sm-6.feat	ok		200	28	28	28	28	0	28	15.252530384145091	1.0475780235557733e-13							0	1:comp[EV]|2:comp_p[EV]|3:in[EV]|4:in_p[EV]|5:out[EV]|6:out_p[EV]|7:miss[EV]|8:rt[EV]|9:rt_p[EV]|10:appended_nuisance|11:appended_nuisance|12:appended_nuisance|13:appended_nuisance|14:appended_nuisance|15:appended_nuisance|16:appended_nuisance|17:appended_nuisance|18:appended_nuisance|19:appended_nuisance|20:appended_nuisance|21:appended_nuisance|22:appended_nuisance|23:appended_nuisance|24:appended_nuisance|25:appended_nuisance|26:appended_nuisance|27:appended_nuisance|28:appended_nuisance	d9c07e411bcd714880faf37276cd98010874337df9d1fbeef5888664232c1814	26a2c9331ad949f122a17337e332239defcfa5d6e10476f318c07d19e7e9d18a	5729238ba53b68eaaae42a27b3af685cf92a76565b083b9e791f2871b0128439
production	sub-135	02	nppi-dmn	/ZPOOL/data/projects/srndna-ultimatum/derivatives/fsl/sub-135/L1_task-ultimatum_model-02_type-nppi-dmn_run-02_sm-6.feat	ok		200	47	47	47	47	0	47	55.83392841991995	1.4678500266995922e-13							0	1:comp[EV]|2:comp_p[EV]|3:in[EV]|4:in_p[EV]|5:out[EV]|6:out_p[EV]|7:miss[EV]|8:rt[EV]|9:rt_p[EV]|10:main[EV]|11:comp[interaction]|12:comp_p[interaction]|13:in[interaction]|14:in_p[interaction]|15:out[interaction]|16:out_p[interaction]|17:miss[interaction]|18:rt[interaction]|19:rt_p[interaction]|20:other[EV]|21:net0[EV]|22:net1[EV]|23:net2[EV]|24:net4[EV]|25:net5[EV]|26:net6[EV]|27:net8[EV]|28:net9[EV]|29:appended_nuisance|30:appended_nuisance|31:appended_nuisance|32:appended_nuisance|33:appended_nuisance|34:appended_nuisance|35:appended_nuisance|36:appended_nuisance|37:appended_nuisance|38:appended_nuisance|39:appended_nuisance|40:appended_nuisance|41:appended_nuisance|42:appended_nuisance|43:appended_nuisance|44:appended_nuisance|45:appended_nuisance|46:appended_nuisance|47:appended_nuisance	6d8c6a812bcc9c32baff7c2a9394b99d068e08bef3fc722bfacab04c47399d82	45163fda8640d5e342e6318758947521ad368ab9e040645bdece44fef7530a0f	7255ab95d897d7679521a04644d10ab25a8a636e11e13c3e991504298f6dc48f
production	sub-135	02	nppi-ecn	/ZPOOL/data/projects/srndna-ultimatum/derivatives/fsl/sub-135/L1_task-ultimatum_model-02_type-nppi-ecn_run-02_sm-6.feat	ok		200	47	47	47	47	0	47	54.72289065695089	1.4957991121928872e-13							0	1:comp[EV]|2:comp_p[EV]|3:in[EV]|4:in_p[EV]|5:out[EV]|6:out_p[EV]|7:miss[EV]|8:rt[EV]|9:rt_p[EV]|10:main[EV]|11:comp[interaction]|12:comp_p[interaction]|13:in[interaction]|14:in_p[interaction]|15:out[interaction]|16:out_p[interaction]|17:miss[interaction]|18:rt[interaction]|19:rt_p[interaction]|20:other[EV]|21:net0[EV]|22:net1[EV]|23:net2[EV]|24:net4[EV]|25:net5[EV]|26:net6[EV]|27:net8[EV]|28:net9[EV]|29:appended_nuisance|30:appended_nuisance|31:appended_nuisance|32:appended_nuisance|33:appended_nuisance|34:appended_nuisance|35:appended_nuisance|36:appended_nuisance|37:appended_nuisance|38:appended_nuisance|39:appended_nuisance|40:appended_nuisance|41:appended_nuisance|42:appended_nuisance|43:appended_nuisance|44:appended_nuisance|45:appended_nuisance|46:appended_nuisance|47:appended_nuisance	ea5591aa2cecd794e6650e2fa2213c9528d70a3fbd58188a75acf611514afc86	86bcdc873f0ce72055a7a7af43e547e415b750c7e487bb14cd435574d6be1923	1e56b8319b6e5f9f2c8ed8a31cedf84bbbd0da48c8072ff31a22b6c4741e48aa
production	sub-136	01	act	/ZPOOL/data/projects/srndna-ultimatum/derivatives/fsl/sub-136/L1_task-ultimatum_model-02_type-act_run-01_sm-6.feat	ok		200	27	26	26	26	0	26	27.30026151686325	9.590597887025635e-14	7			7:miss[EV]			0	1:comp[EV]|2:comp_p[EV]|3:in[EV]|4:in_p[EV]|5:out[EV]|6:out_p[EV]|7:miss[EV]|8:rt[EV]|9:rt_p[EV]|10:appended_nuisance|11:appended_nuisance|12:appended_nuisance|13:appended_nuisance|14:appended_nuisance|15:appended_nuisance|16:appended_nuisance|17:appended_nuisance|18:appended_nuisance|19:appended_nuisance|20:appended_nuisance|21:appended_nuisance|22:appended_nuisance|23:appended_nuisance|24:appended_nuisance|25:appended_nuisance|26:appended_nuisance|27:appended_nuisance	00a3bef4f3f0521d58f8fec95a053243ed91fe81403ce38afb03b725607c53f5	537cc51cd82faa76e2ae5c031a9c462009fac96dfcbcc6f74e903b19d6118a7c	31baa3da755e5839b7dbddc98b3883acdaaed709645624f3498f635628a49632
production	sub-136	01	nppi-dmn	/ZPOOL/data/projects/srndna-ultimatum/derivatives/fsl/sub-136/L1_task-ultimatum_model-02_type-nppi-dmn_run-01_sm-6.feat	ok		200	46	44	44	44	0	44	43.70759212484531	1.29147114105025e-13	7|17			7:miss[EV]|17:miss[interaction]			0	1:comp[EV]|2:comp_p[EV]|3:in[EV]|4:in_p[EV]|5:out[EV]|6:out_p[EV]|7:miss[EV]|8:rt[EV]|9:rt_p[EV]|10:main[EV]|11:comp[interaction]|12:comp_p[interaction]|13:in[interaction]|14:in_p[interaction]|15:out[interaction]|16:out_p[interaction]|17:miss[interaction]|18:rt[interaction]|19:rt_p[interaction]|20:other[EV]|21:net0[EV]|22:net1[EV]|23:net2[EV]|24:net4[EV]|25:net5[EV]|26:net6[EV]|27:net8[EV]|28:net9[EV]|29:appended_nuisance|30:appended_nuisance|31:appended_nuisance|32:appended_nuisance|33:appended_nuisance|34:appended_nuisance|35:appended_nuisance|36:appended_nuisance|37:appended_nuisance|38:appended_nuisance|39:appended_nuisance|40:appended_nuisance|41:appended_nuisance|42:appended_nuisance|43:appended_nuisance|44:appended_nuisance|45:appended_nuisance|46:appended_nuisance	cefa143c65474507621e1e1854d9fec827b8a323b854e35cff9515901bf2ccf0	c4cfd87e46cb56479462eb4953240ba03077332deb1623621ed0950abd71d20d	d0981e95426b255c9dc0ef0248d0c6ac2e613468e7a99db73a82ad61dd25640e
production	sub-136	01	nppi-ecn	/ZPOOL/data/projects/srndna-ultimatum/derivatives/fsl/sub-136/L1_task-ultimatum_model-02_type-nppi-ecn_run-01_sm-6.feat	ok		200	46	44	44	44	0	44	41.52545213378617	1.18622459351473e-13	7|17			7:miss[EV]|17:miss[interaction]			0	1:comp[EV]|2:comp_p[EV]|3:in[EV]|4:in_p[EV]|5:out[EV]|6:out_p[EV]|7:miss[EV]|8:rt[EV]|9:rt_p[EV]|10:main[EV]|11:comp[interaction]|12:comp_p[interaction]|13:in[interaction]|14:in_p[interaction]|15:out[interaction]|16:out_p[interaction]|17:miss[interaction]|18:rt[interaction]|19:rt_p[interaction]|20:other[EV]|21:net0[EV]|22:net1[EV]|23:net2[EV]|24:net4[EV]|25:net5[EV]|26:net6[EV]|27:net8[EV]|28:net9[EV]|29:appended_nuisance|30:appended_nuisance|31:appended_nuisance|32:appended_nuisance|33:appended_nuisance|34:appended_nuisance|35:appended_nuisance|36:appended_nuisance|37:appended_nuisance|38:appended_nuisance|39:appended_nuisance|40:appended_nuisance|41:appended_nuisance|42:appended_nuisance|43:appended_nuisance|44:appended_nuisance|45:appended_nuisance|46:appended_nuisance	b44048f7219f127b3760e0fdaf873260ff20911bbccb4bc3896cf986de5c5a0f	23d919cf92dc5b33e90c5b332d514db6a21ccab482aee6da0518333e84fd09a4	04dec39e81aa17f0594a41b9a10b2276cafe59a5f6daa4fbda129f733528cb5b
production	sub-136	02	act	/ZPOOL/data/projects/srndna-ultimatum/derivatives/fsl/sub-136/L1_task-ultimatum_model-02_type-act_run-02_sm-6.feat	ok		200	27	26	26	26	0	26	16.713665209144118	8.733116476314631e-14	7			7:miss[EV]			0	1:comp[EV]|2:comp_p[EV]|3:in[EV]|4:in_p[EV]|5:out[EV]|6:out_p[EV]|7:miss[EV]|8:rt[EV]|9:rt_p[EV]|10:appended_nuisance|11:appended_nuisance|12:appended_nuisance|13:appended_nuisance|14:appended_nuisance|15:appended_nuisance|16:appended_nuisance|17:appended_nuisance|18:appended_nuisance|19:appended_nuisance|20:appended_nuisance|21:appended_nuisance|22:appended_nuisance|23:appended_nuisance|24:appended_nuisance|25:appended_nuisance|26:appended_nuisance|27:appended_nuisance	eaf137df9e6df1c71433f318e6953b41937947078cbea1fed0ab28067dc7ef7d	87be01565e2801ce805a804d3b74e92872950b9c2ea46bcc3eff92c82fe96835	5a2835895ebab8aabf2ff7861c15fe943a3967743b1bf36d78e8e7ea191ddb2e
production	sub-136	02	nppi-dmn	/ZPOOL/data/projects/srndna-ultimatum/derivatives/fsl/sub-136/L1_task-ultimatum_model-02_type-nppi-dmn_run-02_sm-6.feat	ok		200	46	44	44	44	0	44	67.41563620318107	1.368540988916642e-13	7|17			7:miss[EV]|17:miss[interaction]			0	1:comp[EV]|2:comp_p[EV]|3:in[EV]|4:in_p[EV]|5:out[EV]|6:out_p[EV]|7:miss[EV]|8:rt[EV]|9:rt_p[EV]|10:main[EV]|11:comp[interaction]|12:comp_p[interaction]|13:in[interaction]|14:in_p[interaction]|15:out[interaction]|16:out_p[interaction]|17:miss[interaction]|18:rt[interaction]|19:rt_p[interaction]|20:other[EV]|21:net0[EV]|22:net1[EV]|23:net2[EV]|24:net4[EV]|25:net5[EV]|26:net6[EV]|27:net8[EV]|28:net9[EV]|29:appended_nuisance|30:appended_nuisance|31:appended_nuisance|32:appended_nuisance|33:appended_nuisance|34:appended_nuisance|35:appended_nuisance|36:appended_nuisance|37:appended_nuisance|38:appended_nuisance|39:appended_nuisance|40:appended_nuisance|41:appended_nuisance|42:appended_nuisance|43:appended_nuisance|44:appended_nuisance|45:appended_nuisance|46:appended_nuisance	57714c405b15fa5ceccb23159c1069639ce0b9bfa7ca25ad5b70593c2be3540d	acfe581507c95f325022cbc78e6aa4f1098e56b3b74fdfbf00a91f8c8af49f5e	0d50551a4e8f38482689c2855c125e0146a807cb9d7dd1a66a838d8ff3d87b0d
production	sub-136	02	nppi-ecn	/ZPOOL/data/projects/srndna-ultimatum/derivatives/fsl/sub-136/L1_task-ultimatum_model-02_type-nppi-ecn_run-02_sm-6.feat	ok		200	46	44	44	44	0	44	72.19402867814566	1.3589528321453029e-13	7|17			7:miss[EV]|17:miss[interaction]			0	1:comp[EV]|2:comp_p[EV]|3:in[EV]|4:in_p[EV]|5:out[EV]|6:out_p[EV]|7:miss[EV]|8:rt[EV]|9:rt_p[EV]|10:main[EV]|11:comp[interaction]|12:comp_p[interaction]|13:in[interaction]|14:in_p[interaction]|15:out[interaction]|16:out_p[interaction]|17:miss[interaction]|18:rt[interaction]|19:rt_p[interaction]|20:other[EV]|21:net0[EV]|22:net1[EV]|23:net2[EV]|24:net4[EV]|25:net5[EV]|26:net6[EV]|27:net8[EV]|28:net9[EV]|29:appended_nuisance|30:appended_nuisance|31:appended_nuisance|32:appended_nuisance|33:appended_nuisance|34:appended_nuisance|35:appended_nuisance|36:appended_nuisance|37:appended_nuisance|38:appended_nuisance|39:appended_nuisance|40:appended_nuisance|41:appended_nuisance|42:appended_nuisance|43:appended_nuisance|44:appended_nuisance|45:appended_nuisance|46:appended_nuisance	ea0ab4472c1606f121996ccca3600876ca77af037062707d13c7e8f1628e9ede	287109c7d4e8a880a52408dc2aae39aa771bbdaeb2cf2c0ef6f7ab841eff3382	60f79b234aa6a5b52c2f9e7a5b501e3b6ffcd98a0d9a56bddf4fdbcd614827a1
production	sub-137	01	act	/ZPOOL/data/projects/srndna-ultimatum/derivatives/fsl/sub-137/L1_task-ultimatum_model-02_type-act_run-01_sm-6.feat	ok		200	27	27	27	27	0	27	18.873928848415225	9.410254806724872e-14							0	1:comp[EV]|2:comp_p[EV]|3:in[EV]|4:in_p[EV]|5:out[EV]|6:out_p[EV]|7:miss[EV]|8:rt[EV]|9:rt_p[EV]|10:appended_nuisance|11:appended_nuisance|12:appended_nuisance|13:appended_nuisance|14:appended_nuisance|15:appended_nuisance|16:appended_nuisance|17:appended_nuisance|18:appended_nuisance|19:appended_nuisance|20:appended_nuisance|21:appended_nuisance|22:appended_nuisance|23:appended_nuisance|24:appended_nuisance|25:appended_nuisance|26:appended_nuisance|27:appended_nuisance	a4ca61b1349b8d61e399a1bff1f88fa8e80d8470a463af29b3f66ee59f37c4e2	b05ac2ef6d855673dbda0c2c26f11b571a96f4446b6fa9c4c7e3d3a1aafb70cf	c109455480993990798f03f1cffbcc696b4bdebea9e4c075bad69839c50525c0
production	sub-137	01	nppi-dmn	/ZPOOL/data/projects/srndna-ultimatum/derivatives/fsl/sub-137/L1_task-ultimatum_model-02_type-nppi-dmn_run-01_sm-6.feat	ok		200	46	46	46	46	0	46	43.77886974304787	1.4032246698366267e-13							0	1:comp[EV]|2:comp_p[EV]|3:in[EV]|4:in_p[EV]|5:out[EV]|6:out_p[EV]|7:miss[EV]|8:rt[EV]|9:rt_p[EV]|10:main[EV]|11:comp[interaction]|12:comp_p[interaction]|13:in[interaction]|14:in_p[interaction]|15:out[interaction]|16:out_p[interaction]|17:miss[interaction]|18:rt[interaction]|19:rt_p[interaction]|20:other[EV]|21:net0[EV]|22:net1[EV]|23:net2[EV]|24:net4[EV]|25:net5[EV]|26:net6[EV]|27:net8[EV]|28:net9[EV]|29:appended_nuisance|30:appended_nuisance|31:appended_nuisance|32:appended_nuisance|33:appended_nuisance|34:appended_nuisance|35:appended_nuisance|36:appended_nuisance|37:appended_nuisance|38:appended_nuisance|39:appended_nuisance|40:appended_nuisance|41:appended_nuisance|42:appended_nuisance|43:appended_nuisance|44:appended_nuisance|45:appended_nuisance|46:appended_nuisance	a9e465a8501fcd9675f31cedec2d86de92a7f98a0c3d113a2195c660dd818497	fbbdf07cc2934e88ce5b2cd5b8acdc727002869c1e7377bd57dc30bfe63511df	9f0917c87b90f157d36f116bff5ce3d3d28378048821c9cf9b80b132239b2900
production	sub-137	01	nppi-ecn	/ZPOOL/data/projects/srndna-ultimatum/derivatives/fsl/sub-137/L1_task-ultimatum_model-02_type-nppi-ecn_run-01_sm-6.feat	ok		200	46	46	46	46	0	46	38.63852147334839	1.431836456196543e-13							0	1:comp[EV]|2:comp_p[EV]|3:in[EV]|4:in_p[EV]|5:out[EV]|6:out_p[EV]|7:miss[EV]|8:rt[EV]|9:rt_p[EV]|10:main[EV]|11:comp[interaction]|12:comp_p[interaction]|13:in[interaction]|14:in_p[interaction]|15:out[interaction]|16:out_p[interaction]|17:miss[interaction]|18:rt[interaction]|19:rt_p[interaction]|20:other[EV]|21:net0[EV]|22:net1[EV]|23:net2[EV]|24:net4[EV]|25:net5[EV]|26:net6[EV]|27:net8[EV]|28:net9[EV]|29:appended_nuisance|30:appended_nuisance|31:appended_nuisance|32:appended_nuisance|33:appended_nuisance|34:appended_nuisance|35:appended_nuisance|36:appended_nuisance|37:appended_nuisance|38:appended_nuisance|39:appended_nuisance|40:appended_nuisance|41:appended_nuisance|42:appended_nuisance|43:appended_nuisance|44:appended_nuisance|45:appended_nuisance|46:appended_nuisance	8b9386c3ed3eafe10d7d050dd344ffa5025ec29c07360e3f08284cf57331ec44	08c38e3ac1314cd0f53fc87ce887939ebe44b9a474d4632d39c9bd6bbf8f06ce	d376cb2e6f3d6bb0e15ffc8da39267dcb5c45cee86e0ea2ee6a9e15558791fba
production	sub-137	02	act	/ZPOOL/data/projects/srndna-ultimatum/derivatives/fsl/sub-137/L1_task-ultimatum_model-02_type-act_run-02_sm-6.feat	ok		200	27	27	27	27	0	27	23.761100133314017	1.0116841582786538e-13							0	1:comp[EV]|2:comp_p[EV]|3:in[EV]|4:in_p[EV]|5:out[EV]|6:out_p[EV]|7:miss[EV]|8:rt[EV]|9:rt_p[EV]|10:appended_nuisance|11:appended_nuisance|12:appended_nuisance|13:appended_nuisance|14:appended_nuisance|15:appended_nuisance|16:appended_nuisance|17:appended_nuisance|18:appended_nuisance|19:appended_nuisance|20:appended_nuisance|21:appended_nuisance|22:appended_nuisance|23:appended_nuisance|24:appended_nuisance|25:appended_nuisance|26:appended_nuisance|27:appended_nuisance	fa43dcd14f719262e2d3c14e0c4d794ce25aecbc65007b8cabde8059998651bf	52294f063eabddac88e23b77e02006061683e7103388c28a3f80fa4218169bff	f0e591c4f0c7410349eeb5bb0301aa6b390dc2a9b083e2532d033709c8032317
production	sub-137	02	nppi-dmn	/ZPOOL/data/projects/srndna-ultimatum/derivatives/fsl/sub-137/L1_task-ultimatum_model-02_type-nppi-dmn_run-02_sm-6.feat	ok		200	46	46	46	46	0	46	43.30849943504273	1.3207963426452122e-13							0	1:comp[EV]|2:comp_p[EV]|3:in[EV]|4:in_p[EV]|5:out[EV]|6:out_p[EV]|7:miss[EV]|8:rt[EV]|9:rt_p[EV]|10:main[EV]|11:comp[interaction]|12:comp_p[interaction]|13:in[interaction]|14:in_p[interaction]|15:out[interaction]|16:out_p[interaction]|17:miss[interaction]|18:rt[interaction]|19:rt_p[interaction]|20:other[EV]|21:net0[EV]|22:net1[EV]|23:net2[EV]|24:net4[EV]|25:net5[EV]|26:net6[EV]|27:net8[EV]|28:net9[EV]|29:appended_nuisance|30:appended_nuisance|31:appended_nuisance|32:appended_nuisance|33:appended_nuisance|34:appended_nuisance|35:appended_nuisance|36:appended_nuisance|37:appended_nuisance|38:appended_nuisance|39:appended_nuisance|40:appended_nuisance|41:appended_nuisance|42:appended_nuisance|43:appended_nuisance|44:appended_nuisance|45:appended_nuisance|46:appended_nuisance	2ebb387f0b4cb22d95edf3a848ad99f87a9defe1f6927a9307eccb6dd6ebe2e8	18dee4ade11956ae3211e961e0997ec684c5cd72033d02af27734ad42d34aef5	502887bb44f216293d3d47309fda7a3ae4043f06bd98e7cdf67025086fed72a6
production	sub-137	02	nppi-ecn	/ZPOOL/data/projects/srndna-ultimatum/derivatives/fsl/sub-137/L1_task-ultimatum_model-02_type-nppi-ecn_run-02_sm-6.feat	ok		200	46	46	46	46	0	46	50.759320525084256	1.361550414440802e-13							0	1:comp[EV]|2:comp_p[EV]|3:in[EV]|4:in_p[EV]|5:out[EV]|6:out_p[EV]|7:miss[EV]|8:rt[EV]|9:rt_p[EV]|10:main[EV]|11:comp[interaction]|12:comp_p[interaction]|13:in[interaction]|14:in_p[interaction]|15:out[interaction]|16:out_p[interaction]|17:miss[interaction]|18:rt[interaction]|19:rt_p[interaction]|20:other[EV]|21:net0[EV]|22:net1[EV]|23:net2[EV]|24:net4[EV]|25:net5[EV]|26:net6[EV]|27:net8[EV]|28:net9[EV]|29:appended_nuisance|30:appended_nuisance|31:appended_nuisance|32:appended_nuisance|33:appended_nuisance|34:appended_nuisance|35:appended_nuisance|36:appended_nuisance|37:appended_nuisance|38:appended_nuisance|39:appended_nuisance|40:appended_nuisance|41:appended_nuisance|42:appended_nuisance|43:appended_nuisance|44:appended_nuisance|45:appended_nuisance|46:appended_nuisance	677c174394b724b0876d51238b3a52b5e82e6c655eb19f0504f56b203ec48621	ed811efb20338d14ac64497f5102e53379f174a918d2899ba29abd91b27b5309	3be6331aa369660de5893c2ee6a9ff26376706506f689f8d931eb596e9f68050
production	sub-138	01	act	/ZPOOL/data/projects/srndna-ultimatum/derivatives/fsl/sub-138/L1_task-ultimatum_model-02_type-act_run-01_sm-6.feat	ok		200	28	28	28	28	0	28	23.20726179126693	9.725001077041286e-14							0	1:comp[EV]|2:comp_p[EV]|3:in[EV]|4:in_p[EV]|5:out[EV]|6:out_p[EV]|7:miss[EV]|8:rt[EV]|9:rt_p[EV]|10:appended_nuisance|11:appended_nuisance|12:appended_nuisance|13:appended_nuisance|14:appended_nuisance|15:appended_nuisance|16:appended_nuisance|17:appended_nuisance|18:appended_nuisance|19:appended_nuisance|20:appended_nuisance|21:appended_nuisance|22:appended_nuisance|23:appended_nuisance|24:appended_nuisance|25:appended_nuisance|26:appended_nuisance|27:appended_nuisance|28:appended_nuisance	58b4da6a85a12a42f3e1fc3ec8e1b281749368684feb0de000f0271be256db72	4858185255fa1a55c1cd30b86868037ac77c79037b246f3e5582278fdc971756	c1df1c28454afe3a197002dfca06cef9b1ebd76b0ba2830308d08080fb65d0c3
production	sub-138	01	nppi-dmn	/ZPOOL/data/projects/srndna-ultimatum/derivatives/fsl/sub-138/L1_task-ultimatum_model-02_type-nppi-dmn_run-01_sm-6.feat	ok		200	47	47	47	47	0	47	43.66459112085217	1.309514985484268e-13							0	1:comp[EV]|2:comp_p[EV]|3:in[EV]|4:in_p[EV]|5:out[EV]|6:out_p[EV]|7:miss[EV]|8:rt[EV]|9:rt_p[EV]|10:main[EV]|11:comp[interaction]|12:comp_p[interaction]|13:in[interaction]|14:in_p[interaction]|15:out[interaction]|16:out_p[interaction]|17:miss[interaction]|18:rt[interaction]|19:rt_p[interaction]|20:other[EV]|21:net0[EV]|22:net1[EV]|23:net2[EV]|24:net4[EV]|25:net5[EV]|26:net6[EV]|27:net8[EV]|28:net9[EV]|29:appended_nuisance|30:appended_nuisance|31:appended_nuisance|32:appended_nuisance|33:appended_nuisance|34:appended_nuisance|35:appended_nuisance|36:appended_nuisance|37:appended_nuisance|38:appended_nuisance|39:appended_nuisance|40:appended_nuisance|41:appended_nuisance|42:appended_nuisance|43:appended_nuisance|44:appended_nuisance|45:appended_nuisance|46:appended_nuisance|47:appended_nuisance	2764dd0471e8254c845050a9b39d40ff2f702ee460208c60749e4974a5df45c4	76662d809b631a8edbda0447b4f6e82ac389e6282052ace2242dcbdfc34bb914	d66e5c63f17ff6fddd54188b5ac59687a9d79675967d3920664602556adb69f0
production	sub-138	01	nppi-ecn	/ZPOOL/data/projects/srndna-ultimatum/derivatives/fsl/sub-138/L1_task-ultimatum_model-02_type-nppi-ecn_run-01_sm-6.feat	ok		200	47	47	47	47	0	47	45.70522119329215	1.3732600016761787e-13							0	1:comp[EV]|2:comp_p[EV]|3:in[EV]|4:in_p[EV]|5:out[EV]|6:out_p[EV]|7:miss[EV]|8:rt[EV]|9:rt_p[EV]|10:main[EV]|11:comp[interaction]|12:comp_p[interaction]|13:in[interaction]|14:in_p[interaction]|15:out[interaction]|16:out_p[interaction]|17:miss[interaction]|18:rt[interaction]|19:rt_p[interaction]|20:other[EV]|21:net0[EV]|22:net1[EV]|23:net2[EV]|24:net4[EV]|25:net5[EV]|26:net6[EV]|27:net8[EV]|28:net9[EV]|29:appended_nuisance|30:appended_nuisance|31:appended_nuisance|32:appended_nuisance|33:appended_nuisance|34:appended_nuisance|35:appended_nuisance|36:appended_nuisance|37:appended_nuisance|38:appended_nuisance|39:appended_nuisance|40:appended_nuisance|41:appended_nuisance|42:appended_nuisance|43:appended_nuisance|44:appended_nuisance|45:appended_nuisance|46:appended_nuisance|47:appended_nuisance	dcfed5223f29e955351d3b1f479b7b58a18359558027c949d7ff0501a5c2cef8	5f94c3ae0c6c7592bafffa8d2e28b2b6b8f8acbee2aed155d3588070e46534a0	4c4f6eac8f4428aaae2331b0e10cfacb7fe80c90f8f3318ca2506cd2bfaa4a25
production	sub-138	02	act	/ZPOOL/data/projects/srndna-ultimatum/derivatives/fsl/sub-138/L1_task-ultimatum_model-02_type-act_run-02_sm-6.feat	ok		200	28	28	28	28	0	28	14.230311275437575	9.261064593424249e-14							0	1:comp[EV]|2:comp_p[EV]|3:in[EV]|4:in_p[EV]|5:out[EV]|6:out_p[EV]|7:miss[EV]|8:rt[EV]|9:rt_p[EV]|10:appended_nuisance|11:appended_nuisance|12:appended_nuisance|13:appended_nuisance|14:appended_nuisance|15:appended_nuisance|16:appended_nuisance|17:appended_nuisance|18:appended_nuisance|19:appended_nuisance|20:appended_nuisance|21:appended_nuisance|22:appended_nuisance|23:appended_nuisance|24:appended_nuisance|25:appended_nuisance|26:appended_nuisance|27:appended_nuisance|28:appended_nuisance	a86f63042cfff7dbc2825a4b23215cc882415f4a066c9b4273f277a32f323d81	46b033f2cee38ded4ac0773f3600e773102e30ae4db7fc57e7edf814d7aa1584	72f029784e792272d5ba80c07eeccb9237bb0f5e7443a4cb52176812e95ef0f4
production	sub-138	02	nppi-dmn	/ZPOOL/data/projects/srndna-ultimatum/derivatives/fsl/sub-138/L1_task-ultimatum_model-02_type-nppi-dmn_run-02_sm-6.feat	ok		200	47	47	47	47	0	47	40.52328227598449	1.4448025974712856e-13							0	1:comp[EV]|2:comp_p[EV]|3:in[EV]|4:in_p[EV]|5:out[EV]|6:out_p[EV]|7:miss[EV]|8:rt[EV]|9:rt_p[EV]|10:main[EV]|11:comp[interaction]|12:comp_p[interaction]|13:in[interaction]|14:in_p[interaction]|15:out[interaction]|16:out_p[interaction]|17:miss[interaction]|18:rt[interaction]|19:rt_p[interaction]|20:other[EV]|21:net0[EV]|22:net1[EV]|23:net2[EV]|24:net4[EV]|25:net5[EV]|26:net6[EV]|27:net8[EV]|28:net9[EV]|29:appended_nuisance|30:appended_nuisance|31:appended_nuisance|32:appended_nuisance|33:appended_nuisance|34:appended_nuisance|35:appended_nuisance|36:appended_nuisance|37:appended_nuisance|38:appended_nuisance|39:appended_nuisance|40:appended_nuisance|41:appended_nuisance|42:appended_nuisance|43:appended_nuisance|44:appended_nuisance|45:appended_nuisance|46:appended_nuisance|47:appended_nuisance	0d15cf86cf7cbf1d1979576c5ddf1f8eb4bc163727865b5718f5102823e94b7c	613b1da21facfdc52d35c398ef2cb78395b22211bd01a01782b749223fc14c57	d626e4da3290307271aa844219c3682c8f36af662bbab4c5b47b536bd1e6f992
production	sub-138	02	nppi-ecn	/ZPOOL/data/projects/srndna-ultimatum/derivatives/fsl/sub-138/L1_task-ultimatum_model-02_type-nppi-ecn_run-02_sm-6.feat	ok		200	47	47	47	47	0	47	51.833783590468876	1.5058815445502018e-13							0	1:comp[EV]|2:comp_p[EV]|3:in[EV]|4:in_p[EV]|5:out[EV]|6:out_p[EV]|7:miss[EV]|8:rt[EV]|9:rt_p[EV]|10:main[EV]|11:comp[interaction]|12:comp_p[interaction]|13:in[interaction]|14:in_p[interaction]|15:out[interaction]|16:out_p[interaction]|17:miss[interaction]|18:rt[interaction]|19:rt_p[interaction]|20:other[EV]|21:net0[EV]|22:net1[EV]|23:net2[EV]|24:net4[EV]|25:net5[EV]|26:net6[EV]|27:net8[EV]|28:net9[EV]|29:appended_nuisance|30:appended_nuisance|31:appended_nuisance|32:appended_nuisance|33:appended_nuisance|34:appended_nuisance|35:appended_nuisance|36:appended_nuisance|37:appended_nuisance|38:appended_nuisance|39:appended_nuisance|40:appended_nuisance|41:appended_nuisance|42:appended_nuisance|43:appended_nuisance|44:appended_nuisance|45:appended_nuisance|46:appended_nuisance|47:appended_nuisance	725dfcdf8723644d13e41a1164d20756533fd90536a909cf5b0dd9fa7f2749dd	eb081f59731a5421fac2b48458dca385f7708038844c269d8d42c3399dfe98fa	deacd63ec348ec56c16526144690d8e1f6d93a36274479f332873958cdddebbd
production	sub-140	01	act	/ZPOOL/data/projects/srndna-ultimatum/derivatives/fsl/sub-140/L1_task-ultimatum_model-02_type-act_run-01_sm-6.feat	ok		200	28	28	28	28	0	28	19.139843575462425	9.600428159236869e-14							0	1:comp[EV]|2:comp_p[EV]|3:in[EV]|4:in_p[EV]|5:out[EV]|6:out_p[EV]|7:miss[EV]|8:rt[EV]|9:rt_p[EV]|10:appended_nuisance|11:appended_nuisance|12:appended_nuisance|13:appended_nuisance|14:appended_nuisance|15:appended_nuisance|16:appended_nuisance|17:appended_nuisance|18:appended_nuisance|19:appended_nuisance|20:appended_nuisance|21:appended_nuisance|22:appended_nuisance|23:appended_nuisance|24:appended_nuisance|25:appended_nuisance|26:appended_nuisance|27:appended_nuisance|28:appended_nuisance	66277a58aa8748b1626a830deffb26459287a3381f8ea8ebf68dcd975d247b0b	feaf4920dac0c60e956f73d68bbc4cacdb45655501952d87dbdf519d9388c401	586ffe0ba4b033261332597dae6f5d5308c4ec93fe1efae8357fd95539d18f44
production	sub-140	01	nppi-dmn	/ZPOOL/data/projects/srndna-ultimatum/derivatives/fsl/sub-140/L1_task-ultimatum_model-02_type-nppi-dmn_run-01_sm-6.feat	ok		200	47	47	47	47	0	47	62.64845084241137	1.3604269605488292e-13							0	1:comp[EV]|2:comp_p[EV]|3:in[EV]|4:in_p[EV]|5:out[EV]|6:out_p[EV]|7:miss[EV]|8:rt[EV]|9:rt_p[EV]|10:main[EV]|11:comp[interaction]|12:comp_p[interaction]|13:in[interaction]|14:in_p[interaction]|15:out[interaction]|16:out_p[interaction]|17:miss[interaction]|18:rt[interaction]|19:rt_p[interaction]|20:other[EV]|21:net0[EV]|22:net1[EV]|23:net2[EV]|24:net4[EV]|25:net5[EV]|26:net6[EV]|27:net8[EV]|28:net9[EV]|29:appended_nuisance|30:appended_nuisance|31:appended_nuisance|32:appended_nuisance|33:appended_nuisance|34:appended_nuisance|35:appended_nuisance|36:appended_nuisance|37:appended_nuisance|38:appended_nuisance|39:appended_nuisance|40:appended_nuisance|41:appended_nuisance|42:appended_nuisance|43:appended_nuisance|44:appended_nuisance|45:appended_nuisance|46:appended_nuisance|47:appended_nuisance	52ec4bdf4e3aaa215939026dc487a2f724296b54940fd7c01b9a6e4e915e3c7f	aa04fd950bc7ebc86ef046d111fe5d679604dc412f5f9cabff007957debaf7dc	64555e6649e00652a1c2976d67bbaf64f295ecec72b9f7191b05127052c43be7
production	sub-140	01	nppi-ecn	/ZPOOL/data/projects/srndna-ultimatum/derivatives/fsl/sub-140/L1_task-ultimatum_model-02_type-nppi-ecn_run-01_sm-6.feat	ok		200	47	47	47	47	0	47	68.64440800685675	1.4085679262400093e-13							0	1:comp[EV]|2:comp_p[EV]|3:in[EV]|4:in_p[EV]|5:out[EV]|6:out_p[EV]|7:miss[EV]|8:rt[EV]|9:rt_p[EV]|10:main[EV]|11:comp[interaction]|12:comp_p[interaction]|13:in[interaction]|14:in_p[interaction]|15:out[interaction]|16:out_p[interaction]|17:miss[interaction]|18:rt[interaction]|19:rt_p[interaction]|20:other[EV]|21:net0[EV]|22:net1[EV]|23:net2[EV]|24:net4[EV]|25:net5[EV]|26:net6[EV]|27:net8[EV]|28:net9[EV]|29:appended_nuisance|30:appended_nuisance|31:appended_nuisance|32:appended_nuisance|33:appended_nuisance|34:appended_nuisance|35:appended_nuisance|36:appended_nuisance|37:appended_nuisance|38:appended_nuisance|39:appended_nuisance|40:appended_nuisance|41:appended_nuisance|42:appended_nuisance|43:appended_nuisance|44:appended_nuisance|45:appended_nuisance|46:appended_nuisance|47:appended_nuisance	57ace943c73abd87922a8e1e5d164ae316b5c0e47c42b1dabe7fb577d81d60fa	e4bd5492f5ff3055d16fcd6e956256f13ca326bac61329a7aeca5e977c0c5eef	aebbae092cebcf1a363198e01380f3fc7d0dc28537d5b4bbbad7be9ecd28236e
production	sub-140	02	act	/ZPOOL/data/projects/srndna-ultimatum/derivatives/fsl/sub-140/L1_task-ultimatum_model-02_type-act_run-02_sm-6.feat	ok		200	30	30	30	30	0	30	21.285086243046262	8.801643493870767e-14							0	1:comp[EV]|2:comp_p[EV]|3:in[EV]|4:in_p[EV]|5:out[EV]|6:out_p[EV]|7:miss[EV]|8:rt[EV]|9:rt_p[EV]|10:appended_nuisance|11:appended_nuisance|12:appended_nuisance|13:appended_nuisance|14:appended_nuisance|15:appended_nuisance|16:appended_nuisance|17:appended_nuisance|18:appended_nuisance|19:appended_nuisance|20:appended_nuisance|21:appended_nuisance|22:appended_nuisance|23:appended_nuisance|24:appended_nuisance|25:appended_nuisance|26:appended_nuisance|27:appended_nuisance|28:appended_nuisance|29:appended_nuisance|30:appended_nuisance	9ad57d5c97a53ce5336513685a5497f11319f5e6c8fcfbdbec78d883782d6ce1	630a9c1cb5e68e5063c0df080035f95755008394cbabc93ec06d983346a407ea	bcd6ecde456d93012349c918e507514fd991b628ae2083231810fa07944301ae
production	sub-140	02	nppi-dmn	/ZPOOL/data/projects/srndna-ultimatum/derivatives/fsl/sub-140/L1_task-ultimatum_model-02_type-nppi-dmn_run-02_sm-6.feat	ok		200	49	49	49	49	0	49	58.87255790503412	1.3129030333869077e-13							0	1:comp[EV]|2:comp_p[EV]|3:in[EV]|4:in_p[EV]|5:out[EV]|6:out_p[EV]|7:miss[EV]|8:rt[EV]|9:rt_p[EV]|10:main[EV]|11:comp[interaction]|12:comp_p[interaction]|13:in[interaction]|14:in_p[interaction]|15:out[interaction]|16:out_p[interaction]|17:miss[interaction]|18:rt[interaction]|19:rt_p[interaction]|20:other[EV]|21:net0[EV]|22:net1[EV]|23:net2[EV]|24:net4[EV]|25:net5[EV]|26:net6[EV]|27:net8[EV]|28:net9[EV]|29:appended_nuisance|30:appended_nuisance|31:appended_nuisance|32:appended_nuisance|33:appended_nuisance|34:appended_nuisance|35:appended_nuisance|36:appended_nuisance|37:appended_nuisance|38:appended_nuisance|39:appended_nuisance|40:appended_nuisance|41:appended_nuisance|42:appended_nuisance|43:appended_nuisance|44:appended_nuisance|45:appended_nuisance|46:appended_nuisance|47:appended_nuisance|48:appended_nuisance|49:appended_nuisance	2b9ec38b409ce707ece971a56358caef23c970295be13c58cb10ab465889a70b	ee708643b7edbdb07bd96c448df0a4bfce5c99e03d4f94045639fbd63ff446bc	d0f77d7884755bcc196d7a58e7d765b57216ddb703ff2fbe19c35a581bcbf297
production	sub-140	02	nppi-ecn	/ZPOOL/data/projects/srndna-ultimatum/derivatives/fsl/sub-140/L1_task-ultimatum_model-02_type-nppi-ecn_run-02_sm-6.feat	ok		200	49	49	49	49	0	49	48.59684773961283	1.284934551401601e-13							0	1:comp[EV]|2:comp_p[EV]|3:in[EV]|4:in_p[EV]|5:out[EV]|6:out_p[EV]|7:miss[EV]|8:rt[EV]|9:rt_p[EV]|10:main[EV]|11:comp[interaction]|12:comp_p[interaction]|13:in[interaction]|14:in_p[interaction]|15:out[interaction]|16:out_p[interaction]|17:miss[interaction]|18:rt[interaction]|19:rt_p[interaction]|20:other[EV]|21:net0[EV]|22:net1[EV]|23:net2[EV]|24:net4[EV]|25:net5[EV]|26:net6[EV]|27:net8[EV]|28:net9[EV]|29:appended_nuisance|30:appended_nuisance|31:appended_nuisance|32:appended_nuisance|33:appended_nuisance|34:appended_nuisance|35:appended_nuisance|36:appended_nuisance|37:appended_nuisance|38:appended_nuisance|39:appended_nuisance|40:appended_nuisance|41:appended_nuisance|42:appended_nuisance|43:appended_nuisance|44:appended_nuisance|45:appended_nuisance|46:appended_nuisance|47:appended_nuisance|48:appended_nuisance|49:appended_nuisance	4a8ea33af55e2ccfc9aa6aac87f7145b2b474fa3d4bf4989384d5bbb9e9f6066	9df3107da63a6eca4f8418be2170be374567d313068829ac195914a02bc80136	176ad6b3c3c9cc066aadafbeeed31a12df9e10e546e65b99efab893531e95cde
production	sub-141	01	act	/ZPOOL/data/projects/srndna-ultimatum/derivatives/fsl/sub-141/L1_task-ultimatum_model-02_type-act_run-01_sm-6.feat	ok		200	29	29	29	29	0	29	56.42895540087105	1.0212287493359918e-13							0	1:comp[EV]|2:comp_p[EV]|3:in[EV]|4:in_p[EV]|5:out[EV]|6:out_p[EV]|7:miss[EV]|8:rt[EV]|9:rt_p[EV]|10:appended_nuisance|11:appended_nuisance|12:appended_nuisance|13:appended_nuisance|14:appended_nuisance|15:appended_nuisance|16:appended_nuisance|17:appended_nuisance|18:appended_nuisance|19:appended_nuisance|20:appended_nuisance|21:appended_nuisance|22:appended_nuisance|23:appended_nuisance|24:appended_nuisance|25:appended_nuisance|26:appended_nuisance|27:appended_nuisance|28:appended_nuisance|29:appended_nuisance	e0a6fbca561c5ac1e74aca3fcb0fb9e2c3aa2d16dfaddfc9a37f877935ec2205	2d3ae7782c06cd9cd2b7b51746ec7d617a71bc6467a755fde691997f33973447	a354291806a440b105778d6a031f97d2e2bf7029375ffe2cd2be1d2b17f6bce0
production	sub-141	01	nppi-dmn	/ZPOOL/data/projects/srndna-ultimatum/derivatives/fsl/sub-141/L1_task-ultimatum_model-02_type-nppi-dmn_run-01_sm-6.feat	ok		200	48	48	48	48	0	48	72.08780964540408	1.1157626820945111e-13							0	1:comp[EV]|2:comp_p[EV]|3:in[EV]|4:in_p[EV]|5:out[EV]|6:out_p[EV]|7:miss[EV]|8:rt[EV]|9:rt_p[EV]|10:main[EV]|11:comp[interaction]|12:comp_p[interaction]|13:in[interaction]|14:in_p[interaction]|15:out[interaction]|16:out_p[interaction]|17:miss[interaction]|18:rt[interaction]|19:rt_p[interaction]|20:other[EV]|21:net0[EV]|22:net1[EV]|23:net2[EV]|24:net4[EV]|25:net5[EV]|26:net6[EV]|27:net8[EV]|28:net9[EV]|29:appended_nuisance|30:appended_nuisance|31:appended_nuisance|32:appended_nuisance|33:appended_nuisance|34:appended_nuisance|35:appended_nuisance|36:appended_nuisance|37:appended_nuisance|38:appended_nuisance|39:appended_nuisance|40:appended_nuisance|41:appended_nuisance|42:appended_nuisance|43:appended_nuisance|44:appended_nuisance|45:appended_nuisance|46:appended_nuisance|47:appended_nuisance|48:appended_nuisance	c8f39770cc72ee780dbcb990c3127fbdfc543c81b5549421086325a1a2309ad5	c37c8b168b8849d5de006c0c6bb3c4dfad2b93a6f8b073927d7b244acd7eb4af	07b255ef44993025f977e02cdc6ca24ef336eff90eb14cf6b61b0c70a07c7248
production	sub-141	01	nppi-ecn	/ZPOOL/data/projects/srndna-ultimatum/derivatives/fsl/sub-141/L1_task-ultimatum_model-02_type-nppi-ecn_run-01_sm-6.feat	ok		200	48	48	48	48	0	48	78.38451174967886	1.2121933613699357e-13							0	1:comp[EV]|2:comp_p[EV]|3:in[EV]|4:in_p[EV]|5:out[EV]|6:out_p[EV]|7:miss[EV]|8:rt[EV]|9:rt_p[EV]|10:main[EV]|11:comp[interaction]|12:comp_p[interaction]|13:in[interaction]|14:in_p[interaction]|15:out[interaction]|16:out_p[interaction]|17:miss[interaction]|18:rt[interaction]|19:rt_p[interaction]|20:other[EV]|21:net0[EV]|22:net1[EV]|23:net2[EV]|24:net4[EV]|25:net5[EV]|26:net6[EV]|27:net8[EV]|28:net9[EV]|29:appended_nuisance|30:appended_nuisance|31:appended_nuisance|32:appended_nuisance|33:appended_nuisance|34:appended_nuisance|35:appended_nuisance|36:appended_nuisance|37:appended_nuisance|38:appended_nuisance|39:appended_nuisance|40:appended_nuisance|41:appended_nuisance|42:appended_nuisance|43:appended_nuisance|44:appended_nuisance|45:appended_nuisance|46:appended_nuisance|47:appended_nuisance|48:appended_nuisance	80b58178c6e8db613d9b675982129babd59f04d825d2d17849bed981e95156a7	33d4655b0cf1f4aace7b2120794a5ca517a141921195d1d00b2340727ceceb1c	ba96eb1f15e18d5790a7edb6d0854ec634f804608240f0cd806853fb875fb687
production	sub-141	02	act	/ZPOOL/data/projects/srndna-ultimatum/derivatives/fsl/sub-141/L1_task-ultimatum_model-02_type-act_run-02_sm-6.feat	ok		200	29	29	29	29	0	29	26.271436816167622	1.001316242495394e-13							0	1:comp[EV]|2:comp_p[EV]|3:in[EV]|4:in_p[EV]|5:out[EV]|6:out_p[EV]|7:miss[EV]|8:rt[EV]|9:rt_p[EV]|10:appended_nuisance|11:appended_nuisance|12:appended_nuisance|13:appended_nuisance|14:appended_nuisance|15:appended_nuisance|16:appended_nuisance|17:appended_nuisance|18:appended_nuisance|19:appended_nuisance|20:appended_nuisance|21:appended_nuisance|22:appended_nuisance|23:appended_nuisance|24:appended_nuisance|25:appended_nuisance|26:appended_nuisance|27:appended_nuisance|28:appended_nuisance|29:appended_nuisance	1e24a0ad011b45af33e2e42924ae4fcc806fd64405572118e99121308516e792	74cf6d0472e4765de61282a58ea1c5b35aba7e7e1fbdac2f82758455e5767791	7a892df7507b86617d50419984f237c5a8210a3f885c4df21da9562b38867465
production	sub-141	02	nppi-dmn	/ZPOOL/data/projects/srndna-ultimatum/derivatives/fsl/sub-141/L1_task-ultimatum_model-02_type-nppi-dmn_run-02_sm-6.feat	ok		200	48	48	48	48	0	48	37.568732034814644	1.2673250492634218e-13							0	1:comp[EV]|2:comp_p[EV]|3:in[EV]|4:in_p[EV]|5:out[EV]|6:out_p[EV]|7:miss[EV]|8:rt[EV]|9:rt_p[EV]|10:main[EV]|11:comp[interaction]|12:comp_p[interaction]|13:in[interaction]|14:in_p[interaction]|15:out[interaction]|16:out_p[interaction]|17:miss[interaction]|18:rt[interaction]|19:rt_p[interaction]|20:other[EV]|21:net0[EV]|22:net1[EV]|23:net2[EV]|24:net4[EV]|25:net5[EV]|26:net6[EV]|27:net8[EV]|28:net9[EV]|29:appended_nuisance|30:appended_nuisance|31:appended_nuisance|32:appended_nuisance|33:appended_nuisance|34:appended_nuisance|35:appended_nuisance|36:appended_nuisance|37:appended_nuisance|38:appended_nuisance|39:appended_nuisance|40:appended_nuisance|41:appended_nuisance|42:appended_nuisance|43:appended_nuisance|44:appended_nuisance|45:appended_nuisance|46:appended_nuisance|47:appended_nuisance|48:appended_nuisance	d6ddc1c7d71a935a18bcb8e56783266c3e5d816acbcd53441bcfc3389de80dbf	311cf9d9558d53b313ea27649dfdf485e6c4c25e1f72f90aee4e64cdaa8e2aed	aa0f32a202976ade26f26bfc2ae82ee8d46e0a2ce73c3dd1a4df10709e25d815
production	sub-141	02	nppi-ecn	/ZPOOL/data/projects/srndna-ultimatum/derivatives/fsl/sub-141/L1_task-ultimatum_model-02_type-nppi-ecn_run-02_sm-6.feat	ok		200	48	48	48	48	0	48	39.854243397677145	1.3252416470250334e-13							0	1:comp[EV]|2:comp_p[EV]|3:in[EV]|4:in_p[EV]|5:out[EV]|6:out_p[EV]|7:miss[EV]|8:rt[EV]|9:rt_p[EV]|10:main[EV]|11:comp[interaction]|12:comp_p[interaction]|13:in[interaction]|14:in_p[interaction]|15:out[interaction]|16:out_p[interaction]|17:miss[interaction]|18:rt[interaction]|19:rt_p[interaction]|20:other[EV]|21:net0[EV]|22:net1[EV]|23:net2[EV]|24:net4[EV]|25:net5[EV]|26:net6[EV]|27:net8[EV]|28:net9[EV]|29:appended_nuisance|30:appended_nuisance|31:appended_nuisance|32:appended_nuisance|33:appended_nuisance|34:appended_nuisance|35:appended_nuisance|36:appended_nuisance|37:appended_nuisance|38:appended_nuisance|39:appended_nuisance|40:appended_nuisance|41:appended_nuisance|42:appended_nuisance|43:appended_nuisance|44:appended_nuisance|45:appended_nuisance|46:appended_nuisance|47:appended_nuisance|48:appended_nuisance	fefec5d5a93cc40b2b0424f3a7aa46328bc561ba46f6ad4c2fbafc76f924954d	09b3ce3e6cb46aee3bde758f421225f86622fe8f3177c07488be9042d7e975f6	807edc634fae3c8a807f22ca27d68b5432c9bf4824281168c0930cd223d0deb3
production	sub-142	01	act	/ZPOOL/data/projects/srndna-ultimatum/derivatives/fsl/sub-142/L1_task-ultimatum_model-02_type-act_run-01_sm-6.feat	ok		200	27	27	27	27	0	27	18.50888698673244	9.337860404039171e-14							0	1:comp[EV]|2:comp_p[EV]|3:in[EV]|4:in_p[EV]|5:out[EV]|6:out_p[EV]|7:miss[EV]|8:rt[EV]|9:rt_p[EV]|10:appended_nuisance|11:appended_nuisance|12:appended_nuisance|13:appended_nuisance|14:appended_nuisance|15:appended_nuisance|16:appended_nuisance|17:appended_nuisance|18:appended_nuisance|19:appended_nuisance|20:appended_nuisance|21:appended_nuisance|22:appended_nuisance|23:appended_nuisance|24:appended_nuisance|25:appended_nuisance|26:appended_nuisance|27:appended_nuisance	8f20df0a5a9f80050f6cccdb1172e9e8906227b5894266ce070af151e1647da1	b6952be4bdcc07c65f90b614ad5bedb59255561cf5fba85a491438ecf4214032	096744b504ff536a076d34810dcdb6faf9914c3b389734f1009063b87fe342f7
production	sub-142	01	nppi-dmn	/ZPOOL/data/projects/srndna-ultimatum/derivatives/fsl/sub-142/L1_task-ultimatum_model-02_type-nppi-dmn_run-01_sm-6.feat	ok		200	46	46	46	46	0	46	51.87632426315864	1.3682847738297839e-13							0	1:comp[EV]|2:comp_p[EV]|3:in[EV]|4:in_p[EV]|5:out[EV]|6:out_p[EV]|7:miss[EV]|8:rt[EV]|9:rt_p[EV]|10:main[EV]|11:comp[interaction]|12:comp_p[interaction]|13:in[interaction]|14:in_p[interaction]|15:out[interaction]|16:out_p[interaction]|17:miss[interaction]|18:rt[interaction]|19:rt_p[interaction]|20:other[EV]|21:net0[EV]|22:net1[EV]|23:net2[EV]|24:net4[EV]|25:net5[EV]|26:net6[EV]|27:net8[EV]|28:net9[EV]|29:appended_nuisance|30:appended_nuisance|31:appended_nuisance|32:appended_nuisance|33:appended_nuisance|34:appended_nuisance|35:appended_nuisance|36:appended_nuisance|37:appended_nuisance|38:appended_nuisance|39:appended_nuisance|40:appended_nuisance|41:appended_nuisance|42:appended_nuisance|43:appended_nuisance|44:appended_nuisance|45:appended_nuisance|46:appended_nuisance	72b8b396e68e31041065d8e19475e61dbc5e34d4b43b8fd051a779c56dd286cf	3e9f8c921dc6da1880c900a7704e54e057e5a32e49c61cfda0be96a1aabaee1f	99bb51287123cd2e3e40f127fef567f0fa8c8dc8369c80bbe8b276afb5068027
production	sub-142	01	nppi-ecn	/ZPOOL/data/projects/srndna-ultimatum/derivatives/fsl/sub-142/L1_task-ultimatum_model-02_type-nppi-ecn_run-01_sm-6.feat	ok		200	46	46	46	46	0	46	55.390167478473565	1.4314088675312613e-13							0	1:comp[EV]|2:comp_p[EV]|3:in[EV]|4:in_p[EV]|5:out[EV]|6:out_p[EV]|7:miss[EV]|8:rt[EV]|9:rt_p[EV]|10:main[EV]|11:comp[interaction]|12:comp_p[interaction]|13:in[interaction]|14:in_p[interaction]|15:out[interaction]|16:out_p[interaction]|17:miss[interaction]|18:rt[interaction]|19:rt_p[interaction]|20:other[EV]|21:net0[EV]|22:net1[EV]|23:net2[EV]|24:net4[EV]|25:net5[EV]|26:net6[EV]|27:net8[EV]|28:net9[EV]|29:appended_nuisance|30:appended_nuisance|31:appended_nuisance|32:appended_nuisance|33:appended_nuisance|34:appended_nuisance|35:appended_nuisance|36:appended_nuisance|37:appended_nuisance|38:appended_nuisance|39:appended_nuisance|40:appended_nuisance|41:appended_nuisance|42:appended_nuisance|43:appended_nuisance|44:appended_nuisance|45:appended_nuisance|46:appended_nuisance	71652f88d8caf01a79dfac156d561b61022ba3e18477356e97010bf4533baa4e	32092971899f76b15fd6455bd501f3fca62ecadf19d24b45985cc250b5196705	ea412516745fd0434f9c43ea99e6642c48fa427bd5fa666caff89b8c2d8a5402
production	sub-142	02	act	/ZPOOL/data/projects/srndna-ultimatum/derivatives/fsl/sub-142/L1_task-ultimatum_model-02_type-act_run-02_sm-6.feat	ok		200	29	28	28	28	0	28	32.739135363504666	9.578511171857251e-14	7			7:miss[EV]			0	1:comp[EV]|2:comp_p[EV]|3:in[EV]|4:in_p[EV]|5:out[EV]|6:out_p[EV]|7:miss[EV]|8:rt[EV]|9:rt_p[EV]|10:appended_nuisance|11:appended_nuisance|12:appended_nuisance|13:appended_nuisance|14:appended_nuisance|15:appended_nuisance|16:appended_nuisance|17:appended_nuisance|18:appended_nuisance|19:appended_nuisance|20:appended_nuisance|21:appended_nuisance|22:appended_nuisance|23:appended_nuisance|24:appended_nuisance|25:appended_nuisance|26:appended_nuisance|27:appended_nuisance|28:appended_nuisance|29:appended_nuisance	f036f2cce05a2d99b64c0692eeeee3e82d987096ea151efea4bf8b10c82fcc5e	c28eb936022bc25251cf02fc8b89eb055cb7e7894cdf17f0b3d13555711ba5fe	9d0fb96f3a277195147576aa56a876f39f7bf608101ba8c337259d78f112533d
production	sub-142	02	nppi-dmn	/ZPOOL/data/projects/srndna-ultimatum/derivatives/fsl/sub-142/L1_task-ultimatum_model-02_type-nppi-dmn_run-02_sm-6.feat	ok		200	48	46	46	46	0	46	49.92912167695053	1.3501251201125342e-13	7|17			7:miss[EV]|17:miss[interaction]			0	1:comp[EV]|2:comp_p[EV]|3:in[EV]|4:in_p[EV]|5:out[EV]|6:out_p[EV]|7:miss[EV]|8:rt[EV]|9:rt_p[EV]|10:main[EV]|11:comp[interaction]|12:comp_p[interaction]|13:in[interaction]|14:in_p[interaction]|15:out[interaction]|16:out_p[interaction]|17:miss[interaction]|18:rt[interaction]|19:rt_p[interaction]|20:other[EV]|21:net0[EV]|22:net1[EV]|23:net2[EV]|24:net4[EV]|25:net5[EV]|26:net6[EV]|27:net8[EV]|28:net9[EV]|29:appended_nuisance|30:appended_nuisance|31:appended_nuisance|32:appended_nuisance|33:appended_nuisance|34:appended_nuisance|35:appended_nuisance|36:appended_nuisance|37:appended_nuisance|38:appended_nuisance|39:appended_nuisance|40:appended_nuisance|41:appended_nuisance|42:appended_nuisance|43:appended_nuisance|44:appended_nuisance|45:appended_nuisance|46:appended_nuisance|47:appended_nuisance|48:appended_nuisance	455628db8766865aac3d5a89a88cfdfd0399b44a072e9f0a86c39da39676b47b	a4966e9ff0224cb41989be33c58a548e6b7503f2370dc7a26f01d502ad619355	063aedfff7067fa6adffe9e18e1188623623222b81439fd429359c1d95ed2318
production	sub-142	02	nppi-ecn	/ZPOOL/data/projects/srndna-ultimatum/derivatives/fsl/sub-142/L1_task-ultimatum_model-02_type-nppi-ecn_run-02_sm-6.feat	ok		200	48	46	46	46	0	46	52.890729913713265	1.4079945088913987e-13	7|17			7:miss[EV]|17:miss[interaction]			0	1:comp[EV]|2:comp_p[EV]|3:in[EV]|4:in_p[EV]|5:out[EV]|6:out_p[EV]|7:miss[EV]|8:rt[EV]|9:rt_p[EV]|10:main[EV]|11:comp[interaction]|12:comp_p[interaction]|13:in[interaction]|14:in_p[interaction]|15:out[interaction]|16:out_p[interaction]|17:miss[interaction]|18:rt[interaction]|19:rt_p[interaction]|20:other[EV]|21:net0[EV]|22:net1[EV]|23:net2[EV]|24:net4[EV]|25:net5[EV]|26:net6[EV]|27:net8[EV]|28:net9[EV]|29:appended_nuisance|30:appended_nuisance|31:appended_nuisance|32:appended_nuisance|33:appended_nuisance|34:appended_nuisance|35:appended_nuisance|36:appended_nuisance|37:appended_nuisance|38:appended_nuisance|39:appended_nuisance|40:appended_nuisance|41:appended_nuisance|42:appended_nuisance|43:appended_nuisance|44:appended_nuisance|45:appended_nuisance|46:appended_nuisance|47:appended_nuisance|48:appended_nuisance	a30aec56a241d488092da4ed858413a5c4b081c6f10a25845fc52cd86da89cb4	4286766a47573c089fc86a4e60612583471a5762db8deab1762601894114d6e7	dd15854875a317c63c4f4f6f443f97058734d1348eeeae66a9be5ca89c797882
production	sub-143	01	act	/ZPOOL/data/projects/srndna-ultimatum/derivatives/fsl/sub-143/L1_task-ultimatum_model-02_type-act_run-01_sm-6.feat	ok		200	28	27	27	27	0	27	15.52920432773688	8.744487147281401e-14	7			7:miss[EV]			0	1:comp[EV]|2:comp_p[EV]|3:in[EV]|4:in_p[EV]|5:out[EV]|6:out_p[EV]|7:miss[EV]|8:rt[EV]|9:rt_p[EV]|10:appended_nuisance|11:appended_nuisance|12:appended_nuisance|13:appended_nuisance|14:appended_nuisance|15:appended_nuisance|16:appended_nuisance|17:appended_nuisance|18:appended_nuisance|19:appended_nuisance|20:appended_nuisance|21:appended_nuisance|22:appended_nuisance|23:appended_nuisance|24:appended_nuisance|25:appended_nuisance|26:appended_nuisance|27:appended_nuisance|28:appended_nuisance	614f2ca45f1b559280fbf0a354302ad3269206613d4436479ec40cac56c0fa57	f704c02185ebc4764da8cf5dd2e24d50c9534358025ac2aefd835bb093cf5b33	b7e0058528cbbb2d6185ce1027b5af25c6d4c14ef6deef0e584919c754afadbf
production	sub-143	01	nppi-dmn	/ZPOOL/data/projects/srndna-ultimatum/derivatives/fsl/sub-143/L1_task-ultimatum_model-02_type-nppi-dmn_run-01_sm-6.feat	ok		200	47	45	45	45	0	45	36.91278922113403	1.0762668958973395e-13	7|17			7:miss[EV]|17:miss[interaction]			0	1:comp[EV]|2:comp_p[EV]|3:in[EV]|4:in_p[EV]|5:out[EV]|6:out_p[EV]|7:miss[EV]|8:rt[EV]|9:rt_p[EV]|10:main[EV]|11:comp[interaction]|12:comp_p[interaction]|13:in[interaction]|14:in_p[interaction]|15:out[interaction]|16:out_p[interaction]|17:miss[interaction]|18:rt[interaction]|19:rt_p[interaction]|20:other[EV]|21:net0[EV]|22:net1[EV]|23:net2[EV]|24:net4[EV]|25:net5[EV]|26:net6[EV]|27:net8[EV]|28:net9[EV]|29:appended_nuisance|30:appended_nuisance|31:appended_nuisance|32:appended_nuisance|33:appended_nuisance|34:appended_nuisance|35:appended_nuisance|36:appended_nuisance|37:appended_nuisance|38:appended_nuisance|39:appended_nuisance|40:appended_nuisance|41:appended_nuisance|42:appended_nuisance|43:appended_nuisance|44:appended_nuisance|45:appended_nuisance|46:appended_nuisance|47:appended_nuisance	af537d1168928e45f23a425345a7a3ac54ce54711ef969f0672df911b24c070e	4f666d9e85c07ca81d99ca44755accb247186d6a4eff0274f9c33af2a64d948f	8575e87219afe0fb0b5092d95b39377d3cb4fe0037195357062b78fb455a32ea
production	sub-143	01	nppi-ecn	/ZPOOL/data/projects/srndna-ultimatum/derivatives/fsl/sub-143/L1_task-ultimatum_model-02_type-nppi-ecn_run-01_sm-6.feat	ok		200	47	45	45	45	0	45	37.23720590219408	1.1660758476386363e-13	7|17			7:miss[EV]|17:miss[interaction]			0	1:comp[EV]|2:comp_p[EV]|3:in[EV]|4:in_p[EV]|5:out[EV]|6:out_p[EV]|7:miss[EV]|8:rt[EV]|9:rt_p[EV]|10:main[EV]|11:comp[interaction]|12:comp_p[interaction]|13:in[interaction]|14:in_p[interaction]|15:out[interaction]|16:out_p[interaction]|17:miss[interaction]|18:rt[interaction]|19:rt_p[interaction]|20:other[EV]|21:net0[EV]|22:net1[EV]|23:net2[EV]|24:net4[EV]|25:net5[EV]|26:net6[EV]|27:net8[EV]|28:net9[EV]|29:appended_nuisance|30:appended_nuisance|31:appended_nuisance|32:appended_nuisance|33:appended_nuisance|34:appended_nuisance|35:appended_nuisance|36:appended_nuisance|37:appended_nuisance|38:appended_nuisance|39:appended_nuisance|40:appended_nuisance|41:appended_nuisance|42:appended_nuisance|43:appended_nuisance|44:appended_nuisance|45:appended_nuisance|46:appended_nuisance|47:appended_nuisance	d9080343a46ba5ca81c1792999148ba98d069fb16dad09b78b0648193eb850e3	308c008b1de4f327b1b4f7377715d19bda9fe1c79a3b5e753234252c8fe6acf6	aa7fc6ad9e6fba79d1979821078211cd39d94a3ff7fbe4146d0d8e8efbb58885
production	sub-143	02	act	/ZPOOL/data/projects/srndna-ultimatum/derivatives/fsl/sub-143/L1_task-ultimatum_model-02_type-act_run-02_sm-6.feat	ok		200	28	27	27	27	0	27	13.611289736186592	8.189329884559238e-14	7			7:miss[EV]			0	1:comp[EV]|2:comp_p[EV]|3:in[EV]|4:in_p[EV]|5:out[EV]|6:out_p[EV]|7:miss[EV]|8:rt[EV]|9:rt_p[EV]|10:appended_nuisance|11:appended_nuisance|12:appended_nuisance|13:appended_nuisance|14:appended_nuisance|15:appended_nuisance|16:appended_nuisance|17:appended_nuisance|18:appended_nuisance|19:appended_nuisance|20:appended_nuisance|21:appended_nuisance|22:appended_nuisance|23:appended_nuisance|24:appended_nuisance|25:appended_nuisance|26:appended_nuisance|27:appended_nuisance|28:appended_nuisance	82029ec4ed94d18b5a4be10fccd04c740e266c8517e7fbf3be948ccb053d5c7d	098b628124279c6dc69a76a279f9e0869ec8ef922834d11b147f03b8e052a5d5	9d1c8c2f3b69a69e9f5f44f588719c4e580b6a7ad5a4e3f99df4af95c6455cdd
production	sub-143	02	nppi-dmn	/ZPOOL/data/projects/srndna-ultimatum/derivatives/fsl/sub-143/L1_task-ultimatum_model-02_type-nppi-dmn_run-02_sm-6.feat	ok		200	47	45	45	45	0	45	48.45553300094192	1.0508564304572338e-13	7|17			7:miss[EV]|17:miss[interaction]			0	1:comp[EV]|2:comp_p[EV]|3:in[EV]|4:in_p[EV]|5:out[EV]|6:out_p[EV]|7:miss[EV]|8:rt[EV]|9:rt_p[EV]|10:main[EV]|11:comp[interaction]|12:comp_p[interaction]|13:in[interaction]|14:in_p[interaction]|15:out[interaction]|16:out_p[interaction]|17:miss[interaction]|18:rt[interaction]|19:rt_p[interaction]|20:other[EV]|21:net0[EV]|22:net1[EV]|23:net2[EV]|24:net4[EV]|25:net5[EV]|26:net6[EV]|27:net8[EV]|28:net9[EV]|29:appended_nuisance|30:appended_nuisance|31:appended_nuisance|32:appended_nuisance|33:appended_nuisance|34:appended_nuisance|35:appended_nuisance|36:appended_nuisance|37:appended_nuisance|38:appended_nuisance|39:appended_nuisance|40:appended_nuisance|41:appended_nuisance|42:appended_nuisance|43:appended_nuisance|44:appended_nuisance|45:appended_nuisance|46:appended_nuisance|47:appended_nuisance	2ae0c92bc806a4e29d4a9998e1d2c76eca7f3c3a515c812840c06d7171fd2eeb	f39a0e720273ab72dfbc11fe82509d14040331def03aacca626a0812e87ffcc0	f2bfd508232512014c0f12db1d740514bf99d5a0d946e4fc0204d06c89e249c4
production	sub-143	02	nppi-ecn	/ZPOOL/data/projects/srndna-ultimatum/derivatives/fsl/sub-143/L1_task-ultimatum_model-02_type-nppi-ecn_run-02_sm-6.feat	ok		200	47	45	45	45	0	45	61.91623303305593	1.1395714587935232e-13	7|17			7:miss[EV]|17:miss[interaction]			0	1:comp[EV]|2:comp_p[EV]|3:in[EV]|4:in_p[EV]|5:out[EV]|6:out_p[EV]|7:miss[EV]|8:rt[EV]|9:rt_p[EV]|10:main[EV]|11:comp[interaction]|12:comp_p[interaction]|13:in[interaction]|14:in_p[interaction]|15:out[interaction]|16:out_p[interaction]|17:miss[interaction]|18:rt[interaction]|19:rt_p[interaction]|20:other[EV]|21:net0[EV]|22:net1[EV]|23:net2[EV]|24:net4[EV]|25:net5[EV]|26:net6[EV]|27:net8[EV]|28:net9[EV]|29:appended_nuisance|30:appended_nuisance|31:appended_nuisance|32:appended_nuisance|33:appended_nuisance|34:appended_nuisance|35:appended_nuisance|36:appended_nuisance|37:appended_nuisance|38:appended_nuisance|39:appended_nuisance|40:appended_nuisance|41:appended_nuisance|42:appended_nuisance|43:appended_nuisance|44:appended_nuisance|45:appended_nuisance|46:appended_nuisance|47:appended_nuisance	933db53717dc190f39c522084bb88740e45fd0ddd45f83875ba225e704153a7a	6f69ebe58ffccca2ca6240b8ec93e5cb4a7d5dd506b59e6921a64c53f29b0125	d28982487aba94beb367e1a2ad4127d4987dba395babc1cced84f3258c8c10ac
production	sub-144	01	act	/ZPOOL/data/projects/srndna-ultimatum/derivatives/fsl/sub-144/L1_task-ultimatum_model-02_type-act_run-01_sm-6.feat	ok		200	29	28	28	28	0	28	56.01750146962312	1.0578692164596645e-13	7			7:miss[EV]			0	1:comp[EV]|2:comp_p[EV]|3:in[EV]|4:in_p[EV]|5:out[EV]|6:out_p[EV]|7:miss[EV]|8:rt[EV]|9:rt_p[EV]|10:appended_nuisance|11:appended_nuisance|12:appended_nuisance|13:appended_nuisance|14:appended_nuisance|15:appended_nuisance|16:appended_nuisance|17:appended_nuisance|18:appended_nuisance|19:appended_nuisance|20:appended_nuisance|21:appended_nuisance|22:appended_nuisance|23:appended_nuisance|24:appended_nuisance|25:appended_nuisance|26:appended_nuisance|27:appended_nuisance|28:appended_nuisance|29:appended_nuisance	714ccd327084203e8718bb576f5c2ccad743bcd6ab5273492594afe68f91e61e	b87f85ff6c6e0b515f7ef6a531da7f7410c221e1145893f7c9942240c4490ade	bf79662d199fe97c7a3e6ec20f3821f13ccda82bb7eae77e49483c8475b0cc6d
repaired	sub-144	01	act	/ZPOOL/data/scratch/srndna-ultimatum-sub144-repair-v2/derivatives/fsl/sub-144/L1_task-ultimatum_model-02_type-act_run-01_sm-6.feat	ok		200	29	29	29	29	0	29	57.683278609491595	1.0607640342495376e-13							0	1:comp[EV]|2:comp_p[EV]|3:in[EV]|4:in_p[EV]|5:out[EV]|6:out_p[EV]|7:miss[EV]|8:rt[EV]|9:rt_p[EV]|10:appended_nuisance|11:appended_nuisance|12:appended_nuisance|13:appended_nuisance|14:appended_nuisance|15:appended_nuisance|16:appended_nuisance|17:appended_nuisance|18:appended_nuisance|19:appended_nuisance|20:appended_nuisance|21:appended_nuisance|22:appended_nuisance|23:appended_nuisance|24:appended_nuisance|25:appended_nuisance|26:appended_nuisance|27:appended_nuisance|28:appended_nuisance|29:appended_nuisance	199b8a43447412c325a63dc3cb94c47f13fb0c6638b6f0cdd031b5ca9e1a8358	1b0161de108f274387df288a15f662f09915ecf7429a0ef9673676f15f962b73	f4db41cfb4ce787c5456b89a3f7502bb6d7f331e47f275ba2edfd76e95c4fca1
production	sub-144	01	nppi-dmn	/ZPOOL/data/projects/srndna-ultimatum/derivatives/fsl/sub-144/L1_task-ultimatum_model-02_type-nppi-dmn_run-01_sm-6.feat	ok		200	48	46	46	46	0	46	77.02646304805708	1.231867722968188e-13	7|17			7:miss[EV]|17:miss[interaction]			0	1:comp[EV]|2:comp_p[EV]|3:in[EV]|4:in_p[EV]|5:out[EV]|6:out_p[EV]|7:miss[EV]|8:rt[EV]|9:rt_p[EV]|10:main[EV]|11:comp[interaction]|12:comp_p[interaction]|13:in[interaction]|14:in_p[interaction]|15:out[interaction]|16:out_p[interaction]|17:miss[interaction]|18:rt[interaction]|19:rt_p[interaction]|20:other[EV]|21:net0[EV]|22:net1[EV]|23:net2[EV]|24:net4[EV]|25:net5[EV]|26:net6[EV]|27:net8[EV]|28:net9[EV]|29:appended_nuisance|30:appended_nuisance|31:appended_nuisance|32:appended_nuisance|33:appended_nuisance|34:appended_nuisance|35:appended_nuisance|36:appended_nuisance|37:appended_nuisance|38:appended_nuisance|39:appended_nuisance|40:appended_nuisance|41:appended_nuisance|42:appended_nuisance|43:appended_nuisance|44:appended_nuisance|45:appended_nuisance|46:appended_nuisance|47:appended_nuisance|48:appended_nuisance	9675bb0d8b1b9126eb782d52da4c529e99386979c84cd268588dc09385ee5e34	74b43a2201a50ecf02a9c1bb1644ab6c1196fd5195092f79f63b952a65ed7c16	183ebbeec2f2c42242ab2d2c6fe25a32e2fdc805849d1835b644d285562ca4f3
repaired	sub-144	01	nppi-dmn	/ZPOOL/data/scratch/srndna-ultimatum-sub144-repair-v2/derivatives/fsl/sub-144/L1_task-ultimatum_model-02_type-nppi-dmn_run-01_sm-6.feat	ok		200	48	48	48	48	0	48	80.09162187930366	1.2412365839833264e-13							0	1:comp[EV]|2:comp_p[EV]|3:in[EV]|4:in_p[EV]|5:out[EV]|6:out_p[EV]|7:miss[EV]|8:rt[EV]|9:rt_p[EV]|10:main[EV]|11:comp[interaction]|12:comp_p[interaction]|13:in[interaction]|14:in_p[interaction]|15:out[interaction]|16:out_p[interaction]|17:miss[interaction]|18:rt[interaction]|19:rt_p[interaction]|20:other[EV]|21:net0[EV]|22:net1[EV]|23:net2[EV]|24:net4[EV]|25:net5[EV]|26:net6[EV]|27:net8[EV]|28:net9[EV]|29:appended_nuisance|30:appended_nuisance|31:appended_nuisance|32:appended_nuisance|33:appended_nuisance|34:appended_nuisance|35:appended_nuisance|36:appended_nuisance|37:appended_nuisance|38:appended_nuisance|39:appended_nuisance|40:appended_nuisance|41:appended_nuisance|42:appended_nuisance|43:appended_nuisance|44:appended_nuisance|45:appended_nuisance|46:appended_nuisance|47:appended_nuisance|48:appended_nuisance	7a7484d3246e8136d9067609583cd9c83e4abab3e2bbedd159db33b5ee9ab6dc	32aea682dcaebcbf6eb3874764664ac778d7d6c3b865225d46f33be97ec442b9	b94a38475148f20b9e2cf9d452d03a8325a404f7fa073bcf9a5932b37a103c80
production	sub-144	01	nppi-ecn	/ZPOOL/data/projects/srndna-ultimatum/derivatives/fsl/sub-144/L1_task-ultimatum_model-02_type-nppi-ecn_run-01_sm-6.feat	ok		200	48	46	46	46	0	46	84.70416790444679	1.270251747407336e-13	7|17			7:miss[EV]|17:miss[interaction]			0	1:comp[EV]|2:comp_p[EV]|3:in[EV]|4:in_p[EV]|5:out[EV]|6:out_p[EV]|7:miss[EV]|8:rt[EV]|9:rt_p[EV]|10:main[EV]|11:comp[interaction]|12:comp_p[interaction]|13:in[interaction]|14:in_p[interaction]|15:out[interaction]|16:out_p[interaction]|17:miss[interaction]|18:rt[interaction]|19:rt_p[interaction]|20:other[EV]|21:net0[EV]|22:net1[EV]|23:net2[EV]|24:net4[EV]|25:net5[EV]|26:net6[EV]|27:net8[EV]|28:net9[EV]|29:appended_nuisance|30:appended_nuisance|31:appended_nuisance|32:appended_nuisance|33:appended_nuisance|34:appended_nuisance|35:appended_nuisance|36:appended_nuisance|37:appended_nuisance|38:appended_nuisance|39:appended_nuisance|40:appended_nuisance|41:appended_nuisance|42:appended_nuisance|43:appended_nuisance|44:appended_nuisance|45:appended_nuisance|46:appended_nuisance|47:appended_nuisance|48:appended_nuisance	0929f31effca26e9b5fc7670599a9850bd7b0bdd2ae7275d1dabbe14ce58fde2	2028e2c3289ba7df4ce35cfff06d58a995d6046829670500ada5a78fb2b487fd	9ef3654806a3a536d48914d18af202ce616a06289a4eabc02b97848a70f6c62d
repaired	sub-144	01	nppi-ecn	/ZPOOL/data/scratch/srndna-ultimatum-sub144-repair-v2/derivatives/fsl/sub-144/L1_task-ultimatum_model-02_type-nppi-ecn_run-01_sm-6.feat	ok		200	48	48	48	48	0	48	84.48249675454177	1.2828765352391533e-13							0	1:comp[EV]|2:comp_p[EV]|3:in[EV]|4:in_p[EV]|5:out[EV]|6:out_p[EV]|7:miss[EV]|8:rt[EV]|9:rt_p[EV]|10:main[EV]|11:comp[interaction]|12:comp_p[interaction]|13:in[interaction]|14:in_p[interaction]|15:out[interaction]|16:out_p[interaction]|17:miss[interaction]|18:rt[interaction]|19:rt_p[interaction]|20:other[EV]|21:net0[EV]|22:net1[EV]|23:net2[EV]|24:net4[EV]|25:net5[EV]|26:net6[EV]|27:net8[EV]|28:net9[EV]|29:appended_nuisance|30:appended_nuisance|31:appended_nuisance|32:appended_nuisance|33:appended_nuisance|34:appended_nuisance|35:appended_nuisance|36:appended_nuisance|37:appended_nuisance|38:appended_nuisance|39:appended_nuisance|40:appended_nuisance|41:appended_nuisance|42:appended_nuisance|43:appended_nuisance|44:appended_nuisance|45:appended_nuisance|46:appended_nuisance|47:appended_nuisance|48:appended_nuisance	d67b7a858812c0f91ab3fad42e51efa6c5046647c7da7a5f4e2fa7dad58d001e	643d64f196bc9200fe5e8c650f37533c13d76d60989f0b560aaff799a4dd8c53	656835687b48763bef7465053c0be61ccd86d03f0b7058b7173053bf7c79d9a7
production	sub-144	02	act	/ZPOOL/data/projects/srndna-ultimatum/derivatives/fsl/sub-144/L1_task-ultimatum_model-02_type-act_run-02_sm-6.feat	ok		200	27	26	26	26	0	26	21.675769605791043	1.0221641558295368e-13	7			7:miss[EV]			0	1:comp[EV]|2:comp_p[EV]|3:in[EV]|4:in_p[EV]|5:out[EV]|6:out_p[EV]|7:miss[EV]|8:rt[EV]|9:rt_p[EV]|10:appended_nuisance|11:appended_nuisance|12:appended_nuisance|13:appended_nuisance|14:appended_nuisance|15:appended_nuisance|16:appended_nuisance|17:appended_nuisance|18:appended_nuisance|19:appended_nuisance|20:appended_nuisance|21:appended_nuisance|22:appended_nuisance|23:appended_nuisance|24:appended_nuisance|25:appended_nuisance|26:appended_nuisance|27:appended_nuisance	46084a62025d0b8d3f9b42791973e54c4d79a31dfc9b69e5d2d4b392fb7778ac	c07ed51bfbdeab128080d10931a4cc444d158e294aac0ba3012c089a9f87e4a0	76e107a8bba7cb1f28457ae82f0138232327629ecf20eb7352e10ce765501141
repaired	sub-144	02	act	/ZPOOL/data/scratch/srndna-ultimatum-sub144-repair-v2/derivatives/fsl/sub-144/L1_task-ultimatum_model-02_type-act_run-02_sm-6.feat	ok		200	27	26	26	26	0	26	23.794719114876578	1.0232280351759307e-13	7			7:miss[EV]			0	1:comp[EV]|2:comp_p[EV]|3:in[EV]|4:in_p[EV]|5:out[EV]|6:out_p[EV]|7:miss[EV]|8:rt[EV]|9:rt_p[EV]|10:appended_nuisance|11:appended_nuisance|12:appended_nuisance|13:appended_nuisance|14:appended_nuisance|15:appended_nuisance|16:appended_nuisance|17:appended_nuisance|18:appended_nuisance|19:appended_nuisance|20:appended_nuisance|21:appended_nuisance|22:appended_nuisance|23:appended_nuisance|24:appended_nuisance|25:appended_nuisance|26:appended_nuisance|27:appended_nuisance	a03c75024bed7ea9ed3af088903fff0c4a8250e34cc4b72761bb6fcd46f09021	910d140637b7c6ee8a227e95864ee9fef39dc63b9670b681b6a0218afd93f083	d199823985ef6d9bcbbe8a85cf7ccb9941b20614b440ad2c297db7a72c7e7c58
production	sub-144	02	nppi-dmn	/ZPOOL/data/projects/srndna-ultimatum/derivatives/fsl/sub-144/L1_task-ultimatum_model-02_type-nppi-dmn_run-02_sm-6.feat	ok		200	46	44	44	44	0	44	87.83015694976056	1.230278143622519e-13	7|17			7:miss[EV]|17:miss[interaction]			0	1:comp[EV]|2:comp_p[EV]|3:in[EV]|4:in_p[EV]|5:out[EV]|6:out_p[EV]|7:miss[EV]|8:rt[EV]|9:rt_p[EV]|10:main[EV]|11:comp[interaction]|12:comp_p[interaction]|13:in[interaction]|14:in_p[interaction]|15:out[interaction]|16:out_p[interaction]|17:miss[interaction]|18:rt[interaction]|19:rt_p[interaction]|20:other[EV]|21:net0[EV]|22:net1[EV]|23:net2[EV]|24:net4[EV]|25:net5[EV]|26:net6[EV]|27:net8[EV]|28:net9[EV]|29:appended_nuisance|30:appended_nuisance|31:appended_nuisance|32:appended_nuisance|33:appended_nuisance|34:appended_nuisance|35:appended_nuisance|36:appended_nuisance|37:appended_nuisance|38:appended_nuisance|39:appended_nuisance|40:appended_nuisance|41:appended_nuisance|42:appended_nuisance|43:appended_nuisance|44:appended_nuisance|45:appended_nuisance|46:appended_nuisance	9048639adc319159eaa0a4e874d4debbb7aab329154de98821f28ade90c2af63	1c704e66fb1c5668f0754a5946c5fbfba8d59ee3df986fbf732cf4a32906c6b8	a303ec518310da5887a5c86a2a0b07bcc458eb9133e59cd5f19a2abcab12b8d8
repaired	sub-144	02	nppi-dmn	/ZPOOL/data/scratch/srndna-ultimatum-sub144-repair-v2/derivatives/fsl/sub-144/L1_task-ultimatum_model-02_type-nppi-dmn_run-02_sm-6.feat	ok		200	46	44	44	44	0	44	96.49999403390274	1.2380445798516086e-13	7|17			7:miss[EV]|17:miss[interaction]			0	1:comp[EV]|2:comp_p[EV]|3:in[EV]|4:in_p[EV]|5:out[EV]|6:out_p[EV]|7:miss[EV]|8:rt[EV]|9:rt_p[EV]|10:main[EV]|11:comp[interaction]|12:comp_p[interaction]|13:in[interaction]|14:in_p[interaction]|15:out[interaction]|16:out_p[interaction]|17:miss[interaction]|18:rt[interaction]|19:rt_p[interaction]|20:other[EV]|21:net0[EV]|22:net1[EV]|23:net2[EV]|24:net4[EV]|25:net5[EV]|26:net6[EV]|27:net8[EV]|28:net9[EV]|29:appended_nuisance|30:appended_nuisance|31:appended_nuisance|32:appended_nuisance|33:appended_nuisance|34:appended_nuisance|35:appended_nuisance|36:appended_nuisance|37:appended_nuisance|38:appended_nuisance|39:appended_nuisance|40:appended_nuisance|41:appended_nuisance|42:appended_nuisance|43:appended_nuisance|44:appended_nuisance|45:appended_nuisance|46:appended_nuisance	5cb73ddd338af02360ee05ba85d60f0861323491e2a3d72b274fdb50f82b95ec	5306d57534353acd921d3901a66eb06df7689715ec6035479217f42a6eafcdfd	d8ddebbe166e483b95998742165dc065f01665482f114b2b2edc9fe9762edd30
production	sub-144	02	nppi-ecn	/ZPOOL/data/projects/srndna-ultimatum/derivatives/fsl/sub-144/L1_task-ultimatum_model-02_type-nppi-ecn_run-02_sm-6.feat	ok		200	46	44	44	44	0	44	186.83644255514022	1.391115879895867e-13	7|17			7:miss[EV]|17:miss[interaction]			0	1:comp[EV]|2:comp_p[EV]|3:in[EV]|4:in_p[EV]|5:out[EV]|6:out_p[EV]|7:miss[EV]|8:rt[EV]|9:rt_p[EV]|10:main[EV]|11:comp[interaction]|12:comp_p[interaction]|13:in[interaction]|14:in_p[interaction]|15:out[interaction]|16:out_p[interaction]|17:miss[interaction]|18:rt[interaction]|19:rt_p[interaction]|20:other[EV]|21:net0[EV]|22:net1[EV]|23:net2[EV]|24:net4[EV]|25:net5[EV]|26:net6[EV]|27:net8[EV]|28:net9[EV]|29:appended_nuisance|30:appended_nuisance|31:appended_nuisance|32:appended_nuisance|33:appended_nuisance|34:appended_nuisance|35:appended_nuisance|36:appended_nuisance|37:appended_nuisance|38:appended_nuisance|39:appended_nuisance|40:appended_nuisance|41:appended_nuisance|42:appended_nuisance|43:appended_nuisance|44:appended_nuisance|45:appended_nuisance|46:appended_nuisance	00a59f027f58d10b29c8036c109962fbed97eab5ff5e36f2b859b89064709dae	a2295a04c872ca4552291b276c00f94b871077cf19bc925a6ca35cc677470abe	011e952316ddee17ef27c8d543776f78e121031eea532b0815062577c68f7646
repaired	sub-144	02	nppi-ecn	/ZPOOL/data/scratch/srndna-ultimatum-sub144-repair-v2/derivatives/fsl/sub-144/L1_task-ultimatum_model-02_type-nppi-ecn_run-02_sm-6.feat	ok		200	46	44	44	44	0	44	238.40354097154807	1.3951673625029688e-13	7|17			7:miss[EV]|17:miss[interaction]			0	1:comp[EV]|2:comp_p[EV]|3:in[EV]|4:in_p[EV]|5:out[EV]|6:out_p[EV]|7:miss[EV]|8:rt[EV]|9:rt_p[EV]|10:main[EV]|11:comp[interaction]|12:comp_p[interaction]|13:in[interaction]|14:in_p[interaction]|15:out[interaction]|16:out_p[interaction]|17:miss[interaction]|18:rt[interaction]|19:rt_p[interaction]|20:other[EV]|21:net0[EV]|22:net1[EV]|23:net2[EV]|24:net4[EV]|25:net5[EV]|26:net6[EV]|27:net8[EV]|28:net9[EV]|29:appended_nuisance|30:appended_nuisance|31:appended_nuisance|32:appended_nuisance|33:appended_nuisance|34:appended_nuisance|35:appended_nuisance|36:appended_nuisance|37:appended_nuisance|38:appended_nuisance|39:appended_nuisance|40:appended_nuisance|41:appended_nuisance|42:appended_nuisance|43:appended_nuisance|44:appended_nuisance|45:appended_nuisance|46:appended_nuisance	00bf8fccf1fb0dab1f6a3489ddba2b39ff0528c9e9f4d819bdb9389ae3cad142	e9d5bb03f79cda694f446acd1526559ce4c28d423eaba7533edba1660e2a02d2	2db9478fe75a34e12642293bd34727a5ac04a328bb07a992de3a13a19e537ac9
production	sub-147	01	act	/ZPOOL/data/projects/srndna-ultimatum/derivatives/fsl/sub-147/L1_task-ultimatum_model-02_type-act_run-01_sm-6.feat	ok		200	28	28	28	28	0	28	66.56835250584085	1.0717875146554453e-13							0	1:comp[EV]|2:comp_p[EV]|3:in[EV]|4:in_p[EV]|5:out[EV]|6:out_p[EV]|7:miss[EV]|8:rt[EV]|9:rt_p[EV]|10:appended_nuisance|11:appended_nuisance|12:appended_nuisance|13:appended_nuisance|14:appended_nuisance|15:appended_nuisance|16:appended_nuisance|17:appended_nuisance|18:appended_nuisance|19:appended_nuisance|20:appended_nuisance|21:appended_nuisance|22:appended_nuisance|23:appended_nuisance|24:appended_nuisance|25:appended_nuisance|26:appended_nuisance|27:appended_nuisance|28:appended_nuisance	59c9a22e271cfb630e52da6dbeca2da0f07d179340c831024c4e67d62e60f354	8732af1fc40b7a600d551686e56572fc21b1465ba74569b7e443a2b15a07f0f1	77b734f44aafd399800948b0fe19611702c56aecd94e4f53996cea9330151847
production	sub-147	01	nppi-dmn	/ZPOOL/data/projects/srndna-ultimatum/derivatives/fsl/sub-147/L1_task-ultimatum_model-02_type-nppi-dmn_run-01_sm-6.feat	ok		200	47	47	47	47	0	47	114.71735440799483	1.4326088691445447e-13							0	1:comp[EV]|2:comp_p[EV]|3:in[EV]|4:in_p[EV]|5:out[EV]|6:out_p[EV]|7:miss[EV]|8:rt[EV]|9:rt_p[EV]|10:main[EV]|11:comp[interaction]|12:comp_p[interaction]|13:in[interaction]|14:in_p[interaction]|15:out[interaction]|16:out_p[interaction]|17:miss[interaction]|18:rt[interaction]|19:rt_p[interaction]|20:other[EV]|21:net0[EV]|22:net1[EV]|23:net2[EV]|24:net4[EV]|25:net5[EV]|26:net6[EV]|27:net8[EV]|28:net9[EV]|29:appended_nuisance|30:appended_nuisance|31:appended_nuisance|32:appended_nuisance|33:appended_nuisance|34:appended_nuisance|35:appended_nuisance|36:appended_nuisance|37:appended_nuisance|38:appended_nuisance|39:appended_nuisance|40:appended_nuisance|41:appended_nuisance|42:appended_nuisance|43:appended_nuisance|44:appended_nuisance|45:appended_nuisance|46:appended_nuisance|47:appended_nuisance	c6e48883cbc2300a3bd65a414e9a3a75fd065eca781858bac9f0b424b65920b9	a54401484ed067a32c9205f50262a487d1b8a0cfc5487428cfc4a98fb0a04be4	ff2ecfd6943a00e9d650c2f393a69ea3989782f357d80c2e759dab84834aaea8
production	sub-147	01	nppi-ecn	/ZPOOL/data/projects/srndna-ultimatum/derivatives/fsl/sub-147/L1_task-ultimatum_model-02_type-nppi-ecn_run-01_sm-6.feat	ok		200	47	47	47	47	0	47	95.46331613855808	1.3440497973649764e-13							0	1:comp[EV]|2:comp_p[EV]|3:in[EV]|4:in_p[EV]|5:out[EV]|6:out_p[EV]|7:miss[EV]|8:rt[EV]|9:rt_p[EV]|10:main[EV]|11:comp[interaction]|12:comp_p[interaction]|13:in[interaction]|14:in_p[interaction]|15:out[interaction]|16:out_p[interaction]|17:miss[interaction]|18:rt[interaction]|19:rt_p[interaction]|20:other[EV]|21:net0[EV]|22:net1[EV]|23:net2[EV]|24:net4[EV]|25:net5[EV]|26:net6[EV]|27:net8[EV]|28:net9[EV]|29:appended_nuisance|30:appended_nuisance|31:appended_nuisance|32:appended_nuisance|33:appended_nuisance|34:appended_nuisance|35:appended_nuisance|36:appended_nuisance|37:appended_nuisance|38:appended_nuisance|39:appended_nuisance|40:appended_nuisance|41:appended_nuisance|42:appended_nuisance|43:appended_nuisance|44:appended_nuisance|45:appended_nuisance|46:appended_nuisance|47:appended_nuisance	0cae952803f4dba58c777c7d5dba409836a66dbcd1486d762efebc97765a97d3	9e6dcebca82a76be525d33cb8d82dae25d004b673a3952dd55beb73e0f1afa05	e575842e8de362612dd5b129a3e8e9f302f093d9ff5f93f4bd898a4e73d889cc
production	sub-147	02	act	/ZPOOL/data/projects/srndna-ultimatum/derivatives/fsl/sub-147/L1_task-ultimatum_model-02_type-act_run-02_sm-6.feat	ok		200	28	28	28	28	0	28	15.90942305630373	9.074827805492355e-14							0	1:comp[EV]|2:comp_p[EV]|3:in[EV]|4:in_p[EV]|5:out[EV]|6:out_p[EV]|7:miss[EV]|8:rt[EV]|9:rt_p[EV]|10:appended_nuisance|11:appended_nuisance|12:appended_nuisance|13:appended_nuisance|14:appended_nuisance|15:appended_nuisance|16:appended_nuisance|17:appended_nuisance|18:appended_nuisance|19:appended_nuisance|20:appended_nuisance|21:appended_nuisance|22:appended_nuisance|23:appended_nuisance|24:appended_nuisance|25:appended_nuisance|26:appended_nuisance|27:appended_nuisance|28:appended_nuisance	7b532991f70dbca696d568fa1b080616d9ce3109218bb2d18292fb31d97e4e76	7a4baf91cd2ef30fd67cb96c5d8575136f7d375ce8cb3c5577b62062a3a52305	2b914a79a35608ae4af1679068b7c4cd346a256e850ce7970ef21250b86eed31
production	sub-147	02	nppi-dmn	/ZPOOL/data/projects/srndna-ultimatum/derivatives/fsl/sub-147/L1_task-ultimatum_model-02_type-nppi-dmn_run-02_sm-6.feat	ok		200	47	47	47	47	0	47	54.59311614081643	1.2085361313284333e-13							0	1:comp[EV]|2:comp_p[EV]|3:in[EV]|4:in_p[EV]|5:out[EV]|6:out_p[EV]|7:miss[EV]|8:rt[EV]|9:rt_p[EV]|10:main[EV]|11:comp[interaction]|12:comp_p[interaction]|13:in[interaction]|14:in_p[interaction]|15:out[interaction]|16:out_p[interaction]|17:miss[interaction]|18:rt[interaction]|19:rt_p[interaction]|20:other[EV]|21:net0[EV]|22:net1[EV]|23:net2[EV]|24:net4[EV]|25:net5[EV]|26:net6[EV]|27:net8[EV]|28:net9[EV]|29:appended_nuisance|30:appended_nuisance|31:appended_nuisance|32:appended_nuisance|33:appended_nuisance|34:appended_nuisance|35:appended_nuisance|36:appended_nuisance|37:appended_nuisance|38:appended_nuisance|39:appended_nuisance|40:appended_nuisance|41:appended_nuisance|42:appended_nuisance|43:appended_nuisance|44:appended_nuisance|45:appended_nuisance|46:appended_nuisance|47:appended_nuisance	bbe20ba0b691b5f876c2e06bf7616768eab888aa03e37035daddfc8c1578ba6e	109163aca1fc5f37170b0b6db27b4664221630287f9aa8fc2b7ad4dac59694f3	f0eddc43fe04964457f1f6db24e46c01296bdc4d199ce62de130de99f2db23fc
production	sub-147	02	nppi-ecn	/ZPOOL/data/projects/srndna-ultimatum/derivatives/fsl/sub-147/L1_task-ultimatum_model-02_type-nppi-ecn_run-02_sm-6.feat	ok		200	47	47	47	47	0	47	57.42002994941986	1.1918740835224554e-13							0	1:comp[EV]|2:comp_p[EV]|3:in[EV]|4:in_p[EV]|5:out[EV]|6:out_p[EV]|7:miss[EV]|8:rt[EV]|9:rt_p[EV]|10:main[EV]|11:comp[interaction]|12:comp_p[interaction]|13:in[interaction]|14:in_p[interaction]|15:out[interaction]|16:out_p[interaction]|17:miss[interaction]|18:rt[interaction]|19:rt_p[interaction]|20:other[EV]|21:net0[EV]|22:net1[EV]|23:net2[EV]|24:net4[EV]|25:net5[EV]|26:net6[EV]|27:net8[EV]|28:net9[EV]|29:appended_nuisance|30:appended_nuisance|31:appended_nuisance|32:appended_nuisance|33:appended_nuisance|34:appended_nuisance|35:appended_nuisance|36:appended_nuisance|37:appended_nuisance|38:appended_nuisance|39:appended_nuisance|40:appended_nuisance|41:appended_nuisance|42:appended_nuisance|43:appended_nuisance|44:appended_nuisance|45:appended_nuisance|46:appended_nuisance|47:appended_nuisance	e7635a03aa67705e63da301a23fa42fdfa68b87bd5b10ccca010134fbeebfde6	d397100195fd403d350168c75a507ac38cc70d4021d7b56bc1644a9685dbd08e	b874089df3bed62e317b6dd15f317643a6fb5812a6a320f71e62ae534ef7918d
production	sub-149	01	act	/ZPOOL/data/projects/srndna-ultimatum/derivatives/fsl/sub-149/L1_task-ultimatum_model-02_type-act_run-01_sm-6.feat	ok		200	28	28	28	28	0	28	21.75699345904901	1.0346217207715844e-13							0	1:comp[EV]|2:comp_p[EV]|3:in[EV]|4:in_p[EV]|5:out[EV]|6:out_p[EV]|7:miss[EV]|8:rt[EV]|9:rt_p[EV]|10:appended_nuisance|11:appended_nuisance|12:appended_nuisance|13:appended_nuisance|14:appended_nuisance|15:appended_nuisance|16:appended_nuisance|17:appended_nuisance|18:appended_nuisance|19:appended_nuisance|20:appended_nuisance|21:appended_nuisance|22:appended_nuisance|23:appended_nuisance|24:appended_nuisance|25:appended_nuisance|26:appended_nuisance|27:appended_nuisance|28:appended_nuisance	34e809cfceaad90885f40acf1b16062c801bfa5d65b2fdf4dc1332e99dee45fa	3d6c82e4021d7c585dbf4dff8fc6e4fec06eea040813214f644e381a027a3ca6	5b6950e72d86392b1152c82c09599bb96078fd33ff82018ede25f26a96fd552e
production	sub-149	01	nppi-dmn	/ZPOOL/data/projects/srndna-ultimatum/derivatives/fsl/sub-149/L1_task-ultimatum_model-02_type-nppi-dmn_run-01_sm-6.feat	ok		200	47	47	47	47	0	47	72.03507317443396	1.3706801145786666e-13							0	1:comp[EV]|2:comp_p[EV]|3:in[EV]|4:in_p[EV]|5:out[EV]|6:out_p[EV]|7:miss[EV]|8:rt[EV]|9:rt_p[EV]|10:main[EV]|11:comp[interaction]|12:comp_p[interaction]|13:in[interaction]|14:in_p[interaction]|15:out[interaction]|16:out_p[interaction]|17:miss[interaction]|18:rt[interaction]|19:rt_p[interaction]|20:other[EV]|21:net0[EV]|22:net1[EV]|23:net2[EV]|24:net4[EV]|25:net5[EV]|26:net6[EV]|27:net8[EV]|28:net9[EV]|29:appended_nuisance|30:appended_nuisance|31:appended_nuisance|32:appended_nuisance|33:appended_nuisance|34:appended_nuisance|35:appended_nuisance|36:appended_nuisance|37:appended_nuisance|38:appended_nuisance|39:appended_nuisance|40:appended_nuisance|41:appended_nuisance|42:appended_nuisance|43:appended_nuisance|44:appended_nuisance|45:appended_nuisance|46:appended_nuisance|47:appended_nuisance	aef5dbb359ae2b1435605e81ae1af785c0e23dbbd04e071d9c612cec00d9fdb8	13b1f2d2bf8bb371769745f536d477becc3198e9642bfac9827d8f9916264a24	20e9cf95ecf7d7cd0167b44e995dfa478b05a4cec616d4c28ad4b48a5211c339
production	sub-149	01	nppi-ecn	/ZPOOL/data/projects/srndna-ultimatum/derivatives/fsl/sub-149/L1_task-ultimatum_model-02_type-nppi-ecn_run-01_sm-6.feat	ok		200	47	47	47	47	0	47	50.17809006234306	1.281566861765534e-13							0	1:comp[EV]|2:comp_p[EV]|3:in[EV]|4:in_p[EV]|5:out[EV]|6:out_p[EV]|7:miss[EV]|8:rt[EV]|9:rt_p[EV]|10:main[EV]|11:comp[interaction]|12:comp_p[interaction]|13:in[interaction]|14:in_p[interaction]|15:out[interaction]|16:out_p[interaction]|17:miss[interaction]|18:rt[interaction]|19:rt_p[interaction]|20:other[EV]|21:net0[EV]|22:net1[EV]|23:net2[EV]|24:net4[EV]|25:net5[EV]|26:net6[EV]|27:net8[EV]|28:net9[EV]|29:appended_nuisance|30:appended_nuisance|31:appended_nuisance|32:appended_nuisance|33:appended_nuisance|34:appended_nuisance|35:appended_nuisance|36:appended_nuisance|37:appended_nuisance|38:appended_nuisance|39:appended_nuisance|40:appended_nuisance|41:appended_nuisance|42:appended_nuisance|43:appended_nuisance|44:appended_nuisance|45:appended_nuisance|46:appended_nuisance|47:appended_nuisance	69f75e1d06e46502edf64e655ec0ec0ebaccb5a9b89b3cc1bfc72d0ef8d4ee7e	aeae5915ba93bcb79c1299bfb28c3e7581c0a4e136ac17851a2aa0cf7732290f	9d32df07dfaa00785813d49fceb6c0eab4c541966312167700e766adb404c921
production	sub-149	02	act	/ZPOOL/data/projects/srndna-ultimatum/derivatives/fsl/sub-149/L1_task-ultimatum_model-02_type-act_run-02_sm-6.feat	ok		200	30	29	29	29	0	29	10.313516671613046	9.101484879768306e-14	7			7:miss[EV]			0	1:comp[EV]|2:comp_p[EV]|3:in[EV]|4:in_p[EV]|5:out[EV]|6:out_p[EV]|7:miss[EV]|8:rt[EV]|9:rt_p[EV]|10:appended_nuisance|11:appended_nuisance|12:appended_nuisance|13:appended_nuisance|14:appended_nuisance|15:appended_nuisance|16:appended_nuisance|17:appended_nuisance|18:appended_nuisance|19:appended_nuisance|20:appended_nuisance|21:appended_nuisance|22:appended_nuisance|23:appended_nuisance|24:appended_nuisance|25:appended_nuisance|26:appended_nuisance|27:appended_nuisance|28:appended_nuisance|29:appended_nuisance|30:appended_nuisance	a5611977c60b2ba017448feefe815cdb56b93f4a1d2487b1aa15f542cad659d2	9e04a9a58496e21f9f3a36a3a5c561fef6543c650995082b03f962cf00ffd7bb	5c0b971d558b5c3008b2ae2662820d203a2c4d8869e2ac5d535c700bca3141c0
production	sub-149	02	nppi-dmn	/ZPOOL/data/projects/srndna-ultimatum/derivatives/fsl/sub-149/L1_task-ultimatum_model-02_type-nppi-dmn_run-02_sm-6.feat	ok		200	49	47	47	47	0	47	70.1886726798125	1.2925214111322831e-13	7|17			7:miss[EV]|17:miss[interaction]			0	1:comp[EV]|2:comp_p[EV]|3:in[EV]|4:in_p[EV]|5:out[EV]|6:out_p[EV]|7:miss[EV]|8:rt[EV]|9:rt_p[EV]|10:main[EV]|11:comp[interaction]|12:comp_p[interaction]|13:in[interaction]|14:in_p[interaction]|15:out[interaction]|16:out_p[interaction]|17:miss[interaction]|18:rt[interaction]|19:rt_p[interaction]|20:other[EV]|21:net0[EV]|22:net1[EV]|23:net2[EV]|24:net4[EV]|25:net5[EV]|26:net6[EV]|27:net8[EV]|28:net9[EV]|29:appended_nuisance|30:appended_nuisance|31:appended_nuisance|32:appended_nuisance|33:appended_nuisance|34:appended_nuisance|35:appended_nuisance|36:appended_nuisance|37:appended_nuisance|38:appended_nuisance|39:appended_nuisance|40:appended_nuisance|41:appended_nuisance|42:appended_nuisance|43:appended_nuisance|44:appended_nuisance|45:appended_nuisance|46:appended_nuisance|47:appended_nuisance|48:appended_nuisance|49:appended_nuisance	15ff85580c04c3c51446e51e97884d8d416eaba75e34e4a01cd7942a2b627472	747132cf8935f63e23ca157ab682fb2e7172d4f51361d005a63854ea29a1476a	2d550371e1ccf0559735f8f103583c2fbeb4e205b0ecae111bea488cda1c435b
production	sub-149	02	nppi-ecn	/ZPOOL/data/projects/srndna-ultimatum/derivatives/fsl/sub-149/L1_task-ultimatum_model-02_type-nppi-ecn_run-02_sm-6.feat	ok		200	49	47	47	47	0	47	69.5662626630914	1.2268929634281346e-13	7|17			7:miss[EV]|17:miss[interaction]			0	1:comp[EV]|2:comp_p[EV]|3:in[EV]|4:in_p[EV]|5:out[EV]|6:out_p[EV]|7:miss[EV]|8:rt[EV]|9:rt_p[EV]|10:main[EV]|11:comp[interaction]|12:comp_p[interaction]|13:in[interaction]|14:in_p[interaction]|15:out[interaction]|16:out_p[interaction]|17:miss[interaction]|18:rt[interaction]|19:rt_p[interaction]|20:other[EV]|21:net0[EV]|22:net1[EV]|23:net2[EV]|24:net4[EV]|25:net5[EV]|26:net6[EV]|27:net8[EV]|28:net9[EV]|29:appended_nuisance|30:appended_nuisance|31:appended_nuisance|32:appended_nuisance|33:appended_nuisance|34:appended_nuisance|35:appended_nuisance|36:appended_nuisance|37:appended_nuisance|38:appended_nuisance|39:appended_nuisance|40:appended_nuisance|41:appended_nuisance|42:appended_nuisance|43:appended_nuisance|44:appended_nuisance|45:appended_nuisance|46:appended_nuisance|47:appended_nuisance|48:appended_nuisance|49:appended_nuisance	24e4d977cf315887c1eba8a14c57aadee93c00ab8ebe26a41dbb4540888f8101	350e022c9684e0ec262d3227beb8b93fdc074308de875f988bda3f5b78f670a1	6290be778dd3df3f82c68f9ac6505ecc75ceda9d28b3273cc6e2fc26ad72b8df
production	sub-150	01	act	/ZPOOL/data/projects/srndna-ultimatum/derivatives/fsl/sub-150/L1_task-ultimatum_model-02_type-act_run-01_sm-6.feat	ok		200	29	29	29	29	0	29	33.03084734423562	1.0361742412977295e-13							0	1:comp[EV]|2:comp_p[EV]|3:in[EV]|4:in_p[EV]|5:out[EV]|6:out_p[EV]|7:miss[EV]|8:rt[EV]|9:rt_p[EV]|10:appended_nuisance|11:appended_nuisance|12:appended_nuisance|13:appended_nuisance|14:appended_nuisance|15:appended_nuisance|16:appended_nuisance|17:appended_nuisance|18:appended_nuisance|19:appended_nuisance|20:appended_nuisance|21:appended_nuisance|22:appended_nuisance|23:appended_nuisance|24:appended_nuisance|25:appended_nuisance|26:appended_nuisance|27:appended_nuisance|28:appended_nuisance|29:appended_nuisance	4f62e654464f8e6fe5dc1e2fd97062348dea0c8ae6f9ad6137a22393ff92258a	de3a7bfc09ea6bca6df46334d0b8fbeba9341ffaf0391a2b5c15f6d2862f65d8	f5d628fb5d99c970b70d3e271e2f83ac8152d4905d3122910a8721f748d313b3
production	sub-150	01	nppi-dmn	/ZPOOL/data/projects/srndna-ultimatum/derivatives/fsl/sub-150/L1_task-ultimatum_model-02_type-nppi-dmn_run-01_sm-6.feat	ok		200	48	48	48	48	0	48	57.00154022523792	1.2256294455662155e-13							0	1:comp[EV]|2:comp_p[EV]|3:in[EV]|4:in_p[EV]|5:out[EV]|6:out_p[EV]|7:miss[EV]|8:rt[EV]|9:rt_p[EV]|10:main[EV]|11:comp[interaction]|12:comp_p[interaction]|13:in[interaction]|14:in_p[interaction]|15:out[interaction]|16:out_p[interaction]|17:miss[interaction]|18:rt[interaction]|19:rt_p[interaction]|20:other[EV]|21:net0[EV]|22:net1[EV]|23:net2[EV]|24:net4[EV]|25:net5[EV]|26:net6[EV]|27:net8[EV]|28:net9[EV]|29:appended_nuisance|30:appended_nuisance|31:appended_nuisance|32:appended_nuisance|33:appended_nuisance|34:appended_nuisance|35:appended_nuisance|36:appended_nuisance|37:appended_nuisance|38:appended_nuisance|39:appended_nuisance|40:appended_nuisance|41:appended_nuisance|42:appended_nuisance|43:appended_nuisance|44:appended_nuisance|45:appended_nuisance|46:appended_nuisance|47:appended_nuisance|48:appended_nuisance	4aeffbcd649027b266647f5256b259cc46760190eebb60ed4164526a2dca3856	bf8876570bfd848da0648e64b985679e80d688a96476d735e7fe4d9f7a4e5753	0ad7ce96c30da7dcf67d82a0609d4e292b7c0534e112ad2c486944a59169eb1f
production	sub-150	01	nppi-ecn	/ZPOOL/data/projects/srndna-ultimatum/derivatives/fsl/sub-150/L1_task-ultimatum_model-02_type-nppi-ecn_run-01_sm-6.feat	ok		200	48	48	48	48	0	48	64.22713442294251	1.2920380904264048e-13							0	1:comp[EV]|2:comp_p[EV]|3:in[EV]|4:in_p[EV]|5:out[EV]|6:out_p[EV]|7:miss[EV]|8:rt[EV]|9:rt_p[EV]|10:main[EV]|11:comp[interaction]|12:comp_p[interaction]|13:in[interaction]|14:in_p[interaction]|15:out[interaction]|16:out_p[interaction]|17:miss[interaction]|18:rt[interaction]|19:rt_p[interaction]|20:other[EV]|21:net0[EV]|22:net1[EV]|23:net2[EV]|24:net4[EV]|25:net5[EV]|26:net6[EV]|27:net8[EV]|28:net9[EV]|29:appended_nuisance|30:appended_nuisance|31:appended_nuisance|32:appended_nuisance|33:appended_nuisance|34:appended_nuisance|35:appended_nuisance|36:appended_nuisance|37:appended_nuisance|38:appended_nuisance|39:appended_nuisance|40:appended_nuisance|41:appended_nuisance|42:appended_nuisance|43:appended_nuisance|44:appended_nuisance|45:appended_nuisance|46:appended_nuisance|47:appended_nuisance|48:appended_nuisance	b4e51510f125596d917b32c0de8095392ab07de1e76f43c3e612b0fed33f3ae0	2664d3ad8e618d175df907c2f27e84e9316d60221b3745be3c120dfd2d8ef443	a7374c1240b89f3af2394ef42e74ac8a9bdeac68bb47bfa97f952714b8274c40
production	sub-150	02	act	/ZPOOL/data/projects/srndna-ultimatum/derivatives/fsl/sub-150/L1_task-ultimatum_model-02_type-act_run-02_sm-6.feat	ok		200	28	27	27	27	0	27	24.650358621170774	1.0335859449804757e-13	7			7:miss[EV]			0	1:comp[EV]|2:comp_p[EV]|3:in[EV]|4:in_p[EV]|5:out[EV]|6:out_p[EV]|7:miss[EV]|8:rt[EV]|9:rt_p[EV]|10:appended_nuisance|11:appended_nuisance|12:appended_nuisance|13:appended_nuisance|14:appended_nuisance|15:appended_nuisance|16:appended_nuisance|17:appended_nuisance|18:appended_nuisance|19:appended_nuisance|20:appended_nuisance|21:appended_nuisance|22:appended_nuisance|23:appended_nuisance|24:appended_nuisance|25:appended_nuisance|26:appended_nuisance|27:appended_nuisance|28:appended_nuisance	7725abbd275cea1b572c12a74e5c45241516e521e27c23c90db66267f2b69132	55ed1d24a7e24ef0229f1e2a702358ea250103164a644d9a8b51fa4c39ed39eb	613b6f95f0b75dd121e89477945c34e1b4d8c38d3254706458c22dca110dae35
production	sub-150	02	nppi-dmn	/ZPOOL/data/projects/srndna-ultimatum/derivatives/fsl/sub-150/L1_task-ultimatum_model-02_type-nppi-dmn_run-02_sm-6.feat	ok		200	47	45	45	45	0	45	61.383683189538694	1.277014474116905e-13	7|17			7:miss[EV]|17:miss[interaction]			0	1:comp[EV]|2:comp_p[EV]|3:in[EV]|4:in_p[EV]|5:out[EV]|6:out_p[EV]|7:miss[EV]|8:rt[EV]|9:rt_p[EV]|10:main[EV]|11:comp[interaction]|12:comp_p[interaction]|13:in[interaction]|14:in_p[interaction]|15:out[interaction]|16:out_p[interaction]|17:miss[interaction]|18:rt[interaction]|19:rt_p[interaction]|20:other[EV]|21:net0[EV]|22:net1[EV]|23:net2[EV]|24:net4[EV]|25:net5[EV]|26:net6[EV]|27:net8[EV]|28:net9[EV]|29:appended_nuisance|30:appended_nuisance|31:appended_nuisance|32:appended_nuisance|33:appended_nuisance|34:appended_nuisance|35:appended_nuisance|36:appended_nuisance|37:appended_nuisance|38:appended_nuisance|39:appended_nuisance|40:appended_nuisance|41:appended_nuisance|42:appended_nuisance|43:appended_nuisance|44:appended_nuisance|45:appended_nuisance|46:appended_nuisance|47:appended_nuisance	3ff34b7f885a619c847a30b09cf9d32b510a11ece984bd8459348288aa75d50e	438a23e592cbbfd020e9bab99f5dc8d79c31d871c437c81d70e9213c4644e485	e845533ac318660e61eb153391e3ec2e0fc8f4e2f9ff3196d16a69da0fe39da8
production	sub-150	02	nppi-ecn	/ZPOOL/data/projects/srndna-ultimatum/derivatives/fsl/sub-150/L1_task-ultimatum_model-02_type-nppi-ecn_run-02_sm-6.feat	ok		200	47	45	45	45	0	45	57.97666235066493	1.3749903118591758e-13	7|17			7:miss[EV]|17:miss[interaction]			0	1:comp[EV]|2:comp_p[EV]|3:in[EV]|4:in_p[EV]|5:out[EV]|6:out_p[EV]|7:miss[EV]|8:rt[EV]|9:rt_p[EV]|10:main[EV]|11:comp[interaction]|12:comp_p[interaction]|13:in[interaction]|14:in_p[interaction]|15:out[interaction]|16:out_p[interaction]|17:miss[interaction]|18:rt[interaction]|19:rt_p[interaction]|20:other[EV]|21:net0[EV]|22:net1[EV]|23:net2[EV]|24:net4[EV]|25:net5[EV]|26:net6[EV]|27:net8[EV]|28:net9[EV]|29:appended_nuisance|30:appended_nuisance|31:appended_nuisance|32:appended_nuisance|33:appended_nuisance|34:appended_nuisance|35:appended_nuisance|36:appended_nuisance|37:appended_nuisance|38:appended_nuisance|39:appended_nuisance|40:appended_nuisance|41:appended_nuisance|42:appended_nuisance|43:appended_nuisance|44:appended_nuisance|45:appended_nuisance|46:appended_nuisance|47:appended_nuisance	6141a3ea662a5313eafcdf7c7a092d266c78ddd1ebfca1b2dc0e27b121e1196b	2022453f527bf19f72037993f95a9cec5288ae010f21fc24809dd64b71232340	c4b0c6ff79bec3e65484716d618284103016c9b79645ca41509ba4b3ff5e3450
production	sub-151	01	act	/ZPOOL/data/projects/srndna-ultimatum/derivatives/fsl/sub-151/L1_task-ultimatum_model-02_type-act_run-01_sm-6.feat	ok		200	28	27	27	27	0	27	39.77868292494496	1.0560923509275136e-13	7			7:miss[EV]			0	1:comp[EV]|2:comp_p[EV]|3:in[EV]|4:in_p[EV]|5:out[EV]|6:out_p[EV]|7:miss[EV]|8:rt[EV]|9:rt_p[EV]|10:appended_nuisance|11:appended_nuisance|12:appended_nuisance|13:appended_nuisance|14:appended_nuisance|15:appended_nuisance|16:appended_nuisance|17:appended_nuisance|18:appended_nuisance|19:appended_nuisance|20:appended_nuisance|21:appended_nuisance|22:appended_nuisance|23:appended_nuisance|24:appended_nuisance|25:appended_nuisance|26:appended_nuisance|27:appended_nuisance|28:appended_nuisance	2c601ceb8602194c8600cdf9513b87c70739e5573ae180f59727831a9bd2056b	b16cea61df3e4f67d5be9e5198a6e44de66f745065317a47e976e6037fb1b050	08ee58995957a40758744b88c4c584719e0a7514a1c2db7d6cb6adc01249254b
production	sub-151	01	nppi-dmn	/ZPOOL/data/projects/srndna-ultimatum/derivatives/fsl/sub-151/L1_task-ultimatum_model-02_type-nppi-dmn_run-01_sm-6.feat	ok		200	47	45	45	45	0	45	56.40320883028659	1.1372593571665516e-13	7|17			7:miss[EV]|17:miss[interaction]			0	1:comp[EV]|2:comp_p[EV]|3:in[EV]|4:in_p[EV]|5:out[EV]|6:out_p[EV]|7:miss[EV]|8:rt[EV]|9:rt_p[EV]|10:main[EV]|11:comp[interaction]|12:comp_p[interaction]|13:in[interaction]|14:in_p[interaction]|15:out[interaction]|16:out_p[interaction]|17:miss[interaction]|18:rt[interaction]|19:rt_p[interaction]|20:other[EV]|21:net0[EV]|22:net1[EV]|23:net2[EV]|24:net4[EV]|25:net5[EV]|26:net6[EV]|27:net8[EV]|28:net9[EV]|29:appended_nuisance|30:appended_nuisance|31:appended_nuisance|32:appended_nuisance|33:appended_nuisance|34:appended_nuisance|35:appended_nuisance|36:appended_nuisance|37:appended_nuisance|38:appended_nuisance|39:appended_nuisance|40:appended_nuisance|41:appended_nuisance|42:appended_nuisance|43:appended_nuisance|44:appended_nuisance|45:appended_nuisance|46:appended_nuisance|47:appended_nuisance	87d78e9070bd8c81e4c1a14895a5ede8f267731dc781757f43d42cd2ce5c4fbf	4eb1e2a19ef11f6ae77f6677677072ce87414742b58082bc306e59c39bca88c0	058d294655b7e24757974193273b8074b0379f34c4d21bc7611b248ec920b909
production	sub-151	01	nppi-ecn	/ZPOOL/data/projects/srndna-ultimatum/derivatives/fsl/sub-151/L1_task-ultimatum_model-02_type-nppi-ecn_run-01_sm-6.feat	ok		200	47	45	45	45	0	45	56.09399644927792	1.285515625689088e-13	7|17			7:miss[EV]|17:miss[interaction]			0	1:comp[EV]|2:comp_p[EV]|3:in[EV]|4:in_p[EV]|5:out[EV]|6:out_p[EV]|7:miss[EV]|8:rt[EV]|9:rt_p[EV]|10:main[EV]|11:comp[interaction]|12:comp_p[interaction]|13:in[interaction]|14:in_p[interaction]|15:out[interaction]|16:out_p[interaction]|17:miss[interaction]|18:rt[interaction]|19:rt_p[interaction]|20:other[EV]|21:net0[EV]|22:net1[EV]|23:net2[EV]|24:net4[EV]|25:net5[EV]|26:net6[EV]|27:net8[EV]|28:net9[EV]|29:appended_nuisance|30:appended_nuisance|31:appended_nuisance|32:appended_nuisance|33:appended_nuisance|34:appended_nuisance|35:appended_nuisance|36:appended_nuisance|37:appended_nuisance|38:appended_nuisance|39:appended_nuisance|40:appended_nuisance|41:appended_nuisance|42:appended_nuisance|43:appended_nuisance|44:appended_nuisance|45:appended_nuisance|46:appended_nuisance|47:appended_nuisance	4ca885e33fad54db7d602b28c8800e659c600d5315c50217bcb59e090e2ca8b5	40c9a5bad088c412a6dc4779fe7390fa74c7588c9ef26967c5923e909a9f35de	235139902f7abf2eef2bd77d34c240a747bb84013ad51996547f6f4622affb91
production	sub-151	02	act	/ZPOOL/data/projects/srndna-ultimatum/derivatives/fsl/sub-151/L1_task-ultimatum_model-02_type-act_run-02_sm-6.feat	ok		200	28	27	27	27	0	27	27.597507076646377	1.0598858659453195e-13	7			7:miss[EV]			0	1:comp[EV]|2:comp_p[EV]|3:in[EV]|4:in_p[EV]|5:out[EV]|6:out_p[EV]|7:miss[EV]|8:rt[EV]|9:rt_p[EV]|10:appended_nuisance|11:appended_nuisance|12:appended_nuisance|13:appended_nuisance|14:appended_nuisance|15:appended_nuisance|16:appended_nuisance|17:appended_nuisance|18:appended_nuisance|19:appended_nuisance|20:appended_nuisance|21:appended_nuisance|22:appended_nuisance|23:appended_nuisance|24:appended_nuisance|25:appended_nuisance|26:appended_nuisance|27:appended_nuisance|28:appended_nuisance	2e10fea28d004aac18c5848407f392104ad07c8333600060b972c786fa150a9a	dcf3d72d6780e07c667877b2e8a4d9a2fc8d728a80014dddc68daf19accbaa71	8832160a5ad829f04b5d60047d9d07dab98fe6bf68b4ab374922e7a095aba80c
production	sub-151	02	nppi-dmn	/ZPOOL/data/projects/srndna-ultimatum/derivatives/fsl/sub-151/L1_task-ultimatum_model-02_type-nppi-dmn_run-02_sm-6.feat	ok		200	47	45	45	45	0	45	61.48372013050133	1.1340182312177017e-13	7|17			7:miss[EV]|17:miss[interaction]			0	1:comp[EV]|2:comp_p[EV]|3:in[EV]|4:in_p[EV]|5:out[EV]|6:out_p[EV]|7:miss[EV]|8:rt[EV]|9:rt_p[EV]|10:main[EV]|11:comp[interaction]|12:comp_p[interaction]|13:in[interaction]|14:in_p[interaction]|15:out[interaction]|16:out_p[interaction]|17:miss[interaction]|18:rt[interaction]|19:rt_p[interaction]|20:other[EV]|21:net0[EV]|22:net1[EV]|23:net2[EV]|24:net4[EV]|25:net5[EV]|26:net6[EV]|27:net8[EV]|28:net9[EV]|29:appended_nuisance|30:appended_nuisance|31:appended_nuisance|32:appended_nuisance|33:appended_nuisance|34:appended_nuisance|35:appended_nuisance|36:appended_nuisance|37:appended_nuisance|38:appended_nuisance|39:appended_nuisance|40:appended_nuisance|41:appended_nuisance|42:appended_nuisance|43:appended_nuisance|44:appended_nuisance|45:appended_nuisance|46:appended_nuisance|47:appended_nuisance	113fdcf5b37e11c6da9c01092bd43c2906a685b63d00b604d5499fbefeb40f1a	18826d30341a12a0ba4df818d5c33bd4f45cb719e7158f0e956110eebbae63cf	3da9973b10f5350a6395de87d1828f4fb01b799f796d0e00f2ec76297d8f788e
production	sub-151	02	nppi-ecn	/ZPOOL/data/projects/srndna-ultimatum/derivatives/fsl/sub-151/L1_task-ultimatum_model-02_type-nppi-ecn_run-02_sm-6.feat	ok		200	47	45	45	45	0	45	44.02241957906749	1.3439263613256327e-13	7|17			7:miss[EV]|17:miss[interaction]			0	1:comp[EV]|2:comp_p[EV]|3:in[EV]|4:in_p[EV]|5:out[EV]|6:out_p[EV]|7:miss[EV]|8:rt[EV]|9:rt_p[EV]|10:main[EV]|11:comp[interaction]|12:comp_p[interaction]|13:in[interaction]|14:in_p[interaction]|15:out[interaction]|16:out_p[interaction]|17:miss[interaction]|18:rt[interaction]|19:rt_p[interaction]|20:other[EV]|21:net0[EV]|22:net1[EV]|23:net2[EV]|24:net4[EV]|25:net5[EV]|26:net6[EV]|27:net8[EV]|28:net9[EV]|29:appended_nuisance|30:appended_nuisance|31:appended_nuisance|32:appended_nuisance|33:appended_nuisance|34:appended_nuisance|35:appended_nuisance|36:appended_nuisance|37:appended_nuisance|38:appended_nuisance|39:appended_nuisance|40:appended_nuisance|41:appended_nuisance|42:appended_nuisance|43:appended_nuisance|44:appended_nuisance|45:appended_nuisance|46:appended_nuisance|47:appended_nuisance	565f74b390a5c7d4dacc3a9dd07c84bb0283e8164ec6a99cd315e375c36568f5	c3732701337ea0d887f69bf8e5a05ed216f0cb2cfd5dc0d4e40065d5a1776394	29b3694919a02fb775bfeb85619811240dc1c75a9325009d95b2f391c2e18596
production	sub-152	01	act	/ZPOOL/data/projects/srndna-ultimatum/derivatives/fsl/sub-152/L1_task-ultimatum_model-02_type-act_run-01_sm-6.feat	ok		200	27	27	27	27	0	27	14.622979924498445	9.693654539966536e-14							0	1:comp[EV]|2:comp_p[EV]|3:in[EV]|4:in_p[EV]|5:out[EV]|6:out_p[EV]|7:miss[EV]|8:rt[EV]|9:rt_p[EV]|10:appended_nuisance|11:appended_nuisance|12:appended_nuisance|13:appended_nuisance|14:appended_nuisance|15:appended_nuisance|16:appended_nuisance|17:appended_nuisance|18:appended_nuisance|19:appended_nuisance|20:appended_nuisance|21:appended_nuisance|22:appended_nuisance|23:appended_nuisance|24:appended_nuisance|25:appended_nuisance|26:appended_nuisance|27:appended_nuisance	be7bfc719ab50a5001d4fd4c585063c1414ea7f7404edebcfe7afa4cf482fd10	29e56632fde093728003f7f90cc3c5e114efe82e495d2e1671357f814703405c	68c33a99628d19b95e454ff797134e075b076d4a3fc6e220d5fb718771211164
production	sub-152	01	nppi-dmn	/ZPOOL/data/projects/srndna-ultimatum/derivatives/fsl/sub-152/L1_task-ultimatum_model-02_type-nppi-dmn_run-01_sm-6.feat	ok		200	46	46	46	46	0	46	61.943235361974466	1.3251881179352078e-13							0	1:comp[EV]|2:comp_p[EV]|3:in[EV]|4:in_p[EV]|5:out[EV]|6:out_p[EV]|7:miss[EV]|8:rt[EV]|9:rt_p[EV]|10:main[EV]|11:comp[interaction]|12:comp_p[interaction]|13:in[interaction]|14:in_p[interaction]|15:out[interaction]|16:out_p[interaction]|17:miss[interaction]|18:rt[interaction]|19:rt_p[interaction]|20:other[EV]|21:net0[EV]|22:net1[EV]|23:net2[EV]|24:net4[EV]|25:net5[EV]|26:net6[EV]|27:net8[EV]|28:net9[EV]|29:appended_nuisance|30:appended_nuisance|31:appended_nuisance|32:appended_nuisance|33:appended_nuisance|34:appended_nuisance|35:appended_nuisance|36:appended_nuisance|37:appended_nuisance|38:appended_nuisance|39:appended_nuisance|40:appended_nuisance|41:appended_nuisance|42:appended_nuisance|43:appended_nuisance|44:appended_nuisance|45:appended_nuisance|46:appended_nuisance	264796f093de0737faaf84f4122ddc42bceca718a15248fe2e0dd63c5edbecdc	da77df2b56855ec6df6da44bb0298aeae3d21b2953b2bee676b3bdcf04ce4cd2	e8b137704d989862965198a27f4a62bee65036c7b59fddebc569f2a8f93e25ab
production	sub-152	01	nppi-ecn	/ZPOOL/data/projects/srndna-ultimatum/derivatives/fsl/sub-152/L1_task-ultimatum_model-02_type-nppi-ecn_run-01_sm-6.feat	ok		200	46	46	46	46	0	46	77.88782495087453	1.4041588531569292e-13							0	1:comp[EV]|2:comp_p[EV]|3:in[EV]|4:in_p[EV]|5:out[EV]|6:out_p[EV]|7:miss[EV]|8:rt[EV]|9:rt_p[EV]|10:main[EV]|11:comp[interaction]|12:comp_p[interaction]|13:in[interaction]|14:in_p[interaction]|15:out[interaction]|16:out_p[interaction]|17:miss[interaction]|18:rt[interaction]|19:rt_p[interaction]|20:other[EV]|21:net0[EV]|22:net1[EV]|23:net2[EV]|24:net4[EV]|25:net5[EV]|26:net6[EV]|27:net8[EV]|28:net9[EV]|29:appended_nuisance|30:appended_nuisance|31:appended_nuisance|32:appended_nuisance|33:appended_nuisance|34:appended_nuisance|35:appended_nuisance|36:appended_nuisance|37:appended_nuisance|38:appended_nuisance|39:appended_nuisance|40:appended_nuisance|41:appended_nuisance|42:appended_nuisance|43:appended_nuisance|44:appended_nuisance|45:appended_nuisance|46:appended_nuisance	0360a739565e922d099d2bdb82e5de525dd5c71219c6e8c5d49d90064ecae817	b6fff591cac346cb5e410238d3fca4bf42caa2fdc554e565b4b4ffb625758cea	0f6d50ec0d1eaf556b9e7ced2bfccf2e1e2066493b0d0b6841496cf99d3a294d
production	sub-152	02	act	/ZPOOL/data/projects/srndna-ultimatum/derivatives/fsl/sub-152/L1_task-ultimatum_model-02_type-act_run-02_sm-6.feat	ok		200	27	27	27	27	0	27	8.852854871543126	8.609086547384222e-14							0	1:comp[EV]|2:comp_p[EV]|3:in[EV]|4:in_p[EV]|5:out[EV]|6:out_p[EV]|7:miss[EV]|8:rt[EV]|9:rt_p[EV]|10:appended_nuisance|11:appended_nuisance|12:appended_nuisance|13:appended_nuisance|14:appended_nuisance|15:appended_nuisance|16:appended_nuisance|17:appended_nuisance|18:appended_nuisance|19:appended_nuisance|20:appended_nuisance|21:appended_nuisance|22:appended_nuisance|23:appended_nuisance|24:appended_nuisance|25:appended_nuisance|26:appended_nuisance|27:appended_nuisance	6d876f68078c1b93a0364b0129a7d85daeb5f38df0220c9515a3bcc1d5aabe9c	2c14ff77e4952eb456866d34b09b9893f067a22f95033fb62c2a58f48dbd623c	5120e2bb851498bf49ca00b1b3d8febf9ab65464a144b984e5a31cfd2de8b01e
production	sub-152	02	nppi-dmn	/ZPOOL/data/projects/srndna-ultimatum/derivatives/fsl/sub-152/L1_task-ultimatum_model-02_type-nppi-dmn_run-02_sm-6.feat	ok		200	46	46	46	46	0	46	57.6059796735438	1.3746197324941461e-13							0	1:comp[EV]|2:comp_p[EV]|3:in[EV]|4:in_p[EV]|5:out[EV]|6:out_p[EV]|7:miss[EV]|8:rt[EV]|9:rt_p[EV]|10:main[EV]|11:comp[interaction]|12:comp_p[interaction]|13:in[interaction]|14:in_p[interaction]|15:out[interaction]|16:out_p[interaction]|17:miss[interaction]|18:rt[interaction]|19:rt_p[interaction]|20:other[EV]|21:net0[EV]|22:net1[EV]|23:net2[EV]|24:net4[EV]|25:net5[EV]|26:net6[EV]|27:net8[EV]|28:net9[EV]|29:appended_nuisance|30:appended_nuisance|31:appended_nuisance|32:appended_nuisance|33:appended_nuisance|34:appended_nuisance|35:appended_nuisance|36:appended_nuisance|37:appended_nuisance|38:appended_nuisance|39:appended_nuisance|40:appended_nuisance|41:appended_nuisance|42:appended_nuisance|43:appended_nuisance|44:appended_nuisance|45:appended_nuisance|46:appended_nuisance	f43496cc8a1f288c4700bb30bc0659b707bdb7a3f6442403a6f0098f0c19a1b6	b9b39e992bd2253d599ef00823f2cfab7638438715ba696f68980e810e701056	8f7a1334991bf708a7b620b0f00bfef9e85e1dc693040c221d344a5a517362d6
production	sub-152	02	nppi-ecn	/ZPOOL/data/projects/srndna-ultimatum/derivatives/fsl/sub-152/L1_task-ultimatum_model-02_type-nppi-ecn_run-02_sm-6.feat	ok		200	46	46	46	46	0	46	55.84811426698457	1.3368832842779054e-13							0	1:comp[EV]|2:comp_p[EV]|3:in[EV]|4:in_p[EV]|5:out[EV]|6:out_p[EV]|7:miss[EV]|8:rt[EV]|9:rt_p[EV]|10:main[EV]|11:comp[interaction]|12:comp_p[interaction]|13:in[interaction]|14:in_p[interaction]|15:out[interaction]|16:out_p[interaction]|17:miss[interaction]|18:rt[interaction]|19:rt_p[interaction]|20:other[EV]|21:net0[EV]|22:net1[EV]|23:net2[EV]|24:net4[EV]|25:net5[EV]|26:net6[EV]|27:net8[EV]|28:net9[EV]|29:appended_nuisance|30:appended_nuisance|31:appended_nuisance|32:appended_nuisance|33:appended_nuisance|34:appended_nuisance|35:appended_nuisance|36:appended_nuisance|37:appended_nuisance|38:appended_nuisance|39:appended_nuisance|40:appended_nuisance|41:appended_nuisance|42:appended_nuisance|43:appended_nuisance|44:appended_nuisance|45:appended_nuisance|46:appended_nuisance	aa86bbfa034730b92a42cee6e5460275ef5f2e6e08c086f5a99767bdbe405491	dfe221ce8b4852078fa83f6e12040392336e47fb226216e25cf011c00a669fe0	63b13e6cb725ab731d78e7702b89cc3d43417d425eb4048d707525234924b8f9
production	sub-153	01	act	/ZPOOL/data/projects/srndna-ultimatum/derivatives/fsl/sub-153/L1_task-ultimatum_model-02_type-act_run-01_sm-6.feat	ok		200	27	27	27	27	0	27	84.43415838219197	1.1229297527944492e-13							0	1:comp[EV]|2:comp_p[EV]|3:in[EV]|4:in_p[EV]|5:out[EV]|6:out_p[EV]|7:miss[EV]|8:rt[EV]|9:rt_p[EV]|10:appended_nuisance|11:appended_nuisance|12:appended_nuisance|13:appended_nuisance|14:appended_nuisance|15:appended_nuisance|16:appended_nuisance|17:appended_nuisance|18:appended_nuisance|19:appended_nuisance|20:appended_nuisance|21:appended_nuisance|22:appended_nuisance|23:appended_nuisance|24:appended_nuisance|25:appended_nuisance|26:appended_nuisance|27:appended_nuisance	7aedbc399ff601f6f40f190e5842920b0e0a64855de4ef7e9500077ea4ed6f6a	cc44afa7cb754e932d51cd16e1e4c861cf747b964dbd7b1095065d41578a1982	dde8f06034b0d89aaa6f4a926b0bfed2e76bdd2116ea60d0b37bac6a7d7d8ca6
production	sub-153	01	nppi-dmn	/ZPOOL/data/projects/srndna-ultimatum/derivatives/fsl/sub-153/L1_task-ultimatum_model-02_type-nppi-dmn_run-01_sm-6.feat	ok		200	46	46	46	46	0	46	124.16988854073487	1.3332563268723242e-13							0	1:comp[EV]|2:comp_p[EV]|3:in[EV]|4:in_p[EV]|5:out[EV]|6:out_p[EV]|7:miss[EV]|8:rt[EV]|9:rt_p[EV]|10:main[EV]|11:comp[interaction]|12:comp_p[interaction]|13:in[interaction]|14:in_p[interaction]|15:out[interaction]|16:out_p[interaction]|17:miss[interaction]|18:rt[interaction]|19:rt_p[interaction]|20:other[EV]|21:net0[EV]|22:net1[EV]|23:net2[EV]|24:net4[EV]|25:net5[EV]|26:net6[EV]|27:net8[EV]|28:net9[EV]|29:appended_nuisance|30:appended_nuisance|31:appended_nuisance|32:appended_nuisance|33:appended_nuisance|34:appended_nuisance|35:appended_nuisance|36:appended_nuisance|37:appended_nuisance|38:appended_nuisance|39:appended_nuisance|40:appended_nuisance|41:appended_nuisance|42:appended_nuisance|43:appended_nuisance|44:appended_nuisance|45:appended_nuisance|46:appended_nuisance	98a76df833818048f64213cc42d8176c92a808f761235c05211e3be7345bea34	4fe5934ca610833500c2b6cda9ea34fa6568857b512e984574ff8c133b00f96b	eb59b9a2cfd875d33888a39daee6427731e41ea9e05a95f6aa96f775bb6bfdc0
production	sub-153	01	nppi-ecn	/ZPOOL/data/projects/srndna-ultimatum/derivatives/fsl/sub-153/L1_task-ultimatum_model-02_type-nppi-ecn_run-01_sm-6.feat	ok		200	46	46	46	46	0	46	132.65940905302597	1.415439963367139e-13							0	1:comp[EV]|2:comp_p[EV]|3:in[EV]|4:in_p[EV]|5:out[EV]|6:out_p[EV]|7:miss[EV]|8:rt[EV]|9:rt_p[EV]|10:main[EV]|11:comp[interaction]|12:comp_p[interaction]|13:in[interaction]|14:in_p[interaction]|15:out[interaction]|16:out_p[interaction]|17:miss[interaction]|18:rt[interaction]|19:rt_p[interaction]|20:other[EV]|21:net0[EV]|22:net1[EV]|23:net2[EV]|24:net4[EV]|25:net5[EV]|26:net6[EV]|27:net8[EV]|28:net9[EV]|29:appended_nuisance|30:appended_nuisance|31:appended_nuisance|32:appended_nuisance|33:appended_nuisance|34:appended_nuisance|35:appended_nuisance|36:appended_nuisance|37:appended_nuisance|38:appended_nuisance|39:appended_nuisance|40:appended_nuisance|41:appended_nuisance|42:appended_nuisance|43:appended_nuisance|44:appended_nuisance|45:appended_nuisance|46:appended_nuisance	b3b8d48a3be33753f8e09e0dac52f6756c6161ca912dfdc6d048051b76ea91d0	d1edeb07e9b93775b5feb2c8acdc386f0ea602f06eb56be7f1fe04bc816a7146	0e616567c99f486752a7eb0e17ea87aeecf10608404c8d7938301d9dfd6bab7f
production	sub-153	02	act	/ZPOOL/data/projects/srndna-ultimatum/derivatives/fsl/sub-153/L1_task-ultimatum_model-02_type-act_run-02_sm-6.feat	ok		200	28	27	27	27	0	27	27.448858498796973	9.16256604263062e-14	7			7:miss[EV]			0	1:comp[EV]|2:comp_p[EV]|3:in[EV]|4:in_p[EV]|5:out[EV]|6:out_p[EV]|7:miss[EV]|8:rt[EV]|9:rt_p[EV]|10:appended_nuisance|11:appended_nuisance|12:appended_nuisance|13:appended_nuisance|14:appended_nuisance|15:appended_nuisance|16:appended_nuisance|17:appended_nuisance|18:appended_nuisance|19:appended_nuisance|20:appended_nuisance|21:appended_nuisance|22:appended_nuisance|23:appended_nuisance|24:appended_nuisance|25:appended_nuisance|26:appended_nuisance|27:appended_nuisance|28:appended_nuisance	89172de44ce41425c7afd95398bbb9c2d37acaf77ad34e99bc78f834175e0e3f	717580587829c81c0478639c0960b0c9cd1070bf45a59308b852d39a1a7e352c	675a4b47b024f3f748c22322e6acbbfa34d7c426c9a8441eae0b921b199afed8
production	sub-153	02	nppi-dmn	/ZPOOL/data/projects/srndna-ultimatum/derivatives/fsl/sub-153/L1_task-ultimatum_model-02_type-nppi-dmn_run-02_sm-6.feat	ok		200	47	45	45	45	0	45	45.121797186661354	1.1639316280175828e-13	7|17			7:miss[EV]|17:miss[interaction]			0	1:comp[EV]|2:comp_p[EV]|3:in[EV]|4:in_p[EV]|5:out[EV]|6:out_p[EV]|7:miss[EV]|8:rt[EV]|9:rt_p[EV]|10:main[EV]|11:comp[interaction]|12:comp_p[interaction]|13:in[interaction]|14:in_p[interaction]|15:out[interaction]|16:out_p[interaction]|17:miss[interaction]|18:rt[interaction]|19:rt_p[interaction]|20:other[EV]|21:net0[EV]|22:net1[EV]|23:net2[EV]|24:net4[EV]|25:net5[EV]|26:net6[EV]|27:net8[EV]|28:net9[EV]|29:appended_nuisance|30:appended_nuisance|31:appended_nuisance|32:appended_nuisance|33:appended_nuisance|34:appended_nuisance|35:appended_nuisance|36:appended_nuisance|37:appended_nuisance|38:appended_nuisance|39:appended_nuisance|40:appended_nuisance|41:appended_nuisance|42:appended_nuisance|43:appended_nuisance|44:appended_nuisance|45:appended_nuisance|46:appended_nuisance|47:appended_nuisance	12d391d40e5329e96234f6219dd58cf5abd6eb7411869b7caa3019b3a32fb74e	84db9518f138cc67e68ba929e02cf8913b1b3c686c1c5a2e752d9500086fcabf	a77283e6e98c845f4f7f3bfeb0144ade4d6bb24a72e8601709b7dfb4f136b780
production	sub-153	02	nppi-ecn	/ZPOOL/data/projects/srndna-ultimatum/derivatives/fsl/sub-153/L1_task-ultimatum_model-02_type-nppi-ecn_run-02_sm-6.feat	ok		200	47	45	45	45	0	45	54.07209107011975	1.2579958857660386e-13	7|17			7:miss[EV]|17:miss[interaction]			0	1:comp[EV]|2:comp_p[EV]|3:in[EV]|4:in_p[EV]|5:out[EV]|6:out_p[EV]|7:miss[EV]|8:rt[EV]|9:rt_p[EV]|10:main[EV]|11:comp[interaction]|12:comp_p[interaction]|13:in[interaction]|14:in_p[interaction]|15:out[interaction]|16:out_p[interaction]|17:miss[interaction]|18:rt[interaction]|19:rt_p[interaction]|20:other[EV]|21:net0[EV]|22:net1[EV]|23:net2[EV]|24:net4[EV]|25:net5[EV]|26:net6[EV]|27:net8[EV]|28:net9[EV]|29:appended_nuisance|30:appended_nuisance|31:appended_nuisance|32:appended_nuisance|33:appended_nuisance|34:appended_nuisance|35:appended_nuisance|36:appended_nuisance|37:appended_nuisance|38:appended_nuisance|39:appended_nuisance|40:appended_nuisance|41:appended_nuisance|42:appended_nuisance|43:appended_nuisance|44:appended_nuisance|45:appended_nuisance|46:appended_nuisance|47:appended_nuisance	06b643f413f7988d7ef9fd4d9daf6abff65c43b543f4d29dd4b739ce9e6999de	f9cfb75a21822d26f82b45a6d63fc192fe5a302687a6869d39021288a2cdd0cc	a7dbc4bcce2e29da866aa9a8c8b3a337dbf4d2c2a30a64f0c37c34e2d99a66fd
production	sub-154	01	act	/ZPOOL/data/projects/srndna-ultimatum/derivatives/fsl/sub-154/L1_task-ultimatum_model-02_type-act_run-01_sm-6.feat	ok		200	28	28	28	28	0	28	24.759514518053397	9.208339720147068e-14							0	1:comp[EV]|2:comp_p[EV]|3:in[EV]|4:in_p[EV]|5:out[EV]|6:out_p[EV]|7:miss[EV]|8:rt[EV]|9:rt_p[EV]|10:appended_nuisance|11:appended_nuisance|12:appended_nuisance|13:appended_nuisance|14:appended_nuisance|15:appended_nuisance|16:appended_nuisance|17:appended_nuisance|18:appended_nuisance|19:appended_nuisance|20:appended_nuisance|21:appended_nuisance|22:appended_nuisance|23:appended_nuisance|24:appended_nuisance|25:appended_nuisance|26:appended_nuisance|27:appended_nuisance|28:appended_nuisance	59020d73e1feb0609be0e08086dc6f9c23b1d541b71070c5408587891005ff55	bd5d9c0bfb5b67f8c432dbc3f2b811c2b95ebd179e533fcaa3d19287ee52170c	8979fe60e2739a9d74fe8b725618db478b95174526eebff25260b7bd6ae41c87
production	sub-154	01	nppi-dmn	/ZPOOL/data/projects/srndna-ultimatum/derivatives/fsl/sub-154/L1_task-ultimatum_model-02_type-nppi-dmn_run-01_sm-6.feat	ok		200	47	47	47	47	0	47	40.89344665748713	1.2131449698824048e-13							0	1:comp[EV]|2:comp_p[EV]|3:in[EV]|4:in_p[EV]|5:out[EV]|6:out_p[EV]|7:miss[EV]|8:rt[EV]|9:rt_p[EV]|10:main[EV]|11:comp[interaction]|12:comp_p[interaction]|13:in[interaction]|14:in_p[interaction]|15:out[interaction]|16:out_p[interaction]|17:miss[interaction]|18:rt[interaction]|19:rt_p[interaction]|20:other[EV]|21:net0[EV]|22:net1[EV]|23:net2[EV]|24:net4[EV]|25:net5[EV]|26:net6[EV]|27:net8[EV]|28:net9[EV]|29:appended_nuisance|30:appended_nuisance|31:appended_nuisance|32:appended_nuisance|33:appended_nuisance|34:appended_nuisance|35:appended_nuisance|36:appended_nuisance|37:appended_nuisance|38:appended_nuisance|39:appended_nuisance|40:appended_nuisance|41:appended_nuisance|42:appended_nuisance|43:appended_nuisance|44:appended_nuisance|45:appended_nuisance|46:appended_nuisance|47:appended_nuisance	ab3aa4a69f0c359c798335029cc63223e7957052cf6dadf6f13f1450bdff3776	81bb5845530aeb58eb0151157c3a545890d4d7f2cb797d23b8b3fa7e36f756eb	b6a1f8cfc379d54874259bd3e3cab418a1b1bb2d82f92c8aab79e78ead528945
production	sub-154	01	nppi-ecn	/ZPOOL/data/projects/srndna-ultimatum/derivatives/fsl/sub-154/L1_task-ultimatum_model-02_type-nppi-ecn_run-01_sm-6.feat	ok		200	47	47	47	47	0	47	42.76272992271049	1.320994673225599e-13							0	1:comp[EV]|2:comp_p[EV]|3:in[EV]|4:in_p[EV]|5:out[EV]|6:out_p[EV]|7:miss[EV]|8:rt[EV]|9:rt_p[EV]|10:main[EV]|11:comp[interaction]|12:comp_p[interaction]|13:in[interaction]|14:in_p[interaction]|15:out[interaction]|16:out_p[interaction]|17:miss[interaction]|18:rt[interaction]|19:rt_p[interaction]|20:other[EV]|21:net0[EV]|22:net1[EV]|23:net2[EV]|24:net4[EV]|25:net5[EV]|26:net6[EV]|27:net8[EV]|28:net9[EV]|29:appended_nuisance|30:appended_nuisance|31:appended_nuisance|32:appended_nuisance|33:appended_nuisance|34:appended_nuisance|35:appended_nuisance|36:appended_nuisance|37:appended_nuisance|38:appended_nuisance|39:appended_nuisance|40:appended_nuisance|41:appended_nuisance|42:appended_nuisance|43:appended_nuisance|44:appended_nuisance|45:appended_nuisance|46:appended_nuisance|47:appended_nuisance	2e2885e64f6475d923da615ef156b9c9907960d6dacf28311e79011854590365	b6f0deeaef5b90f9eb48f04548e059022352a2e0279b3f5f3163a87e3fe84055	90959a75d4b91a7f0d96b693c89d636ade14774f9f77664dadf2f508e1cc9b94
production	sub-154	02	act	/ZPOOL/data/projects/srndna-ultimatum/derivatives/fsl/sub-154/L1_task-ultimatum_model-02_type-act_run-02_sm-6.feat	ok		200	28	28	28	28	0	28	19.510644674541894	9.125321543419954e-14							0	1:comp[EV]|2:comp_p[EV]|3:in[EV]|4:in_p[EV]|5:out[EV]|6:out_p[EV]|7:miss[EV]|8:rt[EV]|9:rt_p[EV]|10:appended_nuisance|11:appended_nuisance|12:appended_nuisance|13:appended_nuisance|14:appended_nuisance|15:appended_nuisance|16:appended_nuisance|17:appended_nuisance|18:appended_nuisance|19:appended_nuisance|20:appended_nuisance|21:appended_nuisance|22:appended_nuisance|23:appended_nuisance|24:appended_nuisance|25:appended_nuisance|26:appended_nuisance|27:appended_nuisance|28:appended_nuisance	e868a7f4a891f360c344e040227beb5a023d10de7ac56ead14f1cb552329e33f	28cf561e2e0daa17f87cd138ad49a8a75dd5c5bd7487a96126f7091b7c5bca08	1d7ce852defd7a185c5163d278ffc7d1efd7cd5e7d6c7122d7ba8f62780d4ff5
production	sub-154	02	nppi-dmn	/ZPOOL/data/projects/srndna-ultimatum/derivatives/fsl/sub-154/L1_task-ultimatum_model-02_type-nppi-dmn_run-02_sm-6.feat	ok		200	47	47	47	47	0	47	48.20914747715892	1.3248842101195837e-13							0	1:comp[EV]|2:comp_p[EV]|3:in[EV]|4:in_p[EV]|5:out[EV]|6:out_p[EV]|7:miss[EV]|8:rt[EV]|9:rt_p[EV]|10:main[EV]|11:comp[interaction]|12:comp_p[interaction]|13:in[interaction]|14:in_p[interaction]|15:out[interaction]|16:out_p[interaction]|17:miss[interaction]|18:rt[interaction]|19:rt_p[interaction]|20:other[EV]|21:net0[EV]|22:net1[EV]|23:net2[EV]|24:net4[EV]|25:net5[EV]|26:net6[EV]|27:net8[EV]|28:net9[EV]|29:appended_nuisance|30:appended_nuisance|31:appended_nuisance|32:appended_nuisance|33:appended_nuisance|34:appended_nuisance|35:appended_nuisance|36:appended_nuisance|37:appended_nuisance|38:appended_nuisance|39:appended_nuisance|40:appended_nuisance|41:appended_nuisance|42:appended_nuisance|43:appended_nuisance|44:appended_nuisance|45:appended_nuisance|46:appended_nuisance|47:appended_nuisance	a8a93885ca6a15db492a2d6606dd1491c7609e4fe56ee1a7da404774849db225	9ad34036651bbf0f0ee6d355b13359b9460871d27b1c42bbb0e4e9bd2bb3e0ce	bdf6172601bc011ded1f153a6f5b0f5a9942f5a4432455a2b1afd7acbfc25d62
production	sub-154	02	nppi-ecn	/ZPOOL/data/projects/srndna-ultimatum/derivatives/fsl/sub-154/L1_task-ultimatum_model-02_type-nppi-ecn_run-02_sm-6.feat	ok		200	47	47	47	47	0	47	66.51876631638174	1.2846113461165054e-13							0	1:comp[EV]|2:comp_p[EV]|3:in[EV]|4:in_p[EV]|5:out[EV]|6:out_p[EV]|7:miss[EV]|8:rt[EV]|9:rt_p[EV]|10:main[EV]|11:comp[interaction]|12:comp_p[interaction]|13:in[interaction]|14:in_p[interaction]|15:out[interaction]|16:out_p[interaction]|17:miss[interaction]|18:rt[interaction]|19:rt_p[interaction]|20:other[EV]|21:net0[EV]|22:net1[EV]|23:net2[EV]|24:net4[EV]|25:net5[EV]|26:net6[EV]|27:net8[EV]|28:net9[EV]|29:appended_nuisance|30:appended_nuisance|31:appended_nuisance|32:appended_nuisance|33:appended_nuisance|34:appended_nuisance|35:appended_nuisance|36:appended_nuisance|37:appended_nuisance|38:appended_nuisance|39:appended_nuisance|40:appended_nuisance|41:appended_nuisance|42:appended_nuisance|43:appended_nuisance|44:appended_nuisance|45:appended_nuisance|46:appended_nuisance|47:appended_nuisance	41f6f5759a37245b296a34539cd67b01900e1a4a0f3b00f13279d9a0937980b6	28ca23d124bea0be63bc1a3662de39294384c4b561c54fd3f182def7e9871463	48dfcd561a4964977613b2f5d4fdc7b31ff427f1b50e2d90d6fe8bb0fcce9101
production	sub-155	01	act	/ZPOOL/data/projects/srndna-ultimatum/derivatives/fsl/sub-155/L1_task-ultimatum_model-02_type-act_run-01_sm-6.feat	ok		200	28	27	27	27	0	27	65.89296727075445	1.1143168489281689e-13	7			7:miss[EV]			0	1:comp[EV]|2:comp_p[EV]|3:in[EV]|4:in_p[EV]|5:out[EV]|6:out_p[EV]|7:miss[EV]|8:rt[EV]|9:rt_p[EV]|10:appended_nuisance|11:appended_nuisance|12:appended_nuisance|13:appended_nuisance|14:appended_nuisance|15:appended_nuisance|16:appended_nuisance|17:appended_nuisance|18:appended_nuisance|19:appended_nuisance|20:appended_nuisance|21:appended_nuisance|22:appended_nuisance|23:appended_nuisance|24:appended_nuisance|25:appended_nuisance|26:appended_nuisance|27:appended_nuisance|28:appended_nuisance	6d80572e2c69b60d25c2b2838db5731f81373981bfdffd2798a6a454fd4c9573	b0faa0602abb5692d8b2984373f08892f37fe61641c19533b1d4a958c3bf5221	738dd0d5cae950532028097911504088ed13b633f6d0d238a9fe9212facfe314
production	sub-155	01	nppi-dmn	/ZPOOL/data/projects/srndna-ultimatum/derivatives/fsl/sub-155/L1_task-ultimatum_model-02_type-nppi-dmn_run-01_sm-6.feat	ok		200	47	45	45	45	0	45	93.52356865921854	1.2828659773624946e-13	7|17			7:miss[EV]|17:miss[interaction]			0	1:comp[EV]|2:comp_p[EV]|3:in[EV]|4:in_p[EV]|5:out[EV]|6:out_p[EV]|7:miss[EV]|8:rt[EV]|9:rt_p[EV]|10:main[EV]|11:comp[interaction]|12:comp_p[interaction]|13:in[interaction]|14:in_p[interaction]|15:out[interaction]|16:out_p[interaction]|17:miss[interaction]|18:rt[interaction]|19:rt_p[interaction]|20:other[EV]|21:net0[EV]|22:net1[EV]|23:net2[EV]|24:net4[EV]|25:net5[EV]|26:net6[EV]|27:net8[EV]|28:net9[EV]|29:appended_nuisance|30:appended_nuisance|31:appended_nuisance|32:appended_nuisance|33:appended_nuisance|34:appended_nuisance|35:appended_nuisance|36:appended_nuisance|37:appended_nuisance|38:appended_nuisance|39:appended_nuisance|40:appended_nuisance|41:appended_nuisance|42:appended_nuisance|43:appended_nuisance|44:appended_nuisance|45:appended_nuisance|46:appended_nuisance|47:appended_nuisance	b43df604af5f2146ced3aca712e207a75823238521f41e3504c0fa6f47d3322b	c70227486a2eb54f63661891a7dc89178b8080dd8ae93faae5a02f26ca4562c9	a6e068ec474e406d3037926e1afd43fa3d79485b19c4b3ca572da9b9d92ede1e
production	sub-155	01	nppi-ecn	/ZPOOL/data/projects/srndna-ultimatum/derivatives/fsl/sub-155/L1_task-ultimatum_model-02_type-nppi-ecn_run-01_sm-6.feat	ok		200	47	45	45	45	0	45	113.73217515144765	1.4393997100348144e-13	7|17			7:miss[EV]|17:miss[interaction]			0	1:comp[EV]|2:comp_p[EV]|3:in[EV]|4:in_p[EV]|5:out[EV]|6:out_p[EV]|7:miss[EV]|8:rt[EV]|9:rt_p[EV]|10:main[EV]|11:comp[interaction]|12:comp_p[interaction]|13:in[interaction]|14:in_p[interaction]|15:out[interaction]|16:out_p[interaction]|17:miss[interaction]|18:rt[interaction]|19:rt_p[interaction]|20:other[EV]|21:net0[EV]|22:net1[EV]|23:net2[EV]|24:net4[EV]|25:net5[EV]|26:net6[EV]|27:net8[EV]|28:net9[EV]|29:appended_nuisance|30:appended_nuisance|31:appended_nuisance|32:appended_nuisance|33:appended_nuisance|34:appended_nuisance|35:appended_nuisance|36:appended_nuisance|37:appended_nuisance|38:appended_nuisance|39:appended_nuisance|40:appended_nuisance|41:appended_nuisance|42:appended_nuisance|43:appended_nuisance|44:appended_nuisance|45:appended_nuisance|46:appended_nuisance|47:appended_nuisance	c84ffc2d3d6ae78e9c3a589b4a1fe3627c5d18efbfbb80c04886fc1fffd17bce	9629cd3faba53eca04191603ba1ea214b602a215efea0066b55e3b1d34848fa6	4ff9003a7e353ffb41fefaf262306c4c2c4714278ceda25942398ce05ef0e880
production	sub-155	02	act	/ZPOOL/data/projects/srndna-ultimatum/derivatives/fsl/sub-155/L1_task-ultimatum_model-02_type-act_run-02_sm-6.feat	ok		200	27	26	26	26	0	26	39.5314273581451	1.0135014319952686e-13	7			7:miss[EV]			0	1:comp[EV]|2:comp_p[EV]|3:in[EV]|4:in_p[EV]|5:out[EV]|6:out_p[EV]|7:miss[EV]|8:rt[EV]|9:rt_p[EV]|10:appended_nuisance|11:appended_nuisance|12:appended_nuisance|13:appended_nuisance|14:appended_nuisance|15:appended_nuisance|16:appended_nuisance|17:appended_nuisance|18:appended_nuisance|19:appended_nuisance|20:appended_nuisance|21:appended_nuisance|22:appended_nuisance|23:appended_nuisance|24:appended_nuisance|25:appended_nuisance|26:appended_nuisance|27:appended_nuisance	8b3ce4587447b0977396f95a2013fd0e1bb98967d2047ffdb7822779a8c6e52a	6579a007c99bbe45120b0ee58fea4227a879877a827f308dae744d2939607402	6e4bb75ba771d18cbfda628866b4f5801561cd5656d0739b83a4d4a0c646173a
production	sub-155	02	nppi-dmn	/ZPOOL/data/projects/srndna-ultimatum/derivatives/fsl/sub-155/L1_task-ultimatum_model-02_type-nppi-dmn_run-02_sm-6.feat	ok		200	46	44	44	44	0	44	53.834602929388566	1.238450198954659e-13	7|17			7:miss[EV]|17:miss[interaction]			0	1:comp[EV]|2:comp_p[EV]|3:in[EV]|4:in_p[EV]|5:out[EV]|6:out_p[EV]|7:miss[EV]|8:rt[EV]|9:rt_p[EV]|10:main[EV]|11:comp[interaction]|12:comp_p[interaction]|13:in[interaction]|14:in_p[interaction]|15:out[interaction]|16:out_p[interaction]|17:miss[interaction]|18:rt[interaction]|19:rt_p[interaction]|20:other[EV]|21:net0[EV]|22:net1[EV]|23:net2[EV]|24:net4[EV]|25:net5[EV]|26:net6[EV]|27:net8[EV]|28:net9[EV]|29:appended_nuisance|30:appended_nuisance|31:appended_nuisance|32:appended_nuisance|33:appended_nuisance|34:appended_nuisance|35:appended_nuisance|36:appended_nuisance|37:appended_nuisance|38:appended_nuisance|39:appended_nuisance|40:appended_nuisance|41:appended_nuisance|42:appended_nuisance|43:appended_nuisance|44:appended_nuisance|45:appended_nuisance|46:appended_nuisance	bf25dd2ebf481a92aa758aa603c20be90a1ecac0fc292ea6fbdb60b69928593a	05081d7ed2c70b137699189090d7eb2f8fd3e8d6d47963063ee54ad8e96563f5	dadc551788ee2a4414b55613abcd1c63a9004760c2213d081deeb8fccc30cbac
production	sub-155	02	nppi-ecn	/ZPOOL/data/projects/srndna-ultimatum/derivatives/fsl/sub-155/L1_task-ultimatum_model-02_type-nppi-ecn_run-02_sm-6.feat	ok		200	46	44	44	44	0	44	69.64752915551507	1.3184364531246774e-13	7|17			7:miss[EV]|17:miss[interaction]			0	1:comp[EV]|2:comp_p[EV]|3:in[EV]|4:in_p[EV]|5:out[EV]|6:out_p[EV]|7:miss[EV]|8:rt[EV]|9:rt_p[EV]|10:main[EV]|11:comp[interaction]|12:comp_p[interaction]|13:in[interaction]|14:in_p[interaction]|15:out[interaction]|16:out_p[interaction]|17:miss[interaction]|18:rt[interaction]|19:rt_p[interaction]|20:other[EV]|21:net0[EV]|22:net1[EV]|23:net2[EV]|24:net4[EV]|25:net5[EV]|26:net6[EV]|27:net8[EV]|28:net9[EV]|29:appended_nuisance|30:appended_nuisance|31:appended_nuisance|32:appended_nuisance|33:appended_nuisance|34:appended_nuisance|35:appended_nuisance|36:appended_nuisance|37:appended_nuisance|38:appended_nuisance|39:appended_nuisance|40:appended_nuisance|41:appended_nuisance|42:appended_nuisance|43:appended_nuisance|44:appended_nuisance|45:appended_nuisance|46:appended_nuisance	88b290c437ef33c6e6f7e19c25af8e2797f7c221e202c7c5b327d7152d6e15c1	7ef2f9add7713fb4e6d1bbb8a8911e0af986d81c91f6242ae5a4625d395c5efd	2b13a377f13b73350d6b9f2a5c7f48dc57fe1f8db3c65913d160b0001360aa9c
production	sub-156	01	act	/ZPOOL/data/projects/srndna-ultimatum/derivatives/fsl/sub-156/L1_task-ultimatum_model-02_type-act_run-01_sm-6.feat	ok		200	27	26	26	26	0	26	21.208085457568203	1.0239339840072116e-13	7			7:miss[EV]			0	1:comp[EV]|2:comp_p[EV]|3:in[EV]|4:in_p[EV]|5:out[EV]|6:out_p[EV]|7:miss[EV]|8:rt[EV]|9:rt_p[EV]|10:appended_nuisance|11:appended_nuisance|12:appended_nuisance|13:appended_nuisance|14:appended_nuisance|15:appended_nuisance|16:appended_nuisance|17:appended_nuisance|18:appended_nuisance|19:appended_nuisance|20:appended_nuisance|21:appended_nuisance|22:appended_nuisance|23:appended_nuisance|24:appended_nuisance|25:appended_nuisance|26:appended_nuisance|27:appended_nuisance	77d3321a8a28485b953a248ea032df170368cf2a16d82fec37862f65e218558d	864c914236b3726501e16958c973e7a8d38185174fadfb391831895a1d0c9622	aab4ad706b9a3aa835d2b0d4feeacc1de750218c755bd4dc2bc179aa55b04cde
production	sub-156	01	nppi-dmn	/ZPOOL/data/projects/srndna-ultimatum/derivatives/fsl/sub-156/L1_task-ultimatum_model-02_type-nppi-dmn_run-01_sm-6.feat	ok		200	46	44	44	44	0	44	96.50348368343526	1.3429964450710355e-13	7|17			7:miss[EV]|17:miss[interaction]			0	1:comp[EV]|2:comp_p[EV]|3:in[EV]|4:in_p[EV]|5:out[EV]|6:out_p[EV]|7:miss[EV]|8:rt[EV]|9:rt_p[EV]|10:main[EV]|11:comp[interaction]|12:comp_p[interaction]|13:in[interaction]|14:in_p[interaction]|15:out[interaction]|16:out_p[interaction]|17:miss[interaction]|18:rt[interaction]|19:rt_p[interaction]|20:other[EV]|21:net0[EV]|22:net1[EV]|23:net2[EV]|24:net4[EV]|25:net5[EV]|26:net6[EV]|27:net8[EV]|28:net9[EV]|29:appended_nuisance|30:appended_nuisance|31:appended_nuisance|32:appended_nuisance|33:appended_nuisance|34:appended_nuisance|35:appended_nuisance|36:appended_nuisance|37:appended_nuisance|38:appended_nuisance|39:appended_nuisance|40:appended_nuisance|41:appended_nuisance|42:appended_nuisance|43:appended_nuisance|44:appended_nuisance|45:appended_nuisance|46:appended_nuisance	d6ea88fcff1f4b00a2dcf370e24c0cf1a7343380690c5432ec468b903cc2cf5c	d5b8ca0fe7e7f793e2b608ab493f2f14333503e0042ddd5d0360c34ee2e77dd0	988d6d643a309286b09a2c40ffcb43b71bde160f6f19021c7265134d3301ce5e
production	sub-156	01	nppi-ecn	/ZPOOL/data/projects/srndna-ultimatum/derivatives/fsl/sub-156/L1_task-ultimatum_model-02_type-nppi-ecn_run-01_sm-6.feat	ok		200	46	44	44	44	0	44	132.24691063943817	1.345704917353838e-13	7|17			7:miss[EV]|17:miss[interaction]			0	1:comp[EV]|2:comp_p[EV]|3:in[EV]|4:in_p[EV]|5:out[EV]|6:out_p[EV]|7:miss[EV]|8:rt[EV]|9:rt_p[EV]|10:main[EV]|11:comp[interaction]|12:comp_p[interaction]|13:in[interaction]|14:in_p[interaction]|15:out[interaction]|16:out_p[interaction]|17:miss[interaction]|18:rt[interaction]|19:rt_p[interaction]|20:other[EV]|21:net0[EV]|22:net1[EV]|23:net2[EV]|24:net4[EV]|25:net5[EV]|26:net6[EV]|27:net8[EV]|28:net9[EV]|29:appended_nuisance|30:appended_nuisance|31:appended_nuisance|32:appended_nuisance|33:appended_nuisance|34:appended_nuisance|35:appended_nuisance|36:appended_nuisance|37:appended_nuisance|38:appended_nuisance|39:appended_nuisance|40:appended_nuisance|41:appended_nuisance|42:appended_nuisance|43:appended_nuisance|44:appended_nuisance|45:appended_nuisance|46:appended_nuisance	5d33fd1dc4775fc7228d054bac7488103ea0fc45ba27de0c36394a24d1ecd411	76d3206c995b754eba4bc08756338496b14075ea61765529391909545d753763	38a92b80fab9f7a7a5422d880608c11366c0a4739246c4a0aa0ec116cd0fefb2
production	sub-156	02	act	/ZPOOL/data/projects/srndna-ultimatum/derivatives/fsl/sub-156/L1_task-ultimatum_model-02_type-act_run-02_sm-6.feat	ok		200	28	27	27	27	0	27	17.692319752701838	9.727752306893598e-14	7			7:miss[EV]			0	1:comp[EV]|2:comp_p[EV]|3:in[EV]|4:in_p[EV]|5:out[EV]|6:out_p[EV]|7:miss[EV]|8:rt[EV]|9:rt_p[EV]|10:appended_nuisance|11:appended_nuisance|12:appended_nuisance|13:appended_nuisance|14:appended_nuisance|15:appended_nuisance|16:appended_nuisance|17:appended_nuisance|18:appended_nuisance|19:appended_nuisance|20:appended_nuisance|21:appended_nuisance|22:appended_nuisance|23:appended_nuisance|24:appended_nuisance|25:appended_nuisance|26:appended_nuisance|27:appended_nuisance|28:appended_nuisance	d716fd5e70c93633c50e9c159a89d18b5a3bfef17eb6389d13f7cd82e6d6f4af	17fd139ef4952940ede1a9c71055a2048d5ae128078936d436bbc00279724987	d43aa5b99dcdce150d4b7c51d042cef70d2e00ce0272175188687735b4e17eb8
production	sub-156	02	nppi-dmn	/ZPOOL/data/projects/srndna-ultimatum/derivatives/fsl/sub-156/L1_task-ultimatum_model-02_type-nppi-dmn_run-02_sm-6.feat	ok		200	47	45	45	45	0	45	50.734895138822466	1.1688606387963547e-13	7|17			7:miss[EV]|17:miss[interaction]			0	1:comp[EV]|2:comp_p[EV]|3:in[EV]|4:in_p[EV]|5:out[EV]|6:out_p[EV]|7:miss[EV]|8:rt[EV]|9:rt_p[EV]|10:main[EV]|11:comp[interaction]|12:comp_p[interaction]|13:in[interaction]|14:in_p[interaction]|15:out[interaction]|16:out_p[interaction]|17:miss[interaction]|18:rt[interaction]|19:rt_p[interaction]|20:other[EV]|21:net0[EV]|22:net1[EV]|23:net2[EV]|24:net4[EV]|25:net5[EV]|26:net6[EV]|27:net8[EV]|28:net9[EV]|29:appended_nuisance|30:appended_nuisance|31:appended_nuisance|32:appended_nuisance|33:appended_nuisance|34:appended_nuisance|35:appended_nuisance|36:appended_nuisance|37:appended_nuisance|38:appended_nuisance|39:appended_nuisance|40:appended_nuisance|41:appended_nuisance|42:appended_nuisance|43:appended_nuisance|44:appended_nuisance|45:appended_nuisance|46:appended_nuisance|47:appended_nuisance	e21f1da59265404e487150f715d9412b7e95485be11fb09308be1af5480d1988	d7d0db62a9b6072859bfeb97f98848787efcce8f82a2e2898c0de9ed0f7b3e30	1f34eded525c2f789baede34c6b4b831e8a7d299c5a4449801bcc72cbb379bab
production	sub-156	02	nppi-ecn	/ZPOOL/data/projects/srndna-ultimatum/derivatives/fsl/sub-156/L1_task-ultimatum_model-02_type-nppi-ecn_run-02_sm-6.feat	ok		200	47	45	45	45	0	45	57.75722197376446	1.2656010395676951e-13	7|17			7:miss[EV]|17:miss[interaction]			0	1:comp[EV]|2:comp_p[EV]|3:in[EV]|4:in_p[EV]|5:out[EV]|6:out_p[EV]|7:miss[EV]|8:rt[EV]|9:rt_p[EV]|10:main[EV]|11:comp[interaction]|12:comp_p[interaction]|13:in[interaction]|14:in_p[interaction]|15:out[interaction]|16:out_p[interaction]|17:miss[interaction]|18:rt[interaction]|19:rt_p[interaction]|20:other[EV]|21:net0[EV]|22:net1[EV]|23:net2[EV]|24:net4[EV]|25:net5[EV]|26:net6[EV]|27:net8[EV]|28:net9[EV]|29:appended_nuisance|30:appended_nuisance|31:appended_nuisance|32:appended_nuisance|33:appended_nuisance|34:appended_nuisance|35:appended_nuisance|36:appended_nuisance|37:appended_nuisance|38:appended_nuisance|39:appended_nuisance|40:appended_nuisance|41:appended_nuisance|42:appended_nuisance|43:appended_nuisance|44:appended_nuisance|45:appended_nuisance|46:appended_nuisance|47:appended_nuisance	3c8187dd10677d3c644ecae813fe7a91e012c60308521d24a3bda7574f818a06	9ba03799d6915f35266e628ea903eff7e854790605cbab99c52fc2c9ea3c1a22	31be79b7cdf82f3ee85cac6a9d459197a738027dc99c6a0f54803d303ccc6430
production	sub-157	01	act	/ZPOOL/data/projects/srndna-ultimatum/derivatives/fsl/sub-157/L1_task-ultimatum_model-02_type-act_run-01_sm-6.feat	ok		200	28	28	28	28	0	28	31.64380613924196	9.721737741290217e-14							0	1:comp[EV]|2:comp_p[EV]|3:in[EV]|4:in_p[EV]|5:out[EV]|6:out_p[EV]|7:miss[EV]|8:rt[EV]|9:rt_p[EV]|10:appended_nuisance|11:appended_nuisance|12:appended_nuisance|13:appended_nuisance|14:appended_nuisance|15:appended_nuisance|16:appended_nuisance|17:appended_nuisance|18:appended_nuisance|19:appended_nuisance|20:appended_nuisance|21:appended_nuisance|22:appended_nuisance|23:appended_nuisance|24:appended_nuisance|25:appended_nuisance|26:appended_nuisance|27:appended_nuisance|28:appended_nuisance	9328e197857c2bb5209427c3464d1596237bf25cc4ef53537b5b04b122efd63c	3199a214057aba9f6169aa6892eb59251d5df49bfc964c17567d85fb024a382a	fc444a859c9751d82bf19b88fe152c93dded8eab513738dec3c6771073ff9da8
production	sub-157	01	nppi-dmn	/ZPOOL/data/projects/srndna-ultimatum/derivatives/fsl/sub-157/L1_task-ultimatum_model-02_type-nppi-dmn_run-01_sm-6.feat	ok		200	47	47	47	47	0	47	76.69838531615206	1.4967795200194498e-13							0	1:comp[EV]|2:comp_p[EV]|3:in[EV]|4:in_p[EV]|5:out[EV]|6:out_p[EV]|7:miss[EV]|8:rt[EV]|9:rt_p[EV]|10:main[EV]|11:comp[interaction]|12:comp_p[interaction]|13:in[interaction]|14:in_p[interaction]|15:out[interaction]|16:out_p[interaction]|17:miss[interaction]|18:rt[interaction]|19:rt_p[interaction]|20:other[EV]|21:net0[EV]|22:net1[EV]|23:net2[EV]|24:net4[EV]|25:net5[EV]|26:net6[EV]|27:net8[EV]|28:net9[EV]|29:appended_nuisance|30:appended_nuisance|31:appended_nuisance|32:appended_nuisance|33:appended_nuisance|34:appended_nuisance|35:appended_nuisance|36:appended_nuisance|37:appended_nuisance|38:appended_nuisance|39:appended_nuisance|40:appended_nuisance|41:appended_nuisance|42:appended_nuisance|43:appended_nuisance|44:appended_nuisance|45:appended_nuisance|46:appended_nuisance|47:appended_nuisance	2abeadb3cc8fe94089265f59d082bd7ce54a87add472cca9e0096dbbbd3c2faa	ead69194f736964ee782960292286f1614c29c5c74622565cff3d9a83a3ace5c	74254fc354b2b675284a8401e10d7f67631ce9ff233b943827e4051042eaf4d0
production	sub-157	01	nppi-ecn	/ZPOOL/data/projects/srndna-ultimatum/derivatives/fsl/sub-157/L1_task-ultimatum_model-02_type-nppi-ecn_run-01_sm-6.feat	ok		200	47	47	47	47	0	47	109.8960003197025	1.5814351868867883e-13							0	1:comp[EV]|2:comp_p[EV]|3:in[EV]|4:in_p[EV]|5:out[EV]|6:out_p[EV]|7:miss[EV]|8:rt[EV]|9:rt_p[EV]|10:main[EV]|11:comp[interaction]|12:comp_p[interaction]|13:in[interaction]|14:in_p[interaction]|15:out[interaction]|16:out_p[interaction]|17:miss[interaction]|18:rt[interaction]|19:rt_p[interaction]|20:other[EV]|21:net0[EV]|22:net1[EV]|23:net2[EV]|24:net4[EV]|25:net5[EV]|26:net6[EV]|27:net8[EV]|28:net9[EV]|29:appended_nuisance|30:appended_nuisance|31:appended_nuisance|32:appended_nuisance|33:appended_nuisance|34:appended_nuisance|35:appended_nuisance|36:appended_nuisance|37:appended_nuisance|38:appended_nuisance|39:appended_nuisance|40:appended_nuisance|41:appended_nuisance|42:appended_nuisance|43:appended_nuisance|44:appended_nuisance|45:appended_nuisance|46:appended_nuisance|47:appended_nuisance	184d2b8a36214ada89b0468fa8313f0531e6d62ae8279ddf6fbd892028daa4e2	e004559c1dd08983ce610de0491d1e94e429327e52dda6ddca3b4fd95547cb57	f4da27b55015ddca71e36701772e47fdd2315e59034b0f7e7d0f2def83e7a065
production	sub-157	02	act	/ZPOOL/data/projects/srndna-ultimatum/derivatives/fsl/sub-157/L1_task-ultimatum_model-02_type-act_run-02_sm-6.feat	ok		200	28	28	28	28	0	28	30.44573120905842	9.201794897859875e-14							0	1:comp[EV]|2:comp_p[EV]|3:in[EV]|4:in_p[EV]|5:out[EV]|6:out_p[EV]|7:miss[EV]|8:rt[EV]|9:rt_p[EV]|10:appended_nuisance|11:appended_nuisance|12:appended_nuisance|13:appended_nuisance|14:appended_nuisance|15:appended_nuisance|16:appended_nuisance|17:appended_nuisance|18:appended_nuisance|19:appended_nuisance|20:appended_nuisance|21:appended_nuisance|22:appended_nuisance|23:appended_nuisance|24:appended_nuisance|25:appended_nuisance|26:appended_nuisance|27:appended_nuisance|28:appended_nuisance	d9efe201953f758316b0eebe39ba6ab938aa3a38ca48f5184713e50d79fe9736	ab3cdf014f6c74373a5c6e4c97b30277e13db4abe5b65c6fb7ff7416fbf7f23d	8beaf9456059badad2ac1e9ccf113bf117ddbb756aec484c5bc4bf272bf01a5d
production	sub-157	02	nppi-dmn	/ZPOOL/data/projects/srndna-ultimatum/derivatives/fsl/sub-157/L1_task-ultimatum_model-02_type-nppi-dmn_run-02_sm-6.feat	ok		200	47	47	47	47	0	47	74.91040143072057	1.350260306262284e-13							0	1:comp[EV]|2:comp_p[EV]|3:in[EV]|4:in_p[EV]|5:out[EV]|6:out_p[EV]|7:miss[EV]|8:rt[EV]|9:rt_p[EV]|10:main[EV]|11:comp[interaction]|12:comp_p[interaction]|13:in[interaction]|14:in_p[interaction]|15:out[interaction]|16:out_p[interaction]|17:miss[interaction]|18:rt[interaction]|19:rt_p[interaction]|20:other[EV]|21:net0[EV]|22:net1[EV]|23:net2[EV]|24:net4[EV]|25:net5[EV]|26:net6[EV]|27:net8[EV]|28:net9[EV]|29:appended_nuisance|30:appended_nuisance|31:appended_nuisance|32:appended_nuisance|33:appended_nuisance|34:appended_nuisance|35:appended_nuisance|36:appended_nuisance|37:appended_nuisance|38:appended_nuisance|39:appended_nuisance|40:appended_nuisance|41:appended_nuisance|42:appended_nuisance|43:appended_nuisance|44:appended_nuisance|45:appended_nuisance|46:appended_nuisance|47:appended_nuisance	127327f72e43e776b8dc2444a88fffce82d4abe7220cdf7c550c30b7c7b57468	c12813af38d433ea2b7b06403e61fa7b41e05a3c959018744238cb9cc147f6ab	68c918d8d99e8f02be96809a37d1ba47fecf09d9cca17663afb39d94b4d70a6e
production	sub-157	02	nppi-ecn	/ZPOOL/data/projects/srndna-ultimatum/derivatives/fsl/sub-157/L1_task-ultimatum_model-02_type-nppi-ecn_run-02_sm-6.feat	ok		200	47	47	47	47	0	47	69.18428154932293	1.4096502696959634e-13							0	1:comp[EV]|2:comp_p[EV]|3:in[EV]|4:in_p[EV]|5:out[EV]|6:out_p[EV]|7:miss[EV]|8:rt[EV]|9:rt_p[EV]|10:main[EV]|11:comp[interaction]|12:comp_p[interaction]|13:in[interaction]|14:in_p[interaction]|15:out[interaction]|16:out_p[interaction]|17:miss[interaction]|18:rt[interaction]|19:rt_p[interaction]|20:other[EV]|21:net0[EV]|22:net1[EV]|23:net2[EV]|24:net4[EV]|25:net5[EV]|26:net6[EV]|27:net8[EV]|28:net9[EV]|29:appended_nuisance|30:appended_nuisance|31:appended_nuisance|32:appended_nuisance|33:appended_nuisance|34:appended_nuisance|35:appended_nuisance|36:appended_nuisance|37:appended_nuisance|38:appended_nuisance|39:appended_nuisance|40:appended_nuisance|41:appended_nuisance|42:appended_nuisance|43:appended_nuisance|44:appended_nuisance|45:appended_nuisance|46:appended_nuisance|47:appended_nuisance	39022b72621154d4627cabc66d909ad0483a736e2dbc536d3946a9bff8adf57a	4e8aae76e2b7d096a18cc2f4473d1c7a1c132e5d6116a9d32798c76e415fd513	5cdf40727cdfaf49938e91e2a0954c5cff47179857677649f6094ca6fdfd5718
production	sub-158	01	act	/ZPOOL/data/projects/srndna-ultimatum/derivatives/fsl/sub-158/L1_task-ultimatum_model-02_type-act_run-01_sm-6.feat	ok		200	27	27	27	27	0	27	33.66993018607861	1.0753817089212978e-13							0	1:comp[EV]|2:comp_p[EV]|3:in[EV]|4:in_p[EV]|5:out[EV]|6:out_p[EV]|7:miss[EV]|8:rt[EV]|9:rt_p[EV]|10:appended_nuisance|11:appended_nuisance|12:appended_nuisance|13:appended_nuisance|14:appended_nuisance|15:appended_nuisance|16:appended_nuisance|17:appended_nuisance|18:appended_nuisance|19:appended_nuisance|20:appended_nuisance|21:appended_nuisance|22:appended_nuisance|23:appended_nuisance|24:appended_nuisance|25:appended_nuisance|26:appended_nuisance|27:appended_nuisance	a68d88b184892eebd90a7b8abddc80b3967936bf5c1ac536e3e870b02a2b15f0	bb42fb886905a83546af833a778ebb14566b9ca499b8fe0c51ad253cc6a8e20e	4886a1dfab85cbb83fb0cb52dd75887e5c8ae20a55f0ccde7976e004b62b0486
production	sub-158	01	nppi-dmn	/ZPOOL/data/projects/srndna-ultimatum/derivatives/fsl/sub-158/L1_task-ultimatum_model-02_type-nppi-dmn_run-01_sm-6.feat	ok		200	46	46	46	46	0	46	93.1464472750516	1.6917231616988564e-13							0	1:comp[EV]|2:comp_p[EV]|3:in[EV]|4:in_p[EV]|5:out[EV]|6:out_p[EV]|7:miss[EV]|8:rt[EV]|9:rt_p[EV]|10:main[EV]|11:comp[interaction]|12:comp_p[interaction]|13:in[interaction]|14:in_p[interaction]|15:out[interaction]|16:out_p[interaction]|17:miss[interaction]|18:rt[interaction]|19:rt_p[interaction]|20:other[EV]|21:net0[EV]|22:net1[EV]|23:net2[EV]|24:net4[EV]|25:net5[EV]|26:net6[EV]|27:net8[EV]|28:net9[EV]|29:appended_nuisance|30:appended_nuisance|31:appended_nuisance|32:appended_nuisance|33:appended_nuisance|34:appended_nuisance|35:appended_nuisance|36:appended_nuisance|37:appended_nuisance|38:appended_nuisance|39:appended_nuisance|40:appended_nuisance|41:appended_nuisance|42:appended_nuisance|43:appended_nuisance|44:appended_nuisance|45:appended_nuisance|46:appended_nuisance	53cf4ab2e838933a12256ecc762c62ced6675ab833e83aede78ee250f60eff35	1aa04ec4831d6721269bc360aee2247cf4ca0f7fde68cf46e7254cda9934ec3d	7934b2f1f6fc55e2ddf7b96772d4f5d8f3155fe83ce90944d89dc08ae825d341
production	sub-158	01	nppi-ecn	/ZPOOL/data/projects/srndna-ultimatum/derivatives/fsl/sub-158/L1_task-ultimatum_model-02_type-nppi-ecn_run-01_sm-6.feat	ok		200	46	46	46	46	0	46	92.64727750421774	1.703089152448077e-13							0	1:comp[EV]|2:comp_p[EV]|3:in[EV]|4:in_p[EV]|5:out[EV]|6:out_p[EV]|7:miss[EV]|8:rt[EV]|9:rt_p[EV]|10:main[EV]|11:comp[interaction]|12:comp_p[interaction]|13:in[interaction]|14:in_p[interaction]|15:out[interaction]|16:out_p[interaction]|17:miss[interaction]|18:rt[interaction]|19:rt_p[interaction]|20:other[EV]|21:net0[EV]|22:net1[EV]|23:net2[EV]|24:net4[EV]|25:net5[EV]|26:net6[EV]|27:net8[EV]|28:net9[EV]|29:appended_nuisance|30:appended_nuisance|31:appended_nuisance|32:appended_nuisance|33:appended_nuisance|34:appended_nuisance|35:appended_nuisance|36:appended_nuisance|37:appended_nuisance|38:appended_nuisance|39:appended_nuisance|40:appended_nuisance|41:appended_nuisance|42:appended_nuisance|43:appended_nuisance|44:appended_nuisance|45:appended_nuisance|46:appended_nuisance	3c865357c40ecd85c5162b3398f48ab020aeb8b5159e94ed1ee61eaa0c7cc0da	3bad84322d6ca90974ff68a2948becbaa95b55325bb203c04775df09faf1be4c	563c20f07ac09fe6e15f81d9e1b43c52f6487297c60dca7676bb3046c5645e5d
production	sub-158	02	act	/ZPOOL/data/projects/srndna-ultimatum/derivatives/fsl/sub-158/L1_task-ultimatum_model-02_type-act_run-02_sm-6.feat	ok		200	28	27	27	27	0	27	23.826201130174184	8.923188945495288e-14	7			7:miss[EV]			0	1:comp[EV]|2:comp_p[EV]|3:in[EV]|4:in_p[EV]|5:out[EV]|6:out_p[EV]|7:miss[EV]|8:rt[EV]|9:rt_p[EV]|10:appended_nuisance|11:appended_nuisance|12:appended_nuisance|13:appended_nuisance|14:appended_nuisance|15:appended_nuisance|16:appended_nuisance|17:appended_nuisance|18:appended_nuisance|19:appended_nuisance|20:appended_nuisance|21:appended_nuisance|22:appended_nuisance|23:appended_nuisance|24:appended_nuisance|25:appended_nuisance|26:appended_nuisance|27:appended_nuisance|28:appended_nuisance	8ec764fcb0cb818387aaa2771c2a47480558807047a68398c4cb3a4e705acaeb	fab487889b2c3b54caefdb824f6ee6040313912d85632fac5d836c343953f70d	8f8b22f9e2283c8b08f148c06575c7f5e5db71832e9266666df027ffb65a2685
production	sub-158	02	nppi-dmn	/ZPOOL/data/projects/srndna-ultimatum/derivatives/fsl/sub-158/L1_task-ultimatum_model-02_type-nppi-dmn_run-02_sm-6.feat	ok		200	47	45	45	45	0	45	54.7686134297995	1.287614240471446e-13	7|17			7:miss[EV]|17:miss[interaction]			0	1:comp[EV]|2:comp_p[EV]|3:in[EV]|4:in_p[EV]|5:out[EV]|6:out_p[EV]|7:miss[EV]|8:rt[EV]|9:rt_p[EV]|10:main[EV]|11:comp[interaction]|12:comp_p[interaction]|13:in[interaction]|14:in_p[interaction]|15:out[interaction]|16:out_p[interaction]|17:miss[interaction]|18:rt[interaction]|19:rt_p[interaction]|20:other[EV]|21:net0[EV]|22:net1[EV]|23:net2[EV]|24:net4[EV]|25:net5[EV]|26:net6[EV]|27:net8[EV]|28:net9[EV]|29:appended_nuisance|30:appended_nuisance|31:appended_nuisance|32:appended_nuisance|33:appended_nuisance|34:appended_nuisance|35:appended_nuisance|36:appended_nuisance|37:appended_nuisance|38:appended_nuisance|39:appended_nuisance|40:appended_nuisance|41:appended_nuisance|42:appended_nuisance|43:appended_nuisance|44:appended_nuisance|45:appended_nuisance|46:appended_nuisance|47:appended_nuisance	f3c33b0b015c23817a217a09f739bfe0d50250b9c7a3b503da6d5139299bbf38	03b497f306865484b1750656cb4f0b89f1492b2d3f0b9cb76865be7de78bf25b	cfc843ffaada7b85038b84b3610ba66a6963c1732d27c8c3ea72556a4b45c203
production	sub-158	02	nppi-ecn	/ZPOOL/data/projects/srndna-ultimatum/derivatives/fsl/sub-158/L1_task-ultimatum_model-02_type-nppi-ecn_run-02_sm-6.feat	ok		200	47	45	45	45	0	45	55.968131598232624	1.3365146774768472e-13	7|17			7:miss[EV]|17:miss[interaction]			0	1:comp[EV]|2:comp_p[EV]|3:in[EV]|4:in_p[EV]|5:out[EV]|6:out_p[EV]|7:miss[EV]|8:rt[EV]|9:rt_p[EV]|10:main[EV]|11:comp[interaction]|12:comp_p[interaction]|13:in[interaction]|14:in_p[interaction]|15:out[interaction]|16:out_p[interaction]|17:miss[interaction]|18:rt[interaction]|19:rt_p[interaction]|20:other[EV]|21:net0[EV]|22:net1[EV]|23:net2[EV]|24:net4[EV]|25:net5[EV]|26:net6[EV]|27:net8[EV]|28:net9[EV]|29:appended_nuisance|30:appended_nuisance|31:appended_nuisance|32:appended_nuisance|33:appended_nuisance|34:appended_nuisance|35:appended_nuisance|36:appended_nuisance|37:appended_nuisance|38:appended_nuisance|39:appended_nuisance|40:appended_nuisance|41:appended_nuisance|42:appended_nuisance|43:appended_nuisance|44:appended_nuisance|45:appended_nuisance|46:appended_nuisance|47:appended_nuisance	9de5615f0446c88cbba3a2cb46e69e0a69e842eaaa6271ef5a9a0440906444c4	89634c8630fec348f78b5bca6b94a3cb5549fac20a8f2c15c943d73c1ad3ed9e	42bd68510fc225de6976cdf665b00d7306c0450d724966aed72eabf46430557d
production	sub-159	01	act	/ZPOOL/data/projects/srndna-ultimatum/derivatives/fsl/sub-159/L1_task-ultimatum_model-02_type-act_run-01_sm-6.feat	ok		200	29	28	28	28	0	28	12.708774753297684	9.084578133166229e-14	7			7:miss[EV]			0	1:comp[EV]|2:comp_p[EV]|3:in[EV]|4:in_p[EV]|5:out[EV]|6:out_p[EV]|7:miss[EV]|8:rt[EV]|9:rt_p[EV]|10:appended_nuisance|11:appended_nuisance|12:appended_nuisance|13:appended_nuisance|14:appended_nuisance|15:appended_nuisance|16:appended_nuisance|17:appended_nuisance|18:appended_nuisance|19:appended_nuisance|20:appended_nuisance|21:appended_nuisance|22:appended_nuisance|23:appended_nuisance|24:appended_nuisance|25:appended_nuisance|26:appended_nuisance|27:appended_nuisance|28:appended_nuisance|29:appended_nuisance	0314e93d05b8e17fc3b2674239ac0514125aa6df4817e10259da823293ee4264	cff0556e15fa1696d7b8298218c65e85f29ac02efec703c1eaa3b96a602b40b3	59bb994b718ad844e83163f7d8d72b085c71cabba55aab001a55a6710aa055b8
production	sub-159	01	nppi-dmn	/ZPOOL/data/projects/srndna-ultimatum/derivatives/fsl/sub-159/L1_task-ultimatum_model-02_type-nppi-dmn_run-01_sm-6.feat	ok		200	48	46	46	46	0	46	39.95111340568343	1.1059296719472455e-13	7|17			7:miss[EV]|17:miss[interaction]			0	1:comp[EV]|2:comp_p[EV]|3:in[EV]|4:in_p[EV]|5:out[EV]|6:out_p[EV]|7:miss[EV]|8:rt[EV]|9:rt_p[EV]|10:main[EV]|11:comp[interaction]|12:comp_p[interaction]|13:in[interaction]|14:in_p[interaction]|15:out[interaction]|16:out_p[interaction]|17:miss[interaction]|18:rt[interaction]|19:rt_p[interaction]|20:other[EV]|21:net0[EV]|22:net1[EV]|23:net2[EV]|24:net4[EV]|25:net5[EV]|26:net6[EV]|27:net8[EV]|28:net9[EV]|29:appended_nuisance|30:appended_nuisance|31:appended_nuisance|32:appended_nuisance|33:appended_nuisance|34:appended_nuisance|35:appended_nuisance|36:appended_nuisance|37:appended_nuisance|38:appended_nuisance|39:appended_nuisance|40:appended_nuisance|41:appended_nuisance|42:appended_nuisance|43:appended_nuisance|44:appended_nuisance|45:appended_nuisance|46:appended_nuisance|47:appended_nuisance|48:appended_nuisance	e55c5d602d8dbadd036b94069faa0d24a7998173eddbeb1a3c92030b2e6899fd	bf0856c390b3e07ff5557c64721a30d740ddcd3b1872565a71680b4307aefa33	e9d583bdd81005ae3051a3fef60fdefcf9cb1ccd68901fea70a10bfb38225f1f
production	sub-159	01	nppi-ecn	/ZPOOL/data/projects/srndna-ultimatum/derivatives/fsl/sub-159/L1_task-ultimatum_model-02_type-nppi-ecn_run-01_sm-6.feat	ok		200	48	46	46	46	0	46	46.17175819813049	1.2516443133590302e-13	7|17			7:miss[EV]|17:miss[interaction]			0	1:comp[EV]|2:comp_p[EV]|3:in[EV]|4:in_p[EV]|5:out[EV]|6:out_p[EV]|7:miss[EV]|8:rt[EV]|9:rt_p[EV]|10:main[EV]|11:comp[interaction]|12:comp_p[interaction]|13:in[interaction]|14:in_p[interaction]|15:out[interaction]|16:out_p[interaction]|17:miss[interaction]|18:rt[interaction]|19:rt_p[interaction]|20:other[EV]|21:net0[EV]|22:net1[EV]|23:net2[EV]|24:net4[EV]|25:net5[EV]|26:net6[EV]|27:net8[EV]|28:net9[EV]|29:appended_nuisance|30:appended_nuisance|31:appended_nuisance|32:appended_nuisance|33:appended_nuisance|34:appended_nuisance|35:appended_nuisance|36:appended_nuisance|37:appended_nuisance|38:appended_nuisance|39:appended_nuisance|40:appended_nuisance|41:appended_nuisance|42:appended_nuisance|43:appended_nuisance|44:appended_nuisance|45:appended_nuisance|46:appended_nuisance|47:appended_nuisance|48:appended_nuisance	895b8b36596db6c8b4b4e00b6a22e48371ecc74d6540563041b76a2af42bba81	a5e8a045dd9f49b03ed1dfd977d7d678af3bd5a817268e8291a2acdb38a88529	ee5ab53c317c0fc05358fd39711bf9c9f75348be7c329c37e23a32d143ea8e1a
production	sub-159	02	act	/ZPOOL/data/projects/srndna-ultimatum/derivatives/fsl/sub-159/L1_task-ultimatum_model-02_type-act_run-02_sm-6.feat	ok		200	28	27	27	27	0	27	12.047427306937621	8.389171070490968e-14	7			7:miss[EV]			0	1:comp[EV]|2:comp_p[EV]|3:in[EV]|4:in_p[EV]|5:out[EV]|6:out_p[EV]|7:miss[EV]|8:rt[EV]|9:rt_p[EV]|10:appended_nuisance|11:appended_nuisance|12:appended_nuisance|13:appended_nuisance|14:appended_nuisance|15:appended_nuisance|16:appended_nuisance|17:appended_nuisance|18:appended_nuisance|19:appended_nuisance|20:appended_nuisance|21:appended_nuisance|22:appended_nuisance|23:appended_nuisance|24:appended_nuisance|25:appended_nuisance|26:appended_nuisance|27:appended_nuisance|28:appended_nuisance	e948f86658110a8604d0b74ff1627e3e17f8a902747aeecf85a630b926242382	152938e3a90d59c5b28ea6017b34154532e81e5fd6f1a4478c76cf3d3e28f8b2	41a5ae648f65a6d32e21b499088a4aae1fe63b7fb92adf67fd8dce1839945609
production	sub-159	02	nppi-dmn	/ZPOOL/data/projects/srndna-ultimatum/derivatives/fsl/sub-159/L1_task-ultimatum_model-02_type-nppi-dmn_run-02_sm-6.feat	ok		200	47	45	45	45	0	45	46.94526994025644	1.2054125423905578e-13	7|17			7:miss[EV]|17:miss[interaction]			0	1:comp[EV]|2:comp_p[EV]|3:in[EV]|4:in_p[EV]|5:out[EV]|6:out_p[EV]|7:miss[EV]|8:rt[EV]|9:rt_p[EV]|10:main[EV]|11:comp[interaction]|12:comp_p[interaction]|13:in[interaction]|14:in_p[interaction]|15:out[interaction]|16:out_p[interaction]|17:miss[interaction]|18:rt[interaction]|19:rt_p[interaction]|20:other[EV]|21:net0[EV]|22:net1[EV]|23:net2[EV]|24:net4[EV]|25:net5[EV]|26:net6[EV]|27:net8[EV]|28:net9[EV]|29:appended_nuisance|30:appended_nuisance|31:appended_nuisance|32:appended_nuisance|33:appended_nuisance|34:appended_nuisance|35:appended_nuisance|36:appended_nuisance|37:appended_nuisance|38:appended_nuisance|39:appended_nuisance|40:appended_nuisance|41:appended_nuisance|42:appended_nuisance|43:appended_nuisance|44:appended_nuisance|45:appended_nuisance|46:appended_nuisance|47:appended_nuisance	c30e286889a126ba861c4b7b85af07fdf19261b43f5ea267764886f1c9d526af	4fb543282c9b020f19238356f37e3bc6f9c81f19ad618358b4fb0e512e83c685	76ec9f34321a13f567eb7c749824bc2253e9afde303dcf3b1f87a0f613452b67
production	sub-159	02	nppi-ecn	/ZPOOL/data/projects/srndna-ultimatum/derivatives/fsl/sub-159/L1_task-ultimatum_model-02_type-nppi-ecn_run-02_sm-6.feat	ok		200	47	45	45	45	0	45	59.48580981213738	1.2697501165259343e-13	7|17			7:miss[EV]|17:miss[interaction]			0	1:comp[EV]|2:comp_p[EV]|3:in[EV]|4:in_p[EV]|5:out[EV]|6:out_p[EV]|7:miss[EV]|8:rt[EV]|9:rt_p[EV]|10:main[EV]|11:comp[interaction]|12:comp_p[interaction]|13:in[interaction]|14:in_p[interaction]|15:out[interaction]|16:out_p[interaction]|17:miss[interaction]|18:rt[interaction]|19:rt_p[interaction]|20:other[EV]|21:net0[EV]|22:net1[EV]|23:net2[EV]|24:net4[EV]|25:net5[EV]|26:net6[EV]|27:net8[EV]|28:net9[EV]|29:appended_nuisance|30:appended_nuisance|31:appended_nuisance|32:appended_nuisance|33:appended_nuisance|34:appended_nuisance|35:appended_nuisance|36:appended_nuisance|37:appended_nuisance|38:appended_nuisance|39:appended_nuisance|40:appended_nuisance|41:appended_nuisance|42:appended_nuisance|43:appended_nuisance|44:appended_nuisance|45:appended_nuisance|46:appended_nuisance|47:appended_nuisance	900cdd293ccc89321833208f7a37360fcd94afcd3386fa37a30e3049a8a1c402	4d37afc559b2b5778704954397bafb81905b01c82148152197d032020f6db8bf	604e0980def4b78cb2184fadddb73d5b7e0ded3874bb2b76fea285424fec4458
