job	model	stage	prior_scale	inference_eligible	contrast	subject	parameter	mean	sd	q025	median	q975
fit-fs_free-full-prior1	fs_free	full	1.0	False	similar_minus_dissimilar	sub-104	alpha	0.0008045295141763402	0.037725639269391514	-0.07210648066835001	0.00021281908250003756	0.07775114237159961
fit-fs_free-full-prior1	fs_free	full	1.0	False	similar_minus_dissimilar	sub-105	alpha	0.006766829599401833	0.046567981288228255	-0.06106384258385008	0.0005179737429999998	0.13037885235484914
fit-fs_free-full-prior1	fs_free	full	1.0	False	similar_minus_dissimilar	sub-106	alpha	0.0013563635912016653	0.028179291900778555	-0.05558438585222503	0.0004403395370000118	0.06229324920747501
fit-fs_free-full-prior1	fs_free	full	1.0	False	similar_minus_dissimilar	sub-107	alpha	-0.009105014601574334	0.05033269295909878	-0.16861566609712503	-0.00033193323899999294	0.05705292481954998
fit-fs_free-full-prior1	fs_free	full	1.0	False	similar_minus_dissimilar	sub-108	alpha	-0.010775712236464334	0.05811894934611187	-0.19278336515550007	-0.00018564650500002555	0.051528259653799785
fit-fs_free-full-prior1	fs_free	full	1.0	False	similar_minus_dissimilar	sub-109	alpha	0.0015741131381590498	0.03684292003802637	-0.05844850539824999	0.00020374201049999652	0.07096878270307495
fit-fs_free-full-prior1	fs_free	full	1.0	False	similar_minus_dissimilar	sub-110	alpha	0.0095987524480715	0.05072609278641305	-0.05433010529057503	0.0006099788755000168	0.1671801317386999
fit-fs_free-full-prior1	fs_free	full	1.0	False	similar_minus_dissimilar	sub-111	alpha	0.014208913131244335	0.06186903109713442	-0.050864508222249964	0.0008847306115000175	0.20594235923179988
fit-fs_free-full-prior1	fs_free	full	1.0	False	similar_minus_dissimilar	sub-112	alpha	0.0019253403177386659	0.0315757877336168	-0.055964879618800006	0.00043133271049994315	0.06746385412959999
fit-fs_free-full-prior1	fs_free	full	1.0	False	similar_minus_dissimilar	sub-113	alpha	0.0023524043560473333	0.032904491742806706	-0.05423964351044994	0.0004370631924999757	0.07694343012997497
fit-fs_free-full-prior1	fs_free	full	1.0	False	similar_minus_dissimilar	sub-115	alpha	0.00255326642825595	0.042851531700534524	-0.073923565696875	0.00043948014299999283	0.09106922858507469
fit-fs_free-full-prior1	fs_free	full	1.0	False	similar_minus_dissimilar	sub-116	alpha	0.00018752697383299987	0.028655420430733384	-0.058971003532049954	0.00026080368899999984	0.05819176673707501
fit-fs_free-full-prior1	fs_free	full	1.0	False	similar_minus_dissimilar	sub-117	alpha	0.0011706518792255008	0.02897141853841458	-0.05390850271450003	0.00033984560549998877	0.05958250233204989
fit-fs_free-full-prior1	fs_free	full	1.0	False	similar_minus_dissimilar	sub-118	alpha	0.0008355825436233001	0.04097115994055368	-0.07671344070942498	0.0002701762039999944	0.08704529098349968
fit-fs_free-full-prior1	fs_free	full	1.0	False	similar_minus_dissimilar	sub-121	alpha	-0.001094694876881501	0.043130755445266365	-0.10069949939724997	0.00024674262800000735	0.08155468861502502
fit-fs_free-full-prior1	fs_free	full	1.0	False	similar_minus_dissimilar	sub-122	alpha	0.0013027249277965055	0.03964901195174938	-0.0698711585949	0.0002699195975000568	0.07957436278967495
fit-fs_free-full-prior1	fs_free	full	1.0	False	similar_minus_dissimilar	sub-124	alpha	0.001470206684117833	0.03320271231292576	-0.06450102221902494	0.00028720032849999244	0.07470726702599977
fit-fs_free-full-prior1	fs_free	full	1.0	False	similar_minus_dissimilar	sub-125	alpha	0.00136131324519	0.03861813928453472	-0.07485913923072503	0.0002709515370000193	0.08626784736660004
fit-fs_free-full-prior1	fs_free	full	1.0	False	similar_minus_dissimilar	sub-126	alpha	0.0014026053860786997	0.039111792580427227	-0.069014832697075	0.0002802720019999816	0.08233686997944992
fit-fs_free-full-prior1	fs_free	full	1.0	False	similar_minus_dissimilar	sub-127	alpha	0.005648306008883833	0.03190768373751484	-0.040946792377225025	0.0005959043734999891	0.09292803863442467
fit-fs_free-full-prior1	fs_free	full	1.0	False	similar_minus_dissimilar	sub-128	alpha	6.848504768283334e-05	0.017837622142929044	-0.038511425674999974	0.00021027432399994828	0.037334769907499954
fit-fs_free-full-prior1	fs_free	full	1.0	False	similar_minus_dissimilar	sub-129	alpha	0.0002336936652846665	0.031181373064247158	-0.06274636157562494	0.0001224134195000337	0.06573137772055003
fit-fs_free-full-prior1	fs_free	full	1.0	False	similar_minus_dissimilar	sub-130	alpha	0.0014420303832786338	0.03973023302680365	-0.07055821483787499	0.00033950575950003614	0.08620545666054986
fit-fs_free-full-prior1	fs_free	full	1.0	False	similar_minus_dissimilar	sub-132	alpha	0.0013244135145260504	0.03955475452512702	-0.07251042749912497	0.0003731373689999651	0.08009600582254967
fit-fs_free-full-prior1	fs_free	full	1.0	False	similar_minus_dissimilar	sub-133	alpha	0.001723351704222442	0.04391906420131823	-0.06837519339932505	0.00020965036949999183	0.08614544050354989
fit-fs_free-full-prior1	fs_free	full	1.0	False	similar_minus_dissimilar	sub-134	alpha	0.0018303769440403332	0.03649076346735782	-0.05823136444357502	0.00033815695599997975	0.07895380564807503
fit-fs_free-full-prior1	fs_free	full	1.0	False	similar_minus_dissimilar	sub-135	alpha	0.003052379169525834	0.023770193532313782	-0.040174026714425035	0.0005016647350000181	0.059509316345225015
fit-fs_free-full-prior1	fs_free	full	1.0	False	similar_minus_dissimilar	sub-136	alpha	0.01238257294530875	0.06295423941011222	-0.057584360499350035	0.0008988130655000481	0.21105119773294959
fit-fs_free-full-prior1	fs_free	full	1.0	False	similar_minus_dissimilar	sub-137	alpha	-0.0017497848164516666	0.03042137290935411	-0.07193382033554992	4.0501858999952844e-05	0.051451969795474874
fit-fs_free-full-prior1	fs_free	full	1.0	False	similar_minus_dissimilar	sub-138	alpha	0.0012870610421284836	0.042369178306064945	-0.075822049718925	0.0001963429040000575	0.09028551203134963
fit-fs_free-full-prior1	fs_free	full	1.0	False	similar_minus_dissimilar	sub-140	alpha	0.002856270605811216	0.04370064132742607	-0.07356371105585001	9.235141899999189e-05	0.10069937531007493
fit-fs_free-full-prior1	fs_free	full	1.0	False	similar_minus_dissimilar	sub-141	alpha	0.0014585418972221339	0.03992094957781567	-0.06160954782237494	0.0003049776685000172	0.07844851750044972
fit-fs_free-full-prior1	fs_free	full	1.0	False	similar_minus_dissimilar	sub-142	alpha	0.002003532161095956	0.03885956345280682	-0.06993457207562505	0.00021274141799998425	0.07996320621319979
fit-fs_free-full-prior1	fs_free	full	1.0	False	similar_minus_dissimilar	sub-143	alpha	-0.0010605274001738677	0.03703315104582647	-0.07555184165017506	0.00017781076599998613	0.06706733469142495
fit-fs_free-full-prior1	fs_free	full	1.0	False	similar_minus_dissimilar	sub-144	alpha	-0.0005808127255061662	0.02606189438962831	-0.05992021888607496	0.00012411315200000494	0.053266682606099874
fit-fs_free-full-prior1	fs_free	full	1.0	False	similar_minus_dissimilar	sub-147	alpha	0.0023721705417584994	0.033583537282070135	-0.05708466151149994	0.00044208407750001566	0.07024840697399996
fit-fs_free-full-prior1	fs_free	full	1.0	False	similar_minus_dissimilar	sub-149	alpha	-0.00011300140410033347	0.0332211006515003	-0.06477828039872502	0.00021470127300005082	0.0630732265975248
fit-fs_free-full-prior1	fs_free	full	1.0	False	similar_minus_dissimilar	sub-150	alpha	-0.002347855800924166	0.040134042416251785	-0.08895691814862501	0.00016460808599999543	0.06035157962322472
fit-fs_free-full-prior1	fs_free	full	1.0	False	similar_minus_dissimilar	sub-151	alpha	0.0025081606419965	0.02950488208071261	-0.049782738047549985	0.0003961195140000373	0.06879445377187503
fit-fs_free-full-prior1	fs_free	full	1.0	False	similar_minus_dissimilar	sub-152	alpha	0.002142525248579309	0.04215250781010165	-0.06404710192617502	0.0003441776145000075	0.08634223841687495
fit-fs_free-full-prior1	fs_free	full	1.0	False	similar_minus_dissimilar	sub-153	alpha	-0.0002228111418515008	0.037213505507523094	-0.07225071149915001	0.0003964276939999456	0.06452985781535
fit-fs_free-full-prior1	fs_free	full	1.0	False	similar_minus_dissimilar	sub-154	alpha	0.00014225641631549957	0.02743368519654466	-0.057064854996099944	5.935217800007164e-05	0.05918985923677498
fit-fs_free-full-prior1	fs_free	full	1.0	False	similar_minus_dissimilar	sub-155	alpha	0.000698860140712499	0.016524477212480532	-0.03511406209697496	0.0002697923079999498	0.034994848811124996
fit-fs_free-full-prior1	fs_free	full	1.0	False	similar_minus_dissimilar	sub-156	alpha	0.002253295767513933	0.042328960784473665	-0.064959830716375	0.0004162537994999993	0.09158228939864993
fit-fs_free-full-prior1	fs_free	full	1.0	False	similar_minus_dissimilar	sub-157	alpha	0.0034063069783141662	0.0404206633450044	-0.06323461515934993	0.0004943699434999949	0.0975524547824993
fit-fs_free-full-prior1	fs_free	full	1.0	False	similar_minus_dissimilar	sub-158	alpha	-0.0005974642629711666	0.03044371259714642	-0.07254677880482507	0.00025107516999994806	0.061049037074250016
fit-fs_free-full-prior1	fs_free	full	1.0	False	similar_minus_dissimilar	sub-159	alpha	-0.0006826886607616679	0.03048312289710666	-0.07059007496472498	9.582320049994486e-05	0.061207896393274994
fit-fs_free-full-prior1	fs_free	full	1.0	False	similar_minus_dissimilar	sample_mean	alpha	0.0014760712140574972	0.023652906553554967	-0.046729877083082245	0.0004936918308297957	0.05790796317365903
fit-fs_free-full-prior1	fs_free	full	1.0	False	similar_minus_dissimilar	sub-104	gamma	-0.003989387951222666	0.037160683279927914	-0.08949056822555004	-0.000967501432499962	0.0732108295011249
fit-fs_free-full-prior1	fs_free	full	1.0	False	similar_minus_dissimilar	sub-105	gamma	-0.08668906487184283	0.13649919052145582	-0.38659096545262495	-0.060174430148499936	0.15275607756427456
fit-fs_free-full-prior1	fs_free	full	1.0	False	similar_minus_dissimilar	sub-106	gamma	-0.000878578706966166	0.0470098150534628	-0.09821896723269997	-0.0007809443900000379	0.10971537164299995
fit-fs_free-full-prior1	fs_free	full	1.0	False	similar_minus_dissimilar	sub-107	gamma	-0.009130487921901501	0.14926640957586804	-0.297219388523975	-0.010514514569500033	0.2926236590900249
fit-fs_free-full-prior1	fs_free	full	1.0	False	similar_minus_dissimilar	sub-108	gamma	-0.2176221546180185	0.1664023719327728	-0.5524653438689	-0.21206822145000004	0.07466692534404991
fit-fs_free-full-prior1	fs_free	full	1.0	False	similar_minus_dissimilar	sub-109	gamma	-0.011354249217502665	0.05603206763959307	-0.15958572256842496	-0.001655773107000047	0.08692359039994976
fit-fs_free-full-prior1	fs_free	full	1.0	False	similar_minus_dissimilar	sub-110	gamma	0.019079237349763335	0.1452681936454556	-0.26438720426842505	0.006297318439499933	0.33381923843652506
fit-fs_free-full-prior1	fs_free	full	1.0	False	similar_minus_dissimilar	sub-111	gamma	-0.055231050375032835	0.1477204528828538	-0.372366052559575	-0.037837905695500024	0.23767023439709956
fit-fs_free-full-prior1	fs_free	full	1.0	False	similar_minus_dissimilar	sub-112	gamma	-0.006087467099860502	0.0523399484429975	-0.12608034276729996	-0.0011991434969999548	0.098469088966325
fit-fs_free-full-prior1	fs_free	full	1.0	False	similar_minus_dissimilar	sub-113	gamma	-0.012106465165511334	0.05866432222191964	-0.157891840679675	-0.0018940562435000308	0.09841995387269999
fit-fs_free-full-prior1	fs_free	full	1.0	False	similar_minus_dissimilar	sub-115	gamma	-0.03279261990309228	0.04990007181925579	-0.13917165177785998	-0.029019906960949998	0.06034221508551243
fit-fs_free-full-prior1	fs_free	full	1.0	False	similar_minus_dissimilar	sub-116	gamma	-0.004812509713939	0.039661426171841464	-0.09590766254732505	-0.0010558580589999922	0.07537455262084992
fit-fs_free-full-prior1	fs_free	full	1.0	False	similar_minus_dissimilar	sub-117	gamma	-0.005335527811744334	0.04094654075379051	-0.10518596921292497	-0.0010204290639999614	0.07541812019439997
fit-fs_free-full-prior1	fs_free	full	1.0	False	similar_minus_dissimilar	sub-118	gamma	0.002682414309411183	0.08048016768667082	-0.155890551487975	0.0010775788985000062	0.1634540421199999
fit-fs_free-full-prior1	fs_free	full	1.0	False	similar_minus_dissimilar	sub-121	gamma	-0.023787550171170332	0.10991468991629164	-0.277974435468225	-0.00833054461499999	0.19806392027977493
fit-fs_free-full-prior1	fs_free	full	1.0	False	similar_minus_dissimilar	sub-122	gamma	0.028752246151506664	0.11107992570028834	-0.17528327923370005	0.0021316379700000443	0.30822443736554983
fit-fs_free-full-prior1	fs_free	full	1.0	False	similar_minus_dissimilar	sub-124	gamma	-0.005059093830414667	0.041289117248319296	-0.10399327006814996	-0.0010117253965000184	0.07418255493887499
fit-fs_free-full-prior1	fs_free	full	1.0	False	similar_minus_dissimilar	sub-125	gamma	-0.028658800518575663	0.1361505622576207	-0.303915939602625	-0.029852461291	0.24586921133294987
fit-fs_free-full-prior1	fs_free	full	1.0	False	similar_minus_dissimilar	sub-126	gamma	-0.0055962481999655	0.03876822791142783	-0.10079013477502499	-0.0010366870624999858	0.06754010878897464
fit-fs_free-full-prior1	fs_free	full	1.0	False	similar_minus_dissimilar	sub-127	gamma	-0.0039317607352585	0.0416095703530953	-0.10175492613694993	-0.0007529748819999904	0.08523276617492496
fit-fs_free-full-prior1	fs_free	full	1.0	False	similar_minus_dissimilar	sub-128	gamma	-0.003831709888370999	0.0439189856998237	-0.104729012278025	-0.0009333596209999961	0.09176737056872485
fit-fs_free-full-prior1	fs_free	full	1.0	False	similar_minus_dissimilar	sub-129	gamma	-0.0005826118378729987	0.06468726973325474	-0.13712709078034999	-0.0010332373979999865	0.15805429677077426
fit-fs_free-full-prior1	fs_free	full	1.0	False	similar_minus_dissimilar	sub-130	gamma	-0.005585428774943167	0.04700146235065866	-0.11771509185789997	-0.0011526505165000422	0.08985791881702498
fit-fs_free-full-prior1	fs_free	full	1.0	False	similar_minus_dissimilar	sub-132	gamma	-0.0053057757386481665	0.03634223040651267	-0.09354609505487495	-0.0011161519519999885	0.06575142855087492
fit-fs_free-full-prior1	fs_free	full	1.0	False	similar_minus_dissimilar	sub-133	gamma	-0.0050809543517153334	0.03974681604012244	-0.09990801030899996	-0.0010605482550000156	0.07418814692677503
fit-fs_free-full-prior1	fs_free	full	1.0	False	similar_minus_dissimilar	sub-134	gamma	-0.0051232619349735	0.0616113280760611	-0.15084626379352498	-0.0012550226534999709	0.13122209439760002
fit-fs_free-full-prior1	fs_free	full	1.0	False	similar_minus_dissimilar	sub-135	gamma	0.34604128892920033	0.18364990078032228	-0.006406146460750048	0.353673013796	0.6820447268031749
fit-fs_free-full-prior1	fs_free	full	1.0	False	similar_minus_dissimilar	sub-136	gamma	0.0023086628068518323	0.10870162926335852	-0.22646437442209996	-0.0008392398870000206	0.2589712470121749
fit-fs_free-full-prior1	fs_free	full	1.0	False	similar_minus_dissimilar	sub-137	gamma	-0.012079074689833168	0.05286330739926327	-0.15773752477927502	-0.0019197157999999437	0.07579755760109987
fit-fs_free-full-prior1	fs_free	full	1.0	False	similar_minus_dissimilar	sub-138	gamma	-0.1094221554061182	0.13484952987435037	-0.3903381777507	-0.10442439352300001	0.14435929225499997
fit-fs_free-full-prior1	fs_free	full	1.0	False	similar_minus_dissimilar	sub-140	gamma	0.12972967170770983	0.1474562937861232	-0.12994133114689996	0.12015255327650001	0.44261821969972504
fit-fs_free-full-prior1	fs_free	full	1.0	False	similar_minus_dissimilar	sub-141	gamma	-0.005492539929499334	0.04602014582100758	-0.11387403728602498	-0.001123504067999992	0.0883009491702249
fit-fs_free-full-prior1	fs_free	full	1.0	False	similar_minus_dissimilar	sub-142	gamma	-0.006857926545576	0.04196085875242938	-0.11354551089824994	-0.0012838104285000096	0.07111888954087507
fit-fs_free-full-prior1	fs_free	full	1.0	False	similar_minus_dissimilar	sub-143	gamma	-0.006867504527544001	0.05711392297639573	-0.13899146944935004	-0.0015251388579999858	0.11167536181544992
fit-fs_free-full-prior1	fs_free	full	1.0	False	similar_minus_dissimilar	sub-144	gamma	-0.005087088553804833	0.04036010420854356	-0.10150297057330002	-0.0009341624104999835	0.07485293614844982
fit-fs_free-full-prior1	fs_free	full	1.0	False	similar_minus_dissimilar	sub-147	gamma	-0.10958346057309235	0.15004656303117916	-0.421891419898825	-0.09621428655599995	0.16293059103204996
fit-fs_free-full-prior1	fs_free	full	1.0	False	similar_minus_dissimilar	sub-149	gamma	-0.005273422521263835	0.044691532499433306	-0.10688014071782495	-0.0009625252600000134	0.08632131536639998
fit-fs_free-full-prior1	fs_free	full	1.0	False	similar_minus_dissimilar	sub-150	gamma	-0.04506655237877817	0.10705482549311364	-0.32924640096104996	-0.012393918017000016	0.1283651321607993
fit-fs_free-full-prior1	fs_free	full	1.0	False	similar_minus_dissimilar	sub-151	gamma	-0.005446227841406499	0.044352661212958	-0.11527123011907496	-0.0009759453525000072	0.08493468326814961
fit-fs_free-full-prior1	fs_free	full	1.0	False	similar_minus_dissimilar	sub-152	gamma	-0.007599173539947666	0.048493115499094935	-0.12470965557617501	-0.0013682408219999886	0.08829038002122495
fit-fs_free-full-prior1	fs_free	full	1.0	False	similar_minus_dissimilar	sub-153	gamma	-0.001223611471442833	0.05238948702842703	-0.11323590109612507	-0.0005858148244999861	0.11947897493349992
fit-fs_free-full-prior1	fs_free	full	1.0	False	similar_minus_dissimilar	sub-154	gamma	-0.24841646893171634	0.17907788310955494	-0.5981619911203001	-0.24419046173700001	0.057467411899575015
fit-fs_free-full-prior1	fs_free	full	1.0	False	similar_minus_dissimilar	sub-155	gamma	-0.005855431901122167	0.03954059602937353	-0.10402785247775005	-0.0010208159375000303	0.06852545625887498
fit-fs_free-full-prior1	fs_free	full	1.0	False	similar_minus_dissimilar	sub-156	gamma	-0.004003667027358168	0.03701508899082815	-0.090414489817575	-0.0009529024109999895	0.06789234391265
fit-fs_free-full-prior1	fs_free	full	1.0	False	similar_minus_dissimilar	sub-157	gamma	-0.022635229350662332	0.10545977760520911	-0.27352812577294994	-0.005561790446499959	0.19483807986920001
fit-fs_free-full-prior1	fs_free	full	1.0	False	similar_minus_dissimilar	sub-158	gamma	-0.009752066558825667	0.08158677826429897	-0.1962278888131499	-0.0021829150700000133	0.16618713343984995
fit-fs_free-full-prior1	fs_free	full	1.0	False	similar_minus_dissimilar	sub-159	gamma	-0.26183431990726447	0.16680584160117318	-0.577870128940825	-0.262760213023	0.050081957605250006
fit-fs_free-full-prior1	fs_free	full	1.0	False	similar_minus_dissimilar	sample_mean	gamma	-0.018776067228496944	0.022817113684826664	-0.0647590749016629	-0.01859834134992978	0.025498699315194554
fit-fs_free-full-prior1	fs_free	full	1.0	False	similar_minus_dissimilar	sub-104	f0	-0.009385008285928207	0.212929256222481	-0.4809906955416749	-0.0028072763409999757	0.4478434326202497
fit-fs_free-full-prior1	fs_free	full	1.0	False	similar_minus_dissimilar	sub-105	f0	0.8752879766200067	0.8875841524967872	-0.78842348011275	0.8474225240449993	2.6648461048144987
fit-fs_free-full-prior1	fs_free	full	1.0	False	similar_minus_dissimilar	sub-106	f0	-0.06244046307378334	0.8456863428288113	-1.7502089985075004	-0.0650778254000004	1.5992021333574993
fit-fs_free-full-prior1	fs_free	full	1.0	False	similar_minus_dissimilar	sub-107	f0	-1.3846891199909865	1.1291200320586503	-3.7482748903347503	-1.3265825554	0.6082905020649993
fit-fs_free-full-prior1	fs_free	full	1.0	False	similar_minus_dissimilar	sub-108	f0	-1.8332696262670383	1.1882160100820085	-4.132482792406	-1.8427322402599997	0.4163079367589999
fit-fs_free-full-prior1	fs_free	full	1.0	False	similar_minus_dissimilar	sub-109	f0	0.15131176293800813	0.5267245247492046	-0.8548059813392501	0.12684276836499997	1.240524457681749
fit-fs_free-full-prior1	fs_free	full	1.0	False	similar_minus_dissimilar	sub-110	f0	0.9941238647527583	0.9929725832930963	-0.9158569351032506	0.9829355019850001	2.9531195327442488
fit-fs_free-full-prior1	fs_free	full	1.0	False	similar_minus_dissimilar	sub-111	f0	1.9795419737974216	1.2158477165827057	-0.3799090262665006	2.007482706495	4.233869221021999
fit-fs_free-full-prior1	fs_free	full	1.0	False	similar_minus_dissimilar	sub-112	f0	0.026802880201826668	0.7528205790942367	-1.3829097054494999	0.010863572854999504	1.5455757658297498
fit-fs_free-full-prior1	fs_free	full	1.0	False	similar_minus_dissimilar	sub-113	f0	0.4060887552138133	0.8861121406566571	-1.3091517362392495	0.3912106805000004	2.1179550122952504
fit-fs_free-full-prior1	fs_free	full	1.0	False	similar_minus_dissimilar	sub-115	f0	0.0658437873903376	0.7955504291255824	-1.5347035956669997	0.006159386753249955	2.0350154526122477
fit-fs_free-full-prior1	fs_free	full	1.0	False	similar_minus_dissimilar	sub-116	f0	-0.2419551941757583	0.810360388620232	-1.8425706669250002	-0.2378319591000002	1.3605866414449987
fit-fs_free-full-prior1	fs_free	full	1.0	False	similar_minus_dissimilar	sub-117	f0	0.045611509215463336	0.5901400362764463	-1.1022779097307498	0.03400616560000014	1.2622627034237475
fit-fs_free-full-prior1	fs_free	full	1.0	False	similar_minus_dissimilar	sub-118	f0	-0.1556948731705057	0.6232324776466506	-1.9043368826307505	-0.016997824863999894	0.7435672409099999
fit-fs_free-full-prior1	fs_free	full	1.0	False	similar_minus_dissimilar	sub-121	f0	-0.39220134993552164	0.8401624156919167	-2.06893010924825	-0.3904267157350003	1.2800956415844988
fit-fs_free-full-prior1	fs_free	full	1.0	False	similar_minus_dissimilar	sub-122	f0	-0.03394394991794123	0.2671369137604367	-0.6910058314955	-0.006114607489899997	0.45304665394387456
fit-fs_free-full-prior1	fs_free	full	1.0	False	similar_minus_dissimilar	sub-124	f0	0.09186678184128569	0.5144316588484835	-0.896315476785	0.0826825954349999	1.1597278829104996
fit-fs_free-full-prior1	fs_free	full	1.0	False	similar_minus_dissimilar	sub-125	f0	-0.11485962649891503	1.0467153332704837	-2.249367653524501	-0.10418139732999965	1.9579501600417495
fit-fs_free-full-prior1	fs_free	full	1.0	False	similar_minus_dissimilar	sub-126	f0	0.0026994886567430036	0.19210006834320714	-0.39995544566747515	-0.001487471426250003	0.433835749839675
fit-fs_free-full-prior1	fs_free	full	1.0	False	similar_minus_dissimilar	sub-127	f0	0.8202951112536666	0.76062877795326	-0.5789015869175014	0.8138800480499997	2.325560620929999
fit-fs_free-full-prior1	fs_free	full	1.0	False	similar_minus_dissimilar	sub-128	f0	-0.005916431657600022	0.15753099777229518	-0.3371181323125006	-0.0037227114000000228	0.327712655875
fit-fs_free-full-prior1	fs_free	full	1.0	False	similar_minus_dissimilar	sub-129	f0	-0.5338774567668717	0.8718927212709693	-2.3040193178485007	-0.51470214248	1.1363354166067487
fit-fs_free-full-prior1	fs_free	full	1.0	False	similar_minus_dissimilar	sub-130	f0	-0.0057884245149014	0.17529237871037098	-0.396054945026975	-0.002038996093549999	0.36934450365739974
fit-fs_free-full-prior1	fs_free	full	1.0	False	similar_minus_dissimilar	sub-132	f0	-0.00809012526593063	0.18954085364594866	-0.4297839096517501	-0.0034337550359999913	0.38573594505384967
fit-fs_free-full-prior1	fs_free	full	1.0	False	similar_minus_dissimilar	sub-133	f0	-0.021318884287193442	0.20723737002223183	-0.5042147736893999	-0.004019258824000005	0.39280674385379993
fit-fs_free-full-prior1	fs_free	full	1.0	False	similar_minus_dissimilar	sub-134	f0	0.017065707367918122	0.4795142635516435	-0.9472855453277499	0.01867296672850008	0.9926617339752476
fit-fs_free-full-prior1	fs_free	full	1.0	False	similar_minus_dissimilar	sub-135	f0	0.033849640570233354	0.2833594666984891	-0.5124662278550012	0.008953918349998702	0.7080481647699997
fit-fs_free-full-prior1	fs_free	full	1.0	False	similar_minus_dissimilar	sub-136	f0	1.1659161079313598	0.8709978714224496	-0.5169150763272494	1.1616728633050002	2.93526732714925
fit-fs_free-full-prior1	fs_free	full	1.0	False	similar_minus_dissimilar	sub-137	f0	-0.7938531721551384	0.8310203149945367	-2.4671021991150006	-0.7630107258000001	0.776393796274998
fit-fs_free-full-prior1	fs_free	full	1.0	False	similar_minus_dissimilar	sub-138	f0	-0.08000415137965426	0.8797066927515005	-1.9181840231939997	-0.0659767353499996	1.6564839279517487
fit-fs_free-full-prior1	fs_free	full	1.0	False	similar_minus_dissimilar	sub-140	f0	0.13555461540042532	0.8102924132078398	-1.484049946864	0.11508742411499995	1.7712976949852501
fit-fs_free-full-prior1	fs_free	full	1.0	False	similar_minus_dissimilar	sub-141	f0	0.0013496855531660548	0.17266624014167206	-0.374871959734075	-0.0008888621915549995	0.38123830873545
fit-fs_free-full-prior1	fs_free	full	1.0	False	similar_minus_dissimilar	sub-142	f0	0.009432147364844448	0.2187037680696211	-0.4388548162722501	-0.0003944097264999974	0.5285400969654
fit-fs_free-full-prior1	fs_free	full	1.0	False	similar_minus_dissimilar	sub-143	f0	-0.6003361768277267	0.6654470692148727	-2.0107020940302496	-0.5560377848349999	0.6155512525802497
fit-fs_free-full-prior1	fs_free	full	1.0	False	similar_minus_dissimilar	sub-144	f0	-0.3047616908064167	0.6956471084048421	-1.714849777527501	-0.27970912425000005	1.0034599276349991
fit-fs_free-full-prior1	fs_free	full	1.0	False	similar_minus_dissimilar	sub-147	f0	0.30411428766192833	0.7593600581774708	-1.1245012892535002	0.2786956747899998	1.89689672360375
fit-fs_free-full-prior1	fs_free	full	1.0	False	similar_minus_dissimilar	sub-149	f0	-0.43814628267071287	0.5956829431208874	-1.6780144871460003	-0.3941424410900001	0.6542563498767495
fit-fs_free-full-prior1	fs_free	full	1.0	False	similar_minus_dissimilar	sub-150	f0	-1.087881297320745	0.7886719294227391	-2.713841533746	-1.0498681908350003	0.30740760215025037
fit-fs_free-full-prior1	fs_free	full	1.0	False	similar_minus_dissimilar	sub-151	f0	0.5084757057480966	0.8818258093506357	-1.1507079003475011	0.49551842064999896	2.250111879857748
fit-fs_free-full-prior1	fs_free	full	1.0	False	similar_minus_dissimilar	sub-152	f0	-0.014968128877851533	0.2012558703353722	-0.463207941201825	-0.003162061647550023	0.4087402972859999
fit-fs_free-full-prior1	fs_free	full	1.0	False	similar_minus_dissimilar	sub-153	f0	-0.42355438990849165	0.7585491566472703	-1.963689206548249	-0.4072568472149998	1.0005668739414983
fit-fs_free-full-prior1	fs_free	full	1.0	False	similar_minus_dissimilar	sub-154	f0	-0.020066998280249975	0.6648178814779964	-1.334367383404999	-0.01607389454999897	1.3277017507674977
fit-fs_free-full-prior1	fs_free	full	1.0	False	similar_minus_dissimilar	sub-155	f0	0.0006655329430000029	0.14570607745052433	-0.3097949316049995	-0.0016272712000002798	0.32282820964499703
fit-fs_free-full-prior1	fs_free	full	1.0	False	similar_minus_dissimilar	sub-156	f0	-0.010573162185295689	0.1710579748935722	-0.39086658674175	-0.004219161520499989	0.35527478172094984
fit-fs_free-full-prior1	fs_free	full	1.0	False	similar_minus_dissimilar	sub-157	f0	0.36561401398263493	0.8255600634372241	-1.2059245184857499	0.3504535663499997	2.03254850937175
fit-fs_free-full-prior1	fs_free	full	1.0	False	similar_minus_dissimilar	sub-158	f0	-0.4280503976316667	0.7670453533076693	-1.9900234735899989	-0.4084571452499999	1.046198794184999
fit-fs_free-full-prior1	fs_free	full	1.0	False	similar_minus_dissimilar	sub-159	f0	-0.2448817632394833	0.7933405513846115	-1.860993058310001	-0.22472164755000001	1.3347202027474985
fit-fs_free-full-prior1	fs_free	full	1.0	False	similar_minus_dissimilar	sample_mean	f0	-0.026574400184837657	0.183989838883483	-0.41443526709340034	-0.02444708183584264	0.32262159634317367
fit-fs_free-full-prior1	fs_free	full	1.0	False	human_minus_computer	sub-104	alpha	0.0043895664699448115	0.035290122023148164	-0.05440107942698756	0.000951416245000003	0.07927135399549987
fit-fs_free-full-prior1	fs_free	full	1.0	False	human_minus_computer	sub-105	alpha	0.0036836996390227496	0.036846852040195076	-0.06841915424937503	0.0008834884292499012	0.08315119543161256
fit-fs_free-full-prior1	fs_free	full	1.0	False	human_minus_computer	sub-106	alpha	0.002123441181280833	0.025248272582354892	-0.050075386660225034	0.0005069583942500233	0.0590505376995999
fit-fs_free-full-prior1	fs_free	full	1.0	False	human_minus_computer	sub-107	alpha	-0.005548546515665665	0.044075220699527844	-0.13933669255478753	3.2457425750032076e-05	0.05817359054641244
fit-fs_free-full-prior1	fs_free	full	1.0	False	human_minus_computer	sub-108	alpha	-0.001604203184303167	0.03694039556477004	-0.09112716668647498	0.00028822382324994456	0.05789540489492496
fit-fs_free-full-prior1	fs_free	full	1.0	False	human_minus_computer	sub-109	alpha	0.004123626743341691	0.03039376132066129	-0.04769928287788747	0.0008431731027500056	0.07371956679318718
fit-fs_free-full-prior1	fs_free	full	1.0	False	human_minus_computer	sub-110	alpha	0.008278205686493248	0.03903873377891992	-0.049984132780662556	0.0014754396559999439	0.10870093978008741
fit-fs_free-full-prior1	fs_free	full	1.0	False	human_minus_computer	sub-111	alpha	0.003855909250693166	0.034901410498788636	-0.06349153894205004	0.0009032795094999768	0.08372083963109993
fit-fs_free-full-prior1	fs_free	full	1.0	False	human_minus_computer	sub-112	alpha	0.009670935804193665	0.04147969426327003	-0.037465160365762515	0.001248326063000016	0.11418416044457484
fit-fs_free-full-prior1	fs_free	full	1.0	False	human_minus_computer	sub-113	alpha	0.0012918078435073335	0.02877820658947454	-0.05314011393659996	0.00039668100275003226	0.05980069189824997
fit-fs_free-full-prior1	fs_free	full	1.0	False	human_minus_computer	sub-115	alpha	0.0038703291178824417	0.037280815013683015	-0.059833151285499965	0.000998267747500059	0.07892715668463736
fit-fs_free-full-prior1	fs_free	full	1.0	False	human_minus_computer	sub-116	alpha	0.002947233206255	0.024962842851502038	-0.04326158224623746	0.0007337538872499438	0.0602341358754372
fit-fs_free-full-prior1	fs_free	full	1.0	False	human_minus_computer	sub-117	alpha	0.003642733739281751	0.02892885896401193	-0.044832062730175	0.0007449797082499932	0.0653911095005749
fit-fs_free-full-prior1	fs_free	full	1.0	False	human_minus_computer	sub-118	alpha	0.004076553812872434	0.036582331834228786	-0.05655439485813757	0.000921212648500036	0.08046885416738735
fit-fs_free-full-prior1	fs_free	full	1.0	False	human_minus_computer	sub-121	alpha	-0.002098203553868251	0.03892503059603504	-0.10630350423908748	0.000247519235250071	0.062450709037424945
fit-fs_free-full-prior1	fs_free	full	1.0	False	human_minus_computer	sub-122	alpha	0.004723530435986993	0.03537263790113	-0.0556723649318	0.0010370458252500492	0.07976769928931247
fit-fs_free-full-prior1	fs_free	full	1.0	False	human_minus_computer	sub-124	alpha	0.004289273350538083	0.03160539602265589	-0.04679460953473742	0.0007165403727499853	0.07134927710952489
fit-fs_free-full-prior1	fs_free	full	1.0	False	human_minus_computer	sub-125	alpha	0.005469836182769167	0.033743599263444016	-0.052485429390124974	0.0009730512194999208	0.08946077210128722
fit-fs_free-full-prior1	fs_free	full	1.0	False	human_minus_computer	sub-126	alpha	0.003816092693446966	0.034441127950409205	-0.05488961993412487	0.0007118690530000249	0.07168525324069988
fit-fs_free-full-prior1	fs_free	full	1.0	False	human_minus_computer	sub-127	alpha	0.004041526810994084	0.024239892852053906	-0.0407384342796375	0.0007695758434999589	0.06427493626909993
fit-fs_free-full-prior1	fs_free	full	1.0	False	human_minus_computer	sub-128	alpha	0.002769242259512082	0.017521030043910247	-0.02937152296546253	0.0006466146352500091	0.046765776247225006
fit-fs_free-full-prior1	fs_free	full	1.0	False	human_minus_computer	sub-129	alpha	0.004075047199382	0.02993802398809471	-0.04997718956463744	0.0007213384914999676	0.0755067255881875
fit-fs_free-full-prior1	fs_free	full	1.0	False	human_minus_computer	sub-130	alpha	0.003920100348085219	0.0365895962288593	-0.05841817942396248	0.0008464800567500319	0.07818959542683745
fit-fs_free-full-prior1	fs_free	full	1.0	False	human_minus_computer	sub-132	alpha	0.004333971844384941	0.0360139106942622	-0.05645106335973745	0.0008325127689999823	0.08212718951719981
fit-fs_free-full-prior1	fs_free	full	1.0	False	human_minus_computer	sub-133	alpha	0.0033870813960052205	0.035242824611412704	-0.05895874061823747	0.0006775278090000447	0.07431931695718749
fit-fs_free-full-prior1	fs_free	full	1.0	False	human_minus_computer	sub-134	alpha	0.0034103995741413657	0.03318507690657168	-0.054395867580187524	0.0007946420370000262	0.0699316374972623
fit-fs_free-full-prior1	fs_free	full	1.0	False	human_minus_computer	sub-135	alpha	0.0038811744800212496	0.0221355249391103	-0.03463825341132498	0.0007244737942499468	0.05819655914617491
fit-fs_free-full-prior1	fs_free	full	1.0	False	human_minus_computer	sub-136	alpha	0.004715359266735958	0.03876498765252049	-0.06739724239817498	0.0009958715814999408	0.0956245096426249
fit-fs_free-full-prior1	fs_free	full	1.0	False	human_minus_computer	sub-137	alpha	0.0028047523603949996	0.025860273703033926	-0.04795577036215011	0.0008122201797499673	0.060394558467350035
fit-fs_free-full-prior1	fs_free	full	1.0	False	human_minus_computer	sub-138	alpha	0.002365414933877608	0.036428321847843774	-0.06827115360968751	0.0005212044552500017	0.07126470650864969
fit-fs_free-full-prior1	fs_free	full	1.0	False	human_minus_computer	sub-140	alpha	0.0037399514489770756	0.0367067177593583	-0.06098187577413754	0.0005943410647500369	0.08343530496777476
fit-fs_free-full-prior1	fs_free	full	1.0	False	human_minus_computer	sub-141	alpha	0.003760095277994382	0.033503000685133795	-0.057077591368224954	0.0008464453689999707	0.07376674044129984
fit-fs_free-full-prior1	fs_free	full	1.0	False	human_minus_computer	sub-142	alpha	0.004622014739489028	0.03563580358427522	-0.05451486474425004	0.0009959793775000114	0.07881826098754995
fit-fs_free-full-prior1	fs_free	full	1.0	False	human_minus_computer	sub-143	alpha	0.0030943718190971675	0.032800148951562115	-0.058088911728425126	0.0005777953664999336	0.07362439924891254
fit-fs_free-full-prior1	fs_free	full	1.0	False	human_minus_computer	sub-144	alpha	0.0015077044363579165	0.023059212418923843	-0.04822704909207501	0.0003411244057500151	0.051535583300037546
fit-fs_free-full-prior1	fs_free	full	1.0	False	human_minus_computer	sub-147	alpha	0.005238066802139417	0.03302217968264139	-0.0443448596953	0.0008109472997500644	0.07686757756523746
fit-fs_free-full-prior1	fs_free	full	1.0	False	human_minus_computer	sub-149	alpha	0.004039748591717168	0.031289819209326164	-0.0491730872170375	0.0006391288370000137	0.07180046493378754
fit-fs_free-full-prior1	fs_free	full	1.0	False	human_minus_computer	sub-150	alpha	0.004487052283724083	0.030956314163401593	-0.049494800173749944	0.0007588951129999799	0.07652398221782508
fit-fs_free-full-prior1	fs_free	full	1.0	False	human_minus_computer	sub-151	alpha	0.005710343528464083	0.028294692630910268	-0.04022373893352494	0.0012158031577500505	0.07656875054592498
fit-fs_free-full-prior1	fs_free	full	1.0	False	human_minus_computer	sub-152	alpha	0.003982239596953286	0.035388465361107416	-0.05608498944166251	0.0007380690707499693	0.07704011226256255
fit-fs_free-full-prior1	fs_free	full	1.0	False	human_minus_computer	sub-153	alpha	-0.00022351141057741638	0.030907152479250508	-0.06924454273875003	0.00025056983624999196	0.05765958940668735
fit-fs_free-full-prior1	fs_free	full	1.0	False	human_minus_computer	sub-154	alpha	0.008866409482981749	0.030887486115124933	-0.0342086822525875	0.0017385277654999864	0.0933084555996875
fit-fs_free-full-prior1	fs_free	full	1.0	False	human_minus_computer	sub-155	alpha	0.004535679691636085	0.018034227240078457	-0.025016140968575056	0.0009864277832500323	0.05057260466838749
fit-fs_free-full-prior1	fs_free	full	1.0	False	human_minus_computer	sub-156	alpha	0.0038457194565419493	0.03503792517722832	-0.05392325301381253	0.000802425889250058	0.07513183633974985
fit-fs_free-full-prior1	fs_free	full	1.0	False	human_minus_computer	sub-157	alpha	0.008871041216764249	0.04004497951982388	-0.04996541105281257	0.0014270647220000487	0.11474712858656211
fit-fs_free-full-prior1	fs_free	full	1.0	False	human_minus_computer	sub-158	alpha	0.0061325311457509175	0.02968015166107812	-0.043838503745624965	0.001051220857250068	0.08085143349179989
fit-fs_free-full-prior1	fs_free	full	1.0	False	human_minus_computer	sub-159	alpha	0.0043369101553041665	0.027322639126774347	-0.04711043280137509	0.0008508432899999585	0.06932846153567505
fit-fs_free-full-prior1	fs_free	full	1.0	False	human_minus_computer	sample_mean	alpha	0.003771324694479219	0.02099115383102546	-0.03823118001161436	0.0018676098617127724	0.05092428908205079
fit-fs_free-full-prior1	fs_free	full	1.0	False	human_minus_computer	sub-104	gamma	-0.0015598587583193334	0.01644245256455152	-0.03747840936592505	-0.00044647382774998245	0.03161888982633753
fit-fs_free-full-prior1	fs_free	full	1.0	False	human_minus_computer	sub-105	gamma	1.2056555391583605e-05	0.0640226620393418	-0.1223726422398126	-0.0018278927962500635	0.14700981841327498
fit-fs_free-full-prior1	fs_free	full	1.0	False	human_minus_computer	sub-106	gamma	-0.00203614286152225	0.02129380831121813	-0.04683134000187494	-0.0005374249000000275	0.039842907528324825
fit-fs_free-full-prior1	fs_free	full	1.0	False	human_minus_computer	sub-107	gamma	0.024495810652696084	0.08301774158721949	-0.12315784147630002	0.015906787027750002	0.2187623188969623
fit-fs_free-full-prior1	fs_free	full	1.0	False	human_minus_computer	sub-108	gamma	-0.014433545948181584	0.07478617322464823	-0.16550277678102499	-0.013055319213500005	0.1419357092221248
fit-fs_free-full-prior1	fs_free	full	1.0	False	human_minus_computer	sub-109	gamma	-0.0009301875779361681	0.0249952210988184	-0.048446881369100026	-0.0005296598175000278	0.053275179388187245
fit-fs_free-full-prior1	fs_free	full	1.0	False	human_minus_computer	sub-110	gamma	0.015649097873813498	0.07559962187660323	-0.11756485334217506	0.004672395280500008	0.19662021264818735
fit-fs_free-full-prior1	fs_free	full	1.0	False	human_minus_computer	sub-111	gamma	-0.02436380161151608	0.06936396974505497	-0.19791044866145002	-0.012878286495000058	0.1003719987355873
fit-fs_free-full-prior1	fs_free	full	1.0	False	human_minus_computer	sub-112	gamma	-0.0008588763839044171	0.024214044558965017	-0.048935105996125015	-0.0004792721167499736	0.05129947189372498
fit-fs_free-full-prior1	fs_free	full	1.0	False	human_minus_computer	sub-113	gamma	-0.001072922778020501	0.026814616423730363	-0.057422238096512514	-0.0005520346744999904	0.06466069133268751
fit-fs_free-full-prior1	fs_free	full	1.0	False	human_minus_computer	sub-115	gamma	-0.0017130811682902886	0.029785028394108154	-0.07182524660914624	0.0009391000219000009	0.052045277815405
fit-fs_free-full-prior1	fs_free	full	1.0	False	human_minus_computer	sub-116	gamma	-0.002423787651921833	0.018786357890633532	-0.04262718876446257	-0.0006430046572500348	0.031473526356950034
fit-fs_free-full-prior1	fs_free	full	1.0	False	human_minus_computer	sub-117	gamma	-0.0014362741685661666	0.018153966101155907	-0.04107183646852493	-0.000513856741750085	0.03634266582858752
fit-fs_free-full-prior1	fs_free	full	1.0	False	human_minus_computer	sub-118	gamma	-0.01121728993262179	0.053981043388360336	-0.1380744434850125	-0.006532571160500003	0.08407451889173745
fit-fs_free-full-prior1	fs_free	full	1.0	False	human_minus_computer	sub-121	gamma	0.011006630252184001	0.059447144008880945	-0.08656056398681256	1.590154249997422e-06	0.1717658565774
fit-fs_free-full-prior1	fs_free	full	1.0	False	human_minus_computer	sub-122	gamma	-0.0020424770287135	0.04821851846899504	-0.10224225112931246	-0.0012267447297499845	0.11511241577386232
fit-fs_free-full-prior1	fs_free	full	1.0	False	human_minus_computer	sub-124	gamma	-0.0019057726449610002	0.01834532651684931	-0.04147466838540005	-0.0005144924112500115	0.032920719108362494
fit-fs_free-full-prior1	fs_free	full	1.0	False	human_minus_computer	sub-125	gamma	0.0011247087291403341	0.0756440568399643	-0.15162249446666248	0.0008472778357500044	0.15324666482488722
fit-fs_free-full-prior1	fs_free	full	1.0	False	human_minus_computer	sub-126	gamma	-0.001417423374421583	0.017530574127797436	-0.03870854316136257	-0.0004898602527499962	0.03624265336899996
fit-fs_free-full-prior1	fs_free	full	1.0	False	human_minus_computer	sub-127	gamma	-0.0023930416132654183	0.017734307623797307	-0.04491516718456252	-0.0005085696757499703	0.03068126842243753
fit-fs_free-full-prior1	fs_free	full	1.0	False	human_minus_computer	sub-128	gamma	-0.0022502845084716666	0.02119512928724445	-0.04538599153798754	-0.0005495267485000066	0.036877257965212566
fit-fs_free-full-prior1	fs_free	full	1.0	False	human_minus_computer	sub-129	gamma	-0.0011336143893835005	0.029199823090134743	-0.061408604764600014	-0.0007373467932499933	0.06714685561854997
fit-fs_free-full-prior1	fs_free	full	1.0	False	human_minus_computer	sub-130	gamma	-0.0005625501627524165	0.023036761829742354	-0.04460198911539997	-0.0004554321574999909	0.051667918694087434
fit-fs_free-full-prior1	fs_free	full	1.0	False	human_minus_computer	sub-132	gamma	-0.0013955300140304162	0.01665245000049294	-0.0351699902732375	-0.0004128411157500178	0.030238359865025047
fit-fs_free-full-prior1	fs_free	full	1.0	False	human_minus_computer	sub-133	gamma	-0.0018944298602676672	0.017807871330756692	-0.040024950942449955	-0.000512119991749993	0.03381546966335004
fit-fs_free-full-prior1	fs_free	full	1.0	False	human_minus_computer	sub-134	gamma	-2.433416687916523e-06	0.029206768922774837	-0.054548293356825026	-0.0005809210517500052	0.06751345764379989
fit-fs_free-full-prior1	fs_free	full	1.0	False	human_minus_computer	sub-135	gamma	-0.013895139843263958	0.0843745095250038	-0.21184347995611252	-0.006906284254499989	0.13644191801457506
fit-fs_free-full-prior1	fs_free	full	1.0	False	human_minus_computer	sub-136	gamma	-0.0012829492538632503	0.05074767222926832	-0.106184757739	-0.0013218754887499018	0.11859424809333739
fit-fs_free-full-prior1	fs_free	full	1.0	False	human_minus_computer	sub-137	gamma	-0.002379372044389915	0.02146484518263921	-0.051475743311675023	-0.0006980681532500199	0.0423433592355748
fit-fs_free-full-prior1	fs_free	full	1.0	False	human_minus_computer	sub-138	gamma	0.018469187970560075	0.07379669769023287	-0.12808828522020002	0.016658806131999992	0.17757160360896246
fit-fs_free-full-prior1	fs_free	full	1.0	False	human_minus_computer	sub-140	gamma	-0.009750456085938917	0.08028334832435266	-0.19275234386466256	-0.006037711642750021	0.13818345554944983
fit-fs_free-full-prior1	fs_free	full	1.0	False	human_minus_computer	sub-141	gamma	0.00018952033524683384	0.02420820451256296	-0.041606046470512366	-0.0004441461750000486	0.05751893601204999
fit-fs_free-full-prior1	fs_free	full	1.0	False	human_minus_computer	sub-142	gamma	-0.0021556025886963325	0.019364892208793748	-0.047455218013437536	-0.000535171897249942	0.03478971318843745
fit-fs_free-full-prior1	fs_free	full	1.0	False	human_minus_computer	sub-143	gamma	-0.0037458431960430004	0.024024524432612316	-0.06004584827847512	-0.0008387430432499898	0.04587737132204998
fit-fs_free-full-prior1	fs_free	full	1.0	False	human_minus_computer	sub-144	gamma	-0.0016034142069977493	0.017648861970047322	-0.03995862809892505	-0.0005202017039999673	0.03625193034549994
fit-fs_free-full-prior1	fs_free	full	1.0	False	human_minus_computer	sub-147	gamma	0.014148461034547833	0.07674872058128433	-0.11976917865868739	0.0037547295602499142	0.19930829774730002
fit-fs_free-full-prior1	fs_free	full	1.0	False	human_minus_computer	sub-149	gamma	-0.0023839771413534166	0.019451977928340806	-0.046829149721675026	-0.0006717885867499884	0.03364629411439993
fit-fs_free-full-prior1	fs_free	full	1.0	False	human_minus_computer	sub-150	gamma	-0.008224548227960751	0.042970533954477474	-0.10504969313156248	-0.002386723247750022	0.08315958443766243
fit-fs_free-full-prior1	fs_free	full	1.0	False	human_minus_computer	sub-151	gamma	-0.0015893116532087496	0.02030055870348474	-0.04403070156742507	-0.0005710030414999845	0.04024459658678739
fit-fs_free-full-prior1	fs_free	full	1.0	False	human_minus_computer	sub-152	gamma	-0.0010805200873701673	0.02176291022056542	-0.04610224451347497	-0.0004736759727500539	0.0458361521681749
fit-fs_free-full-prior1	fs_free	full	1.0	False	human_minus_computer	sub-153	gamma	-0.0026995679211642486	0.021989748723581514	-0.05123706443819999	-0.0006370350484999343	0.04039548052381243
fit-fs_free-full-prior1	fs_free	full	1.0	False	human_minus_computer	sub-154	gamma	-0.024590471012765666	0.07352131323747407	-0.17878040901388745	-0.02053732160374988	0.1196286191327
fit-fs_free-full-prior1	fs_free	full	1.0	False	human_minus_computer	sub-155	gamma	-0.0013282639531210828	0.018803678085854487	-0.03970612047514995	-0.00045344016550008526	0.03318744353522502
fit-fs_free-full-prior1	fs_free	full	1.0	False	human_minus_computer	sub-156	gamma	-0.0015915738973385826	0.01566269955703519	-0.037561520291837486	-0.00042937574500001574	0.030343020920000022
fit-fs_free-full-prior1	fs_free	full	1.0	False	human_minus_computer	sub-157	gamma	0.0038481278211321664	0.052262886237145256	-0.08849853207204997	-0.0006247422500000321	0.1347423320407499
fit-fs_free-full-prior1	fs_free	full	1.0	False	human_minus_computer	sub-158	gamma	0.0038600383972681664	0.042831678547488046	-0.07085030660006253	-0.0004972305850001191	0.11692412978463744
fit-fs_free-full-prior1	fs_free	full	1.0	False	human_minus_computer	sub-159	gamma	-0.040415099390792755	0.08289825111327967	-0.22864707495721245	-0.03309708769875003	0.10363226584771232
fit-fs_free-full-prior1	fs_free	full	1.0	False	human_minus_computer	sample_mean	gamma	-0.002190548866724329	0.01967889538049002	-0.04072066109988845	-0.002610941447258508	0.03746657180402912
fit-fs_free-full-prior1	fs_free	full	1.0	False	human_minus_computer	sub-104	f0	-0.018023627640858082	0.10793289136061149	-0.2603900210733376	-0.009055368152499993	0.20059150373777487
fit-fs_free-full-prior1	fs_free	full	1.0	False	human_minus_computer	sub-105	f0	-0.20417235219526667	0.5112655674598151	-1.2896833535811254	-0.1881822154174997	0.7941880669015
fit-fs_free-full-prior1	fs_free	full	1.0	False	human_minus_computer	sub-106	f0	-0.265290871877575	0.5083399555571234	-1.3481733027825002	-0.25282174817499925	0.7543308817487492
fit-fs_free-full-prior1	fs_free	full	1.0	False	human_minus_computer	sub-107	f0	-0.7201571829647982	0.7198668943108502	-2.4244085186372493	-0.5887814954149997	0.36117600689999957
fit-fs_free-full-prior1	fs_free	full	1.0	False	human_minus_computer	sub-108	f0	-0.4246445759187175	0.624673059259936	-1.891737240852627	-0.3486013059724993	0.6787154815632486
fit-fs_free-full-prior1	fs_free	full	1.0	False	human_minus_computer	sub-109	f0	-0.013204711386790073	0.29500728109754365	-0.5727462024507501	-0.03112248754500002	0.6341779772957492
fit-fs_free-full-prior1	fs_free	full	1.0	False	human_minus_computer	sub-110	f0	-0.028932265949525828	0.5579916098889297	-1.0915644433967497	-0.06355876153499906	1.2440833407835
fit-fs_free-full-prior1	fs_free	full	1.0	False	human_minus_computer	sub-111	f0	-0.06928794031827583	0.535690931482409	-1.1464505567066245	-0.08416798519500013	1.0553265392027484
fit-fs_free-full-prior1	fs_free	full	1.0	False	human_minus_computer	sub-112	f0	0.328963351011675	0.5730972491876849	-0.5892299036361249	0.2410170019725002	1.6478602525133754
fit-fs_free-full-prior1	fs_free	full	1.0	False	human_minus_computer	sub-113	f0	-0.446527641519515	0.5675575133286329	-1.7063770117542487	-0.383520435074999	0.5356118458300018
fit-fs_free-full-prior1	fs_free	full	1.0	False	human_minus_computer	sub-115	f0	-0.08024502335854851	0.39400822831128907	-1.0532513788698743	-0.02705589891874982	0.686884034335124
fit-fs_free-full-prior1	fs_free	full	1.0	False	human_minus_computer	sub-116	f0	-0.22690460679241248	0.49066727123136533	-1.2429229683187495	-0.21890479292500054	0.7593641800150001
fit-fs_free-full-prior1	fs_free	full	1.0	False	human_minus_computer	sub-117	f0	-0.11751208450033168	0.351528074285563	-0.86484282065225	-0.11059127815000003	0.5932804839109999
fit-fs_free-full-prior1	fs_free	full	1.0	False	human_minus_computer	sub-118	f0	-0.013860665905063307	0.2733127412291025	-0.5343646989233743	-0.01358781009699997	0.630528750851373
fit-fs_free-full-prior1	fs_free	full	1.0	False	human_minus_computer	sub-121	f0	-0.7595517481779042	0.6912977354065191	-2.364498926198874	-0.6422291182975002	0.29295503581999843
fit-fs_free-full-prior1	fs_free	full	1.0	False	human_minus_computer	sub-122	f0	-0.012108702737675583	0.13552359467125505	-0.29530171582423714	-0.00777100405302502	0.2748898549609988
fit-fs_free-full-prior1	fs_free	full	1.0	False	human_minus_computer	sub-124	f0	-0.023069251373690817	0.27405999358537303	-0.5781852857053752	-0.03432503827	0.5901978709316246
fit-fs_free-full-prior1	fs_free	full	1.0	False	human_minus_computer	sub-125	f0	-0.01591499329829249	0.6148162128454492	-1.1345393814772495	-0.0717481052099993	1.3921827035923742
fit-fs_free-full-prior1	fs_free	full	1.0	False	human_minus_computer	sub-126	f0	-0.020845118699948557	0.09693009446733077	-0.24748925633591254	-0.008410737062475006	0.1714471373973243
fit-fs_free-full-prior1	fs_free	full	1.0	False	human_minus_computer	sub-127	f0	-0.12830552606211665	0.4328429409831235	-0.9976150762624999	-0.14027272017500003	0.8006592411512482
fit-fs_free-full-prior1	fs_free	full	1.0	False	human_minus_computer	sub-128	f0	-0.019723579079533298	0.0779035887827424	-0.19214246466249954	-0.0141066309750002	0.1369496413100003
fit-fs_free-full-prior1	fs_free	full	1.0	False	human_minus_computer	sub-129	f0	-0.13995949863109253	0.5758134759474017	-1.286569279297001	-0.16364395276499977	1.0903167624567502
fit-fs_free-full-prior1	fs_free	full	1.0	False	human_minus_computer	sub-130	f0	-0.016251961331475964	0.09123781058693486	-0.22448687639072493	-0.0075028080060000335	0.16882424368543744
fit-fs_free-full-prior1	fs_free	full	1.0	False	human_minus_computer	sub-132	f0	-0.022058841781841417	0.10433226584313765	-0.26041301920666254	-0.009459182673749983	0.1710481551582124
fit-fs_free-full-prior1	fs_free	full	1.0	False	human_minus_computer	sub-133	f0	-0.01537254406668297	0.10602277237627207	-0.24580199295042504	-0.007951344349499997	0.21214475687936238
fit-fs_free-full-prior1	fs_free	full	1.0	False	human_minus_computer	sub-134	f0	-0.07030481511399359	0.27044125317502304	-0.6850117523707502	-0.054275614362499947	0.49015687948699965
fit-fs_free-full-prior1	fs_free	full	1.0	False	human_minus_computer	sub-135	f0	-0.027008131285033297	0.14370062935841235	-0.3256423964612497	-0.02333580604999952	0.28044624656625144
fit-fs_free-full-prior1	fs_free	full	1.0	False	human_minus_computer	sub-136	f0	-0.07739215984404668	0.44785371672281726	-1.0009398277304997	-0.07828106370749977	0.8286299129388746
fit-fs_free-full-prior1	fs_free	full	1.0	False	human_minus_computer	sub-137	f0	-0.2110543560660142	0.5153081609714798	-1.2596883786377513	-0.2147855138999999	0.8421351856837487
fit-fs_free-full-prior1	fs_free	full	1.0	False	human_minus_computer	sub-138	f0	-0.1734725399081409	0.4646040208675773	-1.226232164456875	-0.15009426367999978	0.7698998176163745
fit-fs_free-full-prior1	fs_free	full	1.0	False	human_minus_computer	sub-140	f0	-0.04151956602936947	0.42649250913596043	-0.8966667407002501	-0.058815842825000075	0.8736031728739991
fit-fs_free-full-prior1	fs_free	full	1.0	False	human_minus_computer	sub-141	f0	-0.013827952548485352	0.08724131221700732	-0.21109432031348752	-0.007676529404075011	0.16840141703501238
fit-fs_free-full-prior1	fs_free	full	1.0	False	human_minus_computer	sub-142	f0	-0.00867449852105973	0.10415086582325492	-0.22003984642106242	-0.0067330331985000075	0.23087160114243718
fit-fs_free-full-prior1	fs_free	full	1.0	False	human_minus_computer	sub-143	f0	-0.05665283323681167	0.3436782391442113	-0.7543608243141251	-0.05836044028749976	0.6604625697203741
fit-fs_free-full-prior1	fs_free	full	1.0	False	human_minus_computer	sub-144	f0	-0.2153584957814583	0.41031693411810277	-1.0887003936549986	-0.2055225956250002	0.6050511882012516
fit-fs_free-full-prior1	fs_free	full	1.0	False	human_minus_computer	sub-147	f0	-0.0727678707928775	0.4256120571270527	-0.9448260676406252	-0.0805772985725004	0.8017935463295
fit-fs_free-full-prior1	fs_free	full	1.0	False	human_minus_computer	sub-149	f0	0.009063259760436914	0.3172297079207939	-0.5960638692674999	-0.02335340914250006	0.7389008493606244
fit-fs_free-full-prior1	fs_free	full	1.0	False	human_minus_computer	sub-150	f0	-0.04590356362392916	0.42745230495858516	-0.9037717856873754	-0.06217236055249975	0.8728365859922472
fit-fs_free-full-prior1	fs_free	full	1.0	False	human_minus_computer	sub-151	f0	0.032253457880628326	0.5584235556124569	-0.9644353159312492	-0.02660848749250011	1.241969962235125
fit-fs_free-full-prior1	fs_free	full	1.0	False	human_minus_computer	sub-152	f0	-0.0197442456340447	0.10490568351795511	-0.257808734892625	-0.009493703748475014	0.18002952845593717
fit-fs_free-full-prior1	fs_free	full	1.0	False	human_minus_computer	sub-153	f0	-0.6225605036752475	0.590366973100505	-1.9862560715127495	-0.5268961102675003	0.32842288755699955
fit-fs_free-full-prior1	fs_free	full	1.0	False	human_minus_computer	sub-154	f0	0.0650612736358917	0.41916983517800915	-0.6268240972424984	-0.007187180675000349	1.084370019911249
fit-fs_free-full-prior1	fs_free	full	1.0	False	human_minus_computer	sub-155	f0	-0.013412541357183326	0.07255089031545553	-0.16043397366500126	-0.01175247724999906	0.14922583621625077
fit-fs_free-full-prior1	fs_free	full	1.0	False	human_minus_computer	sub-156	f0	-0.016530519835676195	0.09211819604333613	-0.22966403262846258	-0.00747025941605	0.17452165724017515
fit-fs_free-full-prior1	fs_free	full	1.0	False	human_minus_computer	sub-157	f0	0.1173750934440575	0.48254571612884906	-0.7123921274879993	0.06364276230500021	1.2132595250202496
fit-fs_free-full-prior1	fs_free	full	1.0	False	human_minus_computer	sub-158	f0	-0.05894061644423333	0.5000487574847116	-0.9701235025275003	-0.09504413029999981	1.0391338343799994
fit-fs_free-full-prior1	fs_free	full	1.0	False	human_minus_computer	sub-159	f0	-0.10473769577552501	0.4600068528445894	-1.0115892715237502	-0.12962426937500116	0.9053684921999959
fit-fs_free-full-prior1	fs_free	full	1.0	False	human_minus_computer	sample_mean	f0	-0.10849088904911433	0.151959594481316	-0.41102474688525054	-0.10802935559163827	0.18839341141132884
fit-fs_free-run1-prior1	fs_free	run1	1.0	False	similar_minus_dissimilar	sub-104	alpha	-0.02586849856562781	0.08349665641697884	-0.24348687235332506	-0.008610378817999975	0.12085862345977468
fit-fs_free-run1-prior1	fs_free	run1	1.0	False	similar_minus_dissimilar	sub-105	alpha	-0.018018774225909667	0.08323865703041504	-0.21054415802457502	-0.007747960807999998	0.1631065578687249
fit-fs_free-run1-prior1	fs_free	run1	1.0	False	similar_minus_dissimilar	sub-106	alpha	-0.01939608487970483	0.05841758203962674	-0.16280618201464997	-0.007812000305999989	0.08616767210432473
fit-fs_free-run1-prior1	fs_free	run1	1.0	False	similar_minus_dissimilar	sub-107	alpha	-0.09526640159308382	0.13159442051317247	-0.4058791138933	-0.033449539180499976	0.05817460638015007
fit-fs_free-run1-prior1	fs_free	run1	1.0	False	similar_minus_dissimilar	sub-108	alpha	-0.08403425964759877	0.12389612446280031	-0.38872954367892504	-0.02682846813549994	0.060316043750725
fit-fs_free-run1-prior1	fs_free	run1	1.0	False	similar_minus_dissimilar	sub-109	alpha	-0.02495501941989509	0.08584221465465025	-0.23656866610784996	-0.00900084079250002	0.13076576984854962
fit-fs_free-run1-prior1	fs_free	run1	1.0	False	similar_minus_dissimilar	sub-110	alpha	-0.0061598574062445	0.07770346638987266	-0.16475815846004999	-0.006197818084499984	0.18757687163724995
fit-fs_free-run1-prior1	fs_free	run1	1.0	False	similar_minus_dissimilar	sub-111	alpha	0.016862929170891997	0.10271394450189983	-0.13777427396517497	-0.0030563060369999673	0.31913923725664994
fit-fs_free-run1-prior1	fs_free	run1	1.0	False	similar_minus_dissimilar	sub-112	alpha	-0.016736832776258516	0.06999427843049451	-0.17801277190067502	-0.007529394484500018	0.12732011246809988
fit-fs_free-run1-prior1	fs_free	run1	1.0	False	similar_minus_dissimilar	sub-113	alpha	-0.029190783321147166	0.07593230866459945	-0.23076590505749991	-0.009634085373000034	0.10005485946629993
fit-fs_free-run1-prior1	fs_free	run1	1.0	False	similar_minus_dissimilar	sub-115	alpha	-0.019914258285053214	0.08792023479402063	-0.226275011571325	-0.009064091120000006	0.1670890621302996
fit-fs_free-run1-prior1	fs_free	run1	1.0	False	similar_minus_dissimilar	sub-116	alpha	-0.027420829315189833	0.06648767018178364	-0.20273935647874997	-0.009994887420500032	0.08255226240719986
fit-fs_free-run1-prior1	fs_free	run1	1.0	False	similar_minus_dissimilar	sub-117	alpha	-0.021757067905478218	0.07184068734713064	-0.2058493015482	-0.007911450695000044	0.10489842859874986
fit-fs_free-run1-prior1	fs_free	run1	1.0	False	similar_minus_dissimilar	sub-118	alpha	-0.042531567704690264	0.09205024664955697	-0.28754348322122497	-0.01352372761249998	0.08957213043404964
fit-fs_free-run1-prior1	fs_free	run1	1.0	False	similar_minus_dissimilar	sub-121	alpha	-0.038730819160086194	0.09324367886530399	-0.27729789313362496	-0.012295926781499988	0.1177549100458
fit-fs_free-run1-prior1	fs_free	run1	1.0	False	similar_minus_dissimilar	sub-122	alpha	-0.03006762807884553	0.08710990382240938	-0.25665623361627504	-0.010167160931999986	0.12101984547682496
fit-fs_free-run1-prior1	fs_free	run1	1.0	False	similar_minus_dissimilar	sub-124	alpha	-0.020652901272847978	0.0815383514957681	-0.2220692504361	-0.00810539126649995	0.14420092131957457
fit-fs_free-run1-prior1	fs_free	run1	1.0	False	similar_minus_dissimilar	sub-125	alpha	-0.044741367200229	0.0923677369494908	-0.28092113990910006	-0.015785622680999978	0.09701238267697475
fit-fs_free-run1-prior1	fs_free	run1	1.0	False	similar_minus_dissimilar	sub-126	alpha	-0.028547156351762644	0.08327100342865654	-0.23938974752007502	-0.010050995867500023	0.10989952973377491
fit-fs_free-run1-prior1	fs_free	run1	1.0	False	similar_minus_dissimilar	sub-127	alpha	-0.0002112251356629992	0.061504293205241214	-0.108617783698075	-0.004146774747000037	0.1726239865089499
fit-fs_free-run1-prior1	fs_free	run1	1.0	False	similar_minus_dissimilar	sub-128	alpha	-0.012702109291371168	0.031230743787348646	-0.09446472083967497	-0.005857719935000005	0.039168826407900016
fit-fs_free-run1-prior1	fs_free	run1	1.0	False	similar_minus_dissimilar	sub-129	alpha	-0.02580289091303417	0.07016674908437948	-0.2083175629318	-0.009307318791000052	0.09479488602242493
fit-fs_free-run1-prior1	fs_free	run1	1.0	False	similar_minus_dissimilar	sub-130	alpha	-0.02670533186961553	0.08380958543776412	-0.23688757150537493	-0.009790659175999972	0.12046057460289969
fit-fs_free-run1-prior1	fs_free	run1	1.0	False	similar_minus_dissimilar	sub-132	alpha	-0.02802571961231049	0.08759442996428676	-0.2568661042589251	-0.00985923761800006	0.12734317755782476
fit-fs_free-run1-prior1	fs_free	run1	1.0	False	similar_minus_dissimilar	sub-133	alpha	-0.02717393335587501	0.08528444779744353	-0.24125035198154993	-0.00984617885950001	0.12254654060772475
fit-fs_free-run1-prior1	fs_free	run1	1.0	False	similar_minus_dissimilar	sub-134	alpha	-0.025648968288792533	0.08132260085104565	-0.22962750381940006	-0.00937945251100003	0.12350298117219993
fit-fs_free-run1-prior1	fs_free	run1	1.0	False	similar_minus_dissimilar	sub-135	alpha	-0.0038808152256608348	0.04988382987225673	-0.09676334606384998	-0.004238776588500082	0.11713522411387495
fit-fs_free-run1-prior1	fs_free	run1	1.0	False	similar_minus_dissimilar	sub-136	alpha	-0.018149445811483502	0.061447161632415134	-0.17495283121849997	-0.007781449434999976	0.09605045181017492
fit-fs_free-run1-prior1	fs_free	run1	1.0	False	similar_minus_dissimilar	sub-137	alpha	-0.036513613716937	0.07583515333456209	-0.23635532014512495	-0.012172786408999992	0.07336921077122491
fit-fs_free-run1-prior1	fs_free	run1	1.0	False	similar_minus_dissimilar	sub-138	alpha	-0.03350256643086485	0.09247832799731871	-0.26419136846795005	-0.012277229757999997	0.13393962849349958
fit-fs_free-run1-prior1	fs_free	run1	1.0	False	similar_minus_dissimilar	sub-140	alpha	-0.025525887550407897	0.08938702511524599	-0.2454060034453499	-0.009816784327000061	0.15408853535742473
fit-fs_free-run1-prior1	fs_free	run1	1.0	False	similar_minus_dissimilar	sub-141	alpha	-0.026618991105147274	0.08513250444139993	-0.24230963078302503	-0.0096720650675	0.12284613972002427
fit-fs_free-run1-prior1	fs_free	run1	1.0	False	similar_minus_dissimilar	sub-142	alpha	-0.025724185332855767	0.08180283134426392	-0.23123729975272497	-0.009110698418499985	0.11883907968042436
fit-fs_free-run1-prior1	fs_free	run1	1.0	False	similar_minus_dissimilar	sub-143	alpha	-0.030721610366502318	0.08744348492958946	-0.26444339837	-0.010103478862000026	0.11925698602194969
fit-fs_free-run1-prior1	fs_free	run1	1.0	False	similar_minus_dissimilar	sub-144	alpha	-0.02656298657630734	0.0587040910869687	-0.176430434386975	-0.010956637085999976	0.06665254152809987
fit-fs_free-run1-prior1	fs_free	run1	1.0	False	similar_minus_dissimilar	sub-147	alpha	-0.01894734122219596	0.08122462404335816	-0.21690167340235	-0.007982230287000014	0.14966696326634973
fit-fs_free-run1-prior1	fs_free	run1	1.0	False	similar_minus_dissimilar	sub-149	alpha	-0.029074643201922754	0.08289088409090736	-0.23759746517735003	-0.009871295612500053	0.11697007874514995
fit-fs_free-run1-prior1	fs_free	run1	1.0	False	similar_minus_dissimilar	sub-150	alpha	-0.043342294576598	0.09069198767808861	-0.290741252034	-0.014141162521499995	0.08683545433257472
fit-fs_free-run1-prior1	fs_free	run1	1.0	False	similar_minus_dissimilar	sub-151	alpha	-0.015731382645501835	0.0592893154855261	-0.15747577043050004	-0.007019370035500017	0.10338308509322477
fit-fs_free-run1-prior1	fs_free	run1	1.0	False	similar_minus_dissimilar	sub-152	alpha	-0.027127008810511978	0.0807515087185441	-0.22998646274612752	-0.009303500074000048	0.11889594181814976
fit-fs_free-run1-prior1	fs_free	run1	1.0	False	similar_minus_dissimilar	sub-153	alpha	-0.023364742715099668	0.07437732575270557	-0.21312637536707504	-0.008303154091999942	0.11794718551842501
fit-fs_free-run1-prior1	fs_free	run1	1.0	False	similar_minus_dissimilar	sub-154	alpha	-0.02334979022491067	0.06238578466029691	-0.18306367538327498	-0.009683779593499975	0.08662301457082477
fit-fs_free-run1-prior1	fs_free	run1	1.0	False	similar_minus_dissimilar	sub-155	alpha	-0.009705894308920833	0.028965612719924188	-0.07899930156327505	-0.00550259574749995	0.04613529564884998
fit-fs_free-run1-prior1	fs_free	run1	1.0	False	similar_minus_dissimilar	sub-156	alpha	-0.027324393698827415	0.08696920634434854	-0.24819219484050004	-0.009284576594499994	0.12212901115399999
fit-fs_free-run1-prior1	fs_free	run1	1.0	False	similar_minus_dissimilar	sub-157	alpha	-0.026462086381080864	0.07557410083292776	-0.22159917277367497	-0.009658336500499964	0.10766549997919998
fit-fs_free-run1-prior1	fs_free	run1	1.0	False	similar_minus_dissimilar	sub-158	alpha	-0.031905734803381	0.06727132561171226	-0.2047726915885	-0.011654398639500019	0.07335003573777485
fit-fs_free-run1-prior1	fs_free	run1	1.0	False	similar_minus_dissimilar	sub-159	alpha	-0.0157637604261365	0.04771771543219496	-0.12953518644167508	-0.007911106189999961	0.07768983553829996
fit-fs_free-run1-prior1	fs_free	run1	1.0	False	similar_minus_dissimilar	sample_mean	alpha	-0.026440351734822915	0.04986731506333833	-0.13935048410415002	-0.018000344307851066	0.060260186605437756
fit-fs_free-run1-prior1	fs_free	run1	1.0	False	similar_minus_dissimilar	sub-104	gamma	-0.001317269841194833	0.05920383654786971	-0.13515487703365	-0.0004714105134999702	0.13017449843082463
fit-fs_free-run1-prior1	fs_free	run1	1.0	False	similar_minus_dissimilar	sub-105	gamma	-0.10322512008383217	0.1688098849569508	-0.49504102517787496	-0.06224027667349996	0.17321024909157492
fit-fs_free-run1-prior1	fs_free	run1	1.0	False	similar_minus_dissimilar	sub-106	gamma	-0.003707709126566833	0.0632984633428864	-0.15577343242985003	-0.0006274925484999749	0.12876296236569995
fit-fs_free-run1-prior1	fs_free	run1	1.0	False	similar_minus_dissimilar	sub-107	gamma	-0.07217284172918033	0.1822325105750685	-0.46806689050362504	-0.04672522157300002	0.2819263171138247
fit-fs_free-run1-prior1	fs_free	run1	1.0	False	similar_minus_dissimilar	sub-108	gamma	0.024318935470214634	0.15633380840563163	-0.28498244862665	0.002521986337500004	0.3911006641091
fit-fs_free-run1-prior1	fs_free	run1	1.0	False	similar_minus_dissimilar	sub-109	gamma	-0.008407457580323999	0.07296616180705272	-0.18925910704355	-0.001112378563000005	0.14433438137402477
fit-fs_free-run1-prior1	fs_free	run1	1.0	False	similar_minus_dissimilar	sub-110	gamma	0.016111401714153168	0.15885195042356082	-0.312459518732525	0.006860794549999993	0.34834604432832467
fit-fs_free-run1-prior1	fs_free	run1	1.0	False	similar_minus_dissimilar	sub-111	gamma	-0.0027500672439823327	0.1561743663346719	-0.346063209830225	-0.0005192347884999671	0.3295749571023749
fit-fs_free-run1-prior1	fs_free	run1	1.0	False	similar_minus_dissimilar	sub-112	gamma	-0.002664408470261835	0.0754280552179847	-0.16873808209955	-0.0002823722154999819	0.16207791399252477
fit-fs_free-run1-prior1	fs_free	run1	1.0	False	similar_minus_dissimilar	sub-113	gamma	0.0014428127073135009	0.08784300455714504	-0.18910823670807508	-0.0003014686440000469	0.21085930507307493
fit-fs_free-run1-prior1	fs_free	run1	1.0	False	similar_minus_dissimilar	sub-115	gamma	-0.0360280540120418	0.07273217629577763	-0.1811646101087375	-0.0317584946185	0.11030923421631715
fit-fs_free-run1-prior1	fs_free	run1	1.0	False	similar_minus_dissimilar	sub-116	gamma	-0.0028923825475741668	0.06966324170035851	-0.16429402223297496	-0.00041924784950003735	0.14612703084594936
fit-fs_free-run1-prior1	fs_free	run1	1.0	False	similar_minus_dissimilar	sub-117	gamma	0.0010300920777689996	0.06952213273739477	-0.15198963188812498	-0.00020175088950002973	0.16315501543502456
fit-fs_free-run1-prior1	fs_free	run1	1.0	False	similar_minus_dissimilar	sub-118	gamma	-0.29415492163656504	0.16353557342988412	-0.6255710911286825	-0.28671505952200005	0.0021073740831746273
fit-fs_free-run1-prior1	fs_free	run1	1.0	False	similar_minus_dissimilar	sub-121	gamma	0.0152191599480975	0.13687015012571163	-0.266147287028075	0.0010470148625000286	0.3540952430761498
fit-fs_free-run1-prior1	fs_free	run1	1.0	False	similar_minus_dissimilar	sub-122	gamma	0.04472318420022284	0.1381945759511904	-0.191169973956275	0.006073225368500024	0.40633505224269983
fit-fs_free-run1-prior1	fs_free	run1	1.0	False	similar_minus_dissimilar	sub-124	gamma	-0.0021466716194616666	0.07347804310517399	-0.1670062105434751	-0.00033866340200000566	0.15264332399014977
fit-fs_free-run1-prior1	fs_free	run1	1.0	False	similar_minus_dissimilar	sub-125	gamma	0.08881802746037196	0.20209252660954885	-0.29316448248324994	0.07038619882049996	0.5175056397133999
fit-fs_free-run1-prior1	fs_free	run1	1.0	False	similar_minus_dissimilar	sub-126	gamma	-0.006569683764801998	0.0612874890234613	-0.15642907401482492	-0.0006432410514999876	0.11319789859010004
fit-fs_free-run1-prior1	fs_free	run1	1.0	False	similar_minus_dissimilar	sub-127	gamma	0.004250902625516666	0.07895787684032245	-0.15627990987227494	-0.00011920409000004684	0.2073073171079493
fit-fs_free-run1-prior1	fs_free	run1	1.0	False	similar_minus_dissimilar	sub-128	gamma	0.001415423944736333	0.0834349323845417	-0.17670670858454993	-0.00036777691400002865	0.20127129969462482
fit-fs_free-run1-prior1	fs_free	run1	1.0	False	similar_minus_dissimilar	sub-129	gamma	0.002576985725915833	0.09017182066750846	-0.19111005967170003	-0.00042362000000001343	0.2263691911647749
fit-fs_free-run1-prior1	fs_free	run1	1.0	False	similar_minus_dissimilar	sub-130	gamma	-0.009817445783900832	0.08869349747377316	-0.22706926739862499	-0.0017199004644999905	0.17318985359662498
fit-fs_free-run1-prior1	fs_free	run1	1.0	False	similar_minus_dissimilar	sub-132	gamma	2.8231343691333546e-05	0.06336804320402399	-0.13882354089715002	-0.00019582232399995014	0.15082548043137486
fit-fs_free-run1-prior1	fs_free	run1	1.0	False	similar_minus_dissimilar	sub-133	gamma	0.0003018110534403332	0.0704677314342493	-0.144527758880725	-0.0003970248129999687	0.15985637106847456
fit-fs_free-run1-prior1	fs_free	run1	1.0	False	similar_minus_dissimilar	sub-134	gamma	0.003791105317019001	0.09773619098271029	-0.20175438660525005	-0.00018903989300000923	0.23955721589132495
fit-fs_free-run1-prior1	fs_free	run1	1.0	False	similar_minus_dissimilar	sub-135	gamma	0.37399593529350217	0.21131922115515123	0.006035969108525005	0.36365900364975	0.7837465747667199
fit-fs_free-run1-prior1	fs_free	run1	1.0	False	similar_minus_dissimilar	sub-136	gamma	0.0011267909111666674	0.06877430668191961	-0.14695633972532496	-0.00027635589050001297	0.16484770237522503
fit-fs_free-run1-prior1	fs_free	run1	1.0	False	similar_minus_dissimilar	sub-137	gamma	-0.011188059687213332	0.07436962335846983	-0.19942357011627493	-0.001120061988999943	0.1288058734784746
fit-fs_free-run1-prior1	fs_free	run1	1.0	False	similar_minus_dissimilar	sub-138	gamma	-0.04501557019272436	0.1837060170522107	-0.415660327978875	-0.032502566625999985	0.30855223232057466
fit-fs_free-run1-prior1	fs_free	run1	1.0	False	similar_minus_dissimilar	sub-140	gamma	0.16306925607368278	0.18042876932419202	-0.153755052732125	0.14849104985	0.5543904929528499
fit-fs_free-run1-prior1	fs_free	run1	1.0	False	similar_minus_dissimilar	sub-141	gamma	0.0032177751807664994	0.0900379837264851	-0.18699153889009998	-0.00011554840400007649	0.22111009995637462
fit-fs_free-run1-prior1	fs_free	run1	1.0	False	similar_minus_dissimilar	sub-142	gamma	-0.0023060862367511674	0.07426448342387366	-0.16716842424549996	-0.0005004264394999902	0.15516722688015
fit-fs_free-run1-prior1	fs_free	run1	1.0	False	similar_minus_dissimilar	sub-143	gamma	-0.006423681585780166	0.08765714807636849	-0.21707104235485	-0.0009158272004999857	0.18226016617964996
fit-fs_free-run1-prior1	fs_free	run1	1.0	False	similar_minus_dissimilar	sub-144	gamma	-0.0021762150748658336	0.07168404147510853	-0.15825819081987497	-0.0005196995704999652	0.16487578073119982
fit-fs_free-run1-prior1	fs_free	run1	1.0	False	similar_minus_dissimilar	sub-147	gamma	-0.012461481226010169	0.19712200037699243	-0.41548715447574996	-0.00891989708999999	0.39189705230482474
fit-fs_free-run1-prior1	fs_free	run1	1.0	False	similar_minus_dissimilar	sub-149	gamma	0.010219122895707335	0.08725561906742665	-0.14983652621127494	2.2287315500024718e-05	0.24250471742382498
fit-fs_free-run1-prior1	fs_free	run1	1.0	False	similar_minus_dissimilar	sub-150	gamma	-0.06086411974219768	0.13604408912333413	-0.41919052097067505	-0.015876337010499952	0.15380675229657495
fit-fs_free-run1-prior1	fs_free	run1	1.0	False	similar_minus_dissimilar	sub-151	gamma	-0.0060781377248945	0.06627498678988998	-0.16729501108987496	-0.0008694078614999712	0.13568967982659982
fit-fs_free-run1-prior1	fs_free	run1	1.0	False	similar_minus_dissimilar	sub-152	gamma	-0.0017584241501303335	0.06613168752586362	-0.14960537646344998	-0.00044586524500001	0.14242177713244975
fit-fs_free-run1-prior1	fs_free	run1	1.0	False	similar_minus_dissimilar	sub-153	gamma	-0.0037121177293496666	0.06952235343848188	-0.17065774716187507	-0.0006460776015000391	0.1441267656235248
fit-fs_free-run1-prior1	fs_free	run1	1.0	False	similar_minus_dissimilar	sub-154	gamma	-0.3126255382191809	0.20211010972090582	-0.67591058628945	-0.3197135861	0.08641644517827499
fit-fs_free-run1-prior1	fs_free	run1	1.0	False	similar_minus_dissimilar	sub-155	gamma	-0.004359682333475834	0.06518936691775074	-0.15826725797177504	-0.0007463172180000033	0.13204534694387499
fit-fs_free-run1-prior1	fs_free	run1	1.0	False	similar_minus_dissimilar	sub-156	gamma	-0.005470217461722832	0.060019806911337945	-0.15184958765035	-0.0009526066420000312	0.12028776926002484
fit-fs_free-run1-prior1	fs_free	run1	1.0	False	similar_minus_dissimilar	sub-157	gamma	-0.014659108626884167	0.08882496510901948	-0.24192275758817502	-0.001808237006500013	0.15923572755017482
fit-fs_free-run1-prior1	fs_free	run1	1.0	False	similar_minus_dissimilar	sub-158	gamma	-0.0065998371122193335	0.0878189929285074	-0.22180605796219996	-0.0009607821975000097	0.1838785404243499
fit-fs_free-run1-prior1	fs_free	run1	1.0	False	similar_minus_dissimilar	sub-159	gamma	-0.04015167978262852	0.11631928170923427	-0.36236425135217504	-0.005344800441000053	0.14181127382642494
fit-fs_free-run1-prior1	fs_free	run1	1.0	False	similar_minus_dissimilar	sample_mean	gamma	-0.006937170986860192	0.03193758773809933	-0.06913250291441472	-0.006793921802232981	0.05671992520552747
fit-fs_free-run1-prior1	fs_free	run1	1.0	False	similar_minus_dissimilar	sub-104	f0	0.04274096964565498	0.28373589256430876	-0.5761417972073251	0.02982365806399999	0.6223982399318749
fit-fs_free-run1-prior1	fs_free	run1	1.0	False	similar_minus_dissimilar	sub-105	f0	1.0913387643841317	1.2004603888680867	-1.039022449190751	1.005497970349999	3.762006206713999
fit-fs_free-run1-prior1	fs_free	run1	1.0	False	similar_minus_dissimilar	sub-106	f0	0.4794573133100433	1.0310976320825036	-1.6284851801450007	0.4889213831999992	2.4988730146249982
fit-fs_free-run1-prior1	fs_free	run1	1.0	False	similar_minus_dissimilar	sub-107	f0	-0.9505339463187233	1.6556626261710496	-4.80498555677575	-0.5651601804999995	1.4046934412124998
fit-fs_free-run1-prior1	fs_free	run1	1.0	False	similar_minus_dissimilar	sub-108	f0	-1.1682977566587467	1.737610313103471	-4.799555756430251	-0.9465343216950002	1.5545852713249992
fit-fs_free-run1-prior1	fs_free	run1	1.0	False	similar_minus_dissimilar	sub-109	f0	0.10013647008047641	0.44994651817385484	-0.8422758007982499	0.05358886464000001	1.1238876921734982
fit-fs_free-run1-prior1	fs_free	run1	1.0	False	similar_minus_dissimilar	sub-110	f0	1.2357564069928935	1.2045047033119924	-0.8723872254377496	1.1352274107199998	3.8523145830882495
fit-fs_free-run1-prior1	fs_free	run1	1.0	False	similar_minus_dissimilar	sub-111	f0	2.02383101283848	1.5707083748888804	-0.5226113482124989	1.8985402658200004	5.346070857429249
fit-fs_free-run1-prior1	fs_free	run1	1.0	False	similar_minus_dissimilar	sub-112	f0	0.6841927454393433	0.9251759012086589	-1.0518047688127505	0.6370086092149998	2.656817904401997
fit-fs_free-run1-prior1	fs_free	run1	1.0	False	similar_minus_dissimilar	sub-113	f0	0.26208751515595335	1.1909569878512842	-2.3189197756787507	0.3153026800999994	2.4519567065374996
fit-fs_free-run1-prior1	fs_free	run1	1.0	False	similar_minus_dissimilar	sub-115	f0	0.5001981412051083	1.2284059171017847	-1.6411628537337497	0.23713828362550005	3.6265841461214947
fit-fs_free-run1-prior1	fs_free	run1	1.0	False	similar_minus_dissimilar	sub-116	f0	0.06388862452976332	1.0671393124755446	-2.1417349729825	0.09957277469999948	2.0789560783850005
fit-fs_free-run1-prior1	fs_free	run1	1.0	False	similar_minus_dissimilar	sub-117	f0	0.3278835098703412	0.7763163534494827	-1.2064786863545	0.31667606987999974	1.919685238426248
fit-fs_free-run1-prior1	fs_free	run1	1.0	False	similar_minus_dissimilar	sub-118	f0	-0.006856532319440004	1.4964567286131056	-3.3550610351772505	0.12896825384999921	2.729069474864248
fit-fs_free-run1-prior1	fs_free	run1	1.0	False	similar_minus_dissimilar	sub-121	f0	0.14943360273036999	1.2096950775483815	-2.3285607446850003	0.17880034381499943	2.5243796820297497
fit-fs_free-run1-prior1	fs_free	run1	1.0	False	similar_minus_dissimilar	sub-122	f0	-0.005383088705384297	0.4134154093393354	-1.05838366179725	0.019780632967	0.6511652905828981
fit-fs_free-run1-prior1	fs_free	run1	1.0	False	similar_minus_dissimilar	sub-124	f0	0.3341516869005825	0.5672698246245536	-0.555462022995325	0.210427752465	1.7126735206289996
fit-fs_free-run1-prior1	fs_free	run1	1.0	False	similar_minus_dissimilar	sub-125	f0	-0.22099451946911336	1.3886864152529694	-3.247403589086999	-0.053107466374999746	2.2223505233005003
fit-fs_free-run1-prior1	fs_free	run1	1.0	False	similar_minus_dissimilar	sub-126	f0	0.06831737132776677	0.2621268321052835	-0.4400606789242499	0.03418302121900002	0.680725520347375
fit-fs_free-run1-prior1	fs_free	run1	1.0	False	similar_minus_dissimilar	sub-127	f0	1.0893135041295285	1.0696001485849582	-0.6959985817424995	0.9756805897000005	3.516395678262495
fit-fs_free-run1-prior1	fs_free	run1	1.0	False	similar_minus_dissimilar	sub-128	f0	0.008813201371583323	0.17197862070274408	-0.3811012706325004	0.012202282750001459	0.3391366953199989
fit-fs_free-run1-prior1	fs_free	run1	1.0	False	similar_minus_dissimilar	sub-129	f0	0.259206406029385	1.1342107877856553	-1.9922011772624997	0.2697577655200005	2.511895030561248
fit-fs_free-run1-prior1	fs_free	run1	1.0	False	similar_minus_dissimilar	sub-130	f0	0.04989112505684136	0.24584386861525298	-0.4251639389232999	0.02555067726345	0.5712462071823489
fit-fs_free-run1-prior1	fs_free	run1	1.0	False	similar_minus_dissimilar	sub-132	f0	0.04441212814714904	0.3113082604760273	-0.5950461314215	0.024543915660499946	0.6556470396891493
fit-fs_free-run1-prior1	fs_free	run1	1.0	False	similar_minus_dissimilar	sub-133	f0	0.054603754607414394	0.32447868683972086	-0.6507387027125001	0.03190238037049985	0.7435259948097493
fit-fs_free-run1-prior1	fs_free	run1	1.0	False	similar_minus_dissimilar	sub-134	f0	0.11386591080783179	0.5406650430274483	-1.08207026713525	0.0882361230765	1.2242004414171248
fit-fs_free-run1-prior1	fs_free	run1	1.0	False	similar_minus_dissimilar	sub-135	f0	0.16982597032321667	0.4804551451926788	-0.6213147219775002	0.07740913870000021	1.366757625277498
fit-fs_free-run1-prior1	fs_free	run1	1.0	False	similar_minus_dissimilar	sub-136	f0	0.5784678253732283	1.0440442856863574	-1.4984283861900003	0.5694783516400004	2.6773807992250003
fit-fs_free-run1-prior1	fs_free	run1	1.0	False	similar_minus_dissimilar	sub-137	f0	-0.12064761532515002	1.1075169213740155	-2.4005316620799997	-0.06444049834999976	1.8870228955199997
fit-fs_free-run1-prior1	fs_free	run1	1.0	False	similar_minus_dissimilar	sub-138	f0	0.16335673645024884	1.175522289101614	-2.37395155603275	0.15755292084000017	2.5479574973134973
fit-fs_free-run1-prior1	fs_free	run1	1.0	False	similar_minus_dissimilar	sub-140	f0	0.39689440756564165	0.9914017203452815	-1.5406609776289997	0.25690278041500003	2.5805399472007493
fit-fs_free-run1-prior1	fs_free	run1	1.0	False	similar_minus_dissimilar	sub-141	f0	0.04737733210807844	0.2626542477144729	-0.45583864145664993	0.025072141675499995	0.6010512683668247
fit-fs_free-run1-prior1	fs_free	run1	1.0	False	similar_minus_dissimilar	sub-142	f0	0.09992753286354203	0.32893952628302364	-0.49934215800820003	0.03886147371649999	0.9158123270239996
fit-fs_free-run1-prior1	fs_free	run1	1.0	False	similar_minus_dissimilar	sub-143	f0	0.054844233511371895	0.7191714875456098	-1.5683025155707497	0.06910243313449999	1.4368625895955243
fit-fs_free-run1-prior1	fs_free	run1	1.0	False	similar_minus_dissimilar	sub-144	f0	-0.05146359675336665	0.8195399874976419	-1.9368581256074997	0.02924181415000149	1.4408763411799974
fit-fs_free-run1-prior1	fs_free	run1	1.0	False	similar_minus_dissimilar	sub-147	f0	0.6094497702699211	0.893114656649749	-0.9010564600542498	0.4726969586749996	2.6977381016992483
fit-fs_free-run1-prior1	fs_free	run1	1.0	False	similar_minus_dissimilar	sub-149	f0	-0.06464970700573425	0.7352335680252354	-1.8604102635297504	0.024415938764000084	1.234543221315249
fit-fs_free-run1-prior1	fs_free	run1	1.0	False	similar_minus_dissimilar	sub-150	f0	-0.05814075728856166	1.244004707298246	-2.69312445984775	0.028245391395000485	2.2131848385432478
fit-fs_free-run1-prior1	fs_free	run1	1.0	False	similar_minus_dissimilar	sub-151	f0	0.7336650162213584	1.0654265513937176	-1.3804287210317507	0.7132440541000005	2.894597403294748
fit-fs_free-run1-prior1	fs_free	run1	1.0	False	similar_minus_dissimilar	sub-152	f0	0.04407799228334715	0.2907715723479529	-0.5614022249298499	0.024838388494000024	0.6664578179369994
fit-fs_free-run1-prior1	fs_free	run1	1.0	False	similar_minus_dissimilar	sub-153	f0	0.5382711570514533	1.022453308026571	-1.48772646889475	0.5134618294799997	2.697818932391999
fit-fs_free-run1-prior1	fs_free	run1	1.0	False	similar_minus_dissimilar	sub-154	f0	0.20422599713294998	0.8564617685887178	-1.617920066134999	0.203249249449998	1.8976195157524962
fit-fs_free-run1-prior1	fs_free	run1	1.0	False	similar_minus_dissimilar	sub-155	f0	0.03915106112499998	0.2117244884197762	-0.3944969800625026	0.02773404100000043	0.5024232569849991
fit-fs_free-run1-prior1	fs_free	run1	1.0	False	similar_minus_dissimilar	sub-156	f0	0.07139602541308053	0.2672144418997579	-0.42523321156515	0.03127365052150001	0.7272146431048749
fit-fs_free-run1-prior1	fs_free	run1	1.0	False	similar_minus_dissimilar	sub-157	f0	0.23550473574598565	0.9324948566649847	-1.7038347219675	0.2514328676349997	2.0500809653809995
fit-fs_free-run1-prior1	fs_free	run1	1.0	False	similar_minus_dissimilar	sub-158	f0	-0.04377357213011665	0.8847715293385954	-1.989160791462501	0.048025256500002556	1.5140345376649988
fit-fs_free-run1-prior1	fs_free	run1	1.0	False	similar_minus_dissimilar	sub-159	f0	0.2478062129113167	0.6554639670235487	-1.0966462290749996	0.24554695254999892	1.5496605326224988
fit-fs_free-run1-prior1	fs_free	run1	1.0	False	similar_minus_dissimilar	sample_mean	f0	0.22397917189225627	0.3910680431996398	-0.4550023917141548	0.1853354541773383	1.0970592636276055
fit-fs_free-run1-prior1	fs_free	run1	1.0	False	human_minus_computer	sub-104	alpha	-0.006837143110103997	0.07086085171981847	-0.16847549601605002	-0.003306554526499972	0.1458914352525999
fit-fs_free-run1-prior1	fs_free	run1	1.0	False	human_minus_computer	sub-105	alpha	-0.016790604951595	0.07410149149189449	-0.2028588407553625	-0.0050484064799999895	0.12080808902188746
fit-fs_free-run1-prior1	fs_free	run1	1.0	False	human_minus_computer	sub-106	alpha	-0.005777093225949084	0.051400236566559045	-0.1172999319972125	-0.00381653465549997	0.11057355784579977
fit-fs_free-run1-prior1	fs_free	run1	1.0	False	human_minus_computer	sub-107	alpha	-0.040289411529728085	0.08482410033037659	-0.24615217120806246	-0.012160660596249984	0.09111128316937485
fit-fs_free-run1-prior1	fs_free	run1	1.0	False	human_minus_computer	sub-108	alpha	-0.03156860490336789	0.08060409650907574	-0.23422537628221246	-0.009172889490250025	0.10228761652872476
fit-fs_free-run1-prior1	fs_free	run1	1.0	False	human_minus_computer	sub-109	alpha	-0.006498837998311037	0.07195352864266594	-0.16137843608645	-0.0032718699234999815	0.1446437626517625
fit-fs_free-run1-prior1	fs_free	run1	1.0	False	human_minus_computer	sub-110	alpha	0.014982119057331699	0.08144600088568951	-0.10930109070320006	-0.000933085110249976	0.24950731802333723
fit-fs_free-run1-prior1	fs_free	run1	1.0	False	human_minus_computer	sub-111	alpha	-0.008749230165054668	0.06808282417014093	-0.17007968425801245	-0.0036368743837499884	0.14041015394349995
fit-fs_free-run1-prior1	fs_free	run1	1.0	False	human_minus_computer	sub-112	alpha	-0.0006376315187822575	0.062186624091140265	-0.12488747544081263	-0.0024820127207500486	0.14606715651339985
fit-fs_free-run1-prior1	fs_free	run1	1.0	False	human_minus_computer	sub-113	alpha	-0.014298394094204416	0.06255752808479592	-0.17170051465912495	-0.004581828587999992	0.10070443922012501
fit-fs_free-run1-prior1	fs_free	run1	1.0	False	human_minus_computer	sub-115	alpha	-0.006760441350871493	0.07384718457230686	-0.17212532486280002	-0.0035277248389999905	0.15444131893822474
fit-fs_free-run1-prior1	fs_free	run1	1.0	False	human_minus_computer	sub-116	alpha	-0.0073784240028357505	0.053006624096181114	-0.12933889943660004	-0.0034087095617499896	0.10713464544952506
fit-fs_free-run1-prior1	fs_free	run1	1.0	False	human_minus_computer	sub-117	alpha	-0.007744688788732392	0.06157977030247054	-0.1501847302999749	-0.0032811935715000295	0.1163127440017746
fit-fs_free-run1-prior1	fs_free	run1	1.0	False	human_minus_computer	sub-118	alpha	-0.005582659790220467	0.07413392277342694	-0.16913751071001254	-0.0034826585309999936	0.15962847109409972
fit-fs_free-run1-prior1	fs_free	run1	1.0	False	human_minus_computer	sub-121	alpha	-0.04918387089795502	0.09925785441321026	-0.314747270766525	-0.011512043844499997	0.07619797271908753
fit-fs_free-run1-prior1	fs_free	run1	1.0	False	human_minus_computer	sub-122	alpha	-0.005548612701756767	0.07519010623677126	-0.16262606778083752	-0.0028662607830000075	0.1641875285156373
fit-fs_free-run1-prior1	fs_free	run1	1.0	False	human_minus_computer	sub-124	alpha	-0.004407529891510218	0.07163134374629983	-0.1584157957989625	-0.0030778606492500304	0.15727873290423736
fit-fs_free-run1-prior1	fs_free	run1	1.0	False	human_minus_computer	sub-125	alpha	-0.0011366913312919993	0.0717273401458839	-0.15016701370320001	-0.0023486129035000247	0.1731546792231499
fit-fs_free-run1-prior1	fs_free	run1	1.0	False	human_minus_computer	sub-126	alpha	-0.0073204913879851815	0.07532980725657698	-0.1725569073404	-0.003967806473749946	0.15873448893848746
fit-fs_free-run1-prior1	fs_free	run1	1.0	False	human_minus_computer	sub-127	alpha	-0.006069054661217834	0.045536885181965366	-0.11033234249258754	-0.0033111629697500367	0.09355457753499993
fit-fs_free-run1-prior1	fs_free	run1	1.0	False	human_minus_computer	sub-128	alpha	-0.00322371336890075	0.02381560056007282	-0.053685629102437564	-0.0023374747514999794	0.04837894649142489
fit-fs_free-run1-prior1	fs_free	run1	1.0	False	human_minus_computer	sub-129	alpha	-0.005834477150234749	0.059622984699121875	-0.13738278072457505	-0.0030429970587499966	0.12799673767348646
fit-fs_free-run1-prior1	fs_free	run1	1.0	False	human_minus_computer	sub-130	alpha	-0.006235123663372158	0.07116516600140543	-0.15962435651733747	-0.003359046098500018	0.15261455120869993
fit-fs_free-run1-prior1	fs_free	run1	1.0	False	human_minus_computer	sub-132	alpha	-0.008305064901838508	0.07596455144181999	-0.18311314171807497	-0.00366464131449995	0.14903222496273683
fit-fs_free-run1-prior1	fs_free	run1	1.0	False	human_minus_computer	sub-133	alpha	-0.00646014300555323	0.07237033463551196	-0.16610788663761245	-0.00289155772399996	0.14805610128656216
fit-fs_free-run1-prior1	fs_free	run1	1.0	False	human_minus_computer	sub-134	alpha	-0.006312741217309697	0.07129538497984714	-0.16297044918371245	-0.0030051990430000064	0.1491089534753125
fit-fs_free-run1-prior1	fs_free	run1	1.0	False	human_minus_computer	sub-135	alpha	-0.004651352599689416	0.03626900973836253	-0.08636541582407496	-0.0030063445475000394	0.0706412342284248
fit-fs_free-run1-prior1	fs_free	run1	1.0	False	human_minus_computer	sub-136	alpha	0.0019531443942024155	0.05649309076580335	-0.10420605699309994	-0.0022452500032500433	0.14900811687963722
fit-fs_free-run1-prior1	fs_free	run1	1.0	False	human_minus_computer	sub-137	alpha	-0.012581269454210002	0.058588763399736676	-0.15726717102188756	-0.004947047972249929	0.10352227548883719
fit-fs_free-run1-prior1	fs_free	run1	1.0	False	human_minus_computer	sub-138	alpha	0.02278049073894906	0.1005688197974617	-0.1347883902354125	0.0003709784145000117	0.30170886444083717
fit-fs_free-run1-prior1	fs_free	run1	1.0	False	human_minus_computer	sub-140	alpha	-0.006152180885352849	0.0769503850863704	-0.18414390387555005	-0.0033835898547499577	0.17160151369927482
fit-fs_free-run1-prior1	fs_free	run1	1.0	False	human_minus_computer	sub-141	alpha	-0.00599064956785843	0.0715271585584259	-0.16740343842801877	-0.0029719486181250185	0.14829735363498736
fit-fs_free-run1-prior1	fs_free	run1	1.0	False	human_minus_computer	sub-142	alpha	-0.003932043130406961	0.07143792897529581	-0.16123227069921248	-0.002794116767500021	0.15516189847748724
fit-fs_free-run1-prior1	fs_free	run1	1.0	False	human_minus_computer	sub-143	alpha	-0.009505121142914406	0.0728347272011176	-0.1805886521860001	-0.003756574336000018	0.14137178721687485
fit-fs_free-run1-prior1	fs_free	run1	1.0	False	human_minus_computer	sub-144	alpha	-0.006169204235087001	0.044797037167041226	-0.10989364638815002	-0.003647809818750014	0.0906497711788874
fit-fs_free-run1-prior1	fs_free	run1	1.0	False	human_minus_computer	sub-147	alpha	-0.004043767031308544	0.07187240357181093	-0.1536289275568875	-0.0030398343337500466	0.1505034450264748
fit-fs_free-run1-prior1	fs_free	run1	1.0	False	human_minus_computer	sub-149	alpha	-0.005553653510462116	0.07020911242360546	-0.15438860089153758	-0.003264469935500003	0.15276365249928753
fit-fs_free-run1-prior1	fs_free	run1	1.0	False	human_minus_computer	sub-150	alpha	-0.0068338444489455166	0.07021824016999181	-0.16416409982676256	-0.003367843150249905	0.15019668470897468
fit-fs_free-run1-prior1	fs_free	run1	1.0	False	human_minus_computer	sub-151	alpha	0.0059457091090532495	0.06001241711854675	-0.09442263400791241	-0.0016388247732500028	0.16914237358153728
fit-fs_free-run1-prior1	fs_free	run1	1.0	False	human_minus_computer	sub-152	alpha	-0.007680852171724279	0.07302737711783831	-0.16794445398543748	-0.0032625390619999695	0.13956275203833715
fit-fs_free-run1-prior1	fs_free	run1	1.0	False	human_minus_computer	sub-153	alpha	-0.0204325677280785	0.07001508428034947	-0.21902040297543757	-0.00510332904325006	0.08575327259181247
fit-fs_free-run1-prior1	fs_free	run1	1.0	False	human_minus_computer	sub-154	alpha	0.0072721448688211655	0.06032176325515965	-0.10034728031497497	-0.001381249540000018	0.16931588522811247
fit-fs_free-run1-prior1	fs_free	run1	1.0	False	human_minus_computer	sub-155	alpha	0.00016256018112641624	0.02567806106642223	-0.04958478138559997	-0.0012782092092500363	0.06271869535133738
fit-fs_free-run1-prior1	fs_free	run1	1.0	False	human_minus_computer	sub-156	alpha	-0.005865430126205144	0.07520798119253287	-0.17587531539869997	-0.0029055145720000564	0.1612339130651374
fit-fs_free-run1-prior1	fs_free	run1	1.0	False	human_minus_computer	sub-157	alpha	0.008002993054286435	0.08053869081548877	-0.12602782240321247	-0.0019483340214999645	0.2380112406090496
fit-fs_free-run1-prior1	fs_free	run1	1.0	False	human_minus_computer	sub-158	alpha	-0.012760624777645665	0.052833678498167586	-0.1423298631101625	-0.00452754243850001	0.0901468880089375
fit-fs_free-run1-prior1	fs_free	run1	1.0	False	human_minus_computer	sub-159	alpha	0.008848791952077752	0.052530087848532185	-0.07136253011781257	-0.0009313063665000176	0.15635818043297484
fit-fs_free-run1-prior1	fs_free	run1	1.0	False	human_minus_computer	sample_mean	alpha	-0.006620325256653686	0.041568015384826365	-0.09150407149019388	-0.004990354434941481	0.07857174086222148
fit-fs_free-run1-prior1	fs_free	run1	1.0	False	human_minus_computer	sub-104	gamma	0.00584106646815475	0.03906798712275509	-0.06662986076732495	0.0008540679645000493	0.10330094360738702
fit-fs_free-run1-prior1	fs_free	run1	1.0	False	human_minus_computer	sub-105	gamma	-0.0015446336181667497	0.10125285895656495	-0.22905831990880002	0.00014614587650002564	0.2075999404780875
fit-fs_free-run1-prior1	fs_free	run1	1.0	False	human_minus_computer	sub-106	gamma	0.008117881758927251	0.04698490690939201	-0.07157204349026247	0.0009244896817500181	0.12904062806092476
fit-fs_free-run1-prior1	fs_free	run1	1.0	False	human_minus_computer	sub-107	gamma	0.07960998287346419	0.1260754819237222	-0.13315901207798747	0.057798602934749976	0.37388242844353725
fit-fs_free-run1-prior1	fs_free	run1	1.0	False	human_minus_computer	sub-108	gamma	0.03896086726322518	0.09966087078402641	-0.138062028538625	0.016754978884500005	0.2748052720231749
fit-fs_free-run1-prior1	fs_free	run1	1.0	False	human_minus_computer	sub-109	gamma	0.008705522503500002	0.0485315267821295	-0.07691866141140007	0.0011985920457500132	0.1333500691599499
fit-fs_free-run1-prior1	fs_free	run1	1.0	False	human_minus_computer	sub-110	gamma	0.11787590911515636	0.14921181044106363	-0.09026985107025003	0.08074707817024993	0.47337226405976235
fit-fs_free-run1-prior1	fs_free	run1	1.0	False	human_minus_computer	sub-111	gamma	-0.001576809451088766	0.09588704998236641	-0.23302523728959995	0.0006550280492499949	0.19601913479809996
fit-fs_free-run1-prior1	fs_free	run1	1.0	False	human_minus_computer	sub-112	gamma	0.01126788174914142	0.054646703411463035	-0.08408214885656247	0.0016721528842499889	0.16087007606441242
fit-fs_free-run1-prior1	fs_free	run1	1.0	False	human_minus_computer	sub-113	gamma	0.017600361382583585	0.06571180441523837	-0.0902901873350374	0.0022295226674999835	0.1989774150238994
fit-fs_free-run1-prior1	fs_free	run1	1.0	False	human_minus_computer	sub-115	gamma	0.01512710543781979	0.04596051842668959	-0.090205527123175	0.017330979534315005	0.10177383744846123
fit-fs_free-run1-prior1	fs_free	run1	1.0	False	human_minus_computer	sub-116	gamma	0.007230051209163751	0.04692748054426127	-0.07937222184862495	0.0009161510947500173	0.1261951090045123
fit-fs_free-run1-prior1	fs_free	run1	1.0	False	human_minus_computer	sub-117	gamma	0.0056173897814449985	0.046279540769498605	-0.07969554112836244	0.0005933273382499604	0.11766653030988695
fit-fs_free-run1-prior1	fs_free	run1	1.0	False	human_minus_computer	sub-118	gamma	0.12784446805921498	0.09777642529950444	-0.04886094341596252	0.12182137982475003	0.33391541072801745
fit-fs_free-run1-prior1	fs_free	run1	1.0	False	human_minus_computer	sub-121	gamma	0.025604812474623918	0.09164536158263525	-0.14441729686863755	0.006632434407500054	0.2531437023888248
fit-fs_free-run1-prior1	fs_free	run1	1.0	False	human_minus_computer	sub-122	gamma	0.02307507826364658	0.08730409089441257	-0.13598119510176251	0.004634392490749983	0.25158270417283746
fit-fs_free-run1-prior1	fs_free	run1	1.0	False	human_minus_computer	sub-124	gamma	0.006034002609924168	0.04782890947756465	-0.08768075461751249	0.0008584998842500191	0.1294308141287495
fit-fs_free-run1-prior1	fs_free	run1	1.0	False	human_minus_computer	sub-125	gamma	-0.005259188518277907	0.12472267330271428	-0.28363063381809994	0.0032890579347500393	0.22245989040071243
fit-fs_free-run1-prior1	fs_free	run1	1.0	False	human_minus_computer	sub-126	gamma	0.007661453856982165	0.04261050678763926	-0.06663933459891254	0.0011522474532499882	0.11459367745463725
fit-fs_free-run1-prior1	fs_free	run1	1.0	False	human_minus_computer	sub-127	gamma	0.004403871071780833	0.04866390803120302	-0.093827867926975	0.0006078893129999319	0.11632361052306248
fit-fs_free-run1-prior1	fs_free	run1	1.0	False	human_minus_computer	sub-128	gamma	0.0042508784636970005	0.05277135284925162	-0.10587071244958748	0.0006957415897499986	0.13070553228605
fit-fs_free-run1-prior1	fs_free	run1	1.0	False	human_minus_computer	sub-129	gamma	0.014608240001725583	0.06170461572542882	-0.09194986160731251	0.0020960216234999773	0.17497922476356234
fit-fs_free-run1-prior1	fs_free	run1	1.0	False	human_minus_computer	sub-130	gamma	0.028106621946078082	0.07873300015780138	-0.07501005973928748	0.003825575002249948	0.2584666837514123
fit-fs_free-run1-prior1	fs_free	run1	1.0	False	human_minus_computer	sub-132	gamma	0.005779993488940333	0.042304591805891835	-0.072093629816125	0.0007061102537499475	0.11145550973671225
fit-fs_free-run1-prior1	fs_free	run1	1.0	False	human_minus_computer	sub-133	gamma	0.003514381185297668	0.04280716911781134	-0.0844687724356875	0.0006101699602499844	0.10108300931586238
fit-fs_free-run1-prior1	fs_free	run1	1.0	False	human_minus_computer	sub-134	gamma	0.020748727068509002	0.07133335629621243	-0.0985252087084875	0.0030613919587499927	0.21388675003509997
fit-fs_free-run1-prior1	fs_free	run1	1.0	False	human_minus_computer	sub-135	gamma	-0.01554823926600025	0.13626128454236108	-0.3440930572932275	0.005624550183124993	0.1986780221585431
fit-fs_free-run1-prior1	fs_free	run1	1.0	False	human_minus_computer	sub-136	gamma	0.005040449472609332	0.043606690859241605	-0.07438702383538741	0.000658587348000006	0.10747036483012497
fit-fs_free-run1-prior1	fs_free	run1	1.0	False	human_minus_computer	sub-137	gamma	0.007698220820824	0.0490397606927029	-0.0806077225715875	0.0008915069835000455	0.13203496320023708
fit-fs_free-run1-prior1	fs_free	run1	1.0	False	human_minus_computer	sub-138	gamma	0.008955607573057392	0.14464992065933005	-0.32722703393193747	0.015597335324250033	0.2731026828962872
fit-fs_free-run1-prior1	fs_free	run1	1.0	False	human_minus_computer	sub-140	gamma	-0.012765230281489608	0.13628243567104192	-0.3354243405435125	0.004410987622749968	0.20700149176234997
fit-fs_free-run1-prior1	fs_free	run1	1.0	False	human_minus_computer	sub-141	gamma	0.025387960051637747	0.07600151362998116	-0.08561650109384988	0.0036311946869999057	0.24411797931026236
fit-fs_free-run1-prior1	fs_free	run1	1.0	False	human_minus_computer	sub-142	gamma	0.0027147462612870823	0.04462575097656548	-0.09554699639577512	0.000657405433499958	0.1045415748929249
fit-fs_free-run1-prior1	fs_free	run1	1.0	False	human_minus_computer	sub-143	gamma	0.002478682973463583	0.05476181417298751	-0.12043635955553753	0.0006242743677500329	0.12674427010443734
fit-fs_free-run1-prior1	fs_free	run1	1.0	False	human_minus_computer	sub-144	gamma	0.0038959529770284168	0.043353474738600975	-0.08842385151937512	0.0006049573745000036	0.10778914449522485
fit-fs_free-run1-prior1	fs_free	run1	1.0	False	human_minus_computer	sub-147	gamma	0.1098690214907114	0.131502411517181	-0.10641995632296253	0.09245858075324997	0.4145207903676624
fit-fs_free-run1-prior1	fs_free	run1	1.0	False	human_minus_computer	sub-149	gamma	0.004706649264523999	0.05218301557757209	-0.10729762081621246	0.0007076612530000359	0.1303213531333747
fit-fs_free-run1-prior1	fs_free	run1	1.0	False	human_minus_computer	sub-150	gamma	0.0075696539534615	0.0806650190846186	-0.16204493860914998	0.0012783267832500167	0.19809769558228732
fit-fs_free-run1-prior1	fs_free	run1	1.0	False	human_minus_computer	sub-151	gamma	0.009528789026620584	0.048963368096442396	-0.07288626997276257	0.0010968584477500376	0.1412429027617498
fit-fs_free-run1-prior1	fs_free	run1	1.0	False	human_minus_computer	sub-152	gamma	0.004017029289446166	0.041388171733045556	-0.07441887617142501	0.0006244004112501145	0.10223492646465003
fit-fs_free-run1-prior1	fs_free	run1	1.0	False	human_minus_computer	sub-153	gamma	0.011922842088419332	0.054037668733519464	-0.07207046468368755	0.0013122776597500052	0.1564382527131872
fit-fs_free-run1-prior1	fs_free	run1	1.0	False	human_minus_computer	sub-154	gamma	-0.018988926524764794	0.13431012407922466	-0.32023298377123754	-0.006695376452250046	0.21791599924267485
fit-fs_free-run1-prior1	fs_free	run1	1.0	False	human_minus_computer	sub-155	gamma	0.0038455833849864152	0.04419337718712918	-0.08880281923422503	0.0006270926977499647	0.10694358047767483
fit-fs_free-run1-prior1	fs_free	run1	1.0	False	human_minus_computer	sub-156	gamma	0.007826275551305417	0.04433171311818623	-0.06478738484893748	0.0008453633925000203	0.12182454010719991
fit-fs_free-run1-prior1	fs_free	run1	1.0	False	human_minus_computer	sub-157	gamma	0.009699706967287417	0.059330730558422216	-0.10416470345104999	0.001280323570250097	0.1619642955054496
fit-fs_free-run1-prior1	fs_free	run1	1.0	False	human_minus_computer	sub-158	gamma	0.010356607519322334	0.05989115518372818	-0.09913347166379997	0.0011297837447499792	0.16752345125042487
fit-fs_free-run1-prior1	fs_free	run1	1.0	False	human_minus_computer	sub-159	gamma	0.005413314276652076	0.06932654944244922	-0.1417501643694124	0.0007748652070000972	0.1707402668849999
fit-fs_free-run1-prior1	fs_free	run1	1.0	False	human_minus_computer	sample_mean	gamma	0.01644320453863527	0.029786192599781828	-0.040775226082307894	0.015517878083679253	0.0763730036495689
fit-fs_free-run1-prior1	fs_free	run1	1.0	False	human_minus_computer	sub-104	f0	0.004865650545798757	0.25914072698507423	-0.5452655064041876	0.0016694715059999837	0.5713396793866743
fit-fs_free-run1-prior1	fs_free	run1	1.0	False	human_minus_computer	sub-105	f0	-0.5441854902029092	1.3013173358766432	-3.322175405068874	-0.4669552053924999	1.919857177174619
fit-fs_free-run1-prior1	fs_free	run1	1.0	False	human_minus_computer	sub-106	f0	-0.20759052132545336	1.0527230534148015	-2.292947983742499	-0.2155854781000004	1.888453535168751
fit-fs_free-run1-prior1	fs_free	run1	1.0	False	human_minus_computer	sub-107	f0	-0.9573691641840351	1.244756411042496	-3.6798554919625004	-0.7776530769800001	1.0827418984962494
fit-fs_free-run1-prior1	fs_free	run1	1.0	False	human_minus_computer	sub-108	f0	-0.7731621541274567	1.2338855070652208	-3.3981807751696254	-0.6266473526399992	1.4049861628493763
fit-fs_free-run1-prior1	fs_free	run1	1.0	False	human_minus_computer	sub-109	f0	0.007412010042260416	0.44256771830754665	-1.020494653232375	0.006445729592925098	0.9332730487531494
fit-fs_free-run1-prior1	fs_free	run1	1.0	False	human_minus_computer	sub-110	f0	0.57992572889939	1.251695599229528	-1.7431203036010006	0.5231662528099994	3.2390600755221244
fit-fs_free-run1-prior1	fs_free	run1	1.0	False	human_minus_computer	sub-111	f0	-0.04644711055562165	1.1571063579831786	-2.397625749981626	-0.035822607650001004	2.230181698024
fit-fs_free-run1-prior1	fs_free	run1	1.0	False	human_minus_computer	sub-112	f0	0.280413739133608	0.855902482421805	-1.32992878190075	0.2532892415200001	2.010866568333998
fit-fs_free-run1-prior1	fs_free	run1	1.0	False	human_minus_computer	sub-113	f0	-0.8919846673229901	1.116854503592319	-3.19289854549875	-0.8428493796700005	1.1701817805749986
fit-fs_free-run1-prior1	fs_free	run1	1.0	False	human_minus_computer	sub-115	f0	0.026186482454118844	1.1527458352717324	-2.4625177971531262	0.009693186565249937	2.4615680343086237
fit-fs_free-run1-prior1	fs_free	run1	1.0	False	human_minus_computer	sub-116	f0	-0.19909204173156173	0.9655401017136793	-2.0700977875974997	-0.20296406697500036	1.73208799646375
fit-fs_free-run1-prior1	fs_free	run1	1.0	False	human_minus_computer	sub-117	f0	-0.1058264891844511	0.7175726008387985	-1.5506948644975	-0.09719263570000014	1.2822867321653748
fit-fs_free-run1-prior1	fs_free	run1	1.0	False	human_minus_computer	sub-118	f0	-0.08207784254202166	1.4671665595890024	-3.0747992812811247	-0.07174345873500076	2.8419299104731235
fit-fs_free-run1-prior1	fs_free	run1	1.0	False	human_minus_computer	sub-121	f0	-2.1104456639982865	1.6294322278051374	-5.162889498768375	-2.1552192466125	0.8240127972187498
fit-fs_free-run1-prior1	fs_free	run1	1.0	False	human_minus_computer	sub-122	f0	0.03622161569659363	0.378443026284562	-0.6043363771989001	0.0065611459589749975	0.8325086622769998
fit-fs_free-run1-prior1	fs_free	run1	1.0	False	human_minus_computer	sub-124	f0	0.06704152982612141	0.4842453138502982	-0.9537042913161251	0.027848731662500015	1.1230114708767986
fit-fs_free-run1-prior1	fs_free	run1	1.0	False	human_minus_computer	sub-125	f0	0.4025842194871183	1.1932505297993357	-1.8368117935806243	0.32409444802500076	3.0111894517262416
fit-fs_free-run1-prior1	fs_free	run1	1.0	False	human_minus_computer	sub-126	f0	-0.033904633439343884	0.2860157174530566	-0.7483791371517625	-0.0017146883152249978	0.4484199798418499
fit-fs_free-run1-prior1	fs_free	run1	1.0	False	human_minus_computer	sub-127	f0	-0.21430713175003083	0.8504776907139038	-1.89334719082625	-0.18700329652499903	1.4261568662474986
fit-fs_free-run1-prior1	fs_free	run1	1.0	False	human_minus_computer	sub-128	f0	-0.007840658170341692	0.1582578217087791	-0.3562116988975001	-0.0035823119499998057	0.3200927645362501
fit-fs_free-run1-prior1	fs_free	run1	1.0	False	human_minus_computer	sub-129	f0	-0.2113044506374042	1.0752778671935308	-2.393301151767501	-0.20536731248749973	1.9119073967784994
fit-fs_free-run1-prior1	fs_free	run1	1.0	False	human_minus_computer	sub-130	f0	-0.00037494889275664384	0.24847686046441256	-0.52533915209565	0.0009379447307675043	0.4906734434020244
fit-fs_free-run1-prior1	fs_free	run1	1.0	False	human_minus_computer	sub-132	f0	-0.02825378319237232	0.3128054980986927	-0.7546471935354128	-0.0020509468117749924	0.5239611554074987
fit-fs_free-run1-prior1	fs_free	run1	1.0	False	human_minus_computer	sub-133	f0	0.03423979218466158	0.3337078534704311	-0.5717614404519125	0.009251107146874993	0.7636288092997499
fit-fs_free-run1-prior1	fs_free	run1	1.0	False	human_minus_computer	sub-134	f0	0.04944703394579951	0.5409661904268759	-1.0747712571433747	0.03194019817725019	1.1745407335190996
fit-fs_free-run1-prior1	fs_free	run1	1.0	False	human_minus_computer	sub-135	f0	-0.03156926364569164	0.41119205141216075	-0.9526719139162492	-0.012013322974999241	0.8283668656475015
fit-fs_free-run1-prior1	fs_free	run1	1.0	False	human_minus_computer	sub-136	f0	0.6832170158534976	0.959642187628643	-1.1333409541926251	0.6525241664750006	2.6388626622516225
fit-fs_free-run1-prior1	fs_free	run1	1.0	False	human_minus_computer	sub-137	f0	-0.34799130165610004	1.0597707921287123	-2.4975829400237486	-0.31728673800000085	1.6976951131699984
fit-fs_free-run1-prior1	fs_free	run1	1.0	False	human_minus_computer	sub-138	f0	1.11209748603509	1.4105206294236772	-1.1163934598847491	0.8845303446850001	4.190256662939122
fit-fs_free-run1-prior1	fs_free	run1	1.0	False	human_minus_computer	sub-140	f0	0.09146627521624144	0.9462915388774049	-1.7958354154180005	0.02979147239639996	2.179959741408249
fit-fs_free-run1-prior1	fs_free	run1	1.0	False	human_minus_computer	sub-141	f0	0.020514713367709794	0.2437429453859013	-0.4397299554364125	0.0058167154515750205	0.5767082578223498
fit-fs_free-run1-prior1	fs_free	run1	1.0	False	human_minus_computer	sub-142	f0	0.08766592609232418	0.31338392823019634	-0.4268013659626625	0.01948303785274999	0.9027738978581245
fit-fs_free-run1-prior1	fs_free	run1	1.0	False	human_minus_computer	sub-143	f0	-0.005897255163676961	0.6461426813143807	-1.305699169131	-0.003984977555749947	1.3218036964731221
fit-fs_free-run1-prior1	fs_free	run1	1.0	False	human_minus_computer	sub-144	f0	-0.04509122485823336	0.7450437720579057	-1.5469591665650013	-0.03580032397499977	1.4688524663612497
fit-fs_free-run1-prior1	fs_free	run1	1.0	False	human_minus_computer	sub-147	f0	0.10853145335722908	0.7771227192223633	-1.4664820037804998	0.04444896292000011	1.800564449025
fit-fs_free-run1-prior1	fs_free	run1	1.0	False	human_minus_computer	sub-149	f0	0.18135418733977254	0.6307200337703415	-0.978018236533625	0.09329736187170001	1.6043776588173748
fit-fs_free-run1-prior1	fs_free	run1	1.0	False	human_minus_computer	sub-150	f0	0.22556296565801587	1.0586717500243947	-1.806637206371375	0.21334692898499963	2.3510850909574996
fit-fs_free-run1-prior1	fs_free	run1	1.0	False	human_minus_computer	sub-151	f0	0.8932076397179074	1.1515609462601217	-1.2303191406595018	0.8163225058750001	3.2797190018094997
fit-fs_free-run1-prior1	fs_free	run1	1.0	False	human_minus_computer	sub-152	f0	-0.013829811913143867	0.29024879671780596	-0.6440190042325002	0.0005389619688500359	0.544726028960249
fit-fs_free-run1-prior1	fs_free	run1	1.0	False	human_minus_computer	sub-153	f0	-1.5787274590673084	1.2288895064835446	-4.0955175437585005	-1.5350369942025002	0.6658058554524995
fit-fs_free-run1-prior1	fs_free	run1	1.0	False	human_minus_computer	sub-154	f0	0.44023105146072505	0.9122894461271837	-1.1297990246312497	0.3127942659750014	2.524380504225
fit-fs_free-run1-prior1	fs_free	run1	1.0	False	human_minus_computer	sub-155	f0	0.021356428014899995	0.2059120389413888	-0.3839181541737478	0.0019060032749997902	0.5185129538912482
fit-fs_free-run1-prior1	fs_free	run1	1.0	False	human_minus_computer	sub-156	f0	-0.0013921684900182417	0.2614589331702009	-0.576984106494725	0.0019017015942499951	0.5483382395223746
fit-fs_free-run1-prior1	fs_free	run1	1.0	False	human_minus_computer	sub-157	f0	0.8184507950172466	0.9451474804817459	-0.8744386096840004	0.7568410355499999	2.8121297989306226
fit-fs_free-run1-prior1	fs_free	run1	1.0	False	human_minus_computer	sub-158	f0	-0.32494549837395836	0.8583664554997866	-2.0853788660325008	-0.2747235022749992	1.3052728090200014
fit-fs_free-run1-prior1	fs_free	run1	1.0	False	human_minus_computer	sub-159	f0	0.5412786555816249	0.8494645401523064	-0.8059101736662496	0.41484088527499985	2.5152704234199987
fit-fs_free-run1-prior1	fs_free	run1	1.0	False	human_minus_computer	sample_mean	f0	-0.04362421998930665	0.31338429993703293	-0.6359875073830261	-0.06079131429705895	0.6135965822569026
fit-logistic-full-prior1	logistic	full	1.0	True	similar_minus_dissimilar	sub-104	intercept_at_5	0.0038741048408100056	0.6681397052904063	-1.36077816397775	0.0016540769799999744	1.36215285708825
fit-logistic-full-prior1	logistic	full	1.0	True	similar_minus_dissimilar	sub-105	intercept_at_5	-0.5717346124802718	0.5721987577068962	-1.7896207810987501	-0.5258585354549998	0.4285017226502493
fit-logistic-full-prior1	logistic	full	1.0	True	similar_minus_dissimilar	sub-106	intercept_at_5	-0.001209073366132496	0.618818464138698	-1.2566991833952499	0.008493110464999898	1.2547945111132488
fit-logistic-full-prior1	logistic	full	1.0	True	similar_minus_dissimilar	sub-107	intercept_at_5	0.7210343539050652	0.5751632182513527	-0.28571501503003	0.68422449248	1.9300272743432236
fit-logistic-full-prior1	logistic	full	1.0	True	similar_minus_dissimilar	sub-108	intercept_at_5	0.8640550083594779	0.5822509827743858	-0.14727619290422495	0.83638490217	2.088005491990523
fit-logistic-full-prior1	logistic	full	1.0	True	similar_minus_dissimilar	sub-109	intercept_at_5	-0.22641708149224	0.5868633526223539	-1.4122235719232503	-0.20401018028999962	0.9046699474362484
fit-logistic-full-prior1	logistic	full	1.0	True	similar_minus_dissimilar	sub-110	intercept_at_5	-0.542845379554801	0.5514993134078429	-1.7551164468268747	-0.5105810213699999	0.45367028189739994
fit-logistic-full-prior1	logistic	full	1.0	True	similar_minus_dissimilar	sub-111	intercept_at_5	-1.043153917523865	0.6581851294628556	-2.39217969189745	-0.9963016938804999	0.10687532551774952
fit-logistic-full-prior1	logistic	full	1.0	True	similar_minus_dissimilar	sub-112	intercept_at_5	-0.026144474844251666	0.5619419607174099	-1.1414006879327498	-0.0325414698249995	1.0924878028835006
fit-logistic-full-prior1	logistic	full	1.0	True	similar_minus_dissimilar	sub-113	intercept_at_5	-0.2707830961810167	0.6144550143725003	-1.52693085920895	-0.23303421830820004	0.89319931305463
fit-logistic-full-prior1	logistic	full	1.0	True	similar_minus_dissimilar	sub-115	intercept_at_5	-0.3832710671106994	0.3803359658205886	-1.1488676615808602	-0.3714568576809	0.33950508609160407
fit-logistic-full-prior1	logistic	full	1.0	True	similar_minus_dissimilar	sub-116	intercept_at_5	0.09694554161444383	0.6077292484966007	-1.0882042319295002	0.08363873745000006	1.3473516410999964
fit-logistic-full-prior1	logistic	full	1.0	True	similar_minus_dissimilar	sub-117	intercept_at_5	-0.057624968530415	0.5552184481311634	-1.1743370915502507	-0.05542588305499985	1.0531049836692497
fit-logistic-full-prior1	logistic	full	1.0	True	similar_minus_dissimilar	sub-118	intercept_at_5	0.3894570217965454	0.4206757189555292	-0.399658477013025	0.37732327556249995	1.2411325726447497
fit-logistic-full-prior1	logistic	full	1.0	True	similar_minus_dissimilar	sub-121	intercept_at_5	0.16733762973603042	0.5344857687824902	-0.8653435162055002	0.15051734425999996	1.2628204909602494
fit-logistic-full-prior1	logistic	full	1.0	True	similar_minus_dissimilar	sub-122	intercept_at_5	0.4723593350126533	0.6133400055521858	-0.6356872772340002	0.4250203365549998	1.7877151987854984
fit-logistic-full-prior1	logistic	full	1.0	True	similar_minus_dissimilar	sub-124	intercept_at_5	-0.17153689166483832	0.5654353520987179	-1.3237403063495004	-0.14619459679999913	0.9701000600234998
fit-logistic-full-prior1	logistic	full	1.0	True	similar_minus_dissimilar	sub-125	intercept_at_5	0.02387290475307013	0.4891743046531501	-0.950901513162675	0.019225162952000024	1.0033154189682245
fit-logistic-full-prior1	logistic	full	1.0	True	similar_minus_dissimilar	sub-126	intercept_at_5	-0.02244210351239667	0.663470710667074	-1.380334259675	-0.013912967459999148	1.3311662580449992
fit-logistic-full-prior1	logistic	full	1.0	True	similar_minus_dissimilar	sub-127	intercept_at_5	-0.49496679471055827	0.6188743445332877	-1.81573078573975	-0.43820816924500017	0.5988425832389996
fit-logistic-full-prior1	logistic	full	1.0	True	similar_minus_dissimilar	sub-128	intercept_at_5	0.08380696247963332	0.5476572709876351	-1.0217086832985003	0.08200299183000048	1.188820519071498
fit-logistic-full-prior1	logistic	full	1.0	True	similar_minus_dissimilar	sub-129	intercept_at_5	0.26591474162410617	0.6045055569102079	-0.860923993243075	0.233886980914	1.5386338590802742
fit-logistic-full-prior1	logistic	full	1.0	True	similar_minus_dissimilar	sub-130	intercept_at_5	-0.005804203149534987	0.6852693507026019	-1.3776085814915	-0.014996303270000233	1.3831021819994989
fit-logistic-full-prior1	logistic	full	1.0	True	similar_minus_dissimilar	sub-132	intercept_at_5	-0.03738133221780998	0.6623578436141879	-1.3862636184532497	-0.031680102914999786	1.2664892800212508
fit-logistic-full-prior1	logistic	full	1.0	True	similar_minus_dissimilar	sub-133	intercept_at_5	-0.052624327972895006	0.6241137770631556	-1.3169157995494998	-0.05068203483499989	1.1577361201702496
fit-logistic-full-prior1	logistic	full	1.0	True	similar_minus_dissimilar	sub-134	intercept_at_5	-0.026364282555826672	0.5809353212659958	-1.2028909038479998	-0.026585579565000295	1.1370182758474998
fit-logistic-full-prior1	logistic	full	1.0	True	similar_minus_dissimilar	sub-135	intercept_at_5	-0.5605691913213253	0.5645271933437991	-1.78318188802525	-0.52593721585	0.4172462492372496
fit-logistic-full-prior1	logistic	full	1.0	True	similar_minus_dissimilar	sub-136	intercept_at_5	-0.7157160476106013	0.6078323599673757	-2.0005761084532496	-0.6738365996850002	0.3585642980232497
fit-logistic-full-prior1	logistic	full	1.0	True	similar_minus_dissimilar	sub-137	intercept_at_5	0.48399243015124366	0.6144441377267598	-0.6055592992245	0.45205770882499996	1.8236985629074995
fit-logistic-full-prior1	logistic	full	1.0	True	similar_minus_dissimilar	sub-138	intercept_at_5	-0.19843524259462916	0.4859891680826902	-1.1701028310910753	-0.18419793142499996	0.7233755232547499
fit-logistic-full-prior1	logistic	full	1.0	True	similar_minus_dissimilar	sub-140	intercept_at_5	0.13969502105776369	0.49748751750945325	-0.8296199563667499	0.12255532167999983	1.1695272110542492
fit-logistic-full-prior1	logistic	full	1.0	True	similar_minus_dissimilar	sub-141	intercept_at_5	-0.017571870640805003	0.6675878191267528	-1.3447479568190002	-0.026572245340000133	1.3687965503539972
fit-logistic-full-prior1	logistic	full	1.0	True	similar_minus_dissimilar	sub-142	intercept_at_5	-0.22760128483265835	0.6206515370860214	-1.5240903643497499	-0.19598286520499997	0.9653661264807498
fit-logistic-full-prior1	logistic	full	1.0	True	similar_minus_dissimilar	sub-143	intercept_at_5	0.4392633224122834	0.6111102575166689	-0.6861478643799996	0.40937275909500004	1.7519029898244993
fit-logistic-full-prior1	logistic	full	1.0	True	similar_minus_dissimilar	sub-144	intercept_at_5	0.2218477980048217	0.5871022343407166	-0.9010938073097488	0.20229070675999994	1.4066573361489996
fit-logistic-full-prior1	logistic	full	1.0	True	similar_minus_dissimilar	sub-147	intercept_at_5	-0.4316919068066897	0.5370560192162394	-1.5605256782649999	-0.41585693883999975	0.5800213177222499
fit-logistic-full-prior1	logistic	full	1.0	True	similar_minus_dissimilar	sub-149	intercept_at_5	0.32828176803396664	0.5982876940412856	-0.7776259896559997	0.29555841870999977	1.5791088684777497
fit-logistic-full-prior1	logistic	full	1.0	True	similar_minus_dissimilar	sub-150	intercept_at_5	0.4436423955933787	0.5714824775645292	-0.6147447394325003	0.4114375350999999	1.6251359429292493
fit-logistic-full-prior1	logistic	full	1.0	True	similar_minus_dissimilar	sub-151	intercept_at_5	-0.2843278062256068	0.621313186811159	-1.5403544350657499	-0.25267922566595	0.8783345431799374
fit-logistic-full-prior1	logistic	full	1.0	True	similar_minus_dissimilar	sub-152	intercept_at_5	-0.001136114465851668	0.6697080988322063	-1.3560075936347507	0.0008286267050006124	1.3485807055757477
fit-logistic-full-prior1	logistic	full	1.0	True	similar_minus_dissimilar	sub-153	intercept_at_5	0.19760452320697164	0.5711940052578158	-0.9057348499570003	0.1687561307600003	1.403183242079249
fit-logistic-full-prior1	logistic	full	1.0	True	similar_minus_dissimilar	sub-154	intercept_at_5	0.17117809111909665	0.5336672989292539	-0.8679512744985002	0.14346672932499982	1.3034107264764987
fit-logistic-full-prior1	logistic	full	1.0	True	similar_minus_dissimilar	sub-155	intercept_at_5	0.032067671431751675	0.5470538379613175	-1.0470299697909993	0.024005165599999323	1.1587549959150008
fit-logistic-full-prior1	logistic	full	1.0	True	similar_minus_dissimilar	sub-156	intercept_at_5	-0.012095365233123332	0.6715234651019225	-1.3253402888377506	-0.006562027940000714	1.3332016887759968
fit-logistic-full-prior1	logistic	full	1.0	True	similar_minus_dissimilar	sub-157	intercept_at_5	-0.22289972996110566	0.5521327562545066	-1.3619339719187502	-0.20212134957500005	0.8568776182634993
fit-logistic-full-prior1	logistic	full	1.0	True	similar_minus_dissimilar	sub-158	intercept_at_5	0.25958342750410685	0.5606694470340199	-0.80086680977425	0.23201191179000014	1.4383208758542498
fit-logistic-full-prior1	logistic	full	1.0	True	similar_minus_dissimilar	sub-159	intercept_at_5	0.299393013720363	0.5136713657000993	-0.63710165851425	0.2697710218100001	1.3793454992162488
fit-logistic-full-prior1	logistic	full	1.0	True	similar_minus_dissimilar	sample_mean	intercept_at_5	-0.010662576600050344	0.14809576438426983	-0.3035211985394613	-0.013283794102553164	0.2778631123927245
fit-logistic-full-prior1	logistic	full	1.0	True	similar_minus_dissimilar	sub-104	offer_slope	-0.045616617358981405	0.17330363696500656	-0.417523929473625	-0.04456346074499995	0.31503146105009927
fit-logistic-full-prior1	logistic	full	1.0	True	similar_minus_dissimilar	sub-105	offer_slope	-0.04093950214671117	0.15805150366059903	-0.365329560344975	-0.04140713026500009	0.29492418727525005
fit-logistic-full-prior1	logistic	full	1.0	True	similar_minus_dissimilar	sub-106	offer_slope	-0.015832026208603335	0.15977485531889565	-0.32261702888824995	-0.027311250294999923	0.3551151994327496
fit-logistic-full-prior1	logistic	full	1.0	True	similar_minus_dissimilar	sub-107	offer_slope	-0.030912488506105836	0.1527144977600012	-0.33353401402397503	-0.03650257372749999	0.3004268516489741
fit-logistic-full-prior1	logistic	full	1.0	True	similar_minus_dissimilar	sub-108	offer_slope	-0.18691468200165748	0.20185390887315516	-0.686347104378975	-0.1412031732345	0.09710380307037492
fit-logistic-full-prior1	logistic	full	1.0	True	similar_minus_dissimilar	sub-109	offer_slope	-0.010900541891757	0.14614701878010453	-0.2910108752845	-0.020855912919999997	0.31916108765249995
fit-logistic-full-prior1	logistic	full	1.0	True	similar_minus_dissimilar	sub-110	offer_slope	0.01637105007837117	0.1681209562409272	-0.2724740076192499	-0.005511464289999934	0.415345615518525
fit-logistic-full-prior1	logistic	full	1.0	True	similar_minus_dissimilar	sub-111	offer_slope	0.017575171503188505	0.1671135865165884	-0.27461109338749995	-0.006052650485000033	0.4098555489054994
fit-logistic-full-prior1	logistic	full	1.0	True	similar_minus_dissimilar	sub-112	offer_slope	-0.035240091308390994	0.1542659558069824	-0.35328339214599985	-0.03818941095000006	0.2982982505522496
fit-logistic-full-prior1	logistic	full	1.0	True	similar_minus_dissimilar	sub-113	offer_slope	-0.058546680312729506	0.16621369411523607	-0.42881221935400016	-0.052228395034999986	0.2837409348107496
fit-logistic-full-prior1	logistic	full	1.0	True	similar_minus_dissimilar	sub-115	offer_slope	-0.02516937595958612	0.1092774554556933	-0.23760230424155346	-0.03025324509050001	0.2055687321514525
fit-logistic-full-prior1	logistic	full	1.0	True	similar_minus_dissimilar	sub-116	offer_slope	-0.03422390991744833	0.1598902698088024	-0.36645385026074995	-0.03802349414499995	0.31307352669649996
fit-logistic-full-prior1	logistic	full	1.0	True	similar_minus_dissimilar	sub-117	offer_slope	-0.03528117235175167	0.14140622937569314	-0.3206123096987502	-0.03928893943499978	0.27091743472349966
fit-logistic-full-prior1	logistic	full	1.0	True	similar_minus_dissimilar	sub-118	offer_slope	-0.15233908802259707	0.1377668004351359	-0.4714318446769575	-0.13323406104	0.06939281695712499
fit-logistic-full-prior1	logistic	full	1.0	True	similar_minus_dissimilar	sub-121	offer_slope	-0.06781693010805266	0.1545339063033183	-0.4112915832567502	-0.06000566578950006	0.23321259950602455
fit-logistic-full-prior1	logistic	full	1.0	True	similar_minus_dissimilar	sub-122	offer_slope	-0.10476258250379099	0.15414183460596625	-0.46789181038715005	-0.088722062761	0.17572082799424965
fit-logistic-full-prior1	logistic	full	1.0	True	similar_minus_dissimilar	sub-124	offer_slope	-0.004585845219918332	0.14681833608849065	-0.2852559723345001	-0.018225147234999906	0.3240871288359999
fit-logistic-full-prior1	logistic	full	1.0	True	similar_minus_dissimilar	sub-125	offer_slope	-0.045468080137641004	0.1495467877802415	-0.353881593545525	-0.046654693989999996	0.28232139387085
fit-logistic-full-prior1	logistic	full	1.0	True	similar_minus_dissimilar	sub-126	offer_slope	-0.04345002494166922	0.173609773052017	-0.40163518724130004	-0.043039309414500015	0.3164096025562499
fit-logistic-full-prior1	logistic	full	1.0	True	similar_minus_dissimilar	sub-127	offer_slope	-0.08171295629974001	0.1543104256815402	-0.43764593361949994	-0.06868794160499991	0.1994216327864996
fit-logistic-full-prior1	logistic	full	1.0	True	similar_minus_dissimilar	sub-128	offer_slope	-0.0109147880993055	0.1318443334453323	-0.26560728452325005	-0.02052141057000001	0.28069865429675006
fit-logistic-full-prior1	logistic	full	1.0	True	similar_minus_dissimilar	sub-129	offer_slope	-0.022359978861761165	0.16792461553289895	-0.3431541513045002	-0.030511362735000103	0.3518997088760001
fit-logistic-full-prior1	logistic	full	1.0	True	similar_minus_dissimilar	sub-130	offer_slope	-0.04569659733694185	0.1711648583038636	-0.4072564261569775	-0.04552508844924999	0.31923567497768246
fit-logistic-full-prior1	logistic	full	1.0	True	similar_minus_dissimilar	sub-132	offer_slope	-0.04130599627221357	0.1666852035582479	-0.39139711408074995	-0.04233237479599988	0.31752062521817487
fit-logistic-full-prior1	logistic	full	1.0	True	similar_minus_dissimilar	sub-133	offer_slope	-0.03928182641088272	0.1522273343608907	-0.3463112393392499	-0.04313100731999997	0.28418544005100005
fit-logistic-full-prior1	logistic	full	1.0	True	similar_minus_dissimilar	sub-134	offer_slope	-0.03147027448007367	0.14776871071850609	-0.33235860433944997	-0.03572234893049997	0.2837900715604998
fit-logistic-full-prior1	logistic	full	1.0	True	similar_minus_dissimilar	sub-135	offer_slope	0.040885323765884	0.1445650165710044	-0.18390955011512503	0.016631132750500016	0.37598124446825
fit-logistic-full-prior1	logistic	full	1.0	True	similar_minus_dissimilar	sub-136	offer_slope	0.067321446806476	0.18163651918636278	-0.2067871632752501	0.02672239982500002	0.5070127243064991
fit-logistic-full-prior1	logistic	full	1.0	True	similar_minus_dissimilar	sub-137	offer_slope	-0.04270856049500167	0.16242914491064786	-0.38480959838325	-0.04227288417000019	0.30121613095799954
fit-logistic-full-prior1	logistic	full	1.0	True	similar_minus_dissimilar	sub-138	offer_slope	-0.079886190575681	0.14148094124167668	-0.396986762167775	-0.07191612461050001	0.1933969093119
fit-logistic-full-prior1	logistic	full	1.0	True	similar_minus_dissimilar	sub-140	offer_slope	0.032548114877163664	0.1502904525878888	-0.21377712971350005	0.011096400876500045	0.38970777874387486
fit-logistic-full-prior1	logistic	full	1.0	True	similar_minus_dissimilar	sub-141	offer_slope	-0.043262960019315434	0.1719187983770276	-0.41278573262667	-0.04186905644649995	0.31577384913634987
fit-logistic-full-prior1	logistic	full	1.0	True	similar_minus_dissimilar	sub-142	offer_slope	-0.0008734106058088341	0.1510002298190249	-0.28568375753954994	-0.015646758805999972	0.33924583573174955
fit-logistic-full-prior1	logistic	full	1.0	True	similar_minus_dissimilar	sub-143	offer_slope	-0.12314462921620349	0.160921543203072	-0.508604919975	-0.097099683825	0.13947690980774996
fit-logistic-full-prior1	logistic	full	1.0	True	similar_minus_dissimilar	sub-144	offer_slope	-0.006555888268759998	0.14830688724556387	-0.2808935307232499	-0.019329214395000127	0.3329843161574999
fit-logistic-full-prior1	logistic	full	1.0	True	similar_minus_dissimilar	sub-147	offer_slope	-0.0516731201468405	0.14656616963914942	-0.37069936572209994	-0.04989110801500002	0.24561828390457505
fit-logistic-full-prior1	logistic	full	1.0	True	similar_minus_dissimilar	sub-149	offer_slope	-0.10180304323658583	0.15607944724120962	-0.46056065476549995	-0.08080307061000003	0.17119854111575006
fit-logistic-full-prior1	logistic	full	1.0	True	similar_minus_dissimilar	sub-150	offer_slope	-0.14663012557472702	0.17727924022475758	-0.567121075977	-0.11321275769499994	0.12951131647749986
fit-logistic-full-prior1	logistic	full	1.0	True	similar_minus_dissimilar	sub-151	offer_slope	-0.05460114219198999	0.16550994677105949	-0.4205288496342501	-0.049478497980000036	0.27942842462275014
fit-logistic-full-prior1	logistic	full	1.0	True	similar_minus_dissimilar	sub-152	offer_slope	-0.048262629546801064	0.16546851532512777	-0.39064922455005	-0.049458474907499994	0.31414047889207497
fit-logistic-full-prior1	logistic	full	1.0	True	similar_minus_dissimilar	sub-153	offer_slope	-0.03808602879810166	0.16379694473002404	-0.3738018918964998	-0.04134846325500008	0.31712727076749964
fit-logistic-full-prior1	logistic	full	1.0	True	similar_minus_dissimilar	sub-154	offer_slope	-0.12531586051635818	0.1569687395865108	-0.501640860571075	-0.10209598361499994	0.13490641234474962
fit-logistic-full-prior1	logistic	full	1.0	True	similar_minus_dissimilar	sub-155	offer_slope	-0.03029971855509883	0.13767385211024818	-0.30218756942275005	-0.033196624079999904	0.27175380626674983
fit-logistic-full-prior1	logistic	full	1.0	True	similar_minus_dissimilar	sub-156	offer_slope	-0.04493281601747208	0.1754937895922527	-0.41171838055805	-0.045195161656000016	0.33076594687301475
fit-logistic-full-prior1	logistic	full	1.0	True	similar_minus_dissimilar	sub-157	offer_slope	-0.025000419717766665	0.1533854224206888	-0.32551697912399996	-0.03251337333000004	0.31045155563349985
fit-logistic-full-prior1	logistic	full	1.0	True	similar_minus_dissimilar	sub-158	offer_slope	-0.016410176538015832	0.15859686341363996	-0.3230555221945002	-0.02786065365000001	0.3370724684834999
fit-logistic-full-prior1	logistic	full	1.0	True	similar_minus_dissimilar	sub-159	offer_slope	-0.11811471748681417	0.15617466601908464	-0.4902055460701249	-0.09513963027999994	0.14608544942717488
fit-logistic-full-prior1	logistic	full	1.0	True	similar_minus_dissimilar	sample_mean	offer_slope	-0.0453957954709483	0.05818831891462782	-0.15929625460593952	-0.04496535333210642	0.0688380481703561
fit-logistic-full-prior1	logistic	full	1.0	True	human_minus_computer	sub-104	intercept_at_5	0.07138339433639333	0.3473560158229772	-0.655517172558876	0.06739567753999953	0.7848258012816243
fit-logistic-full-prior1	logistic	full	1.0	True	human_minus_computer	sub-105	intercept_at_5	0.11909978584376282	0.3152479021463583	-0.48985756178837503	0.10371707471250002	0.8005319551943744
fit-logistic-full-prior1	logistic	full	1.0	True	human_minus_computer	sub-106	intercept_at_5	0.13565822616294076	0.33477385776606505	-0.501698546349875	0.11438465717250001	0.8911538692972488
fit-logistic-full-prior1	logistic	full	1.0	True	human_minus_computer	sub-107	intercept_at_5	0.3603182675922562	0.374524457194699	-0.18195481805964997	0.2802263069881	1.233656558142274
fit-logistic-full-prior1	logistic	full	1.0	True	human_minus_computer	sub-108	intercept_at_5	0.25085256995859506	0.33634388985376645	-0.31351648456447495	0.19969123080874998	1.038927393778632
fit-logistic-full-prior1	logistic	full	1.0	True	human_minus_computer	sub-109	intercept_at_5	0.07116599044686	0.3195666748671069	-0.6117906669647493	0.07042160044499957	0.7386129050254986
fit-logistic-full-prior1	logistic	full	1.0	True	human_minus_computer	sub-110	intercept_at_5	0.020612056671839882	0.3116698460202161	-0.6432418966401375	0.0335978469399999	0.6312711235586246
fit-logistic-full-prior1	logistic	full	1.0	True	human_minus_computer	sub-111	intercept_at_5	0.027410755445446834	0.3004911054134018	-0.6456897723569877	0.04295656566750017	0.6114849772013496
fit-logistic-full-prior1	logistic	full	1.0	True	human_minus_computer	sub-112	intercept_at_5	-0.17174842795707249	0.4080783957986016	-1.1945694584124997	-0.08249538417750002	0.4355363187364999
fit-logistic-full-prior1	logistic	full	1.0	True	human_minus_computer	sub-113	intercept_at_5	0.19950246516846912	0.347920428119425	-0.3800227140488374	0.15256804645299998	1.0274401662930246
fit-logistic-full-prior1	logistic	full	1.0	True	human_minus_computer	sub-115	intercept_at_5	0.044367239361413284	0.24094898984502028	-0.4554270903918	0.05077546642149999	0.5268242267456399
fit-logistic-full-prior1	logistic	full	1.0	True	human_minus_computer	sub-116	intercept_at_5	0.12246969893727341	0.3360470777095212	-0.5209094141831245	0.10293322264749971	0.8722546130574986
fit-logistic-full-prior1	logistic	full	1.0	True	human_minus_computer	sub-117	intercept_at_5	0.10041600349120584	0.3188852194091727	-0.5248292878846254	0.09013115682249939	0.7958736559783759
fit-logistic-full-prior1	logistic	full	1.0	True	human_minus_computer	sub-118	intercept_at_5	-0.08821852637941117	0.29431385420795825	-0.7490505963650501	-0.05019735930250002	0.4067857662090622
fit-logistic-full-prior1	logistic	full	1.0	True	human_minus_computer	sub-121	intercept_at_5	0.37293021924028685	0.40401134768374025	-0.2125762077118748	0.27931411283499996	1.3622279436469749
fit-logistic-full-prior1	logistic	full	1.0	True	human_minus_computer	sub-122	intercept_at_5	0.046882636948209995	0.3235107539237516	-0.6383018803898745	0.051938445852499626	0.721105888943875
fit-logistic-full-prior1	logistic	full	1.0	True	human_minus_computer	sub-124	intercept_at_5	0.026543430491230816	0.30869720791028177	-0.6368145454192515	0.03884305284749967	0.6421618031813741
fit-logistic-full-prior1	logistic	full	1.0	True	human_minus_computer	sub-125	intercept_at_5	-0.006225025908027189	0.2942344153201394	-0.64843801645035	0.01444535373625002	0.5434565862925722
fit-logistic-full-prior1	logistic	full	1.0	True	human_minus_computer	sub-126	intercept_at_5	0.06860051758393501	0.3327355206235983	-0.6484715803923757	0.07017712886499972	0.7516466524678745
fit-logistic-full-prior1	logistic	full	1.0	True	human_minus_computer	sub-127	intercept_at_5	0.06648370953370082	0.3208281580964197	-0.6164790686341255	0.06603311444749949	0.7534252276724993
fit-logistic-full-prior1	logistic	full	1.0	True	human_minus_computer	sub-128	intercept_at_5	0.06535852420847665	0.29834788817152236	-0.5572413114181237	0.06258988489000039	0.6996402326411233
fit-logistic-full-prior1	logistic	full	1.0	True	human_minus_computer	sub-129	intercept_at_5	0.0698310468097525	0.33907040486272233	-0.63095122401525	0.06831021916174997	0.7838938140786368
fit-logistic-full-prior1	logistic	full	1.0	True	human_minus_computer	sub-130	intercept_at_5	0.1430196568218425	0.35684153270307295	-0.5392697087531247	0.11317897450500025	0.9682951754223735
fit-logistic-full-prior1	logistic	full	1.0	True	human_minus_computer	sub-132	intercept_at_5	0.14928834583947664	0.3488135783765953	-0.5051315719205006	0.11977974278249937	0.9605890145482494
fit-logistic-full-prior1	logistic	full	1.0	True	human_minus_computer	sub-133	intercept_at_5	-0.00623419143573415	0.341079717707719	-0.7886994942121249	0.01822791865750073	0.6520736857991251
fit-logistic-full-prior1	logistic	full	1.0	True	human_minus_computer	sub-134	intercept_at_5	0.145346470888755	0.33479514620227335	-0.5001712656000005	0.11861854531999994	0.8907688091727488
fit-logistic-full-prior1	logistic	full	1.0	True	human_minus_computer	sub-135	intercept_at_5	0.058846335635197665	0.3133165385979199	-0.6013846354376245	0.054334984557499855	0.72398989575375
fit-logistic-full-prior1	logistic	full	1.0	True	human_minus_computer	sub-136	intercept_at_5	0.07929517269077599	0.3070521797112517	-0.5440439972982498	0.07286985382750011	0.7389266356882499
fit-logistic-full-prior1	logistic	full	1.0	True	human_minus_computer	sub-137	intercept_at_5	0.08902609533559099	0.32682585669502945	-0.5761139178832503	0.08448995159249995	0.7829347622043745
fit-logistic-full-prior1	logistic	full	1.0	True	human_minus_computer	sub-138	intercept_at_5	0.19199848838634345	0.30116992562608125	-0.3320254754506252	0.157528127505	0.8722004682036738
fit-logistic-full-prior1	logistic	full	1.0	True	human_minus_computer	sub-140	intercept_at_5	0.0026856247776075007	0.2973467235256098	-0.6469835170544999	0.01627452075000002	0.5839365068299995
fit-logistic-full-prior1	logistic	full	1.0	True	human_minus_computer	sub-141	intercept_at_5	0.14547988909492252	0.37783014208991456	-0.5343342618442498	0.11058959196749996	1.025047684489876
fit-logistic-full-prior1	logistic	full	1.0	True	human_minus_computer	sub-142	intercept_at_5	-0.06549353277239084	0.34504115317351214	-0.9068169379562501	-0.01297108070999986	0.5263441090209988
fit-logistic-full-prior1	logistic	full	1.0	True	human_minus_computer	sub-143	intercept_at_5	0.06853676437107502	0.32333180023117375	-0.599380450955375	0.06766025295750033	0.7697452250261243
fit-logistic-full-prior1	logistic	full	1.0	True	human_minus_computer	sub-144	intercept_at_5	0.0976660225399592	0.32105625090820145	-0.5335507176955003	0.08546107203500064	0.8014980926221251
fit-logistic-full-prior1	logistic	full	1.0	True	human_minus_computer	sub-147	intercept_at_5	0.09694068133554151	0.2983242242523355	-0.5038473898279999	0.08489214248999977	0.7460027255182496
fit-logistic-full-prior1	logistic	full	1.0	True	human_minus_computer	sub-149	intercept_at_5	0.004027497153045016	0.3013254966976883	-0.6895113117917508	0.027836237135000275	0.5728042962530009
fit-logistic-full-prior1	logistic	full	1.0	True	human_minus_computer	sub-150	intercept_at_5	0.02853187860074733	0.316711033431553	-0.6682504243616251	0.03870370234499987	0.6709445783389998
fit-logistic-full-prior1	logistic	full	1.0	True	human_minus_computer	sub-151	intercept_at_5	-0.0087331129044648	0.3377422290072197	-0.7752415846885412	0.022400765425500013	0.6211096705450864
fit-logistic-full-prior1	logistic	full	1.0	True	human_minus_computer	sub-152	intercept_at_5	0.14065183963773414	0.3565381351383492	-0.5222325198401249	0.10618199877500034	0.9764269862783743
fit-logistic-full-prior1	logistic	full	1.0	True	human_minus_computer	sub-153	intercept_at_5	0.2929908250278728	0.38163365643278924	-0.2978887896001251	0.21929769688250011	1.2168288377511245
fit-logistic-full-prior1	logistic	full	1.0	True	human_minus_computer	sub-154	intercept_at_5	-0.08420293598986665	0.3419268731104935	-0.914993218100625	-0.035005044704999655	0.4783006480971249
fit-logistic-full-prior1	logistic	full	1.0	True	human_minus_computer	sub-155	intercept_at_5	-0.028435719704450843	0.31382677404252995	-0.776148223935	0.01161810398249985	0.539830823604251
fit-logistic-full-prior1	logistic	full	1.0	True	human_minus_computer	sub-156	intercept_at_5	0.06896271485099835	0.34224855342214394	-0.6600577763457508	0.06885563373749992	0.7886895659811245
fit-logistic-full-prior1	logistic	full	1.0	True	human_minus_computer	sub-157	intercept_at_5	-0.04603761404252117	0.3308025678119334	-0.8066372036625	-0.008764160879999983	0.5596862671768751
fit-logistic-full-prior1	logistic	full	1.0	True	human_minus_computer	sub-158	intercept_at_5	0.013260964467402913	0.3299764737273574	-0.7446989517453753	0.03133543867249999	0.6556807546419988
fit-logistic-full-prior1	logistic	full	1.0	True	human_minus_computer	sub-159	intercept_at_5	0.056463580399143336	0.30882676468602266	-0.6097732941843753	0.05947131565750019	0.6698409830266235
fit-logistic-full-prior1	logistic	full	1.0	True	human_minus_computer	sample_mean	intercept_at_5	0.0767569425317477	0.12676385609988036	-0.1628082424726181	0.07431540607268995	0.33536474120832477
fit-logistic-full-prior1	logistic	full	1.0	True	human_minus_computer	sub-104	offer_slope	0.03031290907465211	0.12862106938928353	-0.23774602951126242	0.027543522830750122	0.3091516845266125
fit-logistic-full-prior1	logistic	full	1.0	True	human_minus_computer	sub-105	offer_slope	0.03595019938470391	0.11525296386583093	-0.19557564870424998	0.030587092874999944	0.2963148091536622
fit-logistic-full-prior1	logistic	full	1.0	True	human_minus_computer	sub-106	offer_slope	0.03436727950287	0.11955561643522856	-0.20412724121475026	0.029169352527499637	0.3031876668908748
fit-logistic-full-prior1	logistic	full	1.0	True	human_minus_computer	sub-107	offer_slope	0.07720864202943357	0.12222213548937208	-0.11989210558841268	0.05755192366124995	0.36929470539542486
fit-logistic-full-prior1	logistic	full	1.0	True	human_minus_computer	sub-108	offer_slope	0.0026806293056557493	0.1176853738040977	-0.2664252308453251	0.011157733142500015	0.22638602017437517
fit-logistic-full-prior1	logistic	full	1.0	True	human_minus_computer	sub-109	offer_slope	0.05299175530192317	0.11440310487252678	-0.16111741428424994	0.041629352755000015	0.3168980142456245
fit-logistic-full-prior1	logistic	full	1.0	True	human_minus_computer	sub-110	offer_slope	0.06612334915062691	0.12155639486413793	-0.14070823013087497	0.05012734120749984	0.35796957613201236
fit-logistic-full-prior1	logistic	full	1.0	True	human_minus_computer	sub-111	offer_slope	-0.01060187530348442	0.11947522915075702	-0.29370304756853766	0.0035658363070000254	0.20033246544162508
fit-logistic-full-prior1	logistic	full	1.0	True	human_minus_computer	sub-112	offer_slope	0.11363879929993599	0.15252054786666921	-0.08639883817937459	0.0758237880399999	0.5266405544496243
fit-logistic-full-prior1	logistic	full	1.0	True	human_minus_computer	sub-113	offer_slope	0.05368264322789042	0.1263941601896756	-0.17618175800674982	0.04002848293499972	0.3498128934838748
fit-logistic-full-prior1	logistic	full	1.0	True	human_minus_computer	sub-115	offer_slope	-0.02801833261042513	0.09346843361117056	-0.23949536703033378	-0.016232912990024995	0.1285366796687761
fit-logistic-full-prior1	logistic	full	1.0	True	human_minus_computer	sub-116	offer_slope	0.030824877829990827	0.11234136096128916	-0.19255086583787515	0.025718706837499994	0.2810427118937499
fit-logistic-full-prior1	logistic	full	1.0	True	human_minus_computer	sub-117	offer_slope	0.01900307545914416	0.10505671340784947	-0.20661867345587456	0.01923441945250004	0.24288370173012513
fit-logistic-full-prior1	logistic	full	1.0	True	human_minus_computer	sub-118	offer_slope	0.05650153574326603	0.0946918563790631	-0.11654457520421249	0.04823283620300001	0.272185042813225
fit-logistic-full-prior1	logistic	full	1.0	True	human_minus_computer	sub-121	offer_slope	0.026908237584794666	0.11621036087987445	-0.21211319985512503	0.024085520864999932	0.2780087479237736
fit-logistic-full-prior1	logistic	full	1.0	True	human_minus_computer	sub-122	offer_slope	0.060011829534789174	0.11242721024404824	-0.1344017419420001	0.04670743927074997	0.3296529517767499
fit-logistic-full-prior1	logistic	full	1.0	True	human_minus_computer	sub-124	offer_slope	0.046516434970171654	0.10285137973856975	-0.13670305335450011	0.037688197715000094	0.28392633241999976
fit-logistic-full-prior1	logistic	full	1.0	True	human_minus_computer	sub-125	offer_slope	0.03067029075494733	0.1115314163534371	-0.2005993673752501	0.027870845835750002	0.2716971862160998
fit-logistic-full-prior1	logistic	full	1.0	True	human_minus_computer	sub-126	offer_slope	0.0306030428872554	0.12742529749520684	-0.2324763738481375	0.026670714211250057	0.3064238024247085
fit-logistic-full-prior1	logistic	full	1.0	True	human_minus_computer	sub-127	offer_slope	0.02163761513655833	0.11174303001584647	-0.2190532829442499	0.0215878951349997	0.25539116854037486
fit-logistic-full-prior1	logistic	full	1.0	True	human_minus_computer	sub-128	offer_slope	0.022545256085325753	0.0991307714426791	-0.18629056976699995	0.02277427482499994	0.22823076118525001
fit-logistic-full-prior1	logistic	full	1.0	True	human_minus_computer	sub-129	offer_slope	0.03982302501245476	0.12163713112167143	-0.184400687427375	0.03171490790499998	0.320454101659125
fit-logistic-full-prior1	logistic	full	1.0	True	human_minus_computer	sub-130	offer_slope	0.04174511862373029	0.12770678481859754	-0.21085115505065125	0.03306870998325001	0.3272360503584126
fit-logistic-full-prior1	logistic	full	1.0	True	human_minus_computer	sub-132	offer_slope	-0.0059149296916313635	0.1277867527264326	-0.31098587091913754	0.006708896584999957	0.2381673001357499
fit-logistic-full-prior1	logistic	full	1.0	True	human_minus_computer	sub-133	offer_slope	0.07340061693715451	0.12584032799463427	-0.12992506954383742	0.054365028884999944	0.37805872301029997
fit-logistic-full-prior1	logistic	full	1.0	True	human_minus_computer	sub-134	offer_slope	0.0390998492111355	0.111001906861963	-0.17855847458912505	0.030572500909999967	0.29532925240787494
fit-logistic-full-prior1	logistic	full	1.0	True	human_minus_computer	sub-135	offer_slope	-0.0195785830785525	0.10074018247032665	-0.2604416588919375	-0.005446875140249996	0.15058083054223748
fit-logistic-full-prior1	logistic	full	1.0	True	human_minus_computer	sub-136	offer_slope	0.026929978847585165	0.10508909792831223	-0.19444701316037502	0.025848044813750026	0.2562567893192501
fit-logistic-full-prior1	logistic	full	1.0	True	human_minus_computer	sub-137	offer_slope	0.021417991043719168	0.11643455529882833	-0.22682111836199967	0.020698150774999924	0.26296138659612484
fit-logistic-full-prior1	logistic	full	1.0	True	human_minus_computer	sub-138	offer_slope	0.020702141398605	0.10066947722973588	-0.19314314561928753	0.021113128221749933	0.2320005452787748
fit-logistic-full-prior1	logistic	full	1.0	True	human_minus_computer	sub-140	offer_slope	0.040243935437245	0.10180539068591411	-0.15871606356376247	0.03381795300099999	0.2664559942253124
fit-logistic-full-prior1	logistic	full	1.0	True	human_minus_computer	sub-141	offer_slope	0.05184233123794961	0.1301978944394891	-0.183551617555445	0.03977868859795498	0.3692121602654494
fit-logistic-full-prior1	logistic	full	1.0	True	human_minus_computer	sub-142	offer_slope	0.10340470319495436	0.13688419495898593	-0.086328807900975	0.07191848792000011	0.4477247457299249
fit-logistic-full-prior1	logistic	full	1.0	True	human_minus_computer	sub-143	offer_slope	0.021816022628761752	0.10707000166151404	-0.2027063366007499	0.02167885188749996	0.24945055062012508
fit-logistic-full-prior1	logistic	full	1.0	True	human_minus_computer	sub-144	offer_slope	0.033463222206551665	0.10839218513116226	-0.18084275273924982	0.028702872197500007	0.27111343595425
fit-logistic-full-prior1	logistic	full	1.0	True	human_minus_computer	sub-147	offer_slope	0.06171296526366358	0.11534435533500753	-0.14091796301881246	0.04648556661750003	0.32910092800681234
fit-logistic-full-prior1	logistic	full	1.0	True	human_minus_computer	sub-149	offer_slope	0.05295658151643092	0.11210052661114592	-0.14291205240349963	0.04051529988500002	0.32027683878724966
fit-logistic-full-prior1	logistic	full	1.0	True	human_minus_computer	sub-150	offer_slope	0.025684642701159666	0.10934259793824665	-0.1996741247160001	0.024454185630000014	0.25772566704824995
fit-logistic-full-prior1	logistic	full	1.0	True	human_minus_computer	sub-151	offer_slope	0.02627931600726167	0.1208950663252631	-0.22536085214199966	0.024158601704999838	0.29160924327524973
fit-logistic-full-prior1	logistic	full	1.0	True	human_minus_computer	sub-152	offer_slope	0.01581787199605241	0.12400703842558895	-0.25364681828208735	0.018983033717249992	0.2668737179024619
fit-logistic-full-prior1	logistic	full	1.0	True	human_minus_computer	sub-153	offer_slope	-0.011583764257740829	0.12330383111389964	-0.3128065734652496	0.003728929122499891	0.20261927751862482
fit-logistic-full-prior1	logistic	full	1.0	True	human_minus_computer	sub-154	offer_slope	-0.041929209774522753	0.11816866987461586	-0.33374507154456234	-0.02051466617024994	0.1391065631653625
fit-logistic-full-prior1	logistic	full	1.0	True	human_minus_computer	sub-155	offer_slope	-0.029940334075868748	0.11142347797126788	-0.29983339354825006	-0.011563851590000063	0.1472675649232501
fit-logistic-full-prior1	logistic	full	1.0	True	human_minus_computer	sub-156	offer_slope	0.030997121304010354	0.12755159325703602	-0.23434513209792496	0.02656634293733489	0.31091635201746204
fit-logistic-full-prior1	logistic	full	1.0	True	human_minus_computer	sub-157	offer_slope	0.08736249802063484	0.12512991132296705	-0.10549419673225	0.06300315408500001	0.40126189975137505
fit-logistic-full-prior1	logistic	full	1.0	True	human_minus_computer	sub-158	offer_slope	0.047147290821128916	0.11484214458671388	-0.1675821238152501	0.03749296841999994	0.31141711691699964
fit-logistic-full-prior1	logistic	full	1.0	True	human_minus_computer	sub-159	offer_slope	-0.01776282106767475	0.11040110896093568	-0.28518025932883767	-0.002949269963000045	0.16518522082752488
fit-logistic-full-prior1	logistic	full	1.0	True	human_minus_computer	sample_mean	offer_slope	0.03209991012370689	0.04633318643499892	-0.05797826611732835	0.031377618934860636	0.12522345990051242
fit-logistic-run1-prior1	logistic	run1	1.0	False	similar_minus_dissimilar	sub-104	intercept_at_5	0.022269922090550003	0.9557236144845032	-1.9036358139372498	0.0039628560100002375	2.034570020425
fit-logistic-run1-prior1	logistic	run1	1.0	False	similar_minus_dissimilar	sub-105	intercept_at_5	-0.7591411524035654	0.7872068359362759	-2.435114852371015	-0.713270152052	0.6672809945790494
fit-logistic-run1-prior1	logistic	run1	1.0	False	similar_minus_dissimilar	sub-106	intercept_at_5	-0.2778433551353322	0.8691464598775565	-2.0801085770067496	-0.25814688798999985	1.4259171694272494
fit-logistic-run1-prior1	logistic	run1	1.0	False	similar_minus_dissimilar	sub-107	intercept_at_5	1.2898428410069915	0.917025732704183	-0.28403246927035	1.2315782789535001	3.275255106101323
fit-logistic-run1-prior1	logistic	run1	1.0	False	similar_minus_dissimilar	sub-108	intercept_at_5	1.3782469305512093	0.9075015627649154	-0.25164126282177496	1.3189964608259999	3.261305126171482
fit-logistic-run1-prior1	logistic	run1	1.0	False	similar_minus_dissimilar	sub-109	intercept_at_5	-0.13013395145298334	0.9297111861437014	-2.0273401831949998	-0.11888389649999986	1.7086998314847492
fit-logistic-run1-prior1	logistic	run1	1.0	False	similar_minus_dissimilar	sub-110	intercept_at_5	-0.8061689994241144	0.7955431156335908	-2.47508226695135	-0.7596327627139999	0.6612751770549996
fit-logistic-run1-prior1	logistic	run1	1.0	False	similar_minus_dissimilar	sub-111	intercept_at_5	-1.43161780129857	0.9294166294996941	-3.4973039058792503	-1.3498218209065	0.19026761774997347
fit-logistic-run1-prior1	logistic	run1	1.0	False	similar_minus_dissimilar	sub-112	intercept_at_5	-0.42001172305772166	0.9015002428844325	-2.3439972456652507	-0.38873718072499974	1.2920449275652475
fit-logistic-run1-prior1	logistic	run1	1.0	False	similar_minus_dissimilar	sub-113	intercept_at_5	0.045080919925203355	0.89469366541919	-1.706580325981425	0.0422323239065	1.8647138758963229
fit-logistic-run1-prior1	logistic	run1	1.0	False	similar_minus_dissimilar	sub-115	intercept_at_5	-0.9694256222958149	0.5512707611858532	-2.089573757015775	-0.95548666540065	0.0785228846644521
fit-logistic-run1-prior1	logistic	run1	1.0	False	similar_minus_dissimilar	sub-116	intercept_at_5	0.24716359303918933	0.8311003088479452	-1.328624411507	0.22244821832000006	1.9558047847047497
fit-logistic-run1-prior1	logistic	run1	1.0	False	similar_minus_dissimilar	sub-117	intercept_at_5	-0.10264628949399332	0.8726599450598236	-1.8777964791244997	-0.09468942574000039	1.6285059395487502
fit-logistic-run1-prior1	logistic	run1	1.0	False	similar_minus_dissimilar	sub-118	intercept_at_5	0.21539361811735677	0.620472224196835	-0.9916358824808751	0.20228973750000004	1.4660059386996964
fit-logistic-run1-prior1	logistic	run1	1.0	False	similar_minus_dissimilar	sub-121	intercept_at_5	0.1857114219710669	0.8349988665814569	-1.434672014701575	0.16592916208999997	1.8978907411436243
fit-logistic-run1-prior1	logistic	run1	1.0	False	similar_minus_dissimilar	sub-122	intercept_at_5	1.005696075166841	1.004346911452883	-0.7781415404212502	0.9367100402299999	3.131553809281499
fit-logistic-run1-prior1	logistic	run1	1.0	False	similar_minus_dissimilar	sub-124	intercept_at_5	-0.62683001856061	0.9398089745604733	-2.63638253632625	-0.5725606505999998	1.1008993031767493
fit-logistic-run1-prior1	logistic	run1	1.0	False	similar_minus_dissimilar	sub-125	intercept_at_5	0.5335951587144266	0.7767727465318246	-0.917241289378389	0.4950834954255	2.127696556551099
fit-logistic-run1-prior1	logistic	run1	1.0	False	similar_minus_dissimilar	sub-126	intercept_at_5	-0.07453010213734833	0.9770113889347312	-2.0226072634345	-0.08312715311999952	1.948986426639249
fit-logistic-run1-prior1	logistic	run1	1.0	False	similar_minus_dissimilar	sub-127	intercept_at_5	-0.8927406714473667	0.9295972212937332	-2.9013233230525	-0.83215551846	0.7615503360084998
fit-logistic-run1-prior1	logistic	run1	1.0	False	similar_minus_dissimilar	sub-128	intercept_at_5	0.46665615413982664	0.9742748698574074	-1.3775426235337502	0.4210264709049998	2.5431946087
fit-logistic-run1-prior1	logistic	run1	1.0	False	similar_minus_dissimilar	sub-129	intercept_at_5	0.07360003952572282	0.8447285480045488	-1.5998081237797503	0.06671996422499993	1.7874581553869744
fit-logistic-run1-prior1	logistic	run1	1.0	False	similar_minus_dissimilar	sub-130	intercept_at_5	-0.06815007461418332	0.9706514714172976	-1.98891056279525	-0.07040570122999967	1.8415965623287505
fit-logistic-run1-prior1	logistic	run1	1.0	False	similar_minus_dissimilar	sub-132	intercept_at_5	0.07279466788454667	0.9794306676609214	-1.8015669350325	0.0328975475649993	2.0837515782124987
fit-logistic-run1-prior1	logistic	run1	1.0	False	similar_minus_dissimilar	sub-133	intercept_at_5	-0.006473495110185008	0.9088460269360805	-1.8663770228922505	0.002162950049999335	1.8160974497082503
fit-logistic-run1-prior1	logistic	run1	1.0	False	similar_minus_dissimilar	sub-134	intercept_at_5	0.18254893395143185	0.8767763854269297	-1.5002698751305004	0.1589622246000002	1.9909815126844992
fit-logistic-run1-prior1	logistic	run1	1.0	False	similar_minus_dissimilar	sub-135	intercept_at_5	-1.4444336293056397	0.9086474475660347	-3.3835849120543005	-1.3786783171449999	0.11778101323274982
fit-logistic-run1-prior1	logistic	run1	1.0	False	similar_minus_dissimilar	sub-136	intercept_at_5	-0.21663767012793414	0.8790190334269729	-2.051548781156	-0.20800244975499993	1.456185611366999
fit-logistic-run1-prior1	logistic	run1	1.0	False	similar_minus_dissimilar	sub-137	intercept_at_5	0.49445162357758987	0.8433755649913771	-1.0673781755090002	0.45524007715500003	2.2900597946102623
fit-logistic-run1-prior1	logistic	run1	1.0	False	similar_minus_dissimilar	sub-138	intercept_at_5	-0.06034175724213651	0.7273566771694944	-1.5086766361744999	-0.05493000681499982	1.3666560231859988
fit-logistic-run1-prior1	logistic	run1	1.0	False	similar_minus_dissimilar	sub-140	intercept_at_5	0.2525723340694991	0.7168434677066916	-1.110906044427175	0.2277362061649999	1.7695181198587493
fit-logistic-run1-prior1	logistic	run1	1.0	False	similar_minus_dissimilar	sub-141	intercept_at_5	0.03965566995552833	1.0162511624664365	-1.9906303148402504	0.03612279607999991	2.0985363533277432
fit-logistic-run1-prior1	logistic	run1	1.0	False	similar_minus_dissimilar	sub-142	intercept_at_5	-0.25615430175768666	0.9061966352781029	-2.10416730758275	-0.2441323774099997	1.4930029498317496
fit-logistic-run1-prior1	logistic	run1	1.0	False	similar_minus_dissimilar	sub-143	intercept_at_5	0.18579325354609	0.9087069581722204	-1.5260126566207497	0.15258671037999982	2.0672545987179984
fit-logistic-run1-prior1	logistic	run1	1.0	False	similar_minus_dissimilar	sub-144	intercept_at_5	0.26195368516613	0.9037257702056113	-1.4503608625634996	0.2243995139349999	2.117286432064
fit-logistic-run1-prior1	logistic	run1	1.0	False	similar_minus_dissimilar	sub-147	intercept_at_5	-0.6232855301773675	0.9031472747263208	-2.5441993407932504	-0.5716917118750002	1.0398356930429997
fit-logistic-run1-prior1	logistic	run1	1.0	False	similar_minus_dissimilar	sub-149	intercept_at_5	0.5345876300968366	0.9490317745425323	-1.18115108241275	0.4697303963399997	2.557256742986498
fit-logistic-run1-prior1	logistic	run1	1.0	False	similar_minus_dissimilar	sub-150	intercept_at_5	0.06536275451915007	0.8321678599261224	-1.58038796341025	0.05275589932999991	1.7586878156640249
fit-logistic-run1-prior1	logistic	run1	1.0	False	similar_minus_dissimilar	sub-151	intercept_at_5	-0.4094216504212337	0.8617501509663487	-2.2083039591538003	-0.375608647589	1.2303864813682746
fit-logistic-run1-prior1	logistic	run1	1.0	False	similar_minus_dissimilar	sub-152	intercept_at_5	0.016957800305334995	1.0057057991227607	-1.9969220498475	-0.013313215739999773	2.126009229072249
fit-logistic-run1-prior1	logistic	run1	1.0	False	similar_minus_dissimilar	sub-153	intercept_at_5	-0.32423094464508967	0.8554229600587273	-2.1031242017085	-0.2948424993050003	1.3723707167472476
fit-logistic-run1-prior1	logistic	run1	1.0	False	similar_minus_dissimilar	sub-154	intercept_at_5	0.30788758202258903	0.8167610058876119	-1.2186937272409248	0.2697725329615	2.061994549292998
fit-logistic-run1-prior1	logistic	run1	1.0	False	similar_minus_dissimilar	sub-155	intercept_at_5	0.11331952295259498	0.9052638123486408	-1.6425266663854994	0.09561366968500007	1.9877599112864985
fit-logistic-run1-prior1	logistic	run1	1.0	False	similar_minus_dissimilar	sub-156	intercept_at_5	-0.07854002826095334	0.9836871095059591	-2.0292951363212497	-0.07306194415	1.8736467256037501
fit-logistic-run1-prior1	logistic	run1	1.0	False	similar_minus_dissimilar	sub-157	intercept_at_5	-0.10079509124451501	0.8496586050346917	-1.8220091463149999	-0.09534709348500048	1.567217228873498
fit-logistic-run1-prior1	logistic	run1	1.0	False	similar_minus_dissimilar	sub-158	intercept_at_5	0.3051954644124208	0.8271897928712131	-1.25264249287375	0.2691576578899999	1.9983944410337493
fit-logistic-run1-prior1	logistic	run1	1.0	False	similar_minus_dissimilar	sub-159	intercept_at_5	0.056233047506866654	0.7972759270723085	-1.4842879648210003	0.033344348800000034	1.7080343855889997
fit-logistic-run1-prior1	logistic	run1	1.0	False	similar_minus_dissimilar	sample_mean	intercept_at_5	-0.0367443237319011	0.21680448775326722	-0.4615757862698223	-0.04023027492728187	0.39485788545392997
fit-logistic-run1-prior1	logistic	run1	1.0	False	similar_minus_dissimilar	sub-104	offer_slope	-0.02729349339450718	0.3507757940175096	-0.759789178548225	-0.024251263763999997	0.6990629438429474
fit-logistic-run1-prior1	logistic	run1	1.0	False	similar_minus_dissimilar	sub-105	offer_slope	-0.11784371093558832	0.29447921911065145	-0.7666505231147	-0.09552438978499989	0.42918439890374926
fit-logistic-run1-prior1	logistic	run1	1.0	False	similar_minus_dissimilar	sub-106	offer_slope	-0.043420644226511	0.3177168365458041	-0.72012821363125	-0.037735948929999874	0.6117151326009995
fit-logistic-run1-prior1	logistic	run1	1.0	False	similar_minus_dissimilar	sub-107	offer_slope	-0.08601943227302085	0.31543939457106596	-0.7676097673146501	-0.07056325376999995	0.5209548753191747
fit-logistic-run1-prior1	logistic	run1	1.0	False	similar_minus_dissimilar	sub-108	offer_slope	-0.058301958145304825	0.32040847917578014	-0.725550879041225	-0.05171431691499995	0.6039653838068492
fit-logistic-run1-prior1	logistic	run1	1.0	False	similar_minus_dissimilar	sub-109	offer_slope	-0.010376471576400535	0.292694504517615	-0.6007259050664998	-0.01196526446450008	0.5939925687609998
fit-logistic-run1-prior1	logistic	run1	1.0	False	similar_minus_dissimilar	sub-110	offer_slope	0.12276818313748483	0.3079905855370119	-0.44231005907505	0.09856200528000014	0.7970409005894998
fit-logistic-run1-prior1	logistic	run1	1.0	False	similar_minus_dissimilar	sub-111	offer_slope	0.0422686518097413	0.2969580900967576	-0.52093883102275	0.024615685225000017	0.6661488792417495
fit-logistic-run1-prior1	logistic	run1	1.0	False	similar_minus_dissimilar	sub-112	offer_slope	0.10963014204099716	0.3079180953858536	-0.4662500415349999	0.08279114192500003	0.7853851640492484
fit-logistic-run1-prior1	logistic	run1	1.0	False	similar_minus_dissimilar	sub-113	offer_slope	0.009890026162558832	0.3260539805613571	-0.6627017543654999	0.0028354974849998937	0.6947940195739998
fit-logistic-run1-prior1	logistic	run1	1.0	False	similar_minus_dissimilar	sub-115	offer_slope	0.0070020788819177	0.17999525765543287	-0.3402823813724525	0.0034219306955000084	0.3640899525115124
fit-logistic-run1-prior1	logistic	run1	1.0	False	similar_minus_dissimilar	sub-116	offer_slope	0.014014362474403168	0.31650308528520693	-0.6200926267749997	0.006317793979999875	0.684910735588749
fit-logistic-run1-prior1	logistic	run1	1.0	False	similar_minus_dissimilar	sub-117	offer_slope	0.047431798452019655	0.28652079684049975	-0.5130976712639999	0.031669050979999724	0.6850122112752496
fit-logistic-run1-prior1	logistic	run1	1.0	False	similar_minus_dissimilar	sub-118	offer_slope	-0.46720267245550806	0.315443836559284	-1.1511126854221674	-0.445197621063	0.055789515421749786
fit-logistic-run1-prior1	logistic	run1	1.0	False	similar_minus_dissimilar	sub-121	offer_slope	0.02708252919276733	0.31039974193545594	-0.5941547801198249	0.023113573164999957	0.697307667048925
fit-logistic-run1-prior1	logistic	run1	1.0	False	similar_minus_dissimilar	sub-122	offer_slope	-0.38973418554126243	0.3567654959759756	-1.20114506637925	-0.3387810957745	0.1522921696379744
fit-logistic-run1-prior1	logistic	run1	1.0	False	similar_minus_dissimilar	sub-124	offer_slope	0.2797849270600315	0.3438581244899204	-0.2681160322825501	0.2297948767750001	1.0649356053254246
fit-logistic-run1-prior1	logistic	run1	1.0	False	similar_minus_dissimilar	sub-125	offer_slope	0.11075687203576551	0.2984326040491854	-0.45426459141397507	0.08870693546449993	0.7618108798138487
fit-logistic-run1-prior1	logistic	run1	1.0	False	similar_minus_dissimilar	sub-126	offer_slope	0.005287935801674533	0.3377888401270892	-0.6715745380600002	-0.00023246567600004875	0.7229713919505446
fit-logistic-run1-prior1	logistic	run1	1.0	False	similar_minus_dissimilar	sub-127	offer_slope	-0.12446507160235817	0.3154709910480486	-0.8134589133500001	-0.09934432378500002	0.4711413875615
fit-logistic-run1-prior1	logistic	run1	1.0	False	similar_minus_dissimilar	sub-128	offer_slope	0.2743994638071246	0.31350067526103714	-0.22672955412219997	0.23359778442550005	0.9653400010864744
fit-logistic-run1-prior1	logistic	run1	1.0	False	similar_minus_dissimilar	sub-129	offer_slope	0.002678925567341666	0.3241724358624667	-0.6341334791222504	-0.004849344574999859	0.684131876665499
fit-logistic-run1-prior1	logistic	run1	1.0	False	similar_minus_dissimilar	sub-130	offer_slope	-0.011513507512550945	0.3198881366069235	-0.65887610153705	-0.010539402137499987	0.6473528215375742
fit-logistic-run1-prior1	logistic	run1	1.0	False	similar_minus_dissimilar	sub-132	offer_slope	-0.051452861897102194	0.3336706460150147	-0.7585234886469501	-0.041588351458500004	0.6077988736381498
fit-logistic-run1-prior1	logistic	run1	1.0	False	similar_minus_dissimilar	sub-133	offer_slope	-0.022873114196483725	0.27942777549772757	-0.5940712908569751	-0.018902969320000018	0.5429921552466499
fit-logistic-run1-prior1	logistic	run1	1.0	False	similar_minus_dissimilar	sub-134	offer_slope	-0.030451234580584265	0.2755363265050936	-0.5853930503682251	-0.02730359411550004	0.51914327637685
fit-logistic-run1-prior1	logistic	run1	1.0	False	similar_minus_dissimilar	sub-135	offer_slope	0.196805008047501	0.2509551662584041	-0.24250639397804996	0.1719232349565	0.7546997491737275
fit-logistic-run1-prior1	logistic	run1	1.0	False	similar_minus_dissimilar	sub-136	offer_slope	0.03414316395450817	0.30958026523169185	-0.5810883706644998	0.02196271239500036	0.6918948364362496
fit-logistic-run1-prior1	logistic	run1	1.0	False	similar_minus_dissimilar	sub-137	offer_slope	-0.03832254365867334	0.3146422837094909	-0.7016398394334998	-0.0329750837699998	0.5876498118434998
fit-logistic-run1-prior1	logistic	run1	1.0	False	similar_minus_dissimilar	sub-138	offer_slope	-0.08546194557294717	0.26494457760307927	-0.6522052139321751	-0.06817089020449996	0.4203579293890248
fit-logistic-run1-prior1	logistic	run1	1.0	False	similar_minus_dissimilar	sub-140	offer_slope	0.21069021591561135	0.2566816570700103	-0.22776894896632496	0.188048757246	0.7721912685801249
fit-logistic-run1-prior1	logistic	run1	1.0	False	similar_minus_dissimilar	sub-141	offer_slope	-0.027533149109713932	0.3309153968506086	-0.7120808352614165	-0.026866741256499987	0.6337502129877823
fit-logistic-run1-prior1	logistic	run1	1.0	False	similar_minus_dissimilar	sub-142	offer_slope	0.10982743776851878	0.2823710467139691	-0.42169508093549984	0.09072440041500007	0.7231929902680748
fit-logistic-run1-prior1	logistic	run1	1.0	False	similar_minus_dissimilar	sub-143	offer_slope	-0.10307791085307066	0.2946177054867308	-0.7224581606247498	-0.08572115367	0.4499799467142498
fit-logistic-run1-prior1	logistic	run1	1.0	False	similar_minus_dissimilar	sub-144	offer_slope	0.08755570482934384	0.29893130285870706	-0.482344554669	0.061368021204999956	0.7536475176582498
fit-logistic-run1-prior1	logistic	run1	1.0	False	similar_minus_dissimilar	sub-147	offer_slope	0.27720631002642837	0.34782486129656365	-0.28277662549125	0.227348280043	1.0893908561195222
fit-logistic-run1-prior1	logistic	run1	1.0	False	similar_minus_dissimilar	sub-149	offer_slope	-0.16225329690504484	0.30940761595526894	-0.8345800823702499	-0.13347929948000004	0.40451816133899837
fit-logistic-run1-prior1	logistic	run1	1.0	False	similar_minus_dissimilar	sub-150	offer_slope	-0.231099215023767	0.32778834336272994	-0.9673128277107499	-0.185136529215	0.31947610650699987
fit-logistic-run1-prior1	logistic	run1	1.0	False	similar_minus_dissimilar	sub-151	offer_slope	-0.0551258493906015	0.329212135655745	-0.7778537182705	-0.04043719437999993	0.6087826370495
fit-logistic-run1-prior1	logistic	run1	1.0	False	similar_minus_dissimilar	sub-152	offer_slope	-0.031096947334119687	0.3474598388784964	-0.7555042302255001	-0.02435550544950002	0.6858219733787322
fit-logistic-run1-prior1	logistic	run1	1.0	False	similar_minus_dissimilar	sub-153	offer_slope	0.05493221887889249	0.3105023898849367	-0.565641075834	0.03991220523500005	0.7003571292837497
fit-logistic-run1-prior1	logistic	run1	1.0	False	similar_minus_dissimilar	sub-154	offer_slope	-0.323745166745418	0.31647790470586035	-1.0430854304538	-0.28797833664200007	0.1883237802223741
fit-logistic-run1-prior1	logistic	run1	1.0	False	similar_minus_dissimilar	sub-155	offer_slope	0.07493973406315246	0.2894414017557961	-0.46961568123400016	0.05446490766500012	0.6878991467675996
fit-logistic-run1-prior1	logistic	run1	1.0	False	similar_minus_dissimilar	sub-156	offer_slope	-0.0023121306241905954	0.34688315376455037	-0.6986534912109824	-0.006055840525000078	0.7052989190897249
fit-logistic-run1-prior1	logistic	run1	1.0	False	similar_minus_dissimilar	sub-157	offer_slope	-0.07143445145096901	0.29497182723364507	-0.6954831586455	-0.05691168082499998	0.5020488570392491
fit-logistic-run1-prior1	logistic	run1	1.0	False	similar_minus_dissimilar	sub-158	offer_slope	0.0308656408662895	0.29222218477215445	-0.5435903289882499	0.018824358135000052	0.6425656364069996
fit-logistic-run1-prior1	logistic	run1	1.0	False	similar_minus_dissimilar	sub-159	offer_slope	-0.13103258935021517	0.2662325430927256	-0.7258706337275	-0.10791085452000004	0.36838130019424986
fit-logistic-run1-prior1	logistic	run1	1.0	False	similar_minus_dissimilar	sample_mean	offer_slope	-0.012201749437911483	0.08805818657517109	-0.18388446717679288	-0.012982166008879704	0.16045250176580728
fit-logistic-run1-prior1	logistic	run1	1.0	False	human_minus_computer	sub-104	intercept_at_5	0.16508533644150333	0.7415757252196739	-1.3983450064260003	0.1825230202724999	1.693511310222374
fit-logistic-run1-prior1	logistic	run1	1.0	False	human_minus_computer	sub-105	intercept_at_5	0.41915729991944684	0.6949075442440741	-0.920655373866434	0.37566692755324993	1.9292606415478872
fit-logistic-run1-prior1	logistic	run1	1.0	False	human_minus_computer	sub-106	intercept_at_5	0.2785053838376083	0.6844263342333294	-1.111481600332625	0.26848931561000056	1.7170090026749998
fit-logistic-run1-prior1	logistic	run1	1.0	False	human_minus_computer	sub-107	intercept_at_5	0.696392762016728	0.6032081847395807	-0.3521931116780625	0.6286977267282501	2.0030242055169865
fit-logistic-run1-prior1	logistic	run1	1.0	False	human_minus_computer	sub-108	intercept_at_5	0.7076780407041057	0.6132178459851241	-0.3376195156836625	0.6429573767646001	2.086079955718662
fit-logistic-run1-prior1	logistic	run1	1.0	False	human_minus_computer	sub-109	intercept_at_5	0.0844025144361883	0.7344285611638706	-1.5287632902561261	0.1367151541200009	1.470010452551125
fit-logistic-run1-prior1	logistic	run1	1.0	False	human_minus_computer	sub-110	intercept_at_5	-0.049406760763009476	0.6501217967045867	-1.4578701487574675	0.010683040549750042	1.1381842553909995
fit-logistic-run1-prior1	logistic	run1	1.0	False	human_minus_computer	sub-111	intercept_at_5	0.17927113694246205	0.63711515809205	-1.1535540992149251	0.19171912061430002	1.4653028664607122
fit-logistic-run1-prior1	logistic	run1	1.0	False	human_minus_computer	sub-112	intercept_at_5	0.08469940838611917	0.6568294792730479	-1.3126968540830004	0.10496844011749973	1.4167163409467498
fit-logistic-run1-prior1	logistic	run1	1.0	False	human_minus_computer	sub-113	intercept_at_5	0.6218360785898646	0.6647755738459202	-0.5608091147247587	0.54480554019863	2.1025561920353626
fit-logistic-run1-prior1	logistic	run1	1.0	False	human_minus_computer	sub-115	intercept_at_5	0.03299753353088923	0.4777275093545721	-0.9924855699651376	0.06290203391119999	0.9485415808218369
fit-logistic-run1-prior1	logistic	run1	1.0	False	human_minus_computer	sub-116	intercept_at_5	0.246939632210517	0.6586360512739807	-1.0755792964941249	0.24625060492249995	1.6104378622147495
fit-logistic-run1-prior1	logistic	run1	1.0	False	human_minus_computer	sub-117	intercept_at_5	0.2677974799178567	0.6409743701869649	-1.011491030335125	0.25421836708500045	1.5891486751013721
fit-logistic-run1-prior1	logistic	run1	1.0	False	human_minus_computer	sub-118	intercept_at_5	0.22303487656045584	0.49366704634688274	-0.7695047482142625	0.22493800710325004	1.2281578262707866
fit-logistic-run1-prior1	logistic	run1	1.0	False	human_minus_computer	sub-121	intercept_at_5	1.24528911217052	0.8223527442366627	-0.003443215040162444	1.1552804909815	3.1126610330092
fit-logistic-run1-prior1	logistic	run1	1.0	False	human_minus_computer	sub-122	intercept_at_5	0.34250193001697954	0.6415499813054519	-0.9046306427416251	0.312334192005	1.7264494696016237
fit-logistic-run1-prior1	logistic	run1	1.0	False	human_minus_computer	sub-124	intercept_at_5	0.18621907354075998	0.6532243374458717	-1.1981005896817494	0.1977120638625003	1.5187962643283728
fit-logistic-run1-prior1	logistic	run1	1.0	False	human_minus_computer	sub-125	intercept_at_5	-0.1138412900167782	0.5729379054035914	-1.3564456198125325	-0.07171643580775	0.9268037768526234
fit-logistic-run1-prior1	logistic	run1	1.0	False	human_minus_computer	sub-126	intercept_at_5	0.20731776744303254	0.7661640288868355	-1.3862503952904994	0.20715258237	1.8042971832244994
fit-logistic-run1-prior1	logistic	run1	1.0	False	human_minus_computer	sub-127	intercept_at_5	0.25756089946633554	0.6494877655200765	-1.0871463316035	0.25394584000249987	1.6397359457129996
fit-logistic-run1-prior1	logistic	run1	1.0	False	human_minus_computer	sub-128	intercept_at_5	0.06497267569177832	0.6864710315654308	-1.4022672698094998	0.10969878708749992	1.398239966503625
fit-logistic-run1-prior1	logistic	run1	1.0	False	human_minus_computer	sub-129	intercept_at_5	0.3074184407059797	0.6463831221029531	-0.9822346757081251	0.28797828603	1.6833317097445044
fit-logistic-run1-prior1	logistic	run1	1.0	False	human_minus_computer	sub-130	intercept_at_5	0.5652229463398433	0.7873668516161512	-0.8273940295250003	0.46983733164249974	2.3109256705168746
fit-logistic-run1-prior1	logistic	run1	1.0	False	human_minus_computer	sub-132	intercept_at_5	0.458263495012375	0.7363996931274229	-0.9169156275592507	0.3844461772150001	2.138203286296748
fit-logistic-run1-prior1	logistic	run1	1.0	False	human_minus_computer	sub-133	intercept_at_5	-0.09168276715289247	0.7316768495788298	-1.7256354639197498	0.00095752562000051	1.2148110032572494
fit-logistic-run1-prior1	logistic	run1	1.0	False	human_minus_computer	sub-134	intercept_at_5	0.23670955479214076	0.7045424840335851	-1.2267780519488751	0.2337394281824996	1.6797349444131215
fit-logistic-run1-prior1	logistic	run1	1.0	False	human_minus_computer	sub-135	intercept_at_5	0.44950091230574407	0.5926557056990418	-0.65419576221085	0.40862723481499996	1.7477129844043748
fit-logistic-run1-prior1	logistic	run1	1.0	False	human_minus_computer	sub-136	intercept_at_5	-0.1885190363221988	0.7154943135957997	-1.7922974554310247	-0.09457621992749976	1.0792940351299987
fit-logistic-run1-prior1	logistic	run1	1.0	False	human_minus_computer	sub-137	intercept_at_5	0.28019779976362025	0.6787538363600555	-1.0979507146606502	0.27345467999500017	1.7262872370038502
fit-logistic-run1-prior1	logistic	run1	1.0	False	human_minus_computer	sub-138	intercept_at_5	-0.7870205054853656	0.895962293705705	-2.7922731782117753	-0.6740339582550001	0.5604009473228738
fit-logistic-run1-prior1	logistic	run1	1.0	False	human_minus_computer	sub-140	intercept_at_5	-0.1156077322003378	0.6140540034226387	-1.4713141930715503	-0.0485644952182499	0.9640171732547497
fit-logistic-run1-prior1	logistic	run1	1.0	False	human_minus_computer	sub-141	intercept_at_5	0.44863888926252754	0.7509473620864591	-0.9599148083061251	0.38685216977500003	2.1073247317729997
fit-logistic-run1-prior1	logistic	run1	1.0	False	human_minus_computer	sub-142	intercept_at_5	-0.21579351852674336	0.772051527775618	-1.973299184293	-0.10649913718249993	1.1091128153661247
fit-logistic-run1-prior1	logistic	run1	1.0	False	human_minus_computer	sub-143	intercept_at_5	0.136337203017025	0.6584779082643957	-1.2473715309673743	0.15418388934749938	1.44661414116675
fit-logistic-run1-prior1	logistic	run1	1.0	False	human_minus_computer	sub-144	intercept_at_5	0.13328681120071834	0.6662001108068025	-1.2660902533673744	0.15494100669750033	1.4381873927288746
fit-logistic-run1-prior1	logistic	run1	1.0	False	human_minus_computer	sub-147	intercept_at_5	0.5993719704979392	0.6384068727521287	-0.5640200082200004	0.540179306085	2.0037891430792487
fit-logistic-run1-prior1	logistic	run1	1.0	False	human_minus_computer	sub-149	intercept_at_5	-0.04374973959558	0.6795321663111147	-1.5230899087962497	0.027777667484999657	1.2148880359638752
fit-logistic-run1-prior1	logistic	run1	1.0	False	human_minus_computer	sub-150	intercept_at_5	0.054280895860008914	0.6443768559146523	-1.3219171848847502	0.09569786321999985	1.2923237724851986
fit-logistic-run1-prior1	logistic	run1	1.0	False	human_minus_computer	sub-151	intercept_at_5	-0.353458638488252	0.7569891173695752	-2.0739797315947945	-0.25566201559299995	0.8841514644617496
fit-logistic-run1-prior1	logistic	run1	1.0	False	human_minus_computer	sub-152	intercept_at_5	0.1756258179680808	0.7736873636780255	-1.457967642856125	0.18706570544250045	1.7314552162404984
fit-logistic-run1-prior1	logistic	run1	1.0	False	human_minus_computer	sub-153	intercept_at_5	1.0343216898537422	0.8099904039553601	-0.2192782536227498	0.9284784300800004	2.8904300747208707
fit-logistic-run1-prior1	logistic	run1	1.0	False	human_minus_computer	sub-154	intercept_at_5	-0.13381946102350206	0.648756481678737	-1.5228062858412503	-0.06922871459250024	1.0513696899718872
fit-logistic-run1-prior1	logistic	run1	1.0	False	human_minus_computer	sub-155	intercept_at_5	-0.12410799073825751	0.7144209565712659	-1.729229237169875	-0.034049327225000425	1.1506973416359991
fit-logistic-run1-prior1	logistic	run1	1.0	False	human_minus_computer	sub-156	intercept_at_5	0.19838580094133831	0.7424494951649524	-1.3490270348502507	0.21083472060250008	1.7029945683110004
fit-logistic-run1-prior1	logistic	run1	1.0	False	human_minus_computer	sub-157	intercept_at_5	-0.25648550014730087	0.7657878558532865	-1.9865760011892504	-0.15203765729500018	1.0569841477493744
fit-logistic-run1-prior1	logistic	run1	1.0	False	human_minus_computer	sub-158	intercept_at_5	0.2702237485204759	0.6577221512007257	-1.0710809229866258	0.266397533945	1.6587815228672491
fit-logistic-run1-prior1	logistic	run1	1.0	False	human_minus_computer	sub-159	intercept_at_5	-0.27519567137619716	0.7373165860514709	-1.874224308596876	-0.18450928859499993	0.9872143572849988
fit-logistic-run1-prior1	logistic	run1	1.0	False	human_minus_computer	sample_mean	intercept_at_5	0.1895905597027297	0.20694032941192195	-0.20241366252847126	0.18601259029045053	0.6056123833201534
fit-logistic-run1-prior1	logistic	run1	1.0	False	human_minus_computer	sub-104	offer_slope	0.12858541417885566	0.32530950591597324	-0.5344946232028575	0.12593928071774996	0.8283743562312499
fit-logistic-run1-prior1	logistic	run1	1.0	False	human_minus_computer	sub-105	offer_slope	-0.033698916963489	0.3041289055640901	-0.7182456763901253	0.004984654702499869	0.5003089460360748
fit-logistic-run1-prior1	logistic	run1	1.0	False	human_minus_computer	sub-106	offer_slope	0.13910467233573418	0.3093476400866968	-0.4931964428961248	0.12647078987749993	0.7827219501414994
fit-logistic-run1-prior1	logistic	run1	1.0	False	human_minus_computer	sub-107	offer_slope	0.2820805374717875	0.2670259912891089	-0.1890264599077749	0.25306887544675	0.8702578943538497
fit-logistic-run1-prior1	logistic	run1	1.0	False	human_minus_computer	sub-108	offer_slope	0.12938698962541842	0.26237786560772786	-0.4012624580154875	0.12818417404000004	0.6813270435416499
fit-logistic-run1-prior1	logistic	run1	1.0	False	human_minus_computer	sub-109	offer_slope	0.22296753891241033	0.3189932031027624	-0.3502049948470001	0.1863675562375	0.9749758074015237
fit-logistic-run1-prior1	logistic	run1	1.0	False	human_minus_computer	sub-110	offer_slope	0.45891230815887607	0.33344510417157447	-0.05712071773828763	0.4176881540465	1.181560221790399
fit-logistic-run1-prior1	logistic	run1	1.0	False	human_minus_computer	sub-111	offer_slope	-0.023799218375844016	0.30758549185185785	-0.7136978950854	0.013877824401999916	0.52397736939835
fit-logistic-run1-prior1	logistic	run1	1.0	False	human_minus_computer	sub-112	offer_slope	0.2360612765499141	0.25683534334390096	-0.22662779539000005	0.20955027146250005	0.8074307327446237
fit-logistic-run1-prior1	logistic	run1	1.0	False	human_minus_computer	sub-113	offer_slope	0.2620016323063436	0.313005252761962	-0.2834764641295	0.2240589059425	0.9695809321246246
fit-logistic-run1-prior1	logistic	run1	1.0	False	human_minus_computer	sub-115	offer_slope	0.08665330965210294	0.18840477829597632	-0.3000497733867375	0.090760059756	0.4495114984247617
fit-logistic-run1-prior1	logistic	run1	1.0	False	human_minus_computer	sub-116	offer_slope	0.11949238675428725	0.28776234486231017	-0.5004567376492497	0.11991474400750002	0.6966332665603743
fit-logistic-run1-prior1	logistic	run1	1.0	False	human_minus_computer	sub-117	offer_slope	0.0575113412400005	0.23664331917914638	-0.4534374486346252	0.06602256466500034	0.5209542777174996
fit-logistic-run1-prior1	logistic	run1	1.0	False	human_minus_computer	sub-118	offer_slope	0.3050115604116999	0.20911668706507508	-0.06885219430823748	0.2903529258847499	0.7566118411723874
fit-logistic-run1-prior1	logistic	run1	1.0	False	human_minus_computer	sub-121	offer_slope	0.03811203759508101	0.2686302852195284	-0.5446466703373626	0.056000118899999896	0.5490979907797747
fit-logistic-run1-prior1	logistic	run1	1.0	False	human_minus_computer	sub-122	offer_slope	0.158016575119642	0.23464368604014116	-0.30164536263983754	0.14674882351300006	0.6507595530770366
fit-logistic-run1-prior1	logistic	run1	1.0	False	human_minus_computer	sub-124	offer_slope	0.11561734052043643	0.24109071412521826	-0.36551873295118764	0.11642259072000005	0.6018518249702499
fit-logistic-run1-prior1	logistic	run1	1.0	False	human_minus_computer	sub-125	offer_slope	-0.014571924453326746	0.25537322031168636	-0.5743305571940249	0.012067566757750003	0.45584470911178726
fit-logistic-run1-prior1	logistic	run1	1.0	False	human_minus_computer	sub-126	offer_slope	0.10759156976366344	0.3111207492671346	-0.5430440567743748	0.11140872724215001	0.7382172908308748
fit-logistic-run1-prior1	logistic	run1	1.0	False	human_minus_computer	sub-127	offer_slope	0.07382930401913158	0.26460644729252486	-0.4996852186741249	0.08196362431999993	0.5924726052085001
fit-logistic-run1-prior1	logistic	run1	1.0	False	human_minus_computer	sub-128	offer_slope	-0.007052660938868833	0.23319673385190892	-0.5092779356615625	0.01359642927900001	0.4116531539931244
fit-logistic-run1-prior1	logistic	run1	1.0	False	human_minus_computer	sub-129	offer_slope	0.19150474730637018	0.3043879827578657	-0.385948704669875	0.17004253191999996	0.8376399185992501
fit-logistic-run1-prior1	logistic	run1	1.0	False	human_minus_computer	sub-130	offer_slope	0.1906474054005168	0.3027869687954766	-0.39430667497996547	0.170581439999	0.8741766471132445
fit-logistic-run1-prior1	logistic	run1	1.0	False	human_minus_computer	sub-132	offer_slope	-0.07254816233030754	0.3034101243379571	-0.7798028147523625	-0.03342742535549997	0.4438490906755124
fit-logistic-run1-prior1	logistic	run1	1.0	False	human_minus_computer	sub-133	offer_slope	0.31292025269303364	0.3008696855724829	-0.175066395509775	0.26402532316325	1.0103008357675498
fit-logistic-run1-prior1	logistic	run1	1.0	False	human_minus_computer	sub-134	offer_slope	0.33503489378336343	0.321213158685665	-0.18890793730017494	0.28591895528925004	1.0588191169969168
fit-logistic-run1-prior1	logistic	run1	1.0	False	human_minus_computer	sub-135	offer_slope	-0.08669764697999205	0.20576003991807	-0.524179354967065	-0.07303152624049997	0.28324719937326215
fit-logistic-run1-prior1	logistic	run1	1.0	False	human_minus_computer	sub-136	offer_slope	0.2339385086600809	0.29358125493692555	-0.302980172434375	0.19720616405000002	0.8904263037245003
fit-logistic-run1-prior1	logistic	run1	1.0	False	human_minus_computer	sub-137	offer_slope	0.12637423960656716	0.2942776885985867	-0.4764026687094998	0.12294701342749992	0.7330668962939745
fit-logistic-run1-prior1	logistic	run1	1.0	False	human_minus_computer	sub-138	offer_slope	0.4634212562483802	0.3094156713969212	-0.0408277252263375	0.4360007589132501	1.1276486588582249
fit-logistic-run1-prior1	logistic	run1	1.0	False	human_minus_computer	sub-140	offer_slope	0.047484391593751486	0.22134515374826177	-0.41616022430575	0.060800284474500005	0.47178647135116225
fit-logistic-run1-prior1	logistic	run1	1.0	False	human_minus_computer	sub-141	offer_slope	0.21896064891824238	0.29715757892578004	-0.34747215830157757	0.187668348449775	0.88454934641804
fit-logistic-run1-prior1	logistic	run1	1.0	False	human_minus_computer	sub-142	offer_slope	0.4026059604757142	0.3068841249540861	-0.08691001187017489	0.3652224755375	1.0985268243970105
fit-logistic-run1-prior1	logistic	run1	1.0	False	human_minus_computer	sub-143	offer_slope	0.07293120160387066	0.23919176834562259	-0.43208830670862464	0.0804010033444999	0.5580497948262497
fit-logistic-run1-prior1	logistic	run1	1.0	False	human_minus_computer	sub-144	offer_slope	0.05994680621165442	0.24846010615719405	-0.47373335736662464	0.06800042965249986	0.5385885887391247
fit-logistic-run1-prior1	logistic	run1	1.0	False	human_minus_computer	sub-147	offer_slope	0.26862516629167077	0.24989049259162374	-0.17727602605901244	0.24697399641375006	0.8052964969997496
fit-logistic-run1-prior1	logistic	run1	1.0	False	human_minus_computer	sub-149	offer_slope	0.19177929884365957	0.24979668766871074	-0.2863037102031249	0.17290929236250008	0.73519324018185
fit-logistic-run1-prior1	logistic	run1	1.0	False	human_minus_computer	sub-150	offer_slope	0.08899758538617	0.2860682296127239	-0.51636293040275	0.09697723169249983	0.6748206003077996
fit-logistic-run1-prior1	logistic	run1	1.0	False	human_minus_computer	sub-151	offer_slope	0.12434629906493475	0.30863581864796047	-0.510608133943625	0.11491433079750002	0.7893457447723752
fit-logistic-run1-prior1	logistic	run1	1.0	False	human_minus_computer	sub-152	offer_slope	0.12490514428745242	0.3144297911002712	-0.510968274414785	0.121730871095	0.7984318025524437
fit-logistic-run1-prior1	logistic	run1	1.0	False	human_minus_computer	sub-153	offer_slope	-0.044417454324249095	0.30454387938583655	-0.7246895109070001	-0.00994956934000002	0.5076591574196248
fit-logistic-run1-prior1	logistic	run1	1.0	False	human_minus_computer	sub-154	offer_slope	-0.18312723437219014	0.26387107611753624	-0.769222651616575	-0.1574569162228251	0.25342807297546244
fit-logistic-run1-prior1	logistic	run1	1.0	False	human_minus_computer	sub-155	offer_slope	-0.15864453200277856	0.2553896099554894	-0.7212898211062498	-0.12951361471	0.25889616647637514
fit-logistic-run1-prior1	logistic	run1	1.0	False	human_minus_computer	sub-156	offer_slope	0.12238526286815532	0.32334365775382773	-0.5466367006686624	0.11753570965900001	0.8083940048992118
fit-logistic-run1-prior1	logistic	run1	1.0	False	human_minus_computer	sub-157	offer_slope	0.35832654657802765	0.28951291103299237	-0.12369170636724991	0.3257280966074998	0.999160954324625
fit-logistic-run1-prior1	logistic	run1	1.0	False	human_minus_computer	sub-158	offer_slope	0.14970443122895008	0.2512962156283049	-0.34143143174825	0.143681832585	0.6567493532979993
fit-logistic-run1-prior1	logistic	run1	1.0	False	human_minus_computer	sub-159	offer_slope	-0.13953421819232775	0.28591836965954814	-0.777070808067	-0.0993635706499999	0.3316022554519995
fit-logistic-run1-prior1	logistic	run1	1.0	False	human_minus_computer	sample_mean	offer_slope	0.13280178452622504	0.0751802878478256	-0.012476353127497399	0.13133779580342053	0.283768663852614
fit-rw_free-full-prior1	rw_free	full	1.0	False	similar_minus_dissimilar	sub-104	alpha	0.002930703079762264	0.05327987378480875	-0.111557197667225	0.0010282885510000117	0.12071921295817496
fit-rw_free-full-prior1	rw_free	full	1.0	False	similar_minus_dissimilar	sub-105	alpha	0.009377651738437832	0.05262058225753414	-0.07926745187430002	0.00144310273199999	0.16023509167832495
fit-rw_free-full-prior1	rw_free	full	1.0	False	similar_minus_dissimilar	sub-106	alpha	0.0035807489772129997	0.03393714685859853	-0.06342391004099995	0.0011206771149999684	0.08459621338704996
fit-rw_free-full-prior1	rw_free	full	1.0	False	similar_minus_dissimilar	sub-107	alpha	-0.017625873182457334	0.07042263395492428	-0.24218831771845004	0.00020644580899997766	0.06388343285194996
fit-rw_free-full-prior1	rw_free	full	1.0	False	similar_minus_dissimilar	sub-108	alpha	-0.0218866090148515	0.08080028741768927	-0.29123705446975	0.00015338790700003546	0.05452886588177509
fit-rw_free-full-prior1	rw_free	full	1.0	False	similar_minus_dissimilar	sub-109	alpha	0.0031224728770217	0.041844180763322456	-0.07074980783972501	0.0011294841925000298	0.08845281518052489
fit-rw_free-full-prior1	rw_free	full	1.0	False	similar_minus_dissimilar	sub-110	alpha	0.017537079277833163	0.0648838165394226	-0.06472615413737498	0.0020079157829999694	0.22240385091334997
fit-rw_free-full-prior1	rw_free	full	1.0	False	similar_minus_dissimilar	sub-111	alpha	0.021345558097824166	0.07150042722466532	-0.061633367198675015	0.002397240798500011	0.2521270040237749
fit-rw_free-full-prior1	rw_free	full	1.0	False	similar_minus_dissimilar	sub-112	alpha	0.00270900064077	0.02738764045943213	-0.05120793690407497	0.0010357948634999725	0.0635527460493249
fit-rw_free-full-prior1	rw_free	full	1.0	False	similar_minus_dissimilar	sub-113	alpha	0.004011440040325166	0.039515206385942095	-0.07505640413662498	0.0010793637564999736	0.09466008211847478
fit-rw_free-full-prior1	rw_free	full	1.0	False	similar_minus_dissimilar	sub-115	alpha	0.0033640555519996547	0.057802859279003124	-0.11303329722829993	0.0012127806649999684	0.12376917289629996
fit-rw_free-full-prior1	rw_free	full	1.0	False	similar_minus_dissimilar	sub-116	alpha	0.0014930739725000002	0.03092235913780717	-0.06874717960170004	0.0009426937945000158	0.06572518793995001
fit-rw_free-full-prior1	rw_free	full	1.0	False	similar_minus_dissimilar	sub-117	alpha	0.0029370052083623334	0.040310936183241095	-0.07048060902432493	0.0010338390065000036	0.08813946512999998
fit-rw_free-full-prior1	rw_free	full	1.0	False	similar_minus_dissimilar	sub-118	alpha	-0.002860709199269851	0.06685246603465939	-0.17203838565934995	0.0009195584710000593	0.11231790705642493
fit-rw_free-full-prior1	rw_free	full	1.0	False	similar_minus_dissimilar	sub-121	alpha	-0.0013373885081468329	0.05399450034605615	-0.14745521936582495	0.0009419567314999933	0.10531758992257503
fit-rw_free-full-prior1	rw_free	full	1.0	False	similar_minus_dissimilar	sub-122	alpha	0.0020648949186632165	0.04985445670831375	-0.10787253430657504	0.0010794541830000393	0.1021378429724499
fit-rw_free-full-prior1	rw_free	full	1.0	False	similar_minus_dissimilar	sub-124	alpha	0.002261636133248999	0.041994596527604455	-0.07914655876962495	0.0010201608035000365	0.08232416161544982
fit-rw_free-full-prior1	rw_free	full	1.0	False	similar_minus_dissimilar	sub-125	alpha	0.0024528377352108343	0.044323177559695115	-0.10140708546162498	0.00110040874399997	0.10172912889049984
fit-rw_free-full-prior1	rw_free	full	1.0	False	similar_minus_dissimilar	sub-126	alpha	0.002175887201685798	0.05265559953560947	-0.107419308427475	0.0010525171365000086	0.10980442859474908
fit-rw_free-full-prior1	rw_free	full	1.0	False	similar_minus_dissimilar	sub-127	alpha	0.011392740285425333	0.03951300371389589	-0.03665398789329999	0.00183723989200002	0.13051803687809974
fit-rw_free-full-prior1	rw_free	full	1.0	False	similar_minus_dissimilar	sub-128	alpha	0.0016582038670766661	0.016910724312264484	-0.03432756483929996	0.0007086489734999812	0.040320953000750025
fit-rw_free-full-prior1	rw_free	full	1.0	False	similar_minus_dissimilar	sub-129	alpha	0.0011455878725634995	0.03978636262882887	-0.09604769515462497	0.0009199869209999822	0.08263558971172492
fit-rw_free-full-prior1	rw_free	full	1.0	False	similar_minus_dissimilar	sub-130	alpha	0.0011114964024785644	0.05454233732860147	-0.11553126008387501	0.000933063740000073	0.10190008924779967
fit-rw_free-full-prior1	rw_free	full	1.0	False	similar_minus_dissimilar	sub-132	alpha	0.0025293098070170283	0.05124595023741114	-0.09512419621377498	0.0009418160479999216	0.10570010348092496
fit-rw_free-full-prior1	rw_free	full	1.0	False	similar_minus_dissimilar	sub-133	alpha	0.002171337046932355	0.04908071224784028	-0.10183706724999998	0.0010281438590000191	0.1062103457411248
fit-rw_free-full-prior1	rw_free	full	1.0	False	similar_minus_dissimilar	sub-134	alpha	0.0026712874954184507	0.044618727827008174	-0.09192379754352506	0.0011960315774999786	0.09136921869237503
fit-rw_free-full-prior1	rw_free	full	1.0	False	similar_minus_dissimilar	sub-135	alpha	0.005197859773547666	0.02674896001680942	-0.03720976987144992	0.0012604795475000263	0.07398928308504986
fit-rw_free-full-prior1	rw_free	full	1.0	False	similar_minus_dissimilar	sub-136	alpha	0.03270488923880165	0.0950163660364288	-0.08605980994470003	0.003404112129499981	0.3239434112533997
fit-rw_free-full-prior1	rw_free	full	1.0	False	similar_minus_dissimilar	sub-137	alpha	-0.003286984209738499	0.038273250752398597	-0.10681116827612508	0.0005772931619999477	0.05867128932229996
fit-rw_free-full-prior1	rw_free	full	1.0	False	similar_minus_dissimilar	sub-138	alpha	0.0027508763700888833	0.04411710195427827	-0.0862067442427	0.0011186022709999688	0.0932605792835499
fit-rw_free-full-prior1	rw_free	full	1.0	False	similar_minus_dissimilar	sub-140	alpha	0.00422748627708105	0.04722701122482253	-0.08270883809095005	0.0011625536604999431	0.10818639554924976
fit-rw_free-full-prior1	rw_free	full	1.0	False	similar_minus_dissimilar	sub-141	alpha	0.0016818656367349695	0.051685540799628796	-0.11009314954042508	0.0009608391254999904	0.10403149021165005
fit-rw_free-full-prior1	rw_free	full	1.0	False	similar_minus_dissimilar	sub-142	alpha	0.0019959576120409674	0.05069287345287156	-0.10635268669169992	0.0010773253324999899	0.1106435178640245
fit-rw_free-full-prior1	rw_free	full	1.0	False	similar_minus_dissimilar	sub-143	alpha	-0.0017231193426429983	0.05076217380444571	-0.12434374128850002	0.0008696487014999699	0.08240398958674988
fit-rw_free-full-prior1	rw_free	full	1.0	False	similar_minus_dissimilar	sub-144	alpha	0.00028136674592800043	0.03028101475126646	-0.07377303936962505	0.0009016738529999957	0.05911434441912499
fit-rw_free-full-prior1	rw_free	full	1.0	False	similar_minus_dissimilar	sub-147	alpha	0.003997192325444667	0.03775669363194279	-0.061929472707050064	0.0012174185824999628	0.08352868489677508
fit-rw_free-full-prior1	rw_free	full	1.0	False	similar_minus_dissimilar	sub-149	alpha	2.5057188347333912e-05	0.04236333940516882	-0.09217616141439998	0.0008343976010000143	0.07391489731912501
fit-rw_free-full-prior1	rw_free	full	1.0	False	similar_minus_dissimilar	sub-150	alpha	-0.018791963592702018	0.08240508427211764	-0.2921164238801	0.00027510990600004837	0.07116056542989989
fit-rw_free-full-prior1	rw_free	full	1.0	False	similar_minus_dissimilar	sub-151	alpha	0.006064313707735833	0.03557945617099348	-0.05470024069580003	0.0013492265505000156	0.09881368009037476
fit-rw_free-full-prior1	rw_free	full	1.0	False	similar_minus_dissimilar	sub-152	alpha	0.002760263869805138	0.05096148782830872	-0.10560054154197501	0.000986094847000074	0.10797747793064993
fit-rw_free-full-prior1	rw_free	full	1.0	False	similar_minus_dissimilar	sub-153	alpha	0.0004380679154088328	0.04448354466920476	-0.11167574813870007	0.0010667120514999406	0.08662201918635003
fit-rw_free-full-prior1	rw_free	full	1.0	False	similar_minus_dissimilar	sub-154	alpha	0.001628599222549333	0.031047591007954112	-0.064673339100625	0.0007680012230000255	0.07228367869484999
fit-rw_free-full-prior1	rw_free	full	1.0	False	similar_minus_dissimilar	sub-155	alpha	0.0021898823762733334	0.01656007235914379	-0.030245794639499963	0.0008789939930000101	0.04029586207467498
fit-rw_free-full-prior1	rw_free	full	1.0	False	similar_minus_dissimilar	sub-156	alpha	0.0019613751786879165	0.051601554132500914	-0.10344010533304997	0.0009722486844999656	0.10825833136094996
fit-rw_free-full-prior1	rw_free	full	1.0	False	similar_minus_dissimilar	sub-157	alpha	0.0022392172182255	0.029351850822364942	-0.052333246031925004	0.0009376639110000307	0.05760427077462493
fit-rw_free-full-prior1	rw_free	full	1.0	False	similar_minus_dissimilar	sub-158	alpha	-0.0035692799322193333	0.0395435135158624	-0.11879193765577507	0.000564454678500026	0.06300074529874987
fit-rw_free-full-prior1	rw_free	full	1.0	False	similar_minus_dissimilar	sub-159	alpha	-0.002871299379193	0.03824066111402912	-0.10906328183965008	0.0006433623350000084	0.06594212038397491
fit-rw_free-full-prior1	rw_free	full	1.0	False	similar_minus_dissimilar	sample_mean	alpha	0.002132660691984037	0.02821349324862286	-0.06395337831134204	0.0016176802935212755	0.06148563611225844
fit-rw_free-full-prior1	rw_free	full	1.0	False	similar_minus_dissimilar	sub-104	gamma	-0.003870561399955	0.03605814432208217	-0.08517260147710005	-0.0006187759385000158	0.06479682845107504
fit-rw_free-full-prior1	rw_free	full	1.0	False	similar_minus_dissimilar	sub-105	gamma	-0.064121462504869	0.13030403529238502	-0.376538418085475	-0.0284584709315	0.16507383155332497
fit-rw_free-full-prior1	rw_free	full	1.0	False	similar_minus_dissimilar	sub-106	gamma	-0.001016671009459834	0.048654643402054484	-0.10554926214930002	-0.0004833063255000325	0.10913209260782478
fit-rw_free-full-prior1	rw_free	full	1.0	False	similar_minus_dissimilar	sub-107	gamma	0.0007882060010884994	0.1550448222194012	-0.3077255773605	0.00040856021700000356	0.31556489335557486
fit-rw_free-full-prior1	rw_free	full	1.0	False	similar_minus_dissimilar	sub-108	gamma	-0.2247019119490007	0.17211126832358534	-0.55109566048895	-0.224610087316	0.08053260783579959
fit-rw_free-full-prior1	rw_free	full	1.0	False	similar_minus_dissimilar	sub-109	gamma	-0.008487095875505	0.055268291474719344	-0.14183491136737494	-0.00135575131600002	0.09625212099682501
fit-rw_free-full-prior1	rw_free	full	1.0	False	similar_minus_dissimilar	sub-110	gamma	0.030366231145222	0.15078519524229828	-0.259537326678525	0.015496432030999985	0.34851472893274976
fit-rw_free-full-prior1	rw_free	full	1.0	False	similar_minus_dissimilar	sub-111	gamma	-0.003961614790397666	0.05231154418472479	-0.12653258280209997	-0.0006576816320000289	0.10759430156394996
fit-rw_free-full-prior1	rw_free	full	1.0	False	similar_minus_dissimilar	sub-112	gamma	-0.003879576594277	0.05093877138154719	-0.119266299578475	-0.0009729342659999252	0.1102945655276249
fit-rw_free-full-prior1	rw_free	full	1.0	False	similar_minus_dissimilar	sub-113	gamma	-0.011370318525145	0.059989547967031424	-0.171711979790825	-0.0016595672474999934	0.09984865290609987
fit-rw_free-full-prior1	rw_free	full	1.0	False	similar_minus_dissimilar	sub-115	gamma	-0.030807705137345362	0.052067425289240535	-0.1390509381235025	-0.028924006642000004	0.06766300845088997
fit-rw_free-full-prior1	rw_free	full	1.0	False	similar_minus_dissimilar	sub-116	gamma	-0.003898797171377333	0.041720549337462366	-0.09736288304359997	-0.0007039612510000293	0.07912765885864988
fit-rw_free-full-prior1	rw_free	full	1.0	False	similar_minus_dissimilar	sub-117	gamma	-0.005521346948208001	0.04086531564248972	-0.10270416020487502	-0.0009149072669999425	0.06940087702152499
fit-rw_free-full-prior1	rw_free	full	1.0	False	similar_minus_dissimilar	sub-118	gamma	-0.014615965665436917	0.09451216588241554	-0.220725514271525	-0.009539439645499997	0.16378002241842488
fit-rw_free-full-prior1	rw_free	full	1.0	False	similar_minus_dissimilar	sub-121	gamma	-0.013279348944425166	0.08933697676346615	-0.22861552475687497	-0.0017733243830000411	0.17434437485322504
fit-rw_free-full-prior1	rw_free	full	1.0	False	similar_minus_dissimilar	sub-122	gamma	0.03249628206417917	0.11065150866176494	-0.16046106183857506	0.004031423399500023	0.3159521635034998
fit-rw_free-full-prior1	rw_free	full	1.0	False	similar_minus_dissimilar	sub-124	gamma	-0.004206861547412166	0.04155674597939691	-0.09856718843657503	-0.0006861727759999714	0.07949372444204993
fit-rw_free-full-prior1	rw_free	full	1.0	False	similar_minus_dissimilar	sub-125	gamma	-0.0389669101142725	0.1427444055806927	-0.31634792541764994	-0.03777641409150001	0.2470293845052998
fit-rw_free-full-prior1	rw_free	full	1.0	False	similar_minus_dissimilar	sub-126	gamma	-0.004713017948486001	0.03736486750564664	-0.09368452846149991	-0.0006366996309999928	0.06758476016437497
fit-rw_free-full-prior1	rw_free	full	1.0	False	similar_minus_dissimilar	sub-127	gamma	-0.0018948480216519996	0.04457970748830832	-0.09612048596695	-0.0004540491535000024	0.09636877738629973
fit-rw_free-full-prior1	rw_free	full	1.0	False	similar_minus_dissimilar	sub-128	gamma	-0.0037996449601895	0.04522738705887097	-0.10239999444235005	-0.000576029442499959	0.08684008108757489
fit-rw_free-full-prior1	rw_free	full	1.0	False	similar_minus_dissimilar	sub-129	gamma	0.0009551306512646667	0.06712955239216618	-0.14133387731455002	-0.0005851768740000041	0.16914101440274987
fit-rw_free-full-prior1	rw_free	full	1.0	False	similar_minus_dissimilar	sub-130	gamma	-0.0054327966283155	0.04449566578225133	-0.11073365277072494	-0.0008174470135000056	0.082572753968875
fit-rw_free-full-prior1	rw_free	full	1.0	False	similar_minus_dissimilar	sub-132	gamma	-0.004793839179766332	0.03925012632969215	-0.099941325595075	-0.0006352503324999481	0.07029649503977489
fit-rw_free-full-prior1	rw_free	full	1.0	False	similar_minus_dissimilar	sub-133	gamma	-0.0050104075700833335	0.03973921951655076	-0.10419694959852505	-0.0006705370749999773	0.07161663884607485
fit-rw_free-full-prior1	rw_free	full	1.0	False	similar_minus_dissimilar	sub-134	gamma	-0.0046132843506715	0.06165940782495206	-0.150692211008375	-0.0008017733329999666	0.12931522313792485
fit-rw_free-full-prior1	rw_free	full	1.0	False	similar_minus_dissimilar	sub-135	gamma	0.37592004681785834	0.17977699448939635	0.025087283107699986	0.37883936424950004	0.7024122492912248
fit-rw_free-full-prior1	rw_free	full	1.0	False	similar_minus_dissimilar	sub-136	gamma	0.009370624863682502	0.09583362870728372	-0.190800550906125	-4.705427700002485e-05	0.2494743249281999
fit-rw_free-full-prior1	rw_free	full	1.0	False	similar_minus_dissimilar	sub-137	gamma	-0.010909695432055335	0.05096079865776482	-0.15592492620207504	-0.0014644796230000034	0.07581780928412488
fit-rw_free-full-prior1	rw_free	full	1.0	False	similar_minus_dissimilar	sub-138	gamma	-0.11558028057912666	0.1492696021610343	-0.42082483357912503	-0.11099258566550002	0.16637763321872484
fit-rw_free-full-prior1	rw_free	full	1.0	False	similar_minus_dissimilar	sub-140	gamma	0.15363750406243734	0.1565447087704825	-0.13570533599589996	0.14566194970000002	0.47552762187514996
fit-rw_free-full-prior1	rw_free	full	1.0	False	similar_minus_dissimilar	sub-141	gamma	-0.004113153359802	0.044289309137498956	-0.11020335198812507	-0.0007270046805000208	0.08934469755964988
fit-rw_free-full-prior1	rw_free	full	1.0	False	similar_minus_dissimilar	sub-142	gamma	-0.006721174782210332	0.04330268902093352	-0.11464533453692496	-0.0007117450690000138	0.0736903631374499
fit-rw_free-full-prior1	rw_free	full	1.0	False	similar_minus_dissimilar	sub-143	gamma	-0.004862235448276667	0.054933225850044856	-0.1427915783272999	-0.0008344329919999782	0.11337947830677488
fit-rw_free-full-prior1	rw_free	full	1.0	False	similar_minus_dissimilar	sub-144	gamma	-0.0038104033414558345	0.03967752562050013	-0.09768780255392498	-0.0005048984855000049	0.07483170706679983
fit-rw_free-full-prior1	rw_free	full	1.0	False	similar_minus_dissimilar	sub-147	gamma	-0.12794821574958268	0.1626183217123539	-0.4649570841938	-0.11896212056900002	0.17184471482054972
fit-rw_free-full-prior1	rw_free	full	1.0	False	similar_minus_dissimilar	sub-149	gamma	-0.003561368558290333	0.04638859543160059	-0.11182714071517495	-0.0006796102284999939	0.09396745856814999
fit-rw_free-full-prior1	rw_free	full	1.0	False	similar_minus_dissimilar	sub-150	gamma	-0.049441031989598004	0.11058398493110469	-0.339592471868125	-0.011590342428500044	0.12650438373809983
fit-rw_free-full-prior1	rw_free	full	1.0	False	similar_minus_dissimilar	sub-151	gamma	-0.006051960109949335	0.04504555906605416	-0.11364976961134998	-0.0007710074179999582	0.07986128330394988
fit-rw_free-full-prior1	rw_free	full	1.0	False	similar_minus_dissimilar	sub-152	gamma	-0.004884373342711501	0.0453128479416509	-0.11790072727847498	-0.0008315274215000001	0.08908263064219954
fit-rw_free-full-prior1	rw_free	full	1.0	False	similar_minus_dissimilar	sub-153	gamma	0.0008910888480191667	0.05127672087583922	-0.10187747938952509	-0.0004660487400000024	0.12492892828752496
fit-rw_free-full-prior1	rw_free	full	1.0	False	similar_minus_dissimilar	sub-154	gamma	-0.26567383902626146	0.18167223424991946	-0.612578738594325	-0.267923641458	0.05509580648694977
fit-rw_free-full-prior1	rw_free	full	1.0	False	similar_minus_dissimilar	sub-155	gamma	-0.003090738916378999	0.0396117153842061	-0.087976502558475	-0.0007320708024999845	0.07499018931644985
fit-rw_free-full-prior1	rw_free	full	1.0	False	similar_minus_dissimilar	sub-156	gamma	-0.0031828189600475	0.034642373931571956	-0.08453471770595	-0.0006009665310000023	0.06555091228532474
fit-rw_free-full-prior1	rw_free	full	1.0	False	similar_minus_dissimilar	sub-157	gamma	-0.010654304807529167	0.08517810672833954	-0.217151477788	-0.0014955953080000306	0.16881992768977466
fit-rw_free-full-prior1	rw_free	full	1.0	False	similar_minus_dissimilar	sub-158	gamma	-0.006973270540765167	0.07416019854925428	-0.17848442959155	-0.0012908706545000093	0.1553233954665998
fit-rw_free-full-prior1	rw_free	full	1.0	False	similar_minus_dissimilar	sub-159	gamma	-0.24269115883984918	0.17542505293843522	-0.5772996174299752	-0.24326366813350003	0.05391817497674975
fit-rw_free-full-prior1	rw_free	full	1.0	False	similar_minus_dissimilar	sample_mean	gamma	-0.015504019067369984	0.022586334720117163	-0.05993158792352462	-0.015347168037437232	0.028296302242666188
fit-rw_free-full-prior1	rw_free	full	1.0	False	similar_minus_dissimilar	sub-104	f0	-0.032443573581789814	0.17305785064576895	-0.41605641324349996	-0.013136984360500002	0.29504637818462415
fit-rw_free-full-prior1	rw_free	full	1.0	False	similar_minus_dissimilar	sub-105	f0	0.16029791858338832	1.131371989809595	-1.9678802826019994	0.06099923183499989	2.6453256044672493
fit-rw_free-full-prior1	rw_free	full	1.0	False	similar_minus_dissimilar	sub-106	f0	-0.20078017751836	0.7750494418956586	-1.7018244782075	-0.21659846625000068	1.4043131831449993
fit-rw_free-full-prior1	rw_free	full	1.0	False	similar_minus_dissimilar	sub-107	f0	-1.1664768692899483	1.0905325956877967	-3.5542417241027495	-1.0542074650500002	0.6236865087725016
fit-rw_free-full-prior1	rw_free	full	1.0	False	similar_minus_dissimilar	sub-108	f0	-1.514951786896695	1.2571274686617802	-4.1307277841977506	-1.4182373931400005	0.5444775375999994
fit-rw_free-full-prior1	rw_free	full	1.0	False	similar_minus_dissimilar	sub-109	f0	-0.008326525605478769	0.40043872876665326	-0.79752937270325	-0.029841027546550006	0.9064023916174986
fit-rw_free-full-prior1	rw_free	full	1.0	False	similar_minus_dissimilar	sub-110	f0	0.46924378875916667	0.9977190085332326	-1.25323158462175	0.3804284168700005	2.644532727510495
fit-rw_free-full-prior1	rw_free	full	1.0	False	similar_minus_dissimilar	sub-111	f0	0.07578493159682667	0.8731534234164176	-1.4244165728850005	-0.027026866049999043	2.130662087767499
fit-rw_free-full-prior1	rw_free	full	1.0	False	similar_minus_dissimilar	sub-112	f0	-0.05931524368234028	0.7021195842436276	-1.4490053996725	-0.07795794908349996	1.5073275717972487
fit-rw_free-full-prior1	rw_free	full	1.0	False	similar_minus_dissimilar	sub-113	f0	0.12039191143243666	0.8434065508030313	-1.4267442187492514	0.07470502770000031	1.9040957940764958
fit-rw_free-full-prior1	rw_free	full	1.0	False	similar_minus_dissimilar	sub-115	f0	-0.09596732582233516	0.7416031075517593	-1.7763692944322504	-0.0372380434474997	1.5550485009549984
fit-rw_free-full-prior1	rw_free	full	1.0	False	similar_minus_dissimilar	sub-116	f0	-0.3518566068521333	0.7288354055446769	-1.8607638176700003	-0.34011322440000047	1.1143540900125
fit-rw_free-full-prior1	rw_free	full	1.0	False	similar_minus_dissimilar	sub-117	f0	-0.0840732867385398	0.5315683548648925	-1.1378229195505	-0.09833897269999992	1.0371983390332493
fit-rw_free-full-prior1	rw_free	full	1.0	False	similar_minus_dissimilar	sub-118	f0	-0.21514049692924803	0.6576656106855417	-2.0255753819979994	-0.054357955273500014	0.8089904377974996
fit-rw_free-full-prior1	rw_free	full	1.0	False	similar_minus_dissimilar	sub-121	f0	-0.26340370649808664	1.0237081757021327	-2.2452110689934996	-0.2796030625999997	1.8666315930322495
fit-rw_free-full-prior1	rw_free	full	1.0	False	similar_minus_dissimilar	sub-122	f0	-0.048509932471997586	0.2590910211878783	-0.6414121785072515	-0.015929569589999998	0.36118963567107415
fit-rw_free-full-prior1	rw_free	full	1.0	False	similar_minus_dissimilar	sub-124	f0	-0.020425131686075824	0.3283826268589114	-0.6890222708772501	-0.02634502661834999	0.7361574243035744
fit-rw_free-full-prior1	rw_free	full	1.0	False	similar_minus_dissimilar	sub-125	f0	-0.32670050790612004	0.9981531460126872	-2.3605822553357494	-0.31477744185999956	1.6734512632139977
fit-rw_free-full-prior1	rw_free	full	1.0	False	similar_minus_dissimilar	sub-126	f0	-0.02202041960800306	0.1427850602689986	-0.3193455323655501	-0.011854562984099995	0.2740266223181499
fit-rw_free-full-prior1	rw_free	full	1.0	False	similar_minus_dissimilar	sub-127	f0	0.46993886985986666	0.774309925235401	-0.8348907230299992	0.38636522469999957	2.1482344949324985
fit-rw_free-full-prior1	rw_free	full	1.0	False	similar_minus_dissimilar	sub-128	f0	-0.02230714431901666	0.112444360991513	-0.2768580720024996	-0.011722117100001483	0.1977906182600018
fit-rw_free-full-prior1	rw_free	full	1.0	False	similar_minus_dissimilar	sub-129	f0	-0.588070257358495	0.8530514636971418	-2.366394292608	-0.5503952569799999	1.0428458805954979
fit-rw_free-full-prior1	rw_free	full	1.0	False	similar_minus_dissimilar	sub-130	f0	-0.027255280275540632	0.15064847809717838	-0.3390165320033001	-0.01128350077500001	0.24331018164939924
fit-rw_free-full-prior1	rw_free	full	1.0	False	similar_minus_dissimilar	sub-132	f0	-0.024487873639814212	0.1374249654405615	-0.323286310435775	-0.011986776642500002	0.2641580862343749
fit-rw_free-full-prior1	rw_free	full	1.0	False	similar_minus_dissimilar	sub-133	f0	-0.03279878142385344	0.15466232649689723	-0.39883439363172507	-0.013802963299800006	0.26035264723224977
fit-rw_free-full-prior1	rw_free	full	1.0	False	similar_minus_dissimilar	sub-134	f0	-0.06835177483231157	0.3839463383960426	-0.8585220036905002	-0.05684050978499988	0.7449052764087499
fit-rw_free-full-prior1	rw_free	full	1.0	False	similar_minus_dissimilar	sub-135	f0	-0.01847937218873336	0.21897695141561227	-0.4467910219799973	-0.02083679885000045	0.49135455077249907
fit-rw_free-full-prior1	rw_free	full	1.0	False	similar_minus_dissimilar	sub-136	f0	0.29751218296104504	1.1794504469759108	-1.78192837252725	0.1387665295049998	2.850956305335501
fit-rw_free-full-prior1	rw_free	full	1.0	False	similar_minus_dissimilar	sub-137	f0	-0.7745612952927716	0.8208204090826529	-2.5050258722245	-0.7179458336	0.7295056566999991
fit-rw_free-full-prior1	rw_free	full	1.0	False	similar_minus_dissimilar	sub-138	f0	-0.1420648053546244	0.6691682155859071	-1.6681265740039997	-0.058460834308499965	1.2806955816642507
fit-rw_free-full-prior1	rw_free	full	1.0	False	similar_minus_dissimilar	sub-140	f0	-0.10159852694344507	0.6293166682581146	-1.4933877368974997	-0.05880276934700002	1.2393968469565
fit-rw_free-full-prior1	rw_free	full	1.0	False	similar_minus_dissimilar	sub-141	f0	-0.02507082016180155	0.13981083746628514	-0.3130013308241	-0.010908966172799999	0.2241079825985749
fit-rw_free-full-prior1	rw_free	full	1.0	False	similar_minus_dissimilar	sub-142	f0	-0.01845845355014788	0.1545553715642705	-0.3415505175807	-0.01093390512915001	0.3300283546393997
fit-rw_free-full-prior1	rw_free	full	1.0	False	similar_minus_dissimilar	sub-143	f0	-0.37738194113656187	0.5682658030932777	-1.6957810790832502	-0.28960930602	0.5846426443809994
fit-rw_free-full-prior1	rw_free	full	1.0	False	similar_minus_dissimilar	sub-144	f0	-0.3373203633253833	0.6261194517693639	-1.6351975283999993	-0.3163057162999987	0.8943566715424983
fit-rw_free-full-prior1	rw_free	full	1.0	False	similar_minus_dissimilar	sub-147	f0	0.02961510204298934	0.6158505751661578	-1.1093059735189998	-0.015737803535000205	1.4644839640432499
fit-rw_free-full-prior1	rw_free	full	1.0	False	similar_minus_dissimilar	sub-149	f0	-0.35602903250761725	0.520742816257372	-1.5727220949337501	-0.2929926491350001	0.5642362264254992
fit-rw_free-full-prior1	rw_free	full	1.0	False	similar_minus_dissimilar	sub-150	f0	-0.78233102478353	0.9656936309060469	-2.8105738123457504	-0.7247482502100007	1.0710603036762492
fit-rw_free-full-prior1	rw_free	full	1.0	False	similar_minus_dissimilar	sub-151	f0	0.19473487567252337	0.8397619786912254	-1.3610534547749993	0.14234363794999982	1.99664218045325
fit-rw_free-full-prior1	rw_free	full	1.0	False	similar_minus_dissimilar	sub-152	f0	-0.0433707420538647	0.25889064855528743	-0.5164550464358751	-0.014156117670499985	0.31741875364477473
fit-rw_free-full-prior1	rw_free	full	1.0	False	similar_minus_dissimilar	sub-153	f0	-0.43868658236392505	0.7280928757860313	-1.9602068751457502	-0.43013725130500013	0.9892924049977494
fit-rw_free-full-prior1	rw_free	full	1.0	False	similar_minus_dissimilar	sub-154	f0	-0.15009154589091667	0.5589642109584895	-1.3029968335175002	-0.14328498775000043	0.9656401632274976
fit-rw_free-full-prior1	rw_free	full	1.0	False	similar_minus_dissimilar	sub-155	f0	-0.01999185346796663	0.10738704442081494	-0.26877050838500055	-0.01085115194999986	0.19238267343000223
fit-rw_free-full-prior1	rw_free	full	1.0	False	similar_minus_dissimilar	sub-156	f0	-0.03412350914536766	0.2275559179732378	-0.4405723223349983	-0.012607700967499996	0.29919579958597453
fit-rw_free-full-prior1	rw_free	full	1.0	False	similar_minus_dissimilar	sub-157	f0	-0.13569283539573745	0.7175129447478494	-1.59926437932725	-0.12575755633499996	1.4021521818284997
fit-rw_free-full-prior1	rw_free	full	1.0	False	similar_minus_dissimilar	sub-158	f0	-0.5378979873192501	0.7184998214324422	-2.1375652233575004	-0.45879898304999944	0.7232291802375004
fit-rw_free-full-prior1	rw_free	full	1.0	False	similar_minus_dissimilar	sub-159	f0	-0.28135676567089996	0.6178898433422763	-1.6727061969300012	-0.21164981049999998	0.8462347839924996
fit-rw_free-full-prior1	rw_free	full	1.0	False	similar_minus_dissimilar	sample_mean	f0	-0.16873724635277626	0.23220062723299456	-0.6077562405624661	-0.17829833219625296	0.319614696520674
fit-rw_free-full-prior1	rw_free	full	1.0	False	similar_minus_dissimilar	sub-104	epsilon	-0.0006392647694997658	0.005431059747147609	-0.00508347768196475	-0.00011985843686850001	0.002868864841873749
fit-rw_free-full-prior1	rw_free	full	1.0	False	similar_minus_dissimilar	sub-105	epsilon	-0.024858601818769397	0.032331615168173684	-0.10651186830513498	-0.016156306652799997	0.014865874052469986
fit-rw_free-full-prior1	rw_free	full	1.0	False	similar_minus_dissimilar	sub-106	epsilon	-0.00017668805739572046	0.0006976083471833502	-0.0018496794423432498	-5.4484564385499987e-05	0.0010135962907336976
fit-rw_free-full-prior1	rw_free	full	1.0	False	similar_minus_dissimilar	sub-107	epsilon	-4.1401157490578384e-05	0.002521914098594901	-0.0039915024395884005	-8.435575943850014e-05	0.005887620448132481
fit-rw_free-full-prior1	rw_free	full	1.0	False	similar_minus_dissimilar	sub-108	epsilon	0.0005242930398989351	0.005895565329329055	-0.005493387106972501	-0.00010467197925764995	0.014564169376225466
fit-rw_free-full-prior1	rw_free	full	1.0	False	similar_minus_dissimilar	sub-109	epsilon	-0.0008006956343892339	0.004422371956169279	-0.011193670364662501	-0.00023015419782405	0.009060749033821987
fit-rw_free-full-prior1	rw_free	full	1.0	False	similar_minus_dissimilar	sub-110	epsilon	-0.001861286199205989	0.005525463195467864	-0.016110209658422	-0.0002747643577649999	0.0033952745329209897
fit-rw_free-full-prior1	rw_free	full	1.0	False	similar_minus_dissimilar	sub-111	epsilon	-0.04676284760046927	0.029096578119106698	-0.11191760847009251	-0.043800867459299994	0.0019774899338749555
fit-rw_free-full-prior1	rw_free	full	1.0	False	similar_minus_dissimilar	sub-112	epsilon	-0.012078121516061842	0.03806215966442723	-0.10132288467821751	-0.0035706962351499992	0.06666895725304241
fit-rw_free-full-prior1	rw_free	full	1.0	False	similar_minus_dissimilar	sub-113	epsilon	-0.000632384653668233	0.001781844270968697	-0.0053959893358537505	-0.000138916245724	0.0014691164851569996
fit-rw_free-full-prior1	rw_free	full	1.0	False	similar_minus_dissimilar	sub-115	epsilon	-0.009230008313942583	0.043572655118905484	-0.128395704889275	-0.00033681719269750015	0.026798842674195786
fit-rw_free-full-prior1	rw_free	full	1.0	False	similar_minus_dissimilar	sub-116	epsilon	-0.00019673911485394997	0.000722503346970376	-0.0019618144716583496	-6.20950830173e-05	0.0009284736110490992
fit-rw_free-full-prior1	rw_free	full	1.0	False	similar_minus_dissimilar	sub-117	epsilon	-0.0005648095685242629	0.006189691920512086	-0.0063311889174855	-0.0001238773794085	0.0031702578874204953
fit-rw_free-full-prior1	rw_free	full	1.0	False	similar_minus_dissimilar	sub-118	epsilon	0.0016236264811595369	0.04026679364291768	-0.055759739762925004	-0.00012873541014900002	0.0888330027266175
fit-rw_free-full-prior1	rw_free	full	1.0	False	similar_minus_dissimilar	sub-121	epsilon	-0.0015648237278378635	0.016914002962880918	-0.034796702700535004	-0.002020902304349999	0.03824382005532749
fit-rw_free-full-prior1	rw_free	full	1.0	False	similar_minus_dissimilar	sub-122	epsilon	0.00011322267461646884	0.021745070348204616	-0.015478105804872253	-0.00011749127902905003	0.009611064635763245
fit-rw_free-full-prior1	rw_free	full	1.0	False	similar_minus_dissimilar	sub-124	epsilon	-0.0019181685322593686	0.007291148408269243	-0.016675552676244997	-0.0012166279964990012	0.013738495806252747
fit-rw_free-full-prior1	rw_free	full	1.0	False	similar_minus_dissimilar	sub-125	epsilon	-0.001329762316139902	0.0054883255630865145	-0.013901618514935	-0.00032015353056650007	0.00884688234670075
fit-rw_free-full-prior1	rw_free	full	1.0	False	similar_minus_dissimilar	sub-126	epsilon	-0.0003244765159203565	0.0041484309533096776	-0.0031287275100454997	-9.336191202300001e-05	0.0020142853429314963
fit-rw_free-full-prior1	rw_free	full	1.0	False	similar_minus_dissimilar	sub-127	epsilon	-0.00027033607215040277	0.0007772772753351415	-0.002426443406692525	-7.328651009725e-05	0.0008275774001777487
fit-rw_free-full-prior1	rw_free	full	1.0	False	similar_minus_dissimilar	sub-128	epsilon	-0.00019981700722033121	0.0005064895028398442	-0.0015692447935659502	-6.336823731799999e-05	0.0005120198302504998
fit-rw_free-full-prior1	rw_free	full	1.0	False	similar_minus_dissimilar	sub-129	epsilon	-0.00042759903882128486	0.0023472604431200553	-0.0056583935105497495	-0.00012174933902700001	0.004034587578942999
fit-rw_free-full-prior1	rw_free	full	1.0	False	similar_minus_dissimilar	sub-130	epsilon	-0.000395560690098386	0.0029986081925122395	-0.0033904360970209504	-9.206137318785e-05	0.001589516944528496
fit-rw_free-full-prior1	rw_free	full	1.0	False	similar_minus_dissimilar	sub-132	epsilon	-0.0003416244597684208	0.0015430245535273412	-0.00370402506168025	-0.0001020415207785	0.00224088908141775
fit-rw_free-full-prior1	rw_free	full	1.0	False	similar_minus_dissimilar	sub-133	epsilon	-0.0003742430352864682	0.0026937250784500825	-0.0032545662674690248	-9.851072622200002e-05	0.0014258966720101234
fit-rw_free-full-prior1	rw_free	full	1.0	False	similar_minus_dissimilar	sub-134	epsilon	-0.0003291823643000053	0.0035115178051268424	-0.006658076740647499	-0.00015019355265940003	0.006445740910043746
fit-rw_free-full-prior1	rw_free	full	1.0	False	similar_minus_dissimilar	sub-135	epsilon	-0.00013617157440537473	0.0004717086800824539	-0.0012926018130972252	-4.1616844712200005e-05	0.0005912037302962999
fit-rw_free-full-prior1	rw_free	full	1.0	False	similar_minus_dissimilar	sub-136	epsilon	-0.05474845930265934	0.07138896651723466	-0.2538175826438975	-0.0341789605364	0.017129926452219998
fit-rw_free-full-prior1	rw_free	full	1.0	False	similar_minus_dissimilar	sub-137	epsilon	-0.00013613275471820375	0.0013161515461545168	-0.002539792105723825	-7.698777320800005e-05	0.002629824719845743
fit-rw_free-full-prior1	rw_free	full	1.0	False	similar_minus_dissimilar	sub-138	epsilon	-0.016934677629321927	0.07114741779899758	-0.164420526200125	-0.00936721428899999	0.14523290890962492
fit-rw_free-full-prior1	rw_free	full	1.0	False	similar_minus_dissimilar	sub-140	epsilon	-0.02187326206584068	0.0781212568906384	-0.19830622707962503	-0.0030822073074100002	0.14319475979894983
fit-rw_free-full-prior1	rw_free	full	1.0	False	similar_minus_dissimilar	sub-141	epsilon	-0.00037927147615867595	0.001340542491001894	-0.00381058205373425	-9.751370563374997e-05	0.0018409528345482474
fit-rw_free-full-prior1	rw_free	full	1.0	False	similar_minus_dissimilar	sub-142	epsilon	-0.0003016377022453935	0.0014839653118307594	-0.00359552682290575	-9.15632867975e-05	0.002496606472673049
fit-rw_free-full-prior1	rw_free	full	1.0	False	similar_minus_dissimilar	sub-143	epsilon	-0.004138093159964127	0.010137365904755379	-0.029848225856613744	-0.0007968219229849999	0.005767621698310498
fit-rw_free-full-prior1	rw_free	full	1.0	False	similar_minus_dissimilar	sub-144	epsilon	-0.000260774298395122	0.0010536917658306559	-0.002723647530872001	-8.902480229280003e-05	0.0017878112394387703
fit-rw_free-full-prior1	rw_free	full	1.0	False	similar_minus_dissimilar	sub-147	epsilon	-0.003762051415843767	0.01637836508513515	-0.04115740898577499	-0.0005877881525299998	0.02353811198912742
fit-rw_free-full-prior1	rw_free	full	1.0	False	similar_minus_dissimilar	sub-149	epsilon	-0.0009351610771714646	0.0029739288438192656	-0.008804837832560001	-0.00015019986204199996	0.002515634219547746
fit-rw_free-full-prior1	rw_free	full	1.0	False	similar_minus_dissimilar	sub-150	epsilon	0.009516351995356344	0.062089056174108676	-0.060910977850234985	-0.000281885633731	0.20840415148159996
fit-rw_free-full-prior1	rw_free	full	1.0	False	similar_minus_dissimilar	sub-151	epsilon	-0.000390476182929211	0.0012635883370642907	-0.0036793775935107503	-9.451516944100008e-05	0.0014458618177377498
fit-rw_free-full-prior1	rw_free	full	1.0	False	similar_minus_dissimilar	sub-152	epsilon	-0.0015193751760401752	0.014049977711922776	-0.01870865505782506	-0.00011670179605049999	0.0038793690125484954
fit-rw_free-full-prior1	rw_free	full	1.0	False	similar_minus_dissimilar	sub-153	epsilon	-0.0004889670040193177	0.003483234225757184	-0.007321093596222748	-0.0001154293104935	0.004267172101074996
fit-rw_free-full-prior1	rw_free	full	1.0	False	similar_minus_dissimilar	sub-154	epsilon	-0.00011643097773735748	0.0005234995326772832	-0.00130523014921195	-4.164451528100001e-05	0.0007965848769434989
fit-rw_free-full-prior1	rw_free	full	1.0	False	similar_minus_dissimilar	sub-155	epsilon	-0.00010649826679138743	0.0003225307516894019	-0.00091756640031915	-3.745835304800001e-05	0.0003852694939275992
fit-rw_free-full-prior1	rw_free	full	1.0	False	similar_minus_dissimilar	sub-156	epsilon	-0.0007170647671834951	0.007726085627686947	-0.006180572095178751	-0.00011111704108099997	0.0024846835203254963
fit-rw_free-full-prior1	rw_free	full	1.0	False	similar_minus_dissimilar	sub-157	epsilon	-0.017844429533599496	0.03833471601645758	-0.0986267803053825	-0.013673048492850004	0.05643664117050748
fit-rw_free-full-prior1	rw_free	full	1.0	False	similar_minus_dissimilar	sub-158	epsilon	-0.00027059347078965776	0.0029802753999618003	-0.00568321767090025	-0.0003358837384949999	0.007119021359757747
fit-rw_free-full-prior1	rw_free	full	1.0	False	similar_minus_dissimilar	sub-159	epsilon	-0.0005109292177670103	0.0038197146018918264	-0.0074460341526320015	-0.0008427457136649997	0.008062314918256734
fit-rw_free-full-prior1	rw_free	full	1.0	False	similar_minus_dissimilar	sample_mean	epsilon	-0.0046619447878005005	0.005946406733511765	-0.016843869708052003	-0.004590469232673708	0.007053524632262837
fit-rw_free-full-prior1	rw_free	full	1.0	False	human_minus_computer	sub-104	alpha	-0.0006749483456763153	0.04178608033126988	-0.08598360504066244	2.2320436749989625e-05	0.07379348204479992
fit-rw_free-full-prior1	rw_free	full	1.0	False	human_minus_computer	sub-105	alpha	0.0004503909379439177	0.037124135440511186	-0.08176622813025	0.00010597396875000609	0.07829186380646234
fit-rw_free-full-prior1	rw_free	full	1.0	False	human_minus_computer	sub-106	alpha	0.0006107564399811669	0.027239256236118014	-0.05753193382102504	-8.058389074994121e-05	0.058910055844862544
fit-rw_free-full-prior1	rw_free	full	1.0	False	human_minus_computer	sub-107	alpha	-0.014950133741428999	0.058069889285127	-0.19911725524496252	-0.0006754102734999878	0.055749342282487464
fit-rw_free-full-prior1	rw_free	full	1.0	False	human_minus_computer	sub-108	alpha	-0.009529296438743083	0.04968711185209523	-0.16155824793192503	-0.0005577082755000573	0.06064010873338749
fit-rw_free-full-prior1	rw_free	full	1.0	False	human_minus_computer	sub-109	alpha	0.002585211306653166	0.03567253556805306	-0.06287323559652497	2.967325600006232e-05	0.0827014894542249
fit-rw_free-full-prior1	rw_free	full	1.0	False	human_minus_computer	sub-110	alpha	0.006048292922045917	0.044292097099185905	-0.0768450992377125	0.0005253951537499968	0.1276709416694495
fit-rw_free-full-prior1	rw_free	full	1.0	False	human_minus_computer	sub-111	alpha	0.0026796746137935836	0.043250178284533085	-0.08694073131240007	-5.920718724999885e-05	0.11043734647717496
fit-rw_free-full-prior1	rw_free	full	1.0	False	human_minus_computer	sub-112	alpha	0.004166224400858334	0.0302735796522174	-0.03860739909586248	0.00026402993425000965	0.06993687678868747
fit-rw_free-full-prior1	rw_free	full	1.0	False	human_minus_computer	sub-113	alpha	-0.0014541536932554167	0.03104852521513112	-0.07682994215781255	-0.00027088954250004127	0.05752217712686248
fit-rw_free-full-prior1	rw_free	full	1.0	False	human_minus_computer	sub-115	alpha	0.0003958949046289881	0.04418500156553182	-0.09906985094126251	0.0001960098452499781	0.08627162866596248
fit-rw_free-full-prior1	rw_free	full	1.0	False	human_minus_computer	sub-116	alpha	0.0009737800700231663	0.026752273257738726	-0.052719415038337526	-0.00011342287250004635	0.05973046904638749
fit-rw_free-full-prior1	rw_free	full	1.0	False	human_minus_computer	sub-117	alpha	0.0003610084403483331	0.030911281887585216	-0.061181160096387556	1.1158093499996635e-05	0.061402216185574954
fit-rw_free-full-prior1	rw_free	full	1.0	False	human_minus_computer	sub-118	alpha	0.0002707291301365922	0.0458179236874675	-0.11003672482175	0.00012655244649995012	0.09425459418332492
fit-rw_free-full-prior1	rw_free	full	1.0	False	human_minus_computer	sub-121	alpha	-0.014893181658233251	0.06394149560363628	-0.2350503346149	-0.000672525966500026	0.050239235097499876
fit-rw_free-full-prior1	rw_free	full	1.0	False	human_minus_computer	sub-122	alpha	0.0004672541372149025	0.04027715635160325	-0.08716927948270008	5.943996450002986e-05	0.08200802448832496
fit-rw_free-full-prior1	rw_free	full	1.0	False	human_minus_computer	sub-124	alpha	0.0015207838919683327	0.03209249649394921	-0.062027644069762494	0.00011176743999996575	0.07235636810967486
fit-rw_free-full-prior1	rw_free	full	1.0	False	human_minus_computer	sub-125	alpha	0.0033032432164242505	0.038207113583458595	-0.07671137887672513	0.0001447387712499859	0.09411198387567501
fit-rw_free-full-prior1	rw_free	full	1.0	False	human_minus_computer	sub-126	alpha	-4.25645410122506e-05	0.041700226945169894	-0.08907260141960004	-0.0001507726864999892	0.07917614259634995
fit-rw_free-full-prior1	rw_free	full	1.0	False	human_minus_computer	sub-127	alpha	0.0015850020085313333	0.026286032570437073	-0.05282786904213756	-2.9345479750031433e-05	0.06132319794810005
fit-rw_free-full-prior1	rw_free	full	1.0	False	human_minus_computer	sub-128	alpha	0.0013014820620496667	0.015602315086428897	-0.027281393048012484	-4.980238000001913e-05	0.041149108533037285
fit-rw_free-full-prior1	rw_free	full	1.0	False	human_minus_computer	sub-129	alpha	0.0018230843751080824	0.034582522483718146	-0.06790849942791256	5.322633700000079e-05	0.08124124794438743
fit-rw_free-full-prior1	rw_free	full	1.0	False	human_minus_computer	sub-130	alpha	4.2619641872115144e-05	0.0407668273778743	-0.082946751311875	-2.6749658500024864e-05	0.07812187255164997
fit-rw_free-full-prior1	rw_free	full	1.0	False	human_minus_computer	sub-132	alpha	0.0005225969253537042	0.038183247996891996	-0.08087692922437496	-3.186885000000528e-05	0.0793599776496
fit-rw_free-full-prior1	rw_free	full	1.0	False	human_minus_computer	sub-133	alpha	2.940093810182883e-05	0.04053031722401042	-0.0830337646273125	-2.657676150008559e-05	0.07754675651598736
fit-rw_free-full-prior1	rw_free	full	1.0	False	human_minus_computer	sub-134	alpha	0.0006220786094420084	0.035835855256029434	-0.0729246698493125	4.660366000008853e-05	0.07051649580929983
fit-rw_free-full-prior1	rw_free	full	1.0	False	human_minus_computer	sub-135	alpha	0.0019598035556219998	0.021631298319971334	-0.039453415334262575	5.042495250001666e-05	0.05129954536758732
fit-rw_free-full-prior1	rw_free	full	1.0	False	human_minus_computer	sub-136	alpha	0.0031082390715351754	0.05829700241871311	-0.13011289614127505	0.0002498250967499782	0.14702681102619983
fit-rw_free-full-prior1	rw_free	full	1.0	False	human_minus_computer	sub-137	alpha	-0.00046936707658041654	0.029573992923756173	-0.06885964745889996	-0.00012885767624998268	0.058639143951112346
fit-rw_free-full-prior1	rw_free	full	1.0	False	human_minus_computer	sub-138	alpha	-0.0004024202159651246	0.035037468551659054	-0.07956740430028746	-0.00022164080925002327	0.06792323563117482
fit-rw_free-full-prior1	rw_free	full	1.0	False	human_minus_computer	sub-140	alpha	0.001899868169300274	0.040717577020514935	-0.07147388195991249	-6.647934500003672e-05	0.08374870961782477
fit-rw_free-full-prior1	rw_free	full	1.0	False	human_minus_computer	sub-141	alpha	-7.405741043834032e-06	0.038814578548750873	-0.08486972857692505	-1.8822911500071537e-05	0.07826400593603751
fit-rw_free-full-prior1	rw_free	full	1.0	False	human_minus_computer	sub-142	alpha	0.0005213740113241548	0.04045940032662528	-0.08242039629005007	-7.085582999999396e-05	0.07943929988262485
fit-rw_free-full-prior1	rw_free	full	1.0	False	human_minus_computer	sub-143	alpha	-0.0013038387374088337	0.03885500138192472	-0.08835943528316256	-9.689082950004035e-05	0.06852605438208743
fit-rw_free-full-prior1	rw_free	full	1.0	False	human_minus_computer	sub-144	alpha	-0.0007257379986850004	0.025368636719585076	-0.05968431113146252	-0.00019403835125003654	0.05033514159254992
fit-rw_free-full-prior1	rw_free	full	1.0	False	human_minus_computer	sub-147	alpha	0.001656228598614833	0.031116639216664126	-0.05588453506272499	1.5232129000009031e-05	0.06716958041143752
fit-rw_free-full-prior1	rw_free	full	1.0	False	human_minus_computer	sub-149	alpha	0.0015621266297710006	0.03399200770402004	-0.06739881333421245	0.00011633980324993187	0.07274826224637501
fit-rw_free-full-prior1	rw_free	full	1.0	False	human_minus_computer	sub-150	alpha	-0.004222695346216509	0.05055680304062663	-0.14032988566077495	-6.153892949989359e-05	0.08866131904144997
fit-rw_free-full-prior1	rw_free	full	1.0	False	human_minus_computer	sub-151	alpha	0.003203822573429084	0.029254208406918242	-0.04682798739503759	2.9911638250001982e-05	0.07069423969321253
fit-rw_free-full-prior1	rw_free	full	1.0	False	human_minus_computer	sub-152	alpha	-0.0005106739450449145	0.04125265829095669	-0.08987283661352503	-0.00015124137250005498	0.07464313220901252
fit-rw_free-full-prior1	rw_free	full	1.0	False	human_minus_computer	sub-153	alpha	-0.0035033977347765834	0.03494760474824526	-0.10163115661772511	-0.0003655836544999569	0.05248962254064986
fit-rw_free-full-prior1	rw_free	full	1.0	False	human_minus_computer	sub-154	alpha	0.007014211159808334	0.031617197272625165	-0.03899884421037494	0.0006840757495000238	0.09715333245597478
fit-rw_free-full-prior1	rw_free	full	1.0	False	human_minus_computer	sub-155	alpha	0.0028971607236854997	0.016676785900640662	-0.026209073838487584	0.0002388056334999833	0.04634602305028747
fit-rw_free-full-prior1	rw_free	full	1.0	False	human_minus_computer	sub-156	alpha	0.000763072011605376	0.04083484529459121	-0.08654147339310002	9.697067049996289e-05	0.08432274981435006
fit-rw_free-full-prior1	rw_free	full	1.0	False	human_minus_computer	sub-157	alpha	0.0032615469286459173	0.02774832954421001	-0.04012425543111258	0.00014256755950003974	0.06469578736072502
fit-rw_free-full-prior1	rw_free	full	1.0	False	human_minus_computer	sub-158	alpha	0.0025084039565185	0.0339920630801547	-0.06805471860789995	0.00017140990999997552	0.08221044915051232
fit-rw_free-full-prior1	rw_free	full	1.0	False	human_minus_computer	sub-159	alpha	0.00013313560844683292	0.030281123575481697	-0.07512392232227497	8.091782250030377e-06	0.0634973246130624
fit-rw_free-full-prior1	rw_free	full	1.0	False	human_minus_computer	sample_mean	alpha	0.0001608231224833155	0.023733128304389225	-0.05332571536024015	0.00035879161852659297	0.04933887993620099
fit-rw_free-full-prior1	rw_free	full	1.0	False	human_minus_computer	sub-104	gamma	-0.001175012278160001	0.015281397139986263	-0.03240065255566252	-0.0002990508665000058	0.03007918774996252
fit-rw_free-full-prior1	rw_free	full	1.0	False	human_minus_computer	sub-105	gamma	-0.0016608738981616663	0.05375551275127123	-0.11181313799595002	-0.0013174394967500058	0.11935605161544968
fit-rw_free-full-prior1	rw_free	full	1.0	False	human_minus_computer	sub-106	gamma	-0.0021105934713434174	0.019902164821666533	-0.04661006636500006	-0.0004596779277499796	0.03650368466448743
fit-rw_free-full-prior1	rw_free	full	1.0	False	human_minus_computer	sub-107	gamma	0.02016800241321675	0.0791858665990336	-0.12039532607047505	0.01183030051399997	0.20440532346183723
fit-rw_free-full-prior1	rw_free	full	1.0	False	human_minus_computer	sub-108	gamma	-0.012876783333906166	0.07319051463366605	-0.16240600201151253	-0.01039762483150003	0.13308927831781228
fit-rw_free-full-prior1	rw_free	full	1.0	False	human_minus_computer	sub-109	gamma	-0.000381109923566999	0.024435259735639803	-0.04779199633387501	-0.00038799266325006965	0.05287462125468739
fit-rw_free-full-prior1	rw_free	full	1.0	False	human_minus_computer	sub-110	gamma	0.013551948804242665	0.07240239540963983	-0.11998348239897504	0.004138374757749974	0.18094476641381232
fit-rw_free-full-prior1	rw_free	full	1.0	False	human_minus_computer	sub-111	gamma	-0.0026157919583230005	0.02076848107904648	-0.049507793287174924	-0.000525693543499961	0.03725356134648747
fit-rw_free-full-prior1	rw_free	full	1.0	False	human_minus_computer	sub-112	gamma	-0.0018672528132425003	0.02116452389894132	-0.04705621006427498	-0.0004961016017500097	0.04318620512487463
fit-rw_free-full-prior1	rw_free	full	1.0	False	human_minus_computer	sub-113	gamma	-0.0008770696771691666	0.026769971829866505	-0.05475035030844992	-0.00046367328625002147	0.058857667011637325
fit-rw_free-full-prior1	rw_free	full	1.0	False	human_minus_computer	sub-115	gamma	-4.822954191881694e-05	0.028762109696015843	-0.06720286964291874	0.002170741730724998	0.05056075552316498
fit-rw_free-full-prior1	rw_free	full	1.0	False	human_minus_computer	sub-116	gamma	-0.0019275965584055	0.017583156850233185	-0.04056008188964999	-0.0003936497045000098	0.029567779596500005
fit-rw_free-full-prior1	rw_free	full	1.0	False	human_minus_computer	sub-117	gamma	-0.0017626623646059996	0.01565356525820451	-0.037678861032024925	-0.00040808668725006436	0.029198296136824918
fit-rw_free-full-prior1	rw_free	full	1.0	False	human_minus_computer	sub-118	gamma	-0.005513684092612643	0.05451910216479086	-0.12462364261841248	-0.0023175443917499983	0.09341586660522501
fit-rw_free-full-prior1	rw_free	full	1.0	False	human_minus_computer	sub-121	gamma	0.00044232063805791575	0.03928580729159485	-0.07615009985255004	-0.00042385581049997345	0.09967195629918744
fit-rw_free-full-prior1	rw_free	full	1.0	False	human_minus_computer	sub-122	gamma	-0.0016279724077822493	0.04595757495999441	-0.09424716443906257	-0.0010932909890000175	0.10649382854636255
fit-rw_free-full-prior1	rw_free	full	1.0	False	human_minus_computer	sub-124	gamma	-0.0017572870132444155	0.016968249883942955	-0.040140066021850045	-0.0003847505069999868	0.029950145515737478
fit-rw_free-full-prior1	rw_free	full	1.0	False	human_minus_computer	sub-125	gamma	0.007986910312372248	0.07490083038578163	-0.14593511429448747	0.008423047541249978	0.15220896054748745
fit-rw_free-full-prior1	rw_free	full	1.0	False	human_minus_computer	sub-126	gamma	-0.001380000368218501	0.015354058341344063	-0.034648728512162476	-0.00034588020574999323	0.02716846586243752
fit-rw_free-full-prior1	rw_free	full	1.0	False	human_minus_computer	sub-127	gamma	-0.002219969735262166	0.017368164010797105	-0.04243868714756257	-0.0004728414737499853	0.030529429797712452
fit-rw_free-full-prior1	rw_free	full	1.0	False	human_minus_computer	sub-128	gamma	-0.0019354308266955837	0.017924694918294883	-0.04196092517294996	-0.00041544240299995483	0.03177430070433743
fit-rw_free-full-prior1	rw_free	full	1.0	False	human_minus_computer	sub-129	gamma	-0.0015713398497691664	0.02771881831338393	-0.057875001258049945	-0.0006702618919999792	0.05783811660407466
fit-rw_free-full-prior1	rw_free	full	1.0	False	human_minus_computer	sub-130	gamma	-0.0009626283026737488	0.020150272111280523	-0.04133583303597503	-0.00033220757149998725	0.04038317887274995
fit-rw_free-full-prior1	rw_free	full	1.0	False	human_minus_computer	sub-132	gamma	-0.0015790039375354994	0.01608413880285023	-0.03544773117912509	-0.000386845277499992	0.03013708512707499
fit-rw_free-full-prior1	rw_free	full	1.0	False	human_minus_computer	sub-133	gamma	-0.0017491549898836659	0.0164103143185611	-0.03894724139652503	-0.00039293530949996436	0.031119030105499906
fit-rw_free-full-prior1	rw_free	full	1.0	False	human_minus_computer	sub-134	gamma	-0.0005046398664565828	0.027180132738847444	-0.05667481434475005	-0.0004398034367499304	0.06434630995033752
fit-rw_free-full-prior1	rw_free	full	1.0	False	human_minus_computer	sub-135	gamma	-0.009003610440302848	0.0801994958184936	-0.18462229893037505	-0.003831759018000036	0.13446672162465
fit-rw_free-full-prior1	rw_free	full	1.0	False	human_minus_computer	sub-136	gamma	-0.0008231625174159161	0.0403057241345542	-0.08161497548785002	-0.0005820008632499984	0.09527964845066245
fit-rw_free-full-prior1	rw_free	full	1.0	False	human_minus_computer	sub-137	gamma	-0.002557775909032833	0.020865992974399932	-0.051363926752225036	-0.0005207291059999841	0.03842243217162501
fit-rw_free-full-prior1	rw_free	full	1.0	False	human_minus_computer	sub-138	gamma	0.017924116521569666	0.07641332184202808	-0.12786352854412503	0.015163206582999994	0.17422522494766252
fit-rw_free-full-prior1	rw_free	full	1.0	False	human_minus_computer	sub-140	gamma	-0.0058571412302123324	0.07830323372345617	-0.1729459571935625	-0.00344312745099995	0.142421192081275
fit-rw_free-full-prior1	rw_free	full	1.0	False	human_minus_computer	sub-141	gamma	0.00015835137563966633	0.02158518648710113	-0.039083695877400015	-0.0003916668575000837	0.05150203499858739
fit-rw_free-full-prior1	rw_free	full	1.0	False	human_minus_computer	sub-142	gamma	-0.002110847099584666	0.016872500357009945	-0.040434218715087386	-0.00044611311899994677	0.029028753029999858
fit-rw_free-full-prior1	rw_free	full	1.0	False	human_minus_computer	sub-143	gamma	-0.003195013349542666	0.02306254101871965	-0.05686769039976257	-0.0005939601537500172	0.04251039947448732
fit-rw_free-full-prior1	rw_free	full	1.0	False	human_minus_computer	sub-144	gamma	-0.0017404361707120829	0.016213787947664367	-0.036668789272350094	-0.0003575346090000098	0.028832466063612457
fit-rw_free-full-prior1	rw_free	full	1.0	False	human_minus_computer	sub-147	gamma	0.013164702803937998	0.07399577627139428	-0.11556154266522493	0.004133966667750066	0.18294276216065003
fit-rw_free-full-prior1	rw_free	full	1.0	False	human_minus_computer	sub-149	gamma	-0.002371225917741666	0.01833828052002261	-0.044555932672787485	-0.00043557829875001675	0.03210445498772495
fit-rw_free-full-prior1	rw_free	full	1.0	False	human_minus_computer	sub-150	gamma	-0.008735369550837667	0.040352070626188126	-0.10773966619078754	-0.0017045888467500103	0.06976910284936239
fit-rw_free-full-prior1	rw_free	full	1.0	False	human_minus_computer	sub-151	gamma	-0.0016033474626391648	0.01934606426793123	-0.04384755814314999	-0.0003904907315000483	0.0373683855827124
fit-rw_free-full-prior1	rw_free	full	1.0	False	human_minus_computer	sub-152	gamma	-0.0008518824096834167	0.019690996833639642	-0.04177529410123748	-0.0003489237534999856	0.0390909206298625
fit-rw_free-full-prior1	rw_free	full	1.0	False	human_minus_computer	sub-153	gamma	-0.002165833297484751	0.02053231522315584	-0.04837694950938755	-0.000512203721749982	0.039763110277762435
fit-rw_free-full-prior1	rw_free	full	1.0	False	human_minus_computer	sub-154	gamma	-0.021546900097688584	0.0742953188071088	-0.1744009729993999	-0.018322296460249965	0.13189063022177472
fit-rw_free-full-prior1	rw_free	full	1.0	False	human_minus_computer	sub-155	gamma	-0.0017645169287061663	0.016961422415679116	-0.03835112514078741	-0.00034358768275000173	0.029710322369224988
fit-rw_free-full-prior1	rw_free	full	1.0	False	human_minus_computer	sub-156	gamma	-0.001032607123550751	0.014717486355821423	-0.03271454211712497	-0.00032091450974996993	0.031130446104862482
fit-rw_free-full-prior1	rw_free	full	1.0	False	human_minus_computer	sub-157	gamma	-0.0006546120979190828	0.036224780670619426	-0.07606529333995005	-0.0005172418162500136	0.08603754054214995
fit-rw_free-full-prior1	rw_free	full	1.0	False	human_minus_computer	sub-158	gamma	0.0014553963784732506	0.034835825915581396	-0.06364526150780005	-0.00042196649575004797	0.08858033591378746
fit-rw_free-full-prior1	rw_free	full	1.0	False	human_minus_computer	sub-159	gamma	-0.03304671640624941	0.07156720302133959	-0.18541545977578752	-0.02696397864450001	0.10135668244517496
fit-rw_free-full-prior1	rw_free	full	1.0	False	human_minus_computer	sample_mean	gamma	-0.0015385816163985381	0.018702388062308655	-0.037710333147793845	-0.001674186530971802	0.03552778263449464
fit-rw_free-full-prior1	rw_free	full	1.0	False	human_minus_computer	sub-104	f0	-0.026389003198966744	0.15473030825010006	-0.37147026378119985	-0.01146686267857502	0.27587000787911214
fit-rw_free-full-prior1	rw_free	full	1.0	False	human_minus_computer	sub-105	f0	-0.2715368025674242	0.911209606336054	-2.139302658848123	-0.29139089887750025	1.7028366693266253
fit-rw_free-full-prior1	rw_free	full	1.0	False	human_minus_computer	sub-106	f0	-0.3593619501880033	0.6132430661248843	-1.6245455981287507	-0.3466838500999998	0.8531894726249993
fit-rw_free-full-prior1	rw_free	full	1.0	False	human_minus_computer	sub-107	f0	-1.1216264939140392	0.9630654861856285	-3.272835119197751	-0.9772663648250006	0.3539338207492496
fit-rw_free-full-prior1	rw_free	full	1.0	False	human_minus_computer	sub-108	f0	-0.6622176621116191	0.8352359460848588	-2.5648232191298743	-0.5595716750000008	0.8083795146202509
fit-rw_free-full-prior1	rw_free	full	1.0	False	human_minus_computer	sub-109	f0	-0.014341154553116145	0.3553598238573655	-0.7465846193688249	-0.024355033161749973	0.7905210167157489
fit-rw_free-full-prior1	rw_free	full	1.0	False	human_minus_computer	sub-110	f0	0.00032313475205500333	0.7541514645175817	-1.3774098804702486	-0.05794700661249941	1.6442815915117492
fit-rw_free-full-prior1	rw_free	full	1.0	False	human_minus_computer	sub-111	f0	-0.020290145042693348	0.740231285361574	-1.3774131185137475	-0.08043119574999835	1.8021728247974997
fit-rw_free-full-prior1	rw_free	full	1.0	False	human_minus_computer	sub-112	f0	0.2680222125774717	0.7222145205736973	-0.8523328596507501	0.08919492666750006	1.9691789209129975
fit-rw_free-full-prior1	rw_free	full	1.0	False	human_minus_computer	sub-113	f0	-0.7134673209975417	0.7183784810679491	-2.269298833385	-0.6492001879749996	0.5781549281424974
fit-rw_free-full-prior1	rw_free	full	1.0	False	human_minus_computer	sub-115	f0	-0.1530393992717999	0.6470329918281371	-1.70496578239975	-0.0447689426320001	1.1368370692702487
fit-rw_free-full-prior1	rw_free	full	1.0	False	human_minus_computer	sub-116	f0	-0.3074242072769833	0.6040369354127603	-1.5349582750225004	-0.316423509699999	0.9248529594962501
fit-rw_free-full-prior1	rw_free	full	1.0	False	human_minus_computer	sub-117	f0	-0.18878432468084413	0.4522583375359949	-1.165991757961	-0.18013426438500013	0.7060221383772499
fit-rw_free-full-prior1	rw_free	full	1.0	False	human_minus_computer	sub-118	f0	-0.05028496039937623	0.517362384997472	-1.1667995163899993	-0.021812227728500028	1.132935452478747
fit-rw_free-full-prior1	rw_free	full	1.0	False	human_minus_computer	sub-121	f0	-1.6302175690291418	1.347432836261301	-4.798872231324251	-1.3848771754299998	0.22964825408375017
fit-rw_free-full-prior1	rw_free	full	1.0	False	human_minus_computer	sub-122	f0	-0.02617413127032735	0.23035881135285077	-0.46680383665299996	-0.010947523859150002	0.3737477596383729
fit-rw_free-full-prior1	rw_free	full	1.0	False	human_minus_computer	sub-124	f0	-0.028343390639605615	0.26666657335495353	-0.5657525756780001	-0.02917890273250001	0.5813521883296245
fit-rw_free-full-prior1	rw_free	full	1.0	False	human_minus_computer	sub-125	f0	0.008309576167506681	0.8646247783588009	-1.5443188054687507	-0.09211256810000013	1.9816008947532493
fit-rw_free-full-prior1	rw_free	full	1.0	False	human_minus_computer	sub-126	f0	-0.02843373153243366	0.12262812831528691	-0.3151418437853376	-0.011837259852175007	0.2016162671615997
fit-rw_free-full-prior1	rw_free	full	1.0	False	human_minus_computer	sub-127	f0	-0.15846012762191666	0.543030573825179	-1.2307674949925005	-0.17454472137500066	0.9927221692512506
fit-rw_free-full-prior1	rw_free	full	1.0	False	human_minus_computer	sub-128	f0	-0.020210318177675036	0.09025002034672186	-0.22065749094125203	-0.013707291199997584	0.16894579483999914
fit-rw_free-full-prior1	rw_free	full	1.0	False	human_minus_computer	sub-129	f0	-0.1972639932171725	0.7235896016673147	-1.6158470110608747	-0.21080847130499958	1.3065260432871229
fit-rw_free-full-prior1	rw_free	full	1.0	False	human_minus_computer	sub-130	f0	-0.02427148465182579	0.13264233061797684	-0.31785577000247506	-0.010307044101500025	0.21847163368672468
fit-rw_free-full-prior1	rw_free	full	1.0	False	human_minus_computer	sub-132	f0	-0.031556403730517615	0.1344313529358524	-0.35367036572198757	-0.012424991558974998	0.2011059991007374
fit-rw_free-full-prior1	rw_free	full	1.0	False	human_minus_computer	sub-133	f0	-0.019693912251420535	0.1302753532702206	-0.30686386802338755	-0.009090888115999993	0.23707244655979975
fit-rw_free-full-prior1	rw_free	full	1.0	False	human_minus_computer	sub-134	f0	-0.09402645625772349	0.3516496481863032	-0.8809601289263751	-0.07004232535475002	0.6246952176427493
fit-rw_free-full-prior1	rw_free	full	1.0	False	human_minus_computer	sub-135	f0	-0.02680509815986665	0.18022412837934065	-0.3910441453012485	-0.02504421630000131	0.39641682750750024
fit-rw_free-full-prior1	rw_free	full	1.0	False	human_minus_computer	sub-136	f0	-0.0697341566315075	0.9277216589521733	-1.7421605282425	-0.14502880518750016	2.167804399592746
fit-rw_free-full-prior1	rw_free	full	1.0	False	human_minus_computer	sub-137	f0	-0.3089416173697442	0.6344791980203877	-1.5945734768990005	-0.30767192380000097	0.9556777956199983
fit-rw_free-full-prior1	rw_free	full	1.0	False	human_minus_computer	sub-138	f0	-0.06531127051978206	0.579903525098681	-1.3100359631137497	-0.044111082005500735	1.255994584749873
fit-rw_free-full-prior1	rw_free	full	1.0	False	human_minus_computer	sub-140	f0	-0.0814918834299709	0.5478505310151934	-1.2644947739048749	-0.044540842837250016	1.1113366076913742
fit-rw_free-full-prior1	rw_free	full	1.0	False	human_minus_computer	sub-141	f0	-0.015993639438557257	0.11277187806269241	-0.26041318855337503	-0.008918571937524992	0.23837327342627498
fit-rw_free-full-prior1	rw_free	full	1.0	False	human_minus_computer	sub-142	f0	-0.010450661207918084	0.13167117039229337	-0.261997023240375	-0.00746175778484999	0.2784076116201751
fit-rw_free-full-prior1	rw_free	full	1.0	False	human_minus_computer	sub-143	f0	-0.07786044538216877	0.4199736390728674	-0.9351200662109999	-0.07895741651999999	0.8359043859318757
fit-rw_free-full-prior1	rw_free	full	1.0	False	human_minus_computer	sub-144	f0	-0.323786089216075	0.5140592916393143	-1.4314482864600013	-0.3066537169750001	0.6832521445487499
fit-rw_free-full-prior1	rw_free	full	1.0	False	human_minus_computer	sub-147	f0	-0.08488812659671442	0.5110950520316166	-1.1436298138965	-0.06375682493374987	1.0049277570048745
fit-rw_free-full-prior1	rw_free	full	1.0	False	human_minus_computer	sub-149	f0	0.026166719127034003	0.3970390242333996	-0.6987086955651249	-0.0101943830607501	0.9164300994574982
fit-rw_free-full-prior1	rw_free	full	1.0	False	human_minus_computer	sub-150	f0	-0.08743559888956759	0.7476118059390571	-1.6159788671154995	-0.11210157217250005	1.4702355342722493
fit-rw_free-full-prior1	rw_free	full	1.0	False	human_minus_computer	sub-151	f0	0.09131858528682502	0.716236066852553	-1.1838739935562497	0.027896167924999382	1.638763936809251
fit-rw_free-full-prior1	rw_free	full	1.0	False	human_minus_computer	sub-152	f0	-0.02902526144328714	0.2321267331540544	-0.4699931453511125	-0.011130828160000009	0.3147154578920245
fit-rw_free-full-prior1	rw_free	full	1.0	False	human_minus_computer	sub-153	f0	-0.9635299649205892	0.7459741789310155	-2.6134418567346254	-0.8720530643525004	0.29676099774474995
fit-rw_free-full-prior1	rw_free	full	1.0	False	human_minus_computer	sub-154	f0	0.146203263153325	0.569942621906534	-0.7460392394300015	0.03883816730000067	1.508162692235
fit-rw_free-full-prior1	rw_free	full	1.0	False	human_minus_computer	sub-155	f0	-0.010309533358616682	0.09221538401091146	-0.19177114469625076	-0.009614190749999807	0.20501190750374806
fit-rw_free-full-prior1	rw_free	full	1.0	False	human_minus_computer	sub-156	f0	-0.028545084456833243	0.19171756568009596	-0.39255531176025	-0.008994158935625003	0.2336844168447496
fit-rw_free-full-prior1	rw_free	full	1.0	False	human_minus_computer	sub-157	f0	0.07516235846299937	0.6524276034629983	-1.0918190482219994	-0.014390139283500067	1.648643064959624
fit-rw_free-full-prior1	rw_free	full	1.0	False	human_minus_computer	sub-158	f0	-0.12119521932764164	0.6110940205943772	-1.2964387681412493	-0.14895075842500205	1.2464741502062502
fit-rw_free-full-prior1	rw_free	full	1.0	False	human_minus_computer	sub-159	f0	-0.08797544164978334	0.48031995221121354	-1.0266847793612528	-0.1049642936250006	0.983277623333748
fit-rw_free-full-prior1	rw_free	full	1.0	False	human_minus_computer	sample_mean	f0	-0.16862102521390585	0.19131900392631102	-0.538617905027763	-0.17067399410909034	0.2127743228105194
fit-rw_free-full-prior1	rw_free	full	1.0	False	human_minus_computer	sub-104	epsilon	-0.0001915233226833478	0.0033025092528286416	-0.0028538801555715258	-2.636977624575018e-07	0.0021663543844363743
fit-rw_free-full-prior1	rw_free	full	1.0	False	human_minus_computer	sub-105	epsilon	-0.0016300978462765621	0.019418683385208003	-0.047827619219303764	-2.4093891005000454e-05	0.036308426757445
fit-rw_free-full-prior1	rw_free	full	1.0	False	human_minus_computer	sub-106	epsilon	1.8901791023457831e-06	0.00045117825644471144	-0.0009127155020029999	1.36989576585e-07	0.0009050053278207353
fit-rw_free-full-prior1	rw_free	full	1.0	False	human_minus_computer	sub-107	epsilon	0.00020304859398487666	0.0015010348548883702	-0.0019027417683803753	2.3768305001250025e-06	0.003899347825621615
fit-rw_free-full-prior1	rw_free	full	1.0	False	human_minus_computer	sub-108	epsilon	0.00020833807390194728	0.002563060628363496	-0.003689693372089874	1.4979765588399979e-06	0.005964192776021121
fit-rw_free-full-prior1	rw_free	full	1.0	False	human_minus_computer	sub-109	epsilon	0.0003622144036317079	0.002896494931868732	-0.005063784285130373	7.341634657724992e-06	0.008022726051217488
fit-rw_free-full-prior1	rw_free	full	1.0	False	human_minus_computer	sub-110	epsilon	7.177291058580079e-05	0.002799034361192236	-0.005075831799314249	-8.791651123249922e-08	0.005709588418891247
fit-rw_free-full-prior1	rw_free	full	1.0	False	human_minus_computer	sub-111	epsilon	-0.0027282852407347832	0.020580828098256128	-0.0473387836663125	-0.0011659799381750005	0.034625498639788706
fit-rw_free-full-prior1	rw_free	full	1.0	False	human_minus_computer	sub-112	epsilon	-0.0074811610443820484	0.034410217915416506	-0.09927433976199372	-5.1509390635250016e-05	0.04311893247157498
fit-rw_free-full-prior1	rw_free	full	1.0	False	human_minus_computer	sub-113	epsilon	-1.2316634376076524e-05	0.001003343539635702	-0.00216364817150725	3.94460942915e-07	0.0020446053261477504
fit-rw_free-full-prior1	rw_free	full	1.0	False	human_minus_computer	sub-115	epsilon	-0.0006429290445272911	0.027468894002505333	-0.05331722524884999	1.3743200704250003e-06	0.04019488650433744
fit-rw_free-full-prior1	rw_free	full	1.0	False	human_minus_computer	sub-116	epsilon	-2.623621877443795e-05	0.0004828256721510774	-0.0011058901215033625	2.7364879713749515e-07	0.0008352903807774244
fit-rw_free-full-prior1	rw_free	full	1.0	False	human_minus_computer	sub-117	epsilon	-8.116670665659794e-05	0.002401964274774609	-0.0030832778483523746	-4.6354221353325003e-07	0.0024366123100233675
fit-rw_free-full-prior1	rw_free	full	1.0	False	human_minus_computer	sub-118	epsilon	-0.0021179208703871713	0.022168385718057793	-0.05224716802678874	-2.5762614936600002e-06	0.02771750443753552
fit-rw_free-full-prior1	rw_free	full	1.0	False	human_minus_computer	sub-121	epsilon	0.003389032803028066	0.011852556837771219	-0.013152853338996125	0.0004275622882875011	0.03635054523233125
fit-rw_free-full-prior1	rw_free	full	1.0	False	human_minus_computer	sub-122	epsilon	-0.0003110704594655794	0.01049002198731148	-0.008071493549387434	-1.6546659842499745e-06	0.0051930266047899975
fit-rw_free-full-prior1	rw_free	full	1.0	False	human_minus_computer	sub-124	epsilon	-0.0002527458809901584	0.0051834176571384	-0.010621823881719372	-4.520335256642491e-06	0.00931613596938124
fit-rw_free-full-prior1	rw_free	full	1.0	False	human_minus_computer	sub-125	epsilon	-0.0003351446711570816	0.0037131196092315805	-0.009107815687026753	-2.0567115247500003e-06	0.006340272692512496
fit-rw_free-full-prior1	rw_free	full	1.0	False	human_minus_computer	sub-126	epsilon	-0.00010893856997104926	0.0029135600548180827	-0.0021519730553032496	-2.8569653714325e-07	0.0014493612021435494
fit-rw_free-full-prior1	rw_free	full	1.0	False	human_minus_computer	sub-127	epsilon	-2.972400943887387e-05	0.0004716145499551398	-0.00109231846114	6.280117397000013e-08	0.0008190113468398499
fit-rw_free-full-prior1	rw_free	full	1.0	False	human_minus_computer	sub-128	epsilon	1.3835880439556744e-06	0.000289077497893735	-0.0006076437468894002	-5.724775399249983e-09	0.0006139270691680994
fit-rw_free-full-prior1	rw_free	full	1.0	False	human_minus_computer	sub-129	epsilon	-0.0001574417402491949	0.0016737356411385118	-0.004141587258364125	-7.201663270750194e-07	0.0026029143557644943
fit-rw_free-full-prior1	rw_free	full	1.0	False	human_minus_computer	sub-130	epsilon	-9.548598957554634e-05	0.001588451857915637	-0.0022429636641292505	-8.762773423674998e-07	0.0014058643180589992
fit-rw_free-full-prior1	rw_free	full	1.0	False	human_minus_computer	sub-132	epsilon	-2.683194627349117e-05	0.001462658486560673	-0.00200822519787525	5.760918854699993e-08	0.0019429170333274993
fit-rw_free-full-prior1	rw_free	full	1.0	False	human_minus_computer	sub-133	epsilon	4.147321802020727e-05	0.002940281927232456	-0.001619879995485	6.489654508424875e-08	0.0015422555386757479
fit-rw_free-full-prior1	rw_free	full	1.0	False	human_minus_computer	sub-134	epsilon	-0.00011545358337211401	0.0020954642536123755	-0.0046351189742555	-4.89968546074995e-07	0.003567541452853371
fit-rw_free-full-prior1	rw_free	full	1.0	False	human_minus_computer	sub-135	epsilon	-8.544409060174317e-06	0.0002658892030066598	-0.0005756549110493125	-3.448926647499989e-07	0.0005119206264831875
fit-rw_free-full-prior1	rw_free	full	1.0	False	human_minus_computer	sub-136	epsilon	-0.006386893425139352	0.03565955415605305	-0.09033976416371375	-0.00022606654365750034	0.05999835062419995
fit-rw_free-full-prior1	rw_free	full	1.0	False	human_minus_computer	sub-137	epsilon	-2.0340171034454562e-05	0.0007928453523018412	-0.0016844950124504624	2.261607131150016e-07	0.0015233375052773742
fit-rw_free-full-prior1	rw_free	full	1.0	False	human_minus_computer	sub-138	epsilon	0.007246363336947995	0.04573965824523234	-0.07695217922955001	0.00011537625193024992	0.11806094910533721
fit-rw_free-full-prior1	rw_free	full	1.0	False	human_minus_computer	sub-140	epsilon	-0.0024815229179966304	0.04678932265176208	-0.10661421085650004	-3.08636451749e-05	0.09956834712694998
fit-rw_free-full-prior1	rw_free	full	1.0	False	human_minus_computer	sub-141	epsilon	1.9715527445044763e-05	0.0009488915949902799	-0.0015798953146072502	4.579713301300027e-07	0.001783026275876499
fit-rw_free-full-prior1	rw_free	full	1.0	False	human_minus_computer	sub-142	epsilon	1.4047970796760801e-05	0.000895889542822082	-0.0017176728201847501	1.1254079103499495e-06	0.001896501765183873
fit-rw_free-full-prior1	rw_free	full	1.0	False	human_minus_computer	sub-143	epsilon	2.3768814592322605e-06	0.005461953515412669	-0.011370311685864377	6.922332786249999e-07	0.0114046922641625
fit-rw_free-full-prior1	rw_free	full	1.0	False	human_minus_computer	sub-144	epsilon	6.99921570408869e-05	0.0006500585978125398	-0.001152054144398875	1.6710750549474969e-06	0.0017391381501717241
fit-rw_free-full-prior1	rw_free	full	1.0	False	human_minus_computer	sub-147	epsilon	0.0002351076002330696	0.009961901136516321	-0.020245524848357503	3.3420870047501684e-07	0.02189201359502423
fit-rw_free-full-prior1	rw_free	full	1.0	False	human_minus_computer	sub-149	epsilon	6.885019316851767e-05	0.0016111044659193586	-0.0030047484354811258	9.001524156025e-07	0.0037772839599344962
fit-rw_free-full-prior1	rw_free	full	1.0	False	human_minus_computer	sub-150	epsilon	-0.002056069398164002	0.023868056977875713	-0.0585483480611925	-6.6161768372749605e-06	0.047742322712587465
fit-rw_free-full-prior1	rw_free	full	1.0	False	human_minus_computer	sub-151	epsilon	-3.356902160988387e-05	0.0007964035021551577	-0.0017668385398907501	-6.046640917850011e-07	0.0014807729530057492
fit-rw_free-full-prior1	rw_free	full	1.0	False	human_minus_computer	sub-152	epsilon	-7.46883670391464e-05	0.007279084685075706	-0.006555724074824957	1.121704396999969e-07	0.004655404170223748
fit-rw_free-full-prior1	rw_free	full	1.0	False	human_minus_computer	sub-153	epsilon	3.383558678500986e-05	0.0019315104821813218	-0.0032502209361711253	3.658008861849996e-07	0.003900334814675749
fit-rw_free-full-prior1	rw_free	full	1.0	False	human_minus_computer	sub-154	epsilon	-3.416440617667177e-05	0.00035899106994712954	-0.0008751008239081753	-4.460836728899823e-07	0.000561967142588736
fit-rw_free-full-prior1	rw_free	full	1.0	False	human_minus_computer	sub-155	epsilon	-1.5085218278043032e-05	0.00020788266852377995	-0.0004944863200908177	-2.9817725862749963e-07	0.000376625124591337
fit-rw_free-full-prior1	rw_free	full	1.0	False	human_minus_computer	sub-156	epsilon	-9.924244818682374e-05	0.0040744552070062	-0.0031558212332925	-2.9046330917000016e-07	0.002384792581936499
fit-rw_free-full-prior1	rw_free	full	1.0	False	human_minus_computer	sub-157	epsilon	-0.0006572342487963506	0.0279526972657184	-0.06044492036607251	-2.1405527594624852e-07	0.05620520218881995
fit-rw_free-full-prior1	rw_free	full	1.0	False	human_minus_computer	sub-158	epsilon	-0.0008188002932884393	0.002422961909166151	-0.007012160056846751	-0.00015908485823999967	0.0029078898272753705
fit-rw_free-full-prior1	rw_free	full	1.0	False	human_minus_computer	sub-159	epsilon	-2.0181067958948993e-05	0.002646088437105197	-0.005602429955188501	1.0227113349999738e-05	0.005322326421418372
fit-rw_free-full-prior1	rw_free	full	1.0	False	human_minus_computer	sample_mean	epsilon	-0.00036343332229457246	0.004386589806048285	-0.009658839419994727	-0.0002668846388300487	0.008236995888154118
fit-rw_free-run1-prior1	rw_free	run1	1.0	False	similar_minus_dissimilar	sub-104	alpha	-0.011518939494441582	0.05785922455043684	-0.16386915375307504	-0.0029004215730000227	0.07930907364632504
fit-rw_free-run1-prior1	rw_free	run1	1.0	False	similar_minus_dissimilar	sub-105	alpha	-0.008486589138551	0.056080210808833374	-0.14953649839257502	-0.0028480873910000093	0.09707894835684981
fit-rw_free-run1-prior1	rw_free	run1	1.0	False	similar_minus_dissimilar	sub-106	alpha	-0.008320163495957999	0.04058951951868465	-0.10845883308092498	-0.00274838291949997	0.0607290910699749
fit-rw_free-run1-prior1	rw_free	run1	1.0	False	similar_minus_dissimilar	sub-107	alpha	-0.036133966863502336	0.09070141729275054	-0.317375414901675	-0.004789393333500036	0.04981603355977497
fit-rw_free-run1-prior1	rw_free	run1	1.0	False	similar_minus_dissimilar	sub-108	alpha	-0.034225439353510995	0.08963966175282574	-0.31464767040110003	-0.00493255985150004	0.053081918254625014
fit-rw_free-run1-prior1	rw_free	run1	1.0	False	similar_minus_dissimilar	sub-109	alpha	-0.011312491269482533	0.0551514697908919	-0.15817589932669993	-0.0026144028435000077	0.07341053747532496
fit-rw_free-run1-prior1	rw_free	run1	1.0	False	similar_minus_dissimilar	sub-110	alpha	-0.0019252919279688333	0.05594746561740033	-0.111664402376575	-0.0021770673329999934	0.12998885872129964
fit-rw_free-run1-prior1	rw_free	run1	1.0	False	similar_minus_dissimilar	sub-111	alpha	0.001184046305888	0.05522994250395092	-0.09027990336654997	-0.001987290738000025	0.14341877633989975
fit-rw_free-run1-prior1	rw_free	run1	1.0	False	similar_minus_dissimilar	sub-112	alpha	-0.00603960485390545	0.04571785111696155	-0.10638618677537506	-0.0023871522749999707	0.07935839497932488
fit-rw_free-run1-prior1	rw_free	run1	1.0	False	similar_minus_dissimilar	sub-113	alpha	-0.010614551241230667	0.04930055534638212	-0.14475369256217505	-0.002836151552499999	0.06810807685717471
fit-rw_free-run1-prior1	rw_free	run1	1.0	False	similar_minus_dissimilar	sub-115	alpha	-0.0096988881019535	0.0582163238133658	-0.14870493765104997	-0.0030697315429999983	0.09147319058274975
fit-rw_free-run1-prior1	rw_free	run1	1.0	False	similar_minus_dissimilar	sub-116	alpha	-0.011881697249619	0.04832730350497323	-0.14805094797112509	-0.0034291516509999953	0.06806757865522492
fit-rw_free-run1-prior1	rw_free	run1	1.0	False	similar_minus_dissimilar	sub-117	alpha	-0.009785294136464834	0.049497266347112934	-0.13515080192972492	-0.00282264056949999	0.06729805437112464
fit-rw_free-run1-prior1	rw_free	run1	1.0	False	similar_minus_dissimilar	sub-118	alpha	-0.016891607343654833	0.06357180353446258	-0.20272206559932496	-0.0033511673950000764	0.07066007218175
fit-rw_free-run1-prior1	rw_free	run1	1.0	False	similar_minus_dissimilar	sub-121	alpha	-0.012058850302068165	0.06094851908563961	-0.17136419202690004	-0.0031632099979999606	0.08465077259962502
fit-rw_free-run1-prior1	rw_free	run1	1.0	False	similar_minus_dissimilar	sub-122	alpha	-0.013695070921746174	0.06112720784684151	-0.173260717325575	-0.0032387272405000056	0.07483857157472497
fit-rw_free-run1-prior1	rw_free	run1	1.0	False	similar_minus_dissimilar	sub-124	alpha	-0.008533437159046576	0.052307845630499845	-0.13374132455347493	-0.002683952977500015	0.07998061943529983
fit-rw_free-run1-prior1	rw_free	run1	1.0	False	similar_minus_dissimilar	sub-125	alpha	-0.01688217269283517	0.0621015463833029	-0.19989856858809998	-0.0038663203064999707	0.07509100828437491
fit-rw_free-run1-prior1	rw_free	run1	1.0	False	similar_minus_dissimilar	sub-126	alpha	-0.011340821694778265	0.05881767213875366	-0.16228753778392493	-0.002768676965999972	0.07893222829879998
fit-rw_free-run1-prior1	rw_free	run1	1.0	False	similar_minus_dissimilar	sub-127	alpha	0.0021038864892876665	0.046629385168721116	-0.078521551962725	-0.001333992695000008	0.1293655954770997
fit-rw_free-run1-prior1	rw_free	run1	1.0	False	similar_minus_dissimilar	sub-128	alpha	-0.006917076816596834	0.025523576869756724	-0.071744206288475	-0.0025740294980000633	0.03600085689999981
fit-rw_free-run1-prior1	rw_free	run1	1.0	False	similar_minus_dissimilar	sub-129	alpha	-0.011040868212277165	0.049487385290365914	-0.14414386019472497	-0.0028046772124999952	0.06950780752187487
fit-rw_free-run1-prior1	rw_free	run1	1.0	False	similar_minus_dissimilar	sub-130	alpha	-0.01085553837516557	0.05730836245119211	-0.15538165578114999	-0.0028510476845000077	0.08552662509389984
fit-rw_free-run1-prior1	rw_free	run1	1.0	False	similar_minus_dissimilar	sub-132	alpha	-0.012319235529978642	0.05855830141014141	-0.16923839605269997	-0.002802075993499964	0.0777829198877998
fit-rw_free-run1-prior1	rw_free	run1	1.0	False	similar_minus_dissimilar	sub-133	alpha	-0.011977429804779297	0.060098625810572695	-0.16579246460104996	-0.002914517977999964	0.07630081659859979
fit-rw_free-run1-prior1	rw_free	run1	1.0	False	similar_minus_dissimilar	sub-134	alpha	-0.010785510232857268	0.05342008394448655	-0.15179197594902502	-0.002869077273499998	0.07364171780254981
fit-rw_free-run1-prior1	rw_free	run1	1.0	False	similar_minus_dissimilar	sub-135	alpha	-0.0021191514671173345	0.038703291759183474	-0.0774048609012	-0.0017889817130000152	0.07318512916379989
fit-rw_free-run1-prior1	rw_free	run1	1.0	False	similar_minus_dissimilar	sub-136	alpha	-0.006526277114708999	0.04241772740171658	-0.10714361338205	-0.0025896180499999644	0.07135948749749997
fit-rw_free-run1-prior1	rw_free	run1	1.0	False	similar_minus_dissimilar	sub-137	alpha	-0.015304031421846	0.052288945293264597	-0.17146424025642504	-0.003871672610500032	0.059988140185224706
fit-rw_free-run1-prior1	rw_free	run1	1.0	False	similar_minus_dissimilar	sub-138	alpha	-0.012860312278113866	0.05661275135037271	-0.1685398631326	-0.0031254324334999972	0.07644029122157499
fit-rw_free-run1-prior1	rw_free	run1	1.0	False	similar_minus_dissimilar	sub-140	alpha	-0.01073691520391435	0.05925604950764057	-0.1638752168495	-0.002884567260500015	0.09055833461442475
fit-rw_free-run1-prior1	rw_free	run1	1.0	False	similar_minus_dissimilar	sub-141	alpha	-0.01109386473292755	0.0548433027030184	-0.1516739174501	-0.0030255278394999974	0.07856325584559985
fit-rw_free-run1-prior1	rw_free	run1	1.0	False	similar_minus_dissimilar	sub-142	alpha	-0.010945245309846564	0.058926216579970644	-0.16349040349604996	-0.0028773000474999755	0.08174861346345
fit-rw_free-run1-prior1	rw_free	run1	1.0	False	similar_minus_dissimilar	sub-143	alpha	-0.011540005628499064	0.05606093056070038	-0.15982283178665	-0.003105702732499993	0.07917379432440003
fit-rw_free-run1-prior1	rw_free	run1	1.0	False	similar_minus_dissimilar	sub-144	alpha	-0.011093421201009833	0.04328939572886623	-0.13195142267527493	-0.003075206158499988	0.057251372897399753
fit-rw_free-run1-prior1	rw_free	run1	1.0	False	similar_minus_dissimilar	sub-147	alpha	-0.0080045082418092	0.05353868417425809	-0.13521265031897498	-0.00263873417249999	0.08399899615739997
fit-rw_free-run1-prior1	rw_free	run1	1.0	False	similar_minus_dissimilar	sub-149	alpha	-0.011395298444062786	0.0564240923971126	-0.154520682001275	-0.002970964147499977	0.0742371676424247
fit-rw_free-run1-prior1	rw_free	run1	1.0	False	similar_minus_dissimilar	sub-150	alpha	-0.018795144153686952	0.06156682238859414	-0.20220186181207503	-0.003448951420500057	0.06139969697024989
fit-rw_free-run1-prior1	rw_free	run1	1.0	False	similar_minus_dissimilar	sub-151	alpha	-0.006525269128486166	0.039761526425245004	-0.10562473188692505	-0.0026537347200000228	0.0716697065489749
fit-rw_free-run1-prior1	rw_free	run1	1.0	False	similar_minus_dissimilar	sub-152	alpha	-0.011026975645046901	0.06004606548401852	-0.16575828020000002	-0.0031379348749999703	0.0831452735921494
fit-rw_free-run1-prior1	rw_free	run1	1.0	False	similar_minus_dissimilar	sub-153	alpha	-0.008561478449119066	0.05147486104152823	-0.13398923241574998	-0.002488383682999973	0.0787715063057499
fit-rw_free-run1-prior1	rw_free	run1	1.0	False	similar_minus_dissimilar	sub-154	alpha	-0.009938761989615835	0.04508886681842255	-0.13205940630504998	-0.003072354511500064	0.06488886734930002
fit-rw_free-run1-prior1	rw_free	run1	1.0	False	similar_minus_dissimilar	sub-155	alpha	-0.004727253852049499	0.02454382130355911	-0.062109959573799924	-0.002381524689499981	0.044736421256999885
fit-rw_free-run1-prior1	rw_free	run1	1.0	False	similar_minus_dissimilar	sub-156	alpha	-0.011612164919580609	0.06011521275376328	-0.16210710677822499	-0.0028364843539999685	0.08077558477864998
fit-rw_free-run1-prior1	rw_free	run1	1.0	False	similar_minus_dissimilar	sub-157	alpha	-0.011878239274931169	0.05022859276256722	-0.138530999808175	-0.003082071157999966	0.06871794225857501
fit-rw_free-run1-prior1	rw_free	run1	1.0	False	similar_minus_dissimilar	sub-158	alpha	-0.016606956884957166	0.050648108339135	-0.16922484734002502	-0.0037159048079999923	0.05664237599652499
fit-rw_free-run1-prior1	rw_free	run1	1.0	False	similar_minus_dissimilar	sub-159	alpha	-0.007445742872944665	0.03555769382874466	-0.09758682330757498	-0.0027994613550000325	0.05911621905842496
fit-rw_free-run1-prior1	rw_free	run1	1.0	False	similar_minus_dissimilar	sample_mean	alpha	-0.01103594939641427	0.03551999747008646	-0.09979386325855479	-0.004543682509319144	0.04888624406885744
fit-rw_free-run1-prior1	rw_free	run1	1.0	False	similar_minus_dissimilar	sub-104	gamma	-8.042531544133273e-05	0.06396538842383899	-0.13518113436142498	-0.0003832491569999985	0.1479518540943749
fit-rw_free-run1-prior1	rw_free	run1	1.0	False	similar_minus_dissimilar	sub-105	gamma	-0.119695312453074	0.17786278030335004	-0.5048030803689251	-0.08284196167100005	0.18873694118699938
fit-rw_free-run1-prior1	rw_free	run1	1.0	False	similar_minus_dissimilar	sub-106	gamma	-0.003272443670774166	0.06482604725667224	-0.15459999458922505	-0.000666480796000013	0.14238895116602482
fit-rw_free-run1-prior1	rw_free	run1	1.0	False	similar_minus_dissimilar	sub-107	gamma	-0.10558812992499833	0.19708573663375747	-0.501549478048175	-0.09233858659649999	0.27031997291647486
fit-rw_free-run1-prior1	rw_free	run1	1.0	False	similar_minus_dissimilar	sub-108	gamma	0.025827409390237668	0.1721570515708694	-0.3220136018447	0.004548621006499998	0.4208136723406999
fit-rw_free-run1-prior1	rw_free	run1	1.0	False	similar_minus_dissimilar	sub-109	gamma	-0.008784079756787333	0.07704264807399011	-0.196041538667225	-0.0011381544305000268	0.1469968423600496
fit-rw_free-run1-prior1	rw_free	run1	1.0	False	similar_minus_dissimilar	sub-110	gamma	0.0070072447811905	0.17579203562663942	-0.3525273132567	0.0012514012579999956	0.37416465684627453
fit-rw_free-run1-prior1	rw_free	run1	1.0	False	similar_minus_dissimilar	sub-111	gamma	-0.013851171439494669	0.10250141106650236	-0.274949670847225	-0.0015016868055000021	0.1964496514894245
fit-rw_free-run1-prior1	rw_free	run1	1.0	False	similar_minus_dissimilar	sub-112	gamma	-0.004463395376303498	0.07629451482109939	-0.187604329482075	-0.0007246123684999661	0.17024813419277476
fit-rw_free-run1-prior1	rw_free	run1	1.0	False	similar_minus_dissimilar	sub-113	gamma	-0.002483570216545333	0.0852509607002532	-0.19385226983517503	-0.0007882765699999683	0.20437697395009988
fit-rw_free-run1-prior1	rw_free	run1	1.0	False	similar_minus_dissimilar	sub-115	gamma	-0.04064128315510698	0.06976044181766153	-0.18304661463849498	-0.0368138980263	0.09655551745790956
fit-rw_free-run1-prior1	rw_free	run1	1.0	False	similar_minus_dissimilar	sub-116	gamma	-0.004582501499399166	0.0694562819603007	-0.173928029512375	-0.0008171513754999804	0.14548884396642478
fit-rw_free-run1-prior1	rw_free	run1	1.0	False	similar_minus_dissimilar	sub-117	gamma	-0.0036270059644565	0.07211995894364348	-0.16852718117015003	-0.0006412239599999925	0.15954311326524986
fit-rw_free-run1-prior1	rw_free	run1	1.0	False	similar_minus_dissimilar	sub-118	gamma	-0.3120140187523367	0.16283774696810505	-0.6411208602389126	-0.3040392412798	-0.014995133357775057
fit-rw_free-run1-prior1	rw_free	run1	1.0	False	similar_minus_dissimilar	sub-121	gamma	0.024382008652230832	0.14236712542171906	-0.254943570582125	0.0013103421665000003	0.3744353528148498
fit-rw_free-run1-prior1	rw_free	run1	1.0	False	similar_minus_dissimilar	sub-122	gamma	0.044205187115585166	0.14063461799038807	-0.19873789300082506	0.0066002785369999595	0.41176225561407487
fit-rw_free-run1-prior1	rw_free	run1	1.0	False	similar_minus_dissimilar	sub-124	gamma	-0.0045203046124110005	0.06739737869846867	-0.16018646853699997	-0.0008248466160000745	0.14067981126694978
fit-rw_free-run1-prior1	rw_free	run1	1.0	False	similar_minus_dissimilar	sub-125	gamma	0.05767304368938185	0.20372981912437435	-0.35154549957372494	0.042639240506000015	0.4864144460693745
fit-rw_free-run1-prior1	rw_free	run1	1.0	False	similar_minus_dissimilar	sub-126	gamma	-0.006515944057408168	0.06553265682017036	-0.16821047141207504	-0.0007923965224999607	0.12659444780444984
fit-rw_free-run1-prior1	rw_free	run1	1.0	False	similar_minus_dissimilar	sub-127	gamma	0.0033891081397781657	0.08863164288505533	-0.18352110523544996	-0.0002679183405000507	0.23500638147784958
fit-rw_free-run1-prior1	rw_free	run1	1.0	False	similar_minus_dissimilar	sub-128	gamma	-0.0002499338832753338	0.08483283451477021	-0.18903678457435	-0.0004322721095000315	0.19607971421102485
fit-rw_free-run1-prior1	rw_free	run1	1.0	False	similar_minus_dissimilar	sub-129	gamma	-0.0015622934182045	0.09059598489689706	-0.20849382627477508	-0.0004717392160000222	0.2127749280169246
fit-rw_free-run1-prior1	rw_free	run1	1.0	False	similar_minus_dissimilar	sub-130	gamma	-0.012546072405003834	0.0888594252280516	-0.23385554920450008	-0.0018130503025000078	0.1683199546107998
fit-rw_free-run1-prior1	rw_free	run1	1.0	False	similar_minus_dissimilar	sub-132	gamma	-1.741192766783291e-05	0.06390832380142603	-0.13073442767957502	-0.00036217252949999335	0.15166320993652468
fit-rw_free-run1-prior1	rw_free	run1	1.0	False	similar_minus_dissimilar	sub-133	gamma	-0.001685068118918333	0.07362997193534308	-0.16350368509937496	-0.0004938869564999893	0.16529744546307498
fit-rw_free-run1-prior1	rw_free	run1	1.0	False	similar_minus_dissimilar	sub-134	gamma	0.006285759502288833	0.10503652841527099	-0.21574639094002496	-0.0003251193850000167	0.26458688354130006
fit-rw_free-run1-prior1	rw_free	run1	1.0	False	similar_minus_dissimilar	sub-135	gamma	0.394993296604745	0.2127828546301961	0.012727394789150004	0.390293461857	0.7987945006516973
fit-rw_free-run1-prior1	rw_free	run1	1.0	False	similar_minus_dissimilar	sub-136	gamma	-0.0010449931304471662	0.065939988713246	-0.14365652204784995	-0.0004521937454999847	0.14898547677309953
fit-rw_free-run1-prior1	rw_free	run1	1.0	False	similar_minus_dissimilar	sub-137	gamma	-0.011405616277150334	0.07531133047903874	-0.20289222439030008	-0.0017653145119999603	0.1397368717918251
fit-rw_free-run1-prior1	rw_free	run1	1.0	False	similar_minus_dissimilar	sub-138	gamma	-0.03209244222455328	0.1945721255495371	-0.41530370508875003	-0.030510782540000003	0.37261866437309976
fit-rw_free-run1-prior1	rw_free	run1	1.0	False	similar_minus_dissimilar	sub-140	gamma	0.17467353380525197	0.18439708290901244	-0.143638155826225	0.15984208401449998	0.5619841069391
fit-rw_free-run1-prior1	rw_free	run1	1.0	False	similar_minus_dissimilar	sub-141	gamma	-0.0009709100579926669	0.09050678764805503	-0.20550563580609998	-0.0006305031055000576	0.20187367300184988
fit-rw_free-run1-prior1	rw_free	run1	1.0	False	similar_minus_dissimilar	sub-142	gamma	-0.006602618671466501	0.07429106064267485	-0.18784131086214997	-0.0008012133954999889	0.14509029283524982
fit-rw_free-run1-prior1	rw_free	run1	1.0	False	similar_minus_dissimilar	sub-143	gamma	-0.006370073250231667	0.08776987054100954	-0.2107786454434	-0.0013473930024999747	0.19074490875359962
fit-rw_free-run1-prior1	rw_free	run1	1.0	False	similar_minus_dissimilar	sub-144	gamma	-0.0029622160411235006	0.07496713635434811	-0.17497942414595	-0.000605168429000047	0.1642327873007497
fit-rw_free-run1-prior1	rw_free	run1	1.0	False	similar_minus_dissimilar	sub-147	gamma	-0.01730383170083167	0.1975094275774962	-0.421504859204075	-0.01217733347850003	0.369282747152575
fit-rw_free-run1-prior1	rw_free	run1	1.0	False	similar_minus_dissimilar	sub-149	gamma	0.013454561235896499	0.09758372515199255	-0.16657465715482495	0.00031760719000001325	0.2780538258986249
fit-rw_free-run1-prior1	rw_free	run1	1.0	False	similar_minus_dissimilar	sub-150	gamma	-0.07313412057696733	0.14336806474611077	-0.43877281340195	-0.021780175928500012	0.1499704728585248
fit-rw_free-run1-prior1	rw_free	run1	1.0	False	similar_minus_dissimilar	sub-151	gamma	-0.008299840507765334	0.0737603236470325	-0.19516060529942492	-0.000956195840499996	0.14843205015417496
fit-rw_free-run1-prior1	rw_free	run1	1.0	False	similar_minus_dissimilar	sub-152	gamma	-0.002985988937451667	0.06509284357346813	-0.16014250861867507	-0.0006498959740000032	0.1416469588574744
fit-rw_free-run1-prior1	rw_free	run1	1.0	False	similar_minus_dissimilar	sub-153	gamma	-0.007448830323425499	0.07428469985312466	-0.18565847822832504	-0.001094141668000037	0.14495168849627452
fit-rw_free-run1-prior1	rw_free	run1	1.0	False	similar_minus_dissimilar	sub-154	gamma	-0.33994014924846816	0.20051525721988847	-0.7027887581346001	-0.34743972276699997	0.053926794910999616
fit-rw_free-run1-prior1	rw_free	run1	1.0	False	similar_minus_dissimilar	sub-155	gamma	-0.003329314573525	0.07275440730486389	-0.17577961838972495	-0.0006945524560000305	0.15124262736167493
fit-rw_free-run1-prior1	rw_free	run1	1.0	False	similar_minus_dissimilar	sub-156	gamma	-0.006268788003633335	0.06353211061262909	-0.1613482733212	-0.0007892494999999777	0.12432562513774992
fit-rw_free-run1-prior1	rw_free	run1	1.0	False	similar_minus_dissimilar	sub-157	gamma	-0.015132007573856332	0.09039498938613105	-0.252062642407625	-0.0019273251980000405	0.16328793340189998
fit-rw_free-run1-prior1	rw_free	run1	1.0	False	similar_minus_dissimilar	sub-158	gamma	-0.011903336987106168	0.0912211873898146	-0.24159673150275	-0.0016215456925000038	0.1826024810933499
fit-rw_free-run1-prior1	rw_free	run1	1.0	False	similar_minus_dissimilar	sub-159	gamma	-0.04796804069116816	0.12542191551684032	-0.3909557025958999	-0.008565606233999934	0.14981697206259995
fit-rw_free-run1-prior1	rw_free	run1	1.0	False	similar_minus_dissimilar	sample_mean	gamma	-0.01041387940017413	0.03257001453632507	-0.07399712240214673	-0.010348343319307455	0.054430961276939874
fit-rw_free-run1-prior1	rw_free	run1	1.0	False	similar_minus_dissimilar	sub-104	f0	0.007825410661733662	0.20570842287534988	-0.42918123318190016	0.003770380738499987	0.43098523369147357
fit-rw_free-run1-prior1	rw_free	run1	1.0	False	similar_minus_dissimilar	sub-105	f0	0.6593834408733733	1.198994852637375	-1.546959490932249	0.5548722777450004	3.310706140682748
fit-rw_free-run1-prior1	rw_free	run1	1.0	False	similar_minus_dissimilar	sub-106	f0	0.20947313497894	0.9788045090119183	-1.772141405652501	0.20412401579999973	2.1944558479175003
fit-rw_free-run1-prior1	rw_free	run1	1.0	False	similar_minus_dissimilar	sub-107	f0	-0.9907703692689833	1.569533383745299	-4.7349995201135	-0.6295520366500007	1.2976643831900005
fit-rw_free-run1-prior1	rw_free	run1	1.0	False	similar_minus_dissimilar	sub-108	f0	-1.1491053134218583	1.5561001894567261	-4.53611488497	-0.8821527162999998	1.2357621094650009
fit-rw_free-run1-prior1	rw_free	run1	1.0	False	similar_minus_dissimilar	sub-109	f0	0.02351861696224475	0.33646317858285574	-0.6604716783378	0.006644076651150035	0.8022314522297466
fit-rw_free-run1-prior1	rw_free	run1	1.0	False	similar_minus_dissimilar	sub-110	f0	0.7975885524124666	1.154197774260132	-1.2267396585382502	0.6696971393099997	3.298977582769998
fit-rw_free-run1-prior1	rw_free	run1	1.0	False	similar_minus_dissimilar	sub-111	f0	0.7226199241592483	1.297637352712287	-1.248888948464999	0.4483937780999998	3.9616420025802497
fit-rw_free-run1-prior1	rw_free	run1	1.0	False	similar_minus_dissimilar	sub-112	f0	0.3367341033167232	0.8560653089583465	-1.2547006850892504	0.24079232367500003	2.304989573574993
fit-rw_free-run1-prior1	rw_free	run1	1.0	False	similar_minus_dissimilar	sub-113	f0	0.13359410474699665	1.1212115729553354	-2.184924142109999	0.12194557060000033	2.4714698811800004
fit-rw_free-run1-prior1	rw_free	run1	1.0	False	similar_minus_dissimilar	sub-115	f0	0.22201710741161462	1.0186353155273828	-1.6229742178434998	0.0441327902764998	2.8292980982567446
fit-rw_free-run1-prior1	rw_free	run1	1.0	False	similar_minus_dissimilar	sub-116	f0	-0.17171397979583328	0.9977544277904837	-2.3575651945149994	-0.12429515679999881	1.6987191850199979
fit-rw_free-run1-prior1	rw_free	run1	1.0	False	similar_minus_dissimilar	sub-117	f0	0.09171002065357962	0.6611956753015577	-1.2551941219937497	0.06042957386500003	1.5394910393227492
fit-rw_free-run1-prior1	rw_free	run1	1.0	False	similar_minus_dissimilar	sub-118	f0	-0.22790438399944749	1.3364955821156939	-3.351308612286749	-0.08194988095499989	2.154733585027749
fit-rw_free-run1-prior1	rw_free	run1	1.0	False	similar_minus_dissimilar	sub-121	f0	0.18445653522036332	1.1724605133028925	-2.0813527976397497	0.16435742716500013	2.7308437966527417
fit-rw_free-run1-prior1	rw_free	run1	1.0	False	similar_minus_dissimilar	sub-122	f0	-0.035849954487091516	0.324981549168022	-0.907941483155	0.001869632568245	0.43741524345712457
fit-rw_free-run1-prior1	rw_free	run1	1.0	False	similar_minus_dissimilar	sub-124	f0	0.10732237988812418	0.38881558219132983	-0.5185119564122501	0.02425816327300001	1.1516065122609995
fit-rw_free-run1-prior1	rw_free	run1	1.0	False	similar_minus_dissimilar	sub-125	f0	-0.23441948084646333	1.182680836042196	-3.0031315442150004	-0.11262522721999968	1.9171136915329987
fit-rw_free-run1-prior1	rw_free	run1	1.0	False	similar_minus_dissimilar	sub-126	f0	0.02543550313255027	0.19320187240525014	-0.327792727192225	0.005685030411499953	0.485257613925124
fit-rw_free-run1-prior1	rw_free	run1	1.0	False	similar_minus_dissimilar	sub-127	f0	0.8093341260021333	1.0307382625778139	-0.7913021926775013	0.6337458624500005	3.2324827055449967
fit-rw_free-run1-prior1	rw_free	run1	1.0	False	similar_minus_dissimilar	sub-128	f0	-0.008100336613250027	0.13706973629958535	-0.3368877700425001	0.0007565441499988168	0.2431731865074966
fit-rw_free-run1-prior1	rw_free	run1	1.0	False	similar_minus_dissimilar	sub-129	f0	0.024573536958620017	1.05435614917949	-2.160445598716249	0.05732107159499922	2.1057932063792486
fit-rw_free-run1-prior1	rw_free	run1	1.0	False	similar_minus_dissimilar	sub-130	f0	0.009942020828138417	0.1747162269064988	-0.34466303089777506	0.0033902285519149993	0.3832306991686248
fit-rw_free-run1-prior1	rw_free	run1	1.0	False	similar_minus_dissimilar	sub-132	f0	0.0013291072070267097	0.2372861873489089	-0.5406721880574	0.004147098699700001	0.4705751819382
fit-rw_free-run1-prior1	rw_free	run1	1.0	False	similar_minus_dissimilar	sub-133	f0	0.004219403874608454	0.23963261339366407	-0.5068524002316751	0.003863943494000044	0.47685822741694994
fit-rw_free-run1-prior1	rw_free	run1	1.0	False	similar_minus_dissimilar	sub-134	f0	0.008952628590385685	0.45654270309626976	-0.99508752319525	0.011788089991499995	0.9490134283474992
fit-rw_free-run1-prior1	rw_free	run1	1.0	False	similar_minus_dissimilar	sub-135	f0	0.08153991548413335	0.38147566810174344	-0.5505287062224994	0.02146643775000001	0.9982238194624999
fit-rw_free-run1-prior1	rw_free	run1	1.0	False	similar_minus_dissimilar	sub-136	f0	0.3979375465476333	1.007188583416069	-1.5155796029087496	0.33085759928499936	2.5553043353974996
fit-rw_free-run1-prior1	rw_free	run1	1.0	False	similar_minus_dissimilar	sub-137	f0	-0.3180114849680783	0.9885220664778083	-2.3769457299600005	-0.23726598645000063	1.4394773980274989
fit-rw_free-run1-prior1	rw_free	run1	1.0	False	similar_minus_dissimilar	sub-138	f0	0.033024403848361576	0.8278416082243439	-1.7631419651084999	0.01288219144750001	1.799847887725999
fit-rw_free-run1-prior1	rw_free	run1	1.0	False	similar_minus_dissimilar	sub-140	f0	0.15120909664887844	0.8340237621717241	-1.5497326592322493	0.04626790553349974	2.113370291442749
fit-rw_free-run1-prior1	rw_free	run1	1.0	False	similar_minus_dissimilar	sub-141	f0	0.006117885829566353	0.18245276902852736	-0.399371707302425	0.0033504280783000044	0.38179914279540006
fit-rw_free-run1-prior1	rw_free	run1	1.0	False	similar_minus_dissimilar	sub-142	f0	0.030924868748676098	0.24575883032569168	-0.4305184702459251	0.00627413736765	0.6125620990894993
fit-rw_free-run1-prior1	rw_free	run1	1.0	False	similar_minus_dissimilar	sub-143	f0	-0.04455347092916058	0.577450422176356	-1.3910319861270006	0.0021711037187999993	1.065674781450999
fit-rw_free-run1-prior1	rw_free	run1	1.0	False	similar_minus_dissimilar	sub-144	f0	-0.09120639384349996	0.6937957164175097	-1.6744979899675017	-0.023761928949999955	1.2073379424975004
fit-rw_free-run1-prior1	rw_free	run1	1.0	False	similar_minus_dissimilar	sub-147	f0	0.28928829805519746	0.7498710528021482	-0.9559013520239997	0.1275497752850001	2.13828453357375
fit-rw_free-run1-prior1	rw_free	run1	1.0	False	similar_minus_dissimilar	sub-149	f0	-0.12136837569423277	0.605817272882313	-1.6982902639205002	-0.01125855390035	0.9011489057824962
fit-rw_free-run1-prior1	rw_free	run1	1.0	False	similar_minus_dissimilar	sub-150	f0	-0.27362055142352665	1.1241344247243579	-2.747024578771251	-0.17394213908999978	1.7921453064927495
fit-rw_free-run1-prior1	rw_free	run1	1.0	False	similar_minus_dissimilar	sub-151	f0	0.4136060185653984	0.9984890827717562	-1.4914593879000004	0.37797009300000006	2.500468026117497
fit-rw_free-run1-prior1	rw_free	run1	1.0	False	similar_minus_dissimilar	sub-152	f0	0.000499034614826141	0.23442093087504784	-0.5119766885864	0.0033795158176000775	0.47470433184134975
fit-rw_free-run1-prior1	rw_free	run1	1.0	False	similar_minus_dissimilar	sub-153	f0	0.2800898154769317	0.9601716252043663	-1.59722079213775	0.241907382465	2.358789971592247
fit-rw_free-run1-prior1	rw_free	run1	1.0	False	similar_minus_dissimilar	sub-154	f0	0.07991954942946665	0.7706397687872847	-1.5508176019600006	0.07794833950000069	1.6588692810799974
fit-rw_free-run1-prior1	rw_free	run1	1.0	False	similar_minus_dissimilar	sub-155	f0	0.008898864392549999	0.17252488891553192	-0.35765025079499824	0.00549772959999828	0.39552095411250043
fit-rw_free-run1-prior1	rw_free	run1	1.0	False	similar_minus_dissimilar	sub-156	f0	0.02162347410237162	0.1979115913437852	-0.362874839278675	0.004174911689100006	0.4654493027983499
fit-rw_free-run1-prior1	rw_free	run1	1.0	False	similar_minus_dissimilar	sub-157	f0	0.04433891138707567	0.8301238500412289	-1.67736679984975	0.03210490756849971	1.7757854769814974
fit-rw_free-run1-prior1	rw_free	run1	1.0	False	similar_minus_dissimilar	sub-158	f0	-0.24205680230686663	0.8142078543960327	-2.1074487910175024	-0.15534859509999954	1.1702952859799995
fit-rw_free-run1-prior1	rw_free	run1	1.0	False	similar_minus_dissimilar	sub-159	f0	0.12232654312683337	0.5984749289824941	-1.0845221937625011	0.11022715120000015	1.347211761774999
fit-rw_free-run1-prior1	rw_free	run1	1.0	False	similar_minus_dissimilar	sample_mean	f0	0.05175942524549955	0.32828674638353444	-0.5562559250122504	0.04006642578910031	0.7575745598697294
fit-rw_free-run1-prior1	rw_free	run1	1.0	False	similar_minus_dissimilar	sub-104	epsilon	-0.0003812946311351698	0.005183779156639132	-0.010949362153106499	-8.977395218200004e-05	0.00925923797157325
fit-rw_free-run1-prior1	rw_free	run1	1.0	False	similar_minus_dissimilar	sub-105	epsilon	-0.0033995921998958506	0.019255871863138593	-0.05151935963340999	-0.0003306815683245	0.024863753414582728
fit-rw_free-run1-prior1	rw_free	run1	1.0	False	similar_minus_dissimilar	sub-106	epsilon	-2.9064889775540704e-05	0.004006234491796314	-0.008064398298717001	-8.46531126880001e-05	0.009138051667683994
fit-rw_free-run1-prior1	rw_free	run1	1.0	False	similar_minus_dissimilar	sub-107	epsilon	0.003370702736508606	0.01485788871733223	-0.011575584980385	-1.3689831925950035e-05	0.043466356235059955
fit-rw_free-run1-prior1	rw_free	run1	1.0	False	similar_minus_dissimilar	sub-108	epsilon	0.005541544340253254	0.02018950217275345	-0.014616695049978251	-5.814142590000065e-06	0.06642932083154748
fit-rw_free-run1-prior1	rw_free	run1	1.0	False	similar_minus_dissimilar	sub-109	epsilon	-0.00028338858837793554	0.004700026417620767	-0.010767333247575001	-9.41712532675e-05	0.00938277199037898
fit-rw_free-run1-prior1	rw_free	run1	1.0	False	similar_minus_dissimilar	sub-110	epsilon	-0.0014725066191059624	0.008182448951467533	-0.02114242624464	-0.00017694152631900003	0.009472997569398497
fit-rw_free-run1-prior1	rw_free	run1	1.0	False	similar_minus_dissimilar	sub-111	epsilon	-0.026979327729012355	0.028432274334390734	-0.092991188448805	-0.02370693533415	0.018403695680043484
fit-rw_free-run1-prior1	rw_free	run1	1.0	False	similar_minus_dissimilar	sub-112	epsilon	-0.0025720888687616613	0.042140306663268644	-0.10074527426545	-0.0001931637315049999	0.08135958763055733
fit-rw_free-run1-prior1	rw_free	run1	1.0	False	similar_minus_dissimilar	sub-113	epsilon	-0.0030148958002500733	0.02014926101129716	-0.051856483367565	-0.00047830220165950003	0.036790565412294994
fit-rw_free-run1-prior1	rw_free	run1	1.0	False	similar_minus_dissimilar	sub-115	epsilon	-0.0015014154974409876	0.027694996853164407	-0.04990455002589	-0.00014115944834850006	0.03874149299001749
fit-rw_free-run1-prior1	rw_free	run1	1.0	False	similar_minus_dissimilar	sub-116	epsilon	0.00010929530577032996	0.0023805329480476515	-0.00404377287959625	-3.607177307530001e-05	0.005887016036094995
fit-rw_free-run1-prior1	rw_free	run1	1.0	False	similar_minus_dissimilar	sub-117	epsilon	-0.003795631235205973	0.056444262759468095	-0.14262505503467252	-0.00024463354081300003	0.11589269469294491
fit-rw_free-run1-prior1	rw_free	run1	1.0	False	similar_minus_dissimilar	sub-118	epsilon	0.001803672020193505	0.01464464116380062	-0.015779889798177498	-9.273565210999999e-05	0.036049703720354966
fit-rw_free-run1-prior1	rw_free	run1	1.0	False	similar_minus_dissimilar	sub-121	epsilon	-0.005516225988068472	0.040067949273202993	-0.1158544456845625	-0.00024115203501300092	0.06657825387789458
fit-rw_free-run1-prior1	rw_free	run1	1.0	False	similar_minus_dissimilar	sub-122	epsilon	-0.0010347735119979105	0.007394609709002947	-0.016525763184852004	-9.478776329000004e-05	0.008724740407082245
fit-rw_free-run1-prior1	rw_free	run1	1.0	False	similar_minus_dissimilar	sub-124	epsilon	-0.0002815566826525311	0.023998879035518866	-0.04952027760634875	-0.00012517508334345	0.04848254881502324
fit-rw_free-run1-prior1	rw_free	run1	1.0	False	similar_minus_dissimilar	sub-125	epsilon	-0.00025211816911216027	0.01835416538439905	-0.039238120545802495	-0.00018727362453850003	0.04131093123094738
fit-rw_free-run1-prior1	rw_free	run1	1.0	False	similar_minus_dissimilar	sub-126	epsilon	0.00041935260079338217	0.003845688223087502	-0.0044194888888730004	-3.674411161340004e-05	0.008451967200869244
fit-rw_free-run1-prior1	rw_free	run1	1.0	False	similar_minus_dissimilar	sub-127	epsilon	-0.0005270639416372377	0.002777559071819615	-0.006653492366956751	-8.656019635100002e-05	0.003381217545473999
fit-rw_free-run1-prior1	rw_free	run1	1.0	False	similar_minus_dissimilar	sub-128	epsilon	-3.707456837383599e-05	0.0014047222540551087	-0.0028732460182002498	-3.451842109600001e-05	0.003133886584298749
fit-rw_free-run1-prior1	rw_free	run1	1.0	False	similar_minus_dissimilar	sub-129	epsilon	-0.001751036601772008	0.008843741093557057	-0.02536869872074	-0.0002114456368399999	0.013235139584687472
fit-rw_free-run1-prior1	rw_free	run1	1.0	False	similar_minus_dissimilar	sub-130	epsilon	-0.00021889918831564966	0.0031939636216349234	-0.006305367816036	-7.189674077700002e-05	0.005900209187617997
fit-rw_free-run1-prior1	rw_free	run1	1.0	False	similar_minus_dissimilar	sub-132	epsilon	-9.34604931645198e-05	0.006755427459035277	-0.011291663606686252	-7.568960223900003e-05	0.012675908293542999
fit-rw_free-run1-prior1	rw_free	run1	1.0	False	similar_minus_dissimilar	sub-133	epsilon	-0.0005373545774803283	0.004186018125934874	-0.0089829229673725	-8.636178170449998e-05	0.005326743000195998
fit-rw_free-run1-prior1	rw_free	run1	1.0	False	similar_minus_dissimilar	sub-134	epsilon	-0.0005933709036697653	0.00884949830793394	-0.017995788421989	-0.00010498752785295036	0.01447798708830899
fit-rw_free-run1-prior1	rw_free	run1	1.0	False	similar_minus_dissimilar	sub-135	epsilon	-0.0003633102046219127	0.002483078299135063	-0.005984535257260999	-5.5345207129800006e-05	0.0034302401096529965
fit-rw_free-run1-prior1	rw_free	run1	1.0	False	similar_minus_dissimilar	sub-136	epsilon	-0.0010191927151041843	0.009446937166402356	-0.02016277974865775	-0.0001542899770314999	0.015872200075592483
fit-rw_free-run1-prior1	rw_free	run1	1.0	False	similar_minus_dissimilar	sub-137	epsilon	0.0008916865972755231	0.0049723536196231875	-0.005361367211443251	-2.3589412223799997e-05	0.014748468962205743
fit-rw_free-run1-prior1	rw_free	run1	1.0	False	similar_minus_dissimilar	sub-138	epsilon	0.007379809902300961	0.06717496254430243	-0.11253103635005751	-0.00019613114906000045	0.18546906227649995
fit-rw_free-run1-prior1	rw_free	run1	1.0	False	similar_minus_dissimilar	sub-140	epsilon	-0.0009149278886742046	0.05301443827312193	-0.11803636404307505	-0.00013113521854094998	0.11456228482164997
fit-rw_free-run1-prior1	rw_free	run1	1.0	False	similar_minus_dissimilar	sub-141	epsilon	-0.00019062494013787537	0.003890268092000677	-0.007754265176339997	-6.132468835499992e-05	0.007649000931638493
fit-rw_free-run1-prior1	rw_free	run1	1.0	False	similar_minus_dissimilar	sub-142	epsilon	-0.00037741227081969326	0.00481404954591148	-0.010747651623966754	-6.754838899425002e-05	0.007471396280805001
fit-rw_free-run1-prior1	rw_free	run1	1.0	False	similar_minus_dissimilar	sub-143	epsilon	-0.0011213629742015125	0.015133245585941103	-0.0317807433224225	-0.0001447952754159975	0.02303437569910499
fit-rw_free-run1-prior1	rw_free	run1	1.0	False	similar_minus_dissimilar	sub-144	epsilon	-2.5307195828367916e-05	0.003217772169045503	-0.00670655295798675	-6.009225227849999e-05	0.007294307151018245
fit-rw_free-run1-prior1	rw_free	run1	1.0	False	similar_minus_dissimilar	sub-147	epsilon	0.0009747237463744494	0.01680010275926246	-0.029065896014459996	-5.385615461639999e-05	0.04052799952239924
fit-rw_free-run1-prior1	rw_free	run1	1.0	False	similar_minus_dissimilar	sub-149	epsilon	-0.00046227212803208337	0.01072304721458812	-0.016904532206240004	-8.138615101099999e-05	0.014850274477158242
fit-rw_free-run1-prior1	rw_free	run1	1.0	False	similar_minus_dissimilar	sub-150	epsilon	0.0012881977411323777	0.01698029783259363	-0.022187045988067512	-0.00013568620345	0.03931897892740997
fit-rw_free-run1-prior1	rw_free	run1	1.0	False	similar_minus_dissimilar	sub-151	epsilon	-8.317155214840986e-05	0.0023206929979204143	-0.00491828697346675	-5.302733360799995e-05	0.004969659429289896
fit-rw_free-run1-prior1	rw_free	run1	1.0	False	similar_minus_dissimilar	sub-152	epsilon	-0.0006109337430935442	0.009098007895708922	-0.017108170939147	-8.4137883563e-05	0.014647992607327496
fit-rw_free-run1-prior1	rw_free	run1	1.0	False	similar_minus_dissimilar	sub-153	epsilon	-0.0012534071491342319	0.0230288826744484	-0.045316984985325	-0.00014776052108800001	0.03688009571445494
fit-rw_free-run1-prior1	rw_free	run1	1.0	False	similar_minus_dissimilar	sub-154	epsilon	-0.0006665354417994234	0.0037050120006333308	-0.00965018307608	-0.00011117592428699996	0.005010280392711996
fit-rw_free-run1-prior1	rw_free	run1	1.0	False	similar_minus_dissimilar	sub-155	epsilon	-2.5225058449061654e-05	0.0012770172024717356	-0.00269667748661325	-3.1040915837000015e-05	0.0028741438749699992
fit-rw_free-run1-prior1	rw_free	run1	1.0	False	similar_minus_dissimilar	sub-156	epsilon	-7.670184451264635e-05	0.0030579077058861754	-0.0059417591273442745	-7.869074713400039e-05	0.006884688371573746
fit-rw_free-run1-prior1	rw_free	run1	1.0	False	similar_minus_dissimilar	sub-157	epsilon	-0.0008318746076232544	0.03434725320543846	-0.07350020344292	-0.00017393650488950002	0.07335487768488483
fit-rw_free-run1-prior1	rw_free	run1	1.0	False	similar_minus_dissimilar	sub-158	epsilon	0.0009567218945348961	0.004710052852973534	-0.005202905734882	-1.6768992651250002e-05	0.014051182912465486
fit-rw_free-run1-prior1	rw_free	run1	1.0	False	similar_minus_dissimilar	sub-159	epsilon	-0.00017153531972114762	0.0011665754891956289	-0.0029779345882587497	-4.53598245664e-05	0.0020584511876223697
fit-rw_free-run1-prior1	rw_free	run1	1.0	False	similar_minus_dissimilar	sample_mean	epsilon	-0.0008453240177440468	0.006608020007522792	-0.014123321948532998	-0.0010097528921500013	0.013197663945850611
fit-rw_free-run1-prior1	rw_free	run1	1.0	False	human_minus_computer	sub-104	alpha	0.0008255671176253948	0.052781442936202336	-0.10438065068812749	-0.0006650511024999806	0.11489902182562708
fit-rw_free-run1-prior1	rw_free	run1	1.0	False	human_minus_computer	sub-105	alpha	-0.0033897900285833338	0.0507515411869152	-0.1308651794493875	-0.0008954209757499609	0.09478883072266235
fit-rw_free-run1-prior1	rw_free	run1	1.0	False	human_minus_computer	sub-106	alpha	0.0006146067159296672	0.038181879150565985	-0.07729629545178747	-0.0006615692637500503	0.08323612060338739
fit-rw_free-run1-prior1	rw_free	run1	1.0	False	human_minus_computer	sub-107	alpha	-0.012617632530520666	0.06026607523378283	-0.191044193896075	-0.001725171965499983	0.08387880764508758
fit-rw_free-run1-prior1	rw_free	run1	1.0	False	human_minus_computer	sub-108	alpha	-0.009850376909010165	0.05900194709221233	-0.1746063401513125	-0.0014726021792499933	0.09087139341721232
fit-rw_free-run1-prior1	rw_free	run1	1.0	False	human_minus_computer	sub-109	alpha	0.0011853378398199988	0.05077818069437054	-0.09826245009827493	-0.0005454970489999766	0.11369094129207483
fit-rw_free-run1-prior1	rw_free	run1	1.0	False	human_minus_computer	sub-110	alpha	0.009721937975172084	0.058849602908930015	-0.07630804792012501	0.00012134370400002092	0.1744454342110998
fit-rw_free-run1-prior1	rw_free	run1	1.0	False	human_minus_computer	sub-111	alpha	0.006081201268529	0.05005909858058964	-0.07488380710998754	-0.00012615047400005297	0.13289119954713738
fit-rw_free-run1-prior1	rw_free	run1	1.0	False	human_minus_computer	sub-112	alpha	0.0022251837587397255	0.043557975637057864	-0.07546073647593754	-0.000590632084000009	0.09724476741346247
fit-rw_free-run1-prior1	rw_free	run1	1.0	False	human_minus_computer	sub-113	alpha	-0.003424708665060167	0.04222531074386158	-0.10630674452807509	-0.00116309943299997	0.07911735155512502
fit-rw_free-run1-prior1	rw_free	run1	1.0	False	human_minus_computer	sub-115	alpha	0.0018612455106106175	0.05206323232508729	-0.0988817654872624	-0.00029172333650007154	0.11758563904282499
fit-rw_free-run1-prior1	rw_free	run1	1.0	False	human_minus_computer	sub-116	alpha	-0.0008198684927710013	0.040608209122972985	-0.09222546175022497	-0.000815139763750028	0.08340073854468738
fit-rw_free-run1-prior1	rw_free	run1	1.0	False	human_minus_computer	sub-117	alpha	-0.00045877009374641655	0.044297568557682486	-0.09646892979730001	-0.0008856248957500035	0.091695312289175
fit-rw_free-run1-prior1	rw_free	run1	1.0	False	human_minus_computer	sub-118	alpha	0.0011512066304940833	0.05187438553836752	-0.11117487377472504	-0.0007625280642499788	0.12495097499951242
fit-rw_free-run1-prior1	rw_free	run1	1.0	False	human_minus_computer	sub-121	alpha	-0.01578185486200625	0.06805331413241611	-0.22492981981209997	-0.0021134876637500244	0.06982500837869994
fit-rw_free-run1-prior1	rw_free	run1	1.0	False	human_minus_computer	sub-122	alpha	0.0008666141041714082	0.05211048853290581	-0.10554494264529994	-0.00092316782925006	0.11342039465372485
fit-rw_free-run1-prior1	rw_free	run1	1.0	False	human_minus_computer	sub-124	alpha	0.0017594984403603818	0.047364761988277534	-0.08896540414040001	-0.000870322611249974	0.10903239727363737
fit-rw_free-run1-prior1	rw_free	run1	1.0	False	human_minus_computer	sub-125	alpha	0.005389279342710417	0.05706578992351985	-0.10256758440382498	-0.0001690448607500339	0.15413389775886235
fit-rw_free-run1-prior1	rw_free	run1	1.0	False	human_minus_computer	sub-126	alpha	0.0001706898344683526	0.05242408866133855	-0.11257223522699993	-0.0007545273839999478	0.10772421125307506
fit-rw_free-run1-prior1	rw_free	run1	1.0	False	human_minus_computer	sub-127	alpha	-0.0006575754258635003	0.037573062507980114	-0.08590416541113746	-0.000990610205250042	0.081104453148975
fit-rw_free-run1-prior1	rw_free	run1	1.0	False	human_minus_computer	sub-128	alpha	3.5698591877083575e-05	0.021985938141478957	-0.04421695829931247	-0.0006725791527500968	0.05078560338361245
fit-rw_free-run1-prior1	rw_free	run1	1.0	False	human_minus_computer	sub-129	alpha	0.0009609046105374174	0.043359166498542094	-0.09152297583476243	-0.0006013490497499552	0.10078240557416245
fit-rw_free-run1-prior1	rw_free	run1	1.0	False	human_minus_computer	sub-130	alpha	-0.0004311824987675177	0.05198725264392463	-0.1151981475991875	-0.00044130498674993524	0.10798444231902497
fit-rw_free-run1-prior1	rw_free	run1	1.0	False	human_minus_computer	sub-132	alpha	0.000167796541084525	0.05032359292507796	-0.10604154169183751	-0.00044530661274999606	0.10493464070289975
fit-rw_free-run1-prior1	rw_free	run1	1.0	False	human_minus_computer	sub-133	alpha	0.0002076762586632804	0.05087571687239728	-0.10542304295663749	-0.0007936928845000413	0.10851930256432468
fit-rw_free-run1-prior1	rw_free	run1	1.0	False	human_minus_computer	sub-134	alpha	0.0019088168418617834	0.050083724435818745	-0.09453384984592499	-0.00043160862000002354	0.11413897016612495
fit-rw_free-run1-prior1	rw_free	run1	1.0	False	human_minus_computer	sub-135	alpha	0.000589857040664166	0.031671343408849105	-0.06094887158172501	-0.0007727476780000075	0.07196827894918742
fit-rw_free-run1-prior1	rw_free	run1	1.0	False	human_minus_computer	sub-136	alpha	0.0029537183194696666	0.04232952981853622	-0.07283663078003745	-0.0005439220237499764	0.10094515388163677
fit-rw_free-run1-prior1	rw_free	run1	1.0	False	human_minus_computer	sub-137	alpha	-0.002250095993594667	0.04362795074765554	-0.10760502994544999	-0.0009485364707499389	0.08681740650877476
fit-rw_free-run1-prior1	rw_free	run1	1.0	False	human_minus_computer	sub-138	alpha	0.007913618570549067	0.06174841883565918	-0.08242448783747504	-7.748873649998655e-05	0.1593862165894123
fit-rw_free-run1-prior1	rw_free	run1	1.0	False	human_minus_computer	sub-140	alpha	0.0015888232400803253	0.052896255241384624	-0.11038314893188751	-0.0005991949077499559	0.12300076386382493
fit-rw_free-run1-prior1	rw_free	run1	1.0	False	human_minus_computer	sub-141	alpha	0.0007544428671778238	0.050926020985846546	-0.09934977775527501	-0.0006483209265000234	0.10749739029921257
fit-rw_free-run1-prior1	rw_free	run1	1.0	False	human_minus_computer	sub-142	alpha	0.0014134019502261843	0.052205413809976724	-0.10547253714060002	-0.0005842102329999821	0.1177428100717749
fit-rw_free-run1-prior1	rw_free	run1	1.0	False	human_minus_computer	sub-143	alpha	-0.0011425977171538166	0.048851444684378166	-0.10757029874331253	-0.0008329228557500401	0.0988219293462499
fit-rw_free-run1-prior1	rw_free	run1	1.0	False	human_minus_computer	sub-144	alpha	0.0003304438333404171	0.035484241665107975	-0.07596556352981253	-0.0007048090144999852	0.08327900275627488
fit-rw_free-run1-prior1	rw_free	run1	1.0	False	human_minus_computer	sub-147	alpha	0.0021392695531051173	0.051062072074210776	-0.09710335127523753	-0.00038178359275004015	0.11161892900818751
fit-rw_free-run1-prior1	rw_free	run1	1.0	False	human_minus_computer	sub-149	alpha	0.002272714520436866	0.050636619195826536	-0.09556541440234995	-0.00032023210000003965	0.11395966286318744
fit-rw_free-run1-prior1	rw_free	run1	1.0	False	human_minus_computer	sub-150	alpha	0.00020814796843469238	0.050591540716216334	-0.11328678533998747	-0.00046741902025010384	0.10691214490706245
fit-rw_free-run1-prior1	rw_free	run1	1.0	False	human_minus_computer	sub-151	alpha	0.006026823823556249	0.0440330007269955	-0.06720969302940008	-1.1967649500066457e-05	0.11797289583621245
fit-rw_free-run1-prior1	rw_free	run1	1.0	False	human_minus_computer	sub-152	alpha	-0.00019959001886331987	0.0518772127274287	-0.1058288054885125	-0.0008946377190000021	0.10684434972570002
fit-rw_free-run1-prior1	rw_free	run1	1.0	False	human_minus_computer	sub-153	alpha	-0.0048551879793517	0.048978124252765064	-0.1225030780430375	-0.001010914671249974	0.0779919693975249
fit-rw_free-run1-prior1	rw_free	run1	1.0	False	human_minus_computer	sub-154	alpha	0.006687954805644085	0.045135576609708544	-0.06612808529587497	7.804620375001514e-05	0.13007188616364998
fit-rw_free-run1-prior1	rw_free	run1	1.0	False	human_minus_computer	sub-155	alpha	0.0020812317037765824	0.023949906987153317	-0.040298084979162464	-0.00037763505900001437	0.06114669606122491
fit-rw_free-run1-prior1	rw_free	run1	1.0	False	human_minus_computer	sub-156	alpha	0.0006416782648117455	0.050224763181079934	-0.10608087516464997	-0.00035526206775005065	0.11089394967897456
fit-rw_free-run1-prior1	rw_free	run1	1.0	False	human_minus_computer	sub-157	alpha	0.004911048788077517	0.053470766759800246	-0.07596204681185005	-0.0003174021007500416	0.12297190851227488
fit-rw_free-run1-prior1	rw_free	run1	1.0	False	human_minus_computer	sub-158	alpha	-0.0029820387435584147	0.04127703381082597	-0.101743237856175	-0.0010207039932499384	0.08440296832815002
fit-rw_free-run1-prior1	rw_free	run1	1.0	False	human_minus_computer	sub-159	alpha	0.007669443784580001	0.042625870446459595	-0.05584966038847499	3.52521870000122e-05	0.12517001392928745
fit-rw_free-run1-prior1	rw_free	run1	1.0	False	human_minus_computer	sample_mean	alpha	0.0005203108608028677	0.03135537443831214	-0.06381482339930665	-0.0005344580271212843	0.07023387711164603
fit-rw_free-run1-prior1	rw_free	run1	1.0	False	human_minus_computer	sub-104	gamma	0.006840052559407336	0.040238635670315694	-0.06713191097998746	0.0012885333617499994	0.1043276509858874
fit-rw_free-run1-prior1	rw_free	run1	1.0	False	human_minus_computer	sub-105	gamma	0.0047806790988235	0.10132312024950865	-0.21939389113392505	0.0032763433447499657	0.21199881303393756
fit-rw_free-run1-prior1	rw_free	run1	1.0	False	human_minus_computer	sub-106	gamma	0.011316031891638417	0.04863962336054354	-0.062241113795125015	0.0015295924737499522	0.13508982635704994
fit-rw_free-run1-prior1	rw_free	run1	1.0	False	human_minus_computer	sub-107	gamma	0.09165687913873216	0.123221286580914	-0.12388219607558747	0.07633371687149998	0.36793073619452477
fit-rw_free-run1-prior1	rw_free	run1	1.0	False	human_minus_computer	sub-108	gamma	0.05137392847803083	0.10534793448124309	-0.14124841471228738	0.030734206994249946	0.29096536113683746
fit-rw_free-run1-prior1	rw_free	run1	1.0	False	human_minus_computer	sub-109	gamma	0.010746466140161167	0.049834303980382896	-0.07257314643417498	0.0014324899664999169	0.14464941803842485
fit-rw_free-run1-prior1	rw_free	run1	1.0	False	human_minus_computer	sub-110	gamma	0.12651565997936476	0.1428561217654096	-0.07804066839262505	0.09706681801225	0.4682839409224745
fit-rw_free-run1-prior1	rw_free	run1	1.0	False	human_minus_computer	sub-111	gamma	0.014786177332730499	0.06607484116291926	-0.10162422938093754	0.0023781249764999735	0.17922567417826246
fit-rw_free-run1-prior1	rw_free	run1	1.0	False	human_minus_computer	sub-112	gamma	0.01314851322472975	0.05204879159957218	-0.07256416506320003	0.002361709163750003	0.15145841255117493
fit-rw_free-run1-prior1	rw_free	run1	1.0	False	human_minus_computer	sub-113	gamma	0.016728831238186997	0.05900624496852414	-0.08263812246205	0.0030613053519999434	0.1712433166941624
fit-rw_free-run1-prior1	rw_free	run1	1.0	False	human_minus_computer	sub-115	gamma	0.01759761104661064	0.04213302919939896	-0.08245943183421502	0.019069013484275005	0.09454974088068376
fit-rw_free-run1-prior1	rw_free	run1	1.0	False	human_minus_computer	sub-116	gamma	0.010028229980062416	0.04753747094661029	-0.06592276320553742	0.00164666410825004	0.13423854354263753
fit-rw_free-run1-prior1	rw_free	run1	1.0	False	human_minus_computer	sub-117	gamma	0.007228137389835251	0.043427496446838756	-0.07561772072822492	0.001327775922249974	0.11647469250192512
fit-rw_free-run1-prior1	rw_free	run1	1.0	False	human_minus_computer	sub-118	gamma	0.13218642554059926	0.09376214755531465	-0.03433033483095	0.12509234688639997	0.3307166220467374
fit-rw_free-run1-prior1	rw_free	run1	1.0	False	human_minus_computer	sub-121	gamma	0.01831874454970375	0.08571222738787755	-0.15479035467131252	0.006352796434750008	0.22349999128403733
fit-rw_free-run1-prior1	rw_free	run1	1.0	False	human_minus_computer	sub-122	gamma	0.02767173238934625	0.08423506651982464	-0.12552671644452498	0.008712617911249998	0.24247745086471237
fit-rw_free-run1-prior1	rw_free	run1	1.0	False	human_minus_computer	sub-124	gamma	0.007270738708557166	0.044326785307183585	-0.07820881089375001	0.0013410341835000117	0.1179001931789125
fit-rw_free-run1-prior1	rw_free	run1	1.0	False	human_minus_computer	sub-125	gamma	0.021770130819283907	0.12410617067901905	-0.25789104830146253	0.024423875290249947	0.2569535867280124
fit-rw_free-run1-prior1	rw_free	run1	1.0	False	human_minus_computer	sub-126	gamma	0.008422884680456082	0.04191560482783795	-0.06652288288254993	0.001688320891749917	0.1117233445668749
fit-rw_free-run1-prior1	rw_free	run1	1.0	False	human_minus_computer	sub-127	gamma	0.0061173797995949155	0.051576650638626306	-0.10476059554967496	0.0014095757382500684	0.12715021495842477
fit-rw_free-run1-prior1	rw_free	run1	1.0	False	human_minus_computer	sub-128	gamma	0.005444448886800999	0.049327585824568504	-0.10074804841717494	0.0012300295647499904	0.1190257071681625
fit-rw_free-run1-prior1	rw_free	run1	1.0	False	human_minus_computer	sub-129	gamma	0.016639466934017084	0.0630672419824001	-0.08445016501186246	0.0026790729240000477	0.18575019290458744
fit-rw_free-run1-prior1	rw_free	run1	1.0	False	human_minus_computer	sub-130	gamma	0.032419972503861416	0.08214573974294388	-0.06806092094928748	0.005276137750749976	0.2758373856994126
fit-rw_free-run1-prior1	rw_free	run1	1.0	False	human_minus_computer	sub-132	gamma	0.007642957978411248	0.040914592156613895	-0.06484721362306246	0.001470273547750034	0.10828933916303723
fit-rw_free-run1-prior1	rw_free	run1	1.0	False	human_minus_computer	sub-133	gamma	0.0046806767974361665	0.04532138168668367	-0.08372159054489998	0.0011495532179999768	0.10768700861848741
fit-rw_free-run1-prior1	rw_free	run1	1.0	False	human_minus_computer	sub-134	gamma	0.022777633138838915	0.06891171443480713	-0.08756093021045006	0.0043415172464999485	0.20564425165852462
fit-rw_free-run1-prior1	rw_free	run1	1.0	False	human_minus_computer	sub-135	gamma	0.0022758567843217834	0.12871718124529047	-0.3060684885782875	0.021408616318175006	0.20481899055834618
fit-rw_free-run1-prior1	rw_free	run1	1.0	False	human_minus_computer	sub-136	gamma	0.007514731897609084	0.04134601758605968	-0.06433181443026252	0.0011488073582499037	0.10780004022206181
fit-rw_free-run1-prior1	rw_free	run1	1.0	False	human_minus_computer	sub-137	gamma	0.010187211104626667	0.05003343761799619	-0.07838553590261242	0.0018713132437500613	0.13830286963821253
fit-rw_free-run1-prior1	rw_free	run1	1.0	False	human_minus_computer	sub-138	gamma	0.011809827279129692	0.13334886747472058	-0.29657907720408744	0.01909921978125001	0.2611591683924625
fit-rw_free-run1-prior1	rw_free	run1	1.0	False	human_minus_computer	sub-140	gamma	-0.0018645766349520254	0.12975035405529337	-0.3102208259393375	0.015034008120499986	0.20717479057138716
fit-rw_free-run1-prior1	rw_free	run1	1.0	False	human_minus_computer	sub-141	gamma	0.026818022441910998	0.07180088066420402	-0.0698860773993375	0.004820165886749994	0.2301432585585498
fit-rw_free-run1-prior1	rw_free	run1	1.0	False	human_minus_computer	sub-142	gamma	0.004103436714880082	0.042603178265985135	-0.08815607908217495	0.001192691760249942	0.09736416136363742
fit-rw_free-run1-prior1	rw_free	run1	1.0	False	human_minus_computer	sub-143	gamma	0.006112708104571499	0.05058641831472414	-0.09826957382096252	0.0013852111832500236	0.12799405359883717
fit-rw_free-run1-prior1	rw_free	run1	1.0	False	human_minus_computer	sub-144	gamma	0.006449128696862417	0.04322066072295034	-0.08031256756590008	0.0012433304690001035	0.10773058817918742
fit-rw_free-run1-prior1	rw_free	run1	1.0	False	human_minus_computer	sub-147	gamma	0.11472480414026782	0.12945039360411242	-0.10279577236195002	0.09709669495849996	0.41396259158936227
fit-rw_free-run1-prior1	rw_free	run1	1.0	False	human_minus_computer	sub-149	gamma	0.005345548717951417	0.052053258695494674	-0.10544222592504994	0.0012483778157499903	0.1283624594443748
fit-rw_free-run1-prior1	rw_free	run1	1.0	False	human_minus_computer	sub-150	gamma	0.009554407344965333	0.0773959032490953	-0.156341939928875	0.0024593976110000026	0.18542019318272498
fit-rw_free-run1-prior1	rw_free	run1	1.0	False	human_minus_computer	sub-151	gamma	0.011105299091962497	0.05017430796548046	-0.07385053252512493	0.001935700552749997	0.1434062374519994
fit-rw_free-run1-prior1	rw_free	run1	1.0	False	human_minus_computer	sub-152	gamma	0.005316622038313833	0.039109345441561486	-0.07229985041841248	0.0012867522804999587	0.09861110470198742
fit-rw_free-run1-prior1	rw_free	run1	1.0	False	human_minus_computer	sub-153	gamma	0.01402821335551258	0.054160606004913237	-0.06750183044347503	0.0020680895765000096	0.15639678145876226
fit-rw_free-run1-prior1	rw_free	run1	1.0	False	human_minus_computer	sub-154	gamma	-0.0030356057770370495	0.12935404596547617	-0.2914825931560625	0.008423691736750005	0.2257694877393248
fit-rw_free-run1-prior1	rw_free	run1	1.0	False	human_minus_computer	sub-155	gamma	0.005652650689211666	0.04501290609163192	-0.08252370873648762	0.0010765252647499945	0.11431773656242476
fit-rw_free-run1-prior1	rw_free	run1	1.0	False	human_minus_computer	sub-156	gamma	0.009241703497071	0.04348047733090092	-0.06325610570219993	0.0013114778284999407	0.11752607031834988
fit-rw_free-run1-prior1	rw_free	run1	1.0	False	human_minus_computer	sub-157	gamma	0.012377382248899668	0.05868764257443542	-0.09255156706172486	0.0022914545315000368	0.1603826032992625
fit-rw_free-run1-prior1	rw_free	run1	1.0	False	human_minus_computer	sub-158	gamma	0.013875067821939917	0.061947973011299534	-0.08876421310132504	0.002477414377499987	0.17873301442077483
fit-rw_free-run1-prior1	rw_free	run1	1.0	False	human_minus_computer	sub-159	gamma	0.007498067852450416	0.07079042314235236	-0.1481475738491626	0.0016209336982501155	0.1772234213798624
fit-rw_free-run1-prior1	rw_free	run1	1.0	False	human_minus_computer	sample_mean	gamma	0.020706402077355114	0.028306222288060488	-0.03310844052350254	0.0202463972122798	0.07733160785671088
fit-rw_free-run1-prior1	rw_free	run1	1.0	False	human_minus_computer	sub-104	f0	0.002768974289018613	0.2241557936179931	-0.5032715925656625	0.0016387670494999451	0.49384984702749934
fit-rw_free-run1-prior1	rw_free	run1	1.0	False	human_minus_computer	sub-105	f0	-0.4926108002550233	1.377255541511518	-3.347925692466375	-0.4080234973299999	2.1220046733468747
fit-rw_free-run1-prior1	rw_free	run1	1.0	False	human_minus_computer	sub-106	f0	-0.11048797304519166	1.0935303458788161	-2.291298044274999	-0.09701802394999959	2.0912639073162507
fit-rw_free-run1-prior1	rw_free	run1	1.0	False	human_minus_computer	sub-107	f0	-1.1595317057908752	1.3276579710367333	-3.999468026262624	-1.0463470328	1.0547455146874942
fit-rw_free-run1-prior1	rw_free	run1	1.0	False	human_minus_computer	sub-108	f0	-0.8813145580816923	1.3149405896666801	-3.66948851691225	-0.7695598235674996	1.4911576933759987
fit-rw_free-run1-prior1	rw_free	run1	1.0	False	human_minus_computer	sub-109	f0	0.002262445416457052	0.4231667164372694	-1.0004048269849999	0.004819943429099988	0.9107497405309997
fit-rw_free-run1-prior1	rw_free	run1	1.0	False	human_minus_computer	sub-110	f0	0.7574942322381848	1.338269916441332	-1.7298568632977493	0.6841926282699995	3.5951607598766246
fit-rw_free-run1-prior1	rw_free	run1	1.0	False	human_minus_computer	sub-111	f0	0.7480614144023409	1.4087747068510574	-1.6962426356500004	0.5669614286749987	3.894634615883749
fit-rw_free-run1-prior1	rw_free	run1	1.0	False	human_minus_computer	sub-112	f0	0.3070984897678729	0.8506841052425276	-1.3106532823333754	0.2284218432424998	2.144494084209997
fit-rw_free-run1-prior1	rw_free	run1	1.0	False	human_minus_computer	sub-113	f0	-1.0203872508972	1.283493618093038	-3.8632350473011257	-0.8768060636000001	1.1755031177149986
fit-rw_free-run1-prior1	rw_free	run1	1.0	False	human_minus_computer	sub-115	f0	0.0009921866627493104	1.2114312824661806	-2.643549644668125	0.0022498335852899993	2.693134505467498
fit-rw_free-run1-prior1	rw_free	run1	1.0	False	human_minus_computer	sub-116	f0	-0.152079783192415	1.0247968954968654	-2.198404422379998	-0.14813997872500018	1.8866179128299978
fit-rw_free-run1-prior1	rw_free	run1	1.0	False	human_minus_computer	sub-117	f0	-0.07620477448061189	0.7292936287778378	-1.5816652188266251	-0.03783283268999993	1.3930292227531245
fit-rw_free-run1-prior1	rw_free	run1	1.0	False	human_minus_computer	sub-118	f0	-0.01906172791649608	1.5554687318139169	-3.1234187131481264	-0.059073751137499464	3.2539635365307467
fit-rw_free-run1-prior1	rw_free	run1	1.0	False	human_minus_computer	sub-121	f0	-2.3563977156626517	1.843700942728978	-5.925367139998374	-2.3523900610624997	0.746975542326248
fit-rw_free-run1-prior1	rw_free	run1	1.0	False	human_minus_computer	sub-122	f0	0.029972865118064268	0.30216165628422126	-0.5211958869529999	0.004967618917075017	0.7040837353480746
fit-rw_free-run1-prior1	rw_free	run1	1.0	False	human_minus_computer	sub-124	f0	0.05474643142928453	0.4132050833088683	-0.8062971213703751	0.018128623595100014	1.0029267023515736
fit-rw_free-run1-prior1	rw_free	run1	1.0	False	human_minus_computer	sub-125	f0	0.61347652709114	1.3690203068793068	-1.9219331563285003	0.49900639115	3.610062463064
fit-rw_free-run1-prior1	rw_free	run1	1.0	False	human_minus_computer	sub-126	f0	-0.024738275841564787	0.2531040731567481	-0.6244530004371251	0.00020031158442500134	0.4193991364736499
fit-rw_free-run1-prior1	rw_free	run1	1.0	False	human_minus_computer	sub-127	f0	-0.25689303887090004	0.8740847911081244	-2.0473537327724993	-0.23157263755000024	1.4444590378275
fit-rw_free-run1-prior1	rw_free	run1	1.0	False	human_minus_computer	sub-128	f0	-0.0024489304602083387	0.15285377851482218	-0.327914512723747	-0.0012704121249988987	0.34643554365500046
fit-rw_free-run1-prior1	rw_free	run1	1.0	False	human_minus_computer	sub-129	f0	-0.2696734098489316	1.151471330432189	-2.60753685308775	-0.24115467833000004	1.9373199625677493
fit-rw_free-run1-prior1	rw_free	run1	1.0	False	human_minus_computer	sub-130	f0	0.0018140194716533085	0.21474922491992265	-0.46246588721482496	0.0020699684348500008	0.43401125583724975
fit-rw_free-run1-prior1	rw_free	run1	1.0	False	human_minus_computer	sub-132	f0	-0.033559728920200406	0.30063246466713617	-0.8051071551319874	-0.00020762904800004922	0.49993440963279984
fit-rw_free-run1-prior1	rw_free	run1	1.0	False	human_minus_computer	sub-133	f0	0.031248721681389896	0.2663395253043692	-0.4979271378876875	0.006984375751549999	0.6848302647407497
fit-rw_free-run1-prior1	rw_free	run1	1.0	False	human_minus_computer	sub-134	f0	0.05464048241976545	0.5394183464801526	-1.1411797858578754	0.02501629595325	1.2040622460607482
fit-rw_free-run1-prior1	rw_free	run1	1.0	False	human_minus_computer	sub-135	f0	-0.014091442752483321	0.41136849242061263	-0.9282816269262502	-0.005187632275001519	0.8785312061750007
fit-rw_free-run1-prior1	rw_free	run1	1.0	False	human_minus_computer	sub-136	f0	0.8176868075453849	1.0113172283179692	-1.0346672673228745	0.7673714315624993	2.933093077127873
fit-rw_free-run1-prior1	rw_free	run1	1.0	False	human_minus_computer	sub-137	f0	-0.31113486757905084	1.0920729233606505	-2.55502153561125	-0.2789987008500008	1.7798001061524984
fit-rw_free-run1-prior1	rw_free	run1	1.0	False	human_minus_computer	sub-138	f0	0.793789430880222	1.3289966187336981	-0.9739224851842505	0.27722365974999996	4.1147520461698734
fit-rw_free-run1-prior1	rw_free	run1	1.0	False	human_minus_computer	sub-140	f0	0.08970990411966484	0.9420085383133855	-1.860516370512125	0.02680023197499981	2.2298927473409966
fit-rw_free-run1-prior1	rw_free	run1	1.0	False	human_minus_computer	sub-141	f0	0.023826466333688	0.20616834898078673	-0.37985521705214986	0.004170481249915003	0.5168430394152996
fit-rw_free-run1-prior1	rw_free	run1	1.0	False	human_minus_computer	sub-142	f0	0.08417133786056388	0.30425481532609283	-0.388804251852375	0.014955988948925004	0.8519798454904998
fit-rw_free-run1-prior1	rw_free	run1	1.0	False	human_minus_computer	sub-143	f0	-0.001037283785832398	0.6003540155590519	-1.2623244591943754	0.0013825011085424341	1.2461636814689998
fit-rw_free-run1-prior1	rw_free	run1	1.0	False	human_minus_computer	sub-144	f0	-0.05749425953333332	0.7415015187474328	-1.5575833698487473	-0.05457918947499962	1.399563377208749
fit-rw_free-run1-prior1	rw_free	run1	1.0	False	human_minus_computer	sub-147	f0	0.09697552917007413	0.7572712745544747	-1.5033943576468753	0.04050965405750029	1.7503023897593735
fit-rw_free-run1-prior1	rw_free	run1	1.0	False	human_minus_computer	sub-149	f0	0.18815533943914525	0.608567729177318	-0.9233772408657499	0.08286758596100008	1.5798483015766223
fit-rw_free-run1-prior1	rw_free	run1	1.0	False	human_minus_computer	sub-150	f0	0.28150485591721003	1.0897043296856843	-1.8243667438342492	0.22870262595500046	2.508746113129749
fit-rw_free-run1-prior1	rw_free	run1	1.0	False	human_minus_computer	sub-151	f0	1.0429070595951542	1.1745481360867498	-1.0987486745418746	0.98702038358	3.4474280234407493
fit-rw_free-run1-prior1	rw_free	run1	1.0	False	human_minus_computer	sub-152	f0	-0.003681910655490758	0.2693455634543666	-0.6332552030931125	0.0027300021493250008	0.5438340355852496
fit-rw_free-run1-prior1	rw_free	run1	1.0	False	human_minus_computer	sub-153	f0	-1.678513333527326	1.2963451008748863	-4.3716150231399995	-1.6271951293800009	0.6715280240462499
fit-rw_free-run1-prior1	rw_free	run1	1.0	False	human_minus_computer	sub-154	f0	0.47156703088929997	0.9733426811191009	-1.2373978887437522	0.3351854191000001	2.690013470586248
fit-rw_free-run1-prior1	rw_free	run1	1.0	False	human_minus_computer	sub-155	f0	0.02347976954219166	0.204185044353262	-0.38345930151000013	0.0027785213999997893	0.5212437867050013
fit-rw_free-run1-prior1	rw_free	run1	1.0	False	human_minus_computer	sub-156	f0	-0.005762267236207786	0.2445063641535859	-0.5524751439273374	0.0009688432542250026	0.46574681680542473
fit-rw_free-run1-prior1	rw_free	run1	1.0	False	human_minus_computer	sub-157	f0	0.7421728658435168	0.9900900221336398	-0.9466102154957499	0.6373764534200004	2.8478257513352503
fit-rw_free-run1-prior1	rw_free	run1	1.0	False	human_minus_computer	sub-158	f0	-0.26506189470116664	0.8775050067394775	-2.1051928948337495	-0.2229585997500001	1.466680789751247
fit-rw_free-run1-prior1	rw_free	run1	1.0	False	human_minus_computer	sub-159	f0	0.6710469905675667	0.9328819567835593	-0.8350384610725008	0.5255769670999992	2.8120714604000008
fit-rw_free-run1-prior1	rw_free	run1	1.0	False	human_minus_computer	sample_mean	f0	-0.02682120756049467	0.28630596441500145	-0.5886897622035986	-0.029009767192686064	0.5469349018172729
fit-rw_free-run1-prior1	rw_free	run1	1.0	False	human_minus_computer	sub-104	epsilon	0.0023336286300813	0.004412981936338441	-0.0020047067202091508	0.0009049373668499998	0.013869663000062493
fit-rw_free-run1-prior1	rw_free	run1	1.0	False	human_minus_computer	sub-105	epsilon	0.008570952778120068	0.017581763046545865	-0.004991354477110502	0.0022997854816994992	0.05702565816549495
fit-rw_free-run1-prior1	rw_free	run1	1.0	False	human_minus_computer	sub-106	epsilon	0.001847347722140342	0.0033551245647386115	-0.0021938747781345878	0.0007806219264555	0.011031265020502494
fit-rw_free-run1-prior1	rw_free	run1	1.0	False	human_minus_computer	sub-107	epsilon	0.005809396372117243	0.010375372886893051	-0.001815118170631475	0.0017594533884310003	0.035400642997027956
fit-rw_free-run1-prior1	rw_free	run1	1.0	False	human_minus_computer	sub-108	epsilon	0.00763562236687774	0.013684636184887848	-0.0024898876413246246	0.001984440668189999	0.04735756721158498
fit-rw_free-run1-prior1	rw_free	run1	1.0	False	human_minus_computer	sub-109	epsilon	0.0019591573296702186	0.004912877817958974	-0.0031117069026408753	0.0009315202518100001	0.012393533680613748
fit-rw_free-run1-prior1	rw_free	run1	1.0	False	human_minus_computer	sub-110	epsilon	0.002966382704509943	0.006738036642293819	-0.003127705397692382	0.0010652023046609997	0.01964027373661825
fit-rw_free-run1-prior1	rw_free	run1	1.0	False	human_minus_computer	sub-111	epsilon	0.02123574582878381	0.022675893099993814	-0.02834760546133249	0.022104974810435003	0.062146654896908744
fit-rw_free-run1-prior1	rw_free	run1	1.0	False	human_minus_computer	sub-112	epsilon	0.01649228598148509	0.042850146887203455	-0.044132311507424984	0.002913039610915	0.13608734865224487
fit-rw_free-run1-prior1	rw_free	run1	1.0	False	human_minus_computer	sub-113	epsilon	0.017215004957087682	0.02222104292452552	-0.0046259314030456244	0.008273865645	0.07567493628901874
fit-rw_free-run1-prior1	rw_free	run1	1.0	False	human_minus_computer	sub-115	epsilon	0.008980524706292379	0.03010112585557482	-0.0041269976737895	0.0014418237120049997	0.0860666545766499
fit-rw_free-run1-prior1	rw_free	run1	1.0	False	human_minus_computer	sub-116	epsilon	0.0009857617122175236	0.001976735068920131	-0.0016220354494283751	0.0005112102437392	0.0058217265385672465
fit-rw_free-run1-prior1	rw_free	run1	1.0	False	human_minus_computer	sub-117	epsilon	0.025427504630440426	0.06385445263116056	-0.028427383669356338	0.00266841426387	0.23048609637661216
fit-rw_free-run1-prior1	rw_free	run1	1.0	False	human_minus_computer	sub-118	epsilon	0.004366046680748356	0.010419567600806525	-0.006550945502507	0.0015932013531300005	0.030829130233725237
fit-rw_free-run1-prior1	rw_free	run1	1.0	False	human_minus_computer	sub-121	epsilon	0.03197260421532287	0.05034230159854245	-0.003961020179158625	0.008982616936352501	0.18164119912007484
fit-rw_free-run1-prior1	rw_free	run1	1.0	False	human_minus_computer	sub-122	epsilon	0.002907568452573701	0.006954783155539917	-0.0018477797668367503	0.0009278733101392501	0.019515923710072484
fit-rw_free-run1-prior1	rw_free	run1	1.0	False	human_minus_computer	sub-124	epsilon	0.012907984920304184	0.022319096602481842	-0.008016100009056625	0.005412450244265001	0.06809463970042548
fit-rw_free-run1-prior1	rw_free	run1	1.0	False	human_minus_computer	sub-125	epsilon	0.012869011350363724	0.016721706694737277	-0.006956166947075	0.007567733039850004	0.05508301552902249
fit-rw_free-run1-prior1	rw_free	run1	1.0	False	human_minus_computer	sub-126	epsilon	0.0012292920375198805	0.003197787250886975	-0.0018336392515962488	0.0006217580949097501	0.00735270221267565
fit-rw_free-run1-prior1	rw_free	run1	1.0	False	human_minus_computer	sub-127	epsilon	0.0010595124999406432	0.002000278680784664	-0.0012032874640740747	0.0005123993404144999	0.006220234135182357
fit-rw_free-run1-prior1	rw_free	run1	1.0	False	human_minus_computer	sub-128	epsilon	0.0007197066084078143	0.0011509831073053367	-0.0006034278857657502	0.000360503948796	0.003824353507914549
fit-rw_free-run1-prior1	rw_free	run1	1.0	False	human_minus_computer	sub-129	epsilon	0.0038171818522009606	0.007645895772956238	-0.005845132640411875	0.0014400896276877502	0.02465108746839998
fit-rw_free-run1-prior1	rw_free	run1	1.0	False	human_minus_computer	sub-130	epsilon	0.00132663661937489	0.002867250211326931	-0.0019413215698956255	0.0006562376752182497	0.007696469967038613
fit-rw_free-run1-prior1	rw_free	run1	1.0	False	human_minus_computer	sub-132	epsilon	0.002747959799481845	0.006021047366288017	-0.002003703377138988	0.000909381664779	0.018004947834852004
fit-rw_free-run1-prior1	rw_free	run1	1.0	False	human_minus_computer	sub-133	epsilon	0.0016998298412366317	0.004582024944918307	-0.00179217258497765	0.0007081480411030002	0.009940417178150118
fit-rw_free-run1-prior1	rw_free	run1	1.0	False	human_minus_computer	sub-134	epsilon	0.003507401690794243	0.007883115097575208	-0.0026188844200306246	0.0011702442890119999	0.022844040114921242
fit-rw_free-run1-prior1	rw_free	run1	1.0	False	human_minus_computer	sub-135	epsilon	0.0011064088133317222	0.0019332310060986445	-0.000804136243104975	0.0005015803735849997	0.006575764176090024
fit-rw_free-run1-prior1	rw_free	run1	1.0	False	human_minus_computer	sub-136	epsilon	0.0029085785816977843	0.009269766258946184	-0.007831633915879503	0.0012515953110355	0.02236971686395372
fit-rw_free-run1-prior1	rw_free	run1	1.0	False	human_minus_computer	sub-137	epsilon	0.0019327375206571519	0.003506534180549608	-0.0022570140799491253	0.0009334956139800004	0.011062308961044747
fit-rw_free-run1-prior1	rw_free	run1	1.0	False	human_minus_computer	sub-138	epsilon	0.03711543489496316	0.07280966138813773	-0.06769099181004751	0.012368505140687498	0.19886130619737
fit-rw_free-run1-prior1	rw_free	run1	1.0	False	human_minus_computer	sub-140	epsilon	0.022957759498922675	0.054845154109711323	-0.014462409558498875	0.0025013614140525	0.18809080375506748
fit-rw_free-run1-prior1	rw_free	run1	1.0	False	human_minus_computer	sub-141	epsilon	0.0018182129414108402	0.0032507241666299277	-0.001346363397674376	0.0007438009128349998	0.010699695244972622
fit-rw_free-run1-prior1	rw_free	run1	1.0	False	human_minus_computer	sub-142	epsilon	0.0021727147181138827	0.004252457597312692	-0.0012780018028593501	0.0008020438470042502	0.013522726933986826
fit-rw_free-run1-prior1	rw_free	run1	1.0	False	human_minus_computer	sub-143	epsilon	0.00629590945184812	0.013979750249425606	-0.0049055133484937515	0.0017836947964025	0.04065728502873746
fit-rw_free-run1-prior1	rw_free	run1	1.0	False	human_minus_computer	sub-144	epsilon	0.0017529574003581968	0.00275223849172929	-0.0012030506202378624	0.0008337542661875	0.00944295726527474
fit-rw_free-run1-prior1	rw_free	run1	1.0	False	human_minus_computer	sub-147	epsilon	0.007149983561841369	0.014013793620469324	-0.0044057593023738755	0.0019353322070875	0.04505300832567875
fit-rw_free-run1-prior1	rw_free	run1	1.0	False	human_minus_computer	sub-149	epsilon	0.00387124412178958	0.013234338232597077	-0.0018349926503798003	0.0010262073569560002	0.02766396988100042
fit-rw_free-run1-prior1	rw_free	run1	1.0	False	human_minus_computer	sub-150	epsilon	0.004942724423277504	0.012657526751160386	-0.007350685528463745	0.001589812531586	0.0371945279094362
fit-rw_free-run1-prior1	rw_free	run1	1.0	False	human_minus_computer	sub-151	epsilon	0.0009309641987706862	0.0020511639171998334	-0.001992794716926	0.0004918814612970001	0.005769049798066451
fit-rw_free-run1-prior1	rw_free	run1	1.0	False	human_minus_computer	sub-152	epsilon	0.00322558869173312	0.007384961399174301	-0.003114175888108875	0.000998138396858	0.021977932450368224
fit-rw_free-run1-prior1	rw_free	run1	1.0	False	human_minus_computer	sub-153	epsilon	0.010612745658947178	0.026690772180548907	-0.0034766769103213744	0.0018621148745767498	0.08716591673620491
fit-rw_free-run1-prior1	rw_free	run1	1.0	False	human_minus_computer	sub-154	epsilon	0.0015022340601709946	0.0027755809825557145	-0.0019306825174851255	0.0007264817985034999	0.009134033338424243
fit-rw_free-run1-prior1	rw_free	run1	1.0	False	human_minus_computer	sub-155	epsilon	0.0006489949042681692	0.0009917467806343375	-0.0007085890396672249	0.00036865806315199997	0.0033103395270143742
fit-rw_free-run1-prior1	rw_free	run1	1.0	False	human_minus_computer	sub-156	epsilon	0.0014252674823216982	0.0025580149343366384	-0.0016158895474783746	0.0007121417045525	0.008163963730094228
fit-rw_free-run1-prior1	rw_free	run1	1.0	False	human_minus_computer	sub-157	epsilon	0.014824682893171792	0.03489719539294594	-0.015151355100753754	0.0025655145016575	0.11300258311582365
fit-rw_free-run1-prior1	rw_free	run1	1.0	False	human_minus_computer	sub-158	epsilon	0.0020488468672173695	0.003175179897851576	-0.0018680643816893876	0.001069538743085	0.010586004913596365
fit-rw_free-run1-prior1	rw_free	run1	1.0	False	human_minus_computer	sub-159	epsilon	0.00047037039283773875	0.0010894355564796592	-0.0011786032745237376	0.00030379619133399997	0.0026502732760677497
fit-rw_free-run1-prior1	rw_free	run1	1.0	False	human_minus_computer	sample_mean	epsilon	0.007070306667356261	0.006708904756893238	-0.0033456920099892333	0.00617006104372912	0.022381455002841853
fit-rw_free_prior-full-prior1	rw_free_prior	full	1.0	False	similar_minus_dissimilar	sub-104	alpha	0.016893618454278118	0.07550698610661896	-0.11988058065889996	0.004768173068000037	0.20905934164914983
fit-rw_free_prior-full-prior1	rw_free_prior	full	1.0	False	similar_minus_dissimilar	sub-105	alpha	0.032675153083734	0.07860217404234977	-0.06980347168432498	0.007032747657999938	0.2613678695814247
fit-rw_free_prior-full-prior1	rw_free_prior	full	1.0	False	similar_minus_dissimilar	sub-106	alpha	0.012882439335386499	0.044896202504972296	-0.06765785365499999	0.00460660589750006	0.1327557093276748
fit-rw_free_prior-full-prior1	rw_free_prior	full	1.0	False	similar_minus_dissimilar	sub-107	alpha	-0.018223005103567332	0.08549734738775418	-0.2702032063521	0.0023082421539999953	0.099809249407925
fit-rw_free_prior-full-prior1	rw_free_prior	full	1.0	False	similar_minus_dissimilar	sub-108	alpha	-0.025119999455070503	0.0976713607943367	-0.33598280662947505	0.0019467361424999607	0.07679352205254986
fit-rw_free_prior-full-prior1	rw_free_prior	full	1.0	False	similar_minus_dissimilar	sub-109	alpha	0.016092541555566452	0.06205774363354508	-0.08448551106507494	0.004540125012000018	0.18467645255677498
fit-rw_free_prior-full-prior1	rw_free_prior	full	1.0	False	similar_minus_dissimilar	sub-110	alpha	0.05835723404209601	0.10207497561906653	-0.061665581295899975	0.01314920110950002	0.3312840268780997
fit-rw_free_prior-full-prior1	rw_free_prior	full	1.0	False	similar_minus_dissimilar	sub-111	alpha	0.080727161005128	0.1196571571426834	-0.051400381172174915	0.022257457501999978	0.3762824810786499
fit-rw_free_prior-full-prior1	rw_free_prior	full	1.0	False	similar_minus_dissimilar	sub-112	alpha	0.008156338496359	0.03330286866633671	-0.05221206394799996	0.0033384856154999865	0.08691969649392485
fit-rw_free_prior-full-prior1	rw_free_prior	full	1.0	False	similar_minus_dissimilar	sub-113	alpha	0.016749748777960666	0.0555605299740185	-0.08335155526889991	0.005337046777999954	0.16604063965454982
fit-rw_free_prior-full-prior1	rw_free_prior	full	1.0	False	similar_minus_dissimilar	sub-115	alpha	0.024336711006406594	0.08592755372955949	-0.11690116513097502	0.005028099764000038	0.2618412973507745
fit-rw_free_prior-full-prior1	rw_free_prior	full	1.0	False	similar_minus_dissimilar	sub-116	alpha	0.008666913113719166	0.041430869293096466	-0.07326508930195	0.003628895622500017	0.10786995229519988
fit-rw_free_prior-full-prior1	rw_free_prior	full	1.0	False	similar_minus_dissimilar	sub-117	alpha	0.012892422228806833	0.05202647361780016	-0.0748649548605251	0.004120766591999947	0.14624242937004994
fit-rw_free_prior-full-prior1	rw_free_prior	full	1.0	False	similar_minus_dissimilar	sub-118	alpha	0.004226087471486562	0.10167944969615299	-0.268978866559675	0.004560535772500041	0.21092258644764994
fit-rw_free_prior-full-prior1	rw_free_prior	full	1.0	False	similar_minus_dissimilar	sub-121	alpha	0.011888566488330667	0.06992260331311478	-0.154280372080175	0.004847030887500048	0.17781936412520002
fit-rw_free_prior-full-prior1	rw_free_prior	full	1.0	False	similar_minus_dissimilar	sub-122	alpha	0.016964624855576625	0.07674754315358748	-0.12621305252794998	0.004806536226000024	0.2162797665762499
fit-rw_free_prior-full-prior1	rw_free_prior	full	1.0	False	similar_minus_dissimilar	sub-124	alpha	0.0127503116505605	0.0603262163983033	-0.09299480945205002	0.0045102451094999885	0.15771593519962482
fit-rw_free_prior-full-prior1	rw_free_prior	full	1.0	False	similar_minus_dissimilar	sub-125	alpha	0.016413796486059836	0.06318008324909945	-0.10373257780235003	0.005132029406500038	0.1886351534445497
fit-rw_free_prior-full-prior1	rw_free_prior	full	1.0	False	similar_minus_dissimilar	sub-126	alpha	0.017305517307846394	0.07537140051727989	-0.11103967104070006	0.004330571373500014	0.2165145312050992
fit-rw_free_prior-full-prior1	rw_free_prior	full	1.0	False	similar_minus_dissimilar	sub-127	alpha	0.029563564681485167	0.058544987559228684	-0.034518776463999964	0.007368841685500005	0.2037083545836496
fit-rw_free_prior-full-prior1	rw_free_prior	full	1.0	False	similar_minus_dissimilar	sub-128	alpha	0.004655148431833168	0.017844522627193674	-0.029689261582250003	0.0023829540099999935	0.04723505827082502
fit-rw_free_prior-full-prior1	rw_free_prior	full	1.0	False	similar_minus_dissimilar	sub-129	alpha	0.01142083325536833	0.05338559428950845	-0.10025532790292499	0.0043054650670000805	0.14521845766407476
fit-rw_free_prior-full-prior1	rw_free_prior	full	1.0	False	similar_minus_dissimilar	sub-130	alpha	0.015941711936963393	0.07450427801007556	-0.12465242015087498	0.005144225543000036	0.2070601054443749
fit-rw_free_prior-full-prior1	rw_free_prior	full	1.0	False	similar_minus_dissimilar	sub-132	alpha	0.015819658697227817	0.07701993641438513	-0.1274771935198	0.004815971129000007	0.2123204244107995
fit-rw_free_prior-full-prior1	rw_free_prior	full	1.0	False	similar_minus_dissimilar	sub-133	alpha	0.01637880332289895	0.07603553875565926	-0.13143207985507505	0.004773312653000017	0.21381107244972433
fit-rw_free_prior-full-prior1	rw_free_prior	full	1.0	False	similar_minus_dissimilar	sub-134	alpha	0.016782357479194883	0.06712098488176299	-0.10398097894790996	0.004609341729999994	0.19077154170645005
fit-rw_free_prior-full-prior1	rw_free_prior	full	1.0	False	similar_minus_dissimilar	sub-135	alpha	0.012116098046832169	0.03292276247895097	-0.03662035827587497	0.0042329652339999635	0.10445533392425001
fit-rw_free_prior-full-prior1	rw_free_prior	full	1.0	False	similar_minus_dissimilar	sub-136	alpha	0.11180011859875488	0.1470341357092159	-0.06969443435869993	0.05172095254750003	0.4505471106372496
fit-rw_free_prior-full-prior1	rw_free_prior	full	1.0	False	similar_minus_dissimilar	sub-137	alpha	0.0025544137577950005	0.04641518015548537	-0.12289161637769999	0.0030759075145000425	0.09784880201672484
fit-rw_free_prior-full-prior1	rw_free_prior	full	1.0	False	similar_minus_dissimilar	sub-138	alpha	0.015025075983155832	0.06488663832132747	-0.09826532795745	0.00459253967100004	0.18484170064577438
fit-rw_free_prior-full-prior1	rw_free_prior	full	1.0	False	similar_minus_dissimilar	sub-140	alpha	0.019603616795359335	0.0759711319974834	-0.12053500080569998	0.005371332904500037	0.2239449856544247
fit-rw_free_prior-full-prior1	rw_free_prior	full	1.0	False	similar_minus_dissimilar	sub-141	alpha	0.014775814369056669	0.0725966597792139	-0.12469959720372499	0.004892551241999998	0.18911223288227463
fit-rw_free_prior-full-prior1	rw_free_prior	full	1.0	False	similar_minus_dissimilar	sub-142	alpha	0.018067163071545576	0.07508440696162645	-0.11851819389027513	0.0051527078409999705	0.21063292961732488
fit-rw_free_prior-full-prior1	rw_free_prior	full	1.0	False	similar_minus_dissimilar	sub-143	alpha	0.00550312650472565	0.06610934587317532	-0.150434856442075	0.0035735076224999163	0.14046301480132461
fit-rw_free_prior-full-prior1	rw_free_prior	full	1.0	False	similar_minus_dissimilar	sub-144	alpha	0.006412222572136334	0.035480897489254655	-0.06894518481917505	0.0032541083845000207	0.08900051080480008
fit-rw_free_prior-full-prior1	rw_free_prior	full	1.0	False	similar_minus_dissimilar	sub-147	alpha	0.014852176622583665	0.05324796768446802	-0.07272773326297502	0.004518983667999965	0.15235339136552425
fit-rw_free_prior-full-prior1	rw_free_prior	full	1.0	False	similar_minus_dissimilar	sub-149	alpha	0.007839226556688499	0.05762356589486088	-0.11549031168915003	0.0037985903694999767	0.12899248747529982
fit-rw_free_prior-full-prior1	rw_free_prior	full	1.0	False	similar_minus_dissimilar	sub-150	alpha	-0.025904879511534973	0.10945430032556581	-0.360769092336975	0.0021113036130000484	0.11939049046544997
fit-rw_free_prior-full-prior1	rw_free_prior	full	1.0	False	similar_minus_dissimilar	sub-151	alpha	0.018733526697295503	0.0522695862298123	-0.055156820846774944	0.0049348722525	0.17518096303322495
fit-rw_free_prior-full-prior1	rw_free_prior	full	1.0	False	similar_minus_dissimilar	sub-152	alpha	0.015479835075034393	0.076959685662674	-0.14239623630708498	0.004774092756499981	0.20701666525624937
fit-rw_free_prior-full-prior1	rw_free_prior	full	1.0	False	similar_minus_dissimilar	sub-153	alpha	0.009739346931895501	0.052546511651744135	-0.10312949494275003	0.003685676882000055	0.13281522174449995
fit-rw_free_prior-full-prior1	rw_free_prior	full	1.0	False	similar_minus_dissimilar	sub-154	alpha	0.010531641614301167	0.0438626204835775	-0.07955862652832509	0.003972638516499982	0.11526016952025
fit-rw_free_prior-full-prior1	rw_free_prior	full	1.0	False	similar_minus_dissimilar	sub-155	alpha	0.005152216668676667	0.017567672426546287	-0.02899298993827503	0.0025522178374999815	0.048154195682425
fit-rw_free_prior-full-prior1	rw_free_prior	full	1.0	False	similar_minus_dissimilar	sub-156	alpha	0.013871940790660005	0.07339995799644086	-0.13206334661567498	0.004819090618999988	0.20046222770409997
fit-rw_free_prior-full-prior1	rw_free_prior	full	1.0	False	similar_minus_dissimilar	sub-157	alpha	0.0088804565365635	0.03751985548225789	-0.053986643451650024	0.0035974874015000102	0.09867505913739999
fit-rw_free_prior-full-prior1	rw_free_prior	full	1.0	False	similar_minus_dissimilar	sub-158	alpha	0.0016292760848666662	0.0490870107642415	-0.13143497623684994	0.0029618022555000234	0.09483698407982467
fit-rw_free_prior-full-prior1	rw_free_prior	full	1.0	False	similar_minus_dissimilar	sub-159	alpha	0.0029982071164303334	0.04638136030606982	-0.11471443054217499	0.0031964575314999966	0.09972865726674995
fit-rw_free_prior-full-prior1	rw_free_prior	full	1.0	False	similar_minus_dissimilar	sample_mean	alpha	0.01542252935081826	0.03684032904425361	-0.0610965489054016	0.010626872522638295	0.09351714555548986
fit-rw_free_prior-full-prior1	rw_free_prior	full	1.0	False	similar_minus_dissimilar	sub-104	gamma	-0.0046457454801465	0.03755899352244824	-0.09252634238412501	-0.0007235995264999739	0.06604859999549992
fit-rw_free_prior-full-prior1	rw_free_prior	full	1.0	False	similar_minus_dissimilar	sub-105	gamma	-0.06987824542570867	0.1310034741509377	-0.381350041346	-0.03186609301400001	0.15429416139652496
fit-rw_free_prior-full-prior1	rw_free_prior	full	1.0	False	similar_minus_dissimilar	sub-106	gamma	-0.0001505993550963347	0.04580130431541921	-0.09802473095112504	-0.000462650758000005	0.10564804373002497
fit-rw_free_prior-full-prior1	rw_free_prior	full	1.0	False	similar_minus_dissimilar	sub-107	gamma	-0.0004680511252581677	0.1556905337912915	-0.307346721995425	0.0002769776809999902	0.31525498258995
fit-rw_free_prior-full-prior1	rw_free_prior	full	1.0	False	similar_minus_dissimilar	sub-108	gamma	-0.21774114316600116	0.17205986088821157	-0.5573313564362249	-0.21905460871600002	0.08286912245882491
fit-rw_free_prior-full-prior1	rw_free_prior	full	1.0	False	similar_minus_dissimilar	sub-109	gamma	-0.007256383753726666	0.05359393327814846	-0.1392817581461	-0.0009545768214999639	0.0973230233380497
fit-rw_free_prior-full-prior1	rw_free_prior	full	1.0	False	similar_minus_dissimilar	sub-110	gamma	0.022508252628372333	0.14257147941313789	-0.25898937691335	0.005243550184000023	0.33111691471384985
fit-rw_free_prior-full-prior1	rw_free_prior	full	1.0	False	similar_minus_dissimilar	sub-111	gamma	-0.003491826079974333	0.054976520784799116	-0.12704852262822508	-0.0007641388479999733	0.11708591139504998
fit-rw_free_prior-full-prior1	rw_free_prior	full	1.0	False	similar_minus_dissimilar	sub-112	gamma	-0.004354465051411499	0.0488585897318144	-0.11594865452545006	-0.0007434795030000774	0.09676016652325006
fit-rw_free_prior-full-prior1	rw_free_prior	full	1.0	False	similar_minus_dissimilar	sub-113	gamma	-0.011238051744031334	0.06064472752396886	-0.16916775331035003	-0.0012334350974999575	0.09954078348879981
fit-rw_free_prior-full-prior1	rw_free_prior	full	1.0	False	similar_minus_dissimilar	sub-115	gamma	-0.031620905014505096	0.05213723423009852	-0.13972132222703998	-0.02925685972875	0.07003183264159499
fit-rw_free_prior-full-prior1	rw_free_prior	full	1.0	False	similar_minus_dissimilar	sub-116	gamma	-0.0037846932562256666	0.04223488191318617	-0.10053472039375007	-0.0007193644470000482	0.07728291091999981
fit-rw_free_prior-full-prior1	rw_free_prior	full	1.0	False	similar_minus_dissimilar	sub-117	gamma	-0.0050202457561035006	0.03970010859696021	-0.10165830915149994	-0.0006693943325000173	0.06977328123424988
fit-rw_free_prior-full-prior1	rw_free_prior	full	1.0	False	similar_minus_dissimilar	sub-118	gamma	-0.0163154786942593	0.09922147690925333	-0.2351241066669	-0.010173493669000014	0.16270150572712486
fit-rw_free_prior-full-prior1	rw_free_prior	full	1.0	False	similar_minus_dissimilar	sub-121	gamma	-0.010268796996243	0.08976096545519922	-0.2278427979931001	-0.0017639891225000315	0.18413202546354956
fit-rw_free_prior-full-prior1	rw_free_prior	full	1.0	False	similar_minus_dissimilar	sub-122	gamma	0.03277310939612617	0.11318600707106748	-0.16616398280722502	0.00402581194649998	0.3211829185102999
fit-rw_free_prior-full-prior1	rw_free_prior	full	1.0	False	similar_minus_dissimilar	sub-124	gamma	-0.005298377067045499	0.040031094145757444	-0.10213874821155	-0.0007629207530000515	0.06990867673892492
fit-rw_free_prior-full-prior1	rw_free_prior	full	1.0	False	similar_minus_dissimilar	sub-125	gamma	-0.03755856811812717	0.14649176597701177	-0.33232140766490004	-0.036700010329	0.25443476855522495
fit-rw_free_prior-full-prior1	rw_free_prior	full	1.0	False	similar_minus_dissimilar	sub-126	gamma	-0.004697346588158166	0.03682786386267263	-0.09225712911757498	-0.0006202893620000371	0.0636066791558249
fit-rw_free_prior-full-prior1	rw_free_prior	full	1.0	False	similar_minus_dissimilar	sub-127	gamma	-0.0031835584765478324	0.041261693014632776	-0.09791400926805002	-0.0006058379170000294	0.084851157367225
fit-rw_free_prior-full-prior1	rw_free_prior	full	1.0	False	similar_minus_dissimilar	sub-128	gamma	-0.004052129202735166	0.04377217178847142	-0.10190384547142504	-0.0007336151374999766	0.08588447954917505
fit-rw_free_prior-full-prior1	rw_free_prior	full	1.0	False	similar_minus_dissimilar	sub-129	gamma	0.0018261402939211678	0.06687622138717815	-0.14835837121522505	-0.00036343010650002894	0.17141432731710005
fit-rw_free_prior-full-prior1	rw_free_prior	full	1.0	False	similar_minus_dissimilar	sub-130	gamma	-0.0050532645957100004	0.046673726536814474	-0.11260387284227492	-0.0007422682984999929	0.09021842497967499
fit-rw_free_prior-full-prior1	rw_free_prior	full	1.0	False	similar_minus_dissimilar	sub-132	gamma	-0.004342820372022999	0.03574119210931663	-0.09159111279197499	-0.0005746900564999602	0.0643427090943249
fit-rw_free_prior-full-prior1	rw_free_prior	full	1.0	False	similar_minus_dissimilar	sub-133	gamma	-0.004666974170572334	0.042293928761607806	-0.105139085144775	-0.0007666387680000386	0.08176960905129986
fit-rw_free_prior-full-prior1	rw_free_prior	full	1.0	False	similar_minus_dissimilar	sub-134	gamma	-0.005008634751273	0.05774602117056654	-0.14171019454302494	-0.0008627350210000384	0.1218350811468749
fit-rw_free_prior-full-prior1	rw_free_prior	full	1.0	False	similar_minus_dissimilar	sub-135	gamma	0.3729848817810435	0.17885893462579508	0.02405734190527499	0.37586048520250004	0.7017456442614748
fit-rw_free_prior-full-prior1	rw_free_prior	full	1.0	False	similar_minus_dissimilar	sub-136	gamma	0.005450706182247833	0.09593692706227129	-0.19913833170012507	-0.00025786334749999806	0.24846063522497427
fit-rw_free_prior-full-prior1	rw_free_prior	full	1.0	False	similar_minus_dissimilar	sub-137	gamma	-0.009956850471168498	0.049159097659162265	-0.134145965455625	-0.0014185111864999933	0.07553935851187499
fit-rw_free_prior-full-prior1	rw_free_prior	full	1.0	False	similar_minus_dissimilar	sub-138	gamma	-0.10703149245612527	0.14740266834016028	-0.4075297327906	-0.102785868191	0.1766906035873249
fit-rw_free_prior-full-prior1	rw_free_prior	full	1.0	False	similar_minus_dissimilar	sub-140	gamma	0.16419781237478948	0.15981771742854464	-0.131984013848075	0.15829419053	0.49279104056324996
fit-rw_free_prior-full-prior1	rw_free_prior	full	1.0	False	similar_minus_dissimilar	sub-141	gamma	-0.006062354907173501	0.04651158355484454	-0.11555884781832501	-0.0008851618394999927	0.0844170797870999
fit-rw_free_prior-full-prior1	rw_free_prior	full	1.0	False	similar_minus_dissimilar	sub-142	gamma	-0.0055858764770705	0.041349350264096814	-0.10948476139037493	-0.0007906129860000277	0.07567324545509993
fit-rw_free_prior-full-prior1	rw_free_prior	full	1.0	False	similar_minus_dissimilar	sub-143	gamma	-0.004960921885080167	0.05554513929416696	-0.140408486184725	-0.0008675069089999488	0.11480119911512492
fit-rw_free_prior-full-prior1	rw_free_prior	full	1.0	False	similar_minus_dissimilar	sub-144	gamma	-0.0027133992641206676	0.03989323613336382	-0.09333451898119999	-0.0005839590139999906	0.08104021858819987
fit-rw_free_prior-full-prior1	rw_free_prior	full	1.0	False	similar_minus_dissimilar	sub-147	gamma	-0.12770893114561366	0.15876911214850625	-0.453282717457925	-0.11765989262000004	0.16330227293852467
fit-rw_free_prior-full-prior1	rw_free_prior	full	1.0	False	similar_minus_dissimilar	sub-149	gamma	-0.0025912785167955	0.04441900785710292	-0.10369469754174998	-0.00053383352049996	0.08714161922182471
fit-rw_free_prior-full-prior1	rw_free_prior	full	1.0	False	similar_minus_dissimilar	sub-150	gamma	-0.04791840542614468	0.1098042652866945	-0.349062281789775	-0.009540927208500027	0.12262141060417467
fit-rw_free_prior-full-prior1	rw_free_prior	full	1.0	False	similar_minus_dissimilar	sub-151	gamma	-0.0051774694839555	0.04519824349405801	-0.11872052330472503	-0.0009306599300000218	0.0822118352161999
fit-rw_free_prior-full-prior1	rw_free_prior	full	1.0	False	similar_minus_dissimilar	sub-152	gamma	-0.005633586070623667	0.04523106723381321	-0.11266860212777498	-0.0008549502690000654	0.08248623297204982
fit-rw_free_prior-full-prior1	rw_free_prior	full	1.0	False	similar_minus_dissimilar	sub-153	gamma	0.0008254273096263338	0.050568068612483065	-0.10241960435700001	-0.0003719910584999986	0.12393594454732483
fit-rw_free_prior-full-prior1	rw_free_prior	full	1.0	False	similar_minus_dissimilar	sub-154	gamma	-0.263129475793601	0.1818865915383377	-0.6066910759808751	-0.267285880724	0.050463090757774935
fit-rw_free_prior-full-prior1	rw_free_prior	full	1.0	False	similar_minus_dissimilar	sub-155	gamma	-0.004667323408812501	0.039960870261258816	-0.10225273061682494	-0.0006933762874999361	0.07220106629769983
fit-rw_free_prior-full-prior1	rw_free_prior	full	1.0	False	similar_minus_dissimilar	sub-156	gamma	-0.0036407680460376663	0.034653835313384354	-0.07891469782762497	-0.0005865469584999672	0.061191674414299825
fit-rw_free_prior-full-prior1	rw_free_prior	full	1.0	False	similar_minus_dissimilar	sub-157	gamma	-0.010070725656519832	0.08004432697852196	-0.20577231906969995	-0.001658760054999986	0.15940166179027476
fit-rw_free_prior-full-prior1	rw_free_prior	full	1.0	False	similar_minus_dissimilar	sub-158	gamma	-0.00852222563893	0.073441512823487	-0.18773211779437496	-0.001250063384000022	0.14329284751984972
fit-rw_free_prior-full-prior1	rw_free_prior	full	1.0	False	similar_minus_dissimilar	sub-159	gamma	-0.23526954629653285	0.17936826057719107	-0.581618340857575	-0.23246966320550005	0.07161804881909983
fit-rw_free_prior-full-prior1	rw_free_prior	full	1.0	False	similar_minus_dissimilar	sample_mean	gamma	-0.01511001287700132	0.02230678770618631	-0.05812432293751815	-0.015297506535452126	0.028695066221114732
fit-rw_free_prior-full-prior1	rw_free_prior	full	1.0	False	similar_minus_dissimilar	sub-104	f0	-0.0418237560599634	0.16650501927496908	-0.44696719179199995	-0.015664206199500014	0.26738911315877484
fit-rw_free_prior-full-prior1	rw_free_prior	full	1.0	False	similar_minus_dissimilar	sub-105	f0	0.1303733994719967	1.191531265095073	-2.0382155102577486	0.019480518835000016	2.7241113419287477
fit-rw_free_prior-full-prior1	rw_free_prior	full	1.0	False	similar_minus_dissimilar	sub-106	f0	-0.2562796490251666	0.8049915770512069	-1.860743886642501	-0.2723919836000004	1.395304994202499
fit-rw_free_prior-full-prior1	rw_free_prior	full	1.0	False	similar_minus_dissimilar	sub-107	f0	-1.2532205555397433	1.152314029633321	-3.7696532668615013	-1.1296067252500004	0.6143859996774986
fit-rw_free_prior-full-prior1	rw_free_prior	full	1.0	False	similar_minus_dissimilar	sub-108	f0	-1.6033908255976066	1.2741281785350953	-4.24585639361725	-1.5188272974250006	0.5947923596674997
fit-rw_free_prior-full-prior1	rw_free_prior	full	1.0	False	similar_minus_dissimilar	sub-109	f0	-0.044718192003519355	0.39895523835270513	-0.82519725103175	-0.04807777833150008	0.8647124335912498
fit-rw_free_prior-full-prior1	rw_free_prior	full	1.0	False	similar_minus_dissimilar	sub-110	f0	0.34871596781210495	1.1222388901357323	-1.709870642047498	0.2697929341750003	2.6631357501117496
fit-rw_free_prior-full-prior1	rw_free_prior	full	1.0	False	similar_minus_dissimilar	sub-111	f0	0.14389699746648166	0.9550544470225033	-1.3735447466525008	-0.019269153799999827	2.523665886309998
fit-rw_free_prior-full-prior1	rw_free_prior	full	1.0	False	similar_minus_dissimilar	sub-112	f0	-0.06494763679655305	0.6114706171120002	-1.3069792346067501	-0.06337036473249998	1.3339071631992496
fit-rw_free_prior-full-prior1	rw_free_prior	full	1.0	False	similar_minus_dissimilar	sub-113	f0	0.03425546282511333	0.9119653194614481	-1.6271558867822498	-0.016800202500000694	1.9784283908619995
fit-rw_free_prior-full-prior1	rw_free_prior	full	1.0	False	similar_minus_dissimilar	sub-115	f0	-0.11952131072355833	0.788742552144887	-1.8105733271897504	-0.04794137747800001	1.7406809604147468
fit-rw_free_prior-full-prior1	rw_free_prior	full	1.0	False	similar_minus_dissimilar	sub-116	f0	-0.4199568267967434	0.77277939860697	-1.9729164969924995	-0.4175292417999996	1.101088361402501
fit-rw_free_prior-full-prior1	rw_free_prior	full	1.0	False	similar_minus_dissimilar	sub-117	f0	-0.11691247060443567	0.5385668069088632	-1.1649593143957504	-0.136363952485	1.0111742975814988
fit-rw_free_prior-full-prior1	rw_free_prior	full	1.0	False	similar_minus_dissimilar	sub-118	f0	-0.24224023476373918	0.6866352571037425	-2.101275426215	-0.059334557663	0.755638342726399
fit-rw_free_prior-full-prior1	rw_free_prior	full	1.0	False	similar_minus_dissimilar	sub-121	f0	-0.27467813483204	1.0811506889995874	-2.304173847019501	-0.32115877612499943	2.1157932798502452
fit-rw_free_prior-full-prior1	rw_free_prior	full	1.0	False	similar_minus_dissimilar	sub-122	f0	-0.05437917574042289	0.2285706680129899	-0.5878875344046749	-0.01769860556949998	0.3144226358539967
fit-rw_free_prior-full-prior1	rw_free_prior	full	1.0	False	similar_minus_dissimilar	sub-124	f0	-0.028603358468200384	0.33867924426826546	-0.733101659622	-0.02819627928899998	0.7681458698759986
fit-rw_free_prior-full-prior1	rw_free_prior	full	1.0	False	similar_minus_dissimilar	sub-125	f0	-0.39242362674038167	1.0151209911572174	-2.5052563743825	-0.37325133618000006	1.6425441162759942
fit-rw_free_prior-full-prior1	rw_free_prior	full	1.0	False	similar_minus_dissimilar	sub-126	f0	-0.024979100191546158	0.14786784241993503	-0.34209877536329997	-0.014587128232049995	0.29645210644489955
fit-rw_free_prior-full-prior1	rw_free_prior	full	1.0	False	similar_minus_dissimilar	sub-127	f0	0.4195602962839666	0.8149756913520277	-0.9674316142249988	0.32796191110000006	2.152381811175
fit-rw_free_prior-full-prior1	rw_free_prior	full	1.0	False	similar_minus_dissimilar	sub-128	f0	-0.026826145513283363	0.11740378936463837	-0.2830213505749999	-0.015070538450000726	0.1993667139949988
fit-rw_free_prior-full-prior1	rw_free_prior	full	1.0	False	similar_minus_dissimilar	sub-129	f0	-0.6827360075442117	0.8679296113320097	-2.4661292083082507	-0.6649467279450008	1.02810033545225
fit-rw_free_prior-full-prior1	rw_free_prior	full	1.0	False	similar_minus_dissimilar	sub-130	f0	-0.03199984554234956	0.13881292420507768	-0.34626407907977497	-0.01398185813060001	0.23179246520874988
fit-rw_free_prior-full-prior1	rw_free_prior	full	1.0	False	similar_minus_dissimilar	sub-132	f0	-0.03615686506278248	0.14407898574363956	-0.3711369873222251	-0.016603233913350002	0.24469383414444976
fit-rw_free_prior-full-prior1	rw_free_prior	full	1.0	False	similar_minus_dissimilar	sub-133	f0	-0.04478491293931741	0.16483061350797548	-0.46727261474872495	-0.015990072914599997	0.2462020260234996
fit-rw_free_prior-full-prior1	rw_free_prior	full	1.0	False	similar_minus_dissimilar	sub-134	f0	-0.08379860454111182	0.39912985281188273	-0.9045795658582502	-0.07040950110999988	0.8062561535804986
fit-rw_free_prior-full-prior1	rw_free_prior	full	1.0	False	similar_minus_dissimilar	sub-135	f0	-0.02644782376808335	0.21742079537486936	-0.44773243983500244	-0.023953723749999156	0.4991003905700007
fit-rw_free_prior-full-prior1	rw_free_prior	full	1.0	False	similar_minus_dissimilar	sub-136	f0	0.336336953443385	1.2002877168889174	-1.7881763342050012	0.19394230579499938	2.8974622661334997
fit-rw_free_prior-full-prior1	rw_free_prior	full	1.0	False	similar_minus_dissimilar	sub-137	f0	-0.853707280009005	0.8260143763832131	-2.5958300174164997	-0.8160775987999989	0.6856405759374987
fit-rw_free_prior-full-prior1	rw_free_prior	full	1.0	False	similar_minus_dissimilar	sub-138	f0	-0.16689869150546882	0.61224112318484	-1.6214319344905004	-0.06179403324299999	1.0859028393367482
fit-rw_free_prior-full-prior1	rw_free_prior	full	1.0	False	similar_minus_dissimilar	sub-140	f0	-0.11425467270914347	0.6375110951022923	-1.4617971538505	-0.06106451290499991	1.2911943289885006
fit-rw_free_prior-full-prior1	rw_free_prior	full	1.0	False	similar_minus_dissimilar	sub-141	f0	-0.03080367732346997	0.13533727056502504	-0.35330805248367503	-0.01344990257225	0.22956155209682483
fit-rw_free_prior-full-prior1	rw_free_prior	full	1.0	False	similar_minus_dissimilar	sub-142	f0	-0.027102260066812173	0.16741819105539082	-0.3657268421755749	-0.013670367740500039	0.3225036635533246
fit-rw_free_prior-full-prior1	rw_free_prior	full	1.0	False	similar_minus_dissimilar	sub-143	f0	-0.44755001243788367	0.5907661754026564	-1.8255978326189999	-0.37288883787000004	0.5649379691417493
fit-rw_free_prior-full-prior1	rw_free_prior	full	1.0	False	similar_minus_dissimilar	sub-144	f0	-0.3801786556005333	0.6414802348353971	-1.695491560430002	-0.3610663126000002	0.9044947645899999
fit-rw_free_prior-full-prior1	rw_free_prior	full	1.0	False	similar_minus_dissimilar	sub-147	f0	-0.00313169079085369	0.6457522083748468	-1.2242588757465003	-0.036834667720000186	1.518365267513997
fit-rw_free_prior-full-prior1	rw_free_prior	full	1.0	False	similar_minus_dissimilar	sub-149	f0	-0.41514388384774953	0.5465556203547646	-1.6095103486092501	-0.3482936269999999	0.5492568784507496
fit-rw_free_prior-full-prior1	rw_free_prior	full	1.0	False	similar_minus_dissimilar	sub-150	f0	-0.9027689871359873	0.9400735276921135	-2.8324413507032498	-0.8627207170800004	0.9188908758447478
fit-rw_free_prior-full-prior1	rw_free_prior	full	1.0	False	similar_minus_dissimilar	sub-151	f0	0.12701645531793498	0.909635460785987	-1.5098052552274994	0.06678494395000012	2.0872850723847503
fit-rw_free_prior-full-prior1	rw_free_prior	full	1.0	False	similar_minus_dissimilar	sub-152	f0	-0.04284564800332392	0.16491295468834416	-0.4315259634144999	-0.016262481425000086	0.24965340882965004
fit-rw_free_prior-full-prior1	rw_free_prior	full	1.0	False	similar_minus_dissimilar	sub-153	f0	-0.5048755973697984	0.7592118581469047	-2.0600587237605006	-0.5000946597849998	0.9911339647172503
fit-rw_free_prior-full-prior1	rw_free_prior	full	1.0	False	similar_minus_dissimilar	sub-154	f0	-0.1750032424004333	0.5981148284621468	-1.4136649775224999	-0.16225403775000125	1.0350397309124986
fit-rw_free_prior-full-prior1	rw_free_prior	full	1.0	False	similar_minus_dissimilar	sub-155	f0	-0.026228574919133326	0.11293609433484243	-0.28504961258750056	-0.01457871374999975	0.18837451265749974
fit-rw_free_prior-full-prior1	rw_free_prior	full	1.0	False	similar_minus_dissimilar	sub-156	f0	-0.0344026447912257	0.14247991441652036	-0.34350181922730005	-0.015372493995	0.2218385112969485
fit-rw_free_prior-full-prior1	rw_free_prior	full	1.0	False	similar_minus_dissimilar	sub-157	f0	-0.16322996275592735	0.6516289792595594	-1.5773158141784995	-0.128635895665	1.2673433845319997
fit-rw_free_prior-full-prior1	rw_free_prior	full	1.0	False	similar_minus_dissimilar	sub-158	f0	-0.5835293787241334	0.7299604186601127	-2.1713485376399997	-0.5154406171000003	0.7305888239474995
fit-rw_free_prior-full-prior1	rw_free_prior	full	1.0	False	similar_minus_dissimilar	sub-159	f0	-0.2865275169243334	0.6117119399167867	-1.6474927177999987	-0.24297757090000172	0.8999855210750003
fit-rw_free_prior-full-prior1	rw_free_prior	full	1.0	False	similar_minus_dissimilar	sample_mean	f0	-0.2018904660316807	0.2579338512985074	-0.7104388013662043	-0.20154922272043524	0.34182865156838
fit-rw_free_prior-full-prior1	rw_free_prior	full	1.0	False	similar_minus_dissimilar	sub-104	epsilon	-0.00021178686602162873	0.0018579515384229016	-0.003642997741803	-4.825574385434999e-05	0.002680442706833494
fit-rw_free_prior-full-prior1	rw_free_prior	full	1.0	False	similar_minus_dissimilar	sub-105	epsilon	-0.014080496085611054	0.03600585680498409	-0.09709638621911	-0.005405004668799991	0.03594192837985494
fit-rw_free_prior-full-prior1	rw_free_prior	full	1.0	False	similar_minus_dissimilar	sub-106	epsilon	-8.620336812469146e-05	0.0006039565809764531	-0.0014236403294512754	-2.1383129249e-05	0.001003397390954973
fit-rw_free_prior-full-prior1	rw_free_prior	full	1.0	False	similar_minus_dissimilar	sub-107	epsilon	4.826157437287873e-05	0.002304157534418133	-0.00331669742004875	-3.58489235954e-05	0.005414293029575745
fit-rw_free_prior-full-prior1	rw_free_prior	full	1.0	False	similar_minus_dissimilar	sub-108	epsilon	0.0004472521324879146	0.0044717520314101365	-0.00459805713532525	-3.793607234749999e-05	0.01073678446201098
fit-rw_free_prior-full-prior1	rw_free_prior	full	1.0	False	similar_minus_dissimilar	sub-109	epsilon	-0.00021458136214206345	0.004283954362353838	-0.009369565057065751	-9.021695544799999e-05	0.009740474706289987
fit-rw_free_prior-full-prior1	rw_free_prior	full	1.0	False	similar_minus_dissimilar	sub-110	epsilon	-0.0009072496220389457	0.0038631819581118275	-0.010423224766500998	-9.067139743840001e-05	0.00368617831649025
fit-rw_free_prior-full-prior1	rw_free_prior	full	1.0	False	similar_minus_dissimilar	sub-111	epsilon	-0.03333772633451465	0.031386797375209496	-0.10879143277710498	-0.028568212575499994	0.01508856188168247
fit-rw_free_prior-full-prior1	rw_free_prior	full	1.0	False	similar_minus_dissimilar	sub-112	epsilon	-0.006369945062894763	0.0585547535166867	-0.12477712933029998	-0.004452954434299997	0.12743111940317994
fit-rw_free_prior-full-prior1	rw_free_prior	full	1.0	False	similar_minus_dissimilar	sub-113	epsilon	-0.000344605281193825	0.0015551023331516146	-0.0040563799205515	-4.824534261600001e-05	0.0018012123541304992
fit-rw_free_prior-full-prior1	rw_free_prior	full	1.0	False	similar_minus_dissimilar	sub-115	epsilon	-0.004214504314702695	0.03622406914254562	-0.08659727159200749	-0.00011125020869399993	0.04301764547017497
fit-rw_free_prior-full-prior1	rw_free_prior	full	1.0	False	similar_minus_dissimilar	sub-116	epsilon	-0.0001185693172544491	0.0006245662489248242	-0.001612128201290475	-2.6781249887450037e-05	0.0009575871059311485
fit-rw_free_prior-full-prior1	rw_free_prior	full	1.0	False	similar_minus_dissimilar	sub-117	epsilon	-0.0001827387205084926	0.002783925043665348	-0.004546578677859751	-4.4490697311799986e-05	0.003925547108525997
fit-rw_free_prior-full-prior1	rw_free_prior	full	1.0	False	similar_minus_dissimilar	sub-118	epsilon	0.0006828696544285895	0.02210528777634674	-0.03330103484161998	-6.0661211941500016e-05	0.04526024082448245
fit-rw_free_prior-full-prior1	rw_free_prior	full	1.0	False	similar_minus_dissimilar	sub-121	epsilon	0.0004984165046859932	0.016731742155331814	-0.030475698950169997	-0.00042244255441	0.04020362747956499
fit-rw_free_prior-full-prior1	rw_free_prior	full	1.0	False	similar_minus_dissimilar	sub-122	epsilon	-0.0002202958188784227	0.0050016332077164865	-0.004892998709454002	-4.7015375520549995e-05	0.004388684728351996
fit-rw_free_prior-full-prior1	rw_free_prior	full	1.0	False	similar_minus_dissimilar	sub-124	epsilon	-0.0008717135527940772	0.006702091458605265	-0.014329459937886998	-0.0005069509461954999	0.013574035909492486
fit-rw_free_prior-full-prior1	rw_free_prior	full	1.0	False	similar_minus_dissimilar	sub-125	epsilon	-0.0008021996492474933	0.0051719738956753445	-0.012561551866954998	-0.0001343650864325	0.009073568943432482
fit-rw_free_prior-full-prior1	rw_free_prior	full	1.0	False	similar_minus_dissimilar	sub-126	epsilon	-8.094329928475724e-05	0.001129739548897137	-0.0024289647601435003	-3.260095838650008e-05	0.002236612080233996
fit-rw_free_prior-full-prior1	rw_free_prior	full	1.0	False	similar_minus_dissimilar	sub-127	epsilon	-0.00013585156047490966	0.0006723204172998032	-0.0017345684840697252	-2.75673201595e-05	0.0009418086664233248
fit-rw_free_prior-full-prior1	rw_free_prior	full	1.0	False	similar_minus_dissimilar	sub-128	epsilon	-0.00011578891410653776	0.00041848941594522187	-0.0012281201855203747	-2.7409431053750007e-05	0.0005617536705786245
fit-rw_free_prior-full-prior1	rw_free_prior	full	1.0	False	similar_minus_dissimilar	sub-129	epsilon	-0.00016154244416221708	0.0018666850157992257	-0.003971421245245499	-4.980572037440007e-05	0.0035239174205317406
fit-rw_free_prior-full-prior1	rw_free_prior	full	1.0	False	similar_minus_dissimilar	sub-130	epsilon	-0.00017327820742889014	0.0011350350340224697	-0.002743747481366	-3.617140624920002e-05	0.0018442312373992478
fit-rw_free_prior-full-prior1	rw_free_prior	full	1.0	False	similar_minus_dissimilar	sub-132	epsilon	-0.00021725607427566958	0.0021993264062114774	-0.0033950570324935004	-3.534333631899998e-05	0.00227320619874975
fit-rw_free_prior-full-prior1	rw_free_prior	full	1.0	False	similar_minus_dissimilar	sub-133	epsilon	-0.00020385508050512515	0.001188872716235832	-0.0028070470672502497	-3.6835726273149994e-05	0.0016684010614209498
fit-rw_free_prior-full-prior1	rw_free_prior	full	1.0	False	similar_minus_dissimilar	sub-134	epsilon	-0.00010003003286208248	0.003133651471600175	-0.005642280409574752	-6.08555693975e-05	0.0071845509440974925
fit-rw_free_prior-full-prior1	rw_free_prior	full	1.0	False	similar_minus_dissimilar	sub-135	epsilon	-7.166931745096365e-05	0.00036984698420747535	-0.00095031887433605	-1.7362882577549998e-05	0.0005537497767992492
fit-rw_free_prior-full-prior1	rw_free_prior	full	1.0	False	similar_minus_dissimilar	sub-136	epsilon	-0.010749399277660193	0.03089566388952316	-0.09062068554577501	-0.0011557916430499997	0.033460926392850004
fit-rw_free_prior-full-prior1	rw_free_prior	full	1.0	False	similar_minus_dissimilar	sub-137	epsilon	-2.8589268107205057e-05	0.0011331498878493402	-0.002192978410666	-2.8691312180499997e-05	0.0025032595403974983
fit-rw_free_prior-full-prior1	rw_free_prior	full	1.0	False	similar_minus_dissimilar	sub-138	epsilon	-0.00393417971581174	0.07223227329929159	-0.14410697632055006	-0.0022881743770199994	0.16434831043868497
fit-rw_free_prior-full-prior1	rw_free_prior	full	1.0	False	similar_minus_dissimilar	sub-140	epsilon	-0.003973783727741708	0.06959537253065923	-0.15189817408735	-0.00038266086473	0.15955146113417493
fit-rw_free_prior-full-prior1	rw_free_prior	full	1.0	False	similar_minus_dissimilar	sub-141	epsilon	-0.0001553466852324025	0.0012249323954040925	-0.002859848001724249	-3.7949456459499984e-05	0.002205850333172248
fit-rw_free_prior-full-prior1	rw_free_prior	full	1.0	False	similar_minus_dissimilar	sub-142	epsilon	-0.0002109139741618555	0.0033637200112339245	-0.0028884210493741003	-4.584690808749999e-05	0.0025355690809869993
fit-rw_free_prior-full-prior1	rw_free_prior	full	1.0	False	similar_minus_dissimilar	sub-143	epsilon	-0.0025280583615436125	0.0076230044988665905	-0.024140453172751	-0.0002459246963545	0.006237790569299974
fit-rw_free_prior-full-prior1	rw_free_prior	full	1.0	False	similar_minus_dissimilar	sub-144	epsilon	-0.00014542740048695315	0.000945433773418001	-0.00241686092893	-3.8464736546e-05	0.001736238019205518
fit-rw_free_prior-full-prior1	rw_free_prior	full	1.0	False	similar_minus_dissimilar	sub-147	epsilon	-0.001595980902545326	0.012929498485108564	-0.03040614425373	-0.00022782354805399999	0.025130729768665698
fit-rw_free_prior-full-prior1	rw_free_prior	full	1.0	False	similar_minus_dissimilar	sub-149	epsilon	-0.0005631849496418643	0.0031424606559924298	-0.0067090137473055	-6.09758177124e-05	0.0028089134861772483
fit-rw_free_prior-full-prior1	rw_free_prior	full	1.0	False	similar_minus_dissimilar	sub-150	epsilon	-0.0017075514563956288	0.02310539278863571	-0.04659316674271324	-0.00013150316312000008	0.04148258924718749
fit-rw_free_prior-full-prior1	rw_free_prior	full	1.0	False	similar_minus_dissimilar	sub-151	epsilon	-0.0002120601866567034	0.0010383739344926213	-0.0025768488727262507	-3.6976080747e-05	0.0013507688401498475
fit-rw_free_prior-full-prior1	rw_free_prior	full	1.0	False	similar_minus_dissimilar	sub-152	epsilon	-0.00020504526214419537	0.0018733668197708545	-0.003680864189371	-4.4303677623999975e-05	0.0026102440511732447
fit-rw_free_prior-full-prior1	rw_free_prior	full	1.0	False	similar_minus_dissimilar	sub-153	epsilon	-0.0001876568144946582	0.004211115162071957	-0.00642949985654175	-3.408381093000001e-05	0.005499898552289491
fit-rw_free_prior-full-prior1	rw_free_prior	full	1.0	False	similar_minus_dissimilar	sub-154	epsilon	-6.462655561672358e-05	0.00044138683138303587	-0.0010614934610528749	-1.8979588025850003e-05	0.0007856180769526971
fit-rw_free_prior-full-prior1	rw_free_prior	full	1.0	False	similar_minus_dissimilar	sub-155	epsilon	-6.633621029797554e-05	0.0002914701900858472	-0.00079660705166325	-1.8296237876299993e-05	0.00044172382436079944
fit-rw_free_prior-full-prior1	rw_free_prior	full	1.0	False	similar_minus_dissimilar	sub-156	epsilon	-0.000196185112639056	0.003012549411445595	-0.0028621169784432505	-4.4746696680250004e-05	0.001977377315975373
fit-rw_free_prior-full-prior1	rw_free_prior	full	1.0	False	similar_minus_dissimilar	sub-157	epsilon	-0.01376489941385284	0.040859580829436956	-0.10084010822136003	-0.010429184167500001	0.06524075035460238
fit-rw_free_prior-full-prior1	rw_free_prior	full	1.0	False	similar_minus_dissimilar	sub-158	epsilon	9.705152767034941e-05	0.002693433292240914	-0.004711080405475249	-9.990905223549999e-05	0.006798021987388995
fit-rw_free_prior-full-prior1	rw_free_prior	full	1.0	False	similar_minus_dissimilar	sub-159	epsilon	4.198800261972428e-05	0.003580058592749328	-0.00631403977148725	-0.00031546981256499974	0.00799876151570073
fit-rw_free_prior-full-prior1	rw_free_prior	full	1.0	False	similar_minus_dissimilar	sample_mean	epsilon	-0.002163749280111566	0.005332568437062583	-0.012770418824036412	-0.0022327677220574417	0.009150437737412167
fit-rw_free_prior-full-prior1	rw_free_prior	full	1.0	False	human_minus_computer	sub-104	alpha	0.0037452225504323775	0.04852495537666877	-0.09806916965423751	0.0007672596710000534	0.12133498083576232
fit-rw_free_prior-full-prior1	rw_free_prior	full	1.0	False	human_minus_computer	sub-105	alpha	0.005119283470823999	0.04857296836290534	-0.09773941036878755	0.0009590543787499906	0.12729532065427485
fit-rw_free_prior-full-prior1	rw_free_prior	full	1.0	False	human_minus_computer	sub-106	alpha	0.0021555813591375844	0.029551549224256037	-0.06134637933258746	0.0004058686017500146	0.07011073995566243
fit-rw_free_prior-full-prior1	rw_free_prior	full	1.0	False	human_minus_computer	sub-107	alpha	-0.017668860426613833	0.06238674077929072	-0.20505799640703753	-0.0003060263639999561	0.06202903598181239
fit-rw_free_prior-full-prior1	rw_free_prior	full	1.0	False	human_minus_computer	sub-108	alpha	-0.008638601842851248	0.049743816231940734	-0.1589681316198	0.00011948607549994161	0.06394275664190002
fit-rw_free_prior-full-prior1	rw_free_prior	full	1.0	False	human_minus_computer	sub-109	alpha	0.005901571634521641	0.042322981096974695	-0.070034268271125	0.0008501705027499362	0.10442190813921234
fit-rw_free_prior-full-prior1	rw_free_prior	full	1.0	False	human_minus_computer	sub-110	alpha	0.020033011672024502	0.062172754062496796	-0.0811760611472251	0.0033941767197500083	0.18266621529298746
fit-rw_free_prior-full-prior1	rw_free_prior	full	1.0	False	human_minus_computer	sub-111	alpha	0.013221389304873165	0.06786138444417907	-0.1206990148150125	0.002233594718249965	0.1779522195003875
fit-rw_free_prior-full-prior1	rw_free_prior	full	1.0	False	human_minus_computer	sub-112	alpha	0.005769834970880667	0.030409461724522316	-0.039036747767387484	0.0007500324260000246	0.07840242243146249
fit-rw_free_prior-full-prior1	rw_free_prior	full	1.0	False	human_minus_computer	sub-113	alpha	-0.00032302810531866676	0.0380839624787065	-0.094856455493825	0.000422137049749971	0.07747059352906234
fit-rw_free_prior-full-prior1	rw_free_prior	full	1.0	False	human_minus_computer	sub-115	alpha	0.004502023398708102	0.05167157494311003	-0.10734114886734998	0.0008744442067500358	0.12214735852235002
fit-rw_free_prior-full-prior1	rw_free_prior	full	1.0	False	human_minus_computer	sub-116	alpha	0.002894430153396917	0.0292553566876337	-0.05842548267932496	0.0005657098242500269	0.07127937057641245
fit-rw_free_prior-full-prior1	rw_free_prior	full	1.0	False	human_minus_computer	sub-117	alpha	0.0035609991293022495	0.03442621013582239	-0.06138322497198759	0.0005506802462499905	0.08046919824914989
fit-rw_free_prior-full-prior1	rw_free_prior	full	1.0	False	human_minus_computer	sub-118	alpha	0.0067731701862583675	0.059059711537788724	-0.12853286104948755	0.0013446832755000804	0.14837319647122452
fit-rw_free_prior-full-prior1	rw_free_prior	full	1.0	False	human_minus_computer	sub-121	alpha	-0.016655206649081333	0.06963667185134963	-0.24087910430221254	-3.0033270999985096e-05	0.06537019205373748
fit-rw_free_prior-full-prior1	rw_free_prior	full	1.0	False	human_minus_computer	sub-122	alpha	0.005469090100791016	0.050856451637634935	-0.09542392679985001	0.0009069619589999744	0.12336160144643742
fit-rw_free_prior-full-prior1	rw_free_prior	full	1.0	False	human_minus_computer	sub-124	alpha	0.0038545453899960828	0.040092725522779454	-0.07642848186527502	0.0005448758680000054	0.09596196623982498
fit-rw_free_prior-full-prior1	rw_free_prior	full	1.0	False	human_minus_computer	sub-125	alpha	0.008747189697242082	0.04477017601742165	-0.0698800723259624	0.0011165690274999585	0.12662516957205
fit-rw_free_prior-full-prior1	rw_free_prior	full	1.0	False	human_minus_computer	sub-126	alpha	0.003950293111426995	0.04979725927341957	-0.09505290175952497	0.0005869516344999548	0.11875680564916252
fit-rw_free_prior-full-prior1	rw_free_prior	full	1.0	False	human_minus_computer	sub-127	alpha	0.00370179469749025	0.03266188476536811	-0.06258033253585002	0.00034835079725004103	0.08379221890359986
fit-rw_free_prior-full-prior1	rw_free_prior	full	1.0	False	human_minus_computer	sub-128	alpha	0.0017603342474300841	0.014347601724806074	-0.025810099004150013	0.0002463543994999928	0.03715776442747499
fit-rw_free_prior-full-prior1	rw_free_prior	full	1.0	False	human_minus_computer	sub-129	alpha	0.004782586426543334	0.0391269418793895	-0.07000172439278747	0.0005930531095000302	0.10158055448298746
fit-rw_free_prior-full-prior1	rw_free_prior	full	1.0	False	human_minus_computer	sub-130	alpha	0.003177842763489039	0.04853616679937153	-0.09832870665482503	0.0007148679004999048	0.11551572973599984
fit-rw_free_prior-full-prior1	rw_free_prior	full	1.0	False	human_minus_computer	sub-132	alpha	0.004031254841702291	0.05013544464278514	-0.10197398894899988	0.0009095359837499872	0.11563466310177499
fit-rw_free_prior-full-prior1	rw_free_prior	full	1.0	False	human_minus_computer	sub-133	alpha	0.003960033199736629	0.051151859814930395	-0.10144868845709999	0.0006818570222499876	0.1212685653914873
fit-rw_free_prior-full-prior1	rw_free_prior	full	1.0	False	human_minus_computer	sub-134	alpha	0.004818906379749642	0.04612614192106784	-0.08046516032820003	0.00047478906249998065	0.11809814788586225
fit-rw_free_prior-full-prior1	rw_free_prior	full	1.0	False	human_minus_computer	sub-135	alpha	0.003617716334890915	0.023518389052180764	-0.040335825764575124	0.0004429131614999693	0.06254387260422492
fit-rw_free_prior-full-prior1	rw_free_prior	full	1.0	False	human_minus_computer	sub-136	alpha	0.01866334797285406	0.08222939885196355	-0.1576229358782	0.005662181512499975	0.20219542701897486
fit-rw_free_prior-full-prior1	rw_free_prior	full	1.0	False	human_minus_computer	sub-137	alpha	0.0018405303830608334	0.03194354920463672	-0.06889003558336246	0.0006041869710000647	0.07379792767884984
fit-rw_free_prior-full-prior1	rw_free_prior	full	1.0	False	human_minus_computer	sub-138	alpha	0.0014382737681793015	0.04217289314518134	-0.09262449541021242	0.0003767521267499796	0.09434302528211229
fit-rw_free_prior-full-prior1	rw_free_prior	full	1.0	False	human_minus_computer	sub-140	alpha	0.004106896418192733	0.05074493886423125	-0.1010352167633499	0.0007019660162499997	0.12694824969937493
fit-rw_free_prior-full-prior1	rw_free_prior	full	1.0	False	human_minus_computer	sub-141	alpha	0.004831970284456792	0.0491002923758162	-0.09880534844186246	0.0007747709345000131	0.1187169088875874
fit-rw_free_prior-full-prior1	rw_free_prior	full	1.0	False	human_minus_computer	sub-142	alpha	0.0043416675910571126	0.05120384534296246	-0.09714114915558761	0.0007313788687500211	0.12179517024768734
fit-rw_free_prior-full-prior1	rw_free_prior	full	1.0	False	human_minus_computer	sub-143	alpha	0.003082553906160058	0.04333761452185664	-0.08717222323110006	0.0004277312627499752	0.0965583048107751
fit-rw_free_prior-full-prior1	rw_free_prior	full	1.0	False	human_minus_computer	sub-144	alpha	0.0011956766279756675	0.02612479321561487	-0.05657687660101251	0.0003831654712500021	0.05854323129902501
fit-rw_free_prior-full-prior1	rw_free_prior	full	1.0	False	human_minus_computer	sub-147	alpha	0.004466459885158834	0.03678022442457051	-0.06914495346026257	0.0006730415420000413	0.09414469030892496
fit-rw_free_prior-full-prior1	rw_free_prior	full	1.0	False	human_minus_computer	sub-149	alpha	0.0044687804882830836	0.04253355828053923	-0.07492603999772506	0.0005902437457500631	0.0989317635111375
fit-rw_free_prior-full-prior1	rw_free_prior	full	1.0	False	human_minus_computer	sub-150	alpha	-0.0009313216464271497	0.05802645218192249	-0.1542404319770999	0.0007354160817499844	0.11468629589363755
fit-rw_free_prior-full-prior1	rw_free_prior	full	1.0	False	human_minus_computer	sub-151	alpha	0.008291386190851749	0.03785289280867926	-0.05175008602081253	0.0008670427197499664	0.11108648868856245
fit-rw_free_prior-full-prior1	rw_free_prior	full	1.0	False	human_minus_computer	sub-152	alpha	0.003881836246949882	0.05161224347157616	-0.10257567070469989	0.0008979753044999761	0.12183439801733748
fit-rw_free_prior-full-prior1	rw_free_prior	full	1.0	False	human_minus_computer	sub-153	alpha	-0.0025045917885180824	0.0382216889758562	-0.0984104208602875	0.0001549154605000047	0.06422161908966248
fit-rw_free_prior-full-prior1	rw_free_prior	full	1.0	False	human_minus_computer	sub-154	alpha	0.01338911021324925	0.039827577350792065	-0.043655353410199986	0.002065579907250037	0.1254734497976747
fit-rw_free_prior-full-prior1	rw_free_prior	full	1.0	False	human_minus_computer	sub-155	alpha	0.003701539555167333	0.01581687777768466	-0.02224433542935007	0.0005820137392499314	0.044986459910062414
fit-rw_free_prior-full-prior1	rw_free_prior	full	1.0	False	human_minus_computer	sub-156	alpha	0.0035087257832280136	0.04958574757444044	-0.10191890621054998	0.0005880149964999082	0.11160293856811244
fit-rw_free_prior-full-prior1	rw_free_prior	full	1.0	False	human_minus_computer	sub-157	alpha	0.004327631778961084	0.0291870819612774	-0.04461430673215004	0.0005662731662499643	0.07489500041446251
fit-rw_free_prior-full-prior1	rw_free_prior	full	1.0	False	human_minus_computer	sub-158	alpha	0.006785131504428	0.038468121390136126	-0.06840471208124999	0.0011675940579999877	0.10277321868116247
fit-rw_free_prior-full-prior1	rw_free_prior	full	1.0	False	human_minus_computer	sub-159	alpha	0.004455354675365335	0.033248619759501184	-0.06469695425824992	0.0007781193967499878	0.0824304840099624
fit-rw_free_prior-full-prior1	rw_free_prior	full	1.0	False	human_minus_computer	sample_mean	alpha	0.003736241868842909	0.027105082647985043	-0.0535212976386705	0.0028272976407659623	0.05882726718263512
fit-rw_free_prior-full-prior1	rw_free_prior	full	1.0	False	human_minus_computer	sub-104	gamma	-0.0016159123678139175	0.01542292287865068	-0.03566123760589997	-0.0004124736274999652	0.027465959209349914
fit-rw_free_prior-full-prior1	rw_free_prior	full	1.0	False	human_minus_computer	sub-105	gamma	-0.004416511558726833	0.054512979871348254	-0.11698776623577499	-0.002220035163999934	0.11662327339076237
fit-rw_free_prior-full-prior1	rw_free_prior	full	1.0	False	human_minus_computer	sub-106	gamma	-0.0017903740205935002	0.018431407265631385	-0.041769175447325	-0.0005138260694999564	0.034723946313687366
fit-rw_free_prior-full-prior1	rw_free_prior	full	1.0	False	human_minus_computer	sub-107	gamma	0.01794040169317492	0.07762576615404818	-0.12292586257626249	0.010519021885000035	0.1929793145481749
fit-rw_free_prior-full-prior1	rw_free_prior	full	1.0	False	human_minus_computer	sub-108	gamma	-0.015177685693584752	0.07171598804005977	-0.16544570150099996	-0.012846726844750023	0.12660634561974998
fit-rw_free_prior-full-prior1	rw_free_prior	full	1.0	False	human_minus_computer	sub-109	gamma	-0.0011260217651803343	0.023087173358786878	-0.04589629832895007	-0.0004896185134999897	0.05039896686216234
fit-rw_free_prior-full-prior1	rw_free_prior	full	1.0	False	human_minus_computer	sub-110	gamma	0.010773833532563332	0.06697955400720325	-0.11265200351439994	0.0007387652175000481	0.1686547336437125
fit-rw_free_prior-full-prior1	rw_free_prior	full	1.0	False	human_minus_computer	sub-111	gamma	-0.002813794730733167	0.022665585005512818	-0.05254611496859994	-0.000601268657499987	0.041242602910937495
fit-rw_free_prior-full-prior1	rw_free_prior	full	1.0	False	human_minus_computer	sub-112	gamma	-0.002283056762454916	0.019240630716865503	-0.044840639751687526	-0.0004895123460000317	0.035013434692787435
fit-rw_free_prior-full-prior1	rw_free_prior	full	1.0	False	human_minus_computer	sub-113	gamma	-0.0019007470387638337	0.025970529644043172	-0.05606554230242487	-0.0006494808505000393	0.052934364151387456
fit-rw_free_prior-full-prior1	rw_free_prior	full	1.0	False	human_minus_computer	sub-115	gamma	-0.000948339796539064	0.02913974677617286	-0.06636389927182001	0.001553823866750001	0.05055621476073625
fit-rw_free_prior-full-prior1	rw_free_prior	full	1.0	False	human_minus_computer	sub-116	gamma	-0.0022205780466846665	0.01614781444229942	-0.03967540618441251	-0.00046537536099999777	0.027125215741274904
fit-rw_free_prior-full-prior1	rw_free_prior	full	1.0	False	human_minus_computer	sub-117	gamma	-0.0015072750043044157	0.01660449957811737	-0.03679511099763754	-0.00045039274475000557	0.03117742612469997
fit-rw_free_prior-full-prior1	rw_free_prior	full	1.0	False	human_minus_computer	sub-118	gamma	-0.006646872335091317	0.056010844396288215	-0.12925998613795	-0.0028776029152500077	0.09353693515741246
fit-rw_free_prior-full-prior1	rw_free_prior	full	1.0	False	human_minus_computer	sub-121	gamma	-0.0003206618987810003	0.04042397323855176	-0.07930707930017498	-0.0007188967805000224	0.09893878782308722
fit-rw_free_prior-full-prior1	rw_free_prior	full	1.0	False	human_minus_computer	sub-122	gamma	-0.003498082416683917	0.046288927753755836	-0.10209326640357497	-0.001451093023999983	0.09997358328260009
fit-rw_free_prior-full-prior1	rw_free_prior	full	1.0	False	human_minus_computer	sub-124	gamma	-0.0018816203104690828	0.01632210069173643	-0.036127804553037414	-0.0004842442655000334	0.030139572378087447
fit-rw_free_prior-full-prior1	rw_free_prior	full	1.0	False	human_minus_computer	sub-125	gamma	0.0040713298802839155	0.07496137246266882	-0.14891901170393748	0.004199515448999963	0.1564042038580874
fit-rw_free_prior-full-prior1	rw_free_prior	full	1.0	False	human_minus_computer	sub-126	gamma	-0.0016161266921635832	0.015295703504850723	-0.0362938101411	-0.00038103733224997827	0.025330054562450043
fit-rw_free_prior-full-prior1	rw_free_prior	full	1.0	False	human_minus_computer	sub-127	gamma	-0.0021650721915917504	0.017323093807947953	-0.04255705451662503	-0.0004650619232499653	0.03057050352556253
fit-rw_free_prior-full-prior1	rw_free_prior	full	1.0	False	human_minus_computer	sub-128	gamma	-0.0020599963746359175	0.01747497094726842	-0.04054568025678748	-0.0005388261415000817	0.03049213592914995
fit-rw_free_prior-full-prior1	rw_free_prior	full	1.0	False	human_minus_computer	sub-129	gamma	-0.0019791642059692506	0.0272762402555909	-0.06217022114627486	-0.0006279163210000105	0.05919726386542467
fit-rw_free_prior-full-prior1	rw_free_prior	full	1.0	False	human_minus_computer	sub-130	gamma	-0.0007895158388904997	0.02027659959231099	-0.03819973861878748	-0.00047498318224997726	0.04183632986328744
fit-rw_free_prior-full-prior1	rw_free_prior	full	1.0	False	human_minus_computer	sub-132	gamma	-0.0017060260901413321	0.01516628115684221	-0.035934699609087475	-0.0004241441137499691	0.02729568059572489
fit-rw_free_prior-full-prior1	rw_free_prior	full	1.0	False	human_minus_computer	sub-133	gamma	-0.002168182028302499	0.016548623613855333	-0.04030622445152499	-0.00048325344549998706	0.02910559009069988
fit-rw_free_prior-full-prior1	rw_free_prior	full	1.0	False	human_minus_computer	sub-134	gamma	0.00020751474155066617	0.026827030112276027	-0.04945306032692505	-0.00043413461525004804	0.06558549983974989
fit-rw_free_prior-full-prior1	rw_free_prior	full	1.0	False	human_minus_computer	sub-135	gamma	-0.010760535969879083	0.08249666988587004	-0.19321154097977503	-0.004648323415500033	0.13641436852556235
fit-rw_free_prior-full-prior1	rw_free_prior	full	1.0	False	human_minus_computer	sub-136	gamma	-0.0019951913999485846	0.038194640484351054	-0.085349875163925	-0.0006445908080000562	0.08765371249476261
fit-rw_free_prior-full-prior1	rw_free_prior	full	1.0	False	human_minus_computer	sub-137	gamma	-0.0029454150306339162	0.020722280491703708	-0.05109155918377512	-0.0005103588002499659	0.03476115082127496
fit-rw_free_prior-full-prior1	rw_free_prior	full	1.0	False	human_minus_computer	sub-138	gamma	0.013636059597591368	0.07620089682223363	-0.13313646487338748	0.012067487412749989	0.17310788064038726
fit-rw_free_prior-full-prior1	rw_free_prior	full	1.0	False	human_minus_computer	sub-140	gamma	-0.0075038508949442405	0.07743729920744942	-0.17563454142738757	-0.004871942632250048	0.13763761806429994
fit-rw_free_prior-full-prior1	rw_free_prior	full	1.0	False	human_minus_computer	sub-141	gamma	-0.00041496246538058384	0.021139044824775913	-0.039980773212362604	-0.00037474404374998604	0.04506727619856261
fit-rw_free_prior-full-prior1	rw_free_prior	full	1.0	False	human_minus_computer	sub-142	gamma	-0.0022952687822094166	0.016519803777695755	-0.038500266214487426	-0.0005142794332499423	0.029307543705175087
fit-rw_free_prior-full-prior1	rw_free_prior	full	1.0	False	human_minus_computer	sub-143	gamma	-0.003089594573115083	0.02176209011381543	-0.05553799793896248	-0.0006473804919999715	0.0402792167446125
fit-rw_free_prior-full-prior1	rw_free_prior	full	1.0	False	human_minus_computer	sub-144	gamma	-0.002172569074529167	0.015446309022155083	-0.03686493867900005	-0.0004544037784999233	0.027320091802137403
fit-rw_free_prior-full-prior1	rw_free_prior	full	1.0	False	human_minus_computer	sub-147	gamma	0.011453754237588334	0.0751302792557486	-0.11860761487596243	0.002001252196250025	0.1915502454592749
fit-rw_free_prior-full-prior1	rw_free_prior	full	1.0	False	human_minus_computer	sub-149	gamma	-0.0022550545077107487	0.01779696169636382	-0.04401676826931243	-0.0004987051352499661	0.03143056526006238
fit-rw_free_prior-full-prior1	rw_free_prior	full	1.0	False	human_minus_computer	sub-150	gamma	-0.009069931533594333	0.040387760927528916	-0.11099302979171251	-0.0017672363832499927	0.06881030368533733
fit-rw_free_prior-full-prior1	rw_free_prior	full	1.0	False	human_minus_computer	sub-151	gamma	-0.002073564988921916	0.01879355814718527	-0.04319625410197501	-0.0004843767279999467	0.035053044087899936
fit-rw_free_prior-full-prior1	rw_free_prior	full	1.0	False	human_minus_computer	sub-152	gamma	-0.0017306797656209997	0.01934001374390142	-0.043628882336412454	-0.0004619473982499511	0.03753555532108751
fit-rw_free_prior-full-prior1	rw_free_prior	full	1.0	False	human_minus_computer	sub-153	gamma	-0.002317388238990499	0.020428095878331293	-0.046770425460200056	-0.0005965929635000089	0.03991691033409975
fit-rw_free_prior-full-prior1	rw_free_prior	full	1.0	False	human_minus_computer	sub-154	gamma	-0.023917085935204165	0.07330768117471595	-0.18230947570556252	-0.0196669422700001	0.11683662375189986
fit-rw_free_prior-full-prior1	rw_free_prior	full	1.0	False	human_minus_computer	sub-155	gamma	-0.001564467355188917	0.01595568070989633	-0.03511546748297498	-0.0004517547182499859	0.02987799402221245
fit-rw_free_prior-full-prior1	rw_free_prior	full	1.0	False	human_minus_computer	sub-156	gamma	-0.0013116320363845003	0.014938834507337427	-0.03121087086721262	-0.0004218177532500089	0.027350349796824946
fit-rw_free_prior-full-prior1	rw_free_prior	full	1.0	False	human_minus_computer	sub-157	gamma	-0.0014387958234237503	0.034338923188469934	-0.07323218372781244	-0.000653054046749979	0.07486908452867493
fit-rw_free_prior-full-prior1	rw_free_prior	full	1.0	False	human_minus_computer	sub-158	gamma	0.000679156884927332	0.03391446113738517	-0.06396974586676257	-0.0004480012757500096	0.07902512928936237
fit-rw_free_prior-full-prior1	rw_free_prior	full	1.0	False	human_minus_computer	sub-159	gamma	-0.03330498737415675	0.0716661636872608	-0.1892284986406874	-0.027872328858749962	0.10497371147139986
fit-rw_free_prior-full-prior1	rw_free_prior	full	1.0	False	human_minus_computer	sample_mean	gamma	-0.002383628560643752	0.018381614803041665	-0.03749433060205637	-0.0027664639653670157	0.03476428910557485
fit-rw_free_prior-full-prior1	rw_free_prior	full	1.0	False	human_minus_computer	sub-104	f0	-0.03408415963715689	0.12897054450970535	-0.34205311370637514	-0.014446961616124993	0.21477330197843744
fit-rw_free_prior-full-prior1	rw_free_prior	full	1.0	False	human_minus_computer	sub-105	f0	-0.3339218919285883	0.8288831143294686	-2.0651818170347496	-0.3503173973950009	1.449132247113874
fit-rw_free_prior-full-prior1	rw_free_prior	full	1.0	False	human_minus_computer	sub-106	f0	-0.39396381732088337	0.5918149806857621	-1.6124518651962503	-0.3978824774499996	0.7805438355937495
fit-rw_free_prior-full-prior1	rw_free_prior	full	1.0	False	human_minus_computer	sub-107	f0	-0.9898808043924967	0.9008479971597334	-3.051677328105127	-0.8314158422750006	0.3580121390727491
fit-rw_free_prior-full-prior1	rw_free_prior	full	1.0	False	human_minus_computer	sub-108	f0	-0.6523452575309517	0.7695553676340943	-2.4104977965219994	-0.5674878988800005	0.7193098812139984
fit-rw_free_prior-full-prior1	rw_free_prior	full	1.0	False	human_minus_computer	sub-109	f0	-0.05244201110941291	0.31843192426650724	-0.6990810089143749	-0.04803865020850001	0.6623610286152498
fit-rw_free_prior-full-prior1	rw_free_prior	full	1.0	False	human_minus_computer	sub-110	f0	-0.13439193387180248	0.7772558741577283	-1.62154529310925	-0.18599299954250048	1.5252674455131259
fit-rw_free_prior-full-prior1	rw_free_prior	full	1.0	False	human_minus_computer	sub-111	f0	-0.08099214684262919	0.6682454375985374	-1.2445624760237506	-0.13010253897499968	1.56735901461625
fit-rw_free_prior-full-prior1	rw_free_prior	full	1.0	False	human_minus_computer	sub-112	f0	0.027348959749545022	0.525157918857708	-0.8438643707211245	-0.04025482486449994	1.4947100684891248
fit-rw_free_prior-full-prior1	rw_free_prior	full	1.0	False	human_minus_computer	sub-113	f0	-0.6836276342259916	0.6890060383023947	-2.2068703167399994	-0.6218851914249992	0.5531745731162484
fit-rw_free_prior-full-prior1	rw_free_prior	full	1.0	False	human_minus_computer	sub-115	f0	-0.18780112394728413	0.6003932870750568	-1.6419934846962498	-0.063028409413	0.9458297297984999
fit-rw_free_prior-full-prior1	rw_free_prior	full	1.0	False	human_minus_computer	sub-116	f0	-0.3521575826647783	0.5754785677324745	-1.483490717104999	-0.36197219747500053	0.8598968291312492
fit-rw_free_prior-full-prior1	rw_free_prior	full	1.0	False	human_minus_computer	sub-117	f0	-0.22658180208608103	0.4337403128496676	-1.1248362264057503	-0.21911132591924987	0.6323521764608749
fit-rw_free_prior-full-prior1	rw_free_prior	full	1.0	False	human_minus_computer	sub-118	f0	-0.07534509565506639	0.48256139778352714	-1.1229763993370006	-0.03209831141475	0.9437694725983745
fit-rw_free_prior-full-prior1	rw_free_prior	full	1.0	False	human_minus_computer	sub-121	f0	-1.4538264131371315	1.290980230622429	-4.589029496740374	-1.1429995543450007	0.27257222599125025
fit-rw_free_prior-full-prior1	rw_free_prior	full	1.0	False	human_minus_computer	sub-122	f0	-0.02976417154304995	0.15727202366293175	-0.34813648073011233	-0.014896553627124994	0.2816451349617748
fit-rw_free_prior-full-prior1	rw_free_prior	full	1.0	False	human_minus_computer	sub-124	f0	-0.05188776238263428	0.23540988425510856	-0.5317184660903749	-0.03933155520924994	0.47112129487174936
fit-rw_free_prior-full-prior1	rw_free_prior	full	1.0	False	human_minus_computer	sub-125	f0	-0.11229767286345418	0.8008144441533397	-1.5788264269491241	-0.1839580196124988	1.6668917702976223
fit-rw_free_prior-full-prior1	rw_free_prior	full	1.0	False	human_minus_computer	sub-126	f0	-0.03714987462359142	0.12873739159609654	-0.3518994909174	-0.01506373034400002	0.17617105706331215
fit-rw_free_prior-full-prior1	rw_free_prior	full	1.0	False	human_minus_computer	sub-127	f0	-0.20412596091360002	0.5093279578132466	-1.1776877138962494	-0.22909190765000087	0.87594938820625
fit-rw_free_prior-full-prior1	rw_free_prior	full	1.0	False	human_minus_computer	sub-128	f0	-0.026663793082891664	0.08327358025052954	-0.21064374507249975	-0.017087292499999407	0.13795350562624736
fit-rw_free_prior-full-prior1	rw_free_prior	full	1.0	False	human_minus_computer	sub-129	f0	-0.27360869594910253	0.7047141652434976	-1.6800686896178758	-0.2919637170025	1.221978912801625
fit-rw_free_prior-full-prior1	rw_free_prior	full	1.0	False	human_minus_computer	sub-130	f0	-0.029271440641472204	0.10690487888861128	-0.2823360030204001	-0.0131202430479	0.1679097946754
fit-rw_free_prior-full-prior1	rw_free_prior	full	1.0	False	human_minus_computer	sub-132	f0	-0.03863319780918838	0.13245131862367654	-0.3594893543828749	-0.015902419555749947	0.17660289371047494
fit-rw_free_prior-full-prior1	rw_free_prior	full	1.0	False	human_minus_computer	sub-133	f0	-0.023171465195101885	0.1239787415082309	-0.28064541002822496	-0.011603389326650011	0.21951942235814945
fit-rw_free_prior-full-prior1	rw_free_prior	full	1.0	False	human_minus_computer	sub-134	f0	-0.11326124228552058	0.3198231258212401	-0.8301372596271253	-0.09203209046499994	0.5475657446539995
fit-rw_free_prior-full-prior1	rw_free_prior	full	1.0	False	human_minus_computer	sub-135	f0	-0.04334863356375836	0.15464856379659725	-0.37627579815125084	-0.03175829209999925	0.2895057080549999
fit-rw_free_prior-full-prior1	rw_free_prior	full	1.0	False	human_minus_computer	sub-136	f0	-0.14559347809538917	0.7738504730939616	-1.58278566695125	-0.18571742580750028	1.6190749342900004
fit-rw_free_prior-full-prior1	rw_free_prior	full	1.0	False	human_minus_computer	sub-137	f0	-0.36132702301466413	0.6083181030956736	-1.5604013583749992	-0.36228083797499977	0.8689086228124973
fit-rw_free_prior-full-prior1	rw_free_prior	full	1.0	False	human_minus_computer	sub-138	f0	-0.1063374297737762	0.4868522876540438	-1.25242848027875	-0.046968083201999966	0.8784530450747468
fit-rw_free_prior-full-prior1	rw_free_prior	full	1.0	False	human_minus_computer	sub-140	f0	-0.10955501623215637	0.4618650981954558	-1.1224947356016253	-0.06594115311999993	0.8951822814016244
fit-rw_free_prior-full-prior1	rw_free_prior	full	1.0	False	human_minus_computer	sub-141	f0	-0.02526824600531899	0.10342891920379593	-0.26579684542433746	-0.012293984929700012	0.17340419112968733
fit-rw_free_prior-full-prior1	rw_free_prior	full	1.0	False	human_minus_computer	sub-142	f0	-0.020594121030070606	0.12972028466024269	-0.27199543108281254	-0.011811950181400008	0.24796372995562485
fit-rw_free_prior-full-prior1	rw_free_prior	full	1.0	False	human_minus_computer	sub-143	f0	-0.12088778010932348	0.40600779177324964	-0.9523131996302501	-0.12244020070999995	0.7756584526251249
fit-rw_free_prior-full-prior1	rw_free_prior	full	1.0	False	human_minus_computer	sub-144	f0	-0.3202314906302167	0.4795509605055387	-1.3524572769124996	-0.3004133743000006	0.6193818227574969
fit-rw_free_prior-full-prior1	rw_free_prior	full	1.0	False	human_minus_computer	sub-147	f0	-0.13638260136276062	0.48691469655292907	-1.1787892951366254	-0.10158996693200001	0.9122505476267497
fit-rw_free_prior-full-prior1	rw_free_prior	full	1.0	False	human_minus_computer	sub-149	f0	-0.029015915705724482	0.38864676065333714	-0.7523158328442503	-0.06056843881499985	0.8543264112657502
fit-rw_free_prior-full-prior1	rw_free_prior	full	1.0	False	human_minus_computer	sub-150	f0	-0.15470559470120573	0.6546513314042213	-1.4074332795261253	-0.1820584544049999	1.2097852257526194
fit-rw_free_prior-full-prior1	rw_free_prior	full	1.0	False	human_minus_computer	sub-151	f0	-0.0139952670420875	0.7064407486285865	-1.2396099150297497	-0.09066487309999971	1.574730454646249
fit-rw_free_prior-full-prior1	rw_free_prior	full	1.0	False	human_minus_computer	sub-152	f0	-0.03460357199448421	0.13140112318236682	-0.3377884962558499	-0.014604220776749999	0.19997613227642488
fit-rw_free_prior-full-prior1	rw_free_prior	full	1.0	False	human_minus_computer	sub-153	f0	-0.9135595611616593	0.7330686895114337	-2.57198189081625	-0.8168227071350005	0.3027548221241255
fit-rw_free_prior-full-prior1	rw_free_prior	full	1.0	False	human_minus_computer	sub-154	f0	0.04916963703151666	0.5124352435885543	-0.7366116709687504	-0.04869291577499979	1.3387834589612524
fit-rw_free_prior-full-prior1	rw_free_prior	full	1.0	False	human_minus_computer	sub-155	f0	-0.01602191555651666	0.08857803554204466	-0.18085740388375005	-0.013456276599999484	0.17287699207999777
fit-rw_free_prior-full-prior1	rw_free_prior	full	1.0	False	human_minus_computer	sub-156	f0	-0.028990302655807397	0.10075589373654106	-0.26536825113758755	-0.013303025089650006	0.1541132239236747
fit-rw_free_prior-full-prior1	rw_free_prior	full	1.0	False	human_minus_computer	sub-157	f0	-0.04415992520751316	0.522107518664709	-0.9981035305897501	-0.07264180895997485	1.2616202316321221
fit-rw_free_prior-full-prior1	rw_free_prior	full	1.0	False	human_minus_computer	sub-158	f0	-0.1780985937364	0.5666139519728508	-1.2480230379962491	-0.2155623509250013	1.1181662441012499
fit-rw_free_prior-full-prior1	rw_free_prior	full	1.0	False	human_minus_computer	sub-159	f0	-0.11385782562446661	0.45228232442194377	-0.9443322432912494	-0.13508725460000015	0.9675137986162496
fit-rw_free_prior-full-prior1	rw_free_prior	full	1.0	False	human_minus_computer	sample_mean	f0	-0.20066409889493828	0.19284892644397048	-0.577051933567544	-0.20086613033136286	0.1833248769196413
fit-rw_free_prior-full-prior1	rw_free_prior	full	1.0	False	human_minus_computer	sub-104	epsilon	0.00010281936285418221	0.0015997783146398006	-0.0021929803389945	1.63802443347e-05	0.0027961684686114954
fit-rw_free_prior-full-prior1	rw_free_prior	full	1.0	False	human_minus_computer	sub-105	epsilon	-3.689658860557706e-05	0.02504655259619086	-0.056226464262215	0.00023770062775250187	0.04653578724968749
fit-rw_free_prior-full-prior1	rw_free_prior	full	1.0	False	human_minus_computer	sub-106	epsilon	4.358061891093194e-05	0.000439526397330446	-0.0008200111258062497	1.0734679436799998e-05	0.0010270072156640482
fit-rw_free_prior-full-prior1	rw_free_prior	full	1.0	False	human_minus_computer	sub-107	epsilon	0.0003865026059551493	0.0017194699237617311	-0.00174927166536725	3.0423822380500006e-05	0.0046194734163158705
fit-rw_free_prior-full-prior1	rw_free_prior	full	1.0	False	human_minus_computer	sub-108	epsilon	0.0003447111323387924	0.0024604267199819607	-0.0037781213944245	3.180470370209998e-05	0.005878329944325247
fit-rw_free_prior-full-prior1	rw_free_prior	full	1.0	False	human_minus_computer	sub-109	epsilon	0.0008110045438430658	0.0035909312570395683	-0.004462632188140875	9.200062614150013e-05	0.009352358177918749
fit-rw_free_prior-full-prior1	rw_free_prior	full	1.0	False	human_minus_computer	sub-110	epsilon	0.00024280366048065908	0.0026031218168870896	-0.004326908389247538	2.5427958998575e-05	0.005944722770025494
fit-rw_free_prior-full-prior1	rw_free_prior	full	1.0	False	human_minus_computer	sub-111	epsilon	-0.00021174754797792498	0.021831545811771488	-0.050394062544525005	0.0014135921620500001	0.03863641055487623
fit-rw_free_prior-full-prior1	rw_free_prior	full	1.0	False	human_minus_computer	sub-112	epsilon	-0.0020800857792959157	0.04740116534733774	-0.11670737091915001	0.0008338055789499999	0.08048960263544494
fit-rw_free_prior-full-prior1	rw_free_prior	full	1.0	False	human_minus_computer	sub-113	epsilon	7.680565321913629e-05	0.001021296954806514	-0.0019446636781692622	1.5146045313224998e-05	0.002273813210638873
fit-rw_free_prior-full-prior1	rw_free_prior	full	1.0	False	human_minus_computer	sub-115	epsilon	0.0016416087712508509	0.02610942645674209	-0.03900318488502498	3.665719895899999e-05	0.05680236835770498
fit-rw_free_prior-full-prior1	rw_free_prior	full	1.0	False	human_minus_computer	sub-116	epsilon	3.148603519724503e-05	0.000514095487214039	-0.0009444294518408749	1.1991431308499997e-05	0.0010508656129462497
fit-rw_free_prior-full-prior1	rw_free_prior	full	1.0	False	human_minus_computer	sub-117	epsilon	8.680311840023964e-06	0.00278663656001619	-0.003142670248575126	1.7037732060925005e-05	0.003162251838259874
fit-rw_free_prior-full-prior1	rw_free_prior	full	1.0	False	human_minus_computer	sub-118	epsilon	-0.00037496910544468825	0.015737441960307585	-0.03144994464294375	2.1126175018525003e-05	0.02468482925188125
fit-rw_free_prior-full-prior1	rw_free_prior	full	1.0	False	human_minus_computer	sub-121	epsilon	0.005576018774979491	0.013880293842211887	-0.012731449917396498	0.0019516009622749992	0.04269819337904746
fit-rw_free_prior-full-prior1	rw_free_prior	full	1.0	False	human_minus_computer	sub-122	epsilon	0.00013481533657964267	0.0031129303404857957	-0.003092391563609001	2.0288860478574996e-05	0.004089732914961991
fit-rw_free_prior-full-prior1	rw_free_prior	full	1.0	False	human_minus_computer	sub-124	epsilon	0.0007291180430215877	0.005195784602905324	-0.00973810396801525	0.00021292259605250005	0.01227039165915374
fit-rw_free_prior-full-prior1	rw_free_prior	full	1.0	False	human_minus_computer	sub-125	epsilon	0.00023018807592778916	0.0037370158815660656	-0.008036913000496249	4.3808921594149666e-05	0.008572668477235493
fit-rw_free_prior-full-prior1	rw_free_prior	full	1.0	False	human_minus_computer	sub-126	epsilon	2.438964611994521e-05	0.000975670212801122	-0.0019237087552444994	1.3232959607775001e-05	0.001849087011325375
fit-rw_free_prior-full-prior1	rw_free_prior	full	1.0	False	human_minus_computer	sub-127	epsilon	2.1138940620347626e-05	0.0004613630452416735	-0.001049776994321225	8.836209697925004e-06	0.0009825673051951209
fit-rw_free_prior-full-prior1	rw_free_prior	full	1.0	False	human_minus_computer	sub-128	epsilon	2.6456678985316273e-05	0.0002959633213234911	-0.0006656817163820625	9.468879216749967e-06	0.0006971113711440245
fit-rw_free_prior-full-prior1	rw_free_prior	full	1.0	False	human_minus_computer	sub-129	epsilon	-3.0015776805444357e-05	0.0016086189582502771	-0.003527116392687125	1.5621544341150014e-05	0.0028071174949823746
fit-rw_free_prior-full-prior1	rw_free_prior	full	1.0	False	human_minus_computer	sub-130	epsilon	2.3361543841692836e-05	0.0008526938657419098	-0.0017661182321337498	1.3882623891874998e-05	0.0016559731174369987
fit-rw_free_prior-full-prior1	rw_free_prior	full	1.0	False	human_minus_computer	sub-132	epsilon	8.561031298036507e-05	0.0013168456821359663	-0.0018283307131143746	1.5165032925475004e-05	0.0022421865847288744
fit-rw_free_prior-full-prior1	rw_free_prior	full	1.0	False	human_minus_computer	sub-133	epsilon	8.272156553768646e-05	0.0008434082994770494	-0.001587048744417875	1.4749373072050212e-05	0.0018781528500963689
fit-rw_free_prior-full-prior1	rw_free_prior	full	1.0	False	human_minus_computer	sub-134	epsilon	0.00011411773294482223	0.0031696124194488637	-0.004662054834017125	2.8073617235575023e-05	0.004760166883544247
fit-rw_free_prior-full-prior1	rw_free_prior	full	1.0	False	human_minus_computer	sub-135	epsilon	1.5675908399490254e-05	0.0002866723915684407	-0.0005683824043851376	7.3099165966999895e-06	0.0005957801101769241
fit-rw_free_prior-full-prior1	rw_free_prior	full	1.0	False	human_minus_computer	sub-136	epsilon	-0.0012052792185096172	0.024054536097510845	-0.061553668292237476	6.735277248295003e-05	0.04013448454224945
fit-rw_free_prior-full-prior1	rw_free_prior	full	1.0	False	human_minus_computer	sub-137	epsilon	5.3581981021043e-05	0.0008463918506472507	-0.0016456593156645	1.3174507082499979e-05	0.0017748376988301461
fit-rw_free_prior-full-prior1	rw_free_prior	full	1.0	False	human_minus_computer	sub-138	epsilon	0.020972489898197368	0.058316597879248866	-0.07482744445206249	0.005654456149050014	0.16851665435073732
fit-rw_free_prior-full-prior1	rw_free_prior	full	1.0	False	human_minus_computer	sub-140	epsilon	0.004156901802000655	0.051719483853885945	-0.1071187287597325	0.00014844086846449315	0.1264014700554374
fit-rw_free_prior-full-prior1	rw_free_prior	full	1.0	False	human_minus_computer	sub-141	epsilon	0.00012899270081540205	0.0009453534050055927	-0.00152246704181405	1.6237352440900012e-05	0.00236298169932587
fit-rw_free_prior-full-prior1	rw_free_prior	full	1.0	False	human_minus_computer	sub-142	epsilon	0.00012668898100360186	0.0017561439846660763	-0.0017919575437745	1.8388273678974998e-05	0.002302053076130248
fit-rw_free_prior-full-prior1	rw_free_prior	full	1.0	False	human_minus_computer	sub-143	epsilon	0.000304028646415501	0.004978835092103839	-0.009735092025377002	4.535992247337506e-05	0.010817214702676223
fit-rw_free_prior-full-prior1	rw_free_prior	full	1.0	False	human_minus_computer	sub-144	epsilon	0.00016056508256007989	0.0007162180252762604	-0.00102986665217775	2.3796521299174957e-05	0.0019418253318184743
fit-rw_free_prior-full-prior1	rw_free_prior	full	1.0	False	human_minus_computer	sub-147	epsilon	0.0015320043140243007	0.010359398413477244	-0.017657565037436252	0.00013810091308274992	0.025868971575121233
fit-rw_free_prior-full-prior1	rw_free_prior	full	1.0	False	human_minus_computer	sub-149	epsilon	0.00028368966165734854	0.0026646122420828965	-0.002360799351835	2.4926602225249905e-05	0.004244208693187871
fit-rw_free_prior-full-prior1	rw_free_prior	full	1.0	False	human_minus_computer	sub-150	epsilon	-0.0028856282666194265	0.019089620220732007	-0.049689324567999994	1.8680272526349988e-05	0.021870394095934918
fit-rw_free_prior-full-prior1	rw_free_prior	full	1.0	False	human_minus_computer	sub-151	epsilon	3.7691521913189155e-05	0.0007550529765290193	-0.0015049077409744994	1.0869583961299998e-05	0.0015627989312322484
fit-rw_free_prior-full-prior1	rw_free_prior	full	1.0	False	human_minus_computer	sub-152	epsilon	0.00012120407469137955	0.001312788267198267	-0.0018555720255443752	1.9026955997249968e-05	0.002717805527678748
fit-rw_free_prior-full-prior1	rw_free_prior	full	1.0	False	human_minus_computer	sub-153	epsilon	0.00038883903844129115	0.0030912024261615877	-0.0030214512734858764	2.1082250348500013e-05	0.005941055262176219
fit-rw_free_prior-full-prior1	rw_free_prior	full	1.0	False	human_minus_computer	sub-154	epsilon	-1.0982470535588063e-06	0.0003755492358501043	-0.0007784665482318247	6.236854680225001e-06	0.0006553076365282498
fit-rw_free_prior-full-prior1	rw_free_prior	full	1.0	False	human_minus_computer	sub-155	epsilon	1.728121946987e-05	0.00022018029103259898	-0.0004432073266719375	6.736241657860006e-06	0.0004750301307351997
fit-rw_free_prior-full-prior1	rw_free_prior	full	1.0	False	human_minus_computer	sub-156	epsilon	5.5145431579672114e-05	0.002167115695646169	-0.001700375715961	1.5556426099324998e-05	0.001854563591786624
fit-rw_free_prior-full-prior1	rw_free_prior	full	1.0	False	human_minus_computer	sub-157	epsilon	0.010034725516621901	0.03226932923188114	-0.05085267248091374	0.006693143387974998	0.08039974640701748
fit-rw_free_prior-full-prior1	rw_free_prior	full	1.0	False	human_minus_computer	sub-158	epsilon	-0.00047300884119640894	0.002539908397715632	-0.007061465017802751	3.1662614899995514e-06	0.003759091357625498
fit-rw_free_prior-full-prior1	rw_free_prior	full	1.0	False	human_minus_computer	sub-159	epsilon	0.000550744932466852	0.0027777486378690944	-0.005352191274522375	0.0005256995363424992	0.006113547862360499
fit-rw_free_prior-full-prior1	rw_free_prior	full	1.0	False	human_minus_computer	sample_mean	epsilon	0.0009016906529191299	0.004629699814228035	-0.008747100257859148	0.0009613389526331148	0.010039611708855435
fit-rw_free_prior-run1-prior1	rw_free_prior	run1	1.0	False	similar_minus_dissimilar	sub-104	alpha	-0.009407237167913977	0.05320866570703407	-0.14355942055625	-0.002008401507000046	0.07461657018744972
fit-rw_free_prior-run1-prior1	rw_free_prior	run1	1.0	False	similar_minus_dissimilar	sub-105	alpha	-0.0052892724706995	0.05496218941667617	-0.13009929167527506	-0.001994443199000051	0.10513043320782492
fit-rw_free_prior-run1-prior1	rw_free_prior	run1	1.0	False	similar_minus_dissimilar	sub-106	alpha	-0.005316777079300833	0.04017430638877376	-0.09861308856025001	-0.002021792791499999	0.07343815641547492
fit-rw_free_prior-run1-prior1	rw_free_prior	run1	1.0	False	similar_minus_dissimilar	sub-107	alpha	-0.03053799238868833	0.08673071621755808	-0.30317471735455	-0.004112278246000023	0.0583218622894499
fit-rw_free_prior-run1-prior1	rw_free_prior	run1	1.0	False	similar_minus_dissimilar	sub-108	alpha	-0.024818033831135334	0.07805282418562828	-0.267273206818525	-0.0033997805940000347	0.06241688658325005
fit-rw_free_prior-run1-prior1	rw_free_prior	run1	1.0	False	similar_minus_dissimilar	sub-109	alpha	-0.008377300303365054	0.05495517086444815	-0.1446532793736	-0.0022655315894999917	0.08224419634872493
fit-rw_free_prior-run1-prior1	rw_free_prior	run1	1.0	False	similar_minus_dissimilar	sub-110	alpha	-0.0005066604899891666	0.05037685856525923	-0.10303888700630001	-0.0013913101420000018	0.1241080757087499
fit-rw_free_prior-run1-prior1	rw_free_prior	run1	1.0	False	similar_minus_dissimilar	sub-111	alpha	0.0017336158190393335	0.04864476225997555	-0.08493956998205002	-0.0010938701209999846	0.11807250548669998
fit-rw_free_prior-run1-prior1	rw_free_prior	run1	1.0	False	similar_minus_dissimilar	sub-112	alpha	-0.004205001450859	0.042850634857313774	-0.09499940510707501	-0.001950581429000009	0.0814553863511498
fit-rw_free_prior-run1-prior1	rw_free_prior	run1	1.0	False	similar_minus_dissimilar	sub-113	alpha	-0.006937265979627833	0.046310726405040636	-0.11975388288430008	-0.001915786088999949	0.07852525590864982
fit-rw_free_prior-run1-prior1	rw_free_prior	run1	1.0	False	similar_minus_dissimilar	sub-115	alpha	-0.0067802434328214835	0.05721015009073062	-0.13721784796360012	-0.0020879042849999974	0.09327465714232482
fit-rw_free_prior-run1-prior1	rw_free_prior	run1	1.0	False	similar_minus_dissimilar	sub-116	alpha	-0.009912709413474	0.04489967620961062	-0.12832471072307505	-0.002821898746000029	0.06277407612810001
fit-rw_free_prior-run1-prior1	rw_free_prior	run1	1.0	False	similar_minus_dissimilar	sub-117	alpha	-0.0086544135991565	0.048022362401474554	-0.12644837402609993	-0.00247670801800004	0.07091156640199994
fit-rw_free_prior-run1-prior1	rw_free_prior	run1	1.0	False	similar_minus_dissimilar	sub-118	alpha	-0.013460384919944167	0.05685164338427139	-0.17362784164985	-0.0028450592514999706	0.06990527042854995
fit-rw_free_prior-run1-prior1	rw_free_prior	run1	1.0	False	similar_minus_dissimilar	sub-121	alpha	-0.008117133580826667	0.0594316675052454	-0.15759331181955	-0.0019711291280000154	0.10609825692949985
fit-rw_free_prior-run1-prior1	rw_free_prior	run1	1.0	False	similar_minus_dissimilar	sub-122	alpha	-0.008876306220317386	0.05576846322219843	-0.13774851623825	-0.0024501833259999994	0.08028829899177474
fit-rw_free_prior-run1-prior1	rw_free_prior	run1	1.0	False	similar_minus_dissimilar	sub-124	alpha	-0.006709249405454264	0.048962605425313666	-0.12056822190657503	-0.002048233507999986	0.08051191553095001
fit-rw_free_prior-run1-prior1	rw_free_prior	run1	1.0	False	similar_minus_dissimilar	sub-125	alpha	-0.012874847581976502	0.05685884087302412	-0.175303394768175	-0.002775352346000015	0.07945046945857488
fit-rw_free_prior-run1-prior1	rw_free_prior	run1	1.0	False	similar_minus_dissimilar	sub-126	alpha	-0.0080040742554214	0.05369001392544748	-0.1371306519342	-0.0025019957194999942	0.08422748781069948
fit-rw_free_prior-run1-prior1	rw_free_prior	run1	1.0	False	similar_minus_dissimilar	sub-127	alpha	0.003747569984537166	0.0481765060912748	-0.07191103972654996	-0.0011091502905000161	0.13615919107269997
fit-rw_free_prior-run1-prior1	rw_free_prior	run1	1.0	False	similar_minus_dissimilar	sub-128	alpha	-0.006546032499772834	0.026214172737544738	-0.07385794020179991	-0.0022865082224999833	0.03759286713510003
fit-rw_free_prior-run1-prior1	rw_free_prior	run1	1.0	False	similar_minus_dissimilar	sub-129	alpha	-0.007578194265178666	0.04716060686945164	-0.12722766287109993	-0.0022216544354999868	0.07915575894702499
fit-rw_free_prior-run1-prior1	rw_free_prior	run1	1.0	False	similar_minus_dissimilar	sub-130	alpha	-0.008386318248531827	0.05373975400951242	-0.144173038953325	-0.002169062228499996	0.08018707308637496
fit-rw_free_prior-run1-prior1	rw_free_prior	run1	1.0	False	similar_minus_dissimilar	sub-132	alpha	-0.009377050113353887	0.05521252805963682	-0.14734888438285	-0.0025960268870000025	0.07930914367452496
fit-rw_free_prior-run1-prior1	rw_free_prior	run1	1.0	False	similar_minus_dissimilar	sub-133	alpha	-0.009075644646318194	0.05325846528907472	-0.147890355338825	-0.0022220963160000107	0.07786898501157477
fit-rw_free_prior-run1-prior1	rw_free_prior	run1	1.0	False	similar_minus_dissimilar	sub-134	alpha	-0.008499345131334081	0.05259987614438494	-0.136268831480425	-0.0022916904406399914	0.0773409921205246
fit-rw_free_prior-run1-prior1	rw_free_prior	run1	1.0	False	similar_minus_dissimilar	sub-135	alpha	5.026037427333004e-06	0.03747708285362427	-0.0670022571904	-0.0014469700274999941	0.08448402167985003
fit-rw_free_prior-run1-prior1	rw_free_prior	run1	1.0	False	similar_minus_dissimilar	sub-136	alpha	-0.004525738807264333	0.040312944363212776	-0.09399721761325004	-0.001965619037499977	0.0777450291493748
fit-rw_free_prior-run1-prior1	rw_free_prior	run1	1.0	False	similar_minus_dissimilar	sub-137	alpha	-0.012688426486111164	0.04832266491739386	-0.15489049940197502	-0.0028362115764999918	0.05748799865704983
fit-rw_free_prior-run1-prior1	rw_free_prior	run1	1.0	False	similar_minus_dissimilar	sub-138	alpha	-0.008572708881695635	0.04807754275383383	-0.12689990218022498	-0.002467701742000006	0.07005893784219991
fit-rw_free_prior-run1-prior1	rw_free_prior	run1	1.0	False	similar_minus_dissimilar	sub-140	alpha	-0.0065583565572668095	0.05452500037571524	-0.138209976871925	-0.0023379535840000187	0.09410135218210007
fit-rw_free_prior-run1-prior1	rw_free_prior	run1	1.0	False	similar_minus_dissimilar	sub-141	alpha	-0.007878566153016677	0.053928981637208606	-0.13322269756317492	-0.0023020736369999684	0.08250509887957481
fit-rw_free_prior-run1-prior1	rw_free_prior	run1	1.0	False	similar_minus_dissimilar	sub-142	alpha	-0.008516780222892139	0.05327493801109172	-0.14328940692035008	-0.0021972347790000235	0.08485613926349954
fit-rw_free_prior-run1-prior1	rw_free_prior	run1	1.0	False	similar_minus_dissimilar	sub-143	alpha	-0.009436083516625815	0.054391170043422025	-0.14424776871715003	-0.002474601620500061	0.07540458443022491
fit-rw_free_prior-run1-prior1	rw_free_prior	run1	1.0	False	similar_minus_dissimilar	sub-144	alpha	-0.008989080631359166	0.04027032195988079	-0.11592086723610004	-0.002333977172999935	0.05954605570894996
fit-rw_free_prior-run1-prior1	rw_free_prior	run1	1.0	False	similar_minus_dissimilar	sub-147	alpha	-0.005350048260787783	0.04991976311570992	-0.11582764247752503	-0.002043554827500016	0.09279368938097489
fit-rw_free_prior-run1-prior1	rw_free_prior	run1	1.0	False	similar_minus_dissimilar	sub-149	alpha	-0.009037906395301361	0.053747219467907136	-0.14283667553439997	-0.002241521511500033	0.07583109793022498
fit-rw_free_prior-run1-prior1	rw_free_prior	run1	1.0	False	similar_minus_dissimilar	sub-150	alpha	-0.0155660733735175	0.057803978540183265	-0.18506672970787502	-0.0029221619929999942	0.06451539344304988
fit-rw_free_prior-run1-prior1	rw_free_prior	run1	1.0	False	similar_minus_dissimilar	sub-151	alpha	-0.004652820553282667	0.041987168594796856	-0.10090285635322499	-0.002011746377500012	0.0797681136988249
fit-rw_free_prior-run1-prior1	rw_free_prior	run1	1.0	False	similar_minus_dissimilar	sub-152	alpha	-0.008483396017931685	0.055302863872067495	-0.144353759696925	-0.002121750248499976	0.08434803410059993
fit-rw_free_prior-run1-prior1	rw_free_prior	run1	1.0	False	similar_minus_dissimilar	sub-153	alpha	-0.0074687224125165	0.050177931420265796	-0.1330459467086249	-0.0019803207629999764	0.07910781102517495
fit-rw_free_prior-run1-prior1	rw_free_prior	run1	1.0	False	similar_minus_dissimilar	sub-154	alpha	-0.008106691515974167	0.04242431044087394	-0.11433411361567498	-0.002529891668999973	0.07026496401177483
fit-rw_free_prior-run1-prior1	rw_free_prior	run1	1.0	False	similar_minus_dissimilar	sub-155	alpha	-0.004123010318791833	0.024139200174752715	-0.061091839665125006	-0.002027189255000006	0.044428690975850026
fit-rw_free_prior-run1-prior1	rw_free_prior	run1	1.0	False	similar_minus_dissimilar	sub-156	alpha	-0.009245504021756334	0.05356320734136741	-0.14343022904657501	-0.00234453686949998	0.07834860317827483
fit-rw_free_prior-run1-prior1	rw_free_prior	run1	1.0	False	similar_minus_dissimilar	sub-157	alpha	-0.008535476925584165	0.0459967531424881	-0.12496316081514998	-0.0022092850029999944	0.07198146332682503
fit-rw_free_prior-run1-prior1	rw_free_prior	run1	1.0	False	similar_minus_dissimilar	sub-158	alpha	-0.012815933636011667	0.04685400550301343	-0.14179037466457495	-0.003284097438999989	0.06268131576194999
fit-rw_free_prior-run1-prior1	rw_free_prior	run1	1.0	False	similar_minus_dissimilar	sub-159	alpha	-0.005223363309895333	0.03495023942027931	-0.08972208622382494	-0.002022484635999966	0.06358745591657498
fit-rw_free_prior-run1-prior1	rw_free_prior	run1	1.0	False	similar_minus_dissimilar	sample_mean	alpha	-0.008266722651745528	0.03304311923118321	-0.09135512890045534	-0.0036326448157978823	0.05130166204121379
fit-rw_free_prior-run1-prior1	rw_free_prior	run1	1.0	False	similar_minus_dissimilar	sub-104	gamma	0.00047675846480049966	0.06368070737054247	-0.13328870053267497	-0.0003512789729999688	0.14685229462437488
fit-rw_free_prior-run1-prior1	rw_free_prior	run1	1.0	False	similar_minus_dissimilar	sub-105	gamma	-0.1233347011187975	0.18368039622465243	-0.526889437307475	-0.08791996982400002	0.18300953339164974
fit-rw_free_prior-run1-prior1	rw_free_prior	run1	1.0	False	similar_minus_dissimilar	sub-106	gamma	-0.0027568910542466666	0.06926617491385698	-0.1565688959594501	-0.000621747296499997	0.15021104390509904
fit-rw_free_prior-run1-prior1	rw_free_prior	run1	1.0	False	similar_minus_dissimilar	sub-107	gamma	-0.101594283587354	0.19869749472367204	-0.512792672848125	-0.086186218822	0.28280182648292473
fit-rw_free_prior-run1-prior1	rw_free_prior	run1	1.0	False	similar_minus_dissimilar	sub-108	gamma	0.03275468776731335	0.18491131902506583	-0.334579018483375	0.008098168008999984	0.44745417017077477
fit-rw_free_prior-run1-prior1	rw_free_prior	run1	1.0	False	similar_minus_dissimilar	sub-109	gamma	-0.0065299744949225	0.07647784787806733	-0.19057339751164995	-0.0008051806614999824	0.15064411830027424
fit-rw_free_prior-run1-prior1	rw_free_prior	run1	1.0	False	similar_minus_dissimilar	sub-110	gamma	0.012408402010036549	0.17557614763560034	-0.34212396624087493	0.005038800073999983	0.37303790348935
fit-rw_free_prior-run1-prior1	rw_free_prior	run1	1.0	False	similar_minus_dissimilar	sub-111	gamma	-0.011530857884508501	0.09979430920476957	-0.2667081521006999	-0.0013032108205000004	0.18865179642139976
fit-rw_free_prior-run1-prior1	rw_free_prior	run1	1.0	False	similar_minus_dissimilar	sub-112	gamma	-0.0025929751709050006	0.07448114180304137	-0.17291394097442503	-0.00047986470399996595	0.16712773087197455
fit-rw_free_prior-run1-prior1	rw_free_prior	run1	1.0	False	similar_minus_dissimilar	sub-113	gamma	0.0034258149283745	0.09076044230026227	-0.17789189490325003	-0.00034070321050000407	0.22738491931767454
fit-rw_free_prior-run1-prior1	rw_free_prior	run1	1.0	False	similar_minus_dissimilar	sub-115	gamma	-0.042638116259125905	0.07265704746144767	-0.19184936572556502	-0.037418866301409996	0.10193635808982232
fit-rw_free_prior-run1-prior1	rw_free_prior	run1	1.0	False	similar_minus_dissimilar	sub-116	gamma	-0.0012664183072199986	0.0732724262414899	-0.1674268006824	-0.0005404004985000155	0.1679733689078249
fit-rw_free_prior-run1-prior1	rw_free_prior	run1	1.0	False	similar_minus_dissimilar	sub-117	gamma	-7.948950131000018e-06	0.07710473115440712	-0.1691770532984999	-0.00038955001050000604	0.17754366951749903
fit-rw_free_prior-run1-prior1	rw_free_prior	run1	1.0	False	similar_minus_dissimilar	sub-118	gamma	-0.3194218237053038	0.16759298352232546	-0.6610177759281126	-0.3146104707845	-0.01629477188080008
fit-rw_free_prior-run1-prior1	rw_free_prior	run1	1.0	False	similar_minus_dissimilar	sub-121	gamma	0.03265860271057305	0.1495404147372269	-0.247500554825525	0.0031022790579999793	0.40672975640524994
fit-rw_free_prior-run1-prior1	rw_free_prior	run1	1.0	False	similar_minus_dissimilar	sub-122	gamma	0.051454776814720674	0.14637963912047502	-0.19840888154299993	0.008578780815999998	0.4274935437125
fit-rw_free_prior-run1-prior1	rw_free_prior	run1	1.0	False	similar_minus_dissimilar	sub-124	gamma	-0.0008794140241601672	0.07315608957808216	-0.1657655150988	-0.00041795675000000365	0.16923504268364975
fit-rw_free_prior-run1-prior1	rw_free_prior	run1	1.0	False	similar_minus_dissimilar	sub-125	gamma	0.0600088508190326	0.2169797599647981	-0.363525363395025	0.047101181863000025	0.5062886109363497
fit-rw_free_prior-run1-prior1	rw_free_prior	run1	1.0	False	similar_minus_dissimilar	sub-126	gamma	-0.006149185792810165	0.07085462715729324	-0.18694359798777505	-0.0008088430299999505	0.13516193819637498
fit-rw_free_prior-run1-prior1	rw_free_prior	run1	1.0	False	similar_minus_dissimilar	sub-127	gamma	0.003228647720381833	0.08682073456294619	-0.17744023461417496	-0.00022267129699998778	0.22279339244897503
fit-rw_free_prior-run1-prior1	rw_free_prior	run1	1.0	False	similar_minus_dissimilar	sub-128	gamma	0.0010872079447655008	0.08780215062067144	-0.184549572056175	-0.0001623635244999977	0.2122171804201748
fit-rw_free_prior-run1-prior1	rw_free_prior	run1	1.0	False	similar_minus_dissimilar	sub-129	gamma	0.00021781799170066647	0.09107549381494327	-0.19772304612142505	-0.0004986068484999495	0.22677207013530004
fit-rw_free_prior-run1-prior1	rw_free_prior	run1	1.0	False	similar_minus_dissimilar	sub-130	gamma	-0.011872089949683168	0.09514590831924795	-0.25356162901397494	-0.0018376478800000151	0.186457804072125
fit-rw_free_prior-run1-prior1	rw_free_prior	run1	1.0	False	similar_minus_dissimilar	sub-132	gamma	0.001106008887932499	0.0699352907402346	-0.13950766669514997	-0.00045986141550008464	0.16659485536357477
fit-rw_free_prior-run1-prior1	rw_free_prior	run1	1.0	False	similar_minus_dissimilar	sub-133	gamma	0.00019924946003033346	0.07281908032476281	-0.16279589729155006	-0.0005866381569999968	0.17108393954869974
fit-rw_free_prior-run1-prior1	rw_free_prior	run1	1.0	False	similar_minus_dissimilar	sub-134	gamma	0.008504364608375501	0.104288193822904	-0.20465348296852506	-8.541538000000903e-05	0.27388936474482456
fit-rw_free_prior-run1-prior1	rw_free_prior	run1	1.0	False	similar_minus_dissimilar	sub-135	gamma	0.4110092718362132	0.2169742610647467	0.020628034600900014	0.4051595017085	0.8121514631492799
fit-rw_free_prior-run1-prior1	rw_free_prior	run1	1.0	False	similar_minus_dissimilar	sub-136	gamma	2.200044807666002e-06	0.06838858345280555	-0.14410461265290003	-0.00035705770600003017	0.15973678535467484
fit-rw_free_prior-run1-prior1	rw_free_prior	run1	1.0	False	similar_minus_dissimilar	sub-137	gamma	-0.01071847010506733	0.07949864714790379	-0.20233017652505003	-0.0013480307639999745	0.14625993626945
fit-rw_free_prior-run1-prior1	rw_free_prior	run1	1.0	False	similar_minus_dissimilar	sub-138	gamma	-0.007079562192116418	0.19460229735767134	-0.40412683635527497	-0.005682646398500024	0.3956572227501246
fit-rw_free_prior-run1-prior1	rw_free_prior	run1	1.0	False	similar_minus_dissimilar	sub-140	gamma	0.21158617334098798	0.20147330391062035	-0.13572439960020002	0.19541264257249996	0.633080940247775
fit-rw_free_prior-run1-prior1	rw_free_prior	run1	1.0	False	similar_minus_dissimilar	sub-141	gamma	0.004022534771788999	0.092994954814654	-0.19557796679565	-0.0002045277630000064	0.23652013957994977
fit-rw_free_prior-run1-prior1	rw_free_prior	run1	1.0	False	similar_minus_dissimilar	sub-142	gamma	-0.004359053633834669	0.07613622861086322	-0.1830501323029251	-0.0006557707150000591	0.15811635303077487
fit-rw_free_prior-run1-prior1	rw_free_prior	run1	1.0	False	similar_minus_dissimilar	sub-143	gamma	-0.0071498333641055	0.08992560857380506	-0.22208395389507496	-0.0009654717400000568	0.17915838957477484
fit-rw_free_prior-run1-prior1	rw_free_prior	run1	1.0	False	similar_minus_dissimilar	sub-144	gamma	-0.0030706214978035	0.07326000810168226	-0.17352246067507496	-0.0003583565489999607	0.14897533535974972
fit-rw_free_prior-run1-prior1	rw_free_prior	run1	1.0	False	similar_minus_dissimilar	sub-147	gamma	-0.008006895277772317	0.20529066783403238	-0.4219686937204	-0.006263584342500017	0.4012320310119723
fit-rw_free_prior-run1-prior1	rw_free_prior	run1	1.0	False	similar_minus_dissimilar	sub-149	gamma	0.013487433278593168	0.0953870572673109	-0.16263924568492497	0.0005156455939999693	0.27177435429017477
fit-rw_free_prior-run1-prior1	rw_free_prior	run1	1.0	False	similar_minus_dissimilar	sub-150	gamma	-0.07502251218120282	0.148225997644136	-0.4475120863846	-0.021861896371	0.15329775497745002
fit-rw_free_prior-run1-prior1	rw_free_prior	run1	1.0	False	similar_minus_dissimilar	sub-151	gamma	-0.004314471929135165	0.07471713727808733	-0.17918001867527497	-0.0009316020385000123	0.16283035485922492
fit-rw_free_prior-run1-prior1	rw_free_prior	run1	1.0	False	similar_minus_dissimilar	sub-152	gamma	-0.0016582057629043333	0.06538905891687316	-0.14892433885967502	-0.00023422498850000917	0.1469489225491997
fit-rw_free_prior-run1-prior1	rw_free_prior	run1	1.0	False	similar_minus_dissimilar	sub-153	gamma	-0.004266596480785168	0.07289269358520999	-0.16947416943687507	-0.0006764235569999832	0.1525291948532499
fit-rw_free_prior-run1-prior1	rw_free_prior	run1	1.0	False	similar_minus_dissimilar	sub-154	gamma	-0.34748395042144786	0.2028310483794028	-0.704970445303825	-0.3565362938215	0.046742562279849624
fit-rw_free_prior-run1-prior1	rw_free_prior	run1	1.0	False	similar_minus_dissimilar	sub-155	gamma	-0.0014166828668349997	0.07217198236880304	-0.15530265835980003	-0.0003897462634999682	0.15231795250144997
fit-rw_free_prior-run1-prior1	rw_free_prior	run1	1.0	False	similar_minus_dissimilar	sub-156	gamma	-0.006107328539042333	0.06661355482174587	-0.167009626993775	-0.0008094308874999623	0.12965004739295002
fit-rw_free_prior-run1-prior1	rw_free_prior	run1	1.0	False	similar_minus_dissimilar	sub-157	gamma	-0.012651867166928331	0.0884292070872292	-0.24441854224667497	-0.0016006514219999435	0.16636876822667424
fit-rw_free_prior-run1-prior1	rw_free_prior	run1	1.0	False	similar_minus_dissimilar	sub-158	gamma	-0.008890947813557168	0.09180282196915933	-0.23130953476804997	-0.0010763741049999997	0.18417246333322496
fit-rw_free_prior-run1-prior1	rw_free_prior	run1	1.0	False	similar_minus_dissimilar	sub-159	gamma	-0.0469223064144155	0.12388134813384158	-0.38966136994385	-0.007929710905500043	0.14658280973575
fit-rw_free_prior-run1-prior1	rw_free_prior	run1	1.0	False	similar_minus_dissimilar	sample_mean	gamma	-0.00706500388395092	0.0330168138044136	-0.07016377264688553	-0.007938775841208506	0.05856274527104747
fit-rw_free_prior-run1-prior1	rw_free_prior	run1	1.0	False	similar_minus_dissimilar	sub-104	f0	0.0013974857831083169	0.21519588234282355	-0.465793401527325	0.0023618510742500036	0.4282291819679749
fit-rw_free_prior-run1-prior1	rw_free_prior	run1	1.0	False	similar_minus_dissimilar	sub-105	f0	0.64858774940771	1.2331151864540277	-1.5853595814159998	0.5241372554150008	3.476471321792746
fit-rw_free_prior-run1-prior1	rw_free_prior	run1	1.0	False	similar_minus_dissimilar	sub-106	f0	0.20231656193442832	1.0009887725421582	-1.7961296012325	0.17293648255000083	2.2705052356399977
fit-rw_free_prior-run1-prior1	rw_free_prior	run1	1.0	False	similar_minus_dissimilar	sub-107	f0	-1.0552517150726433	1.5494405685320358	-4.748196247976749	-0.7386758761900003	1.2078874782799984
fit-rw_free_prior-run1-prior1	rw_free_prior	run1	1.0	False	similar_minus_dissimilar	sub-108	f0	-1.2439956858328118	1.5705879253350676	-4.7416718995755	-1.0071356733999997	1.2311312450975005
fit-rw_free_prior-run1-prior1	rw_free_prior	run1	1.0	False	similar_minus_dissimilar	sub-109	f0	0.02112037472217637	0.3505884191331798	-0.73644281479935	0.006408264470949991	0.82140141507075
fit-rw_free_prior-run1-prior1	rw_free_prior	run1	1.0	False	similar_minus_dissimilar	sub-110	f0	0.8362724949177567	1.2096583540399868	-1.2722760390572494	0.7094046648050001	3.518225726810249
fit-rw_free_prior-run1-prior1	rw_free_prior	run1	1.0	False	similar_minus_dissimilar	sub-111	f0	0.74499353212863	1.280773492811064	-1.2654498158525005	0.5066826764499996	3.990015729482496
fit-rw_free_prior-run1-prior1	rw_free_prior	run1	1.0	False	similar_minus_dissimilar	sub-112	f0	0.22712603106428159	0.7675777417542451	-1.1942434671544997	0.08873003682000008	2.0368163728827486
fit-rw_free_prior-run1-prior1	rw_free_prior	run1	1.0	False	similar_minus_dissimilar	sub-113	f0	0.12281121589084834	1.1056016720459394	-2.0428012066795	0.1040343051499999	2.488460801280998
fit-rw_free_prior-run1-prior1	rw_free_prior	run1	1.0	False	similar_minus_dissimilar	sub-115	f0	0.1875507760230643	1.0446093520933888	-1.84472799712125	0.0329942728254998	2.76082945894825
fit-rw_free_prior-run1-prior1	rw_free_prior	run1	1.0	False	similar_minus_dissimilar	sub-116	f0	-0.22062040392212667	0.9884911847517103	-2.3514731317675004	-0.15554048929999986	1.6066801312524988
fit-rw_free_prior-run1-prior1	rw_free_prior	run1	1.0	False	similar_minus_dissimilar	sub-117	f0	0.08879273332877756	0.6536430290708931	-1.2030080758715003	0.043542003359999915	1.5121171611064976
fit-rw_free_prior-run1-prior1	rw_free_prior	run1	1.0	False	similar_minus_dissimilar	sub-118	f0	-0.27673081584634424	1.3158357548461288	-3.224955262025	-0.16675704845000006	2.1442258900599995
fit-rw_free_prior-run1-prior1	rw_free_prior	run1	1.0	False	similar_minus_dissimilar	sub-121	f0	0.21322880926680166	1.261528195429199	-2.1700683303047503	0.14828196721999998	3.0221496334499993
fit-rw_free_prior-run1-prior1	rw_free_prior	run1	1.0	False	similar_minus_dissimilar	sub-122	f0	-0.04119791386190761	0.33298316249487875	-0.892086555181375	0.00017440041164999698	0.40901604031942435
fit-rw_free_prior-run1-prior1	rw_free_prior	run1	1.0	False	similar_minus_dissimilar	sub-124	f0	0.0966024038530961	0.36861107817354277	-0.506263123908	0.019065001505000012	1.0893554039937487
fit-rw_free_prior-run1-prior1	rw_free_prior	run1	1.0	False	similar_minus_dissimilar	sub-125	f0	-0.26996091829356667	1.2183356911917498	-2.9791622735255006	-0.15661126709999973	2.002364193614997
fit-rw_free_prior-run1-prior1	rw_free_prior	run1	1.0	False	similar_minus_dissimilar	sub-126	f0	0.021716734349426062	0.1821297682372349	-0.32980304044757497	0.0033874703739499926	0.4728072693180248
fit-rw_free_prior-run1-prior1	rw_free_prior	run1	1.0	False	similar_minus_dissimilar	sub-127	f0	0.8466448809985502	1.0419443449757828	-0.7561737839200006	0.6845566735499995	3.288572578422495
fit-rw_free_prior-run1-prior1	rw_free_prior	run1	1.0	False	similar_minus_dissimilar	sub-128	f0	-0.012158025236849992	0.14802588532501199	-0.3696015134025015	0.0005458998499996426	0.25587342060749724
fit-rw_free_prior-run1-prior1	rw_free_prior	run1	1.0	False	similar_minus_dissimilar	sub-129	f0	-0.00252498739013501	1.0821792988318082	-2.1751233461779997	0.007000182799999699	2.150281790490749
fit-rw_free_prior-run1-prior1	rw_free_prior	run1	1.0	False	similar_minus_dissimilar	sub-130	f0	0.003268859402394331	0.18279778165540073	-0.38755697219827	0.0021406604854000005	0.38255968390194917
fit-rw_free_prior-run1-prior1	rw_free_prior	run1	1.0	False	similar_minus_dissimilar	sub-132	f0	-0.00037221776220713567	0.22700917143218746	-0.48543309597927503	0.0016620738461699995	0.43897561088487425
fit-rw_free_prior-run1-prior1	rw_free_prior	run1	1.0	False	similar_minus_dissimilar	sub-133	f0	-0.0007267138905421096	0.23967568856312674	-0.5338634288670249	0.0021144837688099865	0.48698407883219885
fit-rw_free_prior-run1-prior1	rw_free_prior	run1	1.0	False	similar_minus_dissimilar	sub-134	f0	2.262020256001307e-05	0.4619091637372668	-1.0652333169247503	0.005918620842500021	0.9410540934187497
fit-rw_free_prior-run1-prior1	rw_free_prior	run1	1.0	False	similar_minus_dissimilar	sub-135	f0	0.07884593453375001	0.3948152859804765	-0.5598315462574999	0.01662796075000017	1.0926222066325024
fit-rw_free_prior-run1-prior1	rw_free_prior	run1	1.0	False	similar_minus_dissimilar	sub-136	f0	0.4328047775885567	1.0314804079108981	-1.464681627718499	0.3573763459449997	2.73531756004875
fit-rw_free_prior-run1-prior1	rw_free_prior	run1	1.0	False	similar_minus_dissimilar	sub-137	f0	-0.3466378102428533	0.9851823060109915	-2.4522355644075002	-0.2769751709000001	1.4096228629550007
fit-rw_free_prior-run1-prior1	rw_free_prior	run1	1.0	False	similar_minus_dissimilar	sub-138	f0	0.011023364507751474	0.7117179660573921	-1.6579167407815005	0.0030818885521000025	1.5686005294782484
fit-rw_free_prior-run1-prior1	rw_free_prior	run1	1.0	False	similar_minus_dissimilar	sub-140	f0	0.08716029811607369	0.7619259272730982	-1.496991181968	0.024037502682000014	1.8376826278504983
fit-rw_free_prior-run1-prior1	rw_free_prior	run1	1.0	False	similar_minus_dissimilar	sub-141	f0	0.0046575049638993395	0.18386352175243784	-0.3866316512102	0.003024013297949997	0.37677464664317467
fit-rw_free_prior-run1-prior1	rw_free_prior	run1	1.0	False	similar_minus_dissimilar	sub-142	f0	0.0267264410712723	0.2476076597144946	-0.46545706486974997	0.0037805985300000122	0.6142903102669748
fit-rw_free_prior-run1-prior1	rw_free_prior	run1	1.0	False	similar_minus_dissimilar	sub-143	f0	-0.057186857451272395	0.5744769545896623	-1.4176622049257497	0.00016857810205006497	1.0179637216429975
fit-rw_free_prior-run1-prior1	rw_free_prior	run1	1.0	False	similar_minus_dissimilar	sub-144	f0	-0.09896517274685003	0.7281503495072328	-1.7583045324350002	-0.04138168925000052	1.2740441108574976
fit-rw_free_prior-run1-prior1	rw_free_prior	run1	1.0	False	similar_minus_dissimilar	sub-147	f0	0.2615632481849301	0.7329390162145795	-1.0089560382542502	0.08886340347999988	2.084915342695498
fit-rw_free_prior-run1-prior1	rw_free_prior	run1	1.0	False	similar_minus_dissimilar	sub-149	f0	-0.14426538913135922	0.6274790156170619	-1.7351080043075	-0.02490566513749992	0.9381687650432489
fit-rw_free_prior-run1-prior1	rw_free_prior	run1	1.0	False	similar_minus_dissimilar	sub-150	f0	-0.32378598598588354	1.1418618460129006	-2.95662277629425	-0.22630714796499962	1.7355385650834987
fit-rw_free_prior-run1-prior1	rw_free_prior	run1	1.0	False	similar_minus_dissimilar	sub-151	f0	0.4165581896551733	1.003415137080373	-1.4635370592374997	0.3512364021500005	2.5574750765239993
fit-rw_free_prior-run1-prior1	rw_free_prior	run1	1.0	False	similar_minus_dissimilar	sub-152	f0	0.0029653564847200286	0.2293387858443416	-0.5014330747582498	0.0032173083724500035	0.46923915780049935
fit-rw_free_prior-run1-prior1	rw_free_prior	run1	1.0	False	similar_minus_dissimilar	sub-153	f0	0.265455296387085	0.9955367564987747	-1.612774239934	0.22108275122999999	2.4418766137862495
fit-rw_free_prior-run1-prior1	rw_free_prior	run1	1.0	False	similar_minus_dissimilar	sub-154	f0	0.05858912758979999	0.7936782912112028	-1.6331445975324985	0.05082647324999989	1.732779792667501
fit-rw_free_prior-run1-prior1	rw_free_prior	run1	1.0	False	similar_minus_dissimilar	sub-155	f0	0.002526893193050001	0.16104132658091339	-0.3612816649724985	0.0037230276000013163	0.33383762100499803
fit-rw_free_prior-run1-prior1	rw_free_prior	run1	1.0	False	similar_minus_dissimilar	sub-156	f0	0.01981782838687522	0.20915433823516794	-0.38447523479932494	0.002655020389600001	0.4950486864488245
fit-rw_free_prior-run1-prior1	rw_free_prior	run1	1.0	False	similar_minus_dissimilar	sub-157	f0	0.01541950087748689	0.773471714888089	-1.5847771545065001	0.014771361992199892	1.6302626212142497
fit-rw_free_prior-run1-prior1	rw_free_prior	run1	1.0	False	similar_minus_dissimilar	sub-158	f0	-0.26163818871513334	0.8265921097537267	-2.1653875072349993	-0.17092779635	1.1591424133649988
fit-rw_free_prior-run1-prior1	rw_free_prior	run1	1.0	False	similar_minus_dissimilar	sub-159	f0	0.11608556495678332	0.6088876549171756	-1.1226639104525002	0.10229607649999917	1.3755784595074998
fit-rw_free_prior-run1-prior1	rw_free_prior	run1	1.0	False	similar_minus_dissimilar	sample_mean	f0	0.03631135719975172	0.3132933241770619	-0.5457146085884315	0.029489069279150272	0.6801877213251784
fit-rw_free_prior-run1-prior1	rw_free_prior	run1	1.0	False	similar_minus_dissimilar	sub-104	epsilon	-9.972418877297197e-05	0.004951634908740068	-0.0100350716046565	-1.1080311310625e-05	0.009739055650588248
fit-rw_free_prior-run1-prior1	rw_free_prior	run1	1.0	False	similar_minus_dissimilar	sub-105	epsilon	-0.0018067462181844633	0.03279322896646516	-0.0614280022261775	-0.00010482645614649994	0.04616848160463745
fit-rw_free_prior-run1-prior1	rw_free_prior	run1	1.0	False	similar_minus_dissimilar	sub-106	epsilon	0.00022581161861696185	0.004372707528997247	-0.008070199079512501	-1.3057808738349991e-05	0.010835870460468236
fit-rw_free_prior-run1-prior1	rw_free_prior	run1	1.0	False	similar_minus_dissimilar	sub-107	epsilon	0.004963357419371468	0.019630428198534857	-0.011050286818262499	6.618289470850001e-05	0.05074556452896036
fit-rw_free_prior-run1-prior1	rw_free_prior	run1	1.0	False	similar_minus_dissimilar	sub-108	epsilon	0.007404349473036831	0.022717578725100742	-0.014294572683695498	0.00010862551195700007	0.07560980867795498
fit-rw_free_prior-run1-prior1	rw_free_prior	run1	1.0	False	similar_minus_dissimilar	sub-109	epsilon	2.1499439572117843e-05	0.004872866513334411	-0.0099348524286825	-1.721317928729989e-05	0.010110832177824722
fit-rw_free_prior-run1-prior1	rw_free_prior	run1	1.0	False	similar_minus_dissimilar	sub-110	epsilon	-0.0015146167396659477	0.010420442318948534	-0.023246260933285752	-6.543647330650002e-05	0.011442117436874219
fit-rw_free_prior-run1-prior1	rw_free_prior	run1	1.0	False	similar_minus_dissimilar	sub-111	epsilon	-0.03021213726841672	0.03548614266567014	-0.1075488153407975	-0.026263004888950003	0.025444678529337288
fit-rw_free_prior-run1-prior1	rw_free_prior	run1	1.0	False	similar_minus_dissimilar	sub-112	epsilon	0.009071023284176388	0.08903408173191617	-0.15748883693096	-1.2610231126500015e-06	0.24348966181152457
fit-rw_free_prior-run1-prior1	rw_free_prior	run1	1.0	False	similar_minus_dissimilar	sub-113	epsilon	-0.001852839941725737	0.02450289648364043	-0.05771191731144002	-0.00012800514214500003	0.04572978994090747
fit-rw_free_prior-run1-prior1	rw_free_prior	run1	1.0	False	similar_minus_dissimilar	sub-115	epsilon	-0.0011224325521702742	0.040097191443952025	-0.07292318507457496	-2.379215828999994e-05	0.061411095553144925
fit-rw_free_prior-run1-prior1	rw_free_prior	run1	1.0	False	similar_minus_dissimilar	sub-116	epsilon	0.00025329406246227737	0.0025258505541498194	-0.003915508606781	-2.6753363393849954e-06	0.006134008112246243
fit-rw_free_prior-run1-prior1	rw_free_prior	run1	1.0	False	similar_minus_dissimilar	sub-117	epsilon	-0.0012125272267834663	0.05262053780855218	-0.12054067258779998	-3.712259339700002e-05	0.11521231629717468
fit-rw_free_prior-run1-prior1	rw_free_prior	run1	1.0	False	similar_minus_dissimilar	sub-118	epsilon	0.0035782418663649926	0.019907257286578158	-0.015829386964392497	-1.479839974855e-06	0.051484675792804954
fit-rw_free_prior-run1-prior1	rw_free_prior	run1	1.0	False	similar_minus_dissimilar	sub-121	epsilon	-0.0003870822157031246	0.04387518234208284	-0.09251672488523001	1.6910487655499965e-05	0.08168791322454248
fit-rw_free_prior-run1-prior1	rw_free_prior	run1	1.0	False	similar_minus_dissimilar	sub-122	epsilon	-0.0010138614131707544	0.008726658905441135	-0.020081199357765	-3.57009585282e-05	0.009514766339104471
fit-rw_free_prior-run1-prior1	rw_free_prior	run1	1.0	False	similar_minus_dissimilar	sub-124	epsilon	0.0016660077939783656	0.02405284898200275	-0.047020288113064995	4.069283396805001e-05	0.05448515070398248
fit-rw_free_prior-run1-prior1	rw_free_prior	run1	1.0	False	similar_minus_dissimilar	sub-125	epsilon	0.0017020240074603677	0.021188356680667382	-0.04165865336443501	3.2493805382250015e-05	0.05096098858750992
fit-rw_free_prior-run1-prior1	rw_free_prior	run1	1.0	False	similar_minus_dissimilar	sub-126	epsilon	0.0006321417423687348	0.0038649188672951647	-0.003965609316893001	3.00022105605015e-06	0.009760638433291237
fit-rw_free_prior-run1-prior1	rw_free_prior	run1	1.0	False	similar_minus_dissimilar	sub-127	epsilon	-0.0003784327801290681	0.0024547954164787465	-0.00641457651559375	-3.8684538748149965e-05	0.0035208110355007464
fit-rw_free_prior-run1-prior1	rw_free_prior	run1	1.0	False	similar_minus_dissimilar	sub-128	epsilon	2.1771102525605917e-05	0.0013491932373723497	-0.0027250744070109996	-5.088239969420001e-06	0.0030805305700109687
fit-rw_free_prior-run1-prior1	rw_free_prior	run1	1.0	False	similar_minus_dissimilar	sub-129	epsilon	-0.001402578094623554	0.009571197598109179	-0.025227662919240754	-8.729179871505e-05	0.01565220533408746
fit-rw_free_prior-run1-prior1	rw_free_prior	run1	1.0	False	similar_minus_dissimilar	sub-130	epsilon	-0.00010847991556076399	0.0028854032034248676	-0.0067700018553515	-1.3726697743499978e-05	0.0058950950414042415
fit-rw_free_prior-run1-prior1	rw_free_prior	run1	1.0	False	similar_minus_dissimilar	sub-132	epsilon	0.0004280551128920845	0.007085664692436953	-0.0102472313266335	-1.5943216208600007e-05	0.014822914499621734
fit-rw_free_prior-run1-prior1	rw_free_prior	run1	1.0	False	similar_minus_dissimilar	sub-133	epsilon	-0.0004097311412217013	0.004140304358045532	-0.009543901738727002	-2.124374496299998e-05	0.006089945831631246
fit-rw_free_prior-run1-prior1	rw_free_prior	run1	1.0	False	similar_minus_dissimilar	sub-134	epsilon	-0.0004733948665553691	0.010604321867446248	-0.020392004673883003	-2.7450501814850002e-05	0.01682010798434498
fit-rw_free_prior-run1-prior1	rw_free_prior	run1	1.0	False	similar_minus_dissimilar	sub-135	epsilon	-0.000292705053748231	0.0027088587516730066	-0.005379265936586501	-1.862646497940001e-05	0.003697814271835074
fit-rw_free_prior-run1-prior1	rw_free_prior	run1	1.0	False	similar_minus_dissimilar	sub-136	epsilon	-0.0007582735230544547	0.011682129873628953	-0.027157636201985	-4.086507656849987e-05	0.01992568816967672
fit-rw_free_prior-run1-prior1	rw_free_prior	run1	1.0	False	similar_minus_dissimilar	sub-137	epsilon	0.0013517748171142073	0.005669452467720444	-0.005503951087091501	3.624826442900003e-05	0.017256450430782742
fit-rw_free_prior-run1-prior1	rw_free_prior	run1	1.0	False	similar_minus_dissimilar	sub-138	epsilon	0.030924208552259056	0.11212182126856199	-0.14955056170290001	0.000804171209885	0.31160519462868697
fit-rw_free_prior-run1-prior1	rw_free_prior	run1	1.0	False	similar_minus_dissimilar	sub-140	epsilon	0.01788846398123395	0.08868615419721236	-0.128957793373925	2.3667820511250004e-05	0.26373256867613
fit-rw_free_prior-run1-prior1	rw_free_prior	run1	1.0	False	similar_minus_dissimilar	sub-141	epsilon	-3.4179578586039084e-05	0.0036786179932612032	-0.0072923115076952505	-1.41260603607e-05	0.0076285171968985
fit-rw_free_prior-run1-prior1	rw_free_prior	run1	1.0	False	similar_minus_dissimilar	sub-142	epsilon	3.487378508137833e-05	0.005441190440625987	-0.00886280606763175	-1.6412197039999996e-05	0.009818982771211246
fit-rw_free_prior-run1-prior1	rw_free_prior	run1	1.0	False	similar_minus_dissimilar	sub-143	epsilon	-0.0010128030032289883	0.016239861684574846	-0.0356182292547875	-5.134558997300001e-05	0.028377414018632478
fit-rw_free_prior-run1-prior1	rw_free_prior	run1	1.0	False	similar_minus_dissimilar	sub-144	epsilon	0.00021592982716394157	0.0032936197968522025	-0.0062905300428855	1.1233776232950016e-06	0.00828416773719475
fit-rw_free_prior-run1-prior1	rw_free_prior	run1	1.0	False	similar_minus_dissimilar	sub-147	epsilon	0.002476435285388155	0.01755267497761654	-0.027517609486060003	2.244953961330001e-05	0.04501873805421749
fit-rw_free_prior-run1-prior1	rw_free_prior	run1	1.0	False	similar_minus_dissimilar	sub-149	epsilon	-0.00029010201385548917	0.014162195481984507	-0.01992264532967275	-1.6577059178000005e-05	0.017187401802516232
fit-rw_free_prior-run1-prior1	rw_free_prior	run1	1.0	False	similar_minus_dissimilar	sub-150	epsilon	0.0017049790886218433	0.023664019358300894	-0.034155684660735	-1.2275282086049997e-05	0.049513804358827476
fit-rw_free_prior-run1-prior1	rw_free_prior	run1	1.0	False	similar_minus_dissimilar	sub-151	epsilon	6.780978838820624e-05	0.002357334090827242	-0.00431736380079925	-9.046965078499992e-06	0.005141992324623484
fit-rw_free_prior-run1-prior1	rw_free_prior	run1	1.0	False	similar_minus_dissimilar	sub-152	epsilon	-0.00021055577862302043	0.008646655731310784	-0.016125057919129746	-2.99169911566e-05	0.015092421620685968
fit-rw_free_prior-run1-prior1	rw_free_prior	run1	1.0	False	similar_minus_dissimilar	sub-153	epsilon	0.0009597071908367805	0.027909418035229134	-0.0479373125476965	-2.6217018729250023e-05	0.061103747142502406
fit-rw_free_prior-run1-prior1	rw_free_prior	run1	1.0	False	similar_minus_dissimilar	sub-154	epsilon	-0.0005618906403234901	0.0040877732257065605	-0.009801341502815251	-3.9899187423949995e-05	0.005403487659288499
fit-rw_free_prior-run1-prior1	rw_free_prior	run1	1.0	False	similar_minus_dissimilar	sub-155	epsilon	5.7332388692328865e-05	0.0012936084911076612	-0.002472816636972375	-5.154189858795e-06	0.0029657354534442376
fit-rw_free_prior-run1-prior1	rw_free_prior	run1	1.0	False	similar_minus_dissimilar	sub-156	epsilon	0.00012133118710068341	0.003361384580754184	-0.005992818808804749	-9.14892476449999e-06	0.007974088293256246
fit-rw_free_prior-run1-prior1	rw_free_prior	run1	1.0	False	similar_minus_dissimilar	sub-157	epsilon	-0.0023824628475777364	0.04191626426412982	-0.1030979859647725	-8.669829696500008e-05	0.08698046298528465
fit-rw_free_prior-run1-prior1	rw_free_prior	run1	1.0	False	similar_minus_dissimilar	sub-158	epsilon	0.0011756961660693277	0.004611705830947485	-0.005014174111865501	4.102265122499999e-05	0.014432148991198174
fit-rw_free_prior-run1-prior1	rw_free_prior	run1	1.0	False	similar_minus_dissimilar	sub-159	epsilon	-0.0001206828864379718	0.0010255897662972318	-0.0025003469408292497	-2.0416002130599993e-05	0.0019410387952349983
fit-rw_free_prior-run1-prior1	rw_free_prior	run1	1.0	False	similar_minus_dissimilar	sample_mean	epsilon	0.0008359123211203556	0.008927112222395938	-0.015420890090989877	0.00010147277514886187	0.020467129962876706
fit-rw_free_prior-run1-prior1	rw_free_prior	run1	1.0	False	human_minus_computer	sub-104	alpha	0.0028012856808105166	0.05171902586256768	-0.08961259695307508	2.16176117499578e-05	0.1114233958838624
fit-rw_free_prior-run1-prior1	rw_free_prior	run1	1.0	False	human_minus_computer	sub-105	alpha	-0.0009703255977237501	0.04973204799618024	-0.11457365659036249	-0.0004256133940001017	0.09835921911263702
fit-rw_free_prior-run1-prior1	rw_free_prior	run1	1.0	False	human_minus_computer	sub-106	alpha	0.00262343323571075	0.03757942110258507	-0.06811327975099991	-0.0005271211549999766	0.08798720147603728
fit-rw_free_prior-run1-prior1	rw_free_prior	run1	1.0	False	human_minus_computer	sub-107	alpha	-0.009945362533234168	0.05770694970765456	-0.17875308904332496	-0.0010946546122500012	0.07997487129350002
fit-rw_free_prior-run1-prior1	rw_free_prior	run1	1.0	False	human_minus_computer	sub-108	alpha	-0.006357076492018334	0.05536105595191837	-0.1580107334728375	-0.0010046549737500188	0.09157847329907495
fit-rw_free_prior-run1-prior1	rw_free_prior	run1	1.0	False	human_minus_computer	sub-109	alpha	0.002473155857792627	0.04964737082700572	-0.09841467974239997	-9.537115624991266e-05	0.11014349292961222
fit-rw_free_prior-run1-prior1	rw_free_prior	run1	1.0	False	human_minus_computer	sub-110	alpha	0.010909756400145548	0.058923579355322386	-0.07408964122671255	0.000657826415750018	0.16753883618348708
fit-rw_free_prior-run1-prior1	rw_free_prior	run1	1.0	False	human_minus_computer	sub-111	alpha	0.007254839757584501	0.047469658448269086	-0.0688952781892875	0.00034841617424991034	0.13395235098729993
fit-rw_free_prior-run1-prior1	rw_free_prior	run1	1.0	False	human_minus_computer	sub-112	alpha	0.003280811009201	0.039316039765197465	-0.06826195849261245	-0.0001454438649999834	0.09571772759431245
fit-rw_free_prior-run1-prior1	rw_free_prior	run1	1.0	False	human_minus_computer	sub-113	alpha	-0.0012688686447362505	0.042942765242188825	-0.09919717694313755	-0.0005733544032500149	0.08505309387484994
fit-rw_free_prior-run1-prior1	rw_free_prior	run1	1.0	False	human_minus_computer	sub-115	alpha	0.002072905573015942	0.049985544955234607	-0.100024279038375	-6.81237892499742e-05	0.11000301152514994
fit-rw_free_prior-run1-prior1	rw_free_prior	run1	1.0	False	human_minus_computer	sub-116	alpha	0.0016474347789506671	0.038809203858077054	-0.07978351945403747	-0.0002580079012499681	0.08998459134054987
fit-rw_free_prior-run1-prior1	rw_free_prior	run1	1.0	False	human_minus_computer	sub-117	alpha	0.0009630364724510833	0.04652608645775055	-0.09541437892438757	-0.0002494519145000429	0.09884842107391231
fit-rw_free_prior-run1-prior1	rw_free_prior	run1	1.0	False	human_minus_computer	sub-118	alpha	0.004142041941249918	0.05052161121206895	-0.0902825633036125	0.00023274929075006723	0.12241962549349945
fit-rw_free_prior-run1-prior1	rw_free_prior	run1	1.0	False	human_minus_computer	sub-121	alpha	-0.014204026261830668	0.06932096654593269	-0.24203390245504997	-0.001226785633750005	0.07277376925778756
fit-rw_free_prior-run1-prior1	rw_free_prior	run1	1.0	False	human_minus_computer	sub-122	alpha	0.0026856956563747316	0.05028181828405117	-0.09607109887559999	6.716715299998066e-05	0.11031905653598746
fit-rw_free_prior-run1-prior1	rw_free_prior	run1	1.0	False	human_minus_computer	sub-124	alpha	0.0028929883962816364	0.04629271577504811	-0.08152535102441251	-0.00017870095774996653	0.10054282172057472
fit-rw_free_prior-run1-prior1	rw_free_prior	run1	1.0	False	human_minus_computer	sub-125	alpha	0.00614827024382275	0.052695613151637136	-0.08903350743572504	0.00028111797999996746	0.1413447038944622
fit-rw_free_prior-run1-prior1	rw_free_prior	run1	1.0	False	human_minus_computer	sub-126	alpha	0.001703466105540917	0.04939543183975544	-0.09489590105274995	-0.00020153025325003737	0.11203451737441252
fit-rw_free_prior-run1-prior1	rw_free_prior	run1	1.0	False	human_minus_computer	sub-127	alpha	0.00025586058254724965	0.03741011824460787	-0.08352759745898762	-0.0006289533422499938	0.08144383954035002
fit-rw_free_prior-run1-prior1	rw_free_prior	run1	1.0	False	human_minus_computer	sub-128	alpha	0.0005324725151104171	0.021894243005367926	-0.04551488544148744	-0.000514885997499992	0.05080441219742499
fit-rw_free_prior-run1-prior1	rw_free_prior	run1	1.0	False	human_minus_computer	sub-129	alpha	0.0022891767584785	0.04358619343310292	-0.08712707118307507	-4.582257374990961e-05	0.10098276909778754
fit-rw_free_prior-run1-prior1	rw_free_prior	run1	1.0	False	human_minus_computer	sub-130	alpha	0.001925748954910088	0.050770124753817	-0.0982895461382	-0.000146764265749999	0.11307257117972502
fit-rw_free_prior-run1-prior1	rw_free_prior	run1	1.0	False	human_minus_computer	sub-132	alpha	0.002174433156075389	0.04929690973973878	-0.09536359006005005	-0.0003010790989999568	0.10927734208247439
fit-rw_free_prior-run1-prior1	rw_free_prior	run1	1.0	False	human_minus_computer	sub-133	alpha	0.0034149282468906718	0.050330523007327724	-0.09286886933558743	-1.7946036249993913e-05	0.1113198651652375
fit-rw_free_prior-run1-prior1	rw_free_prior	run1	1.0	False	human_minus_computer	sub-134	alpha	0.0034575830433475766	0.04945913000270048	-0.08648462059856253	-1.3347004999941792e-05	0.11013817450219965
fit-rw_free_prior-run1-prior1	rw_free_prior	run1	1.0	False	human_minus_computer	sub-135	alpha	0.0014090459880393336	0.030292541790044224	-0.059693850552037506	-0.00030319768025000027	0.06949143175809991
fit-rw_free_prior-run1-prior1	rw_free_prior	run1	1.0	False	human_minus_computer	sub-136	alpha	0.005179066534188668	0.04312649018020785	-0.06556727754258751	-2.430582275003701e-05	0.1111485222709124
fit-rw_free_prior-run1-prior1	rw_free_prior	run1	1.0	False	human_minus_computer	sub-137	alpha	-2.955493869241647e-05	0.041455601930256214	-0.09337121414211245	-0.00027101077600000245	0.08931021786443728
fit-rw_free_prior-run1-prior1	rw_free_prior	run1	1.0	False	human_minus_computer	sub-138	alpha	0.009355658853497867	0.057714208443350644	-0.06759695770097499	0.0006125476167500032	0.1440832052025499
fit-rw_free_prior-run1-prior1	rw_free_prior	run1	1.0	False	human_minus_computer	sub-140	alpha	0.002897634928653911	0.052095171618370385	-0.09629647072469996	-0.00032145487450002674	0.11562099888161241
fit-rw_free_prior-run1-prior1	rw_free_prior	run1	1.0	False	human_minus_computer	sub-141	alpha	0.00183177365307125	0.049190443066322885	-0.09723518024364994	-0.00026574632449993807	0.10687288601248729
fit-rw_free_prior-run1-prior1	rw_free_prior	run1	1.0	False	human_minus_computer	sub-142	alpha	0.002430411827051089	0.050731275589617646	-0.0973841336525625	-8.850953399996975e-05	0.10797688814151184
fit-rw_free_prior-run1-prior1	rw_free_prior	run1	1.0	False	human_minus_computer	sub-143	alpha	0.0005307195216476099	0.04919608325344518	-0.09833521326551249	-0.0001754090069999159	0.10483952109973739
fit-rw_free_prior-run1-prior1	rw_free_prior	run1	1.0	False	human_minus_computer	sub-144	alpha	0.0011131158083055826	0.03555308430078416	-0.07434211299430005	-0.0003225558057499689	0.08489780197258742
fit-rw_free_prior-run1-prior1	rw_free_prior	run1	1.0	False	human_minus_computer	sub-147	alpha	0.0026371213246105907	0.04776408314494444	-0.09612302223278754	-0.00013671900575001894	0.10532260626498752
fit-rw_free_prior-run1-prior1	rw_free_prior	run1	1.0	False	human_minus_computer	sub-149	alpha	0.0033924337661744744	0.04877019008936474	-0.08649852815550005	-1.1578109750109977e-05	0.10697489191262487
fit-rw_free_prior-run1-prior1	rw_free_prior	run1	1.0	False	human_minus_computer	sub-150	alpha	0.0020910657035894164	0.047146996762093475	-0.094731634997975	-0.00036219991974995036	0.10978044136188736
fit-rw_free_prior-run1-prior1	rw_free_prior	run1	1.0	False	human_minus_computer	sub-151	alpha	0.0079478062523375	0.046893498895881354	-0.06151100489049988	0.00039492220574999237	0.13007814009224994
fit-rw_free_prior-run1-prior1	rw_free_prior	run1	1.0	False	human_minus_computer	sub-152	alpha	0.002142508553979453	0.04941546033328013	-0.09953822321584999	-0.00015662247225001202	0.10935214404749959
fit-rw_free_prior-run1-prior1	rw_free_prior	run1	1.0	False	human_minus_computer	sub-153	alpha	-0.0026536389444539177	0.04683581899628318	-0.10796878449587506	-0.0006196911549999906	0.08148853020006233
fit-rw_free_prior-run1-prior1	rw_free_prior	run1	1.0	False	human_minus_computer	sub-154	alpha	0.00770516886342075	0.04478001788661963	-0.06459058980558746	0.0006403553395000205	0.13163464723327503
fit-rw_free_prior-run1-prior1	rw_free_prior	run1	1.0	False	human_minus_computer	sub-155	alpha	0.0035520068525474167	0.024008628760023406	-0.03903347150082499	0.0001690616987500282	0.06383824957044996
fit-rw_free_prior-run1-prior1	rw_free_prior	run1	1.0	False	human_minus_computer	sub-156	alpha	0.0019060042562649914	0.0496206663660069	-0.09711562820763747	-0.0002403887457500531	0.1112952200573249
fit-rw_free_prior-run1-prior1	rw_free_prior	run1	1.0	False	human_minus_computer	sub-157	alpha	0.0047607323627429175	0.04546697337392442	-0.07446846716049996	8.819375599999901e-05	0.1130545740999875
fit-rw_free_prior-run1-prior1	rw_free_prior	run1	1.0	False	human_minus_computer	sub-158	alpha	-0.0005727084282209996	0.03988951223402457	-0.09206707713261254	-0.0006576599577499675	0.08347673396907497
fit-rw_free_prior-run1-prior1	rw_free_prior	run1	1.0	False	human_minus_computer	sub-159	alpha	0.010385412229138668	0.04403978443168391	-0.052586826446562505	0.0007515491539999419	0.14293613457491233
fit-rw_free_prior-run1-prior1	rw_free_prior	run1	1.0	False	human_minus_computer	sample_mean	alpha	0.0021471372298860316	0.03051121316280218	-0.06277489812838964	0.0003383033057287221	0.07068886719709365
fit-rw_free_prior-run1-prior1	rw_free_prior	run1	1.0	False	human_minus_computer	sub-104	gamma	0.0074216044418962505	0.03926526950463622	-0.06427981436448749	0.0015489699214999986	0.10785692748795
fit-rw_free_prior-run1-prior1	rw_free_prior	run1	1.0	False	human_minus_computer	sub-105	gamma	0.0065830449512984165	0.10372478139389942	-0.22468014866032515	0.004856711365749999	0.22049588920711244
fit-rw_free_prior-run1-prior1	rw_free_prior	run1	1.0	False	human_minus_computer	sub-106	gamma	0.010122845749140335	0.04595223811250466	-0.07237695820389997	0.0019274581077499686	0.12892143016748747
fit-rw_free_prior-run1-prior1	rw_free_prior	run1	1.0	False	human_minus_computer	sub-107	gamma	0.09790599459358976	0.12371678771816921	-0.11893343073692501	0.08421652861399997	0.37562234082625
fit-rw_free_prior-run1-prior1	rw_free_prior	run1	1.0	False	human_minus_computer	sub-108	gamma	0.055863099394563825	0.10577787030404942	-0.14269100258493744	0.038219064098500066	0.30265903511162473
fit-rw_free_prior-run1-prior1	rw_free_prior	run1	1.0	False	human_minus_computer	sub-109	gamma	0.011546077861243583	0.049903956109572	-0.07406957307239995	0.0019026104622499873	0.1404769172036873
fit-rw_free_prior-run1-prior1	rw_free_prior	run1	1.0	False	human_minus_computer	sub-110	gamma	0.13134508048281304	0.14333242277694055	-0.07677950787327512	0.10169434011900003	0.46853781297448743
fit-rw_free_prior-run1-prior1	rw_free_prior	run1	1.0	False	human_minus_computer	sub-111	gamma	0.01492813795098175	0.06785602595875445	-0.10976435446179991	0.003170518890000029	0.1847628305471124
fit-rw_free_prior-run1-prior1	rw_free_prior	run1	1.0	False	human_minus_computer	sub-112	gamma	0.01300538487952833	0.05179039913856676	-0.07208244699676256	0.002309783291499945	0.15681504612887467
fit-rw_free_prior-run1-prior1	rw_free_prior	run1	1.0	False	human_minus_computer	sub-113	gamma	0.018089577907021252	0.0608328911658485	-0.07747292132855002	0.0035739456669999226	0.19066607640532476
fit-rw_free_prior-run1-prior1	rw_free_prior	run1	1.0	False	human_minus_computer	sub-115	gamma	0.01991832052563624	0.04146423014710263	-0.07436251878802375	0.021094222671875	0.09728030319484744
fit-rw_free_prior-run1-prior1	rw_free_prior	run1	1.0	False	human_minus_computer	sub-116	gamma	0.010302217865211667	0.048490798615227634	-0.07394986808093747	0.001743659047500068	0.13489740220827498
fit-rw_free_prior-run1-prior1	rw_free_prior	run1	1.0	False	human_minus_computer	sub-117	gamma	0.0075830459159138336	0.045801218979777666	-0.08394935912234991	0.0018979944422500838	0.1182595486472371
fit-rw_free_prior-run1-prior1	rw_free_prior	run1	1.0	False	human_minus_computer	sub-118	gamma	0.13600908057977656	0.09455821547243652	-0.03415722603933749	0.12969419158524997	0.3378401471514099
fit-rw_free_prior-run1-prior1	rw_free_prior	run1	1.0	False	human_minus_computer	sub-121	gamma	0.020226695265663477	0.08755290825262547	-0.1641422294583125	0.0067736109062500605	0.2264141755642875
fit-rw_free_prior-run1-prior1	rw_free_prior	run1	1.0	False	human_minus_computer	sub-122	gamma	0.03011308642548233	0.08418294678875222	-0.1139955913143	0.008681714343000024	0.24116411655212486
fit-rw_free_prior-run1-prior1	rw_free_prior	run1	1.0	False	human_minus_computer	sub-124	gamma	0.008189541418844419	0.043682470667889696	-0.07323240794805003	0.0015258652162499775	0.12328329702922487
fit-rw_free_prior-run1-prior1	rw_free_prior	run1	1.0	False	human_minus_computer	sub-125	gamma	0.030174925882834366	0.12198594037382977	-0.23422890735260005	0.032538611889750046	0.2652684653553994
fit-rw_free_prior-run1-prior1	rw_free_prior	run1	1.0	False	human_minus_computer	sub-126	gamma	0.008574311820341084	0.044126276135617946	-0.07055931257871248	0.0015920203580000458	0.11422725659717482
fit-rw_free_prior-run1-prior1	rw_free_prior	run1	1.0	False	human_minus_computer	sub-127	gamma	0.005892570821755751	0.04693517849922239	-0.09413922619442505	0.001620694916250054	0.11890390497993737
fit-rw_free_prior-run1-prior1	rw_free_prior	run1	1.0	False	human_minus_computer	sub-128	gamma	0.006284985073102251	0.04947139460999199	-0.09452047754282507	0.0013969478172499161	0.12165880931555004
fit-rw_free_prior-run1-prior1	rw_free_prior	run1	1.0	False	human_minus_computer	sub-129	gamma	0.016835345478294166	0.0616259563204445	-0.0854594969394625	0.0032446277127500256	0.18100902494144963
fit-rw_free_prior-run1-prior1	rw_free_prior	run1	1.0	False	human_minus_computer	sub-130	gamma	0.030557396653291248	0.079720865254707	-0.07207569769113761	0.005340094318249999	0.2681197548610871
fit-rw_free_prior-run1-prior1	rw_free_prior	run1	1.0	False	human_minus_computer	sub-132	gamma	0.008702524025239418	0.04355186390661619	-0.0701160627932625	0.0016059813172499826	0.11897763307578736
fit-rw_free_prior-run1-prior1	rw_free_prior	run1	1.0	False	human_minus_computer	sub-133	gamma	0.005808675654404166	0.04432444629085756	-0.08562088749111248	0.0014568596917499677	0.10813892572892486
fit-rw_free_prior-run1-prior1	rw_free_prior	run1	1.0	False	human_minus_computer	sub-134	gamma	0.024948682813234088	0.07221247164988079	-0.0922383312073	0.005917313558249981	0.21823238497912503
fit-rw_free_prior-run1-prior1	rw_free_prior	run1	1.0	False	human_minus_computer	sub-135	gamma	0.009172564460490942	0.12632252503073507	-0.29204635691872494	0.025332813388000003	0.20827000400094997
fit-rw_free_prior-run1-prior1	rw_free_prior	run1	1.0	False	human_minus_computer	sub-136	gamma	0.008183149287687168	0.041755718594567504	-0.06799407671993762	0.0017343348269999725	0.10931042591502507
fit-rw_free_prior-run1-prior1	rw_free_prior	run1	1.0	False	human_minus_computer	sub-137	gamma	0.010561960789755834	0.05117180115174948	-0.08065155428711256	0.0017776122460000376	0.13669871441024994
fit-rw_free_prior-run1-prior1	rw_free_prior	run1	1.0	False	human_minus_computer	sub-138	gamma	0.022644527578939443	0.12927449112581352	-0.26479217080661244	0.022520026509999985	0.27546071074454986
fit-rw_free_prior-run1-prior1	rw_free_prior	run1	1.0	False	human_minus_computer	sub-140	gamma	0.0016002765063558653	0.13436831157691012	-0.328482865889175	0.02118532477225002	0.22004907719638728
fit-rw_free_prior-run1-prior1	rw_free_prior	run1	1.0	False	human_minus_computer	sub-141	gamma	0.02728060181791267	0.07075884952680525	-0.07023057787812498	0.005158374013999989	0.22582032633186216
fit-rw_free_prior-run1-prior1	rw_free_prior	run1	1.0	False	human_minus_computer	sub-142	gamma	0.005618569419648001	0.04427269128153633	-0.08544636335477497	0.001416196911750045	0.10997721282196252
fit-rw_free_prior-run1-prior1	rw_free_prior	run1	1.0	False	human_minus_computer	sub-143	gamma	0.007415656241912751	0.052120275846839134	-0.0939020443873124	0.0019197795497500336	0.13041767640686244
fit-rw_free_prior-run1-prior1	rw_free_prior	run1	1.0	False	human_minus_computer	sub-144	gamma	0.00777323868370375	0.04521447636424421	-0.07276451324832493	0.0015769878137499305	0.11989297674188747
fit-rw_free_prior-run1-prior1	rw_free_prior	run1	1.0	False	human_minus_computer	sub-147	gamma	0.11855111622215048	0.13013792104339814	-0.10269135179928747	0.102750896782	0.41690718429801255
fit-rw_free_prior-run1-prior1	rw_free_prior	run1	1.0	False	human_minus_computer	sub-149	gamma	0.008679703112076081	0.05379449093676393	-0.09645803001668761	0.0020877999482499243	0.13629454831856175
fit-rw_free_prior-run1-prior1	rw_free_prior	run1	1.0	False	human_minus_computer	sub-150	gamma	0.010185110405333585	0.08201305248099588	-0.16591307768343752	0.002424516047500047	0.19787264664327506
fit-rw_free_prior-run1-prior1	rw_free_prior	run1	1.0	False	human_minus_computer	sub-151	gamma	0.01049112405036375	0.046994868610414894	-0.07120026917277499	0.002162905322999953	0.13661166189641247
fit-rw_free_prior-run1-prior1	rw_free_prior	run1	1.0	False	human_minus_computer	sub-152	gamma	0.0079072359271275	0.04118742219618036	-0.06568234762015006	0.0018711450977500488	0.1079170547104751
fit-rw_free_prior-run1-prior1	rw_free_prior	run1	1.0	False	human_minus_computer	sub-153	gamma	0.014952298264091252	0.0544614744026239	-0.06379642058313743	0.0021791167944999468	0.1714304857793123
fit-rw_free_prior-run1-prior1	rw_free_prior	run1	1.0	False	human_minus_computer	sub-154	gamma	0.0013378130909186669	0.12891443556198828	-0.2871502013963626	0.013416136709250043	0.2311248740755242
fit-rw_free_prior-run1-prior1	rw_free_prior	run1	1.0	False	human_minus_computer	sub-155	gamma	0.006459328886851167	0.04311886916891782	-0.06935003785638753	0.0014133337727499917	0.10573199951441249
fit-rw_free_prior-run1-prior1	rw_free_prior	run1	1.0	False	human_minus_computer	sub-156	gamma	0.009934715149733667	0.04670014610815338	-0.06607931154076246	0.0016688028612500405	0.12658645455113743
fit-rw_free_prior-run1-prior1	rw_free_prior	run1	1.0	False	human_minus_computer	sub-157	gamma	0.0147647636191515	0.05910194210502257	-0.07938082610993759	0.003127819179000013	0.168883237526125
fit-rw_free_prior-run1-prior1	rw_free_prior	run1	1.0	False	human_minus_computer	sub-158	gamma	0.012978818831501916	0.059076342453191814	-0.09441039540984998	0.0024847802180000267	0.16336113674386235
fit-rw_free_prior-run1-prior1	rw_free_prior	run1	1.0	False	human_minus_computer	sub-159	gamma	0.00948161532260075	0.06908067239069315	-0.13283462906114993	0.002379207705000108	0.17553450626478756
fit-rw_free_prior-run1-prior1	rw_free_prior	run1	1.0	False	human_minus_computer	sample_mean	gamma	0.022615030682966136	0.02893013026555585	-0.03272131390951164	0.022122385533333504	0.08016624556795955
fit-rw_free_prior-run1-prior1	rw_free_prior	run1	1.0	False	human_minus_computer	sub-104	f0	-0.004171965667928727	0.22467402537379222	-0.5120110491243	-0.000607595518724996	0.473861242436275
fit-rw_free_prior-run1-prior1	rw_free_prior	run1	1.0	False	human_minus_computer	sub-105	f0	-0.576482383509655	1.3979347274427802	-3.4833009610587493	-0.4942682393300002	2.102372923073624
fit-rw_free_prior-run1-prior1	rw_free_prior	run1	1.0	False	human_minus_computer	sub-106	f0	-0.17224362810237748	1.0983414633019242	-2.3657320004087503	-0.18153749582499934	1.9694061159849958
fit-rw_free_prior-run1-prior1	rw_free_prior	run1	1.0	False	human_minus_computer	sub-107	f0	-1.250564810824635	1.3167806572786847	-3.9988415341345003	-1.164455577	1.0653549446987487
fit-rw_free_prior-run1-prior1	rw_free_prior	run1	1.0	False	human_minus_computer	sub-108	f0	-1.0220159251337175	1.3316639810790452	-3.850504980292874	-0.9179213655575	1.3439909055391255
fit-rw_free_prior-run1-prior1	rw_free_prior	run1	1.0	False	human_minus_computer	sub-109	f0	-0.019897265251319667	0.4035801180467522	-0.9471839583011249	-0.0003933125559999473	0.8229560727333499
fit-rw_free_prior-run1-prior1	rw_free_prior	run1	1.0	False	human_minus_computer	sub-110	f0	0.7409530017558716	1.3267389619761638	-1.722758469739875	0.664793976232501	3.575040633462247
fit-rw_free_prior-run1-prior1	rw_free_prior	run1	1.0	False	human_minus_computer	sub-111	f0	0.7523581597852117	1.4427305761159983	-1.854906744201249	0.5868224961250004	3.9581796384999963
fit-rw_free_prior-run1-prior1	rw_free_prior	run1	1.0	False	human_minus_computer	sub-112	f0	0.2162962030613776	0.7648017852099712	-1.1801331444488752	0.08797378686669999	1.9635791077196247
fit-rw_free_prior-run1-prior1	rw_free_prior	run1	1.0	False	human_minus_computer	sub-113	f0	-1.1460512289102858	1.2590407786265583	-3.869585446787376	-1.0484247963250004	1.0543046170387484
fit-rw_free_prior-run1-prior1	rw_free_prior	run1	1.0	False	human_minus_computer	sub-115	f0	-0.028721921586981048	1.212702073963858	-2.7899157354743758	-0.004882894545375008	2.691037416222749
fit-rw_free_prior-run1-prior1	rw_free_prior	run1	1.0	False	human_minus_computer	sub-116	f0	-0.23093769911246495	0.9844046182622246	-2.198877666239124	-0.2289718326999992	1.7532593060972483
fit-rw_free_prior-run1-prior1	rw_free_prior	run1	1.0	False	human_minus_computer	sub-117	f0	-0.13722775520482985	0.7220868190997622	-1.67731887442525	-0.08805807030500001	1.3244526493508741
fit-rw_free_prior-run1-prior1	rw_free_prior	run1	1.0	False	human_minus_computer	sub-118	f0	-0.11985834168970776	1.599441500925141	-3.2525604424775	-0.14656859117499899	3.1498186332951232
fit-rw_free_prior-run1-prior1	rw_free_prior	run1	1.0	False	human_minus_computer	sub-121	f0	-2.606464757791026	1.8080134623142117	-6.20182430057275	-2.6277600818174998	0.5265464892612485
fit-rw_free_prior-run1-prior1	rw_free_prior	run1	1.0	False	human_minus_computer	sub-122	f0	0.025190095684848198	0.29896628609008435	-0.5318820390518251	0.00225435325073	0.723167687932248
fit-rw_free_prior-run1-prior1	rw_free_prior	run1	1.0	False	human_minus_computer	sub-124	f0	0.029004337513717927	0.37157634139925005	-0.7431198748446249	0.0028117528490001556	0.9121156751641245
fit-rw_free_prior-run1-prior1	rw_free_prior	run1	1.0	False	human_minus_computer	sub-125	f0	0.6202770108639016	1.3773716144229526	-1.811678306625126	0.46836491665750035	3.6431488594424963
fit-rw_free_prior-run1-prior1	rw_free_prior	run1	1.0	False	human_minus_computer	sub-126	f0	-0.03817414375614724	0.24761587816388442	-0.686854391080375	-0.003344897802049985	0.37778295277848734
fit-rw_free_prior-run1-prior1	rw_free_prior	run1	1.0	False	human_minus_computer	sub-127	f0	-0.2971955749909417	0.8917925522938337	-2.0646662965562497	-0.2911481902499977	1.4501074679974975
fit-rw_free_prior-run1-prior1	rw_free_prior	run1	1.0	False	human_minus_computer	sub-128	f0	-0.009260769503024973	0.15214623428450053	-0.3359874189724977	-0.006636027825001278	0.3302327037087482
fit-rw_free_prior-run1-prior1	rw_free_prior	run1	1.0	False	human_minus_computer	sub-129	f0	-0.32871178671244083	1.1479385856490336	-2.708338230378499	-0.30125271046250024	1.9084834436997493
fit-rw_free_prior-run1-prior1	rw_free_prior	run1	1.0	False	human_minus_computer	sub-130	f0	-0.01143439480634319	0.20850951480473456	-0.48557431391236255	-0.00011763639403249929	0.392104725356975
fit-rw_free_prior-run1-prior1	rw_free_prior	run1	1.0	False	human_minus_computer	sub-132	f0	-0.0428512587491249	0.28944054447475137	-0.7741445230381248	-0.005047081279049986	0.47743917780337436
fit-rw_free_prior-run1-prior1	rw_free_prior	run1	1.0	False	human_minus_computer	sub-133	f0	0.014877771264761032	0.26311811954306913	-0.5384367990418746	0.0026423937854999704	0.6211587830308244
fit-rw_free_prior-run1-prior1	rw_free_prior	run1	1.0	False	human_minus_computer	sub-134	f0	0.028554192059194582	0.5396300817433747	-1.1360146052892497	0.007623073575749775	1.208019166869574
fit-rw_free_prior-run1-prior1	rw_free_prior	run1	1.0	False	human_minus_computer	sub-135	f0	-0.036587989021525026	0.4104148626579865	-0.9654120868800017	-0.014382318600000943	0.8333048144637468
fit-rw_free_prior-run1-prior1	rw_free_prior	run1	1.0	False	human_minus_computer	sub-136	f0	0.813503563249685	1.0358429205723336	-1.1273624924133743	0.7645200591274999	2.9225410126294977
fit-rw_free_prior-run1-prior1	rw_free_prior	run1	1.0	False	human_minus_computer	sub-137	f0	-0.38111232352614327	1.0782029321065025	-2.5460218521512488	-0.3706023965249994	1.7342298398899954
fit-rw_free_prior-run1-prior1	rw_free_prior	run1	1.0	False	human_minus_computer	sub-138	f0	0.46169650453980293	1.139301042591298	-0.9902819674911243	0.05583274363650004	3.69347302120462
fit-rw_free_prior-run1-prior1	rw_free_prior	run1	1.0	False	human_minus_computer	sub-140	f0	0.015019642573748498	0.8673067813181713	-1.91822194414475	0.004270627113224996	1.9096660834956243
fit-rw_free_prior-run1-prior1	rw_free_prior	run1	1.0	False	human_minus_computer	sub-141	f0	0.012555496932705044	0.19923745972826165	-0.39766193946053746	0.0007117865601350003	0.4776548289718374
fit-rw_free_prior-run1-prior1	rw_free_prior	run1	1.0	False	human_minus_computer	sub-142	f0	0.06463975936642812	0.3019751806593265	-0.4065832885534499	0.009639803967050019	0.8321648451517496
fit-rw_free_prior-run1-prior1	rw_free_prior	run1	1.0	False	human_minus_computer	sub-143	f0	-0.03204010231109563	0.6074015222705327	-1.3340324857178	-0.018570831607525012	1.2444524868252496
fit-rw_free_prior-run1-prior1	rw_free_prior	run1	1.0	False	human_minus_computer	sub-144	f0	-0.090893567043425	0.7649453797002628	-1.640353766934999	-0.0876475704500006	1.4621388174887533
fit-rw_free_prior-run1-prior1	rw_free_prior	run1	1.0	False	human_minus_computer	sub-147	f0	0.06928240170603847	0.75879156198409	-1.527645259968375	0.014814265509499602	1.7283962544729998
fit-rw_free_prior-run1-prior1	rw_free_prior	run1	1.0	False	human_minus_computer	sub-149	f0	0.175213515570307	0.6321085402418416	-0.9334512142101999	0.06237751427249982	1.6263297414891225
fit-rw_free_prior-run1-prior1	rw_free_prior	run1	1.0	False	human_minus_computer	sub-150	f0	0.20879045881418476	1.1400707308936835	-2.04266250564225	0.1799818152474999	2.5331264881229982
fit-rw_free_prior-run1-prior1	rw_free_prior	run1	1.0	False	human_minus_computer	sub-151	f0	1.0323917724055516	1.1838512038154532	-1.1775222524195	0.9718021742875003	3.4453038186312477
fit-rw_free_prior-run1-prior1	rw_free_prior	run1	1.0	False	human_minus_computer	sub-152	f0	-0.01279752434041962	0.27313935217184	-0.6218941730654125	-0.0007674062533324999	0.5165438565627493
fit-rw_free_prior-run1-prior1	rw_free_prior	run1	1.0	False	human_minus_computer	sub-153	f0	-1.8142597178329893	1.284929509028946	-4.443130353766749	-1.7660115817375002	0.5213504843449973
fit-rw_free_prior-run1-prior1	rw_free_prior	run1	1.0	False	human_minus_computer	sub-154	f0	0.4601332767042666	0.9880010547613883	-1.259807955595	0.3347383068499994	2.679680758246246
fit-rw_free_prior-run1-prior1	rw_free_prior	run1	1.0	False	human_minus_computer	sub-155	f0	0.014842649560891692	0.2065779010312938	-0.38876046721374785	-0.00036471585000086293	0.5149864697424988
fit-rw_free_prior-run1-prior1	rw_free_prior	run1	1.0	False	human_minus_computer	sub-156	f0	-0.01372561443447449	0.247709550183205	-0.5378066753296249	-0.0004632117104999972	0.4469886569908491
fit-rw_free_prior-run1-prior1	rw_free_prior	run1	1.0	False	human_minus_computer	sub-157	f0	0.6354605796182966	0.9803417297757095	-1.0917902266548623	0.5318525464899997	2.758180941171999
fit-rw_free_prior-run1-prior1	rw_free_prior	run1	1.0	False	human_minus_computer	sub-158	f0	-0.3235329153502333	0.9046018911958384	-2.143107896745001	-0.2885681701250018	1.472802154733745
fit-rw_free_prior-run1-prior1	rw_free_prior	run1	1.0	False	human_minus_computer	sub-159	f0	0.6575043597877083	0.9527083128437476	-0.8849263168137518	0.5287238381999995	2.772475682626247
fit-rw_free_prior-run1-prior1	rw_free_prior	run1	1.0	False	human_minus_computer	sample_mean	f0	-0.07869511941159059	0.27349343026756234	-0.6117423609623578	-0.08199283275226754	0.4746704672618781
fit-rw_free_prior-run1-prior1	rw_free_prior	run1	1.0	False	human_minus_computer	sub-104	epsilon	0.0023803913454225555	0.0044140406976688005	-0.0016303152643273122	0.000978282851889	0.014022187869544893
fit-rw_free_prior-run1-prior1	rw_free_prior	run1	1.0	False	human_minus_computer	sub-105	epsilon	0.01154406493851215	0.02361869104577122	-0.0050898325099615	0.0028262391155175004	0.07651897813152246
fit-rw_free_prior-run1-prior1	rw_free_prior	run1	1.0	False	human_minus_computer	sub-106	epsilon	0.0020900557178478553	0.003724107116355356	-0.001544743033878875	0.0009052119677700002	0.012185783048241857
fit-rw_free_prior-run1-prior1	rw_free_prior	run1	1.0	False	human_minus_computer	sub-107	epsilon	0.006929205757479403	0.013098902081731199	-0.00166075358140275	0.0021010498447749998	0.040290568921571214
fit-rw_free_prior-run1-prior1	rw_free_prior	run1	1.0	False	human_minus_computer	sub-108	epsilon	0.00964666487435328	0.016028775363165118	-0.00200288128448035	0.002657126183595	0.05583915881637242
fit-rw_free_prior-run1-prior1	rw_free_prior	run1	1.0	False	human_minus_computer	sub-109	epsilon	0.002325230515550114	0.004248526830814188	-0.002093338154163	0.000987216624623	0.013277611704217235
fit-rw_free_prior-run1-prior1	rw_free_prior	run1	1.0	False	human_minus_computer	sub-110	epsilon	0.003742017092466315	0.008510028960363136	-0.0020850103925925	0.0011423631827132499	0.024848941671590397
fit-rw_free_prior-run1-prior1	rw_free_prior	run1	1.0	False	human_minus_computer	sub-111	epsilon	0.025875663958394947	0.02515698822453816	-0.027467560170278755	0.027221427228055	0.0718662894417365
fit-rw_free_prior-run1-prior1	rw_free_prior	run1	1.0	False	human_minus_computer	sub-112	epsilon	0.04666120111595573	0.07730825065721532	-0.06443168625757124	0.017788585730750005	0.24558348990328724
fit-rw_free_prior-run1-prior1	rw_free_prior	run1	1.0	False	human_minus_computer	sub-113	epsilon	0.02125134377039892	0.02500628154696287	-0.003994011423848125	0.012543184443675	0.08622295486977244
fit-rw_free_prior-run1-prior1	rw_free_prior	run1	1.0	False	human_minus_computer	sub-115	epsilon	0.014263186416438133	0.04244604857514233	-0.0048192267548551205	0.0016846200638999998	0.1358025120429673
fit-rw_free_prior-run1-prior1	rw_free_prior	run1	1.0	False	human_minus_computer	sub-116	epsilon	0.0010415908336966536	0.0019712408522909613	-0.001244198212365875	0.0005211849991787501	0.005885038666527748
fit-rw_free_prior-run1-prior1	rw_free_prior	run1	1.0	False	human_minus_computer	sub-117	epsilon	0.019958174639796183	0.05401996110849596	-0.03641130500230625	0.003183796191085	0.18603330090517453
fit-rw_free_prior-run1-prior1	rw_free_prior	run1	1.0	False	human_minus_computer	sub-118	epsilon	0.005819780591159517	0.013157355705661691	-0.005635122606564996	0.00208223039801	0.03906210765487625
fit-rw_free_prior-run1-prior1	rw_free_prior	run1	1.0	False	human_minus_computer	sub-121	epsilon	0.02951044030400304	0.04830412461753804	-0.0033242642818875007	0.010491303918325	0.16608197560326737
fit-rw_free_prior-run1-prior1	rw_free_prior	run1	1.0	False	human_minus_computer	sub-122	epsilon	0.0030620924946906857	0.0064552356081033204	-0.0014510859090947495	0.0009752150718229998	0.02024590617506774
fit-rw_free_prior-run1-prior1	rw_free_prior	run1	1.0	False	human_minus_computer	sub-124	epsilon	0.01503904713560556	0.019743374692034167	-0.005080555160232501	0.008444380055929998	0.06751965752063624
fit-rw_free_prior-run1-prior1	rw_free_prior	run1	1.0	False	human_minus_computer	sub-125	epsilon	0.01636339020886356	0.01910107451003618	-0.006799211385251251	0.011246716466070002	0.06281257854723249
fit-rw_free_prior-run1-prior1	rw_free_prior	run1	1.0	False	human_minus_computer	sub-126	epsilon	0.0012501012060995317	0.0025980356799765003	-0.0016686244548505002	0.00060550623377525	0.0072340472230343535
fit-rw_free_prior-run1-prior1	rw_free_prior	run1	1.0	False	human_minus_computer	sub-127	epsilon	0.0010883639354213044	0.0019216896766968857	-0.0010369155669709628	0.0005194972275324998	0.005985906896207001
fit-rw_free_prior-run1-prior1	rw_free_prior	run1	1.0	False	human_minus_computer	sub-128	epsilon	0.0007441455007036243	0.0011170716975330965	-0.0004367243403192501	0.00038049576807149996	0.00391967413956939
fit-rw_free_prior-run1-prior1	rw_free_prior	run1	1.0	False	human_minus_computer	sub-129	epsilon	0.004169720474513669	0.008000630396842017	-0.006008256658928747	0.0016602648569649999	0.02629163217241498
fit-rw_free_prior-run1-prior1	rw_free_prior	run1	1.0	False	human_minus_computer	sub-130	epsilon	0.0013606669109574275	0.002415954841146658	-0.0015362039345405006	0.00068549032106	0.007615287946786473
fit-rw_free_prior-run1-prior1	rw_free_prior	run1	1.0	False	human_minus_computer	sub-132	epsilon	0.002925226914598915	0.006017139285095396	-0.0017496802467610382	0.0009892631530579999	0.020062192841425224
fit-rw_free_prior-run1-prior1	rw_free_prior	run1	1.0	False	human_minus_computer	sub-133	epsilon	0.0017197810919381748	0.0033218425742775805	-0.0012201686034900004	0.000698200602466	0.01072876135024087
fit-rw_free_prior-run1-prior1	rw_free_prior	run1	1.0	False	human_minus_computer	sub-134	epsilon	0.004014615244744204	0.007942464512755184	-0.00226677648410075	0.0012865476074529999	0.025984129850847488
fit-rw_free_prior-run1-prior1	rw_free_prior	run1	1.0	False	human_minus_computer	sub-135	epsilon	0.0010938186373068222	0.001976927770632281	-0.0005734187247450374	0.00047550120470674995	0.006434094971088997
fit-rw_free_prior-run1-prior1	rw_free_prior	run1	1.0	False	human_minus_computer	sub-136	epsilon	0.0037223006359030676	0.013193520707718204	-0.008503795450108126	0.0013674638522284998	0.030722459924076108
fit-rw_free_prior-run1-prior1	rw_free_prior	run1	1.0	False	human_minus_computer	sub-137	epsilon	0.0022292823638358538	0.003739381468758906	-0.001924477886785125	0.001039615687424	0.012413268294274613
fit-rw_free_prior-run1-prior1	rw_free_prior	run1	1.0	False	human_minus_computer	sub-138	epsilon	0.10156851470535933	0.10193021066354084	-0.016305240527613753	0.08394621833375	0.3363368149637798
fit-rw_free_prior-run1-prior1	rw_free_prior	run1	1.0	False	human_minus_computer	sub-140	epsilon	0.04516106693939746	0.08076055408814108	-0.030323271809525015	0.00577067129176	0.26767873475644943
fit-rw_free_prior-run1-prior1	rw_free_prior	run1	1.0	False	human_minus_computer	sub-141	epsilon	0.0018327976270770124	0.003397626541343679	-0.0010040991705661001	0.0007846046926645001	0.010505546948112109
fit-rw_free_prior-run1-prior1	rw_free_prior	run1	1.0	False	human_minus_computer	sub-142	epsilon	0.0023957375643986144	0.006130429270636492	-0.0011965269632548741	0.0008448777463845	0.014210934058807002
fit-rw_free_prior-run1-prior1	rw_free_prior	run1	1.0	False	human_minus_computer	sub-143	epsilon	0.007407667344712465	0.013551987827211093	-0.0027708027210500033	0.0022387475942524998	0.04557996709843865
fit-rw_free_prior-run1-prior1	rw_free_prior	run1	1.0	False	human_minus_computer	sub-144	epsilon	0.0018669719371701015	0.002781906441864885	-0.0009915806011158751	0.0008976393348627498	0.009682358738220247
fit-rw_free_prior-run1-prior1	rw_free_prior	run1	1.0	False	human_minus_computer	sub-147	epsilon	0.008668200850298569	0.014434824281222584	-0.004003238259902501	0.00261340009438425	0.0497881917305655
fit-rw_free_prior-run1-prior1	rw_free_prior	run1	1.0	False	human_minus_computer	sub-149	epsilon	0.004676582587332837	0.012113233783574793	-0.0015556279237819999	0.0011266628869634999	0.03353872635280523
fit-rw_free_prior-run1-prior1	rw_free_prior	run1	1.0	False	human_minus_computer	sub-150	epsilon	0.0071428239026476124	0.019545643881360934	-0.010598713193398753	0.0020441450313249997	0.05511914743504363
fit-rw_free_prior-run1-prior1	rw_free_prior	run1	1.0	False	human_minus_computer	sub-151	epsilon	0.0009456756128785617	0.002213535048960779	-0.001650849583771175	0.00049861978469695	0.005637806874211498
fit-rw_free_prior-run1-prior1	rw_free_prior	run1	1.0	False	human_minus_computer	sub-152	epsilon	0.003478514688491529	0.00713582141744508	-0.002341449586367675	0.001101367163829	0.023719688599233735
fit-rw_free_prior-run1-prior1	rw_free_prior	run1	1.0	False	human_minus_computer	sub-153	epsilon	0.01291753013982126	0.030113575851174343	-0.0034474212799263763	0.002097210015465	0.10635848582778737
fit-rw_free_prior-run1-prior1	rw_free_prior	run1	1.0	False	human_minus_computer	sub-154	epsilon	0.0016272231472509897	0.003032620275740892	-0.001805602892969725	0.0007099213384500001	0.010047976617944243
fit-rw_free_prior-run1-prior1	rw_free_prior	run1	1.0	False	human_minus_computer	sub-155	epsilon	0.0006575110653155304	0.0010039955748751947	-0.0006050876253869875	0.0003596072687208	0.0035155752795618727
fit-rw_free_prior-run1-prior1	rw_free_prior	run1	1.0	False	human_minus_computer	sub-156	epsilon	0.0015640106654446016	0.002804245047247047	-0.0015947782813104992	0.000728419240613	0.009161857623359746
fit-rw_free_prior-run1-prior1	rw_free_prior	run1	1.0	False	human_minus_computer	sub-157	epsilon	0.024888353625995657	0.04327177119772115	-0.013194817577974999	0.0057830285522799995	0.14110651512267486
fit-rw_free_prior-run1-prior1	rw_free_prior	run1	1.0	False	human_minus_computer	sub-158	epsilon	0.0022346912881106872	0.003203386300167402	-0.0013739183596378748	0.0012011977832325001	0.011009290486135246
fit-rw_free_prior-run1-prior1	rw_free_prior	run1	1.0	False	human_minus_computer	sub-159	epsilon	0.0004617166680160574	0.001038881645421102	-0.0008986977060906125	0.00028863176910285	0.0026149721440101746
fit-rw_free_prior-run1-prior1	rw_free_prior	run1	1.0	False	human_minus_computer	sample_mean	epsilon	0.010453556489071833	0.0077660901565163734	-0.0023088079468283505	0.009822485762804598	0.02674488935281921
