subject	run	role	recorded	resolved	status	error
sub-104	01	source_fsf	/ZPOOL/data/projects/srndna-ultimatum/derivatives/fsl/sub-104/L1_task-ultimatum_model-02_type-nppi-dmn_run-01_sm-6.feat/design.fsf	/ZPOOL/data/projects/srndna-ultimatum/derivatives/fsl/sub-104/L1_task-ultimatum_model-02_type-nppi-dmn_run-01_sm-6.feat/design.fsf	found	
sub-104	01	events	/ZPOOL/data/projects/srndna-ultimatum/source_data/bids/sub-104/func/sub-104_task-ultimatum_run-01_events.tsv	/ZPOOL/data/projects/srndna-ultimatum/source_data/bids/sub-104/func/sub-104_task-ultimatum_run-01_events.tsv	found	
sub-104	01	feat_files(1)	/data/projects/srndna-data/derivatives/fmriprep/sub-104/func/sub-104_task-ultimatum_run-1_space-MNI152NLin2009cAsym_desc-preproc_bold.nii.gz	/ZPOOL/data/projects/srndna-ug/derivatives/fmriprep/sub-104/func/sub-104_task-ultimatum_run-1_space-MNI152NLin2009cAsym_desc-preproc_bold.nii.gz	found	
sub-104	01	confoundev_files(1)	/data/projects/srndna-data/derivatives/fsl/confounds/sub-104/sub-104_task-ultimatum_run-1_desc-fslConfounds.tsv		missing	explicitly mapped input missing: /data/projects/srndna-data/derivatives/fsl/confounds/sub-104/sub-104_task-ultimatum_run-1_desc-fslConfounds.tsv -> /ZPOOL/data/projects/srndna-ultimatum/derivatives/fsl/confounds/sub-104/sub-104_task-ultimatum_run-1_desc-fslConfounds.tsv
sub-104	01	regstandard	/usr/share/fsl/6.0.3/data/standard/MNI152_T1_2mm_brain	/usr/local/fsl/data/standard/MNI152_T1_2mm_brain.nii.gz	found	
sub-104	01	custom1	/data/projects/srndna-data/derivatives/fsl/EVfiles/sub-104/ultimatum-pmod/run-01_event_computer.txt		missing	explicitly mapped input missing: /data/projects/srndna-data/derivatives/fsl/EVfiles/sub-104/ultimatum-pmod/run-01_event_computer.txt -> /ZPOOL/data/projects/srndna-ultimatum/derivatives/fsl/EVfiles/sub-104/ultimatum-pmod/run-01_event_computer.txt
sub-104	01	custom2	/data/projects/srndna-data/derivatives/fsl/EVfiles/sub-104/ultimatum-pmod/run-01_event_computer_pmod.txt		missing	explicitly mapped input missing: /data/projects/srndna-data/derivatives/fsl/EVfiles/sub-104/ultimatum-pmod/run-01_event_computer_pmod.txt -> /ZPOOL/data/projects/srndna-ultimatum/derivatives/fsl/EVfiles/sub-104/ultimatum-pmod/run-01_event_computer_pmod.txt
sub-104	01	custom3	/data/projects/srndna-data/derivatives/fsl/EVfiles/sub-104/ultimatum-pmod/run-01_event_ingroup.txt		missing	explicitly mapped input missing: /data/projects/srndna-data/derivatives/fsl/EVfiles/sub-104/ultimatum-pmod/run-01_event_ingroup.txt -> /ZPOOL/data/projects/srndna-ultimatum/derivatives/fsl/EVfiles/sub-104/ultimatum-pmod/run-01_event_ingroup.txt
sub-104	01	custom4	/data/projects/srndna-data/derivatives/fsl/EVfiles/sub-104/ultimatum-pmod/run-01_event_ingroup_pmod.txt		missing	explicitly mapped input missing: /data/projects/srndna-data/derivatives/fsl/EVfiles/sub-104/ultimatum-pmod/run-01_event_ingroup_pmod.txt -> /ZPOOL/data/projects/srndna-ultimatum/derivatives/fsl/EVfiles/sub-104/ultimatum-pmod/run-01_event_ingroup_pmod.txt
sub-104	01	custom5	/data/projects/srndna-data/derivatives/fsl/EVfiles/sub-104/ultimatum-pmod/run-01_event_outgroup.txt		missing	explicitly mapped input missing: /data/projects/srndna-data/derivatives/fsl/EVfiles/sub-104/ultimatum-pmod/run-01_event_outgroup.txt -> /ZPOOL/data/projects/srndna-ultimatum/derivatives/fsl/EVfiles/sub-104/ultimatum-pmod/run-01_event_outgroup.txt
sub-104	01	custom6	/data/projects/srndna-data/derivatives/fsl/EVfiles/sub-104/ultimatum-pmod/run-01_event_outgroup_pmod.txt		missing	explicitly mapped input missing: /data/projects/srndna-data/derivatives/fsl/EVfiles/sub-104/ultimatum-pmod/run-01_event_outgroup_pmod.txt -> /ZPOOL/data/projects/srndna-ultimatum/derivatives/fsl/EVfiles/sub-104/ultimatum-pmod/run-01_event_outgroup_pmod.txt
sub-104	01	custom10	/data/projects/srndna-ultimatum/derivatives/fsl/sub-104/ts_task-ultimatum_net0003_nppi-dmn_run-01.txt	/ZPOOL/data/projects/srndna-ultimatum/derivatives/fsl/sub-104/ts_task-ultimatum_net0003_nppi-dmn_run-01.txt	found	
sub-104	01	custom20	/data/projects/srndna-ultimatum/derivatives/fsl/sub-104/ts_task-ultimatum_net0007_nppi-dmn_run-01.txt	/ZPOOL/data/projects/srndna-ultimatum/derivatives/fsl/sub-104/ts_task-ultimatum_net0007_nppi-dmn_run-01.txt	found	
sub-104	01	custom21	/data/projects/srndna-ultimatum/derivatives/fsl/sub-104/ts_task-ultimatum_net0000_nppi-dmn_run-01.txt	/ZPOOL/data/projects/srndna-ultimatum/derivatives/fsl/sub-104/ts_task-ultimatum_net0000_nppi-dmn_run-01.txt	found	
sub-104	01	custom22	/data/projects/srndna-ultimatum/derivatives/fsl/sub-104/ts_task-ultimatum_net0001_nppi-dmn_run-01.txt	/ZPOOL/data/projects/srndna-ultimatum/derivatives/fsl/sub-104/ts_task-ultimatum_net0001_nppi-dmn_run-01.txt	found	
sub-104	01	custom23	/data/projects/srndna-ultimatum/derivatives/fsl/sub-104/ts_task-ultimatum_net0002_nppi-dmn_run-01.txt	/ZPOOL/data/projects/srndna-ultimatum/derivatives/fsl/sub-104/ts_task-ultimatum_net0002_nppi-dmn_run-01.txt	found	
sub-104	01	custom24	/data/projects/srndna-ultimatum/derivatives/fsl/sub-104/ts_task-ultimatum_net0004_nppi-dmn_run-01.txt	/ZPOOL/data/projects/srndna-ultimatum/derivatives/fsl/sub-104/ts_task-ultimatum_net0004_nppi-dmn_run-01.txt	found	
sub-104	01	custom25	/data/projects/srndna-ultimatum/derivatives/fsl/sub-104/ts_task-ultimatum_net0005_nppi-dmn_run-01.txt	/ZPOOL/data/projects/srndna-ultimatum/derivatives/fsl/sub-104/ts_task-ultimatum_net0005_nppi-dmn_run-01.txt	found	
sub-104	01	custom26	/data/projects/srndna-ultimatum/derivatives/fsl/sub-104/ts_task-ultimatum_net0006_nppi-dmn_run-01.txt	/ZPOOL/data/projects/srndna-ultimatum/derivatives/fsl/sub-104/ts_task-ultimatum_net0006_nppi-dmn_run-01.txt	found	
sub-104	01	custom27	/data/projects/srndna-ultimatum/derivatives/fsl/sub-104/ts_task-ultimatum_net0008_nppi-dmn_run-01.txt	/ZPOOL/data/projects/srndna-ultimatum/derivatives/fsl/sub-104/ts_task-ultimatum_net0008_nppi-dmn_run-01.txt	found	
sub-104	01	custom28	/data/projects/srndna-ultimatum/derivatives/fsl/sub-104/ts_task-ultimatum_net0009_nppi-dmn_run-01.txt	/ZPOOL/data/projects/srndna-ultimatum/derivatives/fsl/sub-104/ts_task-ultimatum_net0009_nppi-dmn_run-01.txt	found	
sub-104	02	source_fsf	/ZPOOL/data/projects/srndna-ultimatum/derivatives/fsl/sub-104/L1_task-ultimatum_model-02_type-nppi-dmn_run-02_sm-6.feat/design.fsf	/ZPOOL/data/projects/srndna-ultimatum/derivatives/fsl/sub-104/L1_task-ultimatum_model-02_type-nppi-dmn_run-02_sm-6.feat/design.fsf	found	
sub-104	02	events	/ZPOOL/data/projects/srndna-ultimatum/source_data/bids/sub-104/func/sub-104_task-ultimatum_run-02_events.tsv	/ZPOOL/data/projects/srndna-ultimatum/source_data/bids/sub-104/func/sub-104_task-ultimatum_run-02_events.tsv	found	
sub-104	02	feat_files(1)	/data/projects/srndna-data/derivatives/fmriprep/sub-104/func/sub-104_task-ultimatum_run-2_space-MNI152NLin2009cAsym_desc-preproc_bold.nii.gz	/ZPOOL/data/projects/srndna-ug/derivatives/fmriprep/sub-104/func/sub-104_task-ultimatum_run-2_space-MNI152NLin2009cAsym_desc-preproc_bold.nii.gz	found	
sub-104	02	confoundev_files(1)	/data/projects/srndna-data/derivatives/fsl/confounds/sub-104/sub-104_task-ultimatum_run-2_desc-fslConfounds.tsv		missing	explicitly mapped input missing: /data/projects/srndna-data/derivatives/fsl/confounds/sub-104/sub-104_task-ultimatum_run-2_desc-fslConfounds.tsv -> /ZPOOL/data/projects/srndna-ultimatum/derivatives/fsl/confounds/sub-104/sub-104_task-ultimatum_run-2_desc-fslConfounds.tsv
sub-104	02	regstandard	/usr/share/fsl/6.0.3/data/standard/MNI152_T1_2mm_brain	/usr/local/fsl/data/standard/MNI152_T1_2mm_brain.nii.gz	found	
sub-104	02	custom1	/data/projects/srndna-data/derivatives/fsl/EVfiles/sub-104/ultimatum-pmod/run-02_event_computer.txt		missing	explicitly mapped input missing: /data/projects/srndna-data/derivatives/fsl/EVfiles/sub-104/ultimatum-pmod/run-02_event_computer.txt -> /ZPOOL/data/projects/srndna-ultimatum/derivatives/fsl/EVfiles/sub-104/ultimatum-pmod/run-02_event_computer.txt
sub-104	02	custom2	/data/projects/srndna-data/derivatives/fsl/EVfiles/sub-104/ultimatum-pmod/run-02_event_computer_pmod.txt		missing	explicitly mapped input missing: /data/projects/srndna-data/derivatives/fsl/EVfiles/sub-104/ultimatum-pmod/run-02_event_computer_pmod.txt -> /ZPOOL/data/projects/srndna-ultimatum/derivatives/fsl/EVfiles/sub-104/ultimatum-pmod/run-02_event_computer_pmod.txt
sub-104	02	custom3	/data/projects/srndna-data/derivatives/fsl/EVfiles/sub-104/ultimatum-pmod/run-02_event_ingroup.txt		missing	explicitly mapped input missing: /data/projects/srndna-data/derivatives/fsl/EVfiles/sub-104/ultimatum-pmod/run-02_event_ingroup.txt -> /ZPOOL/data/projects/srndna-ultimatum/derivatives/fsl/EVfiles/sub-104/ultimatum-pmod/run-02_event_ingroup.txt
sub-104	02	custom4	/data/projects/srndna-data/derivatives/fsl/EVfiles/sub-104/ultimatum-pmod/run-02_event_ingroup_pmod.txt		missing	explicitly mapped input missing: /data/projects/srndna-data/derivatives/fsl/EVfiles/sub-104/ultimatum-pmod/run-02_event_ingroup_pmod.txt -> /ZPOOL/data/projects/srndna-ultimatum/derivatives/fsl/EVfiles/sub-104/ultimatum-pmod/run-02_event_ingroup_pmod.txt
sub-104	02	custom5	/data/projects/srndna-data/derivatives/fsl/EVfiles/sub-104/ultimatum-pmod/run-02_event_outgroup.txt		missing	explicitly mapped input missing: /data/projects/srndna-data/derivatives/fsl/EVfiles/sub-104/ultimatum-pmod/run-02_event_outgroup.txt -> /ZPOOL/data/projects/srndna-ultimatum/derivatives/fsl/EVfiles/sub-104/ultimatum-pmod/run-02_event_outgroup.txt
sub-104	02	custom6	/data/projects/srndna-data/derivatives/fsl/EVfiles/sub-104/ultimatum-pmod/run-02_event_outgroup_pmod.txt		missing	explicitly mapped input missing: /data/projects/srndna-data/derivatives/fsl/EVfiles/sub-104/ultimatum-pmod/run-02_event_outgroup_pmod.txt -> /ZPOOL/data/projects/srndna-ultimatum/derivatives/fsl/EVfiles/sub-104/ultimatum-pmod/run-02_event_outgroup_pmod.txt
sub-104	02	custom10	/data/projects/srndna-ultimatum/derivatives/fsl/sub-104/ts_task-ultimatum_net0003_nppi-dmn_run-02.txt	/ZPOOL/data/projects/srndna-ultimatum/derivatives/fsl/sub-104/ts_task-ultimatum_net0003_nppi-dmn_run-02.txt	found	
sub-104	02	custom20	/data/projects/srndna-ultimatum/derivatives/fsl/sub-104/ts_task-ultimatum_net0007_nppi-dmn_run-02.txt	/ZPOOL/data/projects/srndna-ultimatum/derivatives/fsl/sub-104/ts_task-ultimatum_net0007_nppi-dmn_run-02.txt	found	
sub-104	02	custom21	/data/projects/srndna-ultimatum/derivatives/fsl/sub-104/ts_task-ultimatum_net0000_nppi-dmn_run-02.txt	/ZPOOL/data/projects/srndna-ultimatum/derivatives/fsl/sub-104/ts_task-ultimatum_net0000_nppi-dmn_run-02.txt	found	
sub-104	02	custom22	/data/projects/srndna-ultimatum/derivatives/fsl/sub-104/ts_task-ultimatum_net0001_nppi-dmn_run-02.txt	/ZPOOL/data/projects/srndna-ultimatum/derivatives/fsl/sub-104/ts_task-ultimatum_net0001_nppi-dmn_run-02.txt	found	
sub-104	02	custom23	/data/projects/srndna-ultimatum/derivatives/fsl/sub-104/ts_task-ultimatum_net0002_nppi-dmn_run-02.txt	/ZPOOL/data/projects/srndna-ultimatum/derivatives/fsl/sub-104/ts_task-ultimatum_net0002_nppi-dmn_run-02.txt	found	
sub-104	02	custom24	/data/projects/srndna-ultimatum/derivatives/fsl/sub-104/ts_task-ultimatum_net0004_nppi-dmn_run-02.txt	/ZPOOL/data/projects/srndna-ultimatum/derivatives/fsl/sub-104/ts_task-ultimatum_net0004_nppi-dmn_run-02.txt	found	
sub-104	02	custom25	/data/projects/srndna-ultimatum/derivatives/fsl/sub-104/ts_task-ultimatum_net0005_nppi-dmn_run-02.txt	/ZPOOL/data/projects/srndna-ultimatum/derivatives/fsl/sub-104/ts_task-ultimatum_net0005_nppi-dmn_run-02.txt	found	
sub-104	02	custom26	/data/projects/srndna-ultimatum/derivatives/fsl/sub-104/ts_task-ultimatum_net0006_nppi-dmn_run-02.txt	/ZPOOL/data/projects/srndna-ultimatum/derivatives/fsl/sub-104/ts_task-ultimatum_net0006_nppi-dmn_run-02.txt	found	
sub-104	02	custom27	/data/projects/srndna-ultimatum/derivatives/fsl/sub-104/ts_task-ultimatum_net0008_nppi-dmn_run-02.txt	/ZPOOL/data/projects/srndna-ultimatum/derivatives/fsl/sub-104/ts_task-ultimatum_net0008_nppi-dmn_run-02.txt	found	
sub-104	02	custom28	/data/projects/srndna-ultimatum/derivatives/fsl/sub-104/ts_task-ultimatum_net0009_nppi-dmn_run-02.txt	/ZPOOL/data/projects/srndna-ultimatum/derivatives/fsl/sub-104/ts_task-ultimatum_net0009_nppi-dmn_run-02.txt	found	
sub-104	combined	source_l2_fsf	/ZPOOL/data/projects/srndna-ultimatum/derivatives/fsl/sub-104/L2_task-ultimatum_model-02_type-nppi-dmn_sm-6.gfeat/design.fsf	/ZPOOL/data/projects/srndna-ultimatum/derivatives/fsl/sub-104/L2_task-ultimatum_model-02_type-nppi-dmn_sm-6.gfeat/design.fsf	found	
sub-105	01	source_fsf	/ZPOOL/data/projects/srndna-ultimatum/derivatives/fsl/sub-105/L1_task-ultimatum_model-02_type-nppi-dmn_run-01_sm-6.feat/design.fsf	/ZPOOL/data/projects/srndna-ultimatum/derivatives/fsl/sub-105/L1_task-ultimatum_model-02_type-nppi-dmn_run-01_sm-6.feat/design.fsf	found	
sub-105	01	events	/ZPOOL/data/projects/srndna-ultimatum/source_data/bids/sub-105/func/sub-105_task-ultimatum_run-01_events.tsv	/ZPOOL/data/projects/srndna-ultimatum/source_data/bids/sub-105/func/sub-105_task-ultimatum_run-01_events.tsv	found	
sub-105	01	feat_files(1)	/data/projects/srndna-data/derivatives/fmriprep/sub-105/func/sub-105_task-ultimatum_run-1_space-MNI152NLin2009cAsym_desc-preproc_bold.nii.gz	/ZPOOL/data/projects/srndna-ug/derivatives/fmriprep/sub-105/func/sub-105_task-ultimatum_run-1_space-MNI152NLin2009cAsym_desc-preproc_bold.nii.gz	found	
sub-105	01	confoundev_files(1)	/data/projects/srndna-data/derivatives/fsl/confounds/sub-105/sub-105_task-ultimatum_run-1_desc-fslConfounds.tsv		missing	explicitly mapped input missing: /data/projects/srndna-data/derivatives/fsl/confounds/sub-105/sub-105_task-ultimatum_run-1_desc-fslConfounds.tsv -> /ZPOOL/data/projects/srndna-ultimatum/derivatives/fsl/confounds/sub-105/sub-105_task-ultimatum_run-1_desc-fslConfounds.tsv
sub-105	01	regstandard	/usr/share/fsl/6.0.3/data/standard/MNI152_T1_2mm_brain	/usr/local/fsl/data/standard/MNI152_T1_2mm_brain.nii.gz	found	
sub-105	01	custom1	/data/projects/srndna-data/derivatives/fsl/EVfiles/sub-105/ultimatum-pmod/run-01_event_computer.txt		missing	explicitly mapped input missing: /data/projects/srndna-data/derivatives/fsl/EVfiles/sub-105/ultimatum-pmod/run-01_event_computer.txt -> /ZPOOL/data/projects/srndna-ultimatum/derivatives/fsl/EVfiles/sub-105/ultimatum-pmod/run-01_event_computer.txt
sub-105	01	custom2	/data/projects/srndna-data/derivatives/fsl/EVfiles/sub-105/ultimatum-pmod/run-01_event_computer_pmod.txt		missing	explicitly mapped input missing: /data/projects/srndna-data/derivatives/fsl/EVfiles/sub-105/ultimatum-pmod/run-01_event_computer_pmod.txt -> /ZPOOL/data/projects/srndna-ultimatum/derivatives/fsl/EVfiles/sub-105/ultimatum-pmod/run-01_event_computer_pmod.txt
sub-105	01	custom3	/data/projects/srndna-data/derivatives/fsl/EVfiles/sub-105/ultimatum-pmod/run-01_event_ingroup.txt		missing	explicitly mapped input missing: /data/projects/srndna-data/derivatives/fsl/EVfiles/sub-105/ultimatum-pmod/run-01_event_ingroup.txt -> /ZPOOL/data/projects/srndna-ultimatum/derivatives/fsl/EVfiles/sub-105/ultimatum-pmod/run-01_event_ingroup.txt
sub-105	01	custom4	/data/projects/srndna-data/derivatives/fsl/EVfiles/sub-105/ultimatum-pmod/run-01_event_ingroup_pmod.txt		missing	explicitly mapped input missing: /data/projects/srndna-data/derivatives/fsl/EVfiles/sub-105/ultimatum-pmod/run-01_event_ingroup_pmod.txt -> /ZPOOL/data/projects/srndna-ultimatum/derivatives/fsl/EVfiles/sub-105/ultimatum-pmod/run-01_event_ingroup_pmod.txt
sub-105	01	custom5	/data/projects/srndna-data/derivatives/fsl/EVfiles/sub-105/ultimatum-pmod/run-01_event_outgroup.txt		missing	explicitly mapped input missing: /data/projects/srndna-data/derivatives/fsl/EVfiles/sub-105/ultimatum-pmod/run-01_event_outgroup.txt -> /ZPOOL/data/projects/srndna-ultimatum/derivatives/fsl/EVfiles/sub-105/ultimatum-pmod/run-01_event_outgroup.txt
sub-105	01	custom6	/data/projects/srndna-data/derivatives/fsl/EVfiles/sub-105/ultimatum-pmod/run-01_event_outgroup_pmod.txt		missing	explicitly mapped input missing: /data/projects/srndna-data/derivatives/fsl/EVfiles/sub-105/ultimatum-pmod/run-01_event_outgroup_pmod.txt -> /ZPOOL/data/projects/srndna-ultimatum/derivatives/fsl/EVfiles/sub-105/ultimatum-pmod/run-01_event_outgroup_pmod.txt
sub-105	01	custom7	/data/projects/srndna-data/derivatives/fsl/EVfiles/sub-105/ultimatum-pmod/run-01_missed_trial.txt		missing	explicitly mapped input missing: /data/projects/srndna-data/derivatives/fsl/EVfiles/sub-105/ultimatum-pmod/run-01_missed_trial.txt -> /ZPOOL/data/projects/srndna-ultimatum/derivatives/fsl/EVfiles/sub-105/ultimatum-pmod/run-01_missed_trial.txt
sub-105	01	custom10	/data/projects/srndna-ultimatum/derivatives/fsl/sub-105/ts_task-ultimatum_net0003_nppi-dmn_run-01.txt	/ZPOOL/data/projects/srndna-ultimatum/derivatives/fsl/sub-105/ts_task-ultimatum_net0003_nppi-dmn_run-01.txt	found	
sub-105	01	custom20	/data/projects/srndna-ultimatum/derivatives/fsl/sub-105/ts_task-ultimatum_net0007_nppi-dmn_run-01.txt	/ZPOOL/data/projects/srndna-ultimatum/derivatives/fsl/sub-105/ts_task-ultimatum_net0007_nppi-dmn_run-01.txt	found	
sub-105	01	custom21	/data/projects/srndna-ultimatum/derivatives/fsl/sub-105/ts_task-ultimatum_net0000_nppi-dmn_run-01.txt	/ZPOOL/data/projects/srndna-ultimatum/derivatives/fsl/sub-105/ts_task-ultimatum_net0000_nppi-dmn_run-01.txt	found	
sub-105	01	custom22	/data/projects/srndna-ultimatum/derivatives/fsl/sub-105/ts_task-ultimatum_net0001_nppi-dmn_run-01.txt	/ZPOOL/data/projects/srndna-ultimatum/derivatives/fsl/sub-105/ts_task-ultimatum_net0001_nppi-dmn_run-01.txt	found	
sub-105	01	custom23	/data/projects/srndna-ultimatum/derivatives/fsl/sub-105/ts_task-ultimatum_net0002_nppi-dmn_run-01.txt	/ZPOOL/data/projects/srndna-ultimatum/derivatives/fsl/sub-105/ts_task-ultimatum_net0002_nppi-dmn_run-01.txt	found	
sub-105	01	custom24	/data/projects/srndna-ultimatum/derivatives/fsl/sub-105/ts_task-ultimatum_net0004_nppi-dmn_run-01.txt	/ZPOOL/data/projects/srndna-ultimatum/derivatives/fsl/sub-105/ts_task-ultimatum_net0004_nppi-dmn_run-01.txt	found	
sub-105	01	custom25	/data/projects/srndna-ultimatum/derivatives/fsl/sub-105/ts_task-ultimatum_net0005_nppi-dmn_run-01.txt	/ZPOOL/data/projects/srndna-ultimatum/derivatives/fsl/sub-105/ts_task-ultimatum_net0005_nppi-dmn_run-01.txt	found	
sub-105	01	custom26	/data/projects/srndna-ultimatum/derivatives/fsl/sub-105/ts_task-ultimatum_net0006_nppi-dmn_run-01.txt	/ZPOOL/data/projects/srndna-ultimatum/derivatives/fsl/sub-105/ts_task-ultimatum_net0006_nppi-dmn_run-01.txt	found	
sub-105	01	custom27	/data/projects/srndna-ultimatum/derivatives/fsl/sub-105/ts_task-ultimatum_net0008_nppi-dmn_run-01.txt	/ZPOOL/data/projects/srndna-ultimatum/derivatives/fsl/sub-105/ts_task-ultimatum_net0008_nppi-dmn_run-01.txt	found	
sub-105	01	custom28	/data/projects/srndna-ultimatum/derivatives/fsl/sub-105/ts_task-ultimatum_net0009_nppi-dmn_run-01.txt	/ZPOOL/data/projects/srndna-ultimatum/derivatives/fsl/sub-105/ts_task-ultimatum_net0009_nppi-dmn_run-01.txt	found	
sub-105	02	source_fsf	/ZPOOL/data/projects/srndna-ultimatum/derivatives/fsl/sub-105/L1_task-ultimatum_model-02_type-nppi-dmn_run-02_sm-6.feat/design.fsf	/ZPOOL/data/projects/srndna-ultimatum/derivatives/fsl/sub-105/L1_task-ultimatum_model-02_type-nppi-dmn_run-02_sm-6.feat/design.fsf	found	
sub-105	02	events	/ZPOOL/data/projects/srndna-ultimatum/source_data/bids/sub-105/func/sub-105_task-ultimatum_run-02_events.tsv	/ZPOOL/data/projects/srndna-ultimatum/source_data/bids/sub-105/func/sub-105_task-ultimatum_run-02_events.tsv	found	
sub-105	02	feat_files(1)	/data/projects/srndna-data/derivatives/fmriprep/sub-105/func/sub-105_task-ultimatum_run-2_space-MNI152NLin2009cAsym_desc-preproc_bold.nii.gz	/ZPOOL/data/projects/srndna-ug/derivatives/fmriprep/sub-105/func/sub-105_task-ultimatum_run-2_space-MNI152NLin2009cAsym_desc-preproc_bold.nii.gz	found	
sub-105	02	confoundev_files(1)	/data/projects/srndna-data/derivatives/fsl/confounds/sub-105/sub-105_task-ultimatum_run-2_desc-fslConfounds.tsv		missing	explicitly mapped input missing: /data/projects/srndna-data/derivatives/fsl/confounds/sub-105/sub-105_task-ultimatum_run-2_desc-fslConfounds.tsv -> /ZPOOL/data/projects/srndna-ultimatum/derivatives/fsl/confounds/sub-105/sub-105_task-ultimatum_run-2_desc-fslConfounds.tsv
sub-105	02	regstandard	/usr/share/fsl/6.0.3/data/standard/MNI152_T1_2mm_brain	/usr/local/fsl/data/standard/MNI152_T1_2mm_brain.nii.gz	found	
sub-105	02	custom1	/data/projects/srndna-data/derivatives/fsl/EVfiles/sub-105/ultimatum-pmod/run-02_event_computer.txt		missing	explicitly mapped input missing: /data/projects/srndna-data/derivatives/fsl/EVfiles/sub-105/ultimatum-pmod/run-02_event_computer.txt -> /ZPOOL/data/projects/srndna-ultimatum/derivatives/fsl/EVfiles/sub-105/ultimatum-pmod/run-02_event_computer.txt
sub-105	02	custom2	/data/projects/srndna-data/derivatives/fsl/EVfiles/sub-105/ultimatum-pmod/run-02_event_computer_pmod.txt		missing	explicitly mapped input missing: /data/projects/srndna-data/derivatives/fsl/EVfiles/sub-105/ultimatum-pmod/run-02_event_computer_pmod.txt -> /ZPOOL/data/projects/srndna-ultimatum/derivatives/fsl/EVfiles/sub-105/ultimatum-pmod/run-02_event_computer_pmod.txt
sub-105	02	custom3	/data/projects/srndna-data/derivatives/fsl/EVfiles/sub-105/ultimatum-pmod/run-02_event_ingroup.txt		missing	explicitly mapped input missing: /data/projects/srndna-data/derivatives/fsl/EVfiles/sub-105/ultimatum-pmod/run-02_event_ingroup.txt -> /ZPOOL/data/projects/srndna-ultimatum/derivatives/fsl/EVfiles/sub-105/ultimatum-pmod/run-02_event_ingroup.txt
sub-105	02	custom4	/data/projects/srndna-data/derivatives/fsl/EVfiles/sub-105/ultimatum-pmod/run-02_event_ingroup_pmod.txt		missing	explicitly mapped input missing: /data/projects/srndna-data/derivatives/fsl/EVfiles/sub-105/ultimatum-pmod/run-02_event_ingroup_pmod.txt -> /ZPOOL/data/projects/srndna-ultimatum/derivatives/fsl/EVfiles/sub-105/ultimatum-pmod/run-02_event_ingroup_pmod.txt
sub-105	02	custom5	/data/projects/srndna-data/derivatives/fsl/EVfiles/sub-105/ultimatum-pmod/run-02_event_outgroup.txt		missing	explicitly mapped input missing: /data/projects/srndna-data/derivatives/fsl/EVfiles/sub-105/ultimatum-pmod/run-02_event_outgroup.txt -> /ZPOOL/data/projects/srndna-ultimatum/derivatives/fsl/EVfiles/sub-105/ultimatum-pmod/run-02_event_outgroup.txt
sub-105	02	custom6	/data/projects/srndna-data/derivatives/fsl/EVfiles/sub-105/ultimatum-pmod/run-02_event_outgroup_pmod.txt		missing	explicitly mapped input missing: /data/projects/srndna-data/derivatives/fsl/EVfiles/sub-105/ultimatum-pmod/run-02_event_outgroup_pmod.txt -> /ZPOOL/data/projects/srndna-ultimatum/derivatives/fsl/EVfiles/sub-105/ultimatum-pmod/run-02_event_outgroup_pmod.txt
sub-105	02	custom10	/data/projects/srndna-ultimatum/derivatives/fsl/sub-105/ts_task-ultimatum_net0003_nppi-dmn_run-02.txt	/ZPOOL/data/projects/srndna-ultimatum/derivatives/fsl/sub-105/ts_task-ultimatum_net0003_nppi-dmn_run-02.txt	found	
sub-105	02	custom20	/data/projects/srndna-ultimatum/derivatives/fsl/sub-105/ts_task-ultimatum_net0007_nppi-dmn_run-02.txt	/ZPOOL/data/projects/srndna-ultimatum/derivatives/fsl/sub-105/ts_task-ultimatum_net0007_nppi-dmn_run-02.txt	found	
sub-105	02	custom21	/data/projects/srndna-ultimatum/derivatives/fsl/sub-105/ts_task-ultimatum_net0000_nppi-dmn_run-02.txt	/ZPOOL/data/projects/srndna-ultimatum/derivatives/fsl/sub-105/ts_task-ultimatum_net0000_nppi-dmn_run-02.txt	found	
sub-105	02	custom22	/data/projects/srndna-ultimatum/derivatives/fsl/sub-105/ts_task-ultimatum_net0001_nppi-dmn_run-02.txt	/ZPOOL/data/projects/srndna-ultimatum/derivatives/fsl/sub-105/ts_task-ultimatum_net0001_nppi-dmn_run-02.txt	found	
sub-105	02	custom23	/data/projects/srndna-ultimatum/derivatives/fsl/sub-105/ts_task-ultimatum_net0002_nppi-dmn_run-02.txt	/ZPOOL/data/projects/srndna-ultimatum/derivatives/fsl/sub-105/ts_task-ultimatum_net0002_nppi-dmn_run-02.txt	found	
sub-105	02	custom24	/data/projects/srndna-ultimatum/derivatives/fsl/sub-105/ts_task-ultimatum_net0004_nppi-dmn_run-02.txt	/ZPOOL/data/projects/srndna-ultimatum/derivatives/fsl/sub-105/ts_task-ultimatum_net0004_nppi-dmn_run-02.txt	found	
sub-105	02	custom25	/data/projects/srndna-ultimatum/derivatives/fsl/sub-105/ts_task-ultimatum_net0005_nppi-dmn_run-02.txt	/ZPOOL/data/projects/srndna-ultimatum/derivatives/fsl/sub-105/ts_task-ultimatum_net0005_nppi-dmn_run-02.txt	found	
sub-105	02	custom26	/data/projects/srndna-ultimatum/derivatives/fsl/sub-105/ts_task-ultimatum_net0006_nppi-dmn_run-02.txt	/ZPOOL/data/projects/srndna-ultimatum/derivatives/fsl/sub-105/ts_task-ultimatum_net0006_nppi-dmn_run-02.txt	found	
sub-105	02	custom27	/data/projects/srndna-ultimatum/derivatives/fsl/sub-105/ts_task-ultimatum_net0008_nppi-dmn_run-02.txt	/ZPOOL/data/projects/srndna-ultimatum/derivatives/fsl/sub-105/ts_task-ultimatum_net0008_nppi-dmn_run-02.txt	found	
sub-105	02	custom28	/data/projects/srndna-ultimatum/derivatives/fsl/sub-105/ts_task-ultimatum_net0009_nppi-dmn_run-02.txt	/ZPOOL/data/projects/srndna-ultimatum/derivatives/fsl/sub-105/ts_task-ultimatum_net0009_nppi-dmn_run-02.txt	found	
sub-105	combined	source_l2_fsf	/ZPOOL/data/projects/srndna-ultimatum/derivatives/fsl/sub-105/L2_task-ultimatum_model-02_type-nppi-dmn_sm-6.gfeat/design.fsf	/ZPOOL/data/projects/srndna-ultimatum/derivatives/fsl/sub-105/L2_task-ultimatum_model-02_type-nppi-dmn_sm-6.gfeat/design.fsf	found	
sub-106	01	source_fsf	/ZPOOL/data/projects/srndna-ultimatum/derivatives/fsl/sub-106/L1_task-ultimatum_model-02_type-nppi-dmn_run-01_sm-6.feat/design.fsf	/ZPOOL/data/projects/srndna-ultimatum/derivatives/fsl/sub-106/L1_task-ultimatum_model-02_type-nppi-dmn_run-01_sm-6.feat/design.fsf	found	
sub-106	01	events	/ZPOOL/data/projects/srndna-ultimatum/source_data/bids/sub-106/func/sub-106_task-ultimatum_run-01_events.tsv	/ZPOOL/data/projects/srndna-ultimatum/source_data/bids/sub-106/func/sub-106_task-ultimatum_run-01_events.tsv	found	
sub-106	01	feat_files(1)	/data/projects/srndna-data/derivatives/fmriprep/sub-106/func/sub-106_task-ultimatum_run-1_space-MNI152NLin2009cAsym_desc-preproc_bold.nii.gz	/ZPOOL/data/projects/srndna-ug/derivatives/fmriprep/sub-106/func/sub-106_task-ultimatum_run-1_space-MNI152NLin2009cAsym_desc-preproc_bold.nii.gz	found	
sub-106	01	confoundev_files(1)	/data/projects/srndna-data/derivatives/fsl/confounds/sub-106/sub-106_task-ultimatum_run-1_desc-fslConfounds.tsv		missing	explicitly mapped input missing: /data/projects/srndna-data/derivatives/fsl/confounds/sub-106/sub-106_task-ultimatum_run-1_desc-fslConfounds.tsv -> /ZPOOL/data/projects/srndna-ultimatum/derivatives/fsl/confounds/sub-106/sub-106_task-ultimatum_run-1_desc-fslConfounds.tsv
sub-106	01	regstandard	/usr/share/fsl/6.0.3/data/standard/MNI152_T1_2mm_brain	/usr/local/fsl/data/standard/MNI152_T1_2mm_brain.nii.gz	found	
sub-106	01	custom1	/data/projects/srndna-data/derivatives/fsl/EVfiles/sub-106/ultimatum-pmod/run-01_event_computer.txt		missing	explicitly mapped input missing: /data/projects/srndna-data/derivatives/fsl/EVfiles/sub-106/ultimatum-pmod/run-01_event_computer.txt -> /ZPOOL/data/projects/srndna-ultimatum/derivatives/fsl/EVfiles/sub-106/ultimatum-pmod/run-01_event_computer.txt
sub-106	01	custom2	/data/projects/srndna-data/derivatives/fsl/EVfiles/sub-106/ultimatum-pmod/run-01_event_computer_pmod.txt		missing	explicitly mapped input missing: /data/projects/srndna-data/derivatives/fsl/EVfiles/sub-106/ultimatum-pmod/run-01_event_computer_pmod.txt -> /ZPOOL/data/projects/srndna-ultimatum/derivatives/fsl/EVfiles/sub-106/ultimatum-pmod/run-01_event_computer_pmod.txt
sub-106	01	custom3	/data/projects/srndna-data/derivatives/fsl/EVfiles/sub-106/ultimatum-pmod/run-01_event_ingroup.txt		missing	explicitly mapped input missing: /data/projects/srndna-data/derivatives/fsl/EVfiles/sub-106/ultimatum-pmod/run-01_event_ingroup.txt -> /ZPOOL/data/projects/srndna-ultimatum/derivatives/fsl/EVfiles/sub-106/ultimatum-pmod/run-01_event_ingroup.txt
sub-106	01	custom4	/data/projects/srndna-data/derivatives/fsl/EVfiles/sub-106/ultimatum-pmod/run-01_event_ingroup_pmod.txt		missing	explicitly mapped input missing: /data/projects/srndna-data/derivatives/fsl/EVfiles/sub-106/ultimatum-pmod/run-01_event_ingroup_pmod.txt -> /ZPOOL/data/projects/srndna-ultimatum/derivatives/fsl/EVfiles/sub-106/ultimatum-pmod/run-01_event_ingroup_pmod.txt
sub-106	01	custom5	/data/projects/srndna-data/derivatives/fsl/EVfiles/sub-106/ultimatum-pmod/run-01_event_outgroup.txt		missing	explicitly mapped input missing: /data/projects/srndna-data/derivatives/fsl/EVfiles/sub-106/ultimatum-pmod/run-01_event_outgroup.txt -> /ZPOOL/data/projects/srndna-ultimatum/derivatives/fsl/EVfiles/sub-106/ultimatum-pmod/run-01_event_outgroup.txt
sub-106	01	custom6	/data/projects/srndna-data/derivatives/fsl/EVfiles/sub-106/ultimatum-pmod/run-01_event_outgroup_pmod.txt		missing	explicitly mapped input missing: /data/projects/srndna-data/derivatives/fsl/EVfiles/sub-106/ultimatum-pmod/run-01_event_outgroup_pmod.txt -> /ZPOOL/data/projects/srndna-ultimatum/derivatives/fsl/EVfiles/sub-106/ultimatum-pmod/run-01_event_outgroup_pmod.txt
sub-106	01	custom10	/data/projects/srndna-ultimatum/derivatives/fsl/sub-106/ts_task-ultimatum_net0003_nppi-dmn_run-01.txt	/ZPOOL/data/projects/srndna-ultimatum/derivatives/fsl/sub-106/ts_task-ultimatum_net0003_nppi-dmn_run-01.txt	found	
sub-106	01	custom20	/data/projects/srndna-ultimatum/derivatives/fsl/sub-106/ts_task-ultimatum_net0007_nppi-dmn_run-01.txt	/ZPOOL/data/projects/srndna-ultimatum/derivatives/fsl/sub-106/ts_task-ultimatum_net0007_nppi-dmn_run-01.txt	found	
sub-106	01	custom21	/data/projects/srndna-ultimatum/derivatives/fsl/sub-106/ts_task-ultimatum_net0000_nppi-dmn_run-01.txt	/ZPOOL/data/projects/srndna-ultimatum/derivatives/fsl/sub-106/ts_task-ultimatum_net0000_nppi-dmn_run-01.txt	found	
sub-106	01	custom22	/data/projects/srndna-ultimatum/derivatives/fsl/sub-106/ts_task-ultimatum_net0001_nppi-dmn_run-01.txt	/ZPOOL/data/projects/srndna-ultimatum/derivatives/fsl/sub-106/ts_task-ultimatum_net0001_nppi-dmn_run-01.txt	found	
sub-106	01	custom23	/data/projects/srndna-ultimatum/derivatives/fsl/sub-106/ts_task-ultimatum_net0002_nppi-dmn_run-01.txt	/ZPOOL/data/projects/srndna-ultimatum/derivatives/fsl/sub-106/ts_task-ultimatum_net0002_nppi-dmn_run-01.txt	found	
sub-106	01	custom24	/data/projects/srndna-ultimatum/derivatives/fsl/sub-106/ts_task-ultimatum_net0004_nppi-dmn_run-01.txt	/ZPOOL/data/projects/srndna-ultimatum/derivatives/fsl/sub-106/ts_task-ultimatum_net0004_nppi-dmn_run-01.txt	found	
sub-106	01	custom25	/data/projects/srndna-ultimatum/derivatives/fsl/sub-106/ts_task-ultimatum_net0005_nppi-dmn_run-01.txt	/ZPOOL/data/projects/srndna-ultimatum/derivatives/fsl/sub-106/ts_task-ultimatum_net0005_nppi-dmn_run-01.txt	found	
sub-106	01	custom26	/data/projects/srndna-ultimatum/derivatives/fsl/sub-106/ts_task-ultimatum_net0006_nppi-dmn_run-01.txt	/ZPOOL/data/projects/srndna-ultimatum/derivatives/fsl/sub-106/ts_task-ultimatum_net0006_nppi-dmn_run-01.txt	found	
sub-106	01	custom27	/data/projects/srndna-ultimatum/derivatives/fsl/sub-106/ts_task-ultimatum_net0008_nppi-dmn_run-01.txt	/ZPOOL/data/projects/srndna-ultimatum/derivatives/fsl/sub-106/ts_task-ultimatum_net0008_nppi-dmn_run-01.txt	found	
sub-106	01	custom28	/data/projects/srndna-ultimatum/derivatives/fsl/sub-106/ts_task-ultimatum_net0009_nppi-dmn_run-01.txt	/ZPOOL/data/projects/srndna-ultimatum/derivatives/fsl/sub-106/ts_task-ultimatum_net0009_nppi-dmn_run-01.txt	found	
sub-106	02	source_fsf	/ZPOOL/data/projects/srndna-ultimatum/derivatives/fsl/sub-106/L1_task-ultimatum_model-02_type-nppi-dmn_run-02_sm-6.feat/design.fsf	/ZPOOL/data/projects/srndna-ultimatum/derivatives/fsl/sub-106/L1_task-ultimatum_model-02_type-nppi-dmn_run-02_sm-6.feat/design.fsf	found	
sub-106	02	events	/ZPOOL/data/projects/srndna-ultimatum/source_data/bids/sub-106/func/sub-106_task-ultimatum_run-02_events.tsv	/ZPOOL/data/projects/srndna-ultimatum/source_data/bids/sub-106/func/sub-106_task-ultimatum_run-02_events.tsv	found	
sub-106	02	feat_files(1)	/data/projects/srndna-data/derivatives/fmriprep/sub-106/func/sub-106_task-ultimatum_run-2_space-MNI152NLin2009cAsym_desc-preproc_bold.nii.gz	/ZPOOL/data/projects/srndna-ug/derivatives/fmriprep/sub-106/func/sub-106_task-ultimatum_run-2_space-MNI152NLin2009cAsym_desc-preproc_bold.nii.gz	found	
sub-106	02	confoundev_files(1)	/data/projects/srndna-data/derivatives/fsl/confounds/sub-106/sub-106_task-ultimatum_run-2_desc-fslConfounds.tsv		missing	explicitly mapped input missing: /data/projects/srndna-data/derivatives/fsl/confounds/sub-106/sub-106_task-ultimatum_run-2_desc-fslConfounds.tsv -> /ZPOOL/data/projects/srndna-ultimatum/derivatives/fsl/confounds/sub-106/sub-106_task-ultimatum_run-2_desc-fslConfounds.tsv
sub-106	02	regstandard	/usr/share/fsl/6.0.3/data/standard/MNI152_T1_2mm_brain	/usr/local/fsl/data/standard/MNI152_T1_2mm_brain.nii.gz	found	
sub-106	02	custom1	/data/projects/srndna-data/derivatives/fsl/EVfiles/sub-106/ultimatum-pmod/run-02_event_computer.txt		missing	explicitly mapped input missing: /data/projects/srndna-data/derivatives/fsl/EVfiles/sub-106/ultimatum-pmod/run-02_event_computer.txt -> /ZPOOL/data/projects/srndna-ultimatum/derivatives/fsl/EVfiles/sub-106/ultimatum-pmod/run-02_event_computer.txt
sub-106	02	custom2	/data/projects/srndna-data/derivatives/fsl/EVfiles/sub-106/ultimatum-pmod/run-02_event_computer_pmod.txt		missing	explicitly mapped input missing: /data/projects/srndna-data/derivatives/fsl/EVfiles/sub-106/ultimatum-pmod/run-02_event_computer_pmod.txt -> /ZPOOL/data/projects/srndna-ultimatum/derivatives/fsl/EVfiles/sub-106/ultimatum-pmod/run-02_event_computer_pmod.txt
sub-106	02	custom3	/data/projects/srndna-data/derivatives/fsl/EVfiles/sub-106/ultimatum-pmod/run-02_event_ingroup.txt		missing	explicitly mapped input missing: /data/projects/srndna-data/derivatives/fsl/EVfiles/sub-106/ultimatum-pmod/run-02_event_ingroup.txt -> /ZPOOL/data/projects/srndna-ultimatum/derivatives/fsl/EVfiles/sub-106/ultimatum-pmod/run-02_event_ingroup.txt
sub-106	02	custom4	/data/projects/srndna-data/derivatives/fsl/EVfiles/sub-106/ultimatum-pmod/run-02_event_ingroup_pmod.txt		missing	explicitly mapped input missing: /data/projects/srndna-data/derivatives/fsl/EVfiles/sub-106/ultimatum-pmod/run-02_event_ingroup_pmod.txt -> /ZPOOL/data/projects/srndna-ultimatum/derivatives/fsl/EVfiles/sub-106/ultimatum-pmod/run-02_event_ingroup_pmod.txt
sub-106	02	custom5	/data/projects/srndna-data/derivatives/fsl/EVfiles/sub-106/ultimatum-pmod/run-02_event_outgroup.txt		missing	explicitly mapped input missing: /data/projects/srndna-data/derivatives/fsl/EVfiles/sub-106/ultimatum-pmod/run-02_event_outgroup.txt -> /ZPOOL/data/projects/srndna-ultimatum/derivatives/fsl/EVfiles/sub-106/ultimatum-pmod/run-02_event_outgroup.txt
sub-106	02	custom6	/data/projects/srndna-data/derivatives/fsl/EVfiles/sub-106/ultimatum-pmod/run-02_event_outgroup_pmod.txt		missing	explicitly mapped input missing: /data/projects/srndna-data/derivatives/fsl/EVfiles/sub-106/ultimatum-pmod/run-02_event_outgroup_pmod.txt -> /ZPOOL/data/projects/srndna-ultimatum/derivatives/fsl/EVfiles/sub-106/ultimatum-pmod/run-02_event_outgroup_pmod.txt
sub-106	02	custom10	/data/projects/srndna-ultimatum/derivatives/fsl/sub-106/ts_task-ultimatum_net0003_nppi-dmn_run-02.txt	/ZPOOL/data/projects/srndna-ultimatum/derivatives/fsl/sub-106/ts_task-ultimatum_net0003_nppi-dmn_run-02.txt	found	
sub-106	02	custom20	/data/projects/srndna-ultimatum/derivatives/fsl/sub-106/ts_task-ultimatum_net0007_nppi-dmn_run-02.txt	/ZPOOL/data/projects/srndna-ultimatum/derivatives/fsl/sub-106/ts_task-ultimatum_net0007_nppi-dmn_run-02.txt	found	
sub-106	02	custom21	/data/projects/srndna-ultimatum/derivatives/fsl/sub-106/ts_task-ultimatum_net0000_nppi-dmn_run-02.txt	/ZPOOL/data/projects/srndna-ultimatum/derivatives/fsl/sub-106/ts_task-ultimatum_net0000_nppi-dmn_run-02.txt	found	
sub-106	02	custom22	/data/projects/srndna-ultimatum/derivatives/fsl/sub-106/ts_task-ultimatum_net0001_nppi-dmn_run-02.txt	/ZPOOL/data/projects/srndna-ultimatum/derivatives/fsl/sub-106/ts_task-ultimatum_net0001_nppi-dmn_run-02.txt	found	
sub-106	02	custom23	/data/projects/srndna-ultimatum/derivatives/fsl/sub-106/ts_task-ultimatum_net0002_nppi-dmn_run-02.txt	/ZPOOL/data/projects/srndna-ultimatum/derivatives/fsl/sub-106/ts_task-ultimatum_net0002_nppi-dmn_run-02.txt	found	
sub-106	02	custom24	/data/projects/srndna-ultimatum/derivatives/fsl/sub-106/ts_task-ultimatum_net0004_nppi-dmn_run-02.txt	/ZPOOL/data/projects/srndna-ultimatum/derivatives/fsl/sub-106/ts_task-ultimatum_net0004_nppi-dmn_run-02.txt	found	
sub-106	02	custom25	/data/projects/srndna-ultimatum/derivatives/fsl/sub-106/ts_task-ultimatum_net0005_nppi-dmn_run-02.txt	/ZPOOL/data/projects/srndna-ultimatum/derivatives/fsl/sub-106/ts_task-ultimatum_net0005_nppi-dmn_run-02.txt	found	
sub-106	02	custom26	/data/projects/srndna-ultimatum/derivatives/fsl/sub-106/ts_task-ultimatum_net0006_nppi-dmn_run-02.txt	/ZPOOL/data/projects/srndna-ultimatum/derivatives/fsl/sub-106/ts_task-ultimatum_net0006_nppi-dmn_run-02.txt	found	
sub-106	02	custom27	/data/projects/srndna-ultimatum/derivatives/fsl/sub-106/ts_task-ultimatum_net0008_nppi-dmn_run-02.txt	/ZPOOL/data/projects/srndna-ultimatum/derivatives/fsl/sub-106/ts_task-ultimatum_net0008_nppi-dmn_run-02.txt	found	
sub-106	02	custom28	/data/projects/srndna-ultimatum/derivatives/fsl/sub-106/ts_task-ultimatum_net0009_nppi-dmn_run-02.txt	/ZPOOL/data/projects/srndna-ultimatum/derivatives/fsl/sub-106/ts_task-ultimatum_net0009_nppi-dmn_run-02.txt	found	
sub-106	combined	source_l2_fsf	/ZPOOL/data/projects/srndna-ultimatum/derivatives/fsl/sub-106/L2_task-ultimatum_model-02_type-nppi-dmn_sm-6.gfeat/design.fsf	/ZPOOL/data/projects/srndna-ultimatum/derivatives/fsl/sub-106/L2_task-ultimatum_model-02_type-nppi-dmn_sm-6.gfeat/design.fsf	found	
sub-107	01	source_fsf	/ZPOOL/data/projects/srndna-ultimatum/derivatives/fsl/sub-107/L1_task-ultimatum_model-02_type-nppi-dmn_run-01_sm-6.feat/design.fsf	/ZPOOL/data/projects/srndna-ultimatum/derivatives/fsl/sub-107/L1_task-ultimatum_model-02_type-nppi-dmn_run-01_sm-6.feat/design.fsf	found	
sub-107	01	events	/ZPOOL/data/projects/srndna-ultimatum/source_data/bids/sub-107/func/sub-107_task-ultimatum_run-01_events.tsv	/ZPOOL/data/projects/srndna-ultimatum/source_data/bids/sub-107/func/sub-107_task-ultimatum_run-01_events.tsv	found	
sub-107	01	feat_files(1)	/data/projects/srndna-data/derivatives/fmriprep/sub-107/func/sub-107_task-ultimatum_run-1_space-MNI152NLin2009cAsym_desc-preproc_bold.nii.gz	/ZPOOL/data/projects/srndna-ug/derivatives/fmriprep/sub-107/func/sub-107_task-ultimatum_run-1_space-MNI152NLin2009cAsym_desc-preproc_bold.nii.gz	found	
sub-107	01	confoundev_files(1)	/data/projects/srndna-data/derivatives/fsl/confounds/sub-107/sub-107_task-ultimatum_run-1_desc-fslConfounds.tsv		missing	explicitly mapped input missing: /data/projects/srndna-data/derivatives/fsl/confounds/sub-107/sub-107_task-ultimatum_run-1_desc-fslConfounds.tsv -> /ZPOOL/data/projects/srndna-ultimatum/derivatives/fsl/confounds/sub-107/sub-107_task-ultimatum_run-1_desc-fslConfounds.tsv
sub-107	01	regstandard	/usr/share/fsl/6.0.3/data/standard/MNI152_T1_2mm_brain	/usr/local/fsl/data/standard/MNI152_T1_2mm_brain.nii.gz	found	
sub-107	01	custom1	/data/projects/srndna-data/derivatives/fsl/EVfiles/sub-107/ultimatum-pmod/run-01_event_computer.txt		missing	explicitly mapped input missing: /data/projects/srndna-data/derivatives/fsl/EVfiles/sub-107/ultimatum-pmod/run-01_event_computer.txt -> /ZPOOL/data/projects/srndna-ultimatum/derivatives/fsl/EVfiles/sub-107/ultimatum-pmod/run-01_event_computer.txt
sub-107	01	custom2	/data/projects/srndna-data/derivatives/fsl/EVfiles/sub-107/ultimatum-pmod/run-01_event_computer_pmod.txt		missing	explicitly mapped input missing: /data/projects/srndna-data/derivatives/fsl/EVfiles/sub-107/ultimatum-pmod/run-01_event_computer_pmod.txt -> /ZPOOL/data/projects/srndna-ultimatum/derivatives/fsl/EVfiles/sub-107/ultimatum-pmod/run-01_event_computer_pmod.txt
sub-107	01	custom3	/data/projects/srndna-data/derivatives/fsl/EVfiles/sub-107/ultimatum-pmod/run-01_event_ingroup.txt		missing	explicitly mapped input missing: /data/projects/srndna-data/derivatives/fsl/EVfiles/sub-107/ultimatum-pmod/run-01_event_ingroup.txt -> /ZPOOL/data/projects/srndna-ultimatum/derivatives/fsl/EVfiles/sub-107/ultimatum-pmod/run-01_event_ingroup.txt
sub-107	01	custom4	/data/projects/srndna-data/derivatives/fsl/EVfiles/sub-107/ultimatum-pmod/run-01_event_ingroup_pmod.txt		missing	explicitly mapped input missing: /data/projects/srndna-data/derivatives/fsl/EVfiles/sub-107/ultimatum-pmod/run-01_event_ingroup_pmod.txt -> /ZPOOL/data/projects/srndna-ultimatum/derivatives/fsl/EVfiles/sub-107/ultimatum-pmod/run-01_event_ingroup_pmod.txt
sub-107	01	custom5	/data/projects/srndna-data/derivatives/fsl/EVfiles/sub-107/ultimatum-pmod/run-01_event_outgroup.txt		missing	explicitly mapped input missing: /data/projects/srndna-data/derivatives/fsl/EVfiles/sub-107/ultimatum-pmod/run-01_event_outgroup.txt -> /ZPOOL/data/projects/srndna-ultimatum/derivatives/fsl/EVfiles/sub-107/ultimatum-pmod/run-01_event_outgroup.txt
sub-107	01	custom6	/data/projects/srndna-data/derivatives/fsl/EVfiles/sub-107/ultimatum-pmod/run-01_event_outgroup_pmod.txt		missing	explicitly mapped input missing: /data/projects/srndna-data/derivatives/fsl/EVfiles/sub-107/ultimatum-pmod/run-01_event_outgroup_pmod.txt -> /ZPOOL/data/projects/srndna-ultimatum/derivatives/fsl/EVfiles/sub-107/ultimatum-pmod/run-01_event_outgroup_pmod.txt
sub-107	01	custom10	/data/projects/srndna-ultimatum/derivatives/fsl/sub-107/ts_task-ultimatum_net0003_nppi-dmn_run-01.txt	/ZPOOL/data/projects/srndna-ultimatum/derivatives/fsl/sub-107/ts_task-ultimatum_net0003_nppi-dmn_run-01.txt	found	
sub-107	01	custom20	/data/projects/srndna-ultimatum/derivatives/fsl/sub-107/ts_task-ultimatum_net0007_nppi-dmn_run-01.txt	/ZPOOL/data/projects/srndna-ultimatum/derivatives/fsl/sub-107/ts_task-ultimatum_net0007_nppi-dmn_run-01.txt	found	
sub-107	01	custom21	/data/projects/srndna-ultimatum/derivatives/fsl/sub-107/ts_task-ultimatum_net0000_nppi-dmn_run-01.txt	/ZPOOL/data/projects/srndna-ultimatum/derivatives/fsl/sub-107/ts_task-ultimatum_net0000_nppi-dmn_run-01.txt	found	
sub-107	01	custom22	/data/projects/srndna-ultimatum/derivatives/fsl/sub-107/ts_task-ultimatum_net0001_nppi-dmn_run-01.txt	/ZPOOL/data/projects/srndna-ultimatum/derivatives/fsl/sub-107/ts_task-ultimatum_net0001_nppi-dmn_run-01.txt	found	
sub-107	01	custom23	/data/projects/srndna-ultimatum/derivatives/fsl/sub-107/ts_task-ultimatum_net0002_nppi-dmn_run-01.txt	/ZPOOL/data/projects/srndna-ultimatum/derivatives/fsl/sub-107/ts_task-ultimatum_net0002_nppi-dmn_run-01.txt	found	
sub-107	01	custom24	/data/projects/srndna-ultimatum/derivatives/fsl/sub-107/ts_task-ultimatum_net0004_nppi-dmn_run-01.txt	/ZPOOL/data/projects/srndna-ultimatum/derivatives/fsl/sub-107/ts_task-ultimatum_net0004_nppi-dmn_run-01.txt	found	
sub-107	01	custom25	/data/projects/srndna-ultimatum/derivatives/fsl/sub-107/ts_task-ultimatum_net0005_nppi-dmn_run-01.txt	/ZPOOL/data/projects/srndna-ultimatum/derivatives/fsl/sub-107/ts_task-ultimatum_net0005_nppi-dmn_run-01.txt	found	
sub-107	01	custom26	/data/projects/srndna-ultimatum/derivatives/fsl/sub-107/ts_task-ultimatum_net0006_nppi-dmn_run-01.txt	/ZPOOL/data/projects/srndna-ultimatum/derivatives/fsl/sub-107/ts_task-ultimatum_net0006_nppi-dmn_run-01.txt	found	
sub-107	01	custom27	/data/projects/srndna-ultimatum/derivatives/fsl/sub-107/ts_task-ultimatum_net0008_nppi-dmn_run-01.txt	/ZPOOL/data/projects/srndna-ultimatum/derivatives/fsl/sub-107/ts_task-ultimatum_net0008_nppi-dmn_run-01.txt	found	
sub-107	01	custom28	/data/projects/srndna-ultimatum/derivatives/fsl/sub-107/ts_task-ultimatum_net0009_nppi-dmn_run-01.txt	/ZPOOL/data/projects/srndna-ultimatum/derivatives/fsl/sub-107/ts_task-ultimatum_net0009_nppi-dmn_run-01.txt	found	
sub-107	02	source_fsf	/ZPOOL/data/projects/srndna-ultimatum/derivatives/fsl/sub-107/L1_task-ultimatum_model-02_type-nppi-dmn_run-02_sm-6.feat/design.fsf	/ZPOOL/data/projects/srndna-ultimatum/derivatives/fsl/sub-107/L1_task-ultimatum_model-02_type-nppi-dmn_run-02_sm-6.feat/design.fsf	found	
sub-107	02	events	/ZPOOL/data/projects/srndna-ultimatum/source_data/bids/sub-107/func/sub-107_task-ultimatum_run-02_events.tsv	/ZPOOL/data/projects/srndna-ultimatum/source_data/bids/sub-107/func/sub-107_task-ultimatum_run-02_events.tsv	found	
sub-107	02	feat_files(1)	/data/projects/srndna-data/derivatives/fmriprep/sub-107/func/sub-107_task-ultimatum_run-2_space-MNI152NLin2009cAsym_desc-preproc_bold.nii.gz	/ZPOOL/data/projects/srndna-ug/derivatives/fmriprep/sub-107/func/sub-107_task-ultimatum_run-2_space-MNI152NLin2009cAsym_desc-preproc_bold.nii.gz	found	
sub-107	02	confoundev_files(1)	/data/projects/srndna-data/derivatives/fsl/confounds/sub-107/sub-107_task-ultimatum_run-2_desc-fslConfounds.tsv		missing	explicitly mapped input missing: /data/projects/srndna-data/derivatives/fsl/confounds/sub-107/sub-107_task-ultimatum_run-2_desc-fslConfounds.tsv -> /ZPOOL/data/projects/srndna-ultimatum/derivatives/fsl/confounds/sub-107/sub-107_task-ultimatum_run-2_desc-fslConfounds.tsv
sub-107	02	regstandard	/usr/share/fsl/6.0.3/data/standard/MNI152_T1_2mm_brain	/usr/local/fsl/data/standard/MNI152_T1_2mm_brain.nii.gz	found	
sub-107	02	custom1	/data/projects/srndna-data/derivatives/fsl/EVfiles/sub-107/ultimatum-pmod/run-02_event_computer.txt		missing	explicitly mapped input missing: /data/projects/srndna-data/derivatives/fsl/EVfiles/sub-107/ultimatum-pmod/run-02_event_computer.txt -> /ZPOOL/data/projects/srndna-ultimatum/derivatives/fsl/EVfiles/sub-107/ultimatum-pmod/run-02_event_computer.txt
sub-107	02	custom2	/data/projects/srndna-data/derivatives/fsl/EVfiles/sub-107/ultimatum-pmod/run-02_event_computer_pmod.txt		missing	explicitly mapped input missing: /data/projects/srndna-data/derivatives/fsl/EVfiles/sub-107/ultimatum-pmod/run-02_event_computer_pmod.txt -> /ZPOOL/data/projects/srndna-ultimatum/derivatives/fsl/EVfiles/sub-107/ultimatum-pmod/run-02_event_computer_pmod.txt
sub-107	02	custom3	/data/projects/srndna-data/derivatives/fsl/EVfiles/sub-107/ultimatum-pmod/run-02_event_ingroup.txt		missing	explicitly mapped input missing: /data/projects/srndna-data/derivatives/fsl/EVfiles/sub-107/ultimatum-pmod/run-02_event_ingroup.txt -> /ZPOOL/data/projects/srndna-ultimatum/derivatives/fsl/EVfiles/sub-107/ultimatum-pmod/run-02_event_ingroup.txt
sub-107	02	custom4	/data/projects/srndna-data/derivatives/fsl/EVfiles/sub-107/ultimatum-pmod/run-02_event_ingroup_pmod.txt		missing	explicitly mapped input missing: /data/projects/srndna-data/derivatives/fsl/EVfiles/sub-107/ultimatum-pmod/run-02_event_ingroup_pmod.txt -> /ZPOOL/data/projects/srndna-ultimatum/derivatives/fsl/EVfiles/sub-107/ultimatum-pmod/run-02_event_ingroup_pmod.txt
sub-107	02	custom5	/data/projects/srndna-data/derivatives/fsl/EVfiles/sub-107/ultimatum-pmod/run-02_event_outgroup.txt		missing	explicitly mapped input missing: /data/projects/srndna-data/derivatives/fsl/EVfiles/sub-107/ultimatum-pmod/run-02_event_outgroup.txt -> /ZPOOL/data/projects/srndna-ultimatum/derivatives/fsl/EVfiles/sub-107/ultimatum-pmod/run-02_event_outgroup.txt
sub-107	02	custom6	/data/projects/srndna-data/derivatives/fsl/EVfiles/sub-107/ultimatum-pmod/run-02_event_outgroup_pmod.txt		missing	explicitly mapped input missing: /data/projects/srndna-data/derivatives/fsl/EVfiles/sub-107/ultimatum-pmod/run-02_event_outgroup_pmod.txt -> /ZPOOL/data/projects/srndna-ultimatum/derivatives/fsl/EVfiles/sub-107/ultimatum-pmod/run-02_event_outgroup_pmod.txt
sub-107	02	custom7	/data/projects/srndna-data/derivatives/fsl/EVfiles/sub-107/ultimatum-pmod/run-02_missed_trial.txt		missing	explicitly mapped input missing: /data/projects/srndna-data/derivatives/fsl/EVfiles/sub-107/ultimatum-pmod/run-02_missed_trial.txt -> /ZPOOL/data/projects/srndna-ultimatum/derivatives/fsl/EVfiles/sub-107/ultimatum-pmod/run-02_missed_trial.txt
sub-107	02	custom10	/data/projects/srndna-ultimatum/derivatives/fsl/sub-107/ts_task-ultimatum_net0003_nppi-dmn_run-02.txt	/ZPOOL/data/projects/srndna-ultimatum/derivatives/fsl/sub-107/ts_task-ultimatum_net0003_nppi-dmn_run-02.txt	found	
sub-107	02	custom20	/data/projects/srndna-ultimatum/derivatives/fsl/sub-107/ts_task-ultimatum_net0007_nppi-dmn_run-02.txt	/ZPOOL/data/projects/srndna-ultimatum/derivatives/fsl/sub-107/ts_task-ultimatum_net0007_nppi-dmn_run-02.txt	found	
sub-107	02	custom21	/data/projects/srndna-ultimatum/derivatives/fsl/sub-107/ts_task-ultimatum_net0000_nppi-dmn_run-02.txt	/ZPOOL/data/projects/srndna-ultimatum/derivatives/fsl/sub-107/ts_task-ultimatum_net0000_nppi-dmn_run-02.txt	found	
sub-107	02	custom22	/data/projects/srndna-ultimatum/derivatives/fsl/sub-107/ts_task-ultimatum_net0001_nppi-dmn_run-02.txt	/ZPOOL/data/projects/srndna-ultimatum/derivatives/fsl/sub-107/ts_task-ultimatum_net0001_nppi-dmn_run-02.txt	found	
sub-107	02	custom23	/data/projects/srndna-ultimatum/derivatives/fsl/sub-107/ts_task-ultimatum_net0002_nppi-dmn_run-02.txt	/ZPOOL/data/projects/srndna-ultimatum/derivatives/fsl/sub-107/ts_task-ultimatum_net0002_nppi-dmn_run-02.txt	found	
sub-107	02	custom24	/data/projects/srndna-ultimatum/derivatives/fsl/sub-107/ts_task-ultimatum_net0004_nppi-dmn_run-02.txt	/ZPOOL/data/projects/srndna-ultimatum/derivatives/fsl/sub-107/ts_task-ultimatum_net0004_nppi-dmn_run-02.txt	found	
sub-107	02	custom25	/data/projects/srndna-ultimatum/derivatives/fsl/sub-107/ts_task-ultimatum_net0005_nppi-dmn_run-02.txt	/ZPOOL/data/projects/srndna-ultimatum/derivatives/fsl/sub-107/ts_task-ultimatum_net0005_nppi-dmn_run-02.txt	found	
sub-107	02	custom26	/data/projects/srndna-ultimatum/derivatives/fsl/sub-107/ts_task-ultimatum_net0006_nppi-dmn_run-02.txt	/ZPOOL/data/projects/srndna-ultimatum/derivatives/fsl/sub-107/ts_task-ultimatum_net0006_nppi-dmn_run-02.txt	found	
sub-107	02	custom27	/data/projects/srndna-ultimatum/derivatives/fsl/sub-107/ts_task-ultimatum_net0008_nppi-dmn_run-02.txt	/ZPOOL/data/projects/srndna-ultimatum/derivatives/fsl/sub-107/ts_task-ultimatum_net0008_nppi-dmn_run-02.txt	found	
sub-107	02	custom28	/data/projects/srndna-ultimatum/derivatives/fsl/sub-107/ts_task-ultimatum_net0009_nppi-dmn_run-02.txt	/ZPOOL/data/projects/srndna-ultimatum/derivatives/fsl/sub-107/ts_task-ultimatum_net0009_nppi-dmn_run-02.txt	found	
sub-107	combined	source_l2_fsf	/ZPOOL/data/projects/srndna-ultimatum/derivatives/fsl/sub-107/L2_task-ultimatum_model-02_type-nppi-dmn_sm-6.gfeat/design.fsf	/ZPOOL/data/projects/srndna-ultimatum/derivatives/fsl/sub-107/L2_task-ultimatum_model-02_type-nppi-dmn_sm-6.gfeat/design.fsf	found	
sub-108	01	source_fsf	/ZPOOL/data/projects/srndna-ultimatum/derivatives/fsl/sub-108/L1_task-ultimatum_model-02_type-nppi-dmn_run-01_sm-6.feat/design.fsf	/ZPOOL/data/projects/srndna-ultimatum/derivatives/fsl/sub-108/L1_task-ultimatum_model-02_type-nppi-dmn_run-01_sm-6.feat/design.fsf	found	
sub-108	01	events	/ZPOOL/data/projects/srndna-ultimatum/source_data/bids/sub-108/func/sub-108_task-ultimatum_run-01_events.tsv	/ZPOOL/data/projects/srndna-ultimatum/source_data/bids/sub-108/func/sub-108_task-ultimatum_run-01_events.tsv	found	
sub-108	01	feat_files(1)	/data/projects/srndna-data/derivatives/fmriprep/sub-108/func/sub-108_task-ultimatum_run-1_space-MNI152NLin2009cAsym_desc-preproc_bold.nii.gz	/ZPOOL/data/projects/srndna-ug/derivatives/fmriprep/sub-108/func/sub-108_task-ultimatum_run-1_space-MNI152NLin2009cAsym_desc-preproc_bold.nii.gz	found	
sub-108	01	confoundev_files(1)	/data/projects/srndna-data/derivatives/fsl/confounds/sub-108/sub-108_task-ultimatum_run-1_desc-fslConfounds.tsv		missing	explicitly mapped input missing: /data/projects/srndna-data/derivatives/fsl/confounds/sub-108/sub-108_task-ultimatum_run-1_desc-fslConfounds.tsv -> /ZPOOL/data/projects/srndna-ultimatum/derivatives/fsl/confounds/sub-108/sub-108_task-ultimatum_run-1_desc-fslConfounds.tsv
sub-108	01	regstandard	/usr/share/fsl/6.0.3/data/standard/MNI152_T1_2mm_brain	/usr/local/fsl/data/standard/MNI152_T1_2mm_brain.nii.gz	found	
sub-108	01	custom1	/data/projects/srndna-data/derivatives/fsl/EVfiles/sub-108/ultimatum-pmod/run-01_event_computer.txt		missing	explicitly mapped input missing: /data/projects/srndna-data/derivatives/fsl/EVfiles/sub-108/ultimatum-pmod/run-01_event_computer.txt -> /ZPOOL/data/projects/srndna-ultimatum/derivatives/fsl/EVfiles/sub-108/ultimatum-pmod/run-01_event_computer.txt
sub-108	01	custom2	/data/projects/srndna-data/derivatives/fsl/EVfiles/sub-108/ultimatum-pmod/run-01_event_computer_pmod.txt		missing	explicitly mapped input missing: /data/projects/srndna-data/derivatives/fsl/EVfiles/sub-108/ultimatum-pmod/run-01_event_computer_pmod.txt -> /ZPOOL/data/projects/srndna-ultimatum/derivatives/fsl/EVfiles/sub-108/ultimatum-pmod/run-01_event_computer_pmod.txt
sub-108	01	custom3	/data/projects/srndna-data/derivatives/fsl/EVfiles/sub-108/ultimatum-pmod/run-01_event_ingroup.txt		missing	explicitly mapped input missing: /data/projects/srndna-data/derivatives/fsl/EVfiles/sub-108/ultimatum-pmod/run-01_event_ingroup.txt -> /ZPOOL/data/projects/srndna-ultimatum/derivatives/fsl/EVfiles/sub-108/ultimatum-pmod/run-01_event_ingroup.txt
sub-108	01	custom4	/data/projects/srndna-data/derivatives/fsl/EVfiles/sub-108/ultimatum-pmod/run-01_event_ingroup_pmod.txt		missing	explicitly mapped input missing: /data/projects/srndna-data/derivatives/fsl/EVfiles/sub-108/ultimatum-pmod/run-01_event_ingroup_pmod.txt -> /ZPOOL/data/projects/srndna-ultimatum/derivatives/fsl/EVfiles/sub-108/ultimatum-pmod/run-01_event_ingroup_pmod.txt
sub-108	01	custom5	/data/projects/srndna-data/derivatives/fsl/EVfiles/sub-108/ultimatum-pmod/run-01_event_outgroup.txt		missing	explicitly mapped input missing: /data/projects/srndna-data/derivatives/fsl/EVfiles/sub-108/ultimatum-pmod/run-01_event_outgroup.txt -> /ZPOOL/data/projects/srndna-ultimatum/derivatives/fsl/EVfiles/sub-108/ultimatum-pmod/run-01_event_outgroup.txt
sub-108	01	custom6	/data/projects/srndna-data/derivatives/fsl/EVfiles/sub-108/ultimatum-pmod/run-01_event_outgroup_pmod.txt		missing	explicitly mapped input missing: /data/projects/srndna-data/derivatives/fsl/EVfiles/sub-108/ultimatum-pmod/run-01_event_outgroup_pmod.txt -> /ZPOOL/data/projects/srndna-ultimatum/derivatives/fsl/EVfiles/sub-108/ultimatum-pmod/run-01_event_outgroup_pmod.txt
sub-108	01	custom10	/data/projects/srndna-ultimatum/derivatives/fsl/sub-108/ts_task-ultimatum_net0003_nppi-dmn_run-01.txt	/ZPOOL/data/projects/srndna-ultimatum/derivatives/fsl/sub-108/ts_task-ultimatum_net0003_nppi-dmn_run-01.txt	found	
sub-108	01	custom20	/data/projects/srndna-ultimatum/derivatives/fsl/sub-108/ts_task-ultimatum_net0007_nppi-dmn_run-01.txt	/ZPOOL/data/projects/srndna-ultimatum/derivatives/fsl/sub-108/ts_task-ultimatum_net0007_nppi-dmn_run-01.txt	found	
sub-108	01	custom21	/data/projects/srndna-ultimatum/derivatives/fsl/sub-108/ts_task-ultimatum_net0000_nppi-dmn_run-01.txt	/ZPOOL/data/projects/srndna-ultimatum/derivatives/fsl/sub-108/ts_task-ultimatum_net0000_nppi-dmn_run-01.txt	found	
sub-108	01	custom22	/data/projects/srndna-ultimatum/derivatives/fsl/sub-108/ts_task-ultimatum_net0001_nppi-dmn_run-01.txt	/ZPOOL/data/projects/srndna-ultimatum/derivatives/fsl/sub-108/ts_task-ultimatum_net0001_nppi-dmn_run-01.txt	found	
sub-108	01	custom23	/data/projects/srndna-ultimatum/derivatives/fsl/sub-108/ts_task-ultimatum_net0002_nppi-dmn_run-01.txt	/ZPOOL/data/projects/srndna-ultimatum/derivatives/fsl/sub-108/ts_task-ultimatum_net0002_nppi-dmn_run-01.txt	found	
sub-108	01	custom24	/data/projects/srndna-ultimatum/derivatives/fsl/sub-108/ts_task-ultimatum_net0004_nppi-dmn_run-01.txt	/ZPOOL/data/projects/srndna-ultimatum/derivatives/fsl/sub-108/ts_task-ultimatum_net0004_nppi-dmn_run-01.txt	found	
sub-108	01	custom25	/data/projects/srndna-ultimatum/derivatives/fsl/sub-108/ts_task-ultimatum_net0005_nppi-dmn_run-01.txt	/ZPOOL/data/projects/srndna-ultimatum/derivatives/fsl/sub-108/ts_task-ultimatum_net0005_nppi-dmn_run-01.txt	found	
sub-108	01	custom26	/data/projects/srndna-ultimatum/derivatives/fsl/sub-108/ts_task-ultimatum_net0006_nppi-dmn_run-01.txt	/ZPOOL/data/projects/srndna-ultimatum/derivatives/fsl/sub-108/ts_task-ultimatum_net0006_nppi-dmn_run-01.txt	found	
sub-108	01	custom27	/data/projects/srndna-ultimatum/derivatives/fsl/sub-108/ts_task-ultimatum_net0008_nppi-dmn_run-01.txt	/ZPOOL/data/projects/srndna-ultimatum/derivatives/fsl/sub-108/ts_task-ultimatum_net0008_nppi-dmn_run-01.txt	found	
sub-108	01	custom28	/data/projects/srndna-ultimatum/derivatives/fsl/sub-108/ts_task-ultimatum_net0009_nppi-dmn_run-01.txt	/ZPOOL/data/projects/srndna-ultimatum/derivatives/fsl/sub-108/ts_task-ultimatum_net0009_nppi-dmn_run-01.txt	found	
sub-108	02	source_fsf	/ZPOOL/data/projects/srndna-ultimatum/derivatives/fsl/sub-108/L1_task-ultimatum_model-02_type-nppi-dmn_run-02_sm-6.feat/design.fsf	/ZPOOL/data/projects/srndna-ultimatum/derivatives/fsl/sub-108/L1_task-ultimatum_model-02_type-nppi-dmn_run-02_sm-6.feat/design.fsf	found	
sub-108	02	events	/ZPOOL/data/projects/srndna-ultimatum/source_data/bids/sub-108/func/sub-108_task-ultimatum_run-02_events.tsv	/ZPOOL/data/projects/srndna-ultimatum/source_data/bids/sub-108/func/sub-108_task-ultimatum_run-02_events.tsv	found	
sub-108	02	feat_files(1)	/data/projects/srndna-data/derivatives/fmriprep/sub-108/func/sub-108_task-ultimatum_run-2_space-MNI152NLin2009cAsym_desc-preproc_bold.nii.gz	/ZPOOL/data/projects/srndna-ug/derivatives/fmriprep/sub-108/func/sub-108_task-ultimatum_run-2_space-MNI152NLin2009cAsym_desc-preproc_bold.nii.gz	found	
sub-108	02	confoundev_files(1)	/data/projects/srndna-data/derivatives/fsl/confounds/sub-108/sub-108_task-ultimatum_run-2_desc-fslConfounds.tsv		missing	explicitly mapped input missing: /data/projects/srndna-data/derivatives/fsl/confounds/sub-108/sub-108_task-ultimatum_run-2_desc-fslConfounds.tsv -> /ZPOOL/data/projects/srndna-ultimatum/derivatives/fsl/confounds/sub-108/sub-108_task-ultimatum_run-2_desc-fslConfounds.tsv
sub-108	02	regstandard	/usr/share/fsl/6.0.3/data/standard/MNI152_T1_2mm_brain	/usr/local/fsl/data/standard/MNI152_T1_2mm_brain.nii.gz	found	
sub-108	02	custom1	/data/projects/srndna-data/derivatives/fsl/EVfiles/sub-108/ultimatum-pmod/run-02_event_computer.txt		missing	explicitly mapped input missing: /data/projects/srndna-data/derivatives/fsl/EVfiles/sub-108/ultimatum-pmod/run-02_event_computer.txt -> /ZPOOL/data/projects/srndna-ultimatum/derivatives/fsl/EVfiles/sub-108/ultimatum-pmod/run-02_event_computer.txt
sub-108	02	custom2	/data/projects/srndna-data/derivatives/fsl/EVfiles/sub-108/ultimatum-pmod/run-02_event_computer_pmod.txt		missing	explicitly mapped input missing: /data/projects/srndna-data/derivatives/fsl/EVfiles/sub-108/ultimatum-pmod/run-02_event_computer_pmod.txt -> /ZPOOL/data/projects/srndna-ultimatum/derivatives/fsl/EVfiles/sub-108/ultimatum-pmod/run-02_event_computer_pmod.txt
sub-108	02	custom3	/data/projects/srndna-data/derivatives/fsl/EVfiles/sub-108/ultimatum-pmod/run-02_event_ingroup.txt		missing	explicitly mapped input missing: /data/projects/srndna-data/derivatives/fsl/EVfiles/sub-108/ultimatum-pmod/run-02_event_ingroup.txt -> /ZPOOL/data/projects/srndna-ultimatum/derivatives/fsl/EVfiles/sub-108/ultimatum-pmod/run-02_event_ingroup.txt
sub-108	02	custom4	/data/projects/srndna-data/derivatives/fsl/EVfiles/sub-108/ultimatum-pmod/run-02_event_ingroup_pmod.txt		missing	explicitly mapped input missing: /data/projects/srndna-data/derivatives/fsl/EVfiles/sub-108/ultimatum-pmod/run-02_event_ingroup_pmod.txt -> /ZPOOL/data/projects/srndna-ultimatum/derivatives/fsl/EVfiles/sub-108/ultimatum-pmod/run-02_event_ingroup_pmod.txt
sub-108	02	custom5	/data/projects/srndna-data/derivatives/fsl/EVfiles/sub-108/ultimatum-pmod/run-02_event_outgroup.txt		missing	explicitly mapped input missing: /data/projects/srndna-data/derivatives/fsl/EVfiles/sub-108/ultimatum-pmod/run-02_event_outgroup.txt -> /ZPOOL/data/projects/srndna-ultimatum/derivatives/fsl/EVfiles/sub-108/ultimatum-pmod/run-02_event_outgroup.txt
sub-108	02	custom6	/data/projects/srndna-data/derivatives/fsl/EVfiles/sub-108/ultimatum-pmod/run-02_event_outgroup_pmod.txt		missing	explicitly mapped input missing: /data/projects/srndna-data/derivatives/fsl/EVfiles/sub-108/ultimatum-pmod/run-02_event_outgroup_pmod.txt -> /ZPOOL/data/projects/srndna-ultimatum/derivatives/fsl/EVfiles/sub-108/ultimatum-pmod/run-02_event_outgroup_pmod.txt
sub-108	02	custom10	/data/projects/srndna-ultimatum/derivatives/fsl/sub-108/ts_task-ultimatum_net0003_nppi-dmn_run-02.txt	/ZPOOL/data/projects/srndna-ultimatum/derivatives/fsl/sub-108/ts_task-ultimatum_net0003_nppi-dmn_run-02.txt	found	
sub-108	02	custom20	/data/projects/srndna-ultimatum/derivatives/fsl/sub-108/ts_task-ultimatum_net0007_nppi-dmn_run-02.txt	/ZPOOL/data/projects/srndna-ultimatum/derivatives/fsl/sub-108/ts_task-ultimatum_net0007_nppi-dmn_run-02.txt	found	
sub-108	02	custom21	/data/projects/srndna-ultimatum/derivatives/fsl/sub-108/ts_task-ultimatum_net0000_nppi-dmn_run-02.txt	/ZPOOL/data/projects/srndna-ultimatum/derivatives/fsl/sub-108/ts_task-ultimatum_net0000_nppi-dmn_run-02.txt	found	
sub-108	02	custom22	/data/projects/srndna-ultimatum/derivatives/fsl/sub-108/ts_task-ultimatum_net0001_nppi-dmn_run-02.txt	/ZPOOL/data/projects/srndna-ultimatum/derivatives/fsl/sub-108/ts_task-ultimatum_net0001_nppi-dmn_run-02.txt	found	
sub-108	02	custom23	/data/projects/srndna-ultimatum/derivatives/fsl/sub-108/ts_task-ultimatum_net0002_nppi-dmn_run-02.txt	/ZPOOL/data/projects/srndna-ultimatum/derivatives/fsl/sub-108/ts_task-ultimatum_net0002_nppi-dmn_run-02.txt	found	
sub-108	02	custom24	/data/projects/srndna-ultimatum/derivatives/fsl/sub-108/ts_task-ultimatum_net0004_nppi-dmn_run-02.txt	/ZPOOL/data/projects/srndna-ultimatum/derivatives/fsl/sub-108/ts_task-ultimatum_net0004_nppi-dmn_run-02.txt	found	
sub-108	02	custom25	/data/projects/srndna-ultimatum/derivatives/fsl/sub-108/ts_task-ultimatum_net0005_nppi-dmn_run-02.txt	/ZPOOL/data/projects/srndna-ultimatum/derivatives/fsl/sub-108/ts_task-ultimatum_net0005_nppi-dmn_run-02.txt	found	
sub-108	02	custom26	/data/projects/srndna-ultimatum/derivatives/fsl/sub-108/ts_task-ultimatum_net0006_nppi-dmn_run-02.txt	/ZPOOL/data/projects/srndna-ultimatum/derivatives/fsl/sub-108/ts_task-ultimatum_net0006_nppi-dmn_run-02.txt	found	
sub-108	02	custom27	/data/projects/srndna-ultimatum/derivatives/fsl/sub-108/ts_task-ultimatum_net0008_nppi-dmn_run-02.txt	/ZPOOL/data/projects/srndna-ultimatum/derivatives/fsl/sub-108/ts_task-ultimatum_net0008_nppi-dmn_run-02.txt	found	
sub-108	02	custom28	/data/projects/srndna-ultimatum/derivatives/fsl/sub-108/ts_task-ultimatum_net0009_nppi-dmn_run-02.txt	/ZPOOL/data/projects/srndna-ultimatum/derivatives/fsl/sub-108/ts_task-ultimatum_net0009_nppi-dmn_run-02.txt	found	
sub-108	combined	source_l2_fsf	/ZPOOL/data/projects/srndna-ultimatum/derivatives/fsl/sub-108/L2_task-ultimatum_model-02_type-nppi-dmn_sm-6.gfeat/design.fsf	/ZPOOL/data/projects/srndna-ultimatum/derivatives/fsl/sub-108/L2_task-ultimatum_model-02_type-nppi-dmn_sm-6.gfeat/design.fsf	found	
sub-109	01	source_fsf	/ZPOOL/data/projects/srndna-ultimatum/derivatives/fsl/sub-109/L1_task-ultimatum_model-02_type-nppi-dmn_run-01_sm-6.feat/design.fsf	/ZPOOL/data/projects/srndna-ultimatum/derivatives/fsl/sub-109/L1_task-ultimatum_model-02_type-nppi-dmn_run-01_sm-6.feat/design.fsf	found	
sub-109	01	events	/ZPOOL/data/projects/srndna-ultimatum/source_data/bids/sub-109/func/sub-109_task-ultimatum_run-01_events.tsv	/ZPOOL/data/projects/srndna-ultimatum/source_data/bids/sub-109/func/sub-109_task-ultimatum_run-01_events.tsv	found	
sub-109	01	feat_files(1)	/data/projects/srndna-data/derivatives/fmriprep/sub-109/func/sub-109_task-ultimatum_run-1_space-MNI152NLin2009cAsym_desc-preproc_bold.nii.gz	/ZPOOL/data/projects/srndna-ug/derivatives/fmriprep/sub-109/func/sub-109_task-ultimatum_run-1_space-MNI152NLin2009cAsym_desc-preproc_bold.nii.gz	found	
sub-109	01	confoundev_files(1)	/data/projects/srndna-data/derivatives/fsl/confounds/sub-109/sub-109_task-ultimatum_run-1_desc-fslConfounds.tsv		missing	explicitly mapped input missing: /data/projects/srndna-data/derivatives/fsl/confounds/sub-109/sub-109_task-ultimatum_run-1_desc-fslConfounds.tsv -> /ZPOOL/data/projects/srndna-ultimatum/derivatives/fsl/confounds/sub-109/sub-109_task-ultimatum_run-1_desc-fslConfounds.tsv
sub-109	01	regstandard	/usr/share/fsl/6.0.3/data/standard/MNI152_T1_2mm_brain	/usr/local/fsl/data/standard/MNI152_T1_2mm_brain.nii.gz	found	
sub-109	01	custom1	/data/projects/srndna-data/derivatives/fsl/EVfiles/sub-109/ultimatum-pmod/run-01_event_computer.txt		missing	explicitly mapped input missing: /data/projects/srndna-data/derivatives/fsl/EVfiles/sub-109/ultimatum-pmod/run-01_event_computer.txt -> /ZPOOL/data/projects/srndna-ultimatum/derivatives/fsl/EVfiles/sub-109/ultimatum-pmod/run-01_event_computer.txt
sub-109	01	custom2	/data/projects/srndna-data/derivatives/fsl/EVfiles/sub-109/ultimatum-pmod/run-01_event_computer_pmod.txt		missing	explicitly mapped input missing: /data/projects/srndna-data/derivatives/fsl/EVfiles/sub-109/ultimatum-pmod/run-01_event_computer_pmod.txt -> /ZPOOL/data/projects/srndna-ultimatum/derivatives/fsl/EVfiles/sub-109/ultimatum-pmod/run-01_event_computer_pmod.txt
sub-109	01	custom3	/data/projects/srndna-data/derivatives/fsl/EVfiles/sub-109/ultimatum-pmod/run-01_event_ingroup.txt		missing	explicitly mapped input missing: /data/projects/srndna-data/derivatives/fsl/EVfiles/sub-109/ultimatum-pmod/run-01_event_ingroup.txt -> /ZPOOL/data/projects/srndna-ultimatum/derivatives/fsl/EVfiles/sub-109/ultimatum-pmod/run-01_event_ingroup.txt
sub-109	01	custom4	/data/projects/srndna-data/derivatives/fsl/EVfiles/sub-109/ultimatum-pmod/run-01_event_ingroup_pmod.txt		missing	explicitly mapped input missing: /data/projects/srndna-data/derivatives/fsl/EVfiles/sub-109/ultimatum-pmod/run-01_event_ingroup_pmod.txt -> /ZPOOL/data/projects/srndna-ultimatum/derivatives/fsl/EVfiles/sub-109/ultimatum-pmod/run-01_event_ingroup_pmod.txt
sub-109	01	custom5	/data/projects/srndna-data/derivatives/fsl/EVfiles/sub-109/ultimatum-pmod/run-01_event_outgroup.txt		missing	explicitly mapped input missing: /data/projects/srndna-data/derivatives/fsl/EVfiles/sub-109/ultimatum-pmod/run-01_event_outgroup.txt -> /ZPOOL/data/projects/srndna-ultimatum/derivatives/fsl/EVfiles/sub-109/ultimatum-pmod/run-01_event_outgroup.txt
sub-109	01	custom6	/data/projects/srndna-data/derivatives/fsl/EVfiles/sub-109/ultimatum-pmod/run-01_event_outgroup_pmod.txt		missing	explicitly mapped input missing: /data/projects/srndna-data/derivatives/fsl/EVfiles/sub-109/ultimatum-pmod/run-01_event_outgroup_pmod.txt -> /ZPOOL/data/projects/srndna-ultimatum/derivatives/fsl/EVfiles/sub-109/ultimatum-pmod/run-01_event_outgroup_pmod.txt
sub-109	01	custom7	/data/projects/srndna-data/derivatives/fsl/EVfiles/sub-109/ultimatum-pmod/run-01_missed_trial.txt		missing	explicitly mapped input missing: /data/projects/srndna-data/derivatives/fsl/EVfiles/sub-109/ultimatum-pmod/run-01_missed_trial.txt -> /ZPOOL/data/projects/srndna-ultimatum/derivatives/fsl/EVfiles/sub-109/ultimatum-pmod/run-01_missed_trial.txt
sub-109	01	custom10	/data/projects/srndna-ultimatum/derivatives/fsl/sub-109/ts_task-ultimatum_net0003_nppi-dmn_run-01.txt	/ZPOOL/data/projects/srndna-ultimatum/derivatives/fsl/sub-109/ts_task-ultimatum_net0003_nppi-dmn_run-01.txt	found	
sub-109	01	custom20	/data/projects/srndna-ultimatum/derivatives/fsl/sub-109/ts_task-ultimatum_net0007_nppi-dmn_run-01.txt	/ZPOOL/data/projects/srndna-ultimatum/derivatives/fsl/sub-109/ts_task-ultimatum_net0007_nppi-dmn_run-01.txt	found	
sub-109	01	custom21	/data/projects/srndna-ultimatum/derivatives/fsl/sub-109/ts_task-ultimatum_net0000_nppi-dmn_run-01.txt	/ZPOOL/data/projects/srndna-ultimatum/derivatives/fsl/sub-109/ts_task-ultimatum_net0000_nppi-dmn_run-01.txt	found	
sub-109	01	custom22	/data/projects/srndna-ultimatum/derivatives/fsl/sub-109/ts_task-ultimatum_net0001_nppi-dmn_run-01.txt	/ZPOOL/data/projects/srndna-ultimatum/derivatives/fsl/sub-109/ts_task-ultimatum_net0001_nppi-dmn_run-01.txt	found	
sub-109	01	custom23	/data/projects/srndna-ultimatum/derivatives/fsl/sub-109/ts_task-ultimatum_net0002_nppi-dmn_run-01.txt	/ZPOOL/data/projects/srndna-ultimatum/derivatives/fsl/sub-109/ts_task-ultimatum_net0002_nppi-dmn_run-01.txt	found	
sub-109	01	custom24	/data/projects/srndna-ultimatum/derivatives/fsl/sub-109/ts_task-ultimatum_net0004_nppi-dmn_run-01.txt	/ZPOOL/data/projects/srndna-ultimatum/derivatives/fsl/sub-109/ts_task-ultimatum_net0004_nppi-dmn_run-01.txt	found	
sub-109	01	custom25	/data/projects/srndna-ultimatum/derivatives/fsl/sub-109/ts_task-ultimatum_net0005_nppi-dmn_run-01.txt	/ZPOOL/data/projects/srndna-ultimatum/derivatives/fsl/sub-109/ts_task-ultimatum_net0005_nppi-dmn_run-01.txt	found	
sub-109	01	custom26	/data/projects/srndna-ultimatum/derivatives/fsl/sub-109/ts_task-ultimatum_net0006_nppi-dmn_run-01.txt	/ZPOOL/data/projects/srndna-ultimatum/derivatives/fsl/sub-109/ts_task-ultimatum_net0006_nppi-dmn_run-01.txt	found	
sub-109	01	custom27	/data/projects/srndna-ultimatum/derivatives/fsl/sub-109/ts_task-ultimatum_net0008_nppi-dmn_run-01.txt	/ZPOOL/data/projects/srndna-ultimatum/derivatives/fsl/sub-109/ts_task-ultimatum_net0008_nppi-dmn_run-01.txt	found	
sub-109	01	custom28	/data/projects/srndna-ultimatum/derivatives/fsl/sub-109/ts_task-ultimatum_net0009_nppi-dmn_run-01.txt	/ZPOOL/data/projects/srndna-ultimatum/derivatives/fsl/sub-109/ts_task-ultimatum_net0009_nppi-dmn_run-01.txt	found	
sub-109	02	source_fsf	/ZPOOL/data/projects/srndna-ultimatum/derivatives/fsl/sub-109/L1_task-ultimatum_model-02_type-nppi-dmn_run-02_sm-6.feat/design.fsf	/ZPOOL/data/projects/srndna-ultimatum/derivatives/fsl/sub-109/L1_task-ultimatum_model-02_type-nppi-dmn_run-02_sm-6.feat/design.fsf	found	
sub-109	02	events	/ZPOOL/data/projects/srndna-ultimatum/source_data/bids/sub-109/func/sub-109_task-ultimatum_run-02_events.tsv	/ZPOOL/data/projects/srndna-ultimatum/source_data/bids/sub-109/func/sub-109_task-ultimatum_run-02_events.tsv	found	
sub-109	02	feat_files(1)	/data/projects/srndna-data/derivatives/fmriprep/sub-109/func/sub-109_task-ultimatum_run-2_space-MNI152NLin2009cAsym_desc-preproc_bold.nii.gz	/ZPOOL/data/projects/srndna-ug/derivatives/fmriprep/sub-109/func/sub-109_task-ultimatum_run-2_space-MNI152NLin2009cAsym_desc-preproc_bold.nii.gz	found	
sub-109	02	confoundev_files(1)	/data/projects/srndna-data/derivatives/fsl/confounds/sub-109/sub-109_task-ultimatum_run-2_desc-fslConfounds.tsv		missing	explicitly mapped input missing: /data/projects/srndna-data/derivatives/fsl/confounds/sub-109/sub-109_task-ultimatum_run-2_desc-fslConfounds.tsv -> /ZPOOL/data/projects/srndna-ultimatum/derivatives/fsl/confounds/sub-109/sub-109_task-ultimatum_run-2_desc-fslConfounds.tsv
sub-109	02	regstandard	/usr/share/fsl/6.0.3/data/standard/MNI152_T1_2mm_brain	/usr/local/fsl/data/standard/MNI152_T1_2mm_brain.nii.gz	found	
sub-109	02	custom1	/data/projects/srndna-data/derivatives/fsl/EVfiles/sub-109/ultimatum-pmod/run-02_event_computer.txt		missing	explicitly mapped input missing: /data/projects/srndna-data/derivatives/fsl/EVfiles/sub-109/ultimatum-pmod/run-02_event_computer.txt -> /ZPOOL/data/projects/srndna-ultimatum/derivatives/fsl/EVfiles/sub-109/ultimatum-pmod/run-02_event_computer.txt
sub-109	02	custom2	/data/projects/srndna-data/derivatives/fsl/EVfiles/sub-109/ultimatum-pmod/run-02_event_computer_pmod.txt		missing	explicitly mapped input missing: /data/projects/srndna-data/derivatives/fsl/EVfiles/sub-109/ultimatum-pmod/run-02_event_computer_pmod.txt -> /ZPOOL/data/projects/srndna-ultimatum/derivatives/fsl/EVfiles/sub-109/ultimatum-pmod/run-02_event_computer_pmod.txt
sub-109	02	custom3	/data/projects/srndna-data/derivatives/fsl/EVfiles/sub-109/ultimatum-pmod/run-02_event_ingroup.txt		missing	explicitly mapped input missing: /data/projects/srndna-data/derivatives/fsl/EVfiles/sub-109/ultimatum-pmod/run-02_event_ingroup.txt -> /ZPOOL/data/projects/srndna-ultimatum/derivatives/fsl/EVfiles/sub-109/ultimatum-pmod/run-02_event_ingroup.txt
sub-109	02	custom4	/data/projects/srndna-data/derivatives/fsl/EVfiles/sub-109/ultimatum-pmod/run-02_event_ingroup_pmod.txt		missing	explicitly mapped input missing: /data/projects/srndna-data/derivatives/fsl/EVfiles/sub-109/ultimatum-pmod/run-02_event_ingroup_pmod.txt -> /ZPOOL/data/projects/srndna-ultimatum/derivatives/fsl/EVfiles/sub-109/ultimatum-pmod/run-02_event_ingroup_pmod.txt
sub-109	02	custom5	/data/projects/srndna-data/derivatives/fsl/EVfiles/sub-109/ultimatum-pmod/run-02_event_outgroup.txt		missing	explicitly mapped input missing: /data/projects/srndna-data/derivatives/fsl/EVfiles/sub-109/ultimatum-pmod/run-02_event_outgroup.txt -> /ZPOOL/data/projects/srndna-ultimatum/derivatives/fsl/EVfiles/sub-109/ultimatum-pmod/run-02_event_outgroup.txt
sub-109	02	custom6	/data/projects/srndna-data/derivatives/fsl/EVfiles/sub-109/ultimatum-pmod/run-02_event_outgroup_pmod.txt		missing	explicitly mapped input missing: /data/projects/srndna-data/derivatives/fsl/EVfiles/sub-109/ultimatum-pmod/run-02_event_outgroup_pmod.txt -> /ZPOOL/data/projects/srndna-ultimatum/derivatives/fsl/EVfiles/sub-109/ultimatum-pmod/run-02_event_outgroup_pmod.txt
sub-109	02	custom7	/data/projects/srndna-data/derivatives/fsl/EVfiles/sub-109/ultimatum-pmod/run-02_missed_trial.txt		missing	explicitly mapped input missing: /data/projects/srndna-data/derivatives/fsl/EVfiles/sub-109/ultimatum-pmod/run-02_missed_trial.txt -> /ZPOOL/data/projects/srndna-ultimatum/derivatives/fsl/EVfiles/sub-109/ultimatum-pmod/run-02_missed_trial.txt
sub-109	02	custom10	/data/projects/srndna-ultimatum/derivatives/fsl/sub-109/ts_task-ultimatum_net0003_nppi-dmn_run-02.txt	/ZPOOL/data/projects/srndna-ultimatum/derivatives/fsl/sub-109/ts_task-ultimatum_net0003_nppi-dmn_run-02.txt	found	
sub-109	02	custom20	/data/projects/srndna-ultimatum/derivatives/fsl/sub-109/ts_task-ultimatum_net0007_nppi-dmn_run-02.txt	/ZPOOL/data/projects/srndna-ultimatum/derivatives/fsl/sub-109/ts_task-ultimatum_net0007_nppi-dmn_run-02.txt	found	
sub-109	02	custom21	/data/projects/srndna-ultimatum/derivatives/fsl/sub-109/ts_task-ultimatum_net0000_nppi-dmn_run-02.txt	/ZPOOL/data/projects/srndna-ultimatum/derivatives/fsl/sub-109/ts_task-ultimatum_net0000_nppi-dmn_run-02.txt	found	
sub-109	02	custom22	/data/projects/srndna-ultimatum/derivatives/fsl/sub-109/ts_task-ultimatum_net0001_nppi-dmn_run-02.txt	/ZPOOL/data/projects/srndna-ultimatum/derivatives/fsl/sub-109/ts_task-ultimatum_net0001_nppi-dmn_run-02.txt	found	
sub-109	02	custom23	/data/projects/srndna-ultimatum/derivatives/fsl/sub-109/ts_task-ultimatum_net0002_nppi-dmn_run-02.txt	/ZPOOL/data/projects/srndna-ultimatum/derivatives/fsl/sub-109/ts_task-ultimatum_net0002_nppi-dmn_run-02.txt	found	
sub-109	02	custom24	/data/projects/srndna-ultimatum/derivatives/fsl/sub-109/ts_task-ultimatum_net0004_nppi-dmn_run-02.txt	/ZPOOL/data/projects/srndna-ultimatum/derivatives/fsl/sub-109/ts_task-ultimatum_net0004_nppi-dmn_run-02.txt	found	
sub-109	02	custom25	/data/projects/srndna-ultimatum/derivatives/fsl/sub-109/ts_task-ultimatum_net0005_nppi-dmn_run-02.txt	/ZPOOL/data/projects/srndna-ultimatum/derivatives/fsl/sub-109/ts_task-ultimatum_net0005_nppi-dmn_run-02.txt	found	
sub-109	02	custom26	/data/projects/srndna-ultimatum/derivatives/fsl/sub-109/ts_task-ultimatum_net0006_nppi-dmn_run-02.txt	/ZPOOL/data/projects/srndna-ultimatum/derivatives/fsl/sub-109/ts_task-ultimatum_net0006_nppi-dmn_run-02.txt	found	
sub-109	02	custom27	/data/projects/srndna-ultimatum/derivatives/fsl/sub-109/ts_task-ultimatum_net0008_nppi-dmn_run-02.txt	/ZPOOL/data/projects/srndna-ultimatum/derivatives/fsl/sub-109/ts_task-ultimatum_net0008_nppi-dmn_run-02.txt	found	
sub-109	02	custom28	/data/projects/srndna-ultimatum/derivatives/fsl/sub-109/ts_task-ultimatum_net0009_nppi-dmn_run-02.txt	/ZPOOL/data/projects/srndna-ultimatum/derivatives/fsl/sub-109/ts_task-ultimatum_net0009_nppi-dmn_run-02.txt	found	
sub-109	combined	source_l2_fsf	/ZPOOL/data/projects/srndna-ultimatum/derivatives/fsl/sub-109/L2_task-ultimatum_model-02_type-nppi-dmn_sm-6.gfeat/design.fsf	/ZPOOL/data/projects/srndna-ultimatum/derivatives/fsl/sub-109/L2_task-ultimatum_model-02_type-nppi-dmn_sm-6.gfeat/design.fsf	found	
sub-110	01	source_fsf	/ZPOOL/data/projects/srndna-ultimatum/derivatives/fsl/sub-110/L1_task-ultimatum_model-02_type-nppi-dmn_run-01_sm-6.feat/design.fsf	/ZPOOL/data/projects/srndna-ultimatum/derivatives/fsl/sub-110/L1_task-ultimatum_model-02_type-nppi-dmn_run-01_sm-6.feat/design.fsf	found	
sub-110	01	events	/ZPOOL/data/projects/srndna-ultimatum/source_data/bids/sub-110/func/sub-110_task-ultimatum_run-01_events.tsv	/ZPOOL/data/projects/srndna-ultimatum/source_data/bids/sub-110/func/sub-110_task-ultimatum_run-01_events.tsv	found	
sub-110	01	feat_files(1)	/data/projects/srndna-data/derivatives/fmriprep/sub-110/func/sub-110_task-ultimatum_run-1_space-MNI152NLin2009cAsym_desc-preproc_bold.nii.gz	/ZPOOL/data/projects/srndna-ug/derivatives/fmriprep/sub-110/func/sub-110_task-ultimatum_run-1_space-MNI152NLin2009cAsym_desc-preproc_bold.nii.gz	found	
sub-110	01	confoundev_files(1)	/data/projects/srndna-data/derivatives/fsl/confounds/sub-110/sub-110_task-ultimatum_run-1_desc-fslConfounds.tsv		missing	explicitly mapped input missing: /data/projects/srndna-data/derivatives/fsl/confounds/sub-110/sub-110_task-ultimatum_run-1_desc-fslConfounds.tsv -> /ZPOOL/data/projects/srndna-ultimatum/derivatives/fsl/confounds/sub-110/sub-110_task-ultimatum_run-1_desc-fslConfounds.tsv
sub-110	01	regstandard	/usr/share/fsl/6.0.3/data/standard/MNI152_T1_2mm_brain	/usr/local/fsl/data/standard/MNI152_T1_2mm_brain.nii.gz	found	
sub-110	01	custom1	/data/projects/srndna-data/derivatives/fsl/EVfiles/sub-110/ultimatum-pmod/run-01_event_computer.txt		missing	explicitly mapped input missing: /data/projects/srndna-data/derivatives/fsl/EVfiles/sub-110/ultimatum-pmod/run-01_event_computer.txt -> /ZPOOL/data/projects/srndna-ultimatum/derivatives/fsl/EVfiles/sub-110/ultimatum-pmod/run-01_event_computer.txt
sub-110	01	custom2	/data/projects/srndna-data/derivatives/fsl/EVfiles/sub-110/ultimatum-pmod/run-01_event_computer_pmod.txt		missing	explicitly mapped input missing: /data/projects/srndna-data/derivatives/fsl/EVfiles/sub-110/ultimatum-pmod/run-01_event_computer_pmod.txt -> /ZPOOL/data/projects/srndna-ultimatum/derivatives/fsl/EVfiles/sub-110/ultimatum-pmod/run-01_event_computer_pmod.txt
sub-110	01	custom3	/data/projects/srndna-data/derivatives/fsl/EVfiles/sub-110/ultimatum-pmod/run-01_event_ingroup.txt		missing	explicitly mapped input missing: /data/projects/srndna-data/derivatives/fsl/EVfiles/sub-110/ultimatum-pmod/run-01_event_ingroup.txt -> /ZPOOL/data/projects/srndna-ultimatum/derivatives/fsl/EVfiles/sub-110/ultimatum-pmod/run-01_event_ingroup.txt
sub-110	01	custom4	/data/projects/srndna-data/derivatives/fsl/EVfiles/sub-110/ultimatum-pmod/run-01_event_ingroup_pmod.txt		missing	explicitly mapped input missing: /data/projects/srndna-data/derivatives/fsl/EVfiles/sub-110/ultimatum-pmod/run-01_event_ingroup_pmod.txt -> /ZPOOL/data/projects/srndna-ultimatum/derivatives/fsl/EVfiles/sub-110/ultimatum-pmod/run-01_event_ingroup_pmod.txt
sub-110	01	custom5	/data/projects/srndna-data/derivatives/fsl/EVfiles/sub-110/ultimatum-pmod/run-01_event_outgroup.txt		missing	explicitly mapped input missing: /data/projects/srndna-data/derivatives/fsl/EVfiles/sub-110/ultimatum-pmod/run-01_event_outgroup.txt -> /ZPOOL/data/projects/srndna-ultimatum/derivatives/fsl/EVfiles/sub-110/ultimatum-pmod/run-01_event_outgroup.txt
sub-110	01	custom6	/data/projects/srndna-data/derivatives/fsl/EVfiles/sub-110/ultimatum-pmod/run-01_event_outgroup_pmod.txt		missing	explicitly mapped input missing: /data/projects/srndna-data/derivatives/fsl/EVfiles/sub-110/ultimatum-pmod/run-01_event_outgroup_pmod.txt -> /ZPOOL/data/projects/srndna-ultimatum/derivatives/fsl/EVfiles/sub-110/ultimatum-pmod/run-01_event_outgroup_pmod.txt
sub-110	01	custom10	/data/projects/srndna-ultimatum/derivatives/fsl/sub-110/ts_task-ultimatum_net0003_nppi-dmn_run-01.txt	/ZPOOL/data/projects/srndna-ultimatum/derivatives/fsl/sub-110/ts_task-ultimatum_net0003_nppi-dmn_run-01.txt	found	
sub-110	01	custom20	/data/projects/srndna-ultimatum/derivatives/fsl/sub-110/ts_task-ultimatum_net0007_nppi-dmn_run-01.txt	/ZPOOL/data/projects/srndna-ultimatum/derivatives/fsl/sub-110/ts_task-ultimatum_net0007_nppi-dmn_run-01.txt	found	
sub-110	01	custom21	/data/projects/srndna-ultimatum/derivatives/fsl/sub-110/ts_task-ultimatum_net0000_nppi-dmn_run-01.txt	/ZPOOL/data/projects/srndna-ultimatum/derivatives/fsl/sub-110/ts_task-ultimatum_net0000_nppi-dmn_run-01.txt	found	
sub-110	01	custom22	/data/projects/srndna-ultimatum/derivatives/fsl/sub-110/ts_task-ultimatum_net0001_nppi-dmn_run-01.txt	/ZPOOL/data/projects/srndna-ultimatum/derivatives/fsl/sub-110/ts_task-ultimatum_net0001_nppi-dmn_run-01.txt	found	
sub-110	01	custom23	/data/projects/srndna-ultimatum/derivatives/fsl/sub-110/ts_task-ultimatum_net0002_nppi-dmn_run-01.txt	/ZPOOL/data/projects/srndna-ultimatum/derivatives/fsl/sub-110/ts_task-ultimatum_net0002_nppi-dmn_run-01.txt	found	
sub-110	01	custom24	/data/projects/srndna-ultimatum/derivatives/fsl/sub-110/ts_task-ultimatum_net0004_nppi-dmn_run-01.txt	/ZPOOL/data/projects/srndna-ultimatum/derivatives/fsl/sub-110/ts_task-ultimatum_net0004_nppi-dmn_run-01.txt	found	
sub-110	01	custom25	/data/projects/srndna-ultimatum/derivatives/fsl/sub-110/ts_task-ultimatum_net0005_nppi-dmn_run-01.txt	/ZPOOL/data/projects/srndna-ultimatum/derivatives/fsl/sub-110/ts_task-ultimatum_net0005_nppi-dmn_run-01.txt	found	
sub-110	01	custom26	/data/projects/srndna-ultimatum/derivatives/fsl/sub-110/ts_task-ultimatum_net0006_nppi-dmn_run-01.txt	/ZPOOL/data/projects/srndna-ultimatum/derivatives/fsl/sub-110/ts_task-ultimatum_net0006_nppi-dmn_run-01.txt	found	
sub-110	01	custom27	/data/projects/srndna-ultimatum/derivatives/fsl/sub-110/ts_task-ultimatum_net0008_nppi-dmn_run-01.txt	/ZPOOL/data/projects/srndna-ultimatum/derivatives/fsl/sub-110/ts_task-ultimatum_net0008_nppi-dmn_run-01.txt	found	
sub-110	01	custom28	/data/projects/srndna-ultimatum/derivatives/fsl/sub-110/ts_task-ultimatum_net0009_nppi-dmn_run-01.txt	/ZPOOL/data/projects/srndna-ultimatum/derivatives/fsl/sub-110/ts_task-ultimatum_net0009_nppi-dmn_run-01.txt	found	
sub-110	02	source_fsf	/ZPOOL/data/projects/srndna-ultimatum/derivatives/fsl/sub-110/L1_task-ultimatum_model-02_type-nppi-dmn_run-02_sm-6.feat/design.fsf	/ZPOOL/data/projects/srndna-ultimatum/derivatives/fsl/sub-110/L1_task-ultimatum_model-02_type-nppi-dmn_run-02_sm-6.feat/design.fsf	found	
sub-110	02	events	/ZPOOL/data/projects/srndna-ultimatum/source_data/bids/sub-110/func/sub-110_task-ultimatum_run-02_events.tsv	/ZPOOL/data/projects/srndna-ultimatum/source_data/bids/sub-110/func/sub-110_task-ultimatum_run-02_events.tsv	found	
sub-110	02	feat_files(1)	/data/projects/srndna-data/derivatives/fmriprep/sub-110/func/sub-110_task-ultimatum_run-2_space-MNI152NLin2009cAsym_desc-preproc_bold.nii.gz	/ZPOOL/data/projects/srndna-ug/derivatives/fmriprep/sub-110/func/sub-110_task-ultimatum_run-2_space-MNI152NLin2009cAsym_desc-preproc_bold.nii.gz	found	
sub-110	02	confoundev_files(1)	/data/projects/srndna-data/derivatives/fsl/confounds/sub-110/sub-110_task-ultimatum_run-2_desc-fslConfounds.tsv		missing	explicitly mapped input missing: /data/projects/srndna-data/derivatives/fsl/confounds/sub-110/sub-110_task-ultimatum_run-2_desc-fslConfounds.tsv -> /ZPOOL/data/projects/srndna-ultimatum/derivatives/fsl/confounds/sub-110/sub-110_task-ultimatum_run-2_desc-fslConfounds.tsv
sub-110	02	regstandard	/usr/share/fsl/6.0.3/data/standard/MNI152_T1_2mm_brain	/usr/local/fsl/data/standard/MNI152_T1_2mm_brain.nii.gz	found	
sub-110	02	custom1	/data/projects/srndna-data/derivatives/fsl/EVfiles/sub-110/ultimatum-pmod/run-02_event_computer.txt		missing	explicitly mapped input missing: /data/projects/srndna-data/derivatives/fsl/EVfiles/sub-110/ultimatum-pmod/run-02_event_computer.txt -> /ZPOOL/data/projects/srndna-ultimatum/derivatives/fsl/EVfiles/sub-110/ultimatum-pmod/run-02_event_computer.txt
sub-110	02	custom2	/data/projects/srndna-data/derivatives/fsl/EVfiles/sub-110/ultimatum-pmod/run-02_event_computer_pmod.txt		missing	explicitly mapped input missing: /data/projects/srndna-data/derivatives/fsl/EVfiles/sub-110/ultimatum-pmod/run-02_event_computer_pmod.txt -> /ZPOOL/data/projects/srndna-ultimatum/derivatives/fsl/EVfiles/sub-110/ultimatum-pmod/run-02_event_computer_pmod.txt
sub-110	02	custom3	/data/projects/srndna-data/derivatives/fsl/EVfiles/sub-110/ultimatum-pmod/run-02_event_ingroup.txt		missing	explicitly mapped input missing: /data/projects/srndna-data/derivatives/fsl/EVfiles/sub-110/ultimatum-pmod/run-02_event_ingroup.txt -> /ZPOOL/data/projects/srndna-ultimatum/derivatives/fsl/EVfiles/sub-110/ultimatum-pmod/run-02_event_ingroup.txt
sub-110	02	custom4	/data/projects/srndna-data/derivatives/fsl/EVfiles/sub-110/ultimatum-pmod/run-02_event_ingroup_pmod.txt		missing	explicitly mapped input missing: /data/projects/srndna-data/derivatives/fsl/EVfiles/sub-110/ultimatum-pmod/run-02_event_ingroup_pmod.txt -> /ZPOOL/data/projects/srndna-ultimatum/derivatives/fsl/EVfiles/sub-110/ultimatum-pmod/run-02_event_ingroup_pmod.txt
sub-110	02	custom5	/data/projects/srndna-data/derivatives/fsl/EVfiles/sub-110/ultimatum-pmod/run-02_event_outgroup.txt		missing	explicitly mapped input missing: /data/projects/srndna-data/derivatives/fsl/EVfiles/sub-110/ultimatum-pmod/run-02_event_outgroup.txt -> /ZPOOL/data/projects/srndna-ultimatum/derivatives/fsl/EVfiles/sub-110/ultimatum-pmod/run-02_event_outgroup.txt
sub-110	02	custom6	/data/projects/srndna-data/derivatives/fsl/EVfiles/sub-110/ultimatum-pmod/run-02_event_outgroup_pmod.txt		missing	explicitly mapped input missing: /data/projects/srndna-data/derivatives/fsl/EVfiles/sub-110/ultimatum-pmod/run-02_event_outgroup_pmod.txt -> /ZPOOL/data/projects/srndna-ultimatum/derivatives/fsl/EVfiles/sub-110/ultimatum-pmod/run-02_event_outgroup_pmod.txt
sub-110	02	custom10	/data/projects/srndna-ultimatum/derivatives/fsl/sub-110/ts_task-ultimatum_net0003_nppi-dmn_run-02.txt	/ZPOOL/data/projects/srndna-ultimatum/derivatives/fsl/sub-110/ts_task-ultimatum_net0003_nppi-dmn_run-02.txt	found	
sub-110	02	custom20	/data/projects/srndna-ultimatum/derivatives/fsl/sub-110/ts_task-ultimatum_net0007_nppi-dmn_run-02.txt	/ZPOOL/data/projects/srndna-ultimatum/derivatives/fsl/sub-110/ts_task-ultimatum_net0007_nppi-dmn_run-02.txt	found	
sub-110	02	custom21	/data/projects/srndna-ultimatum/derivatives/fsl/sub-110/ts_task-ultimatum_net0000_nppi-dmn_run-02.txt	/ZPOOL/data/projects/srndna-ultimatum/derivatives/fsl/sub-110/ts_task-ultimatum_net0000_nppi-dmn_run-02.txt	found	
sub-110	02	custom22	/data/projects/srndna-ultimatum/derivatives/fsl/sub-110/ts_task-ultimatum_net0001_nppi-dmn_run-02.txt	/ZPOOL/data/projects/srndna-ultimatum/derivatives/fsl/sub-110/ts_task-ultimatum_net0001_nppi-dmn_run-02.txt	found	
sub-110	02	custom23	/data/projects/srndna-ultimatum/derivatives/fsl/sub-110/ts_task-ultimatum_net0002_nppi-dmn_run-02.txt	/ZPOOL/data/projects/srndna-ultimatum/derivatives/fsl/sub-110/ts_task-ultimatum_net0002_nppi-dmn_run-02.txt	found	
sub-110	02	custom24	/data/projects/srndna-ultimatum/derivatives/fsl/sub-110/ts_task-ultimatum_net0004_nppi-dmn_run-02.txt	/ZPOOL/data/projects/srndna-ultimatum/derivatives/fsl/sub-110/ts_task-ultimatum_net0004_nppi-dmn_run-02.txt	found	
sub-110	02	custom25	/data/projects/srndna-ultimatum/derivatives/fsl/sub-110/ts_task-ultimatum_net0005_nppi-dmn_run-02.txt	/ZPOOL/data/projects/srndna-ultimatum/derivatives/fsl/sub-110/ts_task-ultimatum_net0005_nppi-dmn_run-02.txt	found	
sub-110	02	custom26	/data/projects/srndna-ultimatum/derivatives/fsl/sub-110/ts_task-ultimatum_net0006_nppi-dmn_run-02.txt	/ZPOOL/data/projects/srndna-ultimatum/derivatives/fsl/sub-110/ts_task-ultimatum_net0006_nppi-dmn_run-02.txt	found	
sub-110	02	custom27	/data/projects/srndna-ultimatum/derivatives/fsl/sub-110/ts_task-ultimatum_net0008_nppi-dmn_run-02.txt	/ZPOOL/data/projects/srndna-ultimatum/derivatives/fsl/sub-110/ts_task-ultimatum_net0008_nppi-dmn_run-02.txt	found	
sub-110	02	custom28	/data/projects/srndna-ultimatum/derivatives/fsl/sub-110/ts_task-ultimatum_net0009_nppi-dmn_run-02.txt	/ZPOOL/data/projects/srndna-ultimatum/derivatives/fsl/sub-110/ts_task-ultimatum_net0009_nppi-dmn_run-02.txt	found	
sub-110	combined	source_l2_fsf	/ZPOOL/data/projects/srndna-ultimatum/derivatives/fsl/sub-110/L2_task-ultimatum_model-02_type-nppi-dmn_sm-6.gfeat/design.fsf	/ZPOOL/data/projects/srndna-ultimatum/derivatives/fsl/sub-110/L2_task-ultimatum_model-02_type-nppi-dmn_sm-6.gfeat/design.fsf	found	
sub-111	01	source_fsf	/ZPOOL/data/projects/srndna-ultimatum/derivatives/fsl/sub-111/L1_task-ultimatum_model-02_type-nppi-dmn_run-01_sm-6.feat/design.fsf	/ZPOOL/data/projects/srndna-ultimatum/derivatives/fsl/sub-111/L1_task-ultimatum_model-02_type-nppi-dmn_run-01_sm-6.feat/design.fsf	found	
sub-111	01	events	/ZPOOL/data/projects/srndna-ultimatum/source_data/bids/sub-111/func/sub-111_task-ultimatum_run-01_events.tsv	/ZPOOL/data/projects/srndna-ultimatum/source_data/bids/sub-111/func/sub-111_task-ultimatum_run-01_events.tsv	found	
sub-111	01	feat_files(1)	/data/projects/srndna-data/derivatives/fmriprep/sub-111/func/sub-111_task-ultimatum_run-1_space-MNI152NLin2009cAsym_desc-preproc_bold.nii.gz	/ZPOOL/data/projects/srndna-ug/derivatives/fmriprep/sub-111/func/sub-111_task-ultimatum_run-1_space-MNI152NLin2009cAsym_desc-preproc_bold.nii.gz	found	
sub-111	01	confoundev_files(1)	/data/projects/srndna-data/derivatives/fsl/confounds/sub-111/sub-111_task-ultimatum_run-1_desc-fslConfounds.tsv		missing	explicitly mapped input missing: /data/projects/srndna-data/derivatives/fsl/confounds/sub-111/sub-111_task-ultimatum_run-1_desc-fslConfounds.tsv -> /ZPOOL/data/projects/srndna-ultimatum/derivatives/fsl/confounds/sub-111/sub-111_task-ultimatum_run-1_desc-fslConfounds.tsv
sub-111	01	regstandard	/usr/share/fsl/6.0.3/data/standard/MNI152_T1_2mm_brain	/usr/local/fsl/data/standard/MNI152_T1_2mm_brain.nii.gz	found	
sub-111	01	custom1	/data/projects/srndna-data/derivatives/fsl/EVfiles/sub-111/ultimatum-pmod/run-01_event_computer.txt		missing	explicitly mapped input missing: /data/projects/srndna-data/derivatives/fsl/EVfiles/sub-111/ultimatum-pmod/run-01_event_computer.txt -> /ZPOOL/data/projects/srndna-ultimatum/derivatives/fsl/EVfiles/sub-111/ultimatum-pmod/run-01_event_computer.txt
sub-111	01	custom2	/data/projects/srndna-data/derivatives/fsl/EVfiles/sub-111/ultimatum-pmod/run-01_event_computer_pmod.txt		missing	explicitly mapped input missing: /data/projects/srndna-data/derivatives/fsl/EVfiles/sub-111/ultimatum-pmod/run-01_event_computer_pmod.txt -> /ZPOOL/data/projects/srndna-ultimatum/derivatives/fsl/EVfiles/sub-111/ultimatum-pmod/run-01_event_computer_pmod.txt
sub-111	01	custom3	/data/projects/srndna-data/derivatives/fsl/EVfiles/sub-111/ultimatum-pmod/run-01_event_ingroup.txt		missing	explicitly mapped input missing: /data/projects/srndna-data/derivatives/fsl/EVfiles/sub-111/ultimatum-pmod/run-01_event_ingroup.txt -> /ZPOOL/data/projects/srndna-ultimatum/derivatives/fsl/EVfiles/sub-111/ultimatum-pmod/run-01_event_ingroup.txt
sub-111	01	custom4	/data/projects/srndna-data/derivatives/fsl/EVfiles/sub-111/ultimatum-pmod/run-01_event_ingroup_pmod.txt		missing	explicitly mapped input missing: /data/projects/srndna-data/derivatives/fsl/EVfiles/sub-111/ultimatum-pmod/run-01_event_ingroup_pmod.txt -> /ZPOOL/data/projects/srndna-ultimatum/derivatives/fsl/EVfiles/sub-111/ultimatum-pmod/run-01_event_ingroup_pmod.txt
sub-111	01	custom5	/data/projects/srndna-data/derivatives/fsl/EVfiles/sub-111/ultimatum-pmod/run-01_event_outgroup.txt		missing	explicitly mapped input missing: /data/projects/srndna-data/derivatives/fsl/EVfiles/sub-111/ultimatum-pmod/run-01_event_outgroup.txt -> /ZPOOL/data/projects/srndna-ultimatum/derivatives/fsl/EVfiles/sub-111/ultimatum-pmod/run-01_event_outgroup.txt
sub-111	01	custom6	/data/projects/srndna-data/derivatives/fsl/EVfiles/sub-111/ultimatum-pmod/run-01_event_outgroup_pmod.txt		missing	explicitly mapped input missing: /data/projects/srndna-data/derivatives/fsl/EVfiles/sub-111/ultimatum-pmod/run-01_event_outgroup_pmod.txt -> /ZPOOL/data/projects/srndna-ultimatum/derivatives/fsl/EVfiles/sub-111/ultimatum-pmod/run-01_event_outgroup_pmod.txt
sub-111	01	custom7	/data/projects/srndna-data/derivatives/fsl/EVfiles/sub-111/ultimatum-pmod/run-01_missed_trial.txt		missing	explicitly mapped input missing: /data/projects/srndna-data/derivatives/fsl/EVfiles/sub-111/ultimatum-pmod/run-01_missed_trial.txt -> /ZPOOL/data/projects/srndna-ultimatum/derivatives/fsl/EVfiles/sub-111/ultimatum-pmod/run-01_missed_trial.txt
sub-111	01	custom10	/data/projects/srndna-ultimatum/derivatives/fsl/sub-111/ts_task-ultimatum_net0003_nppi-dmn_run-01.txt	/ZPOOL/data/projects/srndna-ultimatum/derivatives/fsl/sub-111/ts_task-ultimatum_net0003_nppi-dmn_run-01.txt	found	
sub-111	01	custom20	/data/projects/srndna-ultimatum/derivatives/fsl/sub-111/ts_task-ultimatum_net0007_nppi-dmn_run-01.txt	/ZPOOL/data/projects/srndna-ultimatum/derivatives/fsl/sub-111/ts_task-ultimatum_net0007_nppi-dmn_run-01.txt	found	
sub-111	01	custom21	/data/projects/srndna-ultimatum/derivatives/fsl/sub-111/ts_task-ultimatum_net0000_nppi-dmn_run-01.txt	/ZPOOL/data/projects/srndna-ultimatum/derivatives/fsl/sub-111/ts_task-ultimatum_net0000_nppi-dmn_run-01.txt	found	
sub-111	01	custom22	/data/projects/srndna-ultimatum/derivatives/fsl/sub-111/ts_task-ultimatum_net0001_nppi-dmn_run-01.txt	/ZPOOL/data/projects/srndna-ultimatum/derivatives/fsl/sub-111/ts_task-ultimatum_net0001_nppi-dmn_run-01.txt	found	
sub-111	01	custom23	/data/projects/srndna-ultimatum/derivatives/fsl/sub-111/ts_task-ultimatum_net0002_nppi-dmn_run-01.txt	/ZPOOL/data/projects/srndna-ultimatum/derivatives/fsl/sub-111/ts_task-ultimatum_net0002_nppi-dmn_run-01.txt	found	
sub-111	01	custom24	/data/projects/srndna-ultimatum/derivatives/fsl/sub-111/ts_task-ultimatum_net0004_nppi-dmn_run-01.txt	/ZPOOL/data/projects/srndna-ultimatum/derivatives/fsl/sub-111/ts_task-ultimatum_net0004_nppi-dmn_run-01.txt	found	
sub-111	01	custom25	/data/projects/srndna-ultimatum/derivatives/fsl/sub-111/ts_task-ultimatum_net0005_nppi-dmn_run-01.txt	/ZPOOL/data/projects/srndna-ultimatum/derivatives/fsl/sub-111/ts_task-ultimatum_net0005_nppi-dmn_run-01.txt	found	
sub-111	01	custom26	/data/projects/srndna-ultimatum/derivatives/fsl/sub-111/ts_task-ultimatum_net0006_nppi-dmn_run-01.txt	/ZPOOL/data/projects/srndna-ultimatum/derivatives/fsl/sub-111/ts_task-ultimatum_net0006_nppi-dmn_run-01.txt	found	
sub-111	01	custom27	/data/projects/srndna-ultimatum/derivatives/fsl/sub-111/ts_task-ultimatum_net0008_nppi-dmn_run-01.txt	/ZPOOL/data/projects/srndna-ultimatum/derivatives/fsl/sub-111/ts_task-ultimatum_net0008_nppi-dmn_run-01.txt	found	
sub-111	01	custom28	/data/projects/srndna-ultimatum/derivatives/fsl/sub-111/ts_task-ultimatum_net0009_nppi-dmn_run-01.txt	/ZPOOL/data/projects/srndna-ultimatum/derivatives/fsl/sub-111/ts_task-ultimatum_net0009_nppi-dmn_run-01.txt	found	
sub-111	02	source_fsf	/ZPOOL/data/projects/srndna-ultimatum/derivatives/fsl/sub-111/L1_task-ultimatum_model-02_type-nppi-dmn_run-02_sm-6.feat/design.fsf	/ZPOOL/data/projects/srndna-ultimatum/derivatives/fsl/sub-111/L1_task-ultimatum_model-02_type-nppi-dmn_run-02_sm-6.feat/design.fsf	found	
sub-111	02	events	/ZPOOL/data/projects/srndna-ultimatum/source_data/bids/sub-111/func/sub-111_task-ultimatum_run-02_events.tsv	/ZPOOL/data/projects/srndna-ultimatum/source_data/bids/sub-111/func/sub-111_task-ultimatum_run-02_events.tsv	found	
sub-111	02	feat_files(1)	/data/projects/srndna-data/derivatives/fmriprep/sub-111/func/sub-111_task-ultimatum_run-2_space-MNI152NLin2009cAsym_desc-preproc_bold.nii.gz	/ZPOOL/data/projects/srndna-ug/derivatives/fmriprep/sub-111/func/sub-111_task-ultimatum_run-2_space-MNI152NLin2009cAsym_desc-preproc_bold.nii.gz	found	
sub-111	02	confoundev_files(1)	/data/projects/srndna-data/derivatives/fsl/confounds/sub-111/sub-111_task-ultimatum_run-2_desc-fslConfounds.tsv		missing	explicitly mapped input missing: /data/projects/srndna-data/derivatives/fsl/confounds/sub-111/sub-111_task-ultimatum_run-2_desc-fslConfounds.tsv -> /ZPOOL/data/projects/srndna-ultimatum/derivatives/fsl/confounds/sub-111/sub-111_task-ultimatum_run-2_desc-fslConfounds.tsv
sub-111	02	regstandard	/usr/share/fsl/6.0.3/data/standard/MNI152_T1_2mm_brain	/usr/local/fsl/data/standard/MNI152_T1_2mm_brain.nii.gz	found	
sub-111	02	custom1	/data/projects/srndna-data/derivatives/fsl/EVfiles/sub-111/ultimatum-pmod/run-02_event_computer.txt		missing	explicitly mapped input missing: /data/projects/srndna-data/derivatives/fsl/EVfiles/sub-111/ultimatum-pmod/run-02_event_computer.txt -> /ZPOOL/data/projects/srndna-ultimatum/derivatives/fsl/EVfiles/sub-111/ultimatum-pmod/run-02_event_computer.txt
sub-111	02	custom2	/data/projects/srndna-data/derivatives/fsl/EVfiles/sub-111/ultimatum-pmod/run-02_event_computer_pmod.txt		missing	explicitly mapped input missing: /data/projects/srndna-data/derivatives/fsl/EVfiles/sub-111/ultimatum-pmod/run-02_event_computer_pmod.txt -> /ZPOOL/data/projects/srndna-ultimatum/derivatives/fsl/EVfiles/sub-111/ultimatum-pmod/run-02_event_computer_pmod.txt
sub-111	02	custom3	/data/projects/srndna-data/derivatives/fsl/EVfiles/sub-111/ultimatum-pmod/run-02_event_ingroup.txt		missing	explicitly mapped input missing: /data/projects/srndna-data/derivatives/fsl/EVfiles/sub-111/ultimatum-pmod/run-02_event_ingroup.txt -> /ZPOOL/data/projects/srndna-ultimatum/derivatives/fsl/EVfiles/sub-111/ultimatum-pmod/run-02_event_ingroup.txt
sub-111	02	custom4	/data/projects/srndna-data/derivatives/fsl/EVfiles/sub-111/ultimatum-pmod/run-02_event_ingroup_pmod.txt		missing	explicitly mapped input missing: /data/projects/srndna-data/derivatives/fsl/EVfiles/sub-111/ultimatum-pmod/run-02_event_ingroup_pmod.txt -> /ZPOOL/data/projects/srndna-ultimatum/derivatives/fsl/EVfiles/sub-111/ultimatum-pmod/run-02_event_ingroup_pmod.txt
sub-111	02	custom5	/data/projects/srndna-data/derivatives/fsl/EVfiles/sub-111/ultimatum-pmod/run-02_event_outgroup.txt		missing	explicitly mapped input missing: /data/projects/srndna-data/derivatives/fsl/EVfiles/sub-111/ultimatum-pmod/run-02_event_outgroup.txt -> /ZPOOL/data/projects/srndna-ultimatum/derivatives/fsl/EVfiles/sub-111/ultimatum-pmod/run-02_event_outgroup.txt
sub-111	02	custom6	/data/projects/srndna-data/derivatives/fsl/EVfiles/sub-111/ultimatum-pmod/run-02_event_outgroup_pmod.txt		missing	explicitly mapped input missing: /data/projects/srndna-data/derivatives/fsl/EVfiles/sub-111/ultimatum-pmod/run-02_event_outgroup_pmod.txt -> /ZPOOL/data/projects/srndna-ultimatum/derivatives/fsl/EVfiles/sub-111/ultimatum-pmod/run-02_event_outgroup_pmod.txt
sub-111	02	custom10	/data/projects/srndna-ultimatum/derivatives/fsl/sub-111/ts_task-ultimatum_net0003_nppi-dmn_run-02.txt	/ZPOOL/data/projects/srndna-ultimatum/derivatives/fsl/sub-111/ts_task-ultimatum_net0003_nppi-dmn_run-02.txt	found	
sub-111	02	custom20	/data/projects/srndna-ultimatum/derivatives/fsl/sub-111/ts_task-ultimatum_net0007_nppi-dmn_run-02.txt	/ZPOOL/data/projects/srndna-ultimatum/derivatives/fsl/sub-111/ts_task-ultimatum_net0007_nppi-dmn_run-02.txt	found	
sub-111	02	custom21	/data/projects/srndna-ultimatum/derivatives/fsl/sub-111/ts_task-ultimatum_net0000_nppi-dmn_run-02.txt	/ZPOOL/data/projects/srndna-ultimatum/derivatives/fsl/sub-111/ts_task-ultimatum_net0000_nppi-dmn_run-02.txt	found	
sub-111	02	custom22	/data/projects/srndna-ultimatum/derivatives/fsl/sub-111/ts_task-ultimatum_net0001_nppi-dmn_run-02.txt	/ZPOOL/data/projects/srndna-ultimatum/derivatives/fsl/sub-111/ts_task-ultimatum_net0001_nppi-dmn_run-02.txt	found	
sub-111	02	custom23	/data/projects/srndna-ultimatum/derivatives/fsl/sub-111/ts_task-ultimatum_net0002_nppi-dmn_run-02.txt	/ZPOOL/data/projects/srndna-ultimatum/derivatives/fsl/sub-111/ts_task-ultimatum_net0002_nppi-dmn_run-02.txt	found	
sub-111	02	custom24	/data/projects/srndna-ultimatum/derivatives/fsl/sub-111/ts_task-ultimatum_net0004_nppi-dmn_run-02.txt	/ZPOOL/data/projects/srndna-ultimatum/derivatives/fsl/sub-111/ts_task-ultimatum_net0004_nppi-dmn_run-02.txt	found	
sub-111	02	custom25	/data/projects/srndna-ultimatum/derivatives/fsl/sub-111/ts_task-ultimatum_net0005_nppi-dmn_run-02.txt	/ZPOOL/data/projects/srndna-ultimatum/derivatives/fsl/sub-111/ts_task-ultimatum_net0005_nppi-dmn_run-02.txt	found	
sub-111	02	custom26	/data/projects/srndna-ultimatum/derivatives/fsl/sub-111/ts_task-ultimatum_net0006_nppi-dmn_run-02.txt	/ZPOOL/data/projects/srndna-ultimatum/derivatives/fsl/sub-111/ts_task-ultimatum_net0006_nppi-dmn_run-02.txt	found	
sub-111	02	custom27	/data/projects/srndna-ultimatum/derivatives/fsl/sub-111/ts_task-ultimatum_net0008_nppi-dmn_run-02.txt	/ZPOOL/data/projects/srndna-ultimatum/derivatives/fsl/sub-111/ts_task-ultimatum_net0008_nppi-dmn_run-02.txt	found	
sub-111	02	custom28	/data/projects/srndna-ultimatum/derivatives/fsl/sub-111/ts_task-ultimatum_net0009_nppi-dmn_run-02.txt	/ZPOOL/data/projects/srndna-ultimatum/derivatives/fsl/sub-111/ts_task-ultimatum_net0009_nppi-dmn_run-02.txt	found	
sub-111	combined	source_l2_fsf	/ZPOOL/data/projects/srndna-ultimatum/derivatives/fsl/sub-111/L2_task-ultimatum_model-02_type-nppi-dmn_sm-6.gfeat/design.fsf	/ZPOOL/data/projects/srndna-ultimatum/derivatives/fsl/sub-111/L2_task-ultimatum_model-02_type-nppi-dmn_sm-6.gfeat/design.fsf	found	
sub-112	01	source_fsf	/ZPOOL/data/projects/srndna-ultimatum/derivatives/fsl/sub-112/L1_task-ultimatum_model-02_type-nppi-dmn_run-01_sm-6.feat/design.fsf	/ZPOOL/data/projects/srndna-ultimatum/derivatives/fsl/sub-112/L1_task-ultimatum_model-02_type-nppi-dmn_run-01_sm-6.feat/design.fsf	found	
sub-112	01	events	/ZPOOL/data/projects/srndna-ultimatum/source_data/bids/sub-112/func/sub-112_task-ultimatum_run-01_events.tsv	/ZPOOL/data/projects/srndna-ultimatum/source_data/bids/sub-112/func/sub-112_task-ultimatum_run-01_events.tsv	found	
sub-112	01	feat_files(1)	/data/projects/srndna-data/derivatives/fmriprep/sub-112/func/sub-112_task-ultimatum_run-1_space-MNI152NLin2009cAsym_desc-preproc_bold.nii.gz	/ZPOOL/data/projects/srndna-ug/derivatives/fmriprep/sub-112/func/sub-112_task-ultimatum_run-1_space-MNI152NLin2009cAsym_desc-preproc_bold.nii.gz	found	
sub-112	01	confoundev_files(1)	/data/projects/srndna-data/derivatives/fsl/confounds/sub-112/sub-112_task-ultimatum_run-1_desc-fslConfounds.tsv		missing	explicitly mapped input missing: /data/projects/srndna-data/derivatives/fsl/confounds/sub-112/sub-112_task-ultimatum_run-1_desc-fslConfounds.tsv -> /ZPOOL/data/projects/srndna-ultimatum/derivatives/fsl/confounds/sub-112/sub-112_task-ultimatum_run-1_desc-fslConfounds.tsv
sub-112	01	regstandard	/usr/share/fsl/6.0.3/data/standard/MNI152_T1_2mm_brain	/usr/local/fsl/data/standard/MNI152_T1_2mm_brain.nii.gz	found	
sub-112	01	custom1	/data/projects/srndna-data/derivatives/fsl/EVfiles/sub-112/ultimatum-pmod/run-01_event_computer.txt		missing	explicitly mapped input missing: /data/projects/srndna-data/derivatives/fsl/EVfiles/sub-112/ultimatum-pmod/run-01_event_computer.txt -> /ZPOOL/data/projects/srndna-ultimatum/derivatives/fsl/EVfiles/sub-112/ultimatum-pmod/run-01_event_computer.txt
sub-112	01	custom2	/data/projects/srndna-data/derivatives/fsl/EVfiles/sub-112/ultimatum-pmod/run-01_event_computer_pmod.txt		missing	explicitly mapped input missing: /data/projects/srndna-data/derivatives/fsl/EVfiles/sub-112/ultimatum-pmod/run-01_event_computer_pmod.txt -> /ZPOOL/data/projects/srndna-ultimatum/derivatives/fsl/EVfiles/sub-112/ultimatum-pmod/run-01_event_computer_pmod.txt
sub-112	01	custom3	/data/projects/srndna-data/derivatives/fsl/EVfiles/sub-112/ultimatum-pmod/run-01_event_ingroup.txt		missing	explicitly mapped input missing: /data/projects/srndna-data/derivatives/fsl/EVfiles/sub-112/ultimatum-pmod/run-01_event_ingroup.txt -> /ZPOOL/data/projects/srndna-ultimatum/derivatives/fsl/EVfiles/sub-112/ultimatum-pmod/run-01_event_ingroup.txt
sub-112	01	custom4	/data/projects/srndna-data/derivatives/fsl/EVfiles/sub-112/ultimatum-pmod/run-01_event_ingroup_pmod.txt		missing	explicitly mapped input missing: /data/projects/srndna-data/derivatives/fsl/EVfiles/sub-112/ultimatum-pmod/run-01_event_ingroup_pmod.txt -> /ZPOOL/data/projects/srndna-ultimatum/derivatives/fsl/EVfiles/sub-112/ultimatum-pmod/run-01_event_ingroup_pmod.txt
sub-112	01	custom5	/data/projects/srndna-data/derivatives/fsl/EVfiles/sub-112/ultimatum-pmod/run-01_event_outgroup.txt		missing	explicitly mapped input missing: /data/projects/srndna-data/derivatives/fsl/EVfiles/sub-112/ultimatum-pmod/run-01_event_outgroup.txt -> /ZPOOL/data/projects/srndna-ultimatum/derivatives/fsl/EVfiles/sub-112/ultimatum-pmod/run-01_event_outgroup.txt
sub-112	01	custom6	/data/projects/srndna-data/derivatives/fsl/EVfiles/sub-112/ultimatum-pmod/run-01_event_outgroup_pmod.txt		missing	explicitly mapped input missing: /data/projects/srndna-data/derivatives/fsl/EVfiles/sub-112/ultimatum-pmod/run-01_event_outgroup_pmod.txt -> /ZPOOL/data/projects/srndna-ultimatum/derivatives/fsl/EVfiles/sub-112/ultimatum-pmod/run-01_event_outgroup_pmod.txt
sub-112	01	custom10	/data/projects/srndna-ultimatum/derivatives/fsl/sub-112/ts_task-ultimatum_net0003_nppi-dmn_run-01.txt	/ZPOOL/data/projects/srndna-ultimatum/derivatives/fsl/sub-112/ts_task-ultimatum_net0003_nppi-dmn_run-01.txt	found	
sub-112	01	custom20	/data/projects/srndna-ultimatum/derivatives/fsl/sub-112/ts_task-ultimatum_net0007_nppi-dmn_run-01.txt	/ZPOOL/data/projects/srndna-ultimatum/derivatives/fsl/sub-112/ts_task-ultimatum_net0007_nppi-dmn_run-01.txt	found	
sub-112	01	custom21	/data/projects/srndna-ultimatum/derivatives/fsl/sub-112/ts_task-ultimatum_net0000_nppi-dmn_run-01.txt	/ZPOOL/data/projects/srndna-ultimatum/derivatives/fsl/sub-112/ts_task-ultimatum_net0000_nppi-dmn_run-01.txt	found	
sub-112	01	custom22	/data/projects/srndna-ultimatum/derivatives/fsl/sub-112/ts_task-ultimatum_net0001_nppi-dmn_run-01.txt	/ZPOOL/data/projects/srndna-ultimatum/derivatives/fsl/sub-112/ts_task-ultimatum_net0001_nppi-dmn_run-01.txt	found	
sub-112	01	custom23	/data/projects/srndna-ultimatum/derivatives/fsl/sub-112/ts_task-ultimatum_net0002_nppi-dmn_run-01.txt	/ZPOOL/data/projects/srndna-ultimatum/derivatives/fsl/sub-112/ts_task-ultimatum_net0002_nppi-dmn_run-01.txt	found	
sub-112	01	custom24	/data/projects/srndna-ultimatum/derivatives/fsl/sub-112/ts_task-ultimatum_net0004_nppi-dmn_run-01.txt	/ZPOOL/data/projects/srndna-ultimatum/derivatives/fsl/sub-112/ts_task-ultimatum_net0004_nppi-dmn_run-01.txt	found	
sub-112	01	custom25	/data/projects/srndna-ultimatum/derivatives/fsl/sub-112/ts_task-ultimatum_net0005_nppi-dmn_run-01.txt	/ZPOOL/data/projects/srndna-ultimatum/derivatives/fsl/sub-112/ts_task-ultimatum_net0005_nppi-dmn_run-01.txt	found	
sub-112	01	custom26	/data/projects/srndna-ultimatum/derivatives/fsl/sub-112/ts_task-ultimatum_net0006_nppi-dmn_run-01.txt	/ZPOOL/data/projects/srndna-ultimatum/derivatives/fsl/sub-112/ts_task-ultimatum_net0006_nppi-dmn_run-01.txt	found	
sub-112	01	custom27	/data/projects/srndna-ultimatum/derivatives/fsl/sub-112/ts_task-ultimatum_net0008_nppi-dmn_run-01.txt	/ZPOOL/data/projects/srndna-ultimatum/derivatives/fsl/sub-112/ts_task-ultimatum_net0008_nppi-dmn_run-01.txt	found	
sub-112	01	custom28	/data/projects/srndna-ultimatum/derivatives/fsl/sub-112/ts_task-ultimatum_net0009_nppi-dmn_run-01.txt	/ZPOOL/data/projects/srndna-ultimatum/derivatives/fsl/sub-112/ts_task-ultimatum_net0009_nppi-dmn_run-01.txt	found	
sub-112	02	source_fsf	/ZPOOL/data/projects/srndna-ultimatum/derivatives/fsl/sub-112/L1_task-ultimatum_model-02_type-nppi-dmn_run-02_sm-6.feat/design.fsf	/ZPOOL/data/projects/srndna-ultimatum/derivatives/fsl/sub-112/L1_task-ultimatum_model-02_type-nppi-dmn_run-02_sm-6.feat/design.fsf	found	
sub-112	02	events	/ZPOOL/data/projects/srndna-ultimatum/source_data/bids/sub-112/func/sub-112_task-ultimatum_run-02_events.tsv	/ZPOOL/data/projects/srndna-ultimatum/source_data/bids/sub-112/func/sub-112_task-ultimatum_run-02_events.tsv	found	
sub-112	02	feat_files(1)	/data/projects/srndna-data/derivatives/fmriprep/sub-112/func/sub-112_task-ultimatum_run-2_space-MNI152NLin2009cAsym_desc-preproc_bold.nii.gz	/ZPOOL/data/projects/srndna-ug/derivatives/fmriprep/sub-112/func/sub-112_task-ultimatum_run-2_space-MNI152NLin2009cAsym_desc-preproc_bold.nii.gz	found	
sub-112	02	confoundev_files(1)	/data/projects/srndna-data/derivatives/fsl/confounds/sub-112/sub-112_task-ultimatum_run-2_desc-fslConfounds.tsv		missing	explicitly mapped input missing: /data/projects/srndna-data/derivatives/fsl/confounds/sub-112/sub-112_task-ultimatum_run-2_desc-fslConfounds.tsv -> /ZPOOL/data/projects/srndna-ultimatum/derivatives/fsl/confounds/sub-112/sub-112_task-ultimatum_run-2_desc-fslConfounds.tsv
sub-112	02	regstandard	/usr/share/fsl/6.0.3/data/standard/MNI152_T1_2mm_brain	/usr/local/fsl/data/standard/MNI152_T1_2mm_brain.nii.gz	found	
sub-112	02	custom1	/data/projects/srndna-data/derivatives/fsl/EVfiles/sub-112/ultimatum-pmod/run-02_event_computer.txt		missing	explicitly mapped input missing: /data/projects/srndna-data/derivatives/fsl/EVfiles/sub-112/ultimatum-pmod/run-02_event_computer.txt -> /ZPOOL/data/projects/srndna-ultimatum/derivatives/fsl/EVfiles/sub-112/ultimatum-pmod/run-02_event_computer.txt
sub-112	02	custom2	/data/projects/srndna-data/derivatives/fsl/EVfiles/sub-112/ultimatum-pmod/run-02_event_computer_pmod.txt		missing	explicitly mapped input missing: /data/projects/srndna-data/derivatives/fsl/EVfiles/sub-112/ultimatum-pmod/run-02_event_computer_pmod.txt -> /ZPOOL/data/projects/srndna-ultimatum/derivatives/fsl/EVfiles/sub-112/ultimatum-pmod/run-02_event_computer_pmod.txt
sub-112	02	custom3	/data/projects/srndna-data/derivatives/fsl/EVfiles/sub-112/ultimatum-pmod/run-02_event_ingroup.txt		missing	explicitly mapped input missing: /data/projects/srndna-data/derivatives/fsl/EVfiles/sub-112/ultimatum-pmod/run-02_event_ingroup.txt -> /ZPOOL/data/projects/srndna-ultimatum/derivatives/fsl/EVfiles/sub-112/ultimatum-pmod/run-02_event_ingroup.txt
sub-112	02	custom4	/data/projects/srndna-data/derivatives/fsl/EVfiles/sub-112/ultimatum-pmod/run-02_event_ingroup_pmod.txt		missing	explicitly mapped input missing: /data/projects/srndna-data/derivatives/fsl/EVfiles/sub-112/ultimatum-pmod/run-02_event_ingroup_pmod.txt -> /ZPOOL/data/projects/srndna-ultimatum/derivatives/fsl/EVfiles/sub-112/ultimatum-pmod/run-02_event_ingroup_pmod.txt
sub-112	02	custom5	/data/projects/srndna-data/derivatives/fsl/EVfiles/sub-112/ultimatum-pmod/run-02_event_outgroup.txt		missing	explicitly mapped input missing: /data/projects/srndna-data/derivatives/fsl/EVfiles/sub-112/ultimatum-pmod/run-02_event_outgroup.txt -> /ZPOOL/data/projects/srndna-ultimatum/derivatives/fsl/EVfiles/sub-112/ultimatum-pmod/run-02_event_outgroup.txt
sub-112	02	custom6	/data/projects/srndna-data/derivatives/fsl/EVfiles/sub-112/ultimatum-pmod/run-02_event_outgroup_pmod.txt		missing	explicitly mapped input missing: /data/projects/srndna-data/derivatives/fsl/EVfiles/sub-112/ultimatum-pmod/run-02_event_outgroup_pmod.txt -> /ZPOOL/data/projects/srndna-ultimatum/derivatives/fsl/EVfiles/sub-112/ultimatum-pmod/run-02_event_outgroup_pmod.txt
sub-112	02	custom7	/data/projects/srndna-data/derivatives/fsl/EVfiles/sub-112/ultimatum-pmod/run-02_missed_trial.txt		missing	explicitly mapped input missing: /data/projects/srndna-data/derivatives/fsl/EVfiles/sub-112/ultimatum-pmod/run-02_missed_trial.txt -> /ZPOOL/data/projects/srndna-ultimatum/derivatives/fsl/EVfiles/sub-112/ultimatum-pmod/run-02_missed_trial.txt
sub-112	02	custom10	/data/projects/srndna-ultimatum/derivatives/fsl/sub-112/ts_task-ultimatum_net0003_nppi-dmn_run-02.txt	/ZPOOL/data/projects/srndna-ultimatum/derivatives/fsl/sub-112/ts_task-ultimatum_net0003_nppi-dmn_run-02.txt	found	
sub-112	02	custom20	/data/projects/srndna-ultimatum/derivatives/fsl/sub-112/ts_task-ultimatum_net0007_nppi-dmn_run-02.txt	/ZPOOL/data/projects/srndna-ultimatum/derivatives/fsl/sub-112/ts_task-ultimatum_net0007_nppi-dmn_run-02.txt	found	
sub-112	02	custom21	/data/projects/srndna-ultimatum/derivatives/fsl/sub-112/ts_task-ultimatum_net0000_nppi-dmn_run-02.txt	/ZPOOL/data/projects/srndna-ultimatum/derivatives/fsl/sub-112/ts_task-ultimatum_net0000_nppi-dmn_run-02.txt	found	
sub-112	02	custom22	/data/projects/srndna-ultimatum/derivatives/fsl/sub-112/ts_task-ultimatum_net0001_nppi-dmn_run-02.txt	/ZPOOL/data/projects/srndna-ultimatum/derivatives/fsl/sub-112/ts_task-ultimatum_net0001_nppi-dmn_run-02.txt	found	
sub-112	02	custom23	/data/projects/srndna-ultimatum/derivatives/fsl/sub-112/ts_task-ultimatum_net0002_nppi-dmn_run-02.txt	/ZPOOL/data/projects/srndna-ultimatum/derivatives/fsl/sub-112/ts_task-ultimatum_net0002_nppi-dmn_run-02.txt	found	
sub-112	02	custom24	/data/projects/srndna-ultimatum/derivatives/fsl/sub-112/ts_task-ultimatum_net0004_nppi-dmn_run-02.txt	/ZPOOL/data/projects/srndna-ultimatum/derivatives/fsl/sub-112/ts_task-ultimatum_net0004_nppi-dmn_run-02.txt	found	
sub-112	02	custom25	/data/projects/srndna-ultimatum/derivatives/fsl/sub-112/ts_task-ultimatum_net0005_nppi-dmn_run-02.txt	/ZPOOL/data/projects/srndna-ultimatum/derivatives/fsl/sub-112/ts_task-ultimatum_net0005_nppi-dmn_run-02.txt	found	
sub-112	02	custom26	/data/projects/srndna-ultimatum/derivatives/fsl/sub-112/ts_task-ultimatum_net0006_nppi-dmn_run-02.txt	/ZPOOL/data/projects/srndna-ultimatum/derivatives/fsl/sub-112/ts_task-ultimatum_net0006_nppi-dmn_run-02.txt	found	
sub-112	02	custom27	/data/projects/srndna-ultimatum/derivatives/fsl/sub-112/ts_task-ultimatum_net0008_nppi-dmn_run-02.txt	/ZPOOL/data/projects/srndna-ultimatum/derivatives/fsl/sub-112/ts_task-ultimatum_net0008_nppi-dmn_run-02.txt	found	
sub-112	02	custom28	/data/projects/srndna-ultimatum/derivatives/fsl/sub-112/ts_task-ultimatum_net0009_nppi-dmn_run-02.txt	/ZPOOL/data/projects/srndna-ultimatum/derivatives/fsl/sub-112/ts_task-ultimatum_net0009_nppi-dmn_run-02.txt	found	
sub-112	combined	source_l2_fsf	/ZPOOL/data/projects/srndna-ultimatum/derivatives/fsl/sub-112/L2_task-ultimatum_model-02_type-nppi-dmn_sm-6.gfeat/design.fsf	/ZPOOL/data/projects/srndna-ultimatum/derivatives/fsl/sub-112/L2_task-ultimatum_model-02_type-nppi-dmn_sm-6.gfeat/design.fsf	found	
sub-113	01	source_fsf	/ZPOOL/data/projects/srndna-ultimatum/derivatives/fsl/sub-113/L1_task-ultimatum_model-02_type-nppi-dmn_run-01_sm-6.feat/design.fsf	/ZPOOL/data/projects/srndna-ultimatum/derivatives/fsl/sub-113/L1_task-ultimatum_model-02_type-nppi-dmn_run-01_sm-6.feat/design.fsf	found	
sub-113	01	events	/ZPOOL/data/projects/srndna-ultimatum/source_data/bids/sub-113/func/sub-113_task-ultimatum_run-01_events.tsv	/ZPOOL/data/projects/srndna-ultimatum/source_data/bids/sub-113/func/sub-113_task-ultimatum_run-01_events.tsv	found	
sub-113	01	feat_files(1)	/data/projects/srndna-data/derivatives/fmriprep/sub-113/func/sub-113_task-ultimatum_run-1_space-MNI152NLin2009cAsym_desc-preproc_bold.nii.gz	/ZPOOL/data/projects/srndna-ug/derivatives/fmriprep/sub-113/func/sub-113_task-ultimatum_run-1_space-MNI152NLin2009cAsym_desc-preproc_bold.nii.gz	found	
sub-113	01	confoundev_files(1)	/data/projects/srndna-data/derivatives/fsl/confounds/sub-113/sub-113_task-ultimatum_run-1_desc-fslConfounds.tsv		missing	explicitly mapped input missing: /data/projects/srndna-data/derivatives/fsl/confounds/sub-113/sub-113_task-ultimatum_run-1_desc-fslConfounds.tsv -> /ZPOOL/data/projects/srndna-ultimatum/derivatives/fsl/confounds/sub-113/sub-113_task-ultimatum_run-1_desc-fslConfounds.tsv
sub-113	01	regstandard	/usr/share/fsl/6.0.3/data/standard/MNI152_T1_2mm_brain	/usr/local/fsl/data/standard/MNI152_T1_2mm_brain.nii.gz	found	
sub-113	01	custom1	/data/projects/srndna-data/derivatives/fsl/EVfiles/sub-113/ultimatum-pmod/run-01_event_computer.txt		missing	explicitly mapped input missing: /data/projects/srndna-data/derivatives/fsl/EVfiles/sub-113/ultimatum-pmod/run-01_event_computer.txt -> /ZPOOL/data/projects/srndna-ultimatum/derivatives/fsl/EVfiles/sub-113/ultimatum-pmod/run-01_event_computer.txt
sub-113	01	custom2	/data/projects/srndna-data/derivatives/fsl/EVfiles/sub-113/ultimatum-pmod/run-01_event_computer_pmod.txt		missing	explicitly mapped input missing: /data/projects/srndna-data/derivatives/fsl/EVfiles/sub-113/ultimatum-pmod/run-01_event_computer_pmod.txt -> /ZPOOL/data/projects/srndna-ultimatum/derivatives/fsl/EVfiles/sub-113/ultimatum-pmod/run-01_event_computer_pmod.txt
sub-113	01	custom3	/data/projects/srndna-data/derivatives/fsl/EVfiles/sub-113/ultimatum-pmod/run-01_event_ingroup.txt		missing	explicitly mapped input missing: /data/projects/srndna-data/derivatives/fsl/EVfiles/sub-113/ultimatum-pmod/run-01_event_ingroup.txt -> /ZPOOL/data/projects/srndna-ultimatum/derivatives/fsl/EVfiles/sub-113/ultimatum-pmod/run-01_event_ingroup.txt
sub-113	01	custom4	/data/projects/srndna-data/derivatives/fsl/EVfiles/sub-113/ultimatum-pmod/run-01_event_ingroup_pmod.txt		missing	explicitly mapped input missing: /data/projects/srndna-data/derivatives/fsl/EVfiles/sub-113/ultimatum-pmod/run-01_event_ingroup_pmod.txt -> /ZPOOL/data/projects/srndna-ultimatum/derivatives/fsl/EVfiles/sub-113/ultimatum-pmod/run-01_event_ingroup_pmod.txt
sub-113	01	custom5	/data/projects/srndna-data/derivatives/fsl/EVfiles/sub-113/ultimatum-pmod/run-01_event_outgroup.txt		missing	explicitly mapped input missing: /data/projects/srndna-data/derivatives/fsl/EVfiles/sub-113/ultimatum-pmod/run-01_event_outgroup.txt -> /ZPOOL/data/projects/srndna-ultimatum/derivatives/fsl/EVfiles/sub-113/ultimatum-pmod/run-01_event_outgroup.txt
sub-113	01	custom6	/data/projects/srndna-data/derivatives/fsl/EVfiles/sub-113/ultimatum-pmod/run-01_event_outgroup_pmod.txt		missing	explicitly mapped input missing: /data/projects/srndna-data/derivatives/fsl/EVfiles/sub-113/ultimatum-pmod/run-01_event_outgroup_pmod.txt -> /ZPOOL/data/projects/srndna-ultimatum/derivatives/fsl/EVfiles/sub-113/ultimatum-pmod/run-01_event_outgroup_pmod.txt
sub-113	01	custom10	/data/projects/srndna-ultimatum/derivatives/fsl/sub-113/ts_task-ultimatum_net0003_nppi-dmn_run-01.txt	/ZPOOL/data/projects/srndna-ultimatum/derivatives/fsl/sub-113/ts_task-ultimatum_net0003_nppi-dmn_run-01.txt	found	
sub-113	01	custom20	/data/projects/srndna-ultimatum/derivatives/fsl/sub-113/ts_task-ultimatum_net0007_nppi-dmn_run-01.txt	/ZPOOL/data/projects/srndna-ultimatum/derivatives/fsl/sub-113/ts_task-ultimatum_net0007_nppi-dmn_run-01.txt	found	
sub-113	01	custom21	/data/projects/srndna-ultimatum/derivatives/fsl/sub-113/ts_task-ultimatum_net0000_nppi-dmn_run-01.txt	/ZPOOL/data/projects/srndna-ultimatum/derivatives/fsl/sub-113/ts_task-ultimatum_net0000_nppi-dmn_run-01.txt	found	
sub-113	01	custom22	/data/projects/srndna-ultimatum/derivatives/fsl/sub-113/ts_task-ultimatum_net0001_nppi-dmn_run-01.txt	/ZPOOL/data/projects/srndna-ultimatum/derivatives/fsl/sub-113/ts_task-ultimatum_net0001_nppi-dmn_run-01.txt	found	
sub-113	01	custom23	/data/projects/srndna-ultimatum/derivatives/fsl/sub-113/ts_task-ultimatum_net0002_nppi-dmn_run-01.txt	/ZPOOL/data/projects/srndna-ultimatum/derivatives/fsl/sub-113/ts_task-ultimatum_net0002_nppi-dmn_run-01.txt	found	
sub-113	01	custom24	/data/projects/srndna-ultimatum/derivatives/fsl/sub-113/ts_task-ultimatum_net0004_nppi-dmn_run-01.txt	/ZPOOL/data/projects/srndna-ultimatum/derivatives/fsl/sub-113/ts_task-ultimatum_net0004_nppi-dmn_run-01.txt	found	
sub-113	01	custom25	/data/projects/srndna-ultimatum/derivatives/fsl/sub-113/ts_task-ultimatum_net0005_nppi-dmn_run-01.txt	/ZPOOL/data/projects/srndna-ultimatum/derivatives/fsl/sub-113/ts_task-ultimatum_net0005_nppi-dmn_run-01.txt	found	
sub-113	01	custom26	/data/projects/srndna-ultimatum/derivatives/fsl/sub-113/ts_task-ultimatum_net0006_nppi-dmn_run-01.txt	/ZPOOL/data/projects/srndna-ultimatum/derivatives/fsl/sub-113/ts_task-ultimatum_net0006_nppi-dmn_run-01.txt	found	
sub-113	01	custom27	/data/projects/srndna-ultimatum/derivatives/fsl/sub-113/ts_task-ultimatum_net0008_nppi-dmn_run-01.txt	/ZPOOL/data/projects/srndna-ultimatum/derivatives/fsl/sub-113/ts_task-ultimatum_net0008_nppi-dmn_run-01.txt	found	
sub-113	01	custom28	/data/projects/srndna-ultimatum/derivatives/fsl/sub-113/ts_task-ultimatum_net0009_nppi-dmn_run-01.txt	/ZPOOL/data/projects/srndna-ultimatum/derivatives/fsl/sub-113/ts_task-ultimatum_net0009_nppi-dmn_run-01.txt	found	
sub-113	02	source_fsf	/ZPOOL/data/projects/srndna-ultimatum/derivatives/fsl/sub-113/L1_task-ultimatum_model-02_type-nppi-dmn_run-02_sm-6.feat/design.fsf	/ZPOOL/data/projects/srndna-ultimatum/derivatives/fsl/sub-113/L1_task-ultimatum_model-02_type-nppi-dmn_run-02_sm-6.feat/design.fsf	found	
sub-113	02	events	/ZPOOL/data/projects/srndna-ultimatum/source_data/bids/sub-113/func/sub-113_task-ultimatum_run-02_events.tsv	/ZPOOL/data/projects/srndna-ultimatum/source_data/bids/sub-113/func/sub-113_task-ultimatum_run-02_events.tsv	found	
sub-113	02	feat_files(1)	/data/projects/srndna-data/derivatives/fmriprep/sub-113/func/sub-113_task-ultimatum_run-2_space-MNI152NLin2009cAsym_desc-preproc_bold.nii.gz	/ZPOOL/data/projects/srndna-ug/derivatives/fmriprep/sub-113/func/sub-113_task-ultimatum_run-2_space-MNI152NLin2009cAsym_desc-preproc_bold.nii.gz	found	
sub-113	02	confoundev_files(1)	/data/projects/srndna-data/derivatives/fsl/confounds/sub-113/sub-113_task-ultimatum_run-2_desc-fslConfounds.tsv		missing	explicitly mapped input missing: /data/projects/srndna-data/derivatives/fsl/confounds/sub-113/sub-113_task-ultimatum_run-2_desc-fslConfounds.tsv -> /ZPOOL/data/projects/srndna-ultimatum/derivatives/fsl/confounds/sub-113/sub-113_task-ultimatum_run-2_desc-fslConfounds.tsv
sub-113	02	regstandard	/usr/share/fsl/6.0.3/data/standard/MNI152_T1_2mm_brain	/usr/local/fsl/data/standard/MNI152_T1_2mm_brain.nii.gz	found	
sub-113	02	custom1	/data/projects/srndna-data/derivatives/fsl/EVfiles/sub-113/ultimatum-pmod/run-02_event_computer.txt		missing	explicitly mapped input missing: /data/projects/srndna-data/derivatives/fsl/EVfiles/sub-113/ultimatum-pmod/run-02_event_computer.txt -> /ZPOOL/data/projects/srndna-ultimatum/derivatives/fsl/EVfiles/sub-113/ultimatum-pmod/run-02_event_computer.txt
sub-113	02	custom2	/data/projects/srndna-data/derivatives/fsl/EVfiles/sub-113/ultimatum-pmod/run-02_event_computer_pmod.txt		missing	explicitly mapped input missing: /data/projects/srndna-data/derivatives/fsl/EVfiles/sub-113/ultimatum-pmod/run-02_event_computer_pmod.txt -> /ZPOOL/data/projects/srndna-ultimatum/derivatives/fsl/EVfiles/sub-113/ultimatum-pmod/run-02_event_computer_pmod.txt
sub-113	02	custom3	/data/projects/srndna-data/derivatives/fsl/EVfiles/sub-113/ultimatum-pmod/run-02_event_ingroup.txt		missing	explicitly mapped input missing: /data/projects/srndna-data/derivatives/fsl/EVfiles/sub-113/ultimatum-pmod/run-02_event_ingroup.txt -> /ZPOOL/data/projects/srndna-ultimatum/derivatives/fsl/EVfiles/sub-113/ultimatum-pmod/run-02_event_ingroup.txt
sub-113	02	custom4	/data/projects/srndna-data/derivatives/fsl/EVfiles/sub-113/ultimatum-pmod/run-02_event_ingroup_pmod.txt		missing	explicitly mapped input missing: /data/projects/srndna-data/derivatives/fsl/EVfiles/sub-113/ultimatum-pmod/run-02_event_ingroup_pmod.txt -> /ZPOOL/data/projects/srndna-ultimatum/derivatives/fsl/EVfiles/sub-113/ultimatum-pmod/run-02_event_ingroup_pmod.txt
sub-113	02	custom5	/data/projects/srndna-data/derivatives/fsl/EVfiles/sub-113/ultimatum-pmod/run-02_event_outgroup.txt		missing	explicitly mapped input missing: /data/projects/srndna-data/derivatives/fsl/EVfiles/sub-113/ultimatum-pmod/run-02_event_outgroup.txt -> /ZPOOL/data/projects/srndna-ultimatum/derivatives/fsl/EVfiles/sub-113/ultimatum-pmod/run-02_event_outgroup.txt
sub-113	02	custom6	/data/projects/srndna-data/derivatives/fsl/EVfiles/sub-113/ultimatum-pmod/run-02_event_outgroup_pmod.txt		missing	explicitly mapped input missing: /data/projects/srndna-data/derivatives/fsl/EVfiles/sub-113/ultimatum-pmod/run-02_event_outgroup_pmod.txt -> /ZPOOL/data/projects/srndna-ultimatum/derivatives/fsl/EVfiles/sub-113/ultimatum-pmod/run-02_event_outgroup_pmod.txt
sub-113	02	custom10	/data/projects/srndna-ultimatum/derivatives/fsl/sub-113/ts_task-ultimatum_net0003_nppi-dmn_run-02.txt	/ZPOOL/data/projects/srndna-ultimatum/derivatives/fsl/sub-113/ts_task-ultimatum_net0003_nppi-dmn_run-02.txt	found	
sub-113	02	custom20	/data/projects/srndna-ultimatum/derivatives/fsl/sub-113/ts_task-ultimatum_net0007_nppi-dmn_run-02.txt	/ZPOOL/data/projects/srndna-ultimatum/derivatives/fsl/sub-113/ts_task-ultimatum_net0007_nppi-dmn_run-02.txt	found	
sub-113	02	custom21	/data/projects/srndna-ultimatum/derivatives/fsl/sub-113/ts_task-ultimatum_net0000_nppi-dmn_run-02.txt	/ZPOOL/data/projects/srndna-ultimatum/derivatives/fsl/sub-113/ts_task-ultimatum_net0000_nppi-dmn_run-02.txt	found	
sub-113	02	custom22	/data/projects/srndna-ultimatum/derivatives/fsl/sub-113/ts_task-ultimatum_net0001_nppi-dmn_run-02.txt	/ZPOOL/data/projects/srndna-ultimatum/derivatives/fsl/sub-113/ts_task-ultimatum_net0001_nppi-dmn_run-02.txt	found	
sub-113	02	custom23	/data/projects/srndna-ultimatum/derivatives/fsl/sub-113/ts_task-ultimatum_net0002_nppi-dmn_run-02.txt	/ZPOOL/data/projects/srndna-ultimatum/derivatives/fsl/sub-113/ts_task-ultimatum_net0002_nppi-dmn_run-02.txt	found	
sub-113	02	custom24	/data/projects/srndna-ultimatum/derivatives/fsl/sub-113/ts_task-ultimatum_net0004_nppi-dmn_run-02.txt	/ZPOOL/data/projects/srndna-ultimatum/derivatives/fsl/sub-113/ts_task-ultimatum_net0004_nppi-dmn_run-02.txt	found	
sub-113	02	custom25	/data/projects/srndna-ultimatum/derivatives/fsl/sub-113/ts_task-ultimatum_net0005_nppi-dmn_run-02.txt	/ZPOOL/data/projects/srndna-ultimatum/derivatives/fsl/sub-113/ts_task-ultimatum_net0005_nppi-dmn_run-02.txt	found	
sub-113	02	custom26	/data/projects/srndna-ultimatum/derivatives/fsl/sub-113/ts_task-ultimatum_net0006_nppi-dmn_run-02.txt	/ZPOOL/data/projects/srndna-ultimatum/derivatives/fsl/sub-113/ts_task-ultimatum_net0006_nppi-dmn_run-02.txt	found	
sub-113	02	custom27	/data/projects/srndna-ultimatum/derivatives/fsl/sub-113/ts_task-ultimatum_net0008_nppi-dmn_run-02.txt	/ZPOOL/data/projects/srndna-ultimatum/derivatives/fsl/sub-113/ts_task-ultimatum_net0008_nppi-dmn_run-02.txt	found	
sub-113	02	custom28	/data/projects/srndna-ultimatum/derivatives/fsl/sub-113/ts_task-ultimatum_net0009_nppi-dmn_run-02.txt	/ZPOOL/data/projects/srndna-ultimatum/derivatives/fsl/sub-113/ts_task-ultimatum_net0009_nppi-dmn_run-02.txt	found	
sub-113	combined	source_l2_fsf	/ZPOOL/data/projects/srndna-ultimatum/derivatives/fsl/sub-113/L2_task-ultimatum_model-02_type-nppi-dmn_sm-6.gfeat/design.fsf	/ZPOOL/data/projects/srndna-ultimatum/derivatives/fsl/sub-113/L2_task-ultimatum_model-02_type-nppi-dmn_sm-6.gfeat/design.fsf	found	
sub-115	01	source_fsf	/ZPOOL/data/projects/srndna-ultimatum/derivatives/fsl/sub-115/L1_task-ultimatum_model-02_type-nppi-dmn_run-01_sm-6.feat/design.fsf	/ZPOOL/data/projects/srndna-ultimatum/derivatives/fsl/sub-115/L1_task-ultimatum_model-02_type-nppi-dmn_run-01_sm-6.feat/design.fsf	found	
sub-115	01	events	/ZPOOL/data/projects/srndna-ultimatum/source_data/bids/sub-115/func/sub-115_task-ultimatum_run-01_events.tsv	/ZPOOL/data/projects/srndna-ultimatum/source_data/bids/sub-115/func/sub-115_task-ultimatum_run-01_events.tsv	found	
sub-115	01	feat_files(1)	/data/projects/srndna-data/derivatives/fmriprep/sub-115/func/sub-115_task-ultimatum_run-1_space-MNI152NLin2009cAsym_desc-preproc_bold.nii.gz	/ZPOOL/data/projects/srndna-ug/derivatives/fmriprep/sub-115/func/sub-115_task-ultimatum_run-1_space-MNI152NLin2009cAsym_desc-preproc_bold.nii.gz	found	
sub-115	01	confoundev_files(1)	/data/projects/srndna-data/derivatives/fsl/confounds/sub-115/sub-115_task-ultimatum_run-1_desc-fslConfounds.tsv		missing	explicitly mapped input missing: /data/projects/srndna-data/derivatives/fsl/confounds/sub-115/sub-115_task-ultimatum_run-1_desc-fslConfounds.tsv -> /ZPOOL/data/projects/srndna-ultimatum/derivatives/fsl/confounds/sub-115/sub-115_task-ultimatum_run-1_desc-fslConfounds.tsv
sub-115	01	regstandard	/usr/share/fsl/6.0.3/data/standard/MNI152_T1_2mm_brain	/usr/local/fsl/data/standard/MNI152_T1_2mm_brain.nii.gz	found	
sub-115	01	custom1	/data/projects/srndna-data/derivatives/fsl/EVfiles/sub-115/ultimatum-pmod/run-01_event_computer.txt		missing	explicitly mapped input missing: /data/projects/srndna-data/derivatives/fsl/EVfiles/sub-115/ultimatum-pmod/run-01_event_computer.txt -> /ZPOOL/data/projects/srndna-ultimatum/derivatives/fsl/EVfiles/sub-115/ultimatum-pmod/run-01_event_computer.txt
sub-115	01	custom2	/data/projects/srndna-data/derivatives/fsl/EVfiles/sub-115/ultimatum-pmod/run-01_event_computer_pmod.txt		missing	explicitly mapped input missing: /data/projects/srndna-data/derivatives/fsl/EVfiles/sub-115/ultimatum-pmod/run-01_event_computer_pmod.txt -> /ZPOOL/data/projects/srndna-ultimatum/derivatives/fsl/EVfiles/sub-115/ultimatum-pmod/run-01_event_computer_pmod.txt
sub-115	01	custom3	/data/projects/srndna-data/derivatives/fsl/EVfiles/sub-115/ultimatum-pmod/run-01_event_ingroup.txt		missing	explicitly mapped input missing: /data/projects/srndna-data/derivatives/fsl/EVfiles/sub-115/ultimatum-pmod/run-01_event_ingroup.txt -> /ZPOOL/data/projects/srndna-ultimatum/derivatives/fsl/EVfiles/sub-115/ultimatum-pmod/run-01_event_ingroup.txt
sub-115	01	custom4	/data/projects/srndna-data/derivatives/fsl/EVfiles/sub-115/ultimatum-pmod/run-01_event_ingroup_pmod.txt		missing	explicitly mapped input missing: /data/projects/srndna-data/derivatives/fsl/EVfiles/sub-115/ultimatum-pmod/run-01_event_ingroup_pmod.txt -> /ZPOOL/data/projects/srndna-ultimatum/derivatives/fsl/EVfiles/sub-115/ultimatum-pmod/run-01_event_ingroup_pmod.txt
sub-115	01	custom5	/data/projects/srndna-data/derivatives/fsl/EVfiles/sub-115/ultimatum-pmod/run-01_event_outgroup.txt		missing	explicitly mapped input missing: /data/projects/srndna-data/derivatives/fsl/EVfiles/sub-115/ultimatum-pmod/run-01_event_outgroup.txt -> /ZPOOL/data/projects/srndna-ultimatum/derivatives/fsl/EVfiles/sub-115/ultimatum-pmod/run-01_event_outgroup.txt
sub-115	01	custom6	/data/projects/srndna-data/derivatives/fsl/EVfiles/sub-115/ultimatum-pmod/run-01_event_outgroup_pmod.txt		missing	explicitly mapped input missing: /data/projects/srndna-data/derivatives/fsl/EVfiles/sub-115/ultimatum-pmod/run-01_event_outgroup_pmod.txt -> /ZPOOL/data/projects/srndna-ultimatum/derivatives/fsl/EVfiles/sub-115/ultimatum-pmod/run-01_event_outgroup_pmod.txt
sub-115	01	custom7	/data/projects/srndna-data/derivatives/fsl/EVfiles/sub-115/ultimatum-pmod/run-01_missed_trial.txt		missing	explicitly mapped input missing: /data/projects/srndna-data/derivatives/fsl/EVfiles/sub-115/ultimatum-pmod/run-01_missed_trial.txt -> /ZPOOL/data/projects/srndna-ultimatum/derivatives/fsl/EVfiles/sub-115/ultimatum-pmod/run-01_missed_trial.txt
sub-115	01	custom10	/data/projects/srndna-ultimatum/derivatives/fsl/sub-115/ts_task-ultimatum_net0003_nppi-dmn_run-01.txt	/ZPOOL/data/projects/srndna-ultimatum/derivatives/fsl/sub-115/ts_task-ultimatum_net0003_nppi-dmn_run-01.txt	found	
sub-115	01	custom20	/data/projects/srndna-ultimatum/derivatives/fsl/sub-115/ts_task-ultimatum_net0007_nppi-dmn_run-01.txt	/ZPOOL/data/projects/srndna-ultimatum/derivatives/fsl/sub-115/ts_task-ultimatum_net0007_nppi-dmn_run-01.txt	found	
sub-115	01	custom21	/data/projects/srndna-ultimatum/derivatives/fsl/sub-115/ts_task-ultimatum_net0000_nppi-dmn_run-01.txt	/ZPOOL/data/projects/srndna-ultimatum/derivatives/fsl/sub-115/ts_task-ultimatum_net0000_nppi-dmn_run-01.txt	found	
sub-115	01	custom22	/data/projects/srndna-ultimatum/derivatives/fsl/sub-115/ts_task-ultimatum_net0001_nppi-dmn_run-01.txt	/ZPOOL/data/projects/srndna-ultimatum/derivatives/fsl/sub-115/ts_task-ultimatum_net0001_nppi-dmn_run-01.txt	found	
sub-115	01	custom23	/data/projects/srndna-ultimatum/derivatives/fsl/sub-115/ts_task-ultimatum_net0002_nppi-dmn_run-01.txt	/ZPOOL/data/projects/srndna-ultimatum/derivatives/fsl/sub-115/ts_task-ultimatum_net0002_nppi-dmn_run-01.txt	found	
sub-115	01	custom24	/data/projects/srndna-ultimatum/derivatives/fsl/sub-115/ts_task-ultimatum_net0004_nppi-dmn_run-01.txt	/ZPOOL/data/projects/srndna-ultimatum/derivatives/fsl/sub-115/ts_task-ultimatum_net0004_nppi-dmn_run-01.txt	found	
sub-115	01	custom25	/data/projects/srndna-ultimatum/derivatives/fsl/sub-115/ts_task-ultimatum_net0005_nppi-dmn_run-01.txt	/ZPOOL/data/projects/srndna-ultimatum/derivatives/fsl/sub-115/ts_task-ultimatum_net0005_nppi-dmn_run-01.txt	found	
sub-115	01	custom26	/data/projects/srndna-ultimatum/derivatives/fsl/sub-115/ts_task-ultimatum_net0006_nppi-dmn_run-01.txt	/ZPOOL/data/projects/srndna-ultimatum/derivatives/fsl/sub-115/ts_task-ultimatum_net0006_nppi-dmn_run-01.txt	found	
sub-115	01	custom27	/data/projects/srndna-ultimatum/derivatives/fsl/sub-115/ts_task-ultimatum_net0008_nppi-dmn_run-01.txt	/ZPOOL/data/projects/srndna-ultimatum/derivatives/fsl/sub-115/ts_task-ultimatum_net0008_nppi-dmn_run-01.txt	found	
sub-115	01	custom28	/data/projects/srndna-ultimatum/derivatives/fsl/sub-115/ts_task-ultimatum_net0009_nppi-dmn_run-01.txt	/ZPOOL/data/projects/srndna-ultimatum/derivatives/fsl/sub-115/ts_task-ultimatum_net0009_nppi-dmn_run-01.txt	found	
sub-115	02	source_fsf	/ZPOOL/data/projects/srndna-ultimatum/derivatives/fsl/sub-115/L1_task-ultimatum_model-02_type-nppi-dmn_run-02_sm-6.feat/design.fsf	/ZPOOL/data/projects/srndna-ultimatum/derivatives/fsl/sub-115/L1_task-ultimatum_model-02_type-nppi-dmn_run-02_sm-6.feat/design.fsf	found	
sub-115	02	events	/ZPOOL/data/projects/srndna-ultimatum/source_data/bids/sub-115/func/sub-115_task-ultimatum_run-02_events.tsv	/ZPOOL/data/projects/srndna-ultimatum/source_data/bids/sub-115/func/sub-115_task-ultimatum_run-02_events.tsv	found	
sub-115	02	feat_files(1)	/data/projects/srndna-data/derivatives/fmriprep/sub-115/func/sub-115_task-ultimatum_run-2_space-MNI152NLin2009cAsym_desc-preproc_bold.nii.gz	/ZPOOL/data/projects/srndna-ug/derivatives/fmriprep/sub-115/func/sub-115_task-ultimatum_run-2_space-MNI152NLin2009cAsym_desc-preproc_bold.nii.gz	found	
sub-115	02	confoundev_files(1)	/data/projects/srndna-data/derivatives/fsl/confounds/sub-115/sub-115_task-ultimatum_run-2_desc-fslConfounds.tsv		missing	explicitly mapped input missing: /data/projects/srndna-data/derivatives/fsl/confounds/sub-115/sub-115_task-ultimatum_run-2_desc-fslConfounds.tsv -> /ZPOOL/data/projects/srndna-ultimatum/derivatives/fsl/confounds/sub-115/sub-115_task-ultimatum_run-2_desc-fslConfounds.tsv
sub-115	02	regstandard	/usr/share/fsl/6.0.3/data/standard/MNI152_T1_2mm_brain	/usr/local/fsl/data/standard/MNI152_T1_2mm_brain.nii.gz	found	
sub-115	02	custom1	/data/projects/srndna-data/derivatives/fsl/EVfiles/sub-115/ultimatum-pmod/run-02_event_computer.txt		missing	explicitly mapped input missing: /data/projects/srndna-data/derivatives/fsl/EVfiles/sub-115/ultimatum-pmod/run-02_event_computer.txt -> /ZPOOL/data/projects/srndna-ultimatum/derivatives/fsl/EVfiles/sub-115/ultimatum-pmod/run-02_event_computer.txt
sub-115	02	custom2	/data/projects/srndna-data/derivatives/fsl/EVfiles/sub-115/ultimatum-pmod/run-02_event_computer_pmod.txt		missing	explicitly mapped input missing: /data/projects/srndna-data/derivatives/fsl/EVfiles/sub-115/ultimatum-pmod/run-02_event_computer_pmod.txt -> /ZPOOL/data/projects/srndna-ultimatum/derivatives/fsl/EVfiles/sub-115/ultimatum-pmod/run-02_event_computer_pmod.txt
sub-115	02	custom3	/data/projects/srndna-data/derivatives/fsl/EVfiles/sub-115/ultimatum-pmod/run-02_event_ingroup.txt		missing	explicitly mapped input missing: /data/projects/srndna-data/derivatives/fsl/EVfiles/sub-115/ultimatum-pmod/run-02_event_ingroup.txt -> /ZPOOL/data/projects/srndna-ultimatum/derivatives/fsl/EVfiles/sub-115/ultimatum-pmod/run-02_event_ingroup.txt
sub-115	02	custom4	/data/projects/srndna-data/derivatives/fsl/EVfiles/sub-115/ultimatum-pmod/run-02_event_ingroup_pmod.txt		missing	explicitly mapped input missing: /data/projects/srndna-data/derivatives/fsl/EVfiles/sub-115/ultimatum-pmod/run-02_event_ingroup_pmod.txt -> /ZPOOL/data/projects/srndna-ultimatum/derivatives/fsl/EVfiles/sub-115/ultimatum-pmod/run-02_event_ingroup_pmod.txt
sub-115	02	custom5	/data/projects/srndna-data/derivatives/fsl/EVfiles/sub-115/ultimatum-pmod/run-02_event_outgroup.txt		missing	explicitly mapped input missing: /data/projects/srndna-data/derivatives/fsl/EVfiles/sub-115/ultimatum-pmod/run-02_event_outgroup.txt -> /ZPOOL/data/projects/srndna-ultimatum/derivatives/fsl/EVfiles/sub-115/ultimatum-pmod/run-02_event_outgroup.txt
sub-115	02	custom6	/data/projects/srndna-data/derivatives/fsl/EVfiles/sub-115/ultimatum-pmod/run-02_event_outgroup_pmod.txt		missing	explicitly mapped input missing: /data/projects/srndna-data/derivatives/fsl/EVfiles/sub-115/ultimatum-pmod/run-02_event_outgroup_pmod.txt -> /ZPOOL/data/projects/srndna-ultimatum/derivatives/fsl/EVfiles/sub-115/ultimatum-pmod/run-02_event_outgroup_pmod.txt
sub-115	02	custom7	/data/projects/srndna-data/derivatives/fsl/EVfiles/sub-115/ultimatum-pmod/run-02_missed_trial.txt		missing	explicitly mapped input missing: /data/projects/srndna-data/derivatives/fsl/EVfiles/sub-115/ultimatum-pmod/run-02_missed_trial.txt -> /ZPOOL/data/projects/srndna-ultimatum/derivatives/fsl/EVfiles/sub-115/ultimatum-pmod/run-02_missed_trial.txt
sub-115	02	custom10	/data/projects/srndna-ultimatum/derivatives/fsl/sub-115/ts_task-ultimatum_net0003_nppi-dmn_run-02.txt	/ZPOOL/data/projects/srndna-ultimatum/derivatives/fsl/sub-115/ts_task-ultimatum_net0003_nppi-dmn_run-02.txt	found	
sub-115	02	custom20	/data/projects/srndna-ultimatum/derivatives/fsl/sub-115/ts_task-ultimatum_net0007_nppi-dmn_run-02.txt	/ZPOOL/data/projects/srndna-ultimatum/derivatives/fsl/sub-115/ts_task-ultimatum_net0007_nppi-dmn_run-02.txt	found	
sub-115	02	custom21	/data/projects/srndna-ultimatum/derivatives/fsl/sub-115/ts_task-ultimatum_net0000_nppi-dmn_run-02.txt	/ZPOOL/data/projects/srndna-ultimatum/derivatives/fsl/sub-115/ts_task-ultimatum_net0000_nppi-dmn_run-02.txt	found	
sub-115	02	custom22	/data/projects/srndna-ultimatum/derivatives/fsl/sub-115/ts_task-ultimatum_net0001_nppi-dmn_run-02.txt	/ZPOOL/data/projects/srndna-ultimatum/derivatives/fsl/sub-115/ts_task-ultimatum_net0001_nppi-dmn_run-02.txt	found	
sub-115	02	custom23	/data/projects/srndna-ultimatum/derivatives/fsl/sub-115/ts_task-ultimatum_net0002_nppi-dmn_run-02.txt	/ZPOOL/data/projects/srndna-ultimatum/derivatives/fsl/sub-115/ts_task-ultimatum_net0002_nppi-dmn_run-02.txt	found	
sub-115	02	custom24	/data/projects/srndna-ultimatum/derivatives/fsl/sub-115/ts_task-ultimatum_net0004_nppi-dmn_run-02.txt	/ZPOOL/data/projects/srndna-ultimatum/derivatives/fsl/sub-115/ts_task-ultimatum_net0004_nppi-dmn_run-02.txt	found	
sub-115	02	custom25	/data/projects/srndna-ultimatum/derivatives/fsl/sub-115/ts_task-ultimatum_net0005_nppi-dmn_run-02.txt	/ZPOOL/data/projects/srndna-ultimatum/derivatives/fsl/sub-115/ts_task-ultimatum_net0005_nppi-dmn_run-02.txt	found	
sub-115	02	custom26	/data/projects/srndna-ultimatum/derivatives/fsl/sub-115/ts_task-ultimatum_net0006_nppi-dmn_run-02.txt	/ZPOOL/data/projects/srndna-ultimatum/derivatives/fsl/sub-115/ts_task-ultimatum_net0006_nppi-dmn_run-02.txt	found	
sub-115	02	custom27	/data/projects/srndna-ultimatum/derivatives/fsl/sub-115/ts_task-ultimatum_net0008_nppi-dmn_run-02.txt	/ZPOOL/data/projects/srndna-ultimatum/derivatives/fsl/sub-115/ts_task-ultimatum_net0008_nppi-dmn_run-02.txt	found	
sub-115	02	custom28	/data/projects/srndna-ultimatum/derivatives/fsl/sub-115/ts_task-ultimatum_net0009_nppi-dmn_run-02.txt	/ZPOOL/data/projects/srndna-ultimatum/derivatives/fsl/sub-115/ts_task-ultimatum_net0009_nppi-dmn_run-02.txt	found	
sub-115	combined	source_l2_fsf	/ZPOOL/data/projects/srndna-ultimatum/derivatives/fsl/sub-115/L2_task-ultimatum_model-02_type-nppi-dmn_sm-6.gfeat/design.fsf	/ZPOOL/data/projects/srndna-ultimatum/derivatives/fsl/sub-115/L2_task-ultimatum_model-02_type-nppi-dmn_sm-6.gfeat/design.fsf	found	
sub-116	01	source_fsf	/ZPOOL/data/projects/srndna-ultimatum/derivatives/fsl/sub-116/L1_task-ultimatum_model-02_type-nppi-dmn_run-01_sm-6.feat/design.fsf	/ZPOOL/data/projects/srndna-ultimatum/derivatives/fsl/sub-116/L1_task-ultimatum_model-02_type-nppi-dmn_run-01_sm-6.feat/design.fsf	found	
sub-116	01	events	/ZPOOL/data/projects/srndna-ultimatum/source_data/bids/sub-116/func/sub-116_task-ultimatum_run-01_events.tsv	/ZPOOL/data/projects/srndna-ultimatum/source_data/bids/sub-116/func/sub-116_task-ultimatum_run-01_events.tsv	found	
sub-116	01	feat_files(1)	/data/projects/srndna-data/derivatives/fmriprep/sub-116/func/sub-116_task-ultimatum_run-1_space-MNI152NLin2009cAsym_desc-preproc_bold.nii.gz	/ZPOOL/data/projects/srndna-ug/derivatives/fmriprep/sub-116/func/sub-116_task-ultimatum_run-1_space-MNI152NLin2009cAsym_desc-preproc_bold.nii.gz	found	
sub-116	01	confoundev_files(1)	/data/projects/srndna-data/derivatives/fsl/confounds/sub-116/sub-116_task-ultimatum_run-1_desc-fslConfounds.tsv		missing	explicitly mapped input missing: /data/projects/srndna-data/derivatives/fsl/confounds/sub-116/sub-116_task-ultimatum_run-1_desc-fslConfounds.tsv -> /ZPOOL/data/projects/srndna-ultimatum/derivatives/fsl/confounds/sub-116/sub-116_task-ultimatum_run-1_desc-fslConfounds.tsv
sub-116	01	regstandard	/usr/share/fsl/6.0.3/data/standard/MNI152_T1_2mm_brain	/usr/local/fsl/data/standard/MNI152_T1_2mm_brain.nii.gz	found	
sub-116	01	custom1	/data/projects/srndna-data/derivatives/fsl/EVfiles/sub-116/ultimatum-pmod/run-01_event_computer.txt		missing	explicitly mapped input missing: /data/projects/srndna-data/derivatives/fsl/EVfiles/sub-116/ultimatum-pmod/run-01_event_computer.txt -> /ZPOOL/data/projects/srndna-ultimatum/derivatives/fsl/EVfiles/sub-116/ultimatum-pmod/run-01_event_computer.txt
sub-116	01	custom2	/data/projects/srndna-data/derivatives/fsl/EVfiles/sub-116/ultimatum-pmod/run-01_event_computer_pmod.txt		missing	explicitly mapped input missing: /data/projects/srndna-data/derivatives/fsl/EVfiles/sub-116/ultimatum-pmod/run-01_event_computer_pmod.txt -> /ZPOOL/data/projects/srndna-ultimatum/derivatives/fsl/EVfiles/sub-116/ultimatum-pmod/run-01_event_computer_pmod.txt
sub-116	01	custom3	/data/projects/srndna-data/derivatives/fsl/EVfiles/sub-116/ultimatum-pmod/run-01_event_ingroup.txt		missing	explicitly mapped input missing: /data/projects/srndna-data/derivatives/fsl/EVfiles/sub-116/ultimatum-pmod/run-01_event_ingroup.txt -> /ZPOOL/data/projects/srndna-ultimatum/derivatives/fsl/EVfiles/sub-116/ultimatum-pmod/run-01_event_ingroup.txt
sub-116	01	custom4	/data/projects/srndna-data/derivatives/fsl/EVfiles/sub-116/ultimatum-pmod/run-01_event_ingroup_pmod.txt		missing	explicitly mapped input missing: /data/projects/srndna-data/derivatives/fsl/EVfiles/sub-116/ultimatum-pmod/run-01_event_ingroup_pmod.txt -> /ZPOOL/data/projects/srndna-ultimatum/derivatives/fsl/EVfiles/sub-116/ultimatum-pmod/run-01_event_ingroup_pmod.txt
sub-116	01	custom5	/data/projects/srndna-data/derivatives/fsl/EVfiles/sub-116/ultimatum-pmod/run-01_event_outgroup.txt		missing	explicitly mapped input missing: /data/projects/srndna-data/derivatives/fsl/EVfiles/sub-116/ultimatum-pmod/run-01_event_outgroup.txt -> /ZPOOL/data/projects/srndna-ultimatum/derivatives/fsl/EVfiles/sub-116/ultimatum-pmod/run-01_event_outgroup.txt
sub-116	01	custom6	/data/projects/srndna-data/derivatives/fsl/EVfiles/sub-116/ultimatum-pmod/run-01_event_outgroup_pmod.txt		missing	explicitly mapped input missing: /data/projects/srndna-data/derivatives/fsl/EVfiles/sub-116/ultimatum-pmod/run-01_event_outgroup_pmod.txt -> /ZPOOL/data/projects/srndna-ultimatum/derivatives/fsl/EVfiles/sub-116/ultimatum-pmod/run-01_event_outgroup_pmod.txt
sub-116	01	custom7	/data/projects/srndna-data/derivatives/fsl/EVfiles/sub-116/ultimatum-pmod/run-01_missed_trial.txt		missing	explicitly mapped input missing: /data/projects/srndna-data/derivatives/fsl/EVfiles/sub-116/ultimatum-pmod/run-01_missed_trial.txt -> /ZPOOL/data/projects/srndna-ultimatum/derivatives/fsl/EVfiles/sub-116/ultimatum-pmod/run-01_missed_trial.txt
sub-116	01	custom10	/data/projects/srndna-ultimatum/derivatives/fsl/sub-116/ts_task-ultimatum_net0003_nppi-dmn_run-01.txt	/ZPOOL/data/projects/srndna-ultimatum/derivatives/fsl/sub-116/ts_task-ultimatum_net0003_nppi-dmn_run-01.txt	found	
sub-116	01	custom20	/data/projects/srndna-ultimatum/derivatives/fsl/sub-116/ts_task-ultimatum_net0007_nppi-dmn_run-01.txt	/ZPOOL/data/projects/srndna-ultimatum/derivatives/fsl/sub-116/ts_task-ultimatum_net0007_nppi-dmn_run-01.txt	found	
sub-116	01	custom21	/data/projects/srndna-ultimatum/derivatives/fsl/sub-116/ts_task-ultimatum_net0000_nppi-dmn_run-01.txt	/ZPOOL/data/projects/srndna-ultimatum/derivatives/fsl/sub-116/ts_task-ultimatum_net0000_nppi-dmn_run-01.txt	found	
sub-116	01	custom22	/data/projects/srndna-ultimatum/derivatives/fsl/sub-116/ts_task-ultimatum_net0001_nppi-dmn_run-01.txt	/ZPOOL/data/projects/srndna-ultimatum/derivatives/fsl/sub-116/ts_task-ultimatum_net0001_nppi-dmn_run-01.txt	found	
sub-116	01	custom23	/data/projects/srndna-ultimatum/derivatives/fsl/sub-116/ts_task-ultimatum_net0002_nppi-dmn_run-01.txt	/ZPOOL/data/projects/srndna-ultimatum/derivatives/fsl/sub-116/ts_task-ultimatum_net0002_nppi-dmn_run-01.txt	found	
sub-116	01	custom24	/data/projects/srndna-ultimatum/derivatives/fsl/sub-116/ts_task-ultimatum_net0004_nppi-dmn_run-01.txt	/ZPOOL/data/projects/srndna-ultimatum/derivatives/fsl/sub-116/ts_task-ultimatum_net0004_nppi-dmn_run-01.txt	found	
sub-116	01	custom25	/data/projects/srndna-ultimatum/derivatives/fsl/sub-116/ts_task-ultimatum_net0005_nppi-dmn_run-01.txt	/ZPOOL/data/projects/srndna-ultimatum/derivatives/fsl/sub-116/ts_task-ultimatum_net0005_nppi-dmn_run-01.txt	found	
sub-116	01	custom26	/data/projects/srndna-ultimatum/derivatives/fsl/sub-116/ts_task-ultimatum_net0006_nppi-dmn_run-01.txt	/ZPOOL/data/projects/srndna-ultimatum/derivatives/fsl/sub-116/ts_task-ultimatum_net0006_nppi-dmn_run-01.txt	found	
sub-116	01	custom27	/data/projects/srndna-ultimatum/derivatives/fsl/sub-116/ts_task-ultimatum_net0008_nppi-dmn_run-01.txt	/ZPOOL/data/projects/srndna-ultimatum/derivatives/fsl/sub-116/ts_task-ultimatum_net0008_nppi-dmn_run-01.txt	found	
sub-116	01	custom28	/data/projects/srndna-ultimatum/derivatives/fsl/sub-116/ts_task-ultimatum_net0009_nppi-dmn_run-01.txt	/ZPOOL/data/projects/srndna-ultimatum/derivatives/fsl/sub-116/ts_task-ultimatum_net0009_nppi-dmn_run-01.txt	found	
sub-116	02	source_fsf	/ZPOOL/data/projects/srndna-ultimatum/derivatives/fsl/sub-116/L1_task-ultimatum_model-02_type-nppi-dmn_run-02_sm-6.feat/design.fsf	/ZPOOL/data/projects/srndna-ultimatum/derivatives/fsl/sub-116/L1_task-ultimatum_model-02_type-nppi-dmn_run-02_sm-6.feat/design.fsf	found	
sub-116	02	events	/ZPOOL/data/projects/srndna-ultimatum/source_data/bids/sub-116/func/sub-116_task-ultimatum_run-02_events.tsv	/ZPOOL/data/projects/srndna-ultimatum/source_data/bids/sub-116/func/sub-116_task-ultimatum_run-02_events.tsv	found	
sub-116	02	feat_files(1)	/data/projects/srndna-data/derivatives/fmriprep/sub-116/func/sub-116_task-ultimatum_run-2_space-MNI152NLin2009cAsym_desc-preproc_bold.nii.gz	/ZPOOL/data/projects/srndna-ug/derivatives/fmriprep/sub-116/func/sub-116_task-ultimatum_run-2_space-MNI152NLin2009cAsym_desc-preproc_bold.nii.gz	found	
sub-116	02	confoundev_files(1)	/data/projects/srndna-data/derivatives/fsl/confounds/sub-116/sub-116_task-ultimatum_run-2_desc-fslConfounds.tsv		missing	explicitly mapped input missing: /data/projects/srndna-data/derivatives/fsl/confounds/sub-116/sub-116_task-ultimatum_run-2_desc-fslConfounds.tsv -> /ZPOOL/data/projects/srndna-ultimatum/derivatives/fsl/confounds/sub-116/sub-116_task-ultimatum_run-2_desc-fslConfounds.tsv
sub-116	02	regstandard	/usr/share/fsl/6.0.3/data/standard/MNI152_T1_2mm_brain	/usr/local/fsl/data/standard/MNI152_T1_2mm_brain.nii.gz	found	
sub-116	02	custom1	/data/projects/srndna-data/derivatives/fsl/EVfiles/sub-116/ultimatum-pmod/run-02_event_computer.txt		missing	explicitly mapped input missing: /data/projects/srndna-data/derivatives/fsl/EVfiles/sub-116/ultimatum-pmod/run-02_event_computer.txt -> /ZPOOL/data/projects/srndna-ultimatum/derivatives/fsl/EVfiles/sub-116/ultimatum-pmod/run-02_event_computer.txt
sub-116	02	custom2	/data/projects/srndna-data/derivatives/fsl/EVfiles/sub-116/ultimatum-pmod/run-02_event_computer_pmod.txt		missing	explicitly mapped input missing: /data/projects/srndna-data/derivatives/fsl/EVfiles/sub-116/ultimatum-pmod/run-02_event_computer_pmod.txt -> /ZPOOL/data/projects/srndna-ultimatum/derivatives/fsl/EVfiles/sub-116/ultimatum-pmod/run-02_event_computer_pmod.txt
sub-116	02	custom3	/data/projects/srndna-data/derivatives/fsl/EVfiles/sub-116/ultimatum-pmod/run-02_event_ingroup.txt		missing	explicitly mapped input missing: /data/projects/srndna-data/derivatives/fsl/EVfiles/sub-116/ultimatum-pmod/run-02_event_ingroup.txt -> /ZPOOL/data/projects/srndna-ultimatum/derivatives/fsl/EVfiles/sub-116/ultimatum-pmod/run-02_event_ingroup.txt
sub-116	02	custom4	/data/projects/srndna-data/derivatives/fsl/EVfiles/sub-116/ultimatum-pmod/run-02_event_ingroup_pmod.txt		missing	explicitly mapped input missing: /data/projects/srndna-data/derivatives/fsl/EVfiles/sub-116/ultimatum-pmod/run-02_event_ingroup_pmod.txt -> /ZPOOL/data/projects/srndna-ultimatum/derivatives/fsl/EVfiles/sub-116/ultimatum-pmod/run-02_event_ingroup_pmod.txt
sub-116	02	custom5	/data/projects/srndna-data/derivatives/fsl/EVfiles/sub-116/ultimatum-pmod/run-02_event_outgroup.txt		missing	explicitly mapped input missing: /data/projects/srndna-data/derivatives/fsl/EVfiles/sub-116/ultimatum-pmod/run-02_event_outgroup.txt -> /ZPOOL/data/projects/srndna-ultimatum/derivatives/fsl/EVfiles/sub-116/ultimatum-pmod/run-02_event_outgroup.txt
sub-116	02	custom6	/data/projects/srndna-data/derivatives/fsl/EVfiles/sub-116/ultimatum-pmod/run-02_event_outgroup_pmod.txt		missing	explicitly mapped input missing: /data/projects/srndna-data/derivatives/fsl/EVfiles/sub-116/ultimatum-pmod/run-02_event_outgroup_pmod.txt -> /ZPOOL/data/projects/srndna-ultimatum/derivatives/fsl/EVfiles/sub-116/ultimatum-pmod/run-02_event_outgroup_pmod.txt
sub-116	02	custom10	/data/projects/srndna-ultimatum/derivatives/fsl/sub-116/ts_task-ultimatum_net0003_nppi-dmn_run-02.txt	/ZPOOL/data/projects/srndna-ultimatum/derivatives/fsl/sub-116/ts_task-ultimatum_net0003_nppi-dmn_run-02.txt	found	
sub-116	02	custom20	/data/projects/srndna-ultimatum/derivatives/fsl/sub-116/ts_task-ultimatum_net0007_nppi-dmn_run-02.txt	/ZPOOL/data/projects/srndna-ultimatum/derivatives/fsl/sub-116/ts_task-ultimatum_net0007_nppi-dmn_run-02.txt	found	
sub-116	02	custom21	/data/projects/srndna-ultimatum/derivatives/fsl/sub-116/ts_task-ultimatum_net0000_nppi-dmn_run-02.txt	/ZPOOL/data/projects/srndna-ultimatum/derivatives/fsl/sub-116/ts_task-ultimatum_net0000_nppi-dmn_run-02.txt	found	
sub-116	02	custom22	/data/projects/srndna-ultimatum/derivatives/fsl/sub-116/ts_task-ultimatum_net0001_nppi-dmn_run-02.txt	/ZPOOL/data/projects/srndna-ultimatum/derivatives/fsl/sub-116/ts_task-ultimatum_net0001_nppi-dmn_run-02.txt	found	
sub-116	02	custom23	/data/projects/srndna-ultimatum/derivatives/fsl/sub-116/ts_task-ultimatum_net0002_nppi-dmn_run-02.txt	/ZPOOL/data/projects/srndna-ultimatum/derivatives/fsl/sub-116/ts_task-ultimatum_net0002_nppi-dmn_run-02.txt	found	
sub-116	02	custom24	/data/projects/srndna-ultimatum/derivatives/fsl/sub-116/ts_task-ultimatum_net0004_nppi-dmn_run-02.txt	/ZPOOL/data/projects/srndna-ultimatum/derivatives/fsl/sub-116/ts_task-ultimatum_net0004_nppi-dmn_run-02.txt	found	
sub-116	02	custom25	/data/projects/srndna-ultimatum/derivatives/fsl/sub-116/ts_task-ultimatum_net0005_nppi-dmn_run-02.txt	/ZPOOL/data/projects/srndna-ultimatum/derivatives/fsl/sub-116/ts_task-ultimatum_net0005_nppi-dmn_run-02.txt	found	
sub-116	02	custom26	/data/projects/srndna-ultimatum/derivatives/fsl/sub-116/ts_task-ultimatum_net0006_nppi-dmn_run-02.txt	/ZPOOL/data/projects/srndna-ultimatum/derivatives/fsl/sub-116/ts_task-ultimatum_net0006_nppi-dmn_run-02.txt	found	
sub-116	02	custom27	/data/projects/srndna-ultimatum/derivatives/fsl/sub-116/ts_task-ultimatum_net0008_nppi-dmn_run-02.txt	/ZPOOL/data/projects/srndna-ultimatum/derivatives/fsl/sub-116/ts_task-ultimatum_net0008_nppi-dmn_run-02.txt	found	
sub-116	02	custom28	/data/projects/srndna-ultimatum/derivatives/fsl/sub-116/ts_task-ultimatum_net0009_nppi-dmn_run-02.txt	/ZPOOL/data/projects/srndna-ultimatum/derivatives/fsl/sub-116/ts_task-ultimatum_net0009_nppi-dmn_run-02.txt	found	
sub-116	combined	source_l2_fsf	/ZPOOL/data/projects/srndna-ultimatum/derivatives/fsl/sub-116/L2_task-ultimatum_model-02_type-nppi-dmn_sm-6.gfeat/design.fsf	/ZPOOL/data/projects/srndna-ultimatum/derivatives/fsl/sub-116/L2_task-ultimatum_model-02_type-nppi-dmn_sm-6.gfeat/design.fsf	found	
sub-117	01	source_fsf	/ZPOOL/data/projects/srndna-ultimatum/derivatives/fsl/sub-117/L1_task-ultimatum_model-02_type-nppi-dmn_run-01_sm-6.feat/design.fsf	/ZPOOL/data/projects/srndna-ultimatum/derivatives/fsl/sub-117/L1_task-ultimatum_model-02_type-nppi-dmn_run-01_sm-6.feat/design.fsf	found	
sub-117	01	events	/ZPOOL/data/projects/srndna-ultimatum/source_data/bids/sub-117/func/sub-117_task-ultimatum_run-01_events.tsv	/ZPOOL/data/projects/srndna-ultimatum/source_data/bids/sub-117/func/sub-117_task-ultimatum_run-01_events.tsv	found	
sub-117	01	feat_files(1)	/data/projects/srndna-data/derivatives/fmriprep/sub-117/func/sub-117_task-ultimatum_run-1_space-MNI152NLin2009cAsym_desc-preproc_bold.nii.gz	/ZPOOL/data/projects/srndna-ug/derivatives/fmriprep/sub-117/func/sub-117_task-ultimatum_run-1_space-MNI152NLin2009cAsym_desc-preproc_bold.nii.gz	found	
sub-117	01	confoundev_files(1)	/data/projects/srndna-data/derivatives/fsl/confounds/sub-117/sub-117_task-ultimatum_run-1_desc-fslConfounds.tsv		missing	explicitly mapped input missing: /data/projects/srndna-data/derivatives/fsl/confounds/sub-117/sub-117_task-ultimatum_run-1_desc-fslConfounds.tsv -> /ZPOOL/data/projects/srndna-ultimatum/derivatives/fsl/confounds/sub-117/sub-117_task-ultimatum_run-1_desc-fslConfounds.tsv
sub-117	01	regstandard	/usr/share/fsl/6.0.3/data/standard/MNI152_T1_2mm_brain	/usr/local/fsl/data/standard/MNI152_T1_2mm_brain.nii.gz	found	
sub-117	01	custom1	/data/projects/srndna-data/derivatives/fsl/EVfiles/sub-117/ultimatum-pmod/run-01_event_computer.txt		missing	explicitly mapped input missing: /data/projects/srndna-data/derivatives/fsl/EVfiles/sub-117/ultimatum-pmod/run-01_event_computer.txt -> /ZPOOL/data/projects/srndna-ultimatum/derivatives/fsl/EVfiles/sub-117/ultimatum-pmod/run-01_event_computer.txt
sub-117	01	custom2	/data/projects/srndna-data/derivatives/fsl/EVfiles/sub-117/ultimatum-pmod/run-01_event_computer_pmod.txt		missing	explicitly mapped input missing: /data/projects/srndna-data/derivatives/fsl/EVfiles/sub-117/ultimatum-pmod/run-01_event_computer_pmod.txt -> /ZPOOL/data/projects/srndna-ultimatum/derivatives/fsl/EVfiles/sub-117/ultimatum-pmod/run-01_event_computer_pmod.txt
sub-117	01	custom3	/data/projects/srndna-data/derivatives/fsl/EVfiles/sub-117/ultimatum-pmod/run-01_event_ingroup.txt		missing	explicitly mapped input missing: /data/projects/srndna-data/derivatives/fsl/EVfiles/sub-117/ultimatum-pmod/run-01_event_ingroup.txt -> /ZPOOL/data/projects/srndna-ultimatum/derivatives/fsl/EVfiles/sub-117/ultimatum-pmod/run-01_event_ingroup.txt
sub-117	01	custom4	/data/projects/srndna-data/derivatives/fsl/EVfiles/sub-117/ultimatum-pmod/run-01_event_ingroup_pmod.txt		missing	explicitly mapped input missing: /data/projects/srndna-data/derivatives/fsl/EVfiles/sub-117/ultimatum-pmod/run-01_event_ingroup_pmod.txt -> /ZPOOL/data/projects/srndna-ultimatum/derivatives/fsl/EVfiles/sub-117/ultimatum-pmod/run-01_event_ingroup_pmod.txt
sub-117	01	custom5	/data/projects/srndna-data/derivatives/fsl/EVfiles/sub-117/ultimatum-pmod/run-01_event_outgroup.txt		missing	explicitly mapped input missing: /data/projects/srndna-data/derivatives/fsl/EVfiles/sub-117/ultimatum-pmod/run-01_event_outgroup.txt -> /ZPOOL/data/projects/srndna-ultimatum/derivatives/fsl/EVfiles/sub-117/ultimatum-pmod/run-01_event_outgroup.txt
sub-117	01	custom6	/data/projects/srndna-data/derivatives/fsl/EVfiles/sub-117/ultimatum-pmod/run-01_event_outgroup_pmod.txt		missing	explicitly mapped input missing: /data/projects/srndna-data/derivatives/fsl/EVfiles/sub-117/ultimatum-pmod/run-01_event_outgroup_pmod.txt -> /ZPOOL/data/projects/srndna-ultimatum/derivatives/fsl/EVfiles/sub-117/ultimatum-pmod/run-01_event_outgroup_pmod.txt
sub-117	01	custom10	/data/projects/srndna-ultimatum/derivatives/fsl/sub-117/ts_task-ultimatum_net0003_nppi-dmn_run-01.txt	/ZPOOL/data/projects/srndna-ultimatum/derivatives/fsl/sub-117/ts_task-ultimatum_net0003_nppi-dmn_run-01.txt	found	
sub-117	01	custom20	/data/projects/srndna-ultimatum/derivatives/fsl/sub-117/ts_task-ultimatum_net0007_nppi-dmn_run-01.txt	/ZPOOL/data/projects/srndna-ultimatum/derivatives/fsl/sub-117/ts_task-ultimatum_net0007_nppi-dmn_run-01.txt	found	
sub-117	01	custom21	/data/projects/srndna-ultimatum/derivatives/fsl/sub-117/ts_task-ultimatum_net0000_nppi-dmn_run-01.txt	/ZPOOL/data/projects/srndna-ultimatum/derivatives/fsl/sub-117/ts_task-ultimatum_net0000_nppi-dmn_run-01.txt	found	
sub-117	01	custom22	/data/projects/srndna-ultimatum/derivatives/fsl/sub-117/ts_task-ultimatum_net0001_nppi-dmn_run-01.txt	/ZPOOL/data/projects/srndna-ultimatum/derivatives/fsl/sub-117/ts_task-ultimatum_net0001_nppi-dmn_run-01.txt	found	
sub-117	01	custom23	/data/projects/srndna-ultimatum/derivatives/fsl/sub-117/ts_task-ultimatum_net0002_nppi-dmn_run-01.txt	/ZPOOL/data/projects/srndna-ultimatum/derivatives/fsl/sub-117/ts_task-ultimatum_net0002_nppi-dmn_run-01.txt	found	
sub-117	01	custom24	/data/projects/srndna-ultimatum/derivatives/fsl/sub-117/ts_task-ultimatum_net0004_nppi-dmn_run-01.txt	/ZPOOL/data/projects/srndna-ultimatum/derivatives/fsl/sub-117/ts_task-ultimatum_net0004_nppi-dmn_run-01.txt	found	
sub-117	01	custom25	/data/projects/srndna-ultimatum/derivatives/fsl/sub-117/ts_task-ultimatum_net0005_nppi-dmn_run-01.txt	/ZPOOL/data/projects/srndna-ultimatum/derivatives/fsl/sub-117/ts_task-ultimatum_net0005_nppi-dmn_run-01.txt	found	
sub-117	01	custom26	/data/projects/srndna-ultimatum/derivatives/fsl/sub-117/ts_task-ultimatum_net0006_nppi-dmn_run-01.txt	/ZPOOL/data/projects/srndna-ultimatum/derivatives/fsl/sub-117/ts_task-ultimatum_net0006_nppi-dmn_run-01.txt	found	
sub-117	01	custom27	/data/projects/srndna-ultimatum/derivatives/fsl/sub-117/ts_task-ultimatum_net0008_nppi-dmn_run-01.txt	/ZPOOL/data/projects/srndna-ultimatum/derivatives/fsl/sub-117/ts_task-ultimatum_net0008_nppi-dmn_run-01.txt	found	
sub-117	01	custom28	/data/projects/srndna-ultimatum/derivatives/fsl/sub-117/ts_task-ultimatum_net0009_nppi-dmn_run-01.txt	/ZPOOL/data/projects/srndna-ultimatum/derivatives/fsl/sub-117/ts_task-ultimatum_net0009_nppi-dmn_run-01.txt	found	
sub-117	02	source_fsf	/ZPOOL/data/projects/srndna-ultimatum/derivatives/fsl/sub-117/L1_task-ultimatum_model-02_type-nppi-dmn_run-02_sm-6.feat/design.fsf	/ZPOOL/data/projects/srndna-ultimatum/derivatives/fsl/sub-117/L1_task-ultimatum_model-02_type-nppi-dmn_run-02_sm-6.feat/design.fsf	found	
sub-117	02	events	/ZPOOL/data/projects/srndna-ultimatum/source_data/bids/sub-117/func/sub-117_task-ultimatum_run-02_events.tsv	/ZPOOL/data/projects/srndna-ultimatum/source_data/bids/sub-117/func/sub-117_task-ultimatum_run-02_events.tsv	found	
sub-117	02	feat_files(1)	/data/projects/srndna-data/derivatives/fmriprep/sub-117/func/sub-117_task-ultimatum_run-2_space-MNI152NLin2009cAsym_desc-preproc_bold.nii.gz	/ZPOOL/data/projects/srndna-ug/derivatives/fmriprep/sub-117/func/sub-117_task-ultimatum_run-2_space-MNI152NLin2009cAsym_desc-preproc_bold.nii.gz	found	
sub-117	02	confoundev_files(1)	/data/projects/srndna-data/derivatives/fsl/confounds/sub-117/sub-117_task-ultimatum_run-2_desc-fslConfounds.tsv		missing	explicitly mapped input missing: /data/projects/srndna-data/derivatives/fsl/confounds/sub-117/sub-117_task-ultimatum_run-2_desc-fslConfounds.tsv -> /ZPOOL/data/projects/srndna-ultimatum/derivatives/fsl/confounds/sub-117/sub-117_task-ultimatum_run-2_desc-fslConfounds.tsv
sub-117	02	regstandard	/usr/share/fsl/6.0.3/data/standard/MNI152_T1_2mm_brain	/usr/local/fsl/data/standard/MNI152_T1_2mm_brain.nii.gz	found	
sub-117	02	custom1	/data/projects/srndna-data/derivatives/fsl/EVfiles/sub-117/ultimatum-pmod/run-02_event_computer.txt		missing	explicitly mapped input missing: /data/projects/srndna-data/derivatives/fsl/EVfiles/sub-117/ultimatum-pmod/run-02_event_computer.txt -> /ZPOOL/data/projects/srndna-ultimatum/derivatives/fsl/EVfiles/sub-117/ultimatum-pmod/run-02_event_computer.txt
sub-117	02	custom2	/data/projects/srndna-data/derivatives/fsl/EVfiles/sub-117/ultimatum-pmod/run-02_event_computer_pmod.txt		missing	explicitly mapped input missing: /data/projects/srndna-data/derivatives/fsl/EVfiles/sub-117/ultimatum-pmod/run-02_event_computer_pmod.txt -> /ZPOOL/data/projects/srndna-ultimatum/derivatives/fsl/EVfiles/sub-117/ultimatum-pmod/run-02_event_computer_pmod.txt
sub-117	02	custom3	/data/projects/srndna-data/derivatives/fsl/EVfiles/sub-117/ultimatum-pmod/run-02_event_ingroup.txt		missing	explicitly mapped input missing: /data/projects/srndna-data/derivatives/fsl/EVfiles/sub-117/ultimatum-pmod/run-02_event_ingroup.txt -> /ZPOOL/data/projects/srndna-ultimatum/derivatives/fsl/EVfiles/sub-117/ultimatum-pmod/run-02_event_ingroup.txt
sub-117	02	custom4	/data/projects/srndna-data/derivatives/fsl/EVfiles/sub-117/ultimatum-pmod/run-02_event_ingroup_pmod.txt		missing	explicitly mapped input missing: /data/projects/srndna-data/derivatives/fsl/EVfiles/sub-117/ultimatum-pmod/run-02_event_ingroup_pmod.txt -> /ZPOOL/data/projects/srndna-ultimatum/derivatives/fsl/EVfiles/sub-117/ultimatum-pmod/run-02_event_ingroup_pmod.txt
sub-117	02	custom5	/data/projects/srndna-data/derivatives/fsl/EVfiles/sub-117/ultimatum-pmod/run-02_event_outgroup.txt		missing	explicitly mapped input missing: /data/projects/srndna-data/derivatives/fsl/EVfiles/sub-117/ultimatum-pmod/run-02_event_outgroup.txt -> /ZPOOL/data/projects/srndna-ultimatum/derivatives/fsl/EVfiles/sub-117/ultimatum-pmod/run-02_event_outgroup.txt
sub-117	02	custom6	/data/projects/srndna-data/derivatives/fsl/EVfiles/sub-117/ultimatum-pmod/run-02_event_outgroup_pmod.txt		missing	explicitly mapped input missing: /data/projects/srndna-data/derivatives/fsl/EVfiles/sub-117/ultimatum-pmod/run-02_event_outgroup_pmod.txt -> /ZPOOL/data/projects/srndna-ultimatum/derivatives/fsl/EVfiles/sub-117/ultimatum-pmod/run-02_event_outgroup_pmod.txt
sub-117	02	custom10	/data/projects/srndna-ultimatum/derivatives/fsl/sub-117/ts_task-ultimatum_net0003_nppi-dmn_run-02.txt	/ZPOOL/data/projects/srndna-ultimatum/derivatives/fsl/sub-117/ts_task-ultimatum_net0003_nppi-dmn_run-02.txt	found	
sub-117	02	custom20	/data/projects/srndna-ultimatum/derivatives/fsl/sub-117/ts_task-ultimatum_net0007_nppi-dmn_run-02.txt	/ZPOOL/data/projects/srndna-ultimatum/derivatives/fsl/sub-117/ts_task-ultimatum_net0007_nppi-dmn_run-02.txt	found	
sub-117	02	custom21	/data/projects/srndna-ultimatum/derivatives/fsl/sub-117/ts_task-ultimatum_net0000_nppi-dmn_run-02.txt	/ZPOOL/data/projects/srndna-ultimatum/derivatives/fsl/sub-117/ts_task-ultimatum_net0000_nppi-dmn_run-02.txt	found	
sub-117	02	custom22	/data/projects/srndna-ultimatum/derivatives/fsl/sub-117/ts_task-ultimatum_net0001_nppi-dmn_run-02.txt	/ZPOOL/data/projects/srndna-ultimatum/derivatives/fsl/sub-117/ts_task-ultimatum_net0001_nppi-dmn_run-02.txt	found	
sub-117	02	custom23	/data/projects/srndna-ultimatum/derivatives/fsl/sub-117/ts_task-ultimatum_net0002_nppi-dmn_run-02.txt	/ZPOOL/data/projects/srndna-ultimatum/derivatives/fsl/sub-117/ts_task-ultimatum_net0002_nppi-dmn_run-02.txt	found	
sub-117	02	custom24	/data/projects/srndna-ultimatum/derivatives/fsl/sub-117/ts_task-ultimatum_net0004_nppi-dmn_run-02.txt	/ZPOOL/data/projects/srndna-ultimatum/derivatives/fsl/sub-117/ts_task-ultimatum_net0004_nppi-dmn_run-02.txt	found	
sub-117	02	custom25	/data/projects/srndna-ultimatum/derivatives/fsl/sub-117/ts_task-ultimatum_net0005_nppi-dmn_run-02.txt	/ZPOOL/data/projects/srndna-ultimatum/derivatives/fsl/sub-117/ts_task-ultimatum_net0005_nppi-dmn_run-02.txt	found	
sub-117	02	custom26	/data/projects/srndna-ultimatum/derivatives/fsl/sub-117/ts_task-ultimatum_net0006_nppi-dmn_run-02.txt	/ZPOOL/data/projects/srndna-ultimatum/derivatives/fsl/sub-117/ts_task-ultimatum_net0006_nppi-dmn_run-02.txt	found	
sub-117	02	custom27	/data/projects/srndna-ultimatum/derivatives/fsl/sub-117/ts_task-ultimatum_net0008_nppi-dmn_run-02.txt	/ZPOOL/data/projects/srndna-ultimatum/derivatives/fsl/sub-117/ts_task-ultimatum_net0008_nppi-dmn_run-02.txt	found	
sub-117	02	custom28	/data/projects/srndna-ultimatum/derivatives/fsl/sub-117/ts_task-ultimatum_net0009_nppi-dmn_run-02.txt	/ZPOOL/data/projects/srndna-ultimatum/derivatives/fsl/sub-117/ts_task-ultimatum_net0009_nppi-dmn_run-02.txt	found	
sub-117	combined	source_l2_fsf	/ZPOOL/data/projects/srndna-ultimatum/derivatives/fsl/sub-117/L2_task-ultimatum_model-02_type-nppi-dmn_sm-6.gfeat/design.fsf	/ZPOOL/data/projects/srndna-ultimatum/derivatives/fsl/sub-117/L2_task-ultimatum_model-02_type-nppi-dmn_sm-6.gfeat/design.fsf	found	
sub-118	01	source_fsf	/ZPOOL/data/projects/srndna-ultimatum/derivatives/fsl/sub-118/L1_task-ultimatum_model-02_type-nppi-dmn_run-01_sm-6.feat/design.fsf	/ZPOOL/data/projects/srndna-ultimatum/derivatives/fsl/sub-118/L1_task-ultimatum_model-02_type-nppi-dmn_run-01_sm-6.feat/design.fsf	found	
sub-118	01	events	/ZPOOL/data/projects/srndna-ultimatum/source_data/bids/sub-118/func/sub-118_task-ultimatum_run-01_events.tsv	/ZPOOL/data/projects/srndna-ultimatum/source_data/bids/sub-118/func/sub-118_task-ultimatum_run-01_events.tsv	found	
sub-118	01	feat_files(1)	/data/projects/srndna-data/derivatives/fmriprep/sub-118/func/sub-118_task-ultimatum_run-1_space-MNI152NLin2009cAsym_desc-preproc_bold.nii.gz	/ZPOOL/data/projects/srndna-ug/derivatives/fmriprep/sub-118/func/sub-118_task-ultimatum_run-1_space-MNI152NLin2009cAsym_desc-preproc_bold.nii.gz	found	
sub-118	01	confoundev_files(1)	/data/projects/srndna-data/derivatives/fsl/confounds/sub-118/sub-118_task-ultimatum_run-1_desc-fslConfounds.tsv		missing	explicitly mapped input missing: /data/projects/srndna-data/derivatives/fsl/confounds/sub-118/sub-118_task-ultimatum_run-1_desc-fslConfounds.tsv -> /ZPOOL/data/projects/srndna-ultimatum/derivatives/fsl/confounds/sub-118/sub-118_task-ultimatum_run-1_desc-fslConfounds.tsv
sub-118	01	regstandard	/usr/share/fsl/6.0.3/data/standard/MNI152_T1_2mm_brain	/usr/local/fsl/data/standard/MNI152_T1_2mm_brain.nii.gz	found	
sub-118	01	custom1	/data/projects/srndna-data/derivatives/fsl/EVfiles/sub-118/ultimatum-pmod/run-01_event_computer.txt		missing	explicitly mapped input missing: /data/projects/srndna-data/derivatives/fsl/EVfiles/sub-118/ultimatum-pmod/run-01_event_computer.txt -> /ZPOOL/data/projects/srndna-ultimatum/derivatives/fsl/EVfiles/sub-118/ultimatum-pmod/run-01_event_computer.txt
sub-118	01	custom2	/data/projects/srndna-data/derivatives/fsl/EVfiles/sub-118/ultimatum-pmod/run-01_event_computer_pmod.txt		missing	explicitly mapped input missing: /data/projects/srndna-data/derivatives/fsl/EVfiles/sub-118/ultimatum-pmod/run-01_event_computer_pmod.txt -> /ZPOOL/data/projects/srndna-ultimatum/derivatives/fsl/EVfiles/sub-118/ultimatum-pmod/run-01_event_computer_pmod.txt
sub-118	01	custom3	/data/projects/srndna-data/derivatives/fsl/EVfiles/sub-118/ultimatum-pmod/run-01_event_ingroup.txt		missing	explicitly mapped input missing: /data/projects/srndna-data/derivatives/fsl/EVfiles/sub-118/ultimatum-pmod/run-01_event_ingroup.txt -> /ZPOOL/data/projects/srndna-ultimatum/derivatives/fsl/EVfiles/sub-118/ultimatum-pmod/run-01_event_ingroup.txt
sub-118	01	custom4	/data/projects/srndna-data/derivatives/fsl/EVfiles/sub-118/ultimatum-pmod/run-01_event_ingroup_pmod.txt		missing	explicitly mapped input missing: /data/projects/srndna-data/derivatives/fsl/EVfiles/sub-118/ultimatum-pmod/run-01_event_ingroup_pmod.txt -> /ZPOOL/data/projects/srndna-ultimatum/derivatives/fsl/EVfiles/sub-118/ultimatum-pmod/run-01_event_ingroup_pmod.txt
sub-118	01	custom5	/data/projects/srndna-data/derivatives/fsl/EVfiles/sub-118/ultimatum-pmod/run-01_event_outgroup.txt		missing	explicitly mapped input missing: /data/projects/srndna-data/derivatives/fsl/EVfiles/sub-118/ultimatum-pmod/run-01_event_outgroup.txt -> /ZPOOL/data/projects/srndna-ultimatum/derivatives/fsl/EVfiles/sub-118/ultimatum-pmod/run-01_event_outgroup.txt
sub-118	01	custom6	/data/projects/srndna-data/derivatives/fsl/EVfiles/sub-118/ultimatum-pmod/run-01_event_outgroup_pmod.txt		missing	explicitly mapped input missing: /data/projects/srndna-data/derivatives/fsl/EVfiles/sub-118/ultimatum-pmod/run-01_event_outgroup_pmod.txt -> /ZPOOL/data/projects/srndna-ultimatum/derivatives/fsl/EVfiles/sub-118/ultimatum-pmod/run-01_event_outgroup_pmod.txt
sub-118	01	custom10	/data/projects/srndna-ultimatum/derivatives/fsl/sub-118/ts_task-ultimatum_net0003_nppi-dmn_run-01.txt	/ZPOOL/data/projects/srndna-ultimatum/derivatives/fsl/sub-118/ts_task-ultimatum_net0003_nppi-dmn_run-01.txt	found	
sub-118	01	custom20	/data/projects/srndna-ultimatum/derivatives/fsl/sub-118/ts_task-ultimatum_net0007_nppi-dmn_run-01.txt	/ZPOOL/data/projects/srndna-ultimatum/derivatives/fsl/sub-118/ts_task-ultimatum_net0007_nppi-dmn_run-01.txt	found	
sub-118	01	custom21	/data/projects/srndna-ultimatum/derivatives/fsl/sub-118/ts_task-ultimatum_net0000_nppi-dmn_run-01.txt	/ZPOOL/data/projects/srndna-ultimatum/derivatives/fsl/sub-118/ts_task-ultimatum_net0000_nppi-dmn_run-01.txt	found	
sub-118	01	custom22	/data/projects/srndna-ultimatum/derivatives/fsl/sub-118/ts_task-ultimatum_net0001_nppi-dmn_run-01.txt	/ZPOOL/data/projects/srndna-ultimatum/derivatives/fsl/sub-118/ts_task-ultimatum_net0001_nppi-dmn_run-01.txt	found	
sub-118	01	custom23	/data/projects/srndna-ultimatum/derivatives/fsl/sub-118/ts_task-ultimatum_net0002_nppi-dmn_run-01.txt	/ZPOOL/data/projects/srndna-ultimatum/derivatives/fsl/sub-118/ts_task-ultimatum_net0002_nppi-dmn_run-01.txt	found	
sub-118	01	custom24	/data/projects/srndna-ultimatum/derivatives/fsl/sub-118/ts_task-ultimatum_net0004_nppi-dmn_run-01.txt	/ZPOOL/data/projects/srndna-ultimatum/derivatives/fsl/sub-118/ts_task-ultimatum_net0004_nppi-dmn_run-01.txt	found	
sub-118	01	custom25	/data/projects/srndna-ultimatum/derivatives/fsl/sub-118/ts_task-ultimatum_net0005_nppi-dmn_run-01.txt	/ZPOOL/data/projects/srndna-ultimatum/derivatives/fsl/sub-118/ts_task-ultimatum_net0005_nppi-dmn_run-01.txt	found	
sub-118	01	custom26	/data/projects/srndna-ultimatum/derivatives/fsl/sub-118/ts_task-ultimatum_net0006_nppi-dmn_run-01.txt	/ZPOOL/data/projects/srndna-ultimatum/derivatives/fsl/sub-118/ts_task-ultimatum_net0006_nppi-dmn_run-01.txt	found	
sub-118	01	custom27	/data/projects/srndna-ultimatum/derivatives/fsl/sub-118/ts_task-ultimatum_net0008_nppi-dmn_run-01.txt	/ZPOOL/data/projects/srndna-ultimatum/derivatives/fsl/sub-118/ts_task-ultimatum_net0008_nppi-dmn_run-01.txt	found	
sub-118	01	custom28	/data/projects/srndna-ultimatum/derivatives/fsl/sub-118/ts_task-ultimatum_net0009_nppi-dmn_run-01.txt	/ZPOOL/data/projects/srndna-ultimatum/derivatives/fsl/sub-118/ts_task-ultimatum_net0009_nppi-dmn_run-01.txt	found	
sub-118	02	source_fsf	/ZPOOL/data/projects/srndna-ultimatum/derivatives/fsl/sub-118/L1_task-ultimatum_model-02_type-nppi-dmn_run-02_sm-6.feat/design.fsf	/ZPOOL/data/projects/srndna-ultimatum/derivatives/fsl/sub-118/L1_task-ultimatum_model-02_type-nppi-dmn_run-02_sm-6.feat/design.fsf	found	
sub-118	02	events	/ZPOOL/data/projects/srndna-ultimatum/source_data/bids/sub-118/func/sub-118_task-ultimatum_run-02_events.tsv	/ZPOOL/data/projects/srndna-ultimatum/source_data/bids/sub-118/func/sub-118_task-ultimatum_run-02_events.tsv	found	
sub-118	02	feat_files(1)	/data/projects/srndna-data/derivatives/fmriprep/sub-118/func/sub-118_task-ultimatum_run-2_space-MNI152NLin2009cAsym_desc-preproc_bold.nii.gz	/ZPOOL/data/projects/srndna-ug/derivatives/fmriprep/sub-118/func/sub-118_task-ultimatum_run-2_space-MNI152NLin2009cAsym_desc-preproc_bold.nii.gz	found	
sub-118	02	confoundev_files(1)	/data/projects/srndna-data/derivatives/fsl/confounds/sub-118/sub-118_task-ultimatum_run-2_desc-fslConfounds.tsv		missing	explicitly mapped input missing: /data/projects/srndna-data/derivatives/fsl/confounds/sub-118/sub-118_task-ultimatum_run-2_desc-fslConfounds.tsv -> /ZPOOL/data/projects/srndna-ultimatum/derivatives/fsl/confounds/sub-118/sub-118_task-ultimatum_run-2_desc-fslConfounds.tsv
sub-118	02	regstandard	/usr/share/fsl/6.0.3/data/standard/MNI152_T1_2mm_brain	/usr/local/fsl/data/standard/MNI152_T1_2mm_brain.nii.gz	found	
sub-118	02	custom1	/data/projects/srndna-data/derivatives/fsl/EVfiles/sub-118/ultimatum-pmod/run-02_event_computer.txt		missing	explicitly mapped input missing: /data/projects/srndna-data/derivatives/fsl/EVfiles/sub-118/ultimatum-pmod/run-02_event_computer.txt -> /ZPOOL/data/projects/srndna-ultimatum/derivatives/fsl/EVfiles/sub-118/ultimatum-pmod/run-02_event_computer.txt
sub-118	02	custom2	/data/projects/srndna-data/derivatives/fsl/EVfiles/sub-118/ultimatum-pmod/run-02_event_computer_pmod.txt		missing	explicitly mapped input missing: /data/projects/srndna-data/derivatives/fsl/EVfiles/sub-118/ultimatum-pmod/run-02_event_computer_pmod.txt -> /ZPOOL/data/projects/srndna-ultimatum/derivatives/fsl/EVfiles/sub-118/ultimatum-pmod/run-02_event_computer_pmod.txt
sub-118	02	custom3	/data/projects/srndna-data/derivatives/fsl/EVfiles/sub-118/ultimatum-pmod/run-02_event_ingroup.txt		missing	explicitly mapped input missing: /data/projects/srndna-data/derivatives/fsl/EVfiles/sub-118/ultimatum-pmod/run-02_event_ingroup.txt -> /ZPOOL/data/projects/srndna-ultimatum/derivatives/fsl/EVfiles/sub-118/ultimatum-pmod/run-02_event_ingroup.txt
sub-118	02	custom4	/data/projects/srndna-data/derivatives/fsl/EVfiles/sub-118/ultimatum-pmod/run-02_event_ingroup_pmod.txt		missing	explicitly mapped input missing: /data/projects/srndna-data/derivatives/fsl/EVfiles/sub-118/ultimatum-pmod/run-02_event_ingroup_pmod.txt -> /ZPOOL/data/projects/srndna-ultimatum/derivatives/fsl/EVfiles/sub-118/ultimatum-pmod/run-02_event_ingroup_pmod.txt
sub-118	02	custom5	/data/projects/srndna-data/derivatives/fsl/EVfiles/sub-118/ultimatum-pmod/run-02_event_outgroup.txt		missing	explicitly mapped input missing: /data/projects/srndna-data/derivatives/fsl/EVfiles/sub-118/ultimatum-pmod/run-02_event_outgroup.txt -> /ZPOOL/data/projects/srndna-ultimatum/derivatives/fsl/EVfiles/sub-118/ultimatum-pmod/run-02_event_outgroup.txt
sub-118	02	custom6	/data/projects/srndna-data/derivatives/fsl/EVfiles/sub-118/ultimatum-pmod/run-02_event_outgroup_pmod.txt		missing	explicitly mapped input missing: /data/projects/srndna-data/derivatives/fsl/EVfiles/sub-118/ultimatum-pmod/run-02_event_outgroup_pmod.txt -> /ZPOOL/data/projects/srndna-ultimatum/derivatives/fsl/EVfiles/sub-118/ultimatum-pmod/run-02_event_outgroup_pmod.txt
sub-118	02	custom10	/data/projects/srndna-ultimatum/derivatives/fsl/sub-118/ts_task-ultimatum_net0003_nppi-dmn_run-02.txt	/ZPOOL/data/projects/srndna-ultimatum/derivatives/fsl/sub-118/ts_task-ultimatum_net0003_nppi-dmn_run-02.txt	found	
sub-118	02	custom20	/data/projects/srndna-ultimatum/derivatives/fsl/sub-118/ts_task-ultimatum_net0007_nppi-dmn_run-02.txt	/ZPOOL/data/projects/srndna-ultimatum/derivatives/fsl/sub-118/ts_task-ultimatum_net0007_nppi-dmn_run-02.txt	found	
sub-118	02	custom21	/data/projects/srndna-ultimatum/derivatives/fsl/sub-118/ts_task-ultimatum_net0000_nppi-dmn_run-02.txt	/ZPOOL/data/projects/srndna-ultimatum/derivatives/fsl/sub-118/ts_task-ultimatum_net0000_nppi-dmn_run-02.txt	found	
sub-118	02	custom22	/data/projects/srndna-ultimatum/derivatives/fsl/sub-118/ts_task-ultimatum_net0001_nppi-dmn_run-02.txt	/ZPOOL/data/projects/srndna-ultimatum/derivatives/fsl/sub-118/ts_task-ultimatum_net0001_nppi-dmn_run-02.txt	found	
sub-118	02	custom23	/data/projects/srndna-ultimatum/derivatives/fsl/sub-118/ts_task-ultimatum_net0002_nppi-dmn_run-02.txt	/ZPOOL/data/projects/srndna-ultimatum/derivatives/fsl/sub-118/ts_task-ultimatum_net0002_nppi-dmn_run-02.txt	found	
sub-118	02	custom24	/data/projects/srndna-ultimatum/derivatives/fsl/sub-118/ts_task-ultimatum_net0004_nppi-dmn_run-02.txt	/ZPOOL/data/projects/srndna-ultimatum/derivatives/fsl/sub-118/ts_task-ultimatum_net0004_nppi-dmn_run-02.txt	found	
sub-118	02	custom25	/data/projects/srndna-ultimatum/derivatives/fsl/sub-118/ts_task-ultimatum_net0005_nppi-dmn_run-02.txt	/ZPOOL/data/projects/srndna-ultimatum/derivatives/fsl/sub-118/ts_task-ultimatum_net0005_nppi-dmn_run-02.txt	found	
sub-118	02	custom26	/data/projects/srndna-ultimatum/derivatives/fsl/sub-118/ts_task-ultimatum_net0006_nppi-dmn_run-02.txt	/ZPOOL/data/projects/srndna-ultimatum/derivatives/fsl/sub-118/ts_task-ultimatum_net0006_nppi-dmn_run-02.txt	found	
sub-118	02	custom27	/data/projects/srndna-ultimatum/derivatives/fsl/sub-118/ts_task-ultimatum_net0008_nppi-dmn_run-02.txt	/ZPOOL/data/projects/srndna-ultimatum/derivatives/fsl/sub-118/ts_task-ultimatum_net0008_nppi-dmn_run-02.txt	found	
sub-118	02	custom28	/data/projects/srndna-ultimatum/derivatives/fsl/sub-118/ts_task-ultimatum_net0009_nppi-dmn_run-02.txt	/ZPOOL/data/projects/srndna-ultimatum/derivatives/fsl/sub-118/ts_task-ultimatum_net0009_nppi-dmn_run-02.txt	found	
sub-118	combined	source_l2_fsf	/ZPOOL/data/projects/srndna-ultimatum/derivatives/fsl/sub-118/L2_task-ultimatum_model-02_type-nppi-dmn_sm-6.gfeat/design.fsf	/ZPOOL/data/projects/srndna-ultimatum/derivatives/fsl/sub-118/L2_task-ultimatum_model-02_type-nppi-dmn_sm-6.gfeat/design.fsf	found	
sub-121	01	source_fsf	/ZPOOL/data/projects/srndna-ultimatum/derivatives/fsl/sub-121/L1_task-ultimatum_model-02_type-nppi-dmn_run-01_sm-6.feat/design.fsf	/ZPOOL/data/projects/srndna-ultimatum/derivatives/fsl/sub-121/L1_task-ultimatum_model-02_type-nppi-dmn_run-01_sm-6.feat/design.fsf	found	
sub-121	01	events	/ZPOOL/data/projects/srndna-ultimatum/source_data/bids/sub-121/func/sub-121_task-ultimatum_run-01_events.tsv	/ZPOOL/data/projects/srndna-ultimatum/source_data/bids/sub-121/func/sub-121_task-ultimatum_run-01_events.tsv	found	
sub-121	01	feat_files(1)	/data/projects/srndna-data/derivatives/fmriprep/sub-121/func/sub-121_task-ultimatum_run-1_space-MNI152NLin2009cAsym_desc-preproc_bold.nii.gz	/ZPOOL/data/projects/srndna-ug/derivatives/fmriprep/sub-121/func/sub-121_task-ultimatum_run-1_space-MNI152NLin2009cAsym_desc-preproc_bold.nii.gz	found	
sub-121	01	confoundev_files(1)	/data/projects/srndna-data/derivatives/fsl/confounds/sub-121/sub-121_task-ultimatum_run-1_desc-fslConfounds.tsv		missing	explicitly mapped input missing: /data/projects/srndna-data/derivatives/fsl/confounds/sub-121/sub-121_task-ultimatum_run-1_desc-fslConfounds.tsv -> /ZPOOL/data/projects/srndna-ultimatum/derivatives/fsl/confounds/sub-121/sub-121_task-ultimatum_run-1_desc-fslConfounds.tsv
sub-121	01	regstandard	/usr/share/fsl/6.0.3/data/standard/MNI152_T1_2mm_brain	/usr/local/fsl/data/standard/MNI152_T1_2mm_brain.nii.gz	found	
sub-121	01	custom1	/data/projects/srndna-data/derivatives/fsl/EVfiles/sub-121/ultimatum-pmod/run-01_event_computer.txt		missing	explicitly mapped input missing: /data/projects/srndna-data/derivatives/fsl/EVfiles/sub-121/ultimatum-pmod/run-01_event_computer.txt -> /ZPOOL/data/projects/srndna-ultimatum/derivatives/fsl/EVfiles/sub-121/ultimatum-pmod/run-01_event_computer.txt
sub-121	01	custom2	/data/projects/srndna-data/derivatives/fsl/EVfiles/sub-121/ultimatum-pmod/run-01_event_computer_pmod.txt		missing	explicitly mapped input missing: /data/projects/srndna-data/derivatives/fsl/EVfiles/sub-121/ultimatum-pmod/run-01_event_computer_pmod.txt -> /ZPOOL/data/projects/srndna-ultimatum/derivatives/fsl/EVfiles/sub-121/ultimatum-pmod/run-01_event_computer_pmod.txt
sub-121	01	custom3	/data/projects/srndna-data/derivatives/fsl/EVfiles/sub-121/ultimatum-pmod/run-01_event_ingroup.txt		missing	explicitly mapped input missing: /data/projects/srndna-data/derivatives/fsl/EVfiles/sub-121/ultimatum-pmod/run-01_event_ingroup.txt -> /ZPOOL/data/projects/srndna-ultimatum/derivatives/fsl/EVfiles/sub-121/ultimatum-pmod/run-01_event_ingroup.txt
sub-121	01	custom4	/data/projects/srndna-data/derivatives/fsl/EVfiles/sub-121/ultimatum-pmod/run-01_event_ingroup_pmod.txt		missing	explicitly mapped input missing: /data/projects/srndna-data/derivatives/fsl/EVfiles/sub-121/ultimatum-pmod/run-01_event_ingroup_pmod.txt -> /ZPOOL/data/projects/srndna-ultimatum/derivatives/fsl/EVfiles/sub-121/ultimatum-pmod/run-01_event_ingroup_pmod.txt
sub-121	01	custom5	/data/projects/srndna-data/derivatives/fsl/EVfiles/sub-121/ultimatum-pmod/run-01_event_outgroup.txt		missing	explicitly mapped input missing: /data/projects/srndna-data/derivatives/fsl/EVfiles/sub-121/ultimatum-pmod/run-01_event_outgroup.txt -> /ZPOOL/data/projects/srndna-ultimatum/derivatives/fsl/EVfiles/sub-121/ultimatum-pmod/run-01_event_outgroup.txt
sub-121	01	custom6	/data/projects/srndna-data/derivatives/fsl/EVfiles/sub-121/ultimatum-pmod/run-01_event_outgroup_pmod.txt		missing	explicitly mapped input missing: /data/projects/srndna-data/derivatives/fsl/EVfiles/sub-121/ultimatum-pmod/run-01_event_outgroup_pmod.txt -> /ZPOOL/data/projects/srndna-ultimatum/derivatives/fsl/EVfiles/sub-121/ultimatum-pmod/run-01_event_outgroup_pmod.txt
sub-121	01	custom10	/data/projects/srndna-ultimatum/derivatives/fsl/sub-121/ts_task-ultimatum_net0003_nppi-dmn_run-01.txt	/ZPOOL/data/projects/srndna-ultimatum/derivatives/fsl/sub-121/ts_task-ultimatum_net0003_nppi-dmn_run-01.txt	found	
sub-121	01	custom20	/data/projects/srndna-ultimatum/derivatives/fsl/sub-121/ts_task-ultimatum_net0007_nppi-dmn_run-01.txt	/ZPOOL/data/projects/srndna-ultimatum/derivatives/fsl/sub-121/ts_task-ultimatum_net0007_nppi-dmn_run-01.txt	found	
sub-121	01	custom21	/data/projects/srndna-ultimatum/derivatives/fsl/sub-121/ts_task-ultimatum_net0000_nppi-dmn_run-01.txt	/ZPOOL/data/projects/srndna-ultimatum/derivatives/fsl/sub-121/ts_task-ultimatum_net0000_nppi-dmn_run-01.txt	found	
sub-121	01	custom22	/data/projects/srndna-ultimatum/derivatives/fsl/sub-121/ts_task-ultimatum_net0001_nppi-dmn_run-01.txt	/ZPOOL/data/projects/srndna-ultimatum/derivatives/fsl/sub-121/ts_task-ultimatum_net0001_nppi-dmn_run-01.txt	found	
sub-121	01	custom23	/data/projects/srndna-ultimatum/derivatives/fsl/sub-121/ts_task-ultimatum_net0002_nppi-dmn_run-01.txt	/ZPOOL/data/projects/srndna-ultimatum/derivatives/fsl/sub-121/ts_task-ultimatum_net0002_nppi-dmn_run-01.txt	found	
sub-121	01	custom24	/data/projects/srndna-ultimatum/derivatives/fsl/sub-121/ts_task-ultimatum_net0004_nppi-dmn_run-01.txt	/ZPOOL/data/projects/srndna-ultimatum/derivatives/fsl/sub-121/ts_task-ultimatum_net0004_nppi-dmn_run-01.txt	found	
sub-121	01	custom25	/data/projects/srndna-ultimatum/derivatives/fsl/sub-121/ts_task-ultimatum_net0005_nppi-dmn_run-01.txt	/ZPOOL/data/projects/srndna-ultimatum/derivatives/fsl/sub-121/ts_task-ultimatum_net0005_nppi-dmn_run-01.txt	found	
sub-121	01	custom26	/data/projects/srndna-ultimatum/derivatives/fsl/sub-121/ts_task-ultimatum_net0006_nppi-dmn_run-01.txt	/ZPOOL/data/projects/srndna-ultimatum/derivatives/fsl/sub-121/ts_task-ultimatum_net0006_nppi-dmn_run-01.txt	found	
sub-121	01	custom27	/data/projects/srndna-ultimatum/derivatives/fsl/sub-121/ts_task-ultimatum_net0008_nppi-dmn_run-01.txt	/ZPOOL/data/projects/srndna-ultimatum/derivatives/fsl/sub-121/ts_task-ultimatum_net0008_nppi-dmn_run-01.txt	found	
sub-121	01	custom28	/data/projects/srndna-ultimatum/derivatives/fsl/sub-121/ts_task-ultimatum_net0009_nppi-dmn_run-01.txt	/ZPOOL/data/projects/srndna-ultimatum/derivatives/fsl/sub-121/ts_task-ultimatum_net0009_nppi-dmn_run-01.txt	found	
sub-121	02	source_fsf	/ZPOOL/data/projects/srndna-ultimatum/derivatives/fsl/sub-121/L1_task-ultimatum_model-02_type-nppi-dmn_run-02_sm-6.feat/design.fsf	/ZPOOL/data/projects/srndna-ultimatum/derivatives/fsl/sub-121/L1_task-ultimatum_model-02_type-nppi-dmn_run-02_sm-6.feat/design.fsf	found	
sub-121	02	events	/ZPOOL/data/projects/srndna-ultimatum/source_data/bids/sub-121/func/sub-121_task-ultimatum_run-02_events.tsv	/ZPOOL/data/projects/srndna-ultimatum/source_data/bids/sub-121/func/sub-121_task-ultimatum_run-02_events.tsv	found	
sub-121	02	feat_files(1)	/data/projects/srndna-data/derivatives/fmriprep/sub-121/func/sub-121_task-ultimatum_run-2_space-MNI152NLin2009cAsym_desc-preproc_bold.nii.gz	/ZPOOL/data/projects/srndna-ug/derivatives/fmriprep/sub-121/func/sub-121_task-ultimatum_run-2_space-MNI152NLin2009cAsym_desc-preproc_bold.nii.gz	found	
sub-121	02	confoundev_files(1)	/data/projects/srndna-data/derivatives/fsl/confounds/sub-121/sub-121_task-ultimatum_run-2_desc-fslConfounds.tsv		missing	explicitly mapped input missing: /data/projects/srndna-data/derivatives/fsl/confounds/sub-121/sub-121_task-ultimatum_run-2_desc-fslConfounds.tsv -> /ZPOOL/data/projects/srndna-ultimatum/derivatives/fsl/confounds/sub-121/sub-121_task-ultimatum_run-2_desc-fslConfounds.tsv
sub-121	02	regstandard	/usr/share/fsl/6.0.3/data/standard/MNI152_T1_2mm_brain	/usr/local/fsl/data/standard/MNI152_T1_2mm_brain.nii.gz	found	
sub-121	02	custom1	/data/projects/srndna-data/derivatives/fsl/EVfiles/sub-121/ultimatum-pmod/run-02_event_computer.txt		missing	explicitly mapped input missing: /data/projects/srndna-data/derivatives/fsl/EVfiles/sub-121/ultimatum-pmod/run-02_event_computer.txt -> /ZPOOL/data/projects/srndna-ultimatum/derivatives/fsl/EVfiles/sub-121/ultimatum-pmod/run-02_event_computer.txt
sub-121	02	custom2	/data/projects/srndna-data/derivatives/fsl/EVfiles/sub-121/ultimatum-pmod/run-02_event_computer_pmod.txt		missing	explicitly mapped input missing: /data/projects/srndna-data/derivatives/fsl/EVfiles/sub-121/ultimatum-pmod/run-02_event_computer_pmod.txt -> /ZPOOL/data/projects/srndna-ultimatum/derivatives/fsl/EVfiles/sub-121/ultimatum-pmod/run-02_event_computer_pmod.txt
sub-121	02	custom3	/data/projects/srndna-data/derivatives/fsl/EVfiles/sub-121/ultimatum-pmod/run-02_event_ingroup.txt		missing	explicitly mapped input missing: /data/projects/srndna-data/derivatives/fsl/EVfiles/sub-121/ultimatum-pmod/run-02_event_ingroup.txt -> /ZPOOL/data/projects/srndna-ultimatum/derivatives/fsl/EVfiles/sub-121/ultimatum-pmod/run-02_event_ingroup.txt
sub-121	02	custom4	/data/projects/srndna-data/derivatives/fsl/EVfiles/sub-121/ultimatum-pmod/run-02_event_ingroup_pmod.txt		missing	explicitly mapped input missing: /data/projects/srndna-data/derivatives/fsl/EVfiles/sub-121/ultimatum-pmod/run-02_event_ingroup_pmod.txt -> /ZPOOL/data/projects/srndna-ultimatum/derivatives/fsl/EVfiles/sub-121/ultimatum-pmod/run-02_event_ingroup_pmod.txt
sub-121	02	custom5	/data/projects/srndna-data/derivatives/fsl/EVfiles/sub-121/ultimatum-pmod/run-02_event_outgroup.txt		missing	explicitly mapped input missing: /data/projects/srndna-data/derivatives/fsl/EVfiles/sub-121/ultimatum-pmod/run-02_event_outgroup.txt -> /ZPOOL/data/projects/srndna-ultimatum/derivatives/fsl/EVfiles/sub-121/ultimatum-pmod/run-02_event_outgroup.txt
sub-121	02	custom6	/data/projects/srndna-data/derivatives/fsl/EVfiles/sub-121/ultimatum-pmod/run-02_event_outgroup_pmod.txt		missing	explicitly mapped input missing: /data/projects/srndna-data/derivatives/fsl/EVfiles/sub-121/ultimatum-pmod/run-02_event_outgroup_pmod.txt -> /ZPOOL/data/projects/srndna-ultimatum/derivatives/fsl/EVfiles/sub-121/ultimatum-pmod/run-02_event_outgroup_pmod.txt
sub-121	02	custom10	/data/projects/srndna-ultimatum/derivatives/fsl/sub-121/ts_task-ultimatum_net0003_nppi-dmn_run-02.txt	/ZPOOL/data/projects/srndna-ultimatum/derivatives/fsl/sub-121/ts_task-ultimatum_net0003_nppi-dmn_run-02.txt	found	
sub-121	02	custom20	/data/projects/srndna-ultimatum/derivatives/fsl/sub-121/ts_task-ultimatum_net0007_nppi-dmn_run-02.txt	/ZPOOL/data/projects/srndna-ultimatum/derivatives/fsl/sub-121/ts_task-ultimatum_net0007_nppi-dmn_run-02.txt	found	
sub-121	02	custom21	/data/projects/srndna-ultimatum/derivatives/fsl/sub-121/ts_task-ultimatum_net0000_nppi-dmn_run-02.txt	/ZPOOL/data/projects/srndna-ultimatum/derivatives/fsl/sub-121/ts_task-ultimatum_net0000_nppi-dmn_run-02.txt	found	
sub-121	02	custom22	/data/projects/srndna-ultimatum/derivatives/fsl/sub-121/ts_task-ultimatum_net0001_nppi-dmn_run-02.txt	/ZPOOL/data/projects/srndna-ultimatum/derivatives/fsl/sub-121/ts_task-ultimatum_net0001_nppi-dmn_run-02.txt	found	
sub-121	02	custom23	/data/projects/srndna-ultimatum/derivatives/fsl/sub-121/ts_task-ultimatum_net0002_nppi-dmn_run-02.txt	/ZPOOL/data/projects/srndna-ultimatum/derivatives/fsl/sub-121/ts_task-ultimatum_net0002_nppi-dmn_run-02.txt	found	
sub-121	02	custom24	/data/projects/srndna-ultimatum/derivatives/fsl/sub-121/ts_task-ultimatum_net0004_nppi-dmn_run-02.txt	/ZPOOL/data/projects/srndna-ultimatum/derivatives/fsl/sub-121/ts_task-ultimatum_net0004_nppi-dmn_run-02.txt	found	
sub-121	02	custom25	/data/projects/srndna-ultimatum/derivatives/fsl/sub-121/ts_task-ultimatum_net0005_nppi-dmn_run-02.txt	/ZPOOL/data/projects/srndna-ultimatum/derivatives/fsl/sub-121/ts_task-ultimatum_net0005_nppi-dmn_run-02.txt	found	
sub-121	02	custom26	/data/projects/srndna-ultimatum/derivatives/fsl/sub-121/ts_task-ultimatum_net0006_nppi-dmn_run-02.txt	/ZPOOL/data/projects/srndna-ultimatum/derivatives/fsl/sub-121/ts_task-ultimatum_net0006_nppi-dmn_run-02.txt	found	
sub-121	02	custom27	/data/projects/srndna-ultimatum/derivatives/fsl/sub-121/ts_task-ultimatum_net0008_nppi-dmn_run-02.txt	/ZPOOL/data/projects/srndna-ultimatum/derivatives/fsl/sub-121/ts_task-ultimatum_net0008_nppi-dmn_run-02.txt	found	
sub-121	02	custom28	/data/projects/srndna-ultimatum/derivatives/fsl/sub-121/ts_task-ultimatum_net0009_nppi-dmn_run-02.txt	/ZPOOL/data/projects/srndna-ultimatum/derivatives/fsl/sub-121/ts_task-ultimatum_net0009_nppi-dmn_run-02.txt	found	
sub-121	combined	source_l2_fsf	/ZPOOL/data/projects/srndna-ultimatum/derivatives/fsl/sub-121/L2_task-ultimatum_model-02_type-nppi-dmn_sm-6.gfeat/design.fsf	/ZPOOL/data/projects/srndna-ultimatum/derivatives/fsl/sub-121/L2_task-ultimatum_model-02_type-nppi-dmn_sm-6.gfeat/design.fsf	found	
sub-122	01	source_fsf	/ZPOOL/data/projects/srndna-ultimatum/derivatives/fsl/sub-122/L1_task-ultimatum_model-02_type-nppi-dmn_run-01_sm-6.feat/design.fsf	/ZPOOL/data/projects/srndna-ultimatum/derivatives/fsl/sub-122/L1_task-ultimatum_model-02_type-nppi-dmn_run-01_sm-6.feat/design.fsf	found	
sub-122	01	events	/ZPOOL/data/projects/srndna-ultimatum/source_data/bids/sub-122/func/sub-122_task-ultimatum_run-01_events.tsv	/ZPOOL/data/projects/srndna-ultimatum/source_data/bids/sub-122/func/sub-122_task-ultimatum_run-01_events.tsv	found	
sub-122	01	feat_files(1)	/data/projects/srndna-data/derivatives/fmriprep/sub-122/func/sub-122_task-ultimatum_run-1_space-MNI152NLin2009cAsym_desc-preproc_bold.nii.gz	/ZPOOL/data/projects/srndna-ug/derivatives/fmriprep/sub-122/func/sub-122_task-ultimatum_run-1_space-MNI152NLin2009cAsym_desc-preproc_bold.nii.gz	found	
sub-122	01	confoundev_files(1)	/data/projects/srndna-data/derivatives/fsl/confounds/sub-122/sub-122_task-ultimatum_run-1_desc-fslConfounds.tsv		missing	explicitly mapped input missing: /data/projects/srndna-data/derivatives/fsl/confounds/sub-122/sub-122_task-ultimatum_run-1_desc-fslConfounds.tsv -> /ZPOOL/data/projects/srndna-ultimatum/derivatives/fsl/confounds/sub-122/sub-122_task-ultimatum_run-1_desc-fslConfounds.tsv
sub-122	01	regstandard	/usr/share/fsl/6.0.3/data/standard/MNI152_T1_2mm_brain	/usr/local/fsl/data/standard/MNI152_T1_2mm_brain.nii.gz	found	
sub-122	01	custom1	/data/projects/srndna-data/derivatives/fsl/EVfiles/sub-122/ultimatum-pmod/run-01_event_computer.txt		missing	explicitly mapped input missing: /data/projects/srndna-data/derivatives/fsl/EVfiles/sub-122/ultimatum-pmod/run-01_event_computer.txt -> /ZPOOL/data/projects/srndna-ultimatum/derivatives/fsl/EVfiles/sub-122/ultimatum-pmod/run-01_event_computer.txt
sub-122	01	custom2	/data/projects/srndna-data/derivatives/fsl/EVfiles/sub-122/ultimatum-pmod/run-01_event_computer_pmod.txt		missing	explicitly mapped input missing: /data/projects/srndna-data/derivatives/fsl/EVfiles/sub-122/ultimatum-pmod/run-01_event_computer_pmod.txt -> /ZPOOL/data/projects/srndna-ultimatum/derivatives/fsl/EVfiles/sub-122/ultimatum-pmod/run-01_event_computer_pmod.txt
sub-122	01	custom3	/data/projects/srndna-data/derivatives/fsl/EVfiles/sub-122/ultimatum-pmod/run-01_event_ingroup.txt		missing	explicitly mapped input missing: /data/projects/srndna-data/derivatives/fsl/EVfiles/sub-122/ultimatum-pmod/run-01_event_ingroup.txt -> /ZPOOL/data/projects/srndna-ultimatum/derivatives/fsl/EVfiles/sub-122/ultimatum-pmod/run-01_event_ingroup.txt
sub-122	01	custom4	/data/projects/srndna-data/derivatives/fsl/EVfiles/sub-122/ultimatum-pmod/run-01_event_ingroup_pmod.txt		missing	explicitly mapped input missing: /data/projects/srndna-data/derivatives/fsl/EVfiles/sub-122/ultimatum-pmod/run-01_event_ingroup_pmod.txt -> /ZPOOL/data/projects/srndna-ultimatum/derivatives/fsl/EVfiles/sub-122/ultimatum-pmod/run-01_event_ingroup_pmod.txt
sub-122	01	custom5	/data/projects/srndna-data/derivatives/fsl/EVfiles/sub-122/ultimatum-pmod/run-01_event_outgroup.txt		missing	explicitly mapped input missing: /data/projects/srndna-data/derivatives/fsl/EVfiles/sub-122/ultimatum-pmod/run-01_event_outgroup.txt -> /ZPOOL/data/projects/srndna-ultimatum/derivatives/fsl/EVfiles/sub-122/ultimatum-pmod/run-01_event_outgroup.txt
sub-122	01	custom6	/data/projects/srndna-data/derivatives/fsl/EVfiles/sub-122/ultimatum-pmod/run-01_event_outgroup_pmod.txt		missing	explicitly mapped input missing: /data/projects/srndna-data/derivatives/fsl/EVfiles/sub-122/ultimatum-pmod/run-01_event_outgroup_pmod.txt -> /ZPOOL/data/projects/srndna-ultimatum/derivatives/fsl/EVfiles/sub-122/ultimatum-pmod/run-01_event_outgroup_pmod.txt
sub-122	01	custom7	/data/projects/srndna-data/derivatives/fsl/EVfiles/sub-122/ultimatum-pmod/run-01_missed_trial.txt		missing	explicitly mapped input missing: /data/projects/srndna-data/derivatives/fsl/EVfiles/sub-122/ultimatum-pmod/run-01_missed_trial.txt -> /ZPOOL/data/projects/srndna-ultimatum/derivatives/fsl/EVfiles/sub-122/ultimatum-pmod/run-01_missed_trial.txt
sub-122	01	custom10	/data/projects/srndna-ultimatum/derivatives/fsl/sub-122/ts_task-ultimatum_net0003_nppi-dmn_run-01.txt	/ZPOOL/data/projects/srndna-ultimatum/derivatives/fsl/sub-122/ts_task-ultimatum_net0003_nppi-dmn_run-01.txt	found	
sub-122	01	custom20	/data/projects/srndna-ultimatum/derivatives/fsl/sub-122/ts_task-ultimatum_net0007_nppi-dmn_run-01.txt	/ZPOOL/data/projects/srndna-ultimatum/derivatives/fsl/sub-122/ts_task-ultimatum_net0007_nppi-dmn_run-01.txt	found	
sub-122	01	custom21	/data/projects/srndna-ultimatum/derivatives/fsl/sub-122/ts_task-ultimatum_net0000_nppi-dmn_run-01.txt	/ZPOOL/data/projects/srndna-ultimatum/derivatives/fsl/sub-122/ts_task-ultimatum_net0000_nppi-dmn_run-01.txt	found	
sub-122	01	custom22	/data/projects/srndna-ultimatum/derivatives/fsl/sub-122/ts_task-ultimatum_net0001_nppi-dmn_run-01.txt	/ZPOOL/data/projects/srndna-ultimatum/derivatives/fsl/sub-122/ts_task-ultimatum_net0001_nppi-dmn_run-01.txt	found	
sub-122	01	custom23	/data/projects/srndna-ultimatum/derivatives/fsl/sub-122/ts_task-ultimatum_net0002_nppi-dmn_run-01.txt	/ZPOOL/data/projects/srndna-ultimatum/derivatives/fsl/sub-122/ts_task-ultimatum_net0002_nppi-dmn_run-01.txt	found	
sub-122	01	custom24	/data/projects/srndna-ultimatum/derivatives/fsl/sub-122/ts_task-ultimatum_net0004_nppi-dmn_run-01.txt	/ZPOOL/data/projects/srndna-ultimatum/derivatives/fsl/sub-122/ts_task-ultimatum_net0004_nppi-dmn_run-01.txt	found	
sub-122	01	custom25	/data/projects/srndna-ultimatum/derivatives/fsl/sub-122/ts_task-ultimatum_net0005_nppi-dmn_run-01.txt	/ZPOOL/data/projects/srndna-ultimatum/derivatives/fsl/sub-122/ts_task-ultimatum_net0005_nppi-dmn_run-01.txt	found	
sub-122	01	custom26	/data/projects/srndna-ultimatum/derivatives/fsl/sub-122/ts_task-ultimatum_net0006_nppi-dmn_run-01.txt	/ZPOOL/data/projects/srndna-ultimatum/derivatives/fsl/sub-122/ts_task-ultimatum_net0006_nppi-dmn_run-01.txt	found	
sub-122	01	custom27	/data/projects/srndna-ultimatum/derivatives/fsl/sub-122/ts_task-ultimatum_net0008_nppi-dmn_run-01.txt	/ZPOOL/data/projects/srndna-ultimatum/derivatives/fsl/sub-122/ts_task-ultimatum_net0008_nppi-dmn_run-01.txt	found	
sub-122	01	custom28	/data/projects/srndna-ultimatum/derivatives/fsl/sub-122/ts_task-ultimatum_net0009_nppi-dmn_run-01.txt	/ZPOOL/data/projects/srndna-ultimatum/derivatives/fsl/sub-122/ts_task-ultimatum_net0009_nppi-dmn_run-01.txt	found	
sub-122	02	source_fsf	/ZPOOL/data/projects/srndna-ultimatum/derivatives/fsl/sub-122/L1_task-ultimatum_model-02_type-nppi-dmn_run-02_sm-6.feat/design.fsf	/ZPOOL/data/projects/srndna-ultimatum/derivatives/fsl/sub-122/L1_task-ultimatum_model-02_type-nppi-dmn_run-02_sm-6.feat/design.fsf	found	
sub-122	02	events	/ZPOOL/data/projects/srndna-ultimatum/source_data/bids/sub-122/func/sub-122_task-ultimatum_run-02_events.tsv	/ZPOOL/data/projects/srndna-ultimatum/source_data/bids/sub-122/func/sub-122_task-ultimatum_run-02_events.tsv	found	
sub-122	02	feat_files(1)	/data/projects/srndna-data/derivatives/fmriprep/sub-122/func/sub-122_task-ultimatum_run-2_space-MNI152NLin2009cAsym_desc-preproc_bold.nii.gz	/ZPOOL/data/projects/srndna-ug/derivatives/fmriprep/sub-122/func/sub-122_task-ultimatum_run-2_space-MNI152NLin2009cAsym_desc-preproc_bold.nii.gz	found	
sub-122	02	confoundev_files(1)	/data/projects/srndna-data/derivatives/fsl/confounds/sub-122/sub-122_task-ultimatum_run-2_desc-fslConfounds.tsv		missing	explicitly mapped input missing: /data/projects/srndna-data/derivatives/fsl/confounds/sub-122/sub-122_task-ultimatum_run-2_desc-fslConfounds.tsv -> /ZPOOL/data/projects/srndna-ultimatum/derivatives/fsl/confounds/sub-122/sub-122_task-ultimatum_run-2_desc-fslConfounds.tsv
sub-122	02	regstandard	/usr/share/fsl/6.0.3/data/standard/MNI152_T1_2mm_brain	/usr/local/fsl/data/standard/MNI152_T1_2mm_brain.nii.gz	found	
sub-122	02	custom1	/data/projects/srndna-data/derivatives/fsl/EVfiles/sub-122/ultimatum-pmod/run-02_event_computer.txt		missing	explicitly mapped input missing: /data/projects/srndna-data/derivatives/fsl/EVfiles/sub-122/ultimatum-pmod/run-02_event_computer.txt -> /ZPOOL/data/projects/srndna-ultimatum/derivatives/fsl/EVfiles/sub-122/ultimatum-pmod/run-02_event_computer.txt
sub-122	02	custom2	/data/projects/srndna-data/derivatives/fsl/EVfiles/sub-122/ultimatum-pmod/run-02_event_computer_pmod.txt		missing	explicitly mapped input missing: /data/projects/srndna-data/derivatives/fsl/EVfiles/sub-122/ultimatum-pmod/run-02_event_computer_pmod.txt -> /ZPOOL/data/projects/srndna-ultimatum/derivatives/fsl/EVfiles/sub-122/ultimatum-pmod/run-02_event_computer_pmod.txt
sub-122	02	custom3	/data/projects/srndna-data/derivatives/fsl/EVfiles/sub-122/ultimatum-pmod/run-02_event_ingroup.txt		missing	explicitly mapped input missing: /data/projects/srndna-data/derivatives/fsl/EVfiles/sub-122/ultimatum-pmod/run-02_event_ingroup.txt -> /ZPOOL/data/projects/srndna-ultimatum/derivatives/fsl/EVfiles/sub-122/ultimatum-pmod/run-02_event_ingroup.txt
sub-122	02	custom4	/data/projects/srndna-data/derivatives/fsl/EVfiles/sub-122/ultimatum-pmod/run-02_event_ingroup_pmod.txt		missing	explicitly mapped input missing: /data/projects/srndna-data/derivatives/fsl/EVfiles/sub-122/ultimatum-pmod/run-02_event_ingroup_pmod.txt -> /ZPOOL/data/projects/srndna-ultimatum/derivatives/fsl/EVfiles/sub-122/ultimatum-pmod/run-02_event_ingroup_pmod.txt
sub-122	02	custom5	/data/projects/srndna-data/derivatives/fsl/EVfiles/sub-122/ultimatum-pmod/run-02_event_outgroup.txt		missing	explicitly mapped input missing: /data/projects/srndna-data/derivatives/fsl/EVfiles/sub-122/ultimatum-pmod/run-02_event_outgroup.txt -> /ZPOOL/data/projects/srndna-ultimatum/derivatives/fsl/EVfiles/sub-122/ultimatum-pmod/run-02_event_outgroup.txt
sub-122	02	custom6	/data/projects/srndna-data/derivatives/fsl/EVfiles/sub-122/ultimatum-pmod/run-02_event_outgroup_pmod.txt		missing	explicitly mapped input missing: /data/projects/srndna-data/derivatives/fsl/EVfiles/sub-122/ultimatum-pmod/run-02_event_outgroup_pmod.txt -> /ZPOOL/data/projects/srndna-ultimatum/derivatives/fsl/EVfiles/sub-122/ultimatum-pmod/run-02_event_outgroup_pmod.txt
sub-122	02	custom10	/data/projects/srndna-ultimatum/derivatives/fsl/sub-122/ts_task-ultimatum_net0003_nppi-dmn_run-02.txt	/ZPOOL/data/projects/srndna-ultimatum/derivatives/fsl/sub-122/ts_task-ultimatum_net0003_nppi-dmn_run-02.txt	found	
sub-122	02	custom20	/data/projects/srndna-ultimatum/derivatives/fsl/sub-122/ts_task-ultimatum_net0007_nppi-dmn_run-02.txt	/ZPOOL/data/projects/srndna-ultimatum/derivatives/fsl/sub-122/ts_task-ultimatum_net0007_nppi-dmn_run-02.txt	found	
sub-122	02	custom21	/data/projects/srndna-ultimatum/derivatives/fsl/sub-122/ts_task-ultimatum_net0000_nppi-dmn_run-02.txt	/ZPOOL/data/projects/srndna-ultimatum/derivatives/fsl/sub-122/ts_task-ultimatum_net0000_nppi-dmn_run-02.txt	found	
sub-122	02	custom22	/data/projects/srndna-ultimatum/derivatives/fsl/sub-122/ts_task-ultimatum_net0001_nppi-dmn_run-02.txt	/ZPOOL/data/projects/srndna-ultimatum/derivatives/fsl/sub-122/ts_task-ultimatum_net0001_nppi-dmn_run-02.txt	found	
sub-122	02	custom23	/data/projects/srndna-ultimatum/derivatives/fsl/sub-122/ts_task-ultimatum_net0002_nppi-dmn_run-02.txt	/ZPOOL/data/projects/srndna-ultimatum/derivatives/fsl/sub-122/ts_task-ultimatum_net0002_nppi-dmn_run-02.txt	found	
sub-122	02	custom24	/data/projects/srndna-ultimatum/derivatives/fsl/sub-122/ts_task-ultimatum_net0004_nppi-dmn_run-02.txt	/ZPOOL/data/projects/srndna-ultimatum/derivatives/fsl/sub-122/ts_task-ultimatum_net0004_nppi-dmn_run-02.txt	found	
sub-122	02	custom25	/data/projects/srndna-ultimatum/derivatives/fsl/sub-122/ts_task-ultimatum_net0005_nppi-dmn_run-02.txt	/ZPOOL/data/projects/srndna-ultimatum/derivatives/fsl/sub-122/ts_task-ultimatum_net0005_nppi-dmn_run-02.txt	found	
sub-122	02	custom26	/data/projects/srndna-ultimatum/derivatives/fsl/sub-122/ts_task-ultimatum_net0006_nppi-dmn_run-02.txt	/ZPOOL/data/projects/srndna-ultimatum/derivatives/fsl/sub-122/ts_task-ultimatum_net0006_nppi-dmn_run-02.txt	found	
sub-122	02	custom27	/data/projects/srndna-ultimatum/derivatives/fsl/sub-122/ts_task-ultimatum_net0008_nppi-dmn_run-02.txt	/ZPOOL/data/projects/srndna-ultimatum/derivatives/fsl/sub-122/ts_task-ultimatum_net0008_nppi-dmn_run-02.txt	found	
sub-122	02	custom28	/data/projects/srndna-ultimatum/derivatives/fsl/sub-122/ts_task-ultimatum_net0009_nppi-dmn_run-02.txt	/ZPOOL/data/projects/srndna-ultimatum/derivatives/fsl/sub-122/ts_task-ultimatum_net0009_nppi-dmn_run-02.txt	found	
sub-122	combined	source_l2_fsf	/ZPOOL/data/projects/srndna-ultimatum/derivatives/fsl/sub-122/L2_task-ultimatum_model-02_type-nppi-dmn_sm-6.gfeat/design.fsf	/ZPOOL/data/projects/srndna-ultimatum/derivatives/fsl/sub-122/L2_task-ultimatum_model-02_type-nppi-dmn_sm-6.gfeat/design.fsf	found	
sub-124	01	source_fsf	/ZPOOL/data/projects/srndna-ultimatum/derivatives/fsl/sub-124/L1_task-ultimatum_model-02_type-nppi-dmn_run-01_sm-6.feat/design.fsf	/ZPOOL/data/projects/srndna-ultimatum/derivatives/fsl/sub-124/L1_task-ultimatum_model-02_type-nppi-dmn_run-01_sm-6.feat/design.fsf	found	
sub-124	01	events	/ZPOOL/data/projects/srndna-ultimatum/source_data/bids/sub-124/func/sub-124_task-ultimatum_run-01_events.tsv	/ZPOOL/data/projects/srndna-ultimatum/source_data/bids/sub-124/func/sub-124_task-ultimatum_run-01_events.tsv	found	
sub-124	01	feat_files(1)	/data/projects/srndna-data/derivatives/fmriprep/sub-124/func/sub-124_task-ultimatum_run-1_space-MNI152NLin2009cAsym_desc-preproc_bold.nii.gz	/ZPOOL/data/projects/srndna-ug/derivatives/fmriprep/sub-124/func/sub-124_task-ultimatum_run-1_space-MNI152NLin2009cAsym_desc-preproc_bold.nii.gz	found	
sub-124	01	confoundev_files(1)	/data/projects/srndna-data/derivatives/fsl/confounds/sub-124/sub-124_task-ultimatum_run-1_desc-fslConfounds.tsv		missing	explicitly mapped input missing: /data/projects/srndna-data/derivatives/fsl/confounds/sub-124/sub-124_task-ultimatum_run-1_desc-fslConfounds.tsv -> /ZPOOL/data/projects/srndna-ultimatum/derivatives/fsl/confounds/sub-124/sub-124_task-ultimatum_run-1_desc-fslConfounds.tsv
sub-124	01	regstandard	/usr/share/fsl/6.0.3/data/standard/MNI152_T1_2mm_brain	/usr/local/fsl/data/standard/MNI152_T1_2mm_brain.nii.gz	found	
sub-124	01	custom1	/data/projects/srndna-data/derivatives/fsl/EVfiles/sub-124/ultimatum-pmod/run-01_event_computer.txt		missing	explicitly mapped input missing: /data/projects/srndna-data/derivatives/fsl/EVfiles/sub-124/ultimatum-pmod/run-01_event_computer.txt -> /ZPOOL/data/projects/srndna-ultimatum/derivatives/fsl/EVfiles/sub-124/ultimatum-pmod/run-01_event_computer.txt
sub-124	01	custom2	/data/projects/srndna-data/derivatives/fsl/EVfiles/sub-124/ultimatum-pmod/run-01_event_computer_pmod.txt		missing	explicitly mapped input missing: /data/projects/srndna-data/derivatives/fsl/EVfiles/sub-124/ultimatum-pmod/run-01_event_computer_pmod.txt -> /ZPOOL/data/projects/srndna-ultimatum/derivatives/fsl/EVfiles/sub-124/ultimatum-pmod/run-01_event_computer_pmod.txt
sub-124	01	custom3	/data/projects/srndna-data/derivatives/fsl/EVfiles/sub-124/ultimatum-pmod/run-01_event_ingroup.txt		missing	explicitly mapped input missing: /data/projects/srndna-data/derivatives/fsl/EVfiles/sub-124/ultimatum-pmod/run-01_event_ingroup.txt -> /ZPOOL/data/projects/srndna-ultimatum/derivatives/fsl/EVfiles/sub-124/ultimatum-pmod/run-01_event_ingroup.txt
sub-124	01	custom4	/data/projects/srndna-data/derivatives/fsl/EVfiles/sub-124/ultimatum-pmod/run-01_event_ingroup_pmod.txt		missing	explicitly mapped input missing: /data/projects/srndna-data/derivatives/fsl/EVfiles/sub-124/ultimatum-pmod/run-01_event_ingroup_pmod.txt -> /ZPOOL/data/projects/srndna-ultimatum/derivatives/fsl/EVfiles/sub-124/ultimatum-pmod/run-01_event_ingroup_pmod.txt
sub-124	01	custom5	/data/projects/srndna-data/derivatives/fsl/EVfiles/sub-124/ultimatum-pmod/run-01_event_outgroup.txt		missing	explicitly mapped input missing: /data/projects/srndna-data/derivatives/fsl/EVfiles/sub-124/ultimatum-pmod/run-01_event_outgroup.txt -> /ZPOOL/data/projects/srndna-ultimatum/derivatives/fsl/EVfiles/sub-124/ultimatum-pmod/run-01_event_outgroup.txt
sub-124	01	custom6	/data/projects/srndna-data/derivatives/fsl/EVfiles/sub-124/ultimatum-pmod/run-01_event_outgroup_pmod.txt		missing	explicitly mapped input missing: /data/projects/srndna-data/derivatives/fsl/EVfiles/sub-124/ultimatum-pmod/run-01_event_outgroup_pmod.txt -> /ZPOOL/data/projects/srndna-ultimatum/derivatives/fsl/EVfiles/sub-124/ultimatum-pmod/run-01_event_outgroup_pmod.txt
sub-124	01	custom7	/data/projects/srndna-data/derivatives/fsl/EVfiles/sub-124/ultimatum-pmod/run-01_missed_trial.txt		missing	explicitly mapped input missing: /data/projects/srndna-data/derivatives/fsl/EVfiles/sub-124/ultimatum-pmod/run-01_missed_trial.txt -> /ZPOOL/data/projects/srndna-ultimatum/derivatives/fsl/EVfiles/sub-124/ultimatum-pmod/run-01_missed_trial.txt
sub-124	01	custom10	/data/projects/srndna-ultimatum/derivatives/fsl/sub-124/ts_task-ultimatum_net0003_nppi-dmn_run-01.txt	/ZPOOL/data/projects/srndna-ultimatum/derivatives/fsl/sub-124/ts_task-ultimatum_net0003_nppi-dmn_run-01.txt	found	
sub-124	01	custom20	/data/projects/srndna-ultimatum/derivatives/fsl/sub-124/ts_task-ultimatum_net0007_nppi-dmn_run-01.txt	/ZPOOL/data/projects/srndna-ultimatum/derivatives/fsl/sub-124/ts_task-ultimatum_net0007_nppi-dmn_run-01.txt	found	
sub-124	01	custom21	/data/projects/srndna-ultimatum/derivatives/fsl/sub-124/ts_task-ultimatum_net0000_nppi-dmn_run-01.txt	/ZPOOL/data/projects/srndna-ultimatum/derivatives/fsl/sub-124/ts_task-ultimatum_net0000_nppi-dmn_run-01.txt	found	
sub-124	01	custom22	/data/projects/srndna-ultimatum/derivatives/fsl/sub-124/ts_task-ultimatum_net0001_nppi-dmn_run-01.txt	/ZPOOL/data/projects/srndna-ultimatum/derivatives/fsl/sub-124/ts_task-ultimatum_net0001_nppi-dmn_run-01.txt	found	
sub-124	01	custom23	/data/projects/srndna-ultimatum/derivatives/fsl/sub-124/ts_task-ultimatum_net0002_nppi-dmn_run-01.txt	/ZPOOL/data/projects/srndna-ultimatum/derivatives/fsl/sub-124/ts_task-ultimatum_net0002_nppi-dmn_run-01.txt	found	
sub-124	01	custom24	/data/projects/srndna-ultimatum/derivatives/fsl/sub-124/ts_task-ultimatum_net0004_nppi-dmn_run-01.txt	/ZPOOL/data/projects/srndna-ultimatum/derivatives/fsl/sub-124/ts_task-ultimatum_net0004_nppi-dmn_run-01.txt	found	
sub-124	01	custom25	/data/projects/srndna-ultimatum/derivatives/fsl/sub-124/ts_task-ultimatum_net0005_nppi-dmn_run-01.txt	/ZPOOL/data/projects/srndna-ultimatum/derivatives/fsl/sub-124/ts_task-ultimatum_net0005_nppi-dmn_run-01.txt	found	
sub-124	01	custom26	/data/projects/srndna-ultimatum/derivatives/fsl/sub-124/ts_task-ultimatum_net0006_nppi-dmn_run-01.txt	/ZPOOL/data/projects/srndna-ultimatum/derivatives/fsl/sub-124/ts_task-ultimatum_net0006_nppi-dmn_run-01.txt	found	
sub-124	01	custom27	/data/projects/srndna-ultimatum/derivatives/fsl/sub-124/ts_task-ultimatum_net0008_nppi-dmn_run-01.txt	/ZPOOL/data/projects/srndna-ultimatum/derivatives/fsl/sub-124/ts_task-ultimatum_net0008_nppi-dmn_run-01.txt	found	
sub-124	01	custom28	/data/projects/srndna-ultimatum/derivatives/fsl/sub-124/ts_task-ultimatum_net0009_nppi-dmn_run-01.txt	/ZPOOL/data/projects/srndna-ultimatum/derivatives/fsl/sub-124/ts_task-ultimatum_net0009_nppi-dmn_run-01.txt	found	
sub-124	02	source_fsf	/ZPOOL/data/projects/srndna-ultimatum/derivatives/fsl/sub-124/L1_task-ultimatum_model-02_type-nppi-dmn_run-02_sm-6.feat/design.fsf	/ZPOOL/data/projects/srndna-ultimatum/derivatives/fsl/sub-124/L1_task-ultimatum_model-02_type-nppi-dmn_run-02_sm-6.feat/design.fsf	found	
sub-124	02	events	/ZPOOL/data/projects/srndna-ultimatum/source_data/bids/sub-124/func/sub-124_task-ultimatum_run-02_events.tsv	/ZPOOL/data/projects/srndna-ultimatum/source_data/bids/sub-124/func/sub-124_task-ultimatum_run-02_events.tsv	found	
sub-124	02	feat_files(1)	/data/projects/srndna-data/derivatives/fmriprep/sub-124/func/sub-124_task-ultimatum_run-2_space-MNI152NLin2009cAsym_desc-preproc_bold.nii.gz	/ZPOOL/data/projects/srndna-ug/derivatives/fmriprep/sub-124/func/sub-124_task-ultimatum_run-2_space-MNI152NLin2009cAsym_desc-preproc_bold.nii.gz	found	
sub-124	02	confoundev_files(1)	/data/projects/srndna-data/derivatives/fsl/confounds/sub-124/sub-124_task-ultimatum_run-2_desc-fslConfounds.tsv		missing	explicitly mapped input missing: /data/projects/srndna-data/derivatives/fsl/confounds/sub-124/sub-124_task-ultimatum_run-2_desc-fslConfounds.tsv -> /ZPOOL/data/projects/srndna-ultimatum/derivatives/fsl/confounds/sub-124/sub-124_task-ultimatum_run-2_desc-fslConfounds.tsv
sub-124	02	regstandard	/usr/share/fsl/6.0.3/data/standard/MNI152_T1_2mm_brain	/usr/local/fsl/data/standard/MNI152_T1_2mm_brain.nii.gz	found	
sub-124	02	custom1	/data/projects/srndna-data/derivatives/fsl/EVfiles/sub-124/ultimatum-pmod/run-02_event_computer.txt		missing	explicitly mapped input missing: /data/projects/srndna-data/derivatives/fsl/EVfiles/sub-124/ultimatum-pmod/run-02_event_computer.txt -> /ZPOOL/data/projects/srndna-ultimatum/derivatives/fsl/EVfiles/sub-124/ultimatum-pmod/run-02_event_computer.txt
sub-124	02	custom2	/data/projects/srndna-data/derivatives/fsl/EVfiles/sub-124/ultimatum-pmod/run-02_event_computer_pmod.txt		missing	explicitly mapped input missing: /data/projects/srndna-data/derivatives/fsl/EVfiles/sub-124/ultimatum-pmod/run-02_event_computer_pmod.txt -> /ZPOOL/data/projects/srndna-ultimatum/derivatives/fsl/EVfiles/sub-124/ultimatum-pmod/run-02_event_computer_pmod.txt
sub-124	02	custom3	/data/projects/srndna-data/derivatives/fsl/EVfiles/sub-124/ultimatum-pmod/run-02_event_ingroup.txt		missing	explicitly mapped input missing: /data/projects/srndna-data/derivatives/fsl/EVfiles/sub-124/ultimatum-pmod/run-02_event_ingroup.txt -> /ZPOOL/data/projects/srndna-ultimatum/derivatives/fsl/EVfiles/sub-124/ultimatum-pmod/run-02_event_ingroup.txt
sub-124	02	custom4	/data/projects/srndna-data/derivatives/fsl/EVfiles/sub-124/ultimatum-pmod/run-02_event_ingroup_pmod.txt		missing	explicitly mapped input missing: /data/projects/srndna-data/derivatives/fsl/EVfiles/sub-124/ultimatum-pmod/run-02_event_ingroup_pmod.txt -> /ZPOOL/data/projects/srndna-ultimatum/derivatives/fsl/EVfiles/sub-124/ultimatum-pmod/run-02_event_ingroup_pmod.txt
sub-124	02	custom5	/data/projects/srndna-data/derivatives/fsl/EVfiles/sub-124/ultimatum-pmod/run-02_event_outgroup.txt		missing	explicitly mapped input missing: /data/projects/srndna-data/derivatives/fsl/EVfiles/sub-124/ultimatum-pmod/run-02_event_outgroup.txt -> /ZPOOL/data/projects/srndna-ultimatum/derivatives/fsl/EVfiles/sub-124/ultimatum-pmod/run-02_event_outgroup.txt
sub-124	02	custom6	/data/projects/srndna-data/derivatives/fsl/EVfiles/sub-124/ultimatum-pmod/run-02_event_outgroup_pmod.txt		missing	explicitly mapped input missing: /data/projects/srndna-data/derivatives/fsl/EVfiles/sub-124/ultimatum-pmod/run-02_event_outgroup_pmod.txt -> /ZPOOL/data/projects/srndna-ultimatum/derivatives/fsl/EVfiles/sub-124/ultimatum-pmod/run-02_event_outgroup_pmod.txt
sub-124	02	custom10	/data/projects/srndna-ultimatum/derivatives/fsl/sub-124/ts_task-ultimatum_net0003_nppi-dmn_run-02.txt	/ZPOOL/data/projects/srndna-ultimatum/derivatives/fsl/sub-124/ts_task-ultimatum_net0003_nppi-dmn_run-02.txt	found	
sub-124	02	custom20	/data/projects/srndna-ultimatum/derivatives/fsl/sub-124/ts_task-ultimatum_net0007_nppi-dmn_run-02.txt	/ZPOOL/data/projects/srndna-ultimatum/derivatives/fsl/sub-124/ts_task-ultimatum_net0007_nppi-dmn_run-02.txt	found	
sub-124	02	custom21	/data/projects/srndna-ultimatum/derivatives/fsl/sub-124/ts_task-ultimatum_net0000_nppi-dmn_run-02.txt	/ZPOOL/data/projects/srndna-ultimatum/derivatives/fsl/sub-124/ts_task-ultimatum_net0000_nppi-dmn_run-02.txt	found	
sub-124	02	custom22	/data/projects/srndna-ultimatum/derivatives/fsl/sub-124/ts_task-ultimatum_net0001_nppi-dmn_run-02.txt	/ZPOOL/data/projects/srndna-ultimatum/derivatives/fsl/sub-124/ts_task-ultimatum_net0001_nppi-dmn_run-02.txt	found	
sub-124	02	custom23	/data/projects/srndna-ultimatum/derivatives/fsl/sub-124/ts_task-ultimatum_net0002_nppi-dmn_run-02.txt	/ZPOOL/data/projects/srndna-ultimatum/derivatives/fsl/sub-124/ts_task-ultimatum_net0002_nppi-dmn_run-02.txt	found	
sub-124	02	custom24	/data/projects/srndna-ultimatum/derivatives/fsl/sub-124/ts_task-ultimatum_net0004_nppi-dmn_run-02.txt	/ZPOOL/data/projects/srndna-ultimatum/derivatives/fsl/sub-124/ts_task-ultimatum_net0004_nppi-dmn_run-02.txt	found	
sub-124	02	custom25	/data/projects/srndna-ultimatum/derivatives/fsl/sub-124/ts_task-ultimatum_net0005_nppi-dmn_run-02.txt	/ZPOOL/data/projects/srndna-ultimatum/derivatives/fsl/sub-124/ts_task-ultimatum_net0005_nppi-dmn_run-02.txt	found	
sub-124	02	custom26	/data/projects/srndna-ultimatum/derivatives/fsl/sub-124/ts_task-ultimatum_net0006_nppi-dmn_run-02.txt	/ZPOOL/data/projects/srndna-ultimatum/derivatives/fsl/sub-124/ts_task-ultimatum_net0006_nppi-dmn_run-02.txt	found	
sub-124	02	custom27	/data/projects/srndna-ultimatum/derivatives/fsl/sub-124/ts_task-ultimatum_net0008_nppi-dmn_run-02.txt	/ZPOOL/data/projects/srndna-ultimatum/derivatives/fsl/sub-124/ts_task-ultimatum_net0008_nppi-dmn_run-02.txt	found	
sub-124	02	custom28	/data/projects/srndna-ultimatum/derivatives/fsl/sub-124/ts_task-ultimatum_net0009_nppi-dmn_run-02.txt	/ZPOOL/data/projects/srndna-ultimatum/derivatives/fsl/sub-124/ts_task-ultimatum_net0009_nppi-dmn_run-02.txt	found	
sub-124	combined	source_l2_fsf	/ZPOOL/data/projects/srndna-ultimatum/derivatives/fsl/sub-124/L2_task-ultimatum_model-02_type-nppi-dmn_sm-6.gfeat/design.fsf	/ZPOOL/data/projects/srndna-ultimatum/derivatives/fsl/sub-124/L2_task-ultimatum_model-02_type-nppi-dmn_sm-6.gfeat/design.fsf	found	
sub-125	01	source_fsf	/ZPOOL/data/projects/srndna-ultimatum/derivatives/fsl/sub-125/L1_task-ultimatum_model-02_type-nppi-dmn_run-01_sm-6.feat/design.fsf	/ZPOOL/data/projects/srndna-ultimatum/derivatives/fsl/sub-125/L1_task-ultimatum_model-02_type-nppi-dmn_run-01_sm-6.feat/design.fsf	found	
sub-125	01	events	/ZPOOL/data/projects/srndna-ultimatum/source_data/bids/sub-125/func/sub-125_task-ultimatum_run-01_events.tsv	/ZPOOL/data/projects/srndna-ultimatum/source_data/bids/sub-125/func/sub-125_task-ultimatum_run-01_events.tsv	found	
sub-125	01	feat_files(1)	/data/projects/srndna-data/derivatives/fmriprep/sub-125/func/sub-125_task-ultimatum_run-1_space-MNI152NLin2009cAsym_desc-preproc_bold.nii.gz	/ZPOOL/data/projects/srndna-ug/derivatives/fmriprep/sub-125/func/sub-125_task-ultimatum_run-1_space-MNI152NLin2009cAsym_desc-preproc_bold.nii.gz	found	
sub-125	01	confoundev_files(1)	/data/projects/srndna-data/derivatives/fsl/confounds/sub-125/sub-125_task-ultimatum_run-1_desc-fslConfounds.tsv		missing	explicitly mapped input missing: /data/projects/srndna-data/derivatives/fsl/confounds/sub-125/sub-125_task-ultimatum_run-1_desc-fslConfounds.tsv -> /ZPOOL/data/projects/srndna-ultimatum/derivatives/fsl/confounds/sub-125/sub-125_task-ultimatum_run-1_desc-fslConfounds.tsv
sub-125	01	regstandard	/usr/share/fsl/6.0.3/data/standard/MNI152_T1_2mm_brain	/usr/local/fsl/data/standard/MNI152_T1_2mm_brain.nii.gz	found	
sub-125	01	custom1	/data/projects/srndna-data/derivatives/fsl/EVfiles/sub-125/ultimatum-pmod/run-01_event_computer.txt		missing	explicitly mapped input missing: /data/projects/srndna-data/derivatives/fsl/EVfiles/sub-125/ultimatum-pmod/run-01_event_computer.txt -> /ZPOOL/data/projects/srndna-ultimatum/derivatives/fsl/EVfiles/sub-125/ultimatum-pmod/run-01_event_computer.txt
sub-125	01	custom2	/data/projects/srndna-data/derivatives/fsl/EVfiles/sub-125/ultimatum-pmod/run-01_event_computer_pmod.txt		missing	explicitly mapped input missing: /data/projects/srndna-data/derivatives/fsl/EVfiles/sub-125/ultimatum-pmod/run-01_event_computer_pmod.txt -> /ZPOOL/data/projects/srndna-ultimatum/derivatives/fsl/EVfiles/sub-125/ultimatum-pmod/run-01_event_computer_pmod.txt
sub-125	01	custom3	/data/projects/srndna-data/derivatives/fsl/EVfiles/sub-125/ultimatum-pmod/run-01_event_ingroup.txt		missing	explicitly mapped input missing: /data/projects/srndna-data/derivatives/fsl/EVfiles/sub-125/ultimatum-pmod/run-01_event_ingroup.txt -> /ZPOOL/data/projects/srndna-ultimatum/derivatives/fsl/EVfiles/sub-125/ultimatum-pmod/run-01_event_ingroup.txt
sub-125	01	custom4	/data/projects/srndna-data/derivatives/fsl/EVfiles/sub-125/ultimatum-pmod/run-01_event_ingroup_pmod.txt		missing	explicitly mapped input missing: /data/projects/srndna-data/derivatives/fsl/EVfiles/sub-125/ultimatum-pmod/run-01_event_ingroup_pmod.txt -> /ZPOOL/data/projects/srndna-ultimatum/derivatives/fsl/EVfiles/sub-125/ultimatum-pmod/run-01_event_ingroup_pmod.txt
sub-125	01	custom5	/data/projects/srndna-data/derivatives/fsl/EVfiles/sub-125/ultimatum-pmod/run-01_event_outgroup.txt		missing	explicitly mapped input missing: /data/projects/srndna-data/derivatives/fsl/EVfiles/sub-125/ultimatum-pmod/run-01_event_outgroup.txt -> /ZPOOL/data/projects/srndna-ultimatum/derivatives/fsl/EVfiles/sub-125/ultimatum-pmod/run-01_event_outgroup.txt
sub-125	01	custom6	/data/projects/srndna-data/derivatives/fsl/EVfiles/sub-125/ultimatum-pmod/run-01_event_outgroup_pmod.txt		missing	explicitly mapped input missing: /data/projects/srndna-data/derivatives/fsl/EVfiles/sub-125/ultimatum-pmod/run-01_event_outgroup_pmod.txt -> /ZPOOL/data/projects/srndna-ultimatum/derivatives/fsl/EVfiles/sub-125/ultimatum-pmod/run-01_event_outgroup_pmod.txt
sub-125	01	custom7	/data/projects/srndna-data/derivatives/fsl/EVfiles/sub-125/ultimatum-pmod/run-01_missed_trial.txt		missing	explicitly mapped input missing: /data/projects/srndna-data/derivatives/fsl/EVfiles/sub-125/ultimatum-pmod/run-01_missed_trial.txt -> /ZPOOL/data/projects/srndna-ultimatum/derivatives/fsl/EVfiles/sub-125/ultimatum-pmod/run-01_missed_trial.txt
sub-125	01	custom10	/data/projects/srndna-ultimatum/derivatives/fsl/sub-125/ts_task-ultimatum_net0003_nppi-dmn_run-01.txt	/ZPOOL/data/projects/srndna-ultimatum/derivatives/fsl/sub-125/ts_task-ultimatum_net0003_nppi-dmn_run-01.txt	found	
sub-125	01	custom20	/data/projects/srndna-ultimatum/derivatives/fsl/sub-125/ts_task-ultimatum_net0007_nppi-dmn_run-01.txt	/ZPOOL/data/projects/srndna-ultimatum/derivatives/fsl/sub-125/ts_task-ultimatum_net0007_nppi-dmn_run-01.txt	found	
sub-125	01	custom21	/data/projects/srndna-ultimatum/derivatives/fsl/sub-125/ts_task-ultimatum_net0000_nppi-dmn_run-01.txt	/ZPOOL/data/projects/srndna-ultimatum/derivatives/fsl/sub-125/ts_task-ultimatum_net0000_nppi-dmn_run-01.txt	found	
sub-125	01	custom22	/data/projects/srndna-ultimatum/derivatives/fsl/sub-125/ts_task-ultimatum_net0001_nppi-dmn_run-01.txt	/ZPOOL/data/projects/srndna-ultimatum/derivatives/fsl/sub-125/ts_task-ultimatum_net0001_nppi-dmn_run-01.txt	found	
sub-125	01	custom23	/data/projects/srndna-ultimatum/derivatives/fsl/sub-125/ts_task-ultimatum_net0002_nppi-dmn_run-01.txt	/ZPOOL/data/projects/srndna-ultimatum/derivatives/fsl/sub-125/ts_task-ultimatum_net0002_nppi-dmn_run-01.txt	found	
sub-125	01	custom24	/data/projects/srndna-ultimatum/derivatives/fsl/sub-125/ts_task-ultimatum_net0004_nppi-dmn_run-01.txt	/ZPOOL/data/projects/srndna-ultimatum/derivatives/fsl/sub-125/ts_task-ultimatum_net0004_nppi-dmn_run-01.txt	found	
sub-125	01	custom25	/data/projects/srndna-ultimatum/derivatives/fsl/sub-125/ts_task-ultimatum_net0005_nppi-dmn_run-01.txt	/ZPOOL/data/projects/srndna-ultimatum/derivatives/fsl/sub-125/ts_task-ultimatum_net0005_nppi-dmn_run-01.txt	found	
sub-125	01	custom26	/data/projects/srndna-ultimatum/derivatives/fsl/sub-125/ts_task-ultimatum_net0006_nppi-dmn_run-01.txt	/ZPOOL/data/projects/srndna-ultimatum/derivatives/fsl/sub-125/ts_task-ultimatum_net0006_nppi-dmn_run-01.txt	found	
sub-125	01	custom27	/data/projects/srndna-ultimatum/derivatives/fsl/sub-125/ts_task-ultimatum_net0008_nppi-dmn_run-01.txt	/ZPOOL/data/projects/srndna-ultimatum/derivatives/fsl/sub-125/ts_task-ultimatum_net0008_nppi-dmn_run-01.txt	found	
sub-125	01	custom28	/data/projects/srndna-ultimatum/derivatives/fsl/sub-125/ts_task-ultimatum_net0009_nppi-dmn_run-01.txt	/ZPOOL/data/projects/srndna-ultimatum/derivatives/fsl/sub-125/ts_task-ultimatum_net0009_nppi-dmn_run-01.txt	found	
sub-125	02	source_fsf	/ZPOOL/data/projects/srndna-ultimatum/derivatives/fsl/sub-125/L1_task-ultimatum_model-02_type-nppi-dmn_run-02_sm-6.feat/design.fsf	/ZPOOL/data/projects/srndna-ultimatum/derivatives/fsl/sub-125/L1_task-ultimatum_model-02_type-nppi-dmn_run-02_sm-6.feat/design.fsf	found	
sub-125	02	events	/ZPOOL/data/projects/srndna-ultimatum/source_data/bids/sub-125/func/sub-125_task-ultimatum_run-02_events.tsv	/ZPOOL/data/projects/srndna-ultimatum/source_data/bids/sub-125/func/sub-125_task-ultimatum_run-02_events.tsv	found	
sub-125	02	feat_files(1)	/data/projects/srndna-data/derivatives/fmriprep/sub-125/func/sub-125_task-ultimatum_run-2_space-MNI152NLin2009cAsym_desc-preproc_bold.nii.gz	/ZPOOL/data/projects/srndna-ug/derivatives/fmriprep/sub-125/func/sub-125_task-ultimatum_run-2_space-MNI152NLin2009cAsym_desc-preproc_bold.nii.gz	found	
sub-125	02	confoundev_files(1)	/data/projects/srndna-data/derivatives/fsl/confounds/sub-125/sub-125_task-ultimatum_run-2_desc-fslConfounds.tsv		missing	explicitly mapped input missing: /data/projects/srndna-data/derivatives/fsl/confounds/sub-125/sub-125_task-ultimatum_run-2_desc-fslConfounds.tsv -> /ZPOOL/data/projects/srndna-ultimatum/derivatives/fsl/confounds/sub-125/sub-125_task-ultimatum_run-2_desc-fslConfounds.tsv
sub-125	02	regstandard	/usr/share/fsl/6.0.3/data/standard/MNI152_T1_2mm_brain	/usr/local/fsl/data/standard/MNI152_T1_2mm_brain.nii.gz	found	
sub-125	02	custom1	/data/projects/srndna-data/derivatives/fsl/EVfiles/sub-125/ultimatum-pmod/run-02_event_computer.txt		missing	explicitly mapped input missing: /data/projects/srndna-data/derivatives/fsl/EVfiles/sub-125/ultimatum-pmod/run-02_event_computer.txt -> /ZPOOL/data/projects/srndna-ultimatum/derivatives/fsl/EVfiles/sub-125/ultimatum-pmod/run-02_event_computer.txt
sub-125	02	custom2	/data/projects/srndna-data/derivatives/fsl/EVfiles/sub-125/ultimatum-pmod/run-02_event_computer_pmod.txt		missing	explicitly mapped input missing: /data/projects/srndna-data/derivatives/fsl/EVfiles/sub-125/ultimatum-pmod/run-02_event_computer_pmod.txt -> /ZPOOL/data/projects/srndna-ultimatum/derivatives/fsl/EVfiles/sub-125/ultimatum-pmod/run-02_event_computer_pmod.txt
sub-125	02	custom3	/data/projects/srndna-data/derivatives/fsl/EVfiles/sub-125/ultimatum-pmod/run-02_event_ingroup.txt		missing	explicitly mapped input missing: /data/projects/srndna-data/derivatives/fsl/EVfiles/sub-125/ultimatum-pmod/run-02_event_ingroup.txt -> /ZPOOL/data/projects/srndna-ultimatum/derivatives/fsl/EVfiles/sub-125/ultimatum-pmod/run-02_event_ingroup.txt
sub-125	02	custom4	/data/projects/srndna-data/derivatives/fsl/EVfiles/sub-125/ultimatum-pmod/run-02_event_ingroup_pmod.txt		missing	explicitly mapped input missing: /data/projects/srndna-data/derivatives/fsl/EVfiles/sub-125/ultimatum-pmod/run-02_event_ingroup_pmod.txt -> /ZPOOL/data/projects/srndna-ultimatum/derivatives/fsl/EVfiles/sub-125/ultimatum-pmod/run-02_event_ingroup_pmod.txt
sub-125	02	custom5	/data/projects/srndna-data/derivatives/fsl/EVfiles/sub-125/ultimatum-pmod/run-02_event_outgroup.txt		missing	explicitly mapped input missing: /data/projects/srndna-data/derivatives/fsl/EVfiles/sub-125/ultimatum-pmod/run-02_event_outgroup.txt -> /ZPOOL/data/projects/srndna-ultimatum/derivatives/fsl/EVfiles/sub-125/ultimatum-pmod/run-02_event_outgroup.txt
sub-125	02	custom6	/data/projects/srndna-data/derivatives/fsl/EVfiles/sub-125/ultimatum-pmod/run-02_event_outgroup_pmod.txt		missing	explicitly mapped input missing: /data/projects/srndna-data/derivatives/fsl/EVfiles/sub-125/ultimatum-pmod/run-02_event_outgroup_pmod.txt -> /ZPOOL/data/projects/srndna-ultimatum/derivatives/fsl/EVfiles/sub-125/ultimatum-pmod/run-02_event_outgroup_pmod.txt
sub-125	02	custom10	/data/projects/srndna-ultimatum/derivatives/fsl/sub-125/ts_task-ultimatum_net0003_nppi-dmn_run-02.txt	/ZPOOL/data/projects/srndna-ultimatum/derivatives/fsl/sub-125/ts_task-ultimatum_net0003_nppi-dmn_run-02.txt	found	
sub-125	02	custom20	/data/projects/srndna-ultimatum/derivatives/fsl/sub-125/ts_task-ultimatum_net0007_nppi-dmn_run-02.txt	/ZPOOL/data/projects/srndna-ultimatum/derivatives/fsl/sub-125/ts_task-ultimatum_net0007_nppi-dmn_run-02.txt	found	
sub-125	02	custom21	/data/projects/srndna-ultimatum/derivatives/fsl/sub-125/ts_task-ultimatum_net0000_nppi-dmn_run-02.txt	/ZPOOL/data/projects/srndna-ultimatum/derivatives/fsl/sub-125/ts_task-ultimatum_net0000_nppi-dmn_run-02.txt	found	
sub-125	02	custom22	/data/projects/srndna-ultimatum/derivatives/fsl/sub-125/ts_task-ultimatum_net0001_nppi-dmn_run-02.txt	/ZPOOL/data/projects/srndna-ultimatum/derivatives/fsl/sub-125/ts_task-ultimatum_net0001_nppi-dmn_run-02.txt	found	
sub-125	02	custom23	/data/projects/srndna-ultimatum/derivatives/fsl/sub-125/ts_task-ultimatum_net0002_nppi-dmn_run-02.txt	/ZPOOL/data/projects/srndna-ultimatum/derivatives/fsl/sub-125/ts_task-ultimatum_net0002_nppi-dmn_run-02.txt	found	
sub-125	02	custom24	/data/projects/srndna-ultimatum/derivatives/fsl/sub-125/ts_task-ultimatum_net0004_nppi-dmn_run-02.txt	/ZPOOL/data/projects/srndna-ultimatum/derivatives/fsl/sub-125/ts_task-ultimatum_net0004_nppi-dmn_run-02.txt	found	
sub-125	02	custom25	/data/projects/srndna-ultimatum/derivatives/fsl/sub-125/ts_task-ultimatum_net0005_nppi-dmn_run-02.txt	/ZPOOL/data/projects/srndna-ultimatum/derivatives/fsl/sub-125/ts_task-ultimatum_net0005_nppi-dmn_run-02.txt	found	
sub-125	02	custom26	/data/projects/srndna-ultimatum/derivatives/fsl/sub-125/ts_task-ultimatum_net0006_nppi-dmn_run-02.txt	/ZPOOL/data/projects/srndna-ultimatum/derivatives/fsl/sub-125/ts_task-ultimatum_net0006_nppi-dmn_run-02.txt	found	
sub-125	02	custom27	/data/projects/srndna-ultimatum/derivatives/fsl/sub-125/ts_task-ultimatum_net0008_nppi-dmn_run-02.txt	/ZPOOL/data/projects/srndna-ultimatum/derivatives/fsl/sub-125/ts_task-ultimatum_net0008_nppi-dmn_run-02.txt	found	
sub-125	02	custom28	/data/projects/srndna-ultimatum/derivatives/fsl/sub-125/ts_task-ultimatum_net0009_nppi-dmn_run-02.txt	/ZPOOL/data/projects/srndna-ultimatum/derivatives/fsl/sub-125/ts_task-ultimatum_net0009_nppi-dmn_run-02.txt	found	
sub-125	combined	source_l2_fsf	/ZPOOL/data/projects/srndna-ultimatum/derivatives/fsl/sub-125/L2_task-ultimatum_model-02_type-nppi-dmn_sm-6.gfeat/design.fsf	/ZPOOL/data/projects/srndna-ultimatum/derivatives/fsl/sub-125/L2_task-ultimatum_model-02_type-nppi-dmn_sm-6.gfeat/design.fsf	found	
sub-126	01	source_fsf	/ZPOOL/data/projects/srndna-ultimatum/derivatives/fsl/sub-126/L1_task-ultimatum_model-02_type-nppi-dmn_run-01_sm-6.feat/design.fsf	/ZPOOL/data/projects/srndna-ultimatum/derivatives/fsl/sub-126/L1_task-ultimatum_model-02_type-nppi-dmn_run-01_sm-6.feat/design.fsf	found	
sub-126	01	events	/ZPOOL/data/projects/srndna-ultimatum/source_data/bids/sub-126/func/sub-126_task-ultimatum_run-01_events.tsv	/ZPOOL/data/projects/srndna-ultimatum/source_data/bids/sub-126/func/sub-126_task-ultimatum_run-01_events.tsv	found	
sub-126	01	feat_files(1)	/data/projects/srndna-data/derivatives/fmriprep/sub-126/func/sub-126_task-ultimatum_run-1_space-MNI152NLin2009cAsym_desc-preproc_bold.nii.gz	/ZPOOL/data/projects/srndna-ug/derivatives/fmriprep/sub-126/func/sub-126_task-ultimatum_run-1_space-MNI152NLin2009cAsym_desc-preproc_bold.nii.gz	found	
sub-126	01	confoundev_files(1)	/data/projects/srndna-data/derivatives/fsl/confounds/sub-126/sub-126_task-ultimatum_run-1_desc-fslConfounds.tsv		missing	explicitly mapped input missing: /data/projects/srndna-data/derivatives/fsl/confounds/sub-126/sub-126_task-ultimatum_run-1_desc-fslConfounds.tsv -> /ZPOOL/data/projects/srndna-ultimatum/derivatives/fsl/confounds/sub-126/sub-126_task-ultimatum_run-1_desc-fslConfounds.tsv
sub-126	01	regstandard	/usr/share/fsl/6.0.3/data/standard/MNI152_T1_2mm_brain	/usr/local/fsl/data/standard/MNI152_T1_2mm_brain.nii.gz	found	
sub-126	01	custom1	/data/projects/srndna-data/derivatives/fsl/EVfiles/sub-126/ultimatum-pmod/run-01_event_computer.txt		missing	explicitly mapped input missing: /data/projects/srndna-data/derivatives/fsl/EVfiles/sub-126/ultimatum-pmod/run-01_event_computer.txt -> /ZPOOL/data/projects/srndna-ultimatum/derivatives/fsl/EVfiles/sub-126/ultimatum-pmod/run-01_event_computer.txt
sub-126	01	custom2	/data/projects/srndna-data/derivatives/fsl/EVfiles/sub-126/ultimatum-pmod/run-01_event_computer_pmod.txt		missing	explicitly mapped input missing: /data/projects/srndna-data/derivatives/fsl/EVfiles/sub-126/ultimatum-pmod/run-01_event_computer_pmod.txt -> /ZPOOL/data/projects/srndna-ultimatum/derivatives/fsl/EVfiles/sub-126/ultimatum-pmod/run-01_event_computer_pmod.txt
sub-126	01	custom3	/data/projects/srndna-data/derivatives/fsl/EVfiles/sub-126/ultimatum-pmod/run-01_event_ingroup.txt		missing	explicitly mapped input missing: /data/projects/srndna-data/derivatives/fsl/EVfiles/sub-126/ultimatum-pmod/run-01_event_ingroup.txt -> /ZPOOL/data/projects/srndna-ultimatum/derivatives/fsl/EVfiles/sub-126/ultimatum-pmod/run-01_event_ingroup.txt
sub-126	01	custom4	/data/projects/srndna-data/derivatives/fsl/EVfiles/sub-126/ultimatum-pmod/run-01_event_ingroup_pmod.txt		missing	explicitly mapped input missing: /data/projects/srndna-data/derivatives/fsl/EVfiles/sub-126/ultimatum-pmod/run-01_event_ingroup_pmod.txt -> /ZPOOL/data/projects/srndna-ultimatum/derivatives/fsl/EVfiles/sub-126/ultimatum-pmod/run-01_event_ingroup_pmod.txt
sub-126	01	custom5	/data/projects/srndna-data/derivatives/fsl/EVfiles/sub-126/ultimatum-pmod/run-01_event_outgroup.txt		missing	explicitly mapped input missing: /data/projects/srndna-data/derivatives/fsl/EVfiles/sub-126/ultimatum-pmod/run-01_event_outgroup.txt -> /ZPOOL/data/projects/srndna-ultimatum/derivatives/fsl/EVfiles/sub-126/ultimatum-pmod/run-01_event_outgroup.txt
sub-126	01	custom6	/data/projects/srndna-data/derivatives/fsl/EVfiles/sub-126/ultimatum-pmod/run-01_event_outgroup_pmod.txt		missing	explicitly mapped input missing: /data/projects/srndna-data/derivatives/fsl/EVfiles/sub-126/ultimatum-pmod/run-01_event_outgroup_pmod.txt -> /ZPOOL/data/projects/srndna-ultimatum/derivatives/fsl/EVfiles/sub-126/ultimatum-pmod/run-01_event_outgroup_pmod.txt
sub-126	01	custom7	/data/projects/srndna-data/derivatives/fsl/EVfiles/sub-126/ultimatum-pmod/run-01_missed_trial.txt		missing	explicitly mapped input missing: /data/projects/srndna-data/derivatives/fsl/EVfiles/sub-126/ultimatum-pmod/run-01_missed_trial.txt -> /ZPOOL/data/projects/srndna-ultimatum/derivatives/fsl/EVfiles/sub-126/ultimatum-pmod/run-01_missed_trial.txt
sub-126	01	custom10	/data/projects/srndna-ultimatum/derivatives/fsl/sub-126/ts_task-ultimatum_net0003_nppi-dmn_run-01.txt	/ZPOOL/data/projects/srndna-ultimatum/derivatives/fsl/sub-126/ts_task-ultimatum_net0003_nppi-dmn_run-01.txt	found	
sub-126	01	custom20	/data/projects/srndna-ultimatum/derivatives/fsl/sub-126/ts_task-ultimatum_net0007_nppi-dmn_run-01.txt	/ZPOOL/data/projects/srndna-ultimatum/derivatives/fsl/sub-126/ts_task-ultimatum_net0007_nppi-dmn_run-01.txt	found	
sub-126	01	custom21	/data/projects/srndna-ultimatum/derivatives/fsl/sub-126/ts_task-ultimatum_net0000_nppi-dmn_run-01.txt	/ZPOOL/data/projects/srndna-ultimatum/derivatives/fsl/sub-126/ts_task-ultimatum_net0000_nppi-dmn_run-01.txt	found	
sub-126	01	custom22	/data/projects/srndna-ultimatum/derivatives/fsl/sub-126/ts_task-ultimatum_net0001_nppi-dmn_run-01.txt	/ZPOOL/data/projects/srndna-ultimatum/derivatives/fsl/sub-126/ts_task-ultimatum_net0001_nppi-dmn_run-01.txt	found	
sub-126	01	custom23	/data/projects/srndna-ultimatum/derivatives/fsl/sub-126/ts_task-ultimatum_net0002_nppi-dmn_run-01.txt	/ZPOOL/data/projects/srndna-ultimatum/derivatives/fsl/sub-126/ts_task-ultimatum_net0002_nppi-dmn_run-01.txt	found	
sub-126	01	custom24	/data/projects/srndna-ultimatum/derivatives/fsl/sub-126/ts_task-ultimatum_net0004_nppi-dmn_run-01.txt	/ZPOOL/data/projects/srndna-ultimatum/derivatives/fsl/sub-126/ts_task-ultimatum_net0004_nppi-dmn_run-01.txt	found	
sub-126	01	custom25	/data/projects/srndna-ultimatum/derivatives/fsl/sub-126/ts_task-ultimatum_net0005_nppi-dmn_run-01.txt	/ZPOOL/data/projects/srndna-ultimatum/derivatives/fsl/sub-126/ts_task-ultimatum_net0005_nppi-dmn_run-01.txt	found	
sub-126	01	custom26	/data/projects/srndna-ultimatum/derivatives/fsl/sub-126/ts_task-ultimatum_net0006_nppi-dmn_run-01.txt	/ZPOOL/data/projects/srndna-ultimatum/derivatives/fsl/sub-126/ts_task-ultimatum_net0006_nppi-dmn_run-01.txt	found	
sub-126	01	custom27	/data/projects/srndna-ultimatum/derivatives/fsl/sub-126/ts_task-ultimatum_net0008_nppi-dmn_run-01.txt	/ZPOOL/data/projects/srndna-ultimatum/derivatives/fsl/sub-126/ts_task-ultimatum_net0008_nppi-dmn_run-01.txt	found	
sub-126	01	custom28	/data/projects/srndna-ultimatum/derivatives/fsl/sub-126/ts_task-ultimatum_net0009_nppi-dmn_run-01.txt	/ZPOOL/data/projects/srndna-ultimatum/derivatives/fsl/sub-126/ts_task-ultimatum_net0009_nppi-dmn_run-01.txt	found	
sub-126	02	source_fsf	/ZPOOL/data/projects/srndna-ultimatum/derivatives/fsl/sub-126/L1_task-ultimatum_model-02_type-nppi-dmn_run-02_sm-6.feat/design.fsf	/ZPOOL/data/projects/srndna-ultimatum/derivatives/fsl/sub-126/L1_task-ultimatum_model-02_type-nppi-dmn_run-02_sm-6.feat/design.fsf	found	
sub-126	02	events	/ZPOOL/data/projects/srndna-ultimatum/source_data/bids/sub-126/func/sub-126_task-ultimatum_run-02_events.tsv	/ZPOOL/data/projects/srndna-ultimatum/source_data/bids/sub-126/func/sub-126_task-ultimatum_run-02_events.tsv	found	
sub-126	02	feat_files(1)	/data/projects/srndna-data/derivatives/fmriprep/sub-126/func/sub-126_task-ultimatum_run-2_space-MNI152NLin2009cAsym_desc-preproc_bold.nii.gz	/ZPOOL/data/projects/srndna-ug/derivatives/fmriprep/sub-126/func/sub-126_task-ultimatum_run-2_space-MNI152NLin2009cAsym_desc-preproc_bold.nii.gz	found	
sub-126	02	confoundev_files(1)	/data/projects/srndna-data/derivatives/fsl/confounds/sub-126/sub-126_task-ultimatum_run-2_desc-fslConfounds.tsv		missing	explicitly mapped input missing: /data/projects/srndna-data/derivatives/fsl/confounds/sub-126/sub-126_task-ultimatum_run-2_desc-fslConfounds.tsv -> /ZPOOL/data/projects/srndna-ultimatum/derivatives/fsl/confounds/sub-126/sub-126_task-ultimatum_run-2_desc-fslConfounds.tsv
sub-126	02	regstandard	/usr/share/fsl/6.0.3/data/standard/MNI152_T1_2mm_brain	/usr/local/fsl/data/standard/MNI152_T1_2mm_brain.nii.gz	found	
sub-126	02	custom1	/data/projects/srndna-data/derivatives/fsl/EVfiles/sub-126/ultimatum-pmod/run-02_event_computer.txt		missing	explicitly mapped input missing: /data/projects/srndna-data/derivatives/fsl/EVfiles/sub-126/ultimatum-pmod/run-02_event_computer.txt -> /ZPOOL/data/projects/srndna-ultimatum/derivatives/fsl/EVfiles/sub-126/ultimatum-pmod/run-02_event_computer.txt
sub-126	02	custom2	/data/projects/srndna-data/derivatives/fsl/EVfiles/sub-126/ultimatum-pmod/run-02_event_computer_pmod.txt		missing	explicitly mapped input missing: /data/projects/srndna-data/derivatives/fsl/EVfiles/sub-126/ultimatum-pmod/run-02_event_computer_pmod.txt -> /ZPOOL/data/projects/srndna-ultimatum/derivatives/fsl/EVfiles/sub-126/ultimatum-pmod/run-02_event_computer_pmod.txt
sub-126	02	custom3	/data/projects/srndna-data/derivatives/fsl/EVfiles/sub-126/ultimatum-pmod/run-02_event_ingroup.txt		missing	explicitly mapped input missing: /data/projects/srndna-data/derivatives/fsl/EVfiles/sub-126/ultimatum-pmod/run-02_event_ingroup.txt -> /ZPOOL/data/projects/srndna-ultimatum/derivatives/fsl/EVfiles/sub-126/ultimatum-pmod/run-02_event_ingroup.txt
sub-126	02	custom4	/data/projects/srndna-data/derivatives/fsl/EVfiles/sub-126/ultimatum-pmod/run-02_event_ingroup_pmod.txt		missing	explicitly mapped input missing: /data/projects/srndna-data/derivatives/fsl/EVfiles/sub-126/ultimatum-pmod/run-02_event_ingroup_pmod.txt -> /ZPOOL/data/projects/srndna-ultimatum/derivatives/fsl/EVfiles/sub-126/ultimatum-pmod/run-02_event_ingroup_pmod.txt
sub-126	02	custom5	/data/projects/srndna-data/derivatives/fsl/EVfiles/sub-126/ultimatum-pmod/run-02_event_outgroup.txt		missing	explicitly mapped input missing: /data/projects/srndna-data/derivatives/fsl/EVfiles/sub-126/ultimatum-pmod/run-02_event_outgroup.txt -> /ZPOOL/data/projects/srndna-ultimatum/derivatives/fsl/EVfiles/sub-126/ultimatum-pmod/run-02_event_outgroup.txt
sub-126	02	custom6	/data/projects/srndna-data/derivatives/fsl/EVfiles/sub-126/ultimatum-pmod/run-02_event_outgroup_pmod.txt		missing	explicitly mapped input missing: /data/projects/srndna-data/derivatives/fsl/EVfiles/sub-126/ultimatum-pmod/run-02_event_outgroup_pmod.txt -> /ZPOOL/data/projects/srndna-ultimatum/derivatives/fsl/EVfiles/sub-126/ultimatum-pmod/run-02_event_outgroup_pmod.txt
sub-126	02	custom7	/data/projects/srndna-data/derivatives/fsl/EVfiles/sub-126/ultimatum-pmod/run-02_missed_trial.txt		missing	explicitly mapped input missing: /data/projects/srndna-data/derivatives/fsl/EVfiles/sub-126/ultimatum-pmod/run-02_missed_trial.txt -> /ZPOOL/data/projects/srndna-ultimatum/derivatives/fsl/EVfiles/sub-126/ultimatum-pmod/run-02_missed_trial.txt
sub-126	02	custom10	/data/projects/srndna-ultimatum/derivatives/fsl/sub-126/ts_task-ultimatum_net0003_nppi-dmn_run-02.txt	/ZPOOL/data/projects/srndna-ultimatum/derivatives/fsl/sub-126/ts_task-ultimatum_net0003_nppi-dmn_run-02.txt	found	
sub-126	02	custom20	/data/projects/srndna-ultimatum/derivatives/fsl/sub-126/ts_task-ultimatum_net0007_nppi-dmn_run-02.txt	/ZPOOL/data/projects/srndna-ultimatum/derivatives/fsl/sub-126/ts_task-ultimatum_net0007_nppi-dmn_run-02.txt	found	
sub-126	02	custom21	/data/projects/srndna-ultimatum/derivatives/fsl/sub-126/ts_task-ultimatum_net0000_nppi-dmn_run-02.txt	/ZPOOL/data/projects/srndna-ultimatum/derivatives/fsl/sub-126/ts_task-ultimatum_net0000_nppi-dmn_run-02.txt	found	
sub-126	02	custom22	/data/projects/srndna-ultimatum/derivatives/fsl/sub-126/ts_task-ultimatum_net0001_nppi-dmn_run-02.txt	/ZPOOL/data/projects/srndna-ultimatum/derivatives/fsl/sub-126/ts_task-ultimatum_net0001_nppi-dmn_run-02.txt	found	
sub-126	02	custom23	/data/projects/srndna-ultimatum/derivatives/fsl/sub-126/ts_task-ultimatum_net0002_nppi-dmn_run-02.txt	/ZPOOL/data/projects/srndna-ultimatum/derivatives/fsl/sub-126/ts_task-ultimatum_net0002_nppi-dmn_run-02.txt	found	
sub-126	02	custom24	/data/projects/srndna-ultimatum/derivatives/fsl/sub-126/ts_task-ultimatum_net0004_nppi-dmn_run-02.txt	/ZPOOL/data/projects/srndna-ultimatum/derivatives/fsl/sub-126/ts_task-ultimatum_net0004_nppi-dmn_run-02.txt	found	
sub-126	02	custom25	/data/projects/srndna-ultimatum/derivatives/fsl/sub-126/ts_task-ultimatum_net0005_nppi-dmn_run-02.txt	/ZPOOL/data/projects/srndna-ultimatum/derivatives/fsl/sub-126/ts_task-ultimatum_net0005_nppi-dmn_run-02.txt	found	
sub-126	02	custom26	/data/projects/srndna-ultimatum/derivatives/fsl/sub-126/ts_task-ultimatum_net0006_nppi-dmn_run-02.txt	/ZPOOL/data/projects/srndna-ultimatum/derivatives/fsl/sub-126/ts_task-ultimatum_net0006_nppi-dmn_run-02.txt	found	
sub-126	02	custom27	/data/projects/srndna-ultimatum/derivatives/fsl/sub-126/ts_task-ultimatum_net0008_nppi-dmn_run-02.txt	/ZPOOL/data/projects/srndna-ultimatum/derivatives/fsl/sub-126/ts_task-ultimatum_net0008_nppi-dmn_run-02.txt	found	
sub-126	02	custom28	/data/projects/srndna-ultimatum/derivatives/fsl/sub-126/ts_task-ultimatum_net0009_nppi-dmn_run-02.txt	/ZPOOL/data/projects/srndna-ultimatum/derivatives/fsl/sub-126/ts_task-ultimatum_net0009_nppi-dmn_run-02.txt	found	
sub-126	combined	source_l2_fsf	/ZPOOL/data/projects/srndna-ultimatum/derivatives/fsl/sub-126/L2_task-ultimatum_model-02_type-nppi-dmn_sm-6.gfeat/design.fsf	/ZPOOL/data/projects/srndna-ultimatum/derivatives/fsl/sub-126/L2_task-ultimatum_model-02_type-nppi-dmn_sm-6.gfeat/design.fsf	found	
sub-127	01	source_fsf	/ZPOOL/data/projects/srndna-ultimatum/derivatives/fsl/sub-127/L1_task-ultimatum_model-02_type-nppi-dmn_run-01_sm-6.feat/design.fsf	/ZPOOL/data/projects/srndna-ultimatum/derivatives/fsl/sub-127/L1_task-ultimatum_model-02_type-nppi-dmn_run-01_sm-6.feat/design.fsf	found	
sub-127	01	events	/ZPOOL/data/projects/srndna-ultimatum/source_data/bids/sub-127/func/sub-127_task-ultimatum_run-01_events.tsv	/ZPOOL/data/projects/srndna-ultimatum/source_data/bids/sub-127/func/sub-127_task-ultimatum_run-01_events.tsv	found	
sub-127	01	feat_files(1)	/data/projects/srndna-data/derivatives/fmriprep/sub-127/func/sub-127_task-ultimatum_run-1_space-MNI152NLin2009cAsym_desc-preproc_bold.nii.gz	/ZPOOL/data/projects/srndna-ug/derivatives/fmriprep/sub-127/func/sub-127_task-ultimatum_run-1_space-MNI152NLin2009cAsym_desc-preproc_bold.nii.gz	found	
sub-127	01	confoundev_files(1)	/data/projects/srndna-data/derivatives/fsl/confounds/sub-127/sub-127_task-ultimatum_run-1_desc-fslConfounds.tsv		missing	explicitly mapped input missing: /data/projects/srndna-data/derivatives/fsl/confounds/sub-127/sub-127_task-ultimatum_run-1_desc-fslConfounds.tsv -> /ZPOOL/data/projects/srndna-ultimatum/derivatives/fsl/confounds/sub-127/sub-127_task-ultimatum_run-1_desc-fslConfounds.tsv
sub-127	01	regstandard	/usr/share/fsl/6.0.3/data/standard/MNI152_T1_2mm_brain	/usr/local/fsl/data/standard/MNI152_T1_2mm_brain.nii.gz	found	
sub-127	01	custom1	/data/projects/srndna-data/derivatives/fsl/EVfiles/sub-127/ultimatum-pmod/run-01_event_computer.txt		missing	explicitly mapped input missing: /data/projects/srndna-data/derivatives/fsl/EVfiles/sub-127/ultimatum-pmod/run-01_event_computer.txt -> /ZPOOL/data/projects/srndna-ultimatum/derivatives/fsl/EVfiles/sub-127/ultimatum-pmod/run-01_event_computer.txt
sub-127	01	custom2	/data/projects/srndna-data/derivatives/fsl/EVfiles/sub-127/ultimatum-pmod/run-01_event_computer_pmod.txt		missing	explicitly mapped input missing: /data/projects/srndna-data/derivatives/fsl/EVfiles/sub-127/ultimatum-pmod/run-01_event_computer_pmod.txt -> /ZPOOL/data/projects/srndna-ultimatum/derivatives/fsl/EVfiles/sub-127/ultimatum-pmod/run-01_event_computer_pmod.txt
sub-127	01	custom3	/data/projects/srndna-data/derivatives/fsl/EVfiles/sub-127/ultimatum-pmod/run-01_event_ingroup.txt		missing	explicitly mapped input missing: /data/projects/srndna-data/derivatives/fsl/EVfiles/sub-127/ultimatum-pmod/run-01_event_ingroup.txt -> /ZPOOL/data/projects/srndna-ultimatum/derivatives/fsl/EVfiles/sub-127/ultimatum-pmod/run-01_event_ingroup.txt
sub-127	01	custom4	/data/projects/srndna-data/derivatives/fsl/EVfiles/sub-127/ultimatum-pmod/run-01_event_ingroup_pmod.txt		missing	explicitly mapped input missing: /data/projects/srndna-data/derivatives/fsl/EVfiles/sub-127/ultimatum-pmod/run-01_event_ingroup_pmod.txt -> /ZPOOL/data/projects/srndna-ultimatum/derivatives/fsl/EVfiles/sub-127/ultimatum-pmod/run-01_event_ingroup_pmod.txt
sub-127	01	custom5	/data/projects/srndna-data/derivatives/fsl/EVfiles/sub-127/ultimatum-pmod/run-01_event_outgroup.txt		missing	explicitly mapped input missing: /data/projects/srndna-data/derivatives/fsl/EVfiles/sub-127/ultimatum-pmod/run-01_event_outgroup.txt -> /ZPOOL/data/projects/srndna-ultimatum/derivatives/fsl/EVfiles/sub-127/ultimatum-pmod/run-01_event_outgroup.txt
sub-127	01	custom6	/data/projects/srndna-data/derivatives/fsl/EVfiles/sub-127/ultimatum-pmod/run-01_event_outgroup_pmod.txt		missing	explicitly mapped input missing: /data/projects/srndna-data/derivatives/fsl/EVfiles/sub-127/ultimatum-pmod/run-01_event_outgroup_pmod.txt -> /ZPOOL/data/projects/srndna-ultimatum/derivatives/fsl/EVfiles/sub-127/ultimatum-pmod/run-01_event_outgroup_pmod.txt
sub-127	01	custom7	/data/projects/srndna-data/derivatives/fsl/EVfiles/sub-127/ultimatum-pmod/run-01_missed_trial.txt		missing	explicitly mapped input missing: /data/projects/srndna-data/derivatives/fsl/EVfiles/sub-127/ultimatum-pmod/run-01_missed_trial.txt -> /ZPOOL/data/projects/srndna-ultimatum/derivatives/fsl/EVfiles/sub-127/ultimatum-pmod/run-01_missed_trial.txt
sub-127	01	custom10	/data/projects/srndna-ultimatum/derivatives/fsl/sub-127/ts_task-ultimatum_net0003_nppi-dmn_run-01.txt	/ZPOOL/data/projects/srndna-ultimatum/derivatives/fsl/sub-127/ts_task-ultimatum_net0003_nppi-dmn_run-01.txt	found	
sub-127	01	custom20	/data/projects/srndna-ultimatum/derivatives/fsl/sub-127/ts_task-ultimatum_net0007_nppi-dmn_run-01.txt	/ZPOOL/data/projects/srndna-ultimatum/derivatives/fsl/sub-127/ts_task-ultimatum_net0007_nppi-dmn_run-01.txt	found	
sub-127	01	custom21	/data/projects/srndna-ultimatum/derivatives/fsl/sub-127/ts_task-ultimatum_net0000_nppi-dmn_run-01.txt	/ZPOOL/data/projects/srndna-ultimatum/derivatives/fsl/sub-127/ts_task-ultimatum_net0000_nppi-dmn_run-01.txt	found	
sub-127	01	custom22	/data/projects/srndna-ultimatum/derivatives/fsl/sub-127/ts_task-ultimatum_net0001_nppi-dmn_run-01.txt	/ZPOOL/data/projects/srndna-ultimatum/derivatives/fsl/sub-127/ts_task-ultimatum_net0001_nppi-dmn_run-01.txt	found	
sub-127	01	custom23	/data/projects/srndna-ultimatum/derivatives/fsl/sub-127/ts_task-ultimatum_net0002_nppi-dmn_run-01.txt	/ZPOOL/data/projects/srndna-ultimatum/derivatives/fsl/sub-127/ts_task-ultimatum_net0002_nppi-dmn_run-01.txt	found	
sub-127	01	custom24	/data/projects/srndna-ultimatum/derivatives/fsl/sub-127/ts_task-ultimatum_net0004_nppi-dmn_run-01.txt	/ZPOOL/data/projects/srndna-ultimatum/derivatives/fsl/sub-127/ts_task-ultimatum_net0004_nppi-dmn_run-01.txt	found	
sub-127	01	custom25	/data/projects/srndna-ultimatum/derivatives/fsl/sub-127/ts_task-ultimatum_net0005_nppi-dmn_run-01.txt	/ZPOOL/data/projects/srndna-ultimatum/derivatives/fsl/sub-127/ts_task-ultimatum_net0005_nppi-dmn_run-01.txt	found	
sub-127	01	custom26	/data/projects/srndna-ultimatum/derivatives/fsl/sub-127/ts_task-ultimatum_net0006_nppi-dmn_run-01.txt	/ZPOOL/data/projects/srndna-ultimatum/derivatives/fsl/sub-127/ts_task-ultimatum_net0006_nppi-dmn_run-01.txt	found	
sub-127	01	custom27	/data/projects/srndna-ultimatum/derivatives/fsl/sub-127/ts_task-ultimatum_net0008_nppi-dmn_run-01.txt	/ZPOOL/data/projects/srndna-ultimatum/derivatives/fsl/sub-127/ts_task-ultimatum_net0008_nppi-dmn_run-01.txt	found	
sub-127	01	custom28	/data/projects/srndna-ultimatum/derivatives/fsl/sub-127/ts_task-ultimatum_net0009_nppi-dmn_run-01.txt	/ZPOOL/data/projects/srndna-ultimatum/derivatives/fsl/sub-127/ts_task-ultimatum_net0009_nppi-dmn_run-01.txt	found	
sub-127	02	source_fsf	/ZPOOL/data/projects/srndna-ultimatum/derivatives/fsl/sub-127/L1_task-ultimatum_model-02_type-nppi-dmn_run-02_sm-6.feat/design.fsf	/ZPOOL/data/projects/srndna-ultimatum/derivatives/fsl/sub-127/L1_task-ultimatum_model-02_type-nppi-dmn_run-02_sm-6.feat/design.fsf	found	
sub-127	02	events	/ZPOOL/data/projects/srndna-ultimatum/source_data/bids/sub-127/func/sub-127_task-ultimatum_run-02_events.tsv	/ZPOOL/data/projects/srndna-ultimatum/source_data/bids/sub-127/func/sub-127_task-ultimatum_run-02_events.tsv	found	
sub-127	02	feat_files(1)	/data/projects/srndna-data/derivatives/fmriprep/sub-127/func/sub-127_task-ultimatum_run-2_space-MNI152NLin2009cAsym_desc-preproc_bold.nii.gz	/ZPOOL/data/projects/srndna-ug/derivatives/fmriprep/sub-127/func/sub-127_task-ultimatum_run-2_space-MNI152NLin2009cAsym_desc-preproc_bold.nii.gz	found	
sub-127	02	confoundev_files(1)	/data/projects/srndna-data/derivatives/fsl/confounds/sub-127/sub-127_task-ultimatum_run-2_desc-fslConfounds.tsv		missing	explicitly mapped input missing: /data/projects/srndna-data/derivatives/fsl/confounds/sub-127/sub-127_task-ultimatum_run-2_desc-fslConfounds.tsv -> /ZPOOL/data/projects/srndna-ultimatum/derivatives/fsl/confounds/sub-127/sub-127_task-ultimatum_run-2_desc-fslConfounds.tsv
sub-127	02	regstandard	/usr/share/fsl/6.0.3/data/standard/MNI152_T1_2mm_brain	/usr/local/fsl/data/standard/MNI152_T1_2mm_brain.nii.gz	found	
sub-127	02	custom1	/data/projects/srndna-data/derivatives/fsl/EVfiles/sub-127/ultimatum-pmod/run-02_event_computer.txt		missing	explicitly mapped input missing: /data/projects/srndna-data/derivatives/fsl/EVfiles/sub-127/ultimatum-pmod/run-02_event_computer.txt -> /ZPOOL/data/projects/srndna-ultimatum/derivatives/fsl/EVfiles/sub-127/ultimatum-pmod/run-02_event_computer.txt
sub-127	02	custom2	/data/projects/srndna-data/derivatives/fsl/EVfiles/sub-127/ultimatum-pmod/run-02_event_computer_pmod.txt		missing	explicitly mapped input missing: /data/projects/srndna-data/derivatives/fsl/EVfiles/sub-127/ultimatum-pmod/run-02_event_computer_pmod.txt -> /ZPOOL/data/projects/srndna-ultimatum/derivatives/fsl/EVfiles/sub-127/ultimatum-pmod/run-02_event_computer_pmod.txt
sub-127	02	custom3	/data/projects/srndna-data/derivatives/fsl/EVfiles/sub-127/ultimatum-pmod/run-02_event_ingroup.txt		missing	explicitly mapped input missing: /data/projects/srndna-data/derivatives/fsl/EVfiles/sub-127/ultimatum-pmod/run-02_event_ingroup.txt -> /ZPOOL/data/projects/srndna-ultimatum/derivatives/fsl/EVfiles/sub-127/ultimatum-pmod/run-02_event_ingroup.txt
sub-127	02	custom4	/data/projects/srndna-data/derivatives/fsl/EVfiles/sub-127/ultimatum-pmod/run-02_event_ingroup_pmod.txt		missing	explicitly mapped input missing: /data/projects/srndna-data/derivatives/fsl/EVfiles/sub-127/ultimatum-pmod/run-02_event_ingroup_pmod.txt -> /ZPOOL/data/projects/srndna-ultimatum/derivatives/fsl/EVfiles/sub-127/ultimatum-pmod/run-02_event_ingroup_pmod.txt
sub-127	02	custom5	/data/projects/srndna-data/derivatives/fsl/EVfiles/sub-127/ultimatum-pmod/run-02_event_outgroup.txt		missing	explicitly mapped input missing: /data/projects/srndna-data/derivatives/fsl/EVfiles/sub-127/ultimatum-pmod/run-02_event_outgroup.txt -> /ZPOOL/data/projects/srndna-ultimatum/derivatives/fsl/EVfiles/sub-127/ultimatum-pmod/run-02_event_outgroup.txt
sub-127	02	custom6	/data/projects/srndna-data/derivatives/fsl/EVfiles/sub-127/ultimatum-pmod/run-02_event_outgroup_pmod.txt		missing	explicitly mapped input missing: /data/projects/srndna-data/derivatives/fsl/EVfiles/sub-127/ultimatum-pmod/run-02_event_outgroup_pmod.txt -> /ZPOOL/data/projects/srndna-ultimatum/derivatives/fsl/EVfiles/sub-127/ultimatum-pmod/run-02_event_outgroup_pmod.txt
sub-127	02	custom10	/data/projects/srndna-ultimatum/derivatives/fsl/sub-127/ts_task-ultimatum_net0003_nppi-dmn_run-02.txt	/ZPOOL/data/projects/srndna-ultimatum/derivatives/fsl/sub-127/ts_task-ultimatum_net0003_nppi-dmn_run-02.txt	found	
sub-127	02	custom20	/data/projects/srndna-ultimatum/derivatives/fsl/sub-127/ts_task-ultimatum_net0007_nppi-dmn_run-02.txt	/ZPOOL/data/projects/srndna-ultimatum/derivatives/fsl/sub-127/ts_task-ultimatum_net0007_nppi-dmn_run-02.txt	found	
sub-127	02	custom21	/data/projects/srndna-ultimatum/derivatives/fsl/sub-127/ts_task-ultimatum_net0000_nppi-dmn_run-02.txt	/ZPOOL/data/projects/srndna-ultimatum/derivatives/fsl/sub-127/ts_task-ultimatum_net0000_nppi-dmn_run-02.txt	found	
sub-127	02	custom22	/data/projects/srndna-ultimatum/derivatives/fsl/sub-127/ts_task-ultimatum_net0001_nppi-dmn_run-02.txt	/ZPOOL/data/projects/srndna-ultimatum/derivatives/fsl/sub-127/ts_task-ultimatum_net0001_nppi-dmn_run-02.txt	found	
sub-127	02	custom23	/data/projects/srndna-ultimatum/derivatives/fsl/sub-127/ts_task-ultimatum_net0002_nppi-dmn_run-02.txt	/ZPOOL/data/projects/srndna-ultimatum/derivatives/fsl/sub-127/ts_task-ultimatum_net0002_nppi-dmn_run-02.txt	found	
sub-127	02	custom24	/data/projects/srndna-ultimatum/derivatives/fsl/sub-127/ts_task-ultimatum_net0004_nppi-dmn_run-02.txt	/ZPOOL/data/projects/srndna-ultimatum/derivatives/fsl/sub-127/ts_task-ultimatum_net0004_nppi-dmn_run-02.txt	found	
sub-127	02	custom25	/data/projects/srndna-ultimatum/derivatives/fsl/sub-127/ts_task-ultimatum_net0005_nppi-dmn_run-02.txt	/ZPOOL/data/projects/srndna-ultimatum/derivatives/fsl/sub-127/ts_task-ultimatum_net0005_nppi-dmn_run-02.txt	found	
sub-127	02	custom26	/data/projects/srndna-ultimatum/derivatives/fsl/sub-127/ts_task-ultimatum_net0006_nppi-dmn_run-02.txt	/ZPOOL/data/projects/srndna-ultimatum/derivatives/fsl/sub-127/ts_task-ultimatum_net0006_nppi-dmn_run-02.txt	found	
sub-127	02	custom27	/data/projects/srndna-ultimatum/derivatives/fsl/sub-127/ts_task-ultimatum_net0008_nppi-dmn_run-02.txt	/ZPOOL/data/projects/srndna-ultimatum/derivatives/fsl/sub-127/ts_task-ultimatum_net0008_nppi-dmn_run-02.txt	found	
sub-127	02	custom28	/data/projects/srndna-ultimatum/derivatives/fsl/sub-127/ts_task-ultimatum_net0009_nppi-dmn_run-02.txt	/ZPOOL/data/projects/srndna-ultimatum/derivatives/fsl/sub-127/ts_task-ultimatum_net0009_nppi-dmn_run-02.txt	found	
sub-127	combined	source_l2_fsf	/ZPOOL/data/projects/srndna-ultimatum/derivatives/fsl/sub-127/L2_task-ultimatum_model-02_type-nppi-dmn_sm-6.gfeat/design.fsf	/ZPOOL/data/projects/srndna-ultimatum/derivatives/fsl/sub-127/L2_task-ultimatum_model-02_type-nppi-dmn_sm-6.gfeat/design.fsf	found	
sub-128	01	source_fsf	/ZPOOL/data/projects/srndna-ultimatum/derivatives/fsl/sub-128/L1_task-ultimatum_model-02_type-nppi-dmn_run-01_sm-6.feat/design.fsf	/ZPOOL/data/projects/srndna-ultimatum/derivatives/fsl/sub-128/L1_task-ultimatum_model-02_type-nppi-dmn_run-01_sm-6.feat/design.fsf	found	
sub-128	01	events	/ZPOOL/data/projects/srndna-ultimatum/source_data/bids/sub-128/func/sub-128_task-ultimatum_run-01_events.tsv	/ZPOOL/data/projects/srndna-ultimatum/source_data/bids/sub-128/func/sub-128_task-ultimatum_run-01_events.tsv	found	
sub-128	01	feat_files(1)	/data/projects/srndna-data/derivatives/fmriprep/sub-128/func/sub-128_task-ultimatum_run-1_space-MNI152NLin2009cAsym_desc-preproc_bold.nii.gz	/ZPOOL/data/projects/srndna-ug/derivatives/fmriprep/sub-128/func/sub-128_task-ultimatum_run-1_space-MNI152NLin2009cAsym_desc-preproc_bold.nii.gz	found	
sub-128	01	confoundev_files(1)	/data/projects/srndna-data/derivatives/fsl/confounds/sub-128/sub-128_task-ultimatum_run-1_desc-fslConfounds.tsv		missing	explicitly mapped input missing: /data/projects/srndna-data/derivatives/fsl/confounds/sub-128/sub-128_task-ultimatum_run-1_desc-fslConfounds.tsv -> /ZPOOL/data/projects/srndna-ultimatum/derivatives/fsl/confounds/sub-128/sub-128_task-ultimatum_run-1_desc-fslConfounds.tsv
sub-128	01	regstandard	/usr/share/fsl/6.0.3/data/standard/MNI152_T1_2mm_brain	/usr/local/fsl/data/standard/MNI152_T1_2mm_brain.nii.gz	found	
sub-128	01	custom1	/data/projects/srndna-data/derivatives/fsl/EVfiles/sub-128/ultimatum-pmod/run-01_event_computer.txt		missing	explicitly mapped input missing: /data/projects/srndna-data/derivatives/fsl/EVfiles/sub-128/ultimatum-pmod/run-01_event_computer.txt -> /ZPOOL/data/projects/srndna-ultimatum/derivatives/fsl/EVfiles/sub-128/ultimatum-pmod/run-01_event_computer.txt
sub-128	01	custom2	/data/projects/srndna-data/derivatives/fsl/EVfiles/sub-128/ultimatum-pmod/run-01_event_computer_pmod.txt		missing	explicitly mapped input missing: /data/projects/srndna-data/derivatives/fsl/EVfiles/sub-128/ultimatum-pmod/run-01_event_computer_pmod.txt -> /ZPOOL/data/projects/srndna-ultimatum/derivatives/fsl/EVfiles/sub-128/ultimatum-pmod/run-01_event_computer_pmod.txt
sub-128	01	custom3	/data/projects/srndna-data/derivatives/fsl/EVfiles/sub-128/ultimatum-pmod/run-01_event_ingroup.txt		missing	explicitly mapped input missing: /data/projects/srndna-data/derivatives/fsl/EVfiles/sub-128/ultimatum-pmod/run-01_event_ingroup.txt -> /ZPOOL/data/projects/srndna-ultimatum/derivatives/fsl/EVfiles/sub-128/ultimatum-pmod/run-01_event_ingroup.txt
sub-128	01	custom4	/data/projects/srndna-data/derivatives/fsl/EVfiles/sub-128/ultimatum-pmod/run-01_event_ingroup_pmod.txt		missing	explicitly mapped input missing: /data/projects/srndna-data/derivatives/fsl/EVfiles/sub-128/ultimatum-pmod/run-01_event_ingroup_pmod.txt -> /ZPOOL/data/projects/srndna-ultimatum/derivatives/fsl/EVfiles/sub-128/ultimatum-pmod/run-01_event_ingroup_pmod.txt
sub-128	01	custom5	/data/projects/srndna-data/derivatives/fsl/EVfiles/sub-128/ultimatum-pmod/run-01_event_outgroup.txt		missing	explicitly mapped input missing: /data/projects/srndna-data/derivatives/fsl/EVfiles/sub-128/ultimatum-pmod/run-01_event_outgroup.txt -> /ZPOOL/data/projects/srndna-ultimatum/derivatives/fsl/EVfiles/sub-128/ultimatum-pmod/run-01_event_outgroup.txt
sub-128	01	custom6	/data/projects/srndna-data/derivatives/fsl/EVfiles/sub-128/ultimatum-pmod/run-01_event_outgroup_pmod.txt		missing	explicitly mapped input missing: /data/projects/srndna-data/derivatives/fsl/EVfiles/sub-128/ultimatum-pmod/run-01_event_outgroup_pmod.txt -> /ZPOOL/data/projects/srndna-ultimatum/derivatives/fsl/EVfiles/sub-128/ultimatum-pmod/run-01_event_outgroup_pmod.txt
sub-128	01	custom10	/data/projects/srndna-ultimatum/derivatives/fsl/sub-128/ts_task-ultimatum_net0003_nppi-dmn_run-01.txt	/ZPOOL/data/projects/srndna-ultimatum/derivatives/fsl/sub-128/ts_task-ultimatum_net0003_nppi-dmn_run-01.txt	found	
sub-128	01	custom20	/data/projects/srndna-ultimatum/derivatives/fsl/sub-128/ts_task-ultimatum_net0007_nppi-dmn_run-01.txt	/ZPOOL/data/projects/srndna-ultimatum/derivatives/fsl/sub-128/ts_task-ultimatum_net0007_nppi-dmn_run-01.txt	found	
sub-128	01	custom21	/data/projects/srndna-ultimatum/derivatives/fsl/sub-128/ts_task-ultimatum_net0000_nppi-dmn_run-01.txt	/ZPOOL/data/projects/srndna-ultimatum/derivatives/fsl/sub-128/ts_task-ultimatum_net0000_nppi-dmn_run-01.txt	found	
sub-128	01	custom22	/data/projects/srndna-ultimatum/derivatives/fsl/sub-128/ts_task-ultimatum_net0001_nppi-dmn_run-01.txt	/ZPOOL/data/projects/srndna-ultimatum/derivatives/fsl/sub-128/ts_task-ultimatum_net0001_nppi-dmn_run-01.txt	found	
sub-128	01	custom23	/data/projects/srndna-ultimatum/derivatives/fsl/sub-128/ts_task-ultimatum_net0002_nppi-dmn_run-01.txt	/ZPOOL/data/projects/srndna-ultimatum/derivatives/fsl/sub-128/ts_task-ultimatum_net0002_nppi-dmn_run-01.txt	found	
sub-128	01	custom24	/data/projects/srndna-ultimatum/derivatives/fsl/sub-128/ts_task-ultimatum_net0004_nppi-dmn_run-01.txt	/ZPOOL/data/projects/srndna-ultimatum/derivatives/fsl/sub-128/ts_task-ultimatum_net0004_nppi-dmn_run-01.txt	found	
sub-128	01	custom25	/data/projects/srndna-ultimatum/derivatives/fsl/sub-128/ts_task-ultimatum_net0005_nppi-dmn_run-01.txt	/ZPOOL/data/projects/srndna-ultimatum/derivatives/fsl/sub-128/ts_task-ultimatum_net0005_nppi-dmn_run-01.txt	found	
sub-128	01	custom26	/data/projects/srndna-ultimatum/derivatives/fsl/sub-128/ts_task-ultimatum_net0006_nppi-dmn_run-01.txt	/ZPOOL/data/projects/srndna-ultimatum/derivatives/fsl/sub-128/ts_task-ultimatum_net0006_nppi-dmn_run-01.txt	found	
sub-128	01	custom27	/data/projects/srndna-ultimatum/derivatives/fsl/sub-128/ts_task-ultimatum_net0008_nppi-dmn_run-01.txt	/ZPOOL/data/projects/srndna-ultimatum/derivatives/fsl/sub-128/ts_task-ultimatum_net0008_nppi-dmn_run-01.txt	found	
sub-128	01	custom28	/data/projects/srndna-ultimatum/derivatives/fsl/sub-128/ts_task-ultimatum_net0009_nppi-dmn_run-01.txt	/ZPOOL/data/projects/srndna-ultimatum/derivatives/fsl/sub-128/ts_task-ultimatum_net0009_nppi-dmn_run-01.txt	found	
sub-128	02	source_fsf	/ZPOOL/data/projects/srndna-ultimatum/derivatives/fsl/sub-128/L1_task-ultimatum_model-02_type-nppi-dmn_run-02_sm-6.feat/design.fsf	/ZPOOL/data/projects/srndna-ultimatum/derivatives/fsl/sub-128/L1_task-ultimatum_model-02_type-nppi-dmn_run-02_sm-6.feat/design.fsf	found	
sub-128	02	events	/ZPOOL/data/projects/srndna-ultimatum/source_data/bids/sub-128/func/sub-128_task-ultimatum_run-02_events.tsv	/ZPOOL/data/projects/srndna-ultimatum/source_data/bids/sub-128/func/sub-128_task-ultimatum_run-02_events.tsv	found	
sub-128	02	feat_files(1)	/data/projects/srndna-data/derivatives/fmriprep/sub-128/func/sub-128_task-ultimatum_run-2_space-MNI152NLin2009cAsym_desc-preproc_bold.nii.gz	/ZPOOL/data/projects/srndna-ug/derivatives/fmriprep/sub-128/func/sub-128_task-ultimatum_run-2_space-MNI152NLin2009cAsym_desc-preproc_bold.nii.gz	found	
sub-128	02	confoundev_files(1)	/data/projects/srndna-data/derivatives/fsl/confounds/sub-128/sub-128_task-ultimatum_run-2_desc-fslConfounds.tsv		missing	explicitly mapped input missing: /data/projects/srndna-data/derivatives/fsl/confounds/sub-128/sub-128_task-ultimatum_run-2_desc-fslConfounds.tsv -> /ZPOOL/data/projects/srndna-ultimatum/derivatives/fsl/confounds/sub-128/sub-128_task-ultimatum_run-2_desc-fslConfounds.tsv
sub-128	02	regstandard	/usr/share/fsl/6.0.3/data/standard/MNI152_T1_2mm_brain	/usr/local/fsl/data/standard/MNI152_T1_2mm_brain.nii.gz	found	
sub-128	02	custom1	/data/projects/srndna-data/derivatives/fsl/EVfiles/sub-128/ultimatum-pmod/run-02_event_computer.txt		missing	explicitly mapped input missing: /data/projects/srndna-data/derivatives/fsl/EVfiles/sub-128/ultimatum-pmod/run-02_event_computer.txt -> /ZPOOL/data/projects/srndna-ultimatum/derivatives/fsl/EVfiles/sub-128/ultimatum-pmod/run-02_event_computer.txt
sub-128	02	custom2	/data/projects/srndna-data/derivatives/fsl/EVfiles/sub-128/ultimatum-pmod/run-02_event_computer_pmod.txt		missing	explicitly mapped input missing: /data/projects/srndna-data/derivatives/fsl/EVfiles/sub-128/ultimatum-pmod/run-02_event_computer_pmod.txt -> /ZPOOL/data/projects/srndna-ultimatum/derivatives/fsl/EVfiles/sub-128/ultimatum-pmod/run-02_event_computer_pmod.txt
sub-128	02	custom3	/data/projects/srndna-data/derivatives/fsl/EVfiles/sub-128/ultimatum-pmod/run-02_event_ingroup.txt		missing	explicitly mapped input missing: /data/projects/srndna-data/derivatives/fsl/EVfiles/sub-128/ultimatum-pmod/run-02_event_ingroup.txt -> /ZPOOL/data/projects/srndna-ultimatum/derivatives/fsl/EVfiles/sub-128/ultimatum-pmod/run-02_event_ingroup.txt
sub-128	02	custom4	/data/projects/srndna-data/derivatives/fsl/EVfiles/sub-128/ultimatum-pmod/run-02_event_ingroup_pmod.txt		missing	explicitly mapped input missing: /data/projects/srndna-data/derivatives/fsl/EVfiles/sub-128/ultimatum-pmod/run-02_event_ingroup_pmod.txt -> /ZPOOL/data/projects/srndna-ultimatum/derivatives/fsl/EVfiles/sub-128/ultimatum-pmod/run-02_event_ingroup_pmod.txt
sub-128	02	custom5	/data/projects/srndna-data/derivatives/fsl/EVfiles/sub-128/ultimatum-pmod/run-02_event_outgroup.txt		missing	explicitly mapped input missing: /data/projects/srndna-data/derivatives/fsl/EVfiles/sub-128/ultimatum-pmod/run-02_event_outgroup.txt -> /ZPOOL/data/projects/srndna-ultimatum/derivatives/fsl/EVfiles/sub-128/ultimatum-pmod/run-02_event_outgroup.txt
sub-128	02	custom6	/data/projects/srndna-data/derivatives/fsl/EVfiles/sub-128/ultimatum-pmod/run-02_event_outgroup_pmod.txt		missing	explicitly mapped input missing: /data/projects/srndna-data/derivatives/fsl/EVfiles/sub-128/ultimatum-pmod/run-02_event_outgroup_pmod.txt -> /ZPOOL/data/projects/srndna-ultimatum/derivatives/fsl/EVfiles/sub-128/ultimatum-pmod/run-02_event_outgroup_pmod.txt
sub-128	02	custom10	/data/projects/srndna-ultimatum/derivatives/fsl/sub-128/ts_task-ultimatum_net0003_nppi-dmn_run-02.txt	/ZPOOL/data/projects/srndna-ultimatum/derivatives/fsl/sub-128/ts_task-ultimatum_net0003_nppi-dmn_run-02.txt	found	
sub-128	02	custom20	/data/projects/srndna-ultimatum/derivatives/fsl/sub-128/ts_task-ultimatum_net0007_nppi-dmn_run-02.txt	/ZPOOL/data/projects/srndna-ultimatum/derivatives/fsl/sub-128/ts_task-ultimatum_net0007_nppi-dmn_run-02.txt	found	
sub-128	02	custom21	/data/projects/srndna-ultimatum/derivatives/fsl/sub-128/ts_task-ultimatum_net0000_nppi-dmn_run-02.txt	/ZPOOL/data/projects/srndna-ultimatum/derivatives/fsl/sub-128/ts_task-ultimatum_net0000_nppi-dmn_run-02.txt	found	
sub-128	02	custom22	/data/projects/srndna-ultimatum/derivatives/fsl/sub-128/ts_task-ultimatum_net0001_nppi-dmn_run-02.txt	/ZPOOL/data/projects/srndna-ultimatum/derivatives/fsl/sub-128/ts_task-ultimatum_net0001_nppi-dmn_run-02.txt	found	
sub-128	02	custom23	/data/projects/srndna-ultimatum/derivatives/fsl/sub-128/ts_task-ultimatum_net0002_nppi-dmn_run-02.txt	/ZPOOL/data/projects/srndna-ultimatum/derivatives/fsl/sub-128/ts_task-ultimatum_net0002_nppi-dmn_run-02.txt	found	
sub-128	02	custom24	/data/projects/srndna-ultimatum/derivatives/fsl/sub-128/ts_task-ultimatum_net0004_nppi-dmn_run-02.txt	/ZPOOL/data/projects/srndna-ultimatum/derivatives/fsl/sub-128/ts_task-ultimatum_net0004_nppi-dmn_run-02.txt	found	
sub-128	02	custom25	/data/projects/srndna-ultimatum/derivatives/fsl/sub-128/ts_task-ultimatum_net0005_nppi-dmn_run-02.txt	/ZPOOL/data/projects/srndna-ultimatum/derivatives/fsl/sub-128/ts_task-ultimatum_net0005_nppi-dmn_run-02.txt	found	
sub-128	02	custom26	/data/projects/srndna-ultimatum/derivatives/fsl/sub-128/ts_task-ultimatum_net0006_nppi-dmn_run-02.txt	/ZPOOL/data/projects/srndna-ultimatum/derivatives/fsl/sub-128/ts_task-ultimatum_net0006_nppi-dmn_run-02.txt	found	
sub-128	02	custom27	/data/projects/srndna-ultimatum/derivatives/fsl/sub-128/ts_task-ultimatum_net0008_nppi-dmn_run-02.txt	/ZPOOL/data/projects/srndna-ultimatum/derivatives/fsl/sub-128/ts_task-ultimatum_net0008_nppi-dmn_run-02.txt	found	
sub-128	02	custom28	/data/projects/srndna-ultimatum/derivatives/fsl/sub-128/ts_task-ultimatum_net0009_nppi-dmn_run-02.txt	/ZPOOL/data/projects/srndna-ultimatum/derivatives/fsl/sub-128/ts_task-ultimatum_net0009_nppi-dmn_run-02.txt	found	
sub-128	combined	source_l2_fsf	/ZPOOL/data/projects/srndna-ultimatum/derivatives/fsl/sub-128/L2_task-ultimatum_model-02_type-nppi-dmn_sm-6.gfeat/design.fsf	/ZPOOL/data/projects/srndna-ultimatum/derivatives/fsl/sub-128/L2_task-ultimatum_model-02_type-nppi-dmn_sm-6.gfeat/design.fsf	found	
sub-129	01	source_fsf	/ZPOOL/data/projects/srndna-ultimatum/derivatives/fsl/sub-129/L1_task-ultimatum_model-02_type-nppi-dmn_run-01_sm-6.feat/design.fsf	/ZPOOL/data/projects/srndna-ultimatum/derivatives/fsl/sub-129/L1_task-ultimatum_model-02_type-nppi-dmn_run-01_sm-6.feat/design.fsf	found	
sub-129	01	events	/ZPOOL/data/projects/srndna-ultimatum/source_data/bids/sub-129/func/sub-129_task-ultimatum_run-01_events.tsv	/ZPOOL/data/projects/srndna-ultimatum/source_data/bids/sub-129/func/sub-129_task-ultimatum_run-01_events.tsv	found	
sub-129	01	feat_files(1)	/data/projects/srndna-data/derivatives/fmriprep/sub-129/func/sub-129_task-ultimatum_run-1_space-MNI152NLin2009cAsym_desc-preproc_bold.nii.gz	/ZPOOL/data/projects/srndna-ug/derivatives/fmriprep/sub-129/func/sub-129_task-ultimatum_run-1_space-MNI152NLin2009cAsym_desc-preproc_bold.nii.gz	found	
sub-129	01	confoundev_files(1)	/data/projects/srndna-data/derivatives/fsl/confounds/sub-129/sub-129_task-ultimatum_run-1_desc-fslConfounds.tsv		missing	explicitly mapped input missing: /data/projects/srndna-data/derivatives/fsl/confounds/sub-129/sub-129_task-ultimatum_run-1_desc-fslConfounds.tsv -> /ZPOOL/data/projects/srndna-ultimatum/derivatives/fsl/confounds/sub-129/sub-129_task-ultimatum_run-1_desc-fslConfounds.tsv
sub-129	01	regstandard	/usr/share/fsl/6.0.3/data/standard/MNI152_T1_2mm_brain	/usr/local/fsl/data/standard/MNI152_T1_2mm_brain.nii.gz	found	
sub-129	01	custom1	/data/projects/srndna-data/derivatives/fsl/EVfiles/sub-129/ultimatum-pmod/run-01_event_computer.txt		missing	explicitly mapped input missing: /data/projects/srndna-data/derivatives/fsl/EVfiles/sub-129/ultimatum-pmod/run-01_event_computer.txt -> /ZPOOL/data/projects/srndna-ultimatum/derivatives/fsl/EVfiles/sub-129/ultimatum-pmod/run-01_event_computer.txt
sub-129	01	custom2	/data/projects/srndna-data/derivatives/fsl/EVfiles/sub-129/ultimatum-pmod/run-01_event_computer_pmod.txt		missing	explicitly mapped input missing: /data/projects/srndna-data/derivatives/fsl/EVfiles/sub-129/ultimatum-pmod/run-01_event_computer_pmod.txt -> /ZPOOL/data/projects/srndna-ultimatum/derivatives/fsl/EVfiles/sub-129/ultimatum-pmod/run-01_event_computer_pmod.txt
sub-129	01	custom3	/data/projects/srndna-data/derivatives/fsl/EVfiles/sub-129/ultimatum-pmod/run-01_event_ingroup.txt		missing	explicitly mapped input missing: /data/projects/srndna-data/derivatives/fsl/EVfiles/sub-129/ultimatum-pmod/run-01_event_ingroup.txt -> /ZPOOL/data/projects/srndna-ultimatum/derivatives/fsl/EVfiles/sub-129/ultimatum-pmod/run-01_event_ingroup.txt
sub-129	01	custom4	/data/projects/srndna-data/derivatives/fsl/EVfiles/sub-129/ultimatum-pmod/run-01_event_ingroup_pmod.txt		missing	explicitly mapped input missing: /data/projects/srndna-data/derivatives/fsl/EVfiles/sub-129/ultimatum-pmod/run-01_event_ingroup_pmod.txt -> /ZPOOL/data/projects/srndna-ultimatum/derivatives/fsl/EVfiles/sub-129/ultimatum-pmod/run-01_event_ingroup_pmod.txt
sub-129	01	custom5	/data/projects/srndna-data/derivatives/fsl/EVfiles/sub-129/ultimatum-pmod/run-01_event_outgroup.txt		missing	explicitly mapped input missing: /data/projects/srndna-data/derivatives/fsl/EVfiles/sub-129/ultimatum-pmod/run-01_event_outgroup.txt -> /ZPOOL/data/projects/srndna-ultimatum/derivatives/fsl/EVfiles/sub-129/ultimatum-pmod/run-01_event_outgroup.txt
sub-129	01	custom6	/data/projects/srndna-data/derivatives/fsl/EVfiles/sub-129/ultimatum-pmod/run-01_event_outgroup_pmod.txt		missing	explicitly mapped input missing: /data/projects/srndna-data/derivatives/fsl/EVfiles/sub-129/ultimatum-pmod/run-01_event_outgroup_pmod.txt -> /ZPOOL/data/projects/srndna-ultimatum/derivatives/fsl/EVfiles/sub-129/ultimatum-pmod/run-01_event_outgroup_pmod.txt
sub-129	01	custom7	/data/projects/srndna-data/derivatives/fsl/EVfiles/sub-129/ultimatum-pmod/run-01_missed_trial.txt		missing	explicitly mapped input missing: /data/projects/srndna-data/derivatives/fsl/EVfiles/sub-129/ultimatum-pmod/run-01_missed_trial.txt -> /ZPOOL/data/projects/srndna-ultimatum/derivatives/fsl/EVfiles/sub-129/ultimatum-pmod/run-01_missed_trial.txt
sub-129	01	custom10	/data/projects/srndna-ultimatum/derivatives/fsl/sub-129/ts_task-ultimatum_net0003_nppi-dmn_run-01.txt	/ZPOOL/data/projects/srndna-ultimatum/derivatives/fsl/sub-129/ts_task-ultimatum_net0003_nppi-dmn_run-01.txt	found	
sub-129	01	custom20	/data/projects/srndna-ultimatum/derivatives/fsl/sub-129/ts_task-ultimatum_net0007_nppi-dmn_run-01.txt	/ZPOOL/data/projects/srndna-ultimatum/derivatives/fsl/sub-129/ts_task-ultimatum_net0007_nppi-dmn_run-01.txt	found	
sub-129	01	custom21	/data/projects/srndna-ultimatum/derivatives/fsl/sub-129/ts_task-ultimatum_net0000_nppi-dmn_run-01.txt	/ZPOOL/data/projects/srndna-ultimatum/derivatives/fsl/sub-129/ts_task-ultimatum_net0000_nppi-dmn_run-01.txt	found	
sub-129	01	custom22	/data/projects/srndna-ultimatum/derivatives/fsl/sub-129/ts_task-ultimatum_net0001_nppi-dmn_run-01.txt	/ZPOOL/data/projects/srndna-ultimatum/derivatives/fsl/sub-129/ts_task-ultimatum_net0001_nppi-dmn_run-01.txt	found	
sub-129	01	custom23	/data/projects/srndna-ultimatum/derivatives/fsl/sub-129/ts_task-ultimatum_net0002_nppi-dmn_run-01.txt	/ZPOOL/data/projects/srndna-ultimatum/derivatives/fsl/sub-129/ts_task-ultimatum_net0002_nppi-dmn_run-01.txt	found	
sub-129	01	custom24	/data/projects/srndna-ultimatum/derivatives/fsl/sub-129/ts_task-ultimatum_net0004_nppi-dmn_run-01.txt	/ZPOOL/data/projects/srndna-ultimatum/derivatives/fsl/sub-129/ts_task-ultimatum_net0004_nppi-dmn_run-01.txt	found	
sub-129	01	custom25	/data/projects/srndna-ultimatum/derivatives/fsl/sub-129/ts_task-ultimatum_net0005_nppi-dmn_run-01.txt	/ZPOOL/data/projects/srndna-ultimatum/derivatives/fsl/sub-129/ts_task-ultimatum_net0005_nppi-dmn_run-01.txt	found	
sub-129	01	custom26	/data/projects/srndna-ultimatum/derivatives/fsl/sub-129/ts_task-ultimatum_net0006_nppi-dmn_run-01.txt	/ZPOOL/data/projects/srndna-ultimatum/derivatives/fsl/sub-129/ts_task-ultimatum_net0006_nppi-dmn_run-01.txt	found	
sub-129	01	custom27	/data/projects/srndna-ultimatum/derivatives/fsl/sub-129/ts_task-ultimatum_net0008_nppi-dmn_run-01.txt	/ZPOOL/data/projects/srndna-ultimatum/derivatives/fsl/sub-129/ts_task-ultimatum_net0008_nppi-dmn_run-01.txt	found	
sub-129	01	custom28	/data/projects/srndna-ultimatum/derivatives/fsl/sub-129/ts_task-ultimatum_net0009_nppi-dmn_run-01.txt	/ZPOOL/data/projects/srndna-ultimatum/derivatives/fsl/sub-129/ts_task-ultimatum_net0009_nppi-dmn_run-01.txt	found	
sub-129	02	source_fsf	/ZPOOL/data/projects/srndna-ultimatum/derivatives/fsl/sub-129/L1_task-ultimatum_model-02_type-nppi-dmn_run-02_sm-6.feat/design.fsf	/ZPOOL/data/projects/srndna-ultimatum/derivatives/fsl/sub-129/L1_task-ultimatum_model-02_type-nppi-dmn_run-02_sm-6.feat/design.fsf	found	
sub-129	02	events	/ZPOOL/data/projects/srndna-ultimatum/source_data/bids/sub-129/func/sub-129_task-ultimatum_run-02_events.tsv	/ZPOOL/data/projects/srndna-ultimatum/source_data/bids/sub-129/func/sub-129_task-ultimatum_run-02_events.tsv	found	
sub-129	02	feat_files(1)	/data/projects/srndna-data/derivatives/fmriprep/sub-129/func/sub-129_task-ultimatum_run-2_space-MNI152NLin2009cAsym_desc-preproc_bold.nii.gz	/ZPOOL/data/projects/srndna-ug/derivatives/fmriprep/sub-129/func/sub-129_task-ultimatum_run-2_space-MNI152NLin2009cAsym_desc-preproc_bold.nii.gz	found	
sub-129	02	confoundev_files(1)	/data/projects/srndna-data/derivatives/fsl/confounds/sub-129/sub-129_task-ultimatum_run-2_desc-fslConfounds.tsv		missing	explicitly mapped input missing: /data/projects/srndna-data/derivatives/fsl/confounds/sub-129/sub-129_task-ultimatum_run-2_desc-fslConfounds.tsv -> /ZPOOL/data/projects/srndna-ultimatum/derivatives/fsl/confounds/sub-129/sub-129_task-ultimatum_run-2_desc-fslConfounds.tsv
sub-129	02	regstandard	/usr/share/fsl/6.0.3/data/standard/MNI152_T1_2mm_brain	/usr/local/fsl/data/standard/MNI152_T1_2mm_brain.nii.gz	found	
sub-129	02	custom1	/data/projects/srndna-data/derivatives/fsl/EVfiles/sub-129/ultimatum-pmod/run-02_event_computer.txt		missing	explicitly mapped input missing: /data/projects/srndna-data/derivatives/fsl/EVfiles/sub-129/ultimatum-pmod/run-02_event_computer.txt -> /ZPOOL/data/projects/srndna-ultimatum/derivatives/fsl/EVfiles/sub-129/ultimatum-pmod/run-02_event_computer.txt
sub-129	02	custom2	/data/projects/srndna-data/derivatives/fsl/EVfiles/sub-129/ultimatum-pmod/run-02_event_computer_pmod.txt		missing	explicitly mapped input missing: /data/projects/srndna-data/derivatives/fsl/EVfiles/sub-129/ultimatum-pmod/run-02_event_computer_pmod.txt -> /ZPOOL/data/projects/srndna-ultimatum/derivatives/fsl/EVfiles/sub-129/ultimatum-pmod/run-02_event_computer_pmod.txt
sub-129	02	custom3	/data/projects/srndna-data/derivatives/fsl/EVfiles/sub-129/ultimatum-pmod/run-02_event_ingroup.txt		missing	explicitly mapped input missing: /data/projects/srndna-data/derivatives/fsl/EVfiles/sub-129/ultimatum-pmod/run-02_event_ingroup.txt -> /ZPOOL/data/projects/srndna-ultimatum/derivatives/fsl/EVfiles/sub-129/ultimatum-pmod/run-02_event_ingroup.txt
sub-129	02	custom4	/data/projects/srndna-data/derivatives/fsl/EVfiles/sub-129/ultimatum-pmod/run-02_event_ingroup_pmod.txt		missing	explicitly mapped input missing: /data/projects/srndna-data/derivatives/fsl/EVfiles/sub-129/ultimatum-pmod/run-02_event_ingroup_pmod.txt -> /ZPOOL/data/projects/srndna-ultimatum/derivatives/fsl/EVfiles/sub-129/ultimatum-pmod/run-02_event_ingroup_pmod.txt
sub-129	02	custom5	/data/projects/srndna-data/derivatives/fsl/EVfiles/sub-129/ultimatum-pmod/run-02_event_outgroup.txt		missing	explicitly mapped input missing: /data/projects/srndna-data/derivatives/fsl/EVfiles/sub-129/ultimatum-pmod/run-02_event_outgroup.txt -> /ZPOOL/data/projects/srndna-ultimatum/derivatives/fsl/EVfiles/sub-129/ultimatum-pmod/run-02_event_outgroup.txt
sub-129	02	custom6	/data/projects/srndna-data/derivatives/fsl/EVfiles/sub-129/ultimatum-pmod/run-02_event_outgroup_pmod.txt		missing	explicitly mapped input missing: /data/projects/srndna-data/derivatives/fsl/EVfiles/sub-129/ultimatum-pmod/run-02_event_outgroup_pmod.txt -> /ZPOOL/data/projects/srndna-ultimatum/derivatives/fsl/EVfiles/sub-129/ultimatum-pmod/run-02_event_outgroup_pmod.txt
sub-129	02	custom10	/data/projects/srndna-ultimatum/derivatives/fsl/sub-129/ts_task-ultimatum_net0003_nppi-dmn_run-02.txt	/ZPOOL/data/projects/srndna-ultimatum/derivatives/fsl/sub-129/ts_task-ultimatum_net0003_nppi-dmn_run-02.txt	found	
sub-129	02	custom20	/data/projects/srndna-ultimatum/derivatives/fsl/sub-129/ts_task-ultimatum_net0007_nppi-dmn_run-02.txt	/ZPOOL/data/projects/srndna-ultimatum/derivatives/fsl/sub-129/ts_task-ultimatum_net0007_nppi-dmn_run-02.txt	found	
sub-129	02	custom21	/data/projects/srndna-ultimatum/derivatives/fsl/sub-129/ts_task-ultimatum_net0000_nppi-dmn_run-02.txt	/ZPOOL/data/projects/srndna-ultimatum/derivatives/fsl/sub-129/ts_task-ultimatum_net0000_nppi-dmn_run-02.txt	found	
sub-129	02	custom22	/data/projects/srndna-ultimatum/derivatives/fsl/sub-129/ts_task-ultimatum_net0001_nppi-dmn_run-02.txt	/ZPOOL/data/projects/srndna-ultimatum/derivatives/fsl/sub-129/ts_task-ultimatum_net0001_nppi-dmn_run-02.txt	found	
sub-129	02	custom23	/data/projects/srndna-ultimatum/derivatives/fsl/sub-129/ts_task-ultimatum_net0002_nppi-dmn_run-02.txt	/ZPOOL/data/projects/srndna-ultimatum/derivatives/fsl/sub-129/ts_task-ultimatum_net0002_nppi-dmn_run-02.txt	found	
sub-129	02	custom24	/data/projects/srndna-ultimatum/derivatives/fsl/sub-129/ts_task-ultimatum_net0004_nppi-dmn_run-02.txt	/ZPOOL/data/projects/srndna-ultimatum/derivatives/fsl/sub-129/ts_task-ultimatum_net0004_nppi-dmn_run-02.txt	found	
sub-129	02	custom25	/data/projects/srndna-ultimatum/derivatives/fsl/sub-129/ts_task-ultimatum_net0005_nppi-dmn_run-02.txt	/ZPOOL/data/projects/srndna-ultimatum/derivatives/fsl/sub-129/ts_task-ultimatum_net0005_nppi-dmn_run-02.txt	found	
sub-129	02	custom26	/data/projects/srndna-ultimatum/derivatives/fsl/sub-129/ts_task-ultimatum_net0006_nppi-dmn_run-02.txt	/ZPOOL/data/projects/srndna-ultimatum/derivatives/fsl/sub-129/ts_task-ultimatum_net0006_nppi-dmn_run-02.txt	found	
sub-129	02	custom27	/data/projects/srndna-ultimatum/derivatives/fsl/sub-129/ts_task-ultimatum_net0008_nppi-dmn_run-02.txt	/ZPOOL/data/projects/srndna-ultimatum/derivatives/fsl/sub-129/ts_task-ultimatum_net0008_nppi-dmn_run-02.txt	found	
sub-129	02	custom28	/data/projects/srndna-ultimatum/derivatives/fsl/sub-129/ts_task-ultimatum_net0009_nppi-dmn_run-02.txt	/ZPOOL/data/projects/srndna-ultimatum/derivatives/fsl/sub-129/ts_task-ultimatum_net0009_nppi-dmn_run-02.txt	found	
sub-129	combined	source_l2_fsf	/ZPOOL/data/projects/srndna-ultimatum/derivatives/fsl/sub-129/L2_task-ultimatum_model-02_type-nppi-dmn_sm-6.gfeat/design.fsf	/ZPOOL/data/projects/srndna-ultimatum/derivatives/fsl/sub-129/L2_task-ultimatum_model-02_type-nppi-dmn_sm-6.gfeat/design.fsf	found	
sub-130	01	source_fsf	/ZPOOL/data/projects/srndna-ultimatum/derivatives/fsl/sub-130/L1_task-ultimatum_model-02_type-nppi-dmn_run-01_sm-6.feat/design.fsf	/ZPOOL/data/projects/srndna-ultimatum/derivatives/fsl/sub-130/L1_task-ultimatum_model-02_type-nppi-dmn_run-01_sm-6.feat/design.fsf	found	
sub-130	01	events	/ZPOOL/data/projects/srndna-ultimatum/source_data/bids/sub-130/func/sub-130_task-ultimatum_run-01_events.tsv	/ZPOOL/data/projects/srndna-ultimatum/source_data/bids/sub-130/func/sub-130_task-ultimatum_run-01_events.tsv	found	
sub-130	01	feat_files(1)	/data/projects/srndna-data/derivatives/fmriprep/sub-130/func/sub-130_task-ultimatum_run-1_space-MNI152NLin2009cAsym_desc-preproc_bold.nii.gz	/ZPOOL/data/projects/srndna-ug/derivatives/fmriprep/sub-130/func/sub-130_task-ultimatum_run-1_space-MNI152NLin2009cAsym_desc-preproc_bold.nii.gz	found	
sub-130	01	confoundev_files(1)	/data/projects/srndna-data/derivatives/fsl/confounds/sub-130/sub-130_task-ultimatum_run-1_desc-fslConfounds.tsv		missing	explicitly mapped input missing: /data/projects/srndna-data/derivatives/fsl/confounds/sub-130/sub-130_task-ultimatum_run-1_desc-fslConfounds.tsv -> /ZPOOL/data/projects/srndna-ultimatum/derivatives/fsl/confounds/sub-130/sub-130_task-ultimatum_run-1_desc-fslConfounds.tsv
sub-130	01	regstandard	/usr/share/fsl/6.0.3/data/standard/MNI152_T1_2mm_brain	/usr/local/fsl/data/standard/MNI152_T1_2mm_brain.nii.gz	found	
sub-130	01	custom1	/data/projects/srndna-data/derivatives/fsl/EVfiles/sub-130/ultimatum-pmod/run-01_event_computer.txt		missing	explicitly mapped input missing: /data/projects/srndna-data/derivatives/fsl/EVfiles/sub-130/ultimatum-pmod/run-01_event_computer.txt -> /ZPOOL/data/projects/srndna-ultimatum/derivatives/fsl/EVfiles/sub-130/ultimatum-pmod/run-01_event_computer.txt
sub-130	01	custom2	/data/projects/srndna-data/derivatives/fsl/EVfiles/sub-130/ultimatum-pmod/run-01_event_computer_pmod.txt		missing	explicitly mapped input missing: /data/projects/srndna-data/derivatives/fsl/EVfiles/sub-130/ultimatum-pmod/run-01_event_computer_pmod.txt -> /ZPOOL/data/projects/srndna-ultimatum/derivatives/fsl/EVfiles/sub-130/ultimatum-pmod/run-01_event_computer_pmod.txt
sub-130	01	custom3	/data/projects/srndna-data/derivatives/fsl/EVfiles/sub-130/ultimatum-pmod/run-01_event_ingroup.txt		missing	explicitly mapped input missing: /data/projects/srndna-data/derivatives/fsl/EVfiles/sub-130/ultimatum-pmod/run-01_event_ingroup.txt -> /ZPOOL/data/projects/srndna-ultimatum/derivatives/fsl/EVfiles/sub-130/ultimatum-pmod/run-01_event_ingroup.txt
sub-130	01	custom4	/data/projects/srndna-data/derivatives/fsl/EVfiles/sub-130/ultimatum-pmod/run-01_event_ingroup_pmod.txt		missing	explicitly mapped input missing: /data/projects/srndna-data/derivatives/fsl/EVfiles/sub-130/ultimatum-pmod/run-01_event_ingroup_pmod.txt -> /ZPOOL/data/projects/srndna-ultimatum/derivatives/fsl/EVfiles/sub-130/ultimatum-pmod/run-01_event_ingroup_pmod.txt
sub-130	01	custom5	/data/projects/srndna-data/derivatives/fsl/EVfiles/sub-130/ultimatum-pmod/run-01_event_outgroup.txt		missing	explicitly mapped input missing: /data/projects/srndna-data/derivatives/fsl/EVfiles/sub-130/ultimatum-pmod/run-01_event_outgroup.txt -> /ZPOOL/data/projects/srndna-ultimatum/derivatives/fsl/EVfiles/sub-130/ultimatum-pmod/run-01_event_outgroup.txt
sub-130	01	custom6	/data/projects/srndna-data/derivatives/fsl/EVfiles/sub-130/ultimatum-pmod/run-01_event_outgroup_pmod.txt		missing	explicitly mapped input missing: /data/projects/srndna-data/derivatives/fsl/EVfiles/sub-130/ultimatum-pmod/run-01_event_outgroup_pmod.txt -> /ZPOOL/data/projects/srndna-ultimatum/derivatives/fsl/EVfiles/sub-130/ultimatum-pmod/run-01_event_outgroup_pmod.txt
sub-130	01	custom7	/data/projects/srndna-data/derivatives/fsl/EVfiles/sub-130/ultimatum-pmod/run-01_missed_trial.txt		missing	explicitly mapped input missing: /data/projects/srndna-data/derivatives/fsl/EVfiles/sub-130/ultimatum-pmod/run-01_missed_trial.txt -> /ZPOOL/data/projects/srndna-ultimatum/derivatives/fsl/EVfiles/sub-130/ultimatum-pmod/run-01_missed_trial.txt
sub-130	01	custom10	/data/projects/srndna-ultimatum/derivatives/fsl/sub-130/ts_task-ultimatum_net0003_nppi-dmn_run-01.txt	/ZPOOL/data/projects/srndna-ultimatum/derivatives/fsl/sub-130/ts_task-ultimatum_net0003_nppi-dmn_run-01.txt	found	
sub-130	01	custom20	/data/projects/srndna-ultimatum/derivatives/fsl/sub-130/ts_task-ultimatum_net0007_nppi-dmn_run-01.txt	/ZPOOL/data/projects/srndna-ultimatum/derivatives/fsl/sub-130/ts_task-ultimatum_net0007_nppi-dmn_run-01.txt	found	
sub-130	01	custom21	/data/projects/srndna-ultimatum/derivatives/fsl/sub-130/ts_task-ultimatum_net0000_nppi-dmn_run-01.txt	/ZPOOL/data/projects/srndna-ultimatum/derivatives/fsl/sub-130/ts_task-ultimatum_net0000_nppi-dmn_run-01.txt	found	
sub-130	01	custom22	/data/projects/srndna-ultimatum/derivatives/fsl/sub-130/ts_task-ultimatum_net0001_nppi-dmn_run-01.txt	/ZPOOL/data/projects/srndna-ultimatum/derivatives/fsl/sub-130/ts_task-ultimatum_net0001_nppi-dmn_run-01.txt	found	
sub-130	01	custom23	/data/projects/srndna-ultimatum/derivatives/fsl/sub-130/ts_task-ultimatum_net0002_nppi-dmn_run-01.txt	/ZPOOL/data/projects/srndna-ultimatum/derivatives/fsl/sub-130/ts_task-ultimatum_net0002_nppi-dmn_run-01.txt	found	
sub-130	01	custom24	/data/projects/srndna-ultimatum/derivatives/fsl/sub-130/ts_task-ultimatum_net0004_nppi-dmn_run-01.txt	/ZPOOL/data/projects/srndna-ultimatum/derivatives/fsl/sub-130/ts_task-ultimatum_net0004_nppi-dmn_run-01.txt	found	
sub-130	01	custom25	/data/projects/srndna-ultimatum/derivatives/fsl/sub-130/ts_task-ultimatum_net0005_nppi-dmn_run-01.txt	/ZPOOL/data/projects/srndna-ultimatum/derivatives/fsl/sub-130/ts_task-ultimatum_net0005_nppi-dmn_run-01.txt	found	
sub-130	01	custom26	/data/projects/srndna-ultimatum/derivatives/fsl/sub-130/ts_task-ultimatum_net0006_nppi-dmn_run-01.txt	/ZPOOL/data/projects/srndna-ultimatum/derivatives/fsl/sub-130/ts_task-ultimatum_net0006_nppi-dmn_run-01.txt	found	
sub-130	01	custom27	/data/projects/srndna-ultimatum/derivatives/fsl/sub-130/ts_task-ultimatum_net0008_nppi-dmn_run-01.txt	/ZPOOL/data/projects/srndna-ultimatum/derivatives/fsl/sub-130/ts_task-ultimatum_net0008_nppi-dmn_run-01.txt	found	
sub-130	01	custom28	/data/projects/srndna-ultimatum/derivatives/fsl/sub-130/ts_task-ultimatum_net0009_nppi-dmn_run-01.txt	/ZPOOL/data/projects/srndna-ultimatum/derivatives/fsl/sub-130/ts_task-ultimatum_net0009_nppi-dmn_run-01.txt	found	
sub-130	02	source_fsf	/ZPOOL/data/projects/srndna-ultimatum/derivatives/fsl/sub-130/L1_task-ultimatum_model-02_type-nppi-dmn_run-02_sm-6.feat/design.fsf	/ZPOOL/data/projects/srndna-ultimatum/derivatives/fsl/sub-130/L1_task-ultimatum_model-02_type-nppi-dmn_run-02_sm-6.feat/design.fsf	found	
sub-130	02	events	/ZPOOL/data/projects/srndna-ultimatum/source_data/bids/sub-130/func/sub-130_task-ultimatum_run-02_events.tsv	/ZPOOL/data/projects/srndna-ultimatum/source_data/bids/sub-130/func/sub-130_task-ultimatum_run-02_events.tsv	found	
sub-130	02	feat_files(1)	/data/projects/srndna-data/derivatives/fmriprep/sub-130/func/sub-130_task-ultimatum_run-2_space-MNI152NLin2009cAsym_desc-preproc_bold.nii.gz	/ZPOOL/data/projects/srndna-ug/derivatives/fmriprep/sub-130/func/sub-130_task-ultimatum_run-2_space-MNI152NLin2009cAsym_desc-preproc_bold.nii.gz	found	
sub-130	02	confoundev_files(1)	/data/projects/srndna-data/derivatives/fsl/confounds/sub-130/sub-130_task-ultimatum_run-2_desc-fslConfounds.tsv		missing	explicitly mapped input missing: /data/projects/srndna-data/derivatives/fsl/confounds/sub-130/sub-130_task-ultimatum_run-2_desc-fslConfounds.tsv -> /ZPOOL/data/projects/srndna-ultimatum/derivatives/fsl/confounds/sub-130/sub-130_task-ultimatum_run-2_desc-fslConfounds.tsv
sub-130	02	regstandard	/usr/share/fsl/6.0.3/data/standard/MNI152_T1_2mm_brain	/usr/local/fsl/data/standard/MNI152_T1_2mm_brain.nii.gz	found	
sub-130	02	custom1	/data/projects/srndna-data/derivatives/fsl/EVfiles/sub-130/ultimatum-pmod/run-02_event_computer.txt		missing	explicitly mapped input missing: /data/projects/srndna-data/derivatives/fsl/EVfiles/sub-130/ultimatum-pmod/run-02_event_computer.txt -> /ZPOOL/data/projects/srndna-ultimatum/derivatives/fsl/EVfiles/sub-130/ultimatum-pmod/run-02_event_computer.txt
sub-130	02	custom2	/data/projects/srndna-data/derivatives/fsl/EVfiles/sub-130/ultimatum-pmod/run-02_event_computer_pmod.txt		missing	explicitly mapped input missing: /data/projects/srndna-data/derivatives/fsl/EVfiles/sub-130/ultimatum-pmod/run-02_event_computer_pmod.txt -> /ZPOOL/data/projects/srndna-ultimatum/derivatives/fsl/EVfiles/sub-130/ultimatum-pmod/run-02_event_computer_pmod.txt
sub-130	02	custom3	/data/projects/srndna-data/derivatives/fsl/EVfiles/sub-130/ultimatum-pmod/run-02_event_ingroup.txt		missing	explicitly mapped input missing: /data/projects/srndna-data/derivatives/fsl/EVfiles/sub-130/ultimatum-pmod/run-02_event_ingroup.txt -> /ZPOOL/data/projects/srndna-ultimatum/derivatives/fsl/EVfiles/sub-130/ultimatum-pmod/run-02_event_ingroup.txt
sub-130	02	custom4	/data/projects/srndna-data/derivatives/fsl/EVfiles/sub-130/ultimatum-pmod/run-02_event_ingroup_pmod.txt		missing	explicitly mapped input missing: /data/projects/srndna-data/derivatives/fsl/EVfiles/sub-130/ultimatum-pmod/run-02_event_ingroup_pmod.txt -> /ZPOOL/data/projects/srndna-ultimatum/derivatives/fsl/EVfiles/sub-130/ultimatum-pmod/run-02_event_ingroup_pmod.txt
sub-130	02	custom5	/data/projects/srndna-data/derivatives/fsl/EVfiles/sub-130/ultimatum-pmod/run-02_event_outgroup.txt		missing	explicitly mapped input missing: /data/projects/srndna-data/derivatives/fsl/EVfiles/sub-130/ultimatum-pmod/run-02_event_outgroup.txt -> /ZPOOL/data/projects/srndna-ultimatum/derivatives/fsl/EVfiles/sub-130/ultimatum-pmod/run-02_event_outgroup.txt
sub-130	02	custom6	/data/projects/srndna-data/derivatives/fsl/EVfiles/sub-130/ultimatum-pmod/run-02_event_outgroup_pmod.txt		missing	explicitly mapped input missing: /data/projects/srndna-data/derivatives/fsl/EVfiles/sub-130/ultimatum-pmod/run-02_event_outgroup_pmod.txt -> /ZPOOL/data/projects/srndna-ultimatum/derivatives/fsl/EVfiles/sub-130/ultimatum-pmod/run-02_event_outgroup_pmod.txt
sub-130	02	custom10	/data/projects/srndna-ultimatum/derivatives/fsl/sub-130/ts_task-ultimatum_net0003_nppi-dmn_run-02.txt	/ZPOOL/data/projects/srndna-ultimatum/derivatives/fsl/sub-130/ts_task-ultimatum_net0003_nppi-dmn_run-02.txt	found	
sub-130	02	custom20	/data/projects/srndna-ultimatum/derivatives/fsl/sub-130/ts_task-ultimatum_net0007_nppi-dmn_run-02.txt	/ZPOOL/data/projects/srndna-ultimatum/derivatives/fsl/sub-130/ts_task-ultimatum_net0007_nppi-dmn_run-02.txt	found	
sub-130	02	custom21	/data/projects/srndna-ultimatum/derivatives/fsl/sub-130/ts_task-ultimatum_net0000_nppi-dmn_run-02.txt	/ZPOOL/data/projects/srndna-ultimatum/derivatives/fsl/sub-130/ts_task-ultimatum_net0000_nppi-dmn_run-02.txt	found	
sub-130	02	custom22	/data/projects/srndna-ultimatum/derivatives/fsl/sub-130/ts_task-ultimatum_net0001_nppi-dmn_run-02.txt	/ZPOOL/data/projects/srndna-ultimatum/derivatives/fsl/sub-130/ts_task-ultimatum_net0001_nppi-dmn_run-02.txt	found	
sub-130	02	custom23	/data/projects/srndna-ultimatum/derivatives/fsl/sub-130/ts_task-ultimatum_net0002_nppi-dmn_run-02.txt	/ZPOOL/data/projects/srndna-ultimatum/derivatives/fsl/sub-130/ts_task-ultimatum_net0002_nppi-dmn_run-02.txt	found	
sub-130	02	custom24	/data/projects/srndna-ultimatum/derivatives/fsl/sub-130/ts_task-ultimatum_net0004_nppi-dmn_run-02.txt	/ZPOOL/data/projects/srndna-ultimatum/derivatives/fsl/sub-130/ts_task-ultimatum_net0004_nppi-dmn_run-02.txt	found	
sub-130	02	custom25	/data/projects/srndna-ultimatum/derivatives/fsl/sub-130/ts_task-ultimatum_net0005_nppi-dmn_run-02.txt	/ZPOOL/data/projects/srndna-ultimatum/derivatives/fsl/sub-130/ts_task-ultimatum_net0005_nppi-dmn_run-02.txt	found	
sub-130	02	custom26	/data/projects/srndna-ultimatum/derivatives/fsl/sub-130/ts_task-ultimatum_net0006_nppi-dmn_run-02.txt	/ZPOOL/data/projects/srndna-ultimatum/derivatives/fsl/sub-130/ts_task-ultimatum_net0006_nppi-dmn_run-02.txt	found	
sub-130	02	custom27	/data/projects/srndna-ultimatum/derivatives/fsl/sub-130/ts_task-ultimatum_net0008_nppi-dmn_run-02.txt	/ZPOOL/data/projects/srndna-ultimatum/derivatives/fsl/sub-130/ts_task-ultimatum_net0008_nppi-dmn_run-02.txt	found	
sub-130	02	custom28	/data/projects/srndna-ultimatum/derivatives/fsl/sub-130/ts_task-ultimatum_net0009_nppi-dmn_run-02.txt	/ZPOOL/data/projects/srndna-ultimatum/derivatives/fsl/sub-130/ts_task-ultimatum_net0009_nppi-dmn_run-02.txt	found	
sub-130	combined	source_l2_fsf	/ZPOOL/data/projects/srndna-ultimatum/derivatives/fsl/sub-130/L2_task-ultimatum_model-02_type-nppi-dmn_sm-6.gfeat/design.fsf	/ZPOOL/data/projects/srndna-ultimatum/derivatives/fsl/sub-130/L2_task-ultimatum_model-02_type-nppi-dmn_sm-6.gfeat/design.fsf	found	
sub-132	01	source_fsf	/ZPOOL/data/projects/srndna-ultimatum/derivatives/fsl/sub-132/L1_task-ultimatum_model-02_type-nppi-dmn_run-01_sm-6.feat/design.fsf	/ZPOOL/data/projects/srndna-ultimatum/derivatives/fsl/sub-132/L1_task-ultimatum_model-02_type-nppi-dmn_run-01_sm-6.feat/design.fsf	found	
sub-132	01	events	/ZPOOL/data/projects/srndna-ultimatum/source_data/bids/sub-132/func/sub-132_task-ultimatum_run-01_events.tsv	/ZPOOL/data/projects/srndna-ultimatum/source_data/bids/sub-132/func/sub-132_task-ultimatum_run-01_events.tsv	found	
sub-132	01	feat_files(1)	/data/projects/srndna-data/derivatives/fmriprep/sub-132/func/sub-132_task-ultimatum_run-1_space-MNI152NLin2009cAsym_desc-preproc_bold.nii.gz	/ZPOOL/data/projects/srndna-ug/derivatives/fmriprep/sub-132/func/sub-132_task-ultimatum_run-1_space-MNI152NLin2009cAsym_desc-preproc_bold.nii.gz	found	
sub-132	01	confoundev_files(1)	/data/projects/srndna-data/derivatives/fsl/confounds/sub-132/sub-132_task-ultimatum_run-1_desc-fslConfounds.tsv		missing	explicitly mapped input missing: /data/projects/srndna-data/derivatives/fsl/confounds/sub-132/sub-132_task-ultimatum_run-1_desc-fslConfounds.tsv -> /ZPOOL/data/projects/srndna-ultimatum/derivatives/fsl/confounds/sub-132/sub-132_task-ultimatum_run-1_desc-fslConfounds.tsv
sub-132	01	regstandard	/usr/share/fsl/6.0.3/data/standard/MNI152_T1_2mm_brain	/usr/local/fsl/data/standard/MNI152_T1_2mm_brain.nii.gz	found	
sub-132	01	custom1	/data/projects/srndna-data/derivatives/fsl/EVfiles/sub-132/ultimatum-pmod/run-01_event_computer.txt		missing	explicitly mapped input missing: /data/projects/srndna-data/derivatives/fsl/EVfiles/sub-132/ultimatum-pmod/run-01_event_computer.txt -> /ZPOOL/data/projects/srndna-ultimatum/derivatives/fsl/EVfiles/sub-132/ultimatum-pmod/run-01_event_computer.txt
sub-132	01	custom2	/data/projects/srndna-data/derivatives/fsl/EVfiles/sub-132/ultimatum-pmod/run-01_event_computer_pmod.txt		missing	explicitly mapped input missing: /data/projects/srndna-data/derivatives/fsl/EVfiles/sub-132/ultimatum-pmod/run-01_event_computer_pmod.txt -> /ZPOOL/data/projects/srndna-ultimatum/derivatives/fsl/EVfiles/sub-132/ultimatum-pmod/run-01_event_computer_pmod.txt
sub-132	01	custom3	/data/projects/srndna-data/derivatives/fsl/EVfiles/sub-132/ultimatum-pmod/run-01_event_ingroup.txt		missing	explicitly mapped input missing: /data/projects/srndna-data/derivatives/fsl/EVfiles/sub-132/ultimatum-pmod/run-01_event_ingroup.txt -> /ZPOOL/data/projects/srndna-ultimatum/derivatives/fsl/EVfiles/sub-132/ultimatum-pmod/run-01_event_ingroup.txt
sub-132	01	custom4	/data/projects/srndna-data/derivatives/fsl/EVfiles/sub-132/ultimatum-pmod/run-01_event_ingroup_pmod.txt		missing	explicitly mapped input missing: /data/projects/srndna-data/derivatives/fsl/EVfiles/sub-132/ultimatum-pmod/run-01_event_ingroup_pmod.txt -> /ZPOOL/data/projects/srndna-ultimatum/derivatives/fsl/EVfiles/sub-132/ultimatum-pmod/run-01_event_ingroup_pmod.txt
sub-132	01	custom5	/data/projects/srndna-data/derivatives/fsl/EVfiles/sub-132/ultimatum-pmod/run-01_event_outgroup.txt		missing	explicitly mapped input missing: /data/projects/srndna-data/derivatives/fsl/EVfiles/sub-132/ultimatum-pmod/run-01_event_outgroup.txt -> /ZPOOL/data/projects/srndna-ultimatum/derivatives/fsl/EVfiles/sub-132/ultimatum-pmod/run-01_event_outgroup.txt
sub-132	01	custom6	/data/projects/srndna-data/derivatives/fsl/EVfiles/sub-132/ultimatum-pmod/run-01_event_outgroup_pmod.txt		missing	explicitly mapped input missing: /data/projects/srndna-data/derivatives/fsl/EVfiles/sub-132/ultimatum-pmod/run-01_event_outgroup_pmod.txt -> /ZPOOL/data/projects/srndna-ultimatum/derivatives/fsl/EVfiles/sub-132/ultimatum-pmod/run-01_event_outgroup_pmod.txt
sub-132	01	custom7	/data/projects/srndna-data/derivatives/fsl/EVfiles/sub-132/ultimatum-pmod/run-01_missed_trial.txt		missing	explicitly mapped input missing: /data/projects/srndna-data/derivatives/fsl/EVfiles/sub-132/ultimatum-pmod/run-01_missed_trial.txt -> /ZPOOL/data/projects/srndna-ultimatum/derivatives/fsl/EVfiles/sub-132/ultimatum-pmod/run-01_missed_trial.txt
sub-132	01	custom10	/data/projects/srndna-ultimatum/derivatives/fsl/sub-132/ts_task-ultimatum_net0003_nppi-dmn_run-01.txt	/ZPOOL/data/projects/srndna-ultimatum/derivatives/fsl/sub-132/ts_task-ultimatum_net0003_nppi-dmn_run-01.txt	found	
sub-132	01	custom20	/data/projects/srndna-ultimatum/derivatives/fsl/sub-132/ts_task-ultimatum_net0007_nppi-dmn_run-01.txt	/ZPOOL/data/projects/srndna-ultimatum/derivatives/fsl/sub-132/ts_task-ultimatum_net0007_nppi-dmn_run-01.txt	found	
sub-132	01	custom21	/data/projects/srndna-ultimatum/derivatives/fsl/sub-132/ts_task-ultimatum_net0000_nppi-dmn_run-01.txt	/ZPOOL/data/projects/srndna-ultimatum/derivatives/fsl/sub-132/ts_task-ultimatum_net0000_nppi-dmn_run-01.txt	found	
sub-132	01	custom22	/data/projects/srndna-ultimatum/derivatives/fsl/sub-132/ts_task-ultimatum_net0001_nppi-dmn_run-01.txt	/ZPOOL/data/projects/srndna-ultimatum/derivatives/fsl/sub-132/ts_task-ultimatum_net0001_nppi-dmn_run-01.txt	found	
sub-132	01	custom23	/data/projects/srndna-ultimatum/derivatives/fsl/sub-132/ts_task-ultimatum_net0002_nppi-dmn_run-01.txt	/ZPOOL/data/projects/srndna-ultimatum/derivatives/fsl/sub-132/ts_task-ultimatum_net0002_nppi-dmn_run-01.txt	found	
sub-132	01	custom24	/data/projects/srndna-ultimatum/derivatives/fsl/sub-132/ts_task-ultimatum_net0004_nppi-dmn_run-01.txt	/ZPOOL/data/projects/srndna-ultimatum/derivatives/fsl/sub-132/ts_task-ultimatum_net0004_nppi-dmn_run-01.txt	found	
sub-132	01	custom25	/data/projects/srndna-ultimatum/derivatives/fsl/sub-132/ts_task-ultimatum_net0005_nppi-dmn_run-01.txt	/ZPOOL/data/projects/srndna-ultimatum/derivatives/fsl/sub-132/ts_task-ultimatum_net0005_nppi-dmn_run-01.txt	found	
sub-132	01	custom26	/data/projects/srndna-ultimatum/derivatives/fsl/sub-132/ts_task-ultimatum_net0006_nppi-dmn_run-01.txt	/ZPOOL/data/projects/srndna-ultimatum/derivatives/fsl/sub-132/ts_task-ultimatum_net0006_nppi-dmn_run-01.txt	found	
sub-132	01	custom27	/data/projects/srndna-ultimatum/derivatives/fsl/sub-132/ts_task-ultimatum_net0008_nppi-dmn_run-01.txt	/ZPOOL/data/projects/srndna-ultimatum/derivatives/fsl/sub-132/ts_task-ultimatum_net0008_nppi-dmn_run-01.txt	found	
sub-132	01	custom28	/data/projects/srndna-ultimatum/derivatives/fsl/sub-132/ts_task-ultimatum_net0009_nppi-dmn_run-01.txt	/ZPOOL/data/projects/srndna-ultimatum/derivatives/fsl/sub-132/ts_task-ultimatum_net0009_nppi-dmn_run-01.txt	found	
sub-132	02	source_fsf	/ZPOOL/data/projects/srndna-ultimatum/derivatives/fsl/sub-132/L1_task-ultimatum_model-02_type-nppi-dmn_run-02_sm-6.feat/design.fsf	/ZPOOL/data/projects/srndna-ultimatum/derivatives/fsl/sub-132/L1_task-ultimatum_model-02_type-nppi-dmn_run-02_sm-6.feat/design.fsf	found	
sub-132	02	events	/ZPOOL/data/projects/srndna-ultimatum/source_data/bids/sub-132/func/sub-132_task-ultimatum_run-02_events.tsv	/ZPOOL/data/projects/srndna-ultimatum/source_data/bids/sub-132/func/sub-132_task-ultimatum_run-02_events.tsv	found	
sub-132	02	feat_files(1)	/data/projects/srndna-data/derivatives/fmriprep/sub-132/func/sub-132_task-ultimatum_run-2_space-MNI152NLin2009cAsym_desc-preproc_bold.nii.gz	/ZPOOL/data/projects/srndna-ug/derivatives/fmriprep/sub-132/func/sub-132_task-ultimatum_run-2_space-MNI152NLin2009cAsym_desc-preproc_bold.nii.gz	found	
sub-132	02	confoundev_files(1)	/data/projects/srndna-data/derivatives/fsl/confounds/sub-132/sub-132_task-ultimatum_run-2_desc-fslConfounds.tsv		missing	explicitly mapped input missing: /data/projects/srndna-data/derivatives/fsl/confounds/sub-132/sub-132_task-ultimatum_run-2_desc-fslConfounds.tsv -> /ZPOOL/data/projects/srndna-ultimatum/derivatives/fsl/confounds/sub-132/sub-132_task-ultimatum_run-2_desc-fslConfounds.tsv
sub-132	02	regstandard	/usr/share/fsl/6.0.3/data/standard/MNI152_T1_2mm_brain	/usr/local/fsl/data/standard/MNI152_T1_2mm_brain.nii.gz	found	
sub-132	02	custom1	/data/projects/srndna-data/derivatives/fsl/EVfiles/sub-132/ultimatum-pmod/run-02_event_computer.txt		missing	explicitly mapped input missing: /data/projects/srndna-data/derivatives/fsl/EVfiles/sub-132/ultimatum-pmod/run-02_event_computer.txt -> /ZPOOL/data/projects/srndna-ultimatum/derivatives/fsl/EVfiles/sub-132/ultimatum-pmod/run-02_event_computer.txt
sub-132	02	custom2	/data/projects/srndna-data/derivatives/fsl/EVfiles/sub-132/ultimatum-pmod/run-02_event_computer_pmod.txt		missing	explicitly mapped input missing: /data/projects/srndna-data/derivatives/fsl/EVfiles/sub-132/ultimatum-pmod/run-02_event_computer_pmod.txt -> /ZPOOL/data/projects/srndna-ultimatum/derivatives/fsl/EVfiles/sub-132/ultimatum-pmod/run-02_event_computer_pmod.txt
sub-132	02	custom3	/data/projects/srndna-data/derivatives/fsl/EVfiles/sub-132/ultimatum-pmod/run-02_event_ingroup.txt		missing	explicitly mapped input missing: /data/projects/srndna-data/derivatives/fsl/EVfiles/sub-132/ultimatum-pmod/run-02_event_ingroup.txt -> /ZPOOL/data/projects/srndna-ultimatum/derivatives/fsl/EVfiles/sub-132/ultimatum-pmod/run-02_event_ingroup.txt
sub-132	02	custom4	/data/projects/srndna-data/derivatives/fsl/EVfiles/sub-132/ultimatum-pmod/run-02_event_ingroup_pmod.txt		missing	explicitly mapped input missing: /data/projects/srndna-data/derivatives/fsl/EVfiles/sub-132/ultimatum-pmod/run-02_event_ingroup_pmod.txt -> /ZPOOL/data/projects/srndna-ultimatum/derivatives/fsl/EVfiles/sub-132/ultimatum-pmod/run-02_event_ingroup_pmod.txt
sub-132	02	custom5	/data/projects/srndna-data/derivatives/fsl/EVfiles/sub-132/ultimatum-pmod/run-02_event_outgroup.txt		missing	explicitly mapped input missing: /data/projects/srndna-data/derivatives/fsl/EVfiles/sub-132/ultimatum-pmod/run-02_event_outgroup.txt -> /ZPOOL/data/projects/srndna-ultimatum/derivatives/fsl/EVfiles/sub-132/ultimatum-pmod/run-02_event_outgroup.txt
sub-132	02	custom6	/data/projects/srndna-data/derivatives/fsl/EVfiles/sub-132/ultimatum-pmod/run-02_event_outgroup_pmod.txt		missing	explicitly mapped input missing: /data/projects/srndna-data/derivatives/fsl/EVfiles/sub-132/ultimatum-pmod/run-02_event_outgroup_pmod.txt -> /ZPOOL/data/projects/srndna-ultimatum/derivatives/fsl/EVfiles/sub-132/ultimatum-pmod/run-02_event_outgroup_pmod.txt
sub-132	02	custom10	/data/projects/srndna-ultimatum/derivatives/fsl/sub-132/ts_task-ultimatum_net0003_nppi-dmn_run-02.txt	/ZPOOL/data/projects/srndna-ultimatum/derivatives/fsl/sub-132/ts_task-ultimatum_net0003_nppi-dmn_run-02.txt	found	
sub-132	02	custom20	/data/projects/srndna-ultimatum/derivatives/fsl/sub-132/ts_task-ultimatum_net0007_nppi-dmn_run-02.txt	/ZPOOL/data/projects/srndna-ultimatum/derivatives/fsl/sub-132/ts_task-ultimatum_net0007_nppi-dmn_run-02.txt	found	
sub-132	02	custom21	/data/projects/srndna-ultimatum/derivatives/fsl/sub-132/ts_task-ultimatum_net0000_nppi-dmn_run-02.txt	/ZPOOL/data/projects/srndna-ultimatum/derivatives/fsl/sub-132/ts_task-ultimatum_net0000_nppi-dmn_run-02.txt	found	
sub-132	02	custom22	/data/projects/srndna-ultimatum/derivatives/fsl/sub-132/ts_task-ultimatum_net0001_nppi-dmn_run-02.txt	/ZPOOL/data/projects/srndna-ultimatum/derivatives/fsl/sub-132/ts_task-ultimatum_net0001_nppi-dmn_run-02.txt	found	
sub-132	02	custom23	/data/projects/srndna-ultimatum/derivatives/fsl/sub-132/ts_task-ultimatum_net0002_nppi-dmn_run-02.txt	/ZPOOL/data/projects/srndna-ultimatum/derivatives/fsl/sub-132/ts_task-ultimatum_net0002_nppi-dmn_run-02.txt	found	
sub-132	02	custom24	/data/projects/srndna-ultimatum/derivatives/fsl/sub-132/ts_task-ultimatum_net0004_nppi-dmn_run-02.txt	/ZPOOL/data/projects/srndna-ultimatum/derivatives/fsl/sub-132/ts_task-ultimatum_net0004_nppi-dmn_run-02.txt	found	
sub-132	02	custom25	/data/projects/srndna-ultimatum/derivatives/fsl/sub-132/ts_task-ultimatum_net0005_nppi-dmn_run-02.txt	/ZPOOL/data/projects/srndna-ultimatum/derivatives/fsl/sub-132/ts_task-ultimatum_net0005_nppi-dmn_run-02.txt	found	
sub-132	02	custom26	/data/projects/srndna-ultimatum/derivatives/fsl/sub-132/ts_task-ultimatum_net0006_nppi-dmn_run-02.txt	/ZPOOL/data/projects/srndna-ultimatum/derivatives/fsl/sub-132/ts_task-ultimatum_net0006_nppi-dmn_run-02.txt	found	
sub-132	02	custom27	/data/projects/srndna-ultimatum/derivatives/fsl/sub-132/ts_task-ultimatum_net0008_nppi-dmn_run-02.txt	/ZPOOL/data/projects/srndna-ultimatum/derivatives/fsl/sub-132/ts_task-ultimatum_net0008_nppi-dmn_run-02.txt	found	
sub-132	02	custom28	/data/projects/srndna-ultimatum/derivatives/fsl/sub-132/ts_task-ultimatum_net0009_nppi-dmn_run-02.txt	/ZPOOL/data/projects/srndna-ultimatum/derivatives/fsl/sub-132/ts_task-ultimatum_net0009_nppi-dmn_run-02.txt	found	
sub-132	combined	source_l2_fsf	/ZPOOL/data/projects/srndna-ultimatum/derivatives/fsl/sub-132/L2_task-ultimatum_model-02_type-nppi-dmn_sm-6.gfeat/design.fsf	/ZPOOL/data/projects/srndna-ultimatum/derivatives/fsl/sub-132/L2_task-ultimatum_model-02_type-nppi-dmn_sm-6.gfeat/design.fsf	found	
sub-133	01	source_fsf	/ZPOOL/data/projects/srndna-ultimatum/derivatives/fsl/sub-133/L1_task-ultimatum_model-02_type-nppi-dmn_run-01_sm-6.feat/design.fsf	/ZPOOL/data/projects/srndna-ultimatum/derivatives/fsl/sub-133/L1_task-ultimatum_model-02_type-nppi-dmn_run-01_sm-6.feat/design.fsf	found	
sub-133	01	events	/ZPOOL/data/projects/srndna-ultimatum/source_data/bids/sub-133/func/sub-133_task-ultimatum_run-01_events.tsv	/ZPOOL/data/projects/srndna-ultimatum/source_data/bids/sub-133/func/sub-133_task-ultimatum_run-01_events.tsv	found	
sub-133	01	feat_files(1)	/data/projects/srndna-data/derivatives/fmriprep/sub-133/func/sub-133_task-ultimatum_run-1_space-MNI152NLin2009cAsym_desc-preproc_bold.nii.gz	/ZPOOL/data/projects/srndna-ug/derivatives/fmriprep/sub-133/func/sub-133_task-ultimatum_run-1_space-MNI152NLin2009cAsym_desc-preproc_bold.nii.gz	found	
sub-133	01	confoundev_files(1)	/data/projects/srndna-data/derivatives/fsl/confounds/sub-133/sub-133_task-ultimatum_run-1_desc-fslConfounds.tsv		missing	explicitly mapped input missing: /data/projects/srndna-data/derivatives/fsl/confounds/sub-133/sub-133_task-ultimatum_run-1_desc-fslConfounds.tsv -> /ZPOOL/data/projects/srndna-ultimatum/derivatives/fsl/confounds/sub-133/sub-133_task-ultimatum_run-1_desc-fslConfounds.tsv
sub-133	01	regstandard	/usr/share/fsl/6.0.3/data/standard/MNI152_T1_2mm_brain	/usr/local/fsl/data/standard/MNI152_T1_2mm_brain.nii.gz	found	
sub-133	01	custom1	/data/projects/srndna-data/derivatives/fsl/EVfiles/sub-133/ultimatum-pmod/run-01_event_computer.txt		missing	explicitly mapped input missing: /data/projects/srndna-data/derivatives/fsl/EVfiles/sub-133/ultimatum-pmod/run-01_event_computer.txt -> /ZPOOL/data/projects/srndna-ultimatum/derivatives/fsl/EVfiles/sub-133/ultimatum-pmod/run-01_event_computer.txt
sub-133	01	custom2	/data/projects/srndna-data/derivatives/fsl/EVfiles/sub-133/ultimatum-pmod/run-01_event_computer_pmod.txt		missing	explicitly mapped input missing: /data/projects/srndna-data/derivatives/fsl/EVfiles/sub-133/ultimatum-pmod/run-01_event_computer_pmod.txt -> /ZPOOL/data/projects/srndna-ultimatum/derivatives/fsl/EVfiles/sub-133/ultimatum-pmod/run-01_event_computer_pmod.txt
sub-133	01	custom3	/data/projects/srndna-data/derivatives/fsl/EVfiles/sub-133/ultimatum-pmod/run-01_event_ingroup.txt		missing	explicitly mapped input missing: /data/projects/srndna-data/derivatives/fsl/EVfiles/sub-133/ultimatum-pmod/run-01_event_ingroup.txt -> /ZPOOL/data/projects/srndna-ultimatum/derivatives/fsl/EVfiles/sub-133/ultimatum-pmod/run-01_event_ingroup.txt
sub-133	01	custom4	/data/projects/srndna-data/derivatives/fsl/EVfiles/sub-133/ultimatum-pmod/run-01_event_ingroup_pmod.txt		missing	explicitly mapped input missing: /data/projects/srndna-data/derivatives/fsl/EVfiles/sub-133/ultimatum-pmod/run-01_event_ingroup_pmod.txt -> /ZPOOL/data/projects/srndna-ultimatum/derivatives/fsl/EVfiles/sub-133/ultimatum-pmod/run-01_event_ingroup_pmod.txt
sub-133	01	custom5	/data/projects/srndna-data/derivatives/fsl/EVfiles/sub-133/ultimatum-pmod/run-01_event_outgroup.txt		missing	explicitly mapped input missing: /data/projects/srndna-data/derivatives/fsl/EVfiles/sub-133/ultimatum-pmod/run-01_event_outgroup.txt -> /ZPOOL/data/projects/srndna-ultimatum/derivatives/fsl/EVfiles/sub-133/ultimatum-pmod/run-01_event_outgroup.txt
sub-133	01	custom6	/data/projects/srndna-data/derivatives/fsl/EVfiles/sub-133/ultimatum-pmod/run-01_event_outgroup_pmod.txt		missing	explicitly mapped input missing: /data/projects/srndna-data/derivatives/fsl/EVfiles/sub-133/ultimatum-pmod/run-01_event_outgroup_pmod.txt -> /ZPOOL/data/projects/srndna-ultimatum/derivatives/fsl/EVfiles/sub-133/ultimatum-pmod/run-01_event_outgroup_pmod.txt
sub-133	01	custom7	/data/projects/srndna-data/derivatives/fsl/EVfiles/sub-133/ultimatum-pmod/run-01_missed_trial.txt		missing	explicitly mapped input missing: /data/projects/srndna-data/derivatives/fsl/EVfiles/sub-133/ultimatum-pmod/run-01_missed_trial.txt -> /ZPOOL/data/projects/srndna-ultimatum/derivatives/fsl/EVfiles/sub-133/ultimatum-pmod/run-01_missed_trial.txt
sub-133	01	custom10	/data/projects/srndna-ultimatum/derivatives/fsl/sub-133/ts_task-ultimatum_net0003_nppi-dmn_run-01.txt	/ZPOOL/data/projects/srndna-ultimatum/derivatives/fsl/sub-133/ts_task-ultimatum_net0003_nppi-dmn_run-01.txt	found	
sub-133	01	custom20	/data/projects/srndna-ultimatum/derivatives/fsl/sub-133/ts_task-ultimatum_net0007_nppi-dmn_run-01.txt	/ZPOOL/data/projects/srndna-ultimatum/derivatives/fsl/sub-133/ts_task-ultimatum_net0007_nppi-dmn_run-01.txt	found	
sub-133	01	custom21	/data/projects/srndna-ultimatum/derivatives/fsl/sub-133/ts_task-ultimatum_net0000_nppi-dmn_run-01.txt	/ZPOOL/data/projects/srndna-ultimatum/derivatives/fsl/sub-133/ts_task-ultimatum_net0000_nppi-dmn_run-01.txt	found	
sub-133	01	custom22	/data/projects/srndna-ultimatum/derivatives/fsl/sub-133/ts_task-ultimatum_net0001_nppi-dmn_run-01.txt	/ZPOOL/data/projects/srndna-ultimatum/derivatives/fsl/sub-133/ts_task-ultimatum_net0001_nppi-dmn_run-01.txt	found	
sub-133	01	custom23	/data/projects/srndna-ultimatum/derivatives/fsl/sub-133/ts_task-ultimatum_net0002_nppi-dmn_run-01.txt	/ZPOOL/data/projects/srndna-ultimatum/derivatives/fsl/sub-133/ts_task-ultimatum_net0002_nppi-dmn_run-01.txt	found	
sub-133	01	custom24	/data/projects/srndna-ultimatum/derivatives/fsl/sub-133/ts_task-ultimatum_net0004_nppi-dmn_run-01.txt	/ZPOOL/data/projects/srndna-ultimatum/derivatives/fsl/sub-133/ts_task-ultimatum_net0004_nppi-dmn_run-01.txt	found	
sub-133	01	custom25	/data/projects/srndna-ultimatum/derivatives/fsl/sub-133/ts_task-ultimatum_net0005_nppi-dmn_run-01.txt	/ZPOOL/data/projects/srndna-ultimatum/derivatives/fsl/sub-133/ts_task-ultimatum_net0005_nppi-dmn_run-01.txt	found	
sub-133	01	custom26	/data/projects/srndna-ultimatum/derivatives/fsl/sub-133/ts_task-ultimatum_net0006_nppi-dmn_run-01.txt	/ZPOOL/data/projects/srndna-ultimatum/derivatives/fsl/sub-133/ts_task-ultimatum_net0006_nppi-dmn_run-01.txt	found	
sub-133	01	custom27	/data/projects/srndna-ultimatum/derivatives/fsl/sub-133/ts_task-ultimatum_net0008_nppi-dmn_run-01.txt	/ZPOOL/data/projects/srndna-ultimatum/derivatives/fsl/sub-133/ts_task-ultimatum_net0008_nppi-dmn_run-01.txt	found	
sub-133	01	custom28	/data/projects/srndna-ultimatum/derivatives/fsl/sub-133/ts_task-ultimatum_net0009_nppi-dmn_run-01.txt	/ZPOOL/data/projects/srndna-ultimatum/derivatives/fsl/sub-133/ts_task-ultimatum_net0009_nppi-dmn_run-01.txt	found	
sub-133	02	source_fsf	/ZPOOL/data/projects/srndna-ultimatum/derivatives/fsl/sub-133/L1_task-ultimatum_model-02_type-nppi-dmn_run-02_sm-6.feat/design.fsf	/ZPOOL/data/projects/srndna-ultimatum/derivatives/fsl/sub-133/L1_task-ultimatum_model-02_type-nppi-dmn_run-02_sm-6.feat/design.fsf	found	
sub-133	02	events	/ZPOOL/data/projects/srndna-ultimatum/source_data/bids/sub-133/func/sub-133_task-ultimatum_run-02_events.tsv	/ZPOOL/data/projects/srndna-ultimatum/source_data/bids/sub-133/func/sub-133_task-ultimatum_run-02_events.tsv	found	
sub-133	02	feat_files(1)	/data/projects/srndna-data/derivatives/fmriprep/sub-133/func/sub-133_task-ultimatum_run-2_space-MNI152NLin2009cAsym_desc-preproc_bold.nii.gz	/ZPOOL/data/projects/srndna-ug/derivatives/fmriprep/sub-133/func/sub-133_task-ultimatum_run-2_space-MNI152NLin2009cAsym_desc-preproc_bold.nii.gz	found	
sub-133	02	confoundev_files(1)	/data/projects/srndna-data/derivatives/fsl/confounds/sub-133/sub-133_task-ultimatum_run-2_desc-fslConfounds.tsv		missing	explicitly mapped input missing: /data/projects/srndna-data/derivatives/fsl/confounds/sub-133/sub-133_task-ultimatum_run-2_desc-fslConfounds.tsv -> /ZPOOL/data/projects/srndna-ultimatum/derivatives/fsl/confounds/sub-133/sub-133_task-ultimatum_run-2_desc-fslConfounds.tsv
sub-133	02	regstandard	/usr/share/fsl/6.0.3/data/standard/MNI152_T1_2mm_brain	/usr/local/fsl/data/standard/MNI152_T1_2mm_brain.nii.gz	found	
sub-133	02	custom1	/data/projects/srndna-data/derivatives/fsl/EVfiles/sub-133/ultimatum-pmod/run-02_event_computer.txt		missing	explicitly mapped input missing: /data/projects/srndna-data/derivatives/fsl/EVfiles/sub-133/ultimatum-pmod/run-02_event_computer.txt -> /ZPOOL/data/projects/srndna-ultimatum/derivatives/fsl/EVfiles/sub-133/ultimatum-pmod/run-02_event_computer.txt
sub-133	02	custom2	/data/projects/srndna-data/derivatives/fsl/EVfiles/sub-133/ultimatum-pmod/run-02_event_computer_pmod.txt		missing	explicitly mapped input missing: /data/projects/srndna-data/derivatives/fsl/EVfiles/sub-133/ultimatum-pmod/run-02_event_computer_pmod.txt -> /ZPOOL/data/projects/srndna-ultimatum/derivatives/fsl/EVfiles/sub-133/ultimatum-pmod/run-02_event_computer_pmod.txt
sub-133	02	custom3	/data/projects/srndna-data/derivatives/fsl/EVfiles/sub-133/ultimatum-pmod/run-02_event_ingroup.txt		missing	explicitly mapped input missing: /data/projects/srndna-data/derivatives/fsl/EVfiles/sub-133/ultimatum-pmod/run-02_event_ingroup.txt -> /ZPOOL/data/projects/srndna-ultimatum/derivatives/fsl/EVfiles/sub-133/ultimatum-pmod/run-02_event_ingroup.txt
sub-133	02	custom4	/data/projects/srndna-data/derivatives/fsl/EVfiles/sub-133/ultimatum-pmod/run-02_event_ingroup_pmod.txt		missing	explicitly mapped input missing: /data/projects/srndna-data/derivatives/fsl/EVfiles/sub-133/ultimatum-pmod/run-02_event_ingroup_pmod.txt -> /ZPOOL/data/projects/srndna-ultimatum/derivatives/fsl/EVfiles/sub-133/ultimatum-pmod/run-02_event_ingroup_pmod.txt
sub-133	02	custom5	/data/projects/srndna-data/derivatives/fsl/EVfiles/sub-133/ultimatum-pmod/run-02_event_outgroup.txt		missing	explicitly mapped input missing: /data/projects/srndna-data/derivatives/fsl/EVfiles/sub-133/ultimatum-pmod/run-02_event_outgroup.txt -> /ZPOOL/data/projects/srndna-ultimatum/derivatives/fsl/EVfiles/sub-133/ultimatum-pmod/run-02_event_outgroup.txt
sub-133	02	custom6	/data/projects/srndna-data/derivatives/fsl/EVfiles/sub-133/ultimatum-pmod/run-02_event_outgroup_pmod.txt		missing	explicitly mapped input missing: /data/projects/srndna-data/derivatives/fsl/EVfiles/sub-133/ultimatum-pmod/run-02_event_outgroup_pmod.txt -> /ZPOOL/data/projects/srndna-ultimatum/derivatives/fsl/EVfiles/sub-133/ultimatum-pmod/run-02_event_outgroup_pmod.txt
sub-133	02	custom10	/data/projects/srndna-ultimatum/derivatives/fsl/sub-133/ts_task-ultimatum_net0003_nppi-dmn_run-02.txt	/ZPOOL/data/projects/srndna-ultimatum/derivatives/fsl/sub-133/ts_task-ultimatum_net0003_nppi-dmn_run-02.txt	found	
sub-133	02	custom20	/data/projects/srndna-ultimatum/derivatives/fsl/sub-133/ts_task-ultimatum_net0007_nppi-dmn_run-02.txt	/ZPOOL/data/projects/srndna-ultimatum/derivatives/fsl/sub-133/ts_task-ultimatum_net0007_nppi-dmn_run-02.txt	found	
sub-133	02	custom21	/data/projects/srndna-ultimatum/derivatives/fsl/sub-133/ts_task-ultimatum_net0000_nppi-dmn_run-02.txt	/ZPOOL/data/projects/srndna-ultimatum/derivatives/fsl/sub-133/ts_task-ultimatum_net0000_nppi-dmn_run-02.txt	found	
sub-133	02	custom22	/data/projects/srndna-ultimatum/derivatives/fsl/sub-133/ts_task-ultimatum_net0001_nppi-dmn_run-02.txt	/ZPOOL/data/projects/srndna-ultimatum/derivatives/fsl/sub-133/ts_task-ultimatum_net0001_nppi-dmn_run-02.txt	found	
sub-133	02	custom23	/data/projects/srndna-ultimatum/derivatives/fsl/sub-133/ts_task-ultimatum_net0002_nppi-dmn_run-02.txt	/ZPOOL/data/projects/srndna-ultimatum/derivatives/fsl/sub-133/ts_task-ultimatum_net0002_nppi-dmn_run-02.txt	found	
sub-133	02	custom24	/data/projects/srndna-ultimatum/derivatives/fsl/sub-133/ts_task-ultimatum_net0004_nppi-dmn_run-02.txt	/ZPOOL/data/projects/srndna-ultimatum/derivatives/fsl/sub-133/ts_task-ultimatum_net0004_nppi-dmn_run-02.txt	found	
sub-133	02	custom25	/data/projects/srndna-ultimatum/derivatives/fsl/sub-133/ts_task-ultimatum_net0005_nppi-dmn_run-02.txt	/ZPOOL/data/projects/srndna-ultimatum/derivatives/fsl/sub-133/ts_task-ultimatum_net0005_nppi-dmn_run-02.txt	found	
sub-133	02	custom26	/data/projects/srndna-ultimatum/derivatives/fsl/sub-133/ts_task-ultimatum_net0006_nppi-dmn_run-02.txt	/ZPOOL/data/projects/srndna-ultimatum/derivatives/fsl/sub-133/ts_task-ultimatum_net0006_nppi-dmn_run-02.txt	found	
sub-133	02	custom27	/data/projects/srndna-ultimatum/derivatives/fsl/sub-133/ts_task-ultimatum_net0008_nppi-dmn_run-02.txt	/ZPOOL/data/projects/srndna-ultimatum/derivatives/fsl/sub-133/ts_task-ultimatum_net0008_nppi-dmn_run-02.txt	found	
sub-133	02	custom28	/data/projects/srndna-ultimatum/derivatives/fsl/sub-133/ts_task-ultimatum_net0009_nppi-dmn_run-02.txt	/ZPOOL/data/projects/srndna-ultimatum/derivatives/fsl/sub-133/ts_task-ultimatum_net0009_nppi-dmn_run-02.txt	found	
sub-133	combined	source_l2_fsf	/ZPOOL/data/projects/srndna-ultimatum/derivatives/fsl/sub-133/L2_task-ultimatum_model-02_type-nppi-dmn_sm-6.gfeat/design.fsf	/ZPOOL/data/projects/srndna-ultimatum/derivatives/fsl/sub-133/L2_task-ultimatum_model-02_type-nppi-dmn_sm-6.gfeat/design.fsf	found	
sub-134	01	source_fsf	/ZPOOL/data/projects/srndna-ultimatum/derivatives/fsl/sub-134/L1_task-ultimatum_model-02_type-nppi-dmn_run-01_sm-6.feat/design.fsf	/ZPOOL/data/projects/srndna-ultimatum/derivatives/fsl/sub-134/L1_task-ultimatum_model-02_type-nppi-dmn_run-01_sm-6.feat/design.fsf	found	
sub-134	01	events	/ZPOOL/data/projects/srndna-ultimatum/source_data/bids/sub-134/func/sub-134_task-ultimatum_run-01_events.tsv	/ZPOOL/data/projects/srndna-ultimatum/source_data/bids/sub-134/func/sub-134_task-ultimatum_run-01_events.tsv	found	
sub-134	01	feat_files(1)	/data/projects/srndna-data/derivatives/fmriprep/sub-134/func/sub-134_task-ultimatum_run-1_space-MNI152NLin2009cAsym_desc-preproc_bold.nii.gz	/ZPOOL/data/projects/srndna-ug/derivatives/fmriprep/sub-134/func/sub-134_task-ultimatum_run-1_space-MNI152NLin2009cAsym_desc-preproc_bold.nii.gz	found	
sub-134	01	confoundev_files(1)	/data/projects/srndna-data/derivatives/fsl/confounds/sub-134/sub-134_task-ultimatum_run-1_desc-fslConfounds.tsv		missing	explicitly mapped input missing: /data/projects/srndna-data/derivatives/fsl/confounds/sub-134/sub-134_task-ultimatum_run-1_desc-fslConfounds.tsv -> /ZPOOL/data/projects/srndna-ultimatum/derivatives/fsl/confounds/sub-134/sub-134_task-ultimatum_run-1_desc-fslConfounds.tsv
sub-134	01	regstandard	/usr/share/fsl/6.0.3/data/standard/MNI152_T1_2mm_brain	/usr/local/fsl/data/standard/MNI152_T1_2mm_brain.nii.gz	found	
sub-134	01	custom1	/data/projects/srndna-data/derivatives/fsl/EVfiles/sub-134/ultimatum-pmod/run-01_event_computer.txt		missing	explicitly mapped input missing: /data/projects/srndna-data/derivatives/fsl/EVfiles/sub-134/ultimatum-pmod/run-01_event_computer.txt -> /ZPOOL/data/projects/srndna-ultimatum/derivatives/fsl/EVfiles/sub-134/ultimatum-pmod/run-01_event_computer.txt
sub-134	01	custom2	/data/projects/srndna-data/derivatives/fsl/EVfiles/sub-134/ultimatum-pmod/run-01_event_computer_pmod.txt		missing	explicitly mapped input missing: /data/projects/srndna-data/derivatives/fsl/EVfiles/sub-134/ultimatum-pmod/run-01_event_computer_pmod.txt -> /ZPOOL/data/projects/srndna-ultimatum/derivatives/fsl/EVfiles/sub-134/ultimatum-pmod/run-01_event_computer_pmod.txt
sub-134	01	custom3	/data/projects/srndna-data/derivatives/fsl/EVfiles/sub-134/ultimatum-pmod/run-01_event_ingroup.txt		missing	explicitly mapped input missing: /data/projects/srndna-data/derivatives/fsl/EVfiles/sub-134/ultimatum-pmod/run-01_event_ingroup.txt -> /ZPOOL/data/projects/srndna-ultimatum/derivatives/fsl/EVfiles/sub-134/ultimatum-pmod/run-01_event_ingroup.txt
sub-134	01	custom4	/data/projects/srndna-data/derivatives/fsl/EVfiles/sub-134/ultimatum-pmod/run-01_event_ingroup_pmod.txt		missing	explicitly mapped input missing: /data/projects/srndna-data/derivatives/fsl/EVfiles/sub-134/ultimatum-pmod/run-01_event_ingroup_pmod.txt -> /ZPOOL/data/projects/srndna-ultimatum/derivatives/fsl/EVfiles/sub-134/ultimatum-pmod/run-01_event_ingroup_pmod.txt
sub-134	01	custom5	/data/projects/srndna-data/derivatives/fsl/EVfiles/sub-134/ultimatum-pmod/run-01_event_outgroup.txt		missing	explicitly mapped input missing: /data/projects/srndna-data/derivatives/fsl/EVfiles/sub-134/ultimatum-pmod/run-01_event_outgroup.txt -> /ZPOOL/data/projects/srndna-ultimatum/derivatives/fsl/EVfiles/sub-134/ultimatum-pmod/run-01_event_outgroup.txt
sub-134	01	custom6	/data/projects/srndna-data/derivatives/fsl/EVfiles/sub-134/ultimatum-pmod/run-01_event_outgroup_pmod.txt		missing	explicitly mapped input missing: /data/projects/srndna-data/derivatives/fsl/EVfiles/sub-134/ultimatum-pmod/run-01_event_outgroup_pmod.txt -> /ZPOOL/data/projects/srndna-ultimatum/derivatives/fsl/EVfiles/sub-134/ultimatum-pmod/run-01_event_outgroup_pmod.txt
sub-134	01	custom7	/data/projects/srndna-data/derivatives/fsl/EVfiles/sub-134/ultimatum-pmod/run-01_missed_trial.txt		missing	explicitly mapped input missing: /data/projects/srndna-data/derivatives/fsl/EVfiles/sub-134/ultimatum-pmod/run-01_missed_trial.txt -> /ZPOOL/data/projects/srndna-ultimatum/derivatives/fsl/EVfiles/sub-134/ultimatum-pmod/run-01_missed_trial.txt
sub-134	01	custom10	/data/projects/srndna-ultimatum/derivatives/fsl/sub-134/ts_task-ultimatum_net0003_nppi-dmn_run-01.txt	/ZPOOL/data/projects/srndna-ultimatum/derivatives/fsl/sub-134/ts_task-ultimatum_net0003_nppi-dmn_run-01.txt	found	
sub-134	01	custom20	/data/projects/srndna-ultimatum/derivatives/fsl/sub-134/ts_task-ultimatum_net0007_nppi-dmn_run-01.txt	/ZPOOL/data/projects/srndna-ultimatum/derivatives/fsl/sub-134/ts_task-ultimatum_net0007_nppi-dmn_run-01.txt	found	
sub-134	01	custom21	/data/projects/srndna-ultimatum/derivatives/fsl/sub-134/ts_task-ultimatum_net0000_nppi-dmn_run-01.txt	/ZPOOL/data/projects/srndna-ultimatum/derivatives/fsl/sub-134/ts_task-ultimatum_net0000_nppi-dmn_run-01.txt	found	
sub-134	01	custom22	/data/projects/srndna-ultimatum/derivatives/fsl/sub-134/ts_task-ultimatum_net0001_nppi-dmn_run-01.txt	/ZPOOL/data/projects/srndna-ultimatum/derivatives/fsl/sub-134/ts_task-ultimatum_net0001_nppi-dmn_run-01.txt	found	
sub-134	01	custom23	/data/projects/srndna-ultimatum/derivatives/fsl/sub-134/ts_task-ultimatum_net0002_nppi-dmn_run-01.txt	/ZPOOL/data/projects/srndna-ultimatum/derivatives/fsl/sub-134/ts_task-ultimatum_net0002_nppi-dmn_run-01.txt	found	
sub-134	01	custom24	/data/projects/srndna-ultimatum/derivatives/fsl/sub-134/ts_task-ultimatum_net0004_nppi-dmn_run-01.txt	/ZPOOL/data/projects/srndna-ultimatum/derivatives/fsl/sub-134/ts_task-ultimatum_net0004_nppi-dmn_run-01.txt	found	
sub-134	01	custom25	/data/projects/srndna-ultimatum/derivatives/fsl/sub-134/ts_task-ultimatum_net0005_nppi-dmn_run-01.txt	/ZPOOL/data/projects/srndna-ultimatum/derivatives/fsl/sub-134/ts_task-ultimatum_net0005_nppi-dmn_run-01.txt	found	
sub-134	01	custom26	/data/projects/srndna-ultimatum/derivatives/fsl/sub-134/ts_task-ultimatum_net0006_nppi-dmn_run-01.txt	/ZPOOL/data/projects/srndna-ultimatum/derivatives/fsl/sub-134/ts_task-ultimatum_net0006_nppi-dmn_run-01.txt	found	
sub-134	01	custom27	/data/projects/srndna-ultimatum/derivatives/fsl/sub-134/ts_task-ultimatum_net0008_nppi-dmn_run-01.txt	/ZPOOL/data/projects/srndna-ultimatum/derivatives/fsl/sub-134/ts_task-ultimatum_net0008_nppi-dmn_run-01.txt	found	
sub-134	01	custom28	/data/projects/srndna-ultimatum/derivatives/fsl/sub-134/ts_task-ultimatum_net0009_nppi-dmn_run-01.txt	/ZPOOL/data/projects/srndna-ultimatum/derivatives/fsl/sub-134/ts_task-ultimatum_net0009_nppi-dmn_run-01.txt	found	
sub-134	02	source_fsf	/ZPOOL/data/projects/srndna-ultimatum/derivatives/fsl/sub-134/L1_task-ultimatum_model-02_type-nppi-dmn_run-02_sm-6.feat/design.fsf	/ZPOOL/data/projects/srndna-ultimatum/derivatives/fsl/sub-134/L1_task-ultimatum_model-02_type-nppi-dmn_run-02_sm-6.feat/design.fsf	found	
sub-134	02	events	/ZPOOL/data/projects/srndna-ultimatum/source_data/bids/sub-134/func/sub-134_task-ultimatum_run-02_events.tsv	/ZPOOL/data/projects/srndna-ultimatum/source_data/bids/sub-134/func/sub-134_task-ultimatum_run-02_events.tsv	found	
sub-134	02	feat_files(1)	/data/projects/srndna-data/derivatives/fmriprep/sub-134/func/sub-134_task-ultimatum_run-2_space-MNI152NLin2009cAsym_desc-preproc_bold.nii.gz	/ZPOOL/data/projects/srndna-ug/derivatives/fmriprep/sub-134/func/sub-134_task-ultimatum_run-2_space-MNI152NLin2009cAsym_desc-preproc_bold.nii.gz	found	
sub-134	02	confoundev_files(1)	/data/projects/srndna-data/derivatives/fsl/confounds/sub-134/sub-134_task-ultimatum_run-2_desc-fslConfounds.tsv		missing	explicitly mapped input missing: /data/projects/srndna-data/derivatives/fsl/confounds/sub-134/sub-134_task-ultimatum_run-2_desc-fslConfounds.tsv -> /ZPOOL/data/projects/srndna-ultimatum/derivatives/fsl/confounds/sub-134/sub-134_task-ultimatum_run-2_desc-fslConfounds.tsv
sub-134	02	regstandard	/usr/share/fsl/6.0.3/data/standard/MNI152_T1_2mm_brain	/usr/local/fsl/data/standard/MNI152_T1_2mm_brain.nii.gz	found	
sub-134	02	custom1	/data/projects/srndna-data/derivatives/fsl/EVfiles/sub-134/ultimatum-pmod/run-02_event_computer.txt		missing	explicitly mapped input missing: /data/projects/srndna-data/derivatives/fsl/EVfiles/sub-134/ultimatum-pmod/run-02_event_computer.txt -> /ZPOOL/data/projects/srndna-ultimatum/derivatives/fsl/EVfiles/sub-134/ultimatum-pmod/run-02_event_computer.txt
sub-134	02	custom2	/data/projects/srndna-data/derivatives/fsl/EVfiles/sub-134/ultimatum-pmod/run-02_event_computer_pmod.txt		missing	explicitly mapped input missing: /data/projects/srndna-data/derivatives/fsl/EVfiles/sub-134/ultimatum-pmod/run-02_event_computer_pmod.txt -> /ZPOOL/data/projects/srndna-ultimatum/derivatives/fsl/EVfiles/sub-134/ultimatum-pmod/run-02_event_computer_pmod.txt
sub-134	02	custom3	/data/projects/srndna-data/derivatives/fsl/EVfiles/sub-134/ultimatum-pmod/run-02_event_ingroup.txt		missing	explicitly mapped input missing: /data/projects/srndna-data/derivatives/fsl/EVfiles/sub-134/ultimatum-pmod/run-02_event_ingroup.txt -> /ZPOOL/data/projects/srndna-ultimatum/derivatives/fsl/EVfiles/sub-134/ultimatum-pmod/run-02_event_ingroup.txt
sub-134	02	custom4	/data/projects/srndna-data/derivatives/fsl/EVfiles/sub-134/ultimatum-pmod/run-02_event_ingroup_pmod.txt		missing	explicitly mapped input missing: /data/projects/srndna-data/derivatives/fsl/EVfiles/sub-134/ultimatum-pmod/run-02_event_ingroup_pmod.txt -> /ZPOOL/data/projects/srndna-ultimatum/derivatives/fsl/EVfiles/sub-134/ultimatum-pmod/run-02_event_ingroup_pmod.txt
sub-134	02	custom5	/data/projects/srndna-data/derivatives/fsl/EVfiles/sub-134/ultimatum-pmod/run-02_event_outgroup.txt		missing	explicitly mapped input missing: /data/projects/srndna-data/derivatives/fsl/EVfiles/sub-134/ultimatum-pmod/run-02_event_outgroup.txt -> /ZPOOL/data/projects/srndna-ultimatum/derivatives/fsl/EVfiles/sub-134/ultimatum-pmod/run-02_event_outgroup.txt
sub-134	02	custom6	/data/projects/srndna-data/derivatives/fsl/EVfiles/sub-134/ultimatum-pmod/run-02_event_outgroup_pmod.txt		missing	explicitly mapped input missing: /data/projects/srndna-data/derivatives/fsl/EVfiles/sub-134/ultimatum-pmod/run-02_event_outgroup_pmod.txt -> /ZPOOL/data/projects/srndna-ultimatum/derivatives/fsl/EVfiles/sub-134/ultimatum-pmod/run-02_event_outgroup_pmod.txt
sub-134	02	custom7	/data/projects/srndna-data/derivatives/fsl/EVfiles/sub-134/ultimatum-pmod/run-02_missed_trial.txt		missing	explicitly mapped input missing: /data/projects/srndna-data/derivatives/fsl/EVfiles/sub-134/ultimatum-pmod/run-02_missed_trial.txt -> /ZPOOL/data/projects/srndna-ultimatum/derivatives/fsl/EVfiles/sub-134/ultimatum-pmod/run-02_missed_trial.txt
sub-134	02	custom10	/data/projects/srndna-ultimatum/derivatives/fsl/sub-134/ts_task-ultimatum_net0003_nppi-dmn_run-02.txt	/ZPOOL/data/projects/srndna-ultimatum/derivatives/fsl/sub-134/ts_task-ultimatum_net0003_nppi-dmn_run-02.txt	found	
sub-134	02	custom20	/data/projects/srndna-ultimatum/derivatives/fsl/sub-134/ts_task-ultimatum_net0007_nppi-dmn_run-02.txt	/ZPOOL/data/projects/srndna-ultimatum/derivatives/fsl/sub-134/ts_task-ultimatum_net0007_nppi-dmn_run-02.txt	found	
sub-134	02	custom21	/data/projects/srndna-ultimatum/derivatives/fsl/sub-134/ts_task-ultimatum_net0000_nppi-dmn_run-02.txt	/ZPOOL/data/projects/srndna-ultimatum/derivatives/fsl/sub-134/ts_task-ultimatum_net0000_nppi-dmn_run-02.txt	found	
sub-134	02	custom22	/data/projects/srndna-ultimatum/derivatives/fsl/sub-134/ts_task-ultimatum_net0001_nppi-dmn_run-02.txt	/ZPOOL/data/projects/srndna-ultimatum/derivatives/fsl/sub-134/ts_task-ultimatum_net0001_nppi-dmn_run-02.txt	found	
sub-134	02	custom23	/data/projects/srndna-ultimatum/derivatives/fsl/sub-134/ts_task-ultimatum_net0002_nppi-dmn_run-02.txt	/ZPOOL/data/projects/srndna-ultimatum/derivatives/fsl/sub-134/ts_task-ultimatum_net0002_nppi-dmn_run-02.txt	found	
sub-134	02	custom24	/data/projects/srndna-ultimatum/derivatives/fsl/sub-134/ts_task-ultimatum_net0004_nppi-dmn_run-02.txt	/ZPOOL/data/projects/srndna-ultimatum/derivatives/fsl/sub-134/ts_task-ultimatum_net0004_nppi-dmn_run-02.txt	found	
sub-134	02	custom25	/data/projects/srndna-ultimatum/derivatives/fsl/sub-134/ts_task-ultimatum_net0005_nppi-dmn_run-02.txt	/ZPOOL/data/projects/srndna-ultimatum/derivatives/fsl/sub-134/ts_task-ultimatum_net0005_nppi-dmn_run-02.txt	found	
sub-134	02	custom26	/data/projects/srndna-ultimatum/derivatives/fsl/sub-134/ts_task-ultimatum_net0006_nppi-dmn_run-02.txt	/ZPOOL/data/projects/srndna-ultimatum/derivatives/fsl/sub-134/ts_task-ultimatum_net0006_nppi-dmn_run-02.txt	found	
sub-134	02	custom27	/data/projects/srndna-ultimatum/derivatives/fsl/sub-134/ts_task-ultimatum_net0008_nppi-dmn_run-02.txt	/ZPOOL/data/projects/srndna-ultimatum/derivatives/fsl/sub-134/ts_task-ultimatum_net0008_nppi-dmn_run-02.txt	found	
sub-134	02	custom28	/data/projects/srndna-ultimatum/derivatives/fsl/sub-134/ts_task-ultimatum_net0009_nppi-dmn_run-02.txt	/ZPOOL/data/projects/srndna-ultimatum/derivatives/fsl/sub-134/ts_task-ultimatum_net0009_nppi-dmn_run-02.txt	found	
sub-134	combined	source_l2_fsf	/ZPOOL/data/projects/srndna-ultimatum/derivatives/fsl/sub-134/L2_task-ultimatum_model-02_type-nppi-dmn_sm-6.gfeat/design.fsf	/ZPOOL/data/projects/srndna-ultimatum/derivatives/fsl/sub-134/L2_task-ultimatum_model-02_type-nppi-dmn_sm-6.gfeat/design.fsf	found	
sub-135	01	source_fsf	/ZPOOL/data/projects/srndna-ultimatum/derivatives/fsl/sub-135/L1_task-ultimatum_model-02_type-nppi-dmn_run-01_sm-6.feat/design.fsf	/ZPOOL/data/projects/srndna-ultimatum/derivatives/fsl/sub-135/L1_task-ultimatum_model-02_type-nppi-dmn_run-01_sm-6.feat/design.fsf	found	
sub-135	01	events	/ZPOOL/data/projects/srndna-ultimatum/source_data/bids/sub-135/func/sub-135_task-ultimatum_run-01_events.tsv	/ZPOOL/data/projects/srndna-ultimatum/source_data/bids/sub-135/func/sub-135_task-ultimatum_run-01_events.tsv	found	
sub-135	01	feat_files(1)	/data/projects/srndna-data/derivatives/fmriprep/sub-135/func/sub-135_task-ultimatum_run-1_space-MNI152NLin2009cAsym_desc-preproc_bold.nii.gz	/ZPOOL/data/projects/srndna-ug/derivatives/fmriprep/sub-135/func/sub-135_task-ultimatum_run-1_space-MNI152NLin2009cAsym_desc-preproc_bold.nii.gz	found	
sub-135	01	confoundev_files(1)	/data/projects/srndna-data/derivatives/fsl/confounds/sub-135/sub-135_task-ultimatum_run-1_desc-fslConfounds.tsv		missing	explicitly mapped input missing: /data/projects/srndna-data/derivatives/fsl/confounds/sub-135/sub-135_task-ultimatum_run-1_desc-fslConfounds.tsv -> /ZPOOL/data/projects/srndna-ultimatum/derivatives/fsl/confounds/sub-135/sub-135_task-ultimatum_run-1_desc-fslConfounds.tsv
sub-135	01	regstandard	/usr/share/fsl/6.0.3/data/standard/MNI152_T1_2mm_brain	/usr/local/fsl/data/standard/MNI152_T1_2mm_brain.nii.gz	found	
sub-135	01	custom1	/data/projects/srndna-data/derivatives/fsl/EVfiles/sub-135/ultimatum-pmod/run-01_event_computer.txt		missing	explicitly mapped input missing: /data/projects/srndna-data/derivatives/fsl/EVfiles/sub-135/ultimatum-pmod/run-01_event_computer.txt -> /ZPOOL/data/projects/srndna-ultimatum/derivatives/fsl/EVfiles/sub-135/ultimatum-pmod/run-01_event_computer.txt
sub-135	01	custom2	/data/projects/srndna-data/derivatives/fsl/EVfiles/sub-135/ultimatum-pmod/run-01_event_computer_pmod.txt		missing	explicitly mapped input missing: /data/projects/srndna-data/derivatives/fsl/EVfiles/sub-135/ultimatum-pmod/run-01_event_computer_pmod.txt -> /ZPOOL/data/projects/srndna-ultimatum/derivatives/fsl/EVfiles/sub-135/ultimatum-pmod/run-01_event_computer_pmod.txt
sub-135	01	custom3	/data/projects/srndna-data/derivatives/fsl/EVfiles/sub-135/ultimatum-pmod/run-01_event_ingroup.txt		missing	explicitly mapped input missing: /data/projects/srndna-data/derivatives/fsl/EVfiles/sub-135/ultimatum-pmod/run-01_event_ingroup.txt -> /ZPOOL/data/projects/srndna-ultimatum/derivatives/fsl/EVfiles/sub-135/ultimatum-pmod/run-01_event_ingroup.txt
sub-135	01	custom4	/data/projects/srndna-data/derivatives/fsl/EVfiles/sub-135/ultimatum-pmod/run-01_event_ingroup_pmod.txt		missing	explicitly mapped input missing: /data/projects/srndna-data/derivatives/fsl/EVfiles/sub-135/ultimatum-pmod/run-01_event_ingroup_pmod.txt -> /ZPOOL/data/projects/srndna-ultimatum/derivatives/fsl/EVfiles/sub-135/ultimatum-pmod/run-01_event_ingroup_pmod.txt
sub-135	01	custom5	/data/projects/srndna-data/derivatives/fsl/EVfiles/sub-135/ultimatum-pmod/run-01_event_outgroup.txt		missing	explicitly mapped input missing: /data/projects/srndna-data/derivatives/fsl/EVfiles/sub-135/ultimatum-pmod/run-01_event_outgroup.txt -> /ZPOOL/data/projects/srndna-ultimatum/derivatives/fsl/EVfiles/sub-135/ultimatum-pmod/run-01_event_outgroup.txt
sub-135	01	custom6	/data/projects/srndna-data/derivatives/fsl/EVfiles/sub-135/ultimatum-pmod/run-01_event_outgroup_pmod.txt		missing	explicitly mapped input missing: /data/projects/srndna-data/derivatives/fsl/EVfiles/sub-135/ultimatum-pmod/run-01_event_outgroup_pmod.txt -> /ZPOOL/data/projects/srndna-ultimatum/derivatives/fsl/EVfiles/sub-135/ultimatum-pmod/run-01_event_outgroup_pmod.txt
sub-135	01	custom7	/data/projects/srndna-data/derivatives/fsl/EVfiles/sub-135/ultimatum-pmod/run-01_missed_trial.txt		missing	explicitly mapped input missing: /data/projects/srndna-data/derivatives/fsl/EVfiles/sub-135/ultimatum-pmod/run-01_missed_trial.txt -> /ZPOOL/data/projects/srndna-ultimatum/derivatives/fsl/EVfiles/sub-135/ultimatum-pmod/run-01_missed_trial.txt
sub-135	01	custom10	/data/projects/srndna-ultimatum/derivatives/fsl/sub-135/ts_task-ultimatum_net0003_nppi-dmn_run-01.txt	/ZPOOL/data/projects/srndna-ultimatum/derivatives/fsl/sub-135/ts_task-ultimatum_net0003_nppi-dmn_run-01.txt	found	
sub-135	01	custom20	/data/projects/srndna-ultimatum/derivatives/fsl/sub-135/ts_task-ultimatum_net0007_nppi-dmn_run-01.txt	/ZPOOL/data/projects/srndna-ultimatum/derivatives/fsl/sub-135/ts_task-ultimatum_net0007_nppi-dmn_run-01.txt	found	
sub-135	01	custom21	/data/projects/srndna-ultimatum/derivatives/fsl/sub-135/ts_task-ultimatum_net0000_nppi-dmn_run-01.txt	/ZPOOL/data/projects/srndna-ultimatum/derivatives/fsl/sub-135/ts_task-ultimatum_net0000_nppi-dmn_run-01.txt	found	
sub-135	01	custom22	/data/projects/srndna-ultimatum/derivatives/fsl/sub-135/ts_task-ultimatum_net0001_nppi-dmn_run-01.txt	/ZPOOL/data/projects/srndna-ultimatum/derivatives/fsl/sub-135/ts_task-ultimatum_net0001_nppi-dmn_run-01.txt	found	
sub-135	01	custom23	/data/projects/srndna-ultimatum/derivatives/fsl/sub-135/ts_task-ultimatum_net0002_nppi-dmn_run-01.txt	/ZPOOL/data/projects/srndna-ultimatum/derivatives/fsl/sub-135/ts_task-ultimatum_net0002_nppi-dmn_run-01.txt	found	
sub-135	01	custom24	/data/projects/srndna-ultimatum/derivatives/fsl/sub-135/ts_task-ultimatum_net0004_nppi-dmn_run-01.txt	/ZPOOL/data/projects/srndna-ultimatum/derivatives/fsl/sub-135/ts_task-ultimatum_net0004_nppi-dmn_run-01.txt	found	
sub-135	01	custom25	/data/projects/srndna-ultimatum/derivatives/fsl/sub-135/ts_task-ultimatum_net0005_nppi-dmn_run-01.txt	/ZPOOL/data/projects/srndna-ultimatum/derivatives/fsl/sub-135/ts_task-ultimatum_net0005_nppi-dmn_run-01.txt	found	
sub-135	01	custom26	/data/projects/srndna-ultimatum/derivatives/fsl/sub-135/ts_task-ultimatum_net0006_nppi-dmn_run-01.txt	/ZPOOL/data/projects/srndna-ultimatum/derivatives/fsl/sub-135/ts_task-ultimatum_net0006_nppi-dmn_run-01.txt	found	
sub-135	01	custom27	/data/projects/srndna-ultimatum/derivatives/fsl/sub-135/ts_task-ultimatum_net0008_nppi-dmn_run-01.txt	/ZPOOL/data/projects/srndna-ultimatum/derivatives/fsl/sub-135/ts_task-ultimatum_net0008_nppi-dmn_run-01.txt	found	
sub-135	01	custom28	/data/projects/srndna-ultimatum/derivatives/fsl/sub-135/ts_task-ultimatum_net0009_nppi-dmn_run-01.txt	/ZPOOL/data/projects/srndna-ultimatum/derivatives/fsl/sub-135/ts_task-ultimatum_net0009_nppi-dmn_run-01.txt	found	
sub-135	02	source_fsf	/ZPOOL/data/projects/srndna-ultimatum/derivatives/fsl/sub-135/L1_task-ultimatum_model-02_type-nppi-dmn_run-02_sm-6.feat/design.fsf	/ZPOOL/data/projects/srndna-ultimatum/derivatives/fsl/sub-135/L1_task-ultimatum_model-02_type-nppi-dmn_run-02_sm-6.feat/design.fsf	found	
sub-135	02	events	/ZPOOL/data/projects/srndna-ultimatum/source_data/bids/sub-135/func/sub-135_task-ultimatum_run-02_events.tsv	/ZPOOL/data/projects/srndna-ultimatum/source_data/bids/sub-135/func/sub-135_task-ultimatum_run-02_events.tsv	found	
sub-135	02	feat_files(1)	/data/projects/srndna-data/derivatives/fmriprep/sub-135/func/sub-135_task-ultimatum_run-2_space-MNI152NLin2009cAsym_desc-preproc_bold.nii.gz	/ZPOOL/data/projects/srndna-ug/derivatives/fmriprep/sub-135/func/sub-135_task-ultimatum_run-2_space-MNI152NLin2009cAsym_desc-preproc_bold.nii.gz	found	
sub-135	02	confoundev_files(1)	/data/projects/srndna-data/derivatives/fsl/confounds/sub-135/sub-135_task-ultimatum_run-2_desc-fslConfounds.tsv		missing	explicitly mapped input missing: /data/projects/srndna-data/derivatives/fsl/confounds/sub-135/sub-135_task-ultimatum_run-2_desc-fslConfounds.tsv -> /ZPOOL/data/projects/srndna-ultimatum/derivatives/fsl/confounds/sub-135/sub-135_task-ultimatum_run-2_desc-fslConfounds.tsv
sub-135	02	regstandard	/usr/share/fsl/6.0.3/data/standard/MNI152_T1_2mm_brain	/usr/local/fsl/data/standard/MNI152_T1_2mm_brain.nii.gz	found	
sub-135	02	custom1	/data/projects/srndna-data/derivatives/fsl/EVfiles/sub-135/ultimatum-pmod/run-02_event_computer.txt		missing	explicitly mapped input missing: /data/projects/srndna-data/derivatives/fsl/EVfiles/sub-135/ultimatum-pmod/run-02_event_computer.txt -> /ZPOOL/data/projects/srndna-ultimatum/derivatives/fsl/EVfiles/sub-135/ultimatum-pmod/run-02_event_computer.txt
sub-135	02	custom2	/data/projects/srndna-data/derivatives/fsl/EVfiles/sub-135/ultimatum-pmod/run-02_event_computer_pmod.txt		missing	explicitly mapped input missing: /data/projects/srndna-data/derivatives/fsl/EVfiles/sub-135/ultimatum-pmod/run-02_event_computer_pmod.txt -> /ZPOOL/data/projects/srndna-ultimatum/derivatives/fsl/EVfiles/sub-135/ultimatum-pmod/run-02_event_computer_pmod.txt
sub-135	02	custom3	/data/projects/srndna-data/derivatives/fsl/EVfiles/sub-135/ultimatum-pmod/run-02_event_ingroup.txt		missing	explicitly mapped input missing: /data/projects/srndna-data/derivatives/fsl/EVfiles/sub-135/ultimatum-pmod/run-02_event_ingroup.txt -> /ZPOOL/data/projects/srndna-ultimatum/derivatives/fsl/EVfiles/sub-135/ultimatum-pmod/run-02_event_ingroup.txt
sub-135	02	custom4	/data/projects/srndna-data/derivatives/fsl/EVfiles/sub-135/ultimatum-pmod/run-02_event_ingroup_pmod.txt		missing	explicitly mapped input missing: /data/projects/srndna-data/derivatives/fsl/EVfiles/sub-135/ultimatum-pmod/run-02_event_ingroup_pmod.txt -> /ZPOOL/data/projects/srndna-ultimatum/derivatives/fsl/EVfiles/sub-135/ultimatum-pmod/run-02_event_ingroup_pmod.txt
sub-135	02	custom5	/data/projects/srndna-data/derivatives/fsl/EVfiles/sub-135/ultimatum-pmod/run-02_event_outgroup.txt		missing	explicitly mapped input missing: /data/projects/srndna-data/derivatives/fsl/EVfiles/sub-135/ultimatum-pmod/run-02_event_outgroup.txt -> /ZPOOL/data/projects/srndna-ultimatum/derivatives/fsl/EVfiles/sub-135/ultimatum-pmod/run-02_event_outgroup.txt
sub-135	02	custom6	/data/projects/srndna-data/derivatives/fsl/EVfiles/sub-135/ultimatum-pmod/run-02_event_outgroup_pmod.txt		missing	explicitly mapped input missing: /data/projects/srndna-data/derivatives/fsl/EVfiles/sub-135/ultimatum-pmod/run-02_event_outgroup_pmod.txt -> /ZPOOL/data/projects/srndna-ultimatum/derivatives/fsl/EVfiles/sub-135/ultimatum-pmod/run-02_event_outgroup_pmod.txt
sub-135	02	custom7	/data/projects/srndna-data/derivatives/fsl/EVfiles/sub-135/ultimatum-pmod/run-02_missed_trial.txt		missing	explicitly mapped input missing: /data/projects/srndna-data/derivatives/fsl/EVfiles/sub-135/ultimatum-pmod/run-02_missed_trial.txt -> /ZPOOL/data/projects/srndna-ultimatum/derivatives/fsl/EVfiles/sub-135/ultimatum-pmod/run-02_missed_trial.txt
sub-135	02	custom10	/data/projects/srndna-ultimatum/derivatives/fsl/sub-135/ts_task-ultimatum_net0003_nppi-dmn_run-02.txt	/ZPOOL/data/projects/srndna-ultimatum/derivatives/fsl/sub-135/ts_task-ultimatum_net0003_nppi-dmn_run-02.txt	found	
sub-135	02	custom20	/data/projects/srndna-ultimatum/derivatives/fsl/sub-135/ts_task-ultimatum_net0007_nppi-dmn_run-02.txt	/ZPOOL/data/projects/srndna-ultimatum/derivatives/fsl/sub-135/ts_task-ultimatum_net0007_nppi-dmn_run-02.txt	found	
sub-135	02	custom21	/data/projects/srndna-ultimatum/derivatives/fsl/sub-135/ts_task-ultimatum_net0000_nppi-dmn_run-02.txt	/ZPOOL/data/projects/srndna-ultimatum/derivatives/fsl/sub-135/ts_task-ultimatum_net0000_nppi-dmn_run-02.txt	found	
sub-135	02	custom22	/data/projects/srndna-ultimatum/derivatives/fsl/sub-135/ts_task-ultimatum_net0001_nppi-dmn_run-02.txt	/ZPOOL/data/projects/srndna-ultimatum/derivatives/fsl/sub-135/ts_task-ultimatum_net0001_nppi-dmn_run-02.txt	found	
sub-135	02	custom23	/data/projects/srndna-ultimatum/derivatives/fsl/sub-135/ts_task-ultimatum_net0002_nppi-dmn_run-02.txt	/ZPOOL/data/projects/srndna-ultimatum/derivatives/fsl/sub-135/ts_task-ultimatum_net0002_nppi-dmn_run-02.txt	found	
sub-135	02	custom24	/data/projects/srndna-ultimatum/derivatives/fsl/sub-135/ts_task-ultimatum_net0004_nppi-dmn_run-02.txt	/ZPOOL/data/projects/srndna-ultimatum/derivatives/fsl/sub-135/ts_task-ultimatum_net0004_nppi-dmn_run-02.txt	found	
sub-135	02	custom25	/data/projects/srndna-ultimatum/derivatives/fsl/sub-135/ts_task-ultimatum_net0005_nppi-dmn_run-02.txt	/ZPOOL/data/projects/srndna-ultimatum/derivatives/fsl/sub-135/ts_task-ultimatum_net0005_nppi-dmn_run-02.txt	found	
sub-135	02	custom26	/data/projects/srndna-ultimatum/derivatives/fsl/sub-135/ts_task-ultimatum_net0006_nppi-dmn_run-02.txt	/ZPOOL/data/projects/srndna-ultimatum/derivatives/fsl/sub-135/ts_task-ultimatum_net0006_nppi-dmn_run-02.txt	found	
sub-135	02	custom27	/data/projects/srndna-ultimatum/derivatives/fsl/sub-135/ts_task-ultimatum_net0008_nppi-dmn_run-02.txt	/ZPOOL/data/projects/srndna-ultimatum/derivatives/fsl/sub-135/ts_task-ultimatum_net0008_nppi-dmn_run-02.txt	found	
sub-135	02	custom28	/data/projects/srndna-ultimatum/derivatives/fsl/sub-135/ts_task-ultimatum_net0009_nppi-dmn_run-02.txt	/ZPOOL/data/projects/srndna-ultimatum/derivatives/fsl/sub-135/ts_task-ultimatum_net0009_nppi-dmn_run-02.txt	found	
sub-135	combined	source_l2_fsf	/ZPOOL/data/projects/srndna-ultimatum/derivatives/fsl/sub-135/L2_task-ultimatum_model-02_type-nppi-dmn_sm-6.gfeat/design.fsf	/ZPOOL/data/projects/srndna-ultimatum/derivatives/fsl/sub-135/L2_task-ultimatum_model-02_type-nppi-dmn_sm-6.gfeat/design.fsf	found	
sub-136	01	source_fsf	/ZPOOL/data/projects/srndna-ultimatum/derivatives/fsl/sub-136/L1_task-ultimatum_model-02_type-nppi-dmn_run-01_sm-6.feat/design.fsf	/ZPOOL/data/projects/srndna-ultimatum/derivatives/fsl/sub-136/L1_task-ultimatum_model-02_type-nppi-dmn_run-01_sm-6.feat/design.fsf	found	
sub-136	01	events	/ZPOOL/data/projects/srndna-ultimatum/source_data/bids/sub-136/func/sub-136_task-ultimatum_run-01_events.tsv	/ZPOOL/data/projects/srndna-ultimatum/source_data/bids/sub-136/func/sub-136_task-ultimatum_run-01_events.tsv	found	
sub-136	01	feat_files(1)	/data/projects/srndna-data/derivatives/fmriprep/sub-136/func/sub-136_task-ultimatum_run-1_space-MNI152NLin2009cAsym_desc-preproc_bold.nii.gz	/ZPOOL/data/projects/srndna-ug/derivatives/fmriprep/sub-136/func/sub-136_task-ultimatum_run-1_space-MNI152NLin2009cAsym_desc-preproc_bold.nii.gz	found	
sub-136	01	confoundev_files(1)	/data/projects/srndna-data/derivatives/fsl/confounds/sub-136/sub-136_task-ultimatum_run-1_desc-fslConfounds.tsv		missing	explicitly mapped input missing: /data/projects/srndna-data/derivatives/fsl/confounds/sub-136/sub-136_task-ultimatum_run-1_desc-fslConfounds.tsv -> /ZPOOL/data/projects/srndna-ultimatum/derivatives/fsl/confounds/sub-136/sub-136_task-ultimatum_run-1_desc-fslConfounds.tsv
sub-136	01	regstandard	/usr/share/fsl/6.0.3/data/standard/MNI152_T1_2mm_brain	/usr/local/fsl/data/standard/MNI152_T1_2mm_brain.nii.gz	found	
sub-136	01	custom1	/data/projects/srndna-data/derivatives/fsl/EVfiles/sub-136/ultimatum-pmod/run-01_event_computer.txt		missing	explicitly mapped input missing: /data/projects/srndna-data/derivatives/fsl/EVfiles/sub-136/ultimatum-pmod/run-01_event_computer.txt -> /ZPOOL/data/projects/srndna-ultimatum/derivatives/fsl/EVfiles/sub-136/ultimatum-pmod/run-01_event_computer.txt
sub-136	01	custom2	/data/projects/srndna-data/derivatives/fsl/EVfiles/sub-136/ultimatum-pmod/run-01_event_computer_pmod.txt		missing	explicitly mapped input missing: /data/projects/srndna-data/derivatives/fsl/EVfiles/sub-136/ultimatum-pmod/run-01_event_computer_pmod.txt -> /ZPOOL/data/projects/srndna-ultimatum/derivatives/fsl/EVfiles/sub-136/ultimatum-pmod/run-01_event_computer_pmod.txt
sub-136	01	custom3	/data/projects/srndna-data/derivatives/fsl/EVfiles/sub-136/ultimatum-pmod/run-01_event_ingroup.txt		missing	explicitly mapped input missing: /data/projects/srndna-data/derivatives/fsl/EVfiles/sub-136/ultimatum-pmod/run-01_event_ingroup.txt -> /ZPOOL/data/projects/srndna-ultimatum/derivatives/fsl/EVfiles/sub-136/ultimatum-pmod/run-01_event_ingroup.txt
sub-136	01	custom4	/data/projects/srndna-data/derivatives/fsl/EVfiles/sub-136/ultimatum-pmod/run-01_event_ingroup_pmod.txt		missing	explicitly mapped input missing: /data/projects/srndna-data/derivatives/fsl/EVfiles/sub-136/ultimatum-pmod/run-01_event_ingroup_pmod.txt -> /ZPOOL/data/projects/srndna-ultimatum/derivatives/fsl/EVfiles/sub-136/ultimatum-pmod/run-01_event_ingroup_pmod.txt
sub-136	01	custom5	/data/projects/srndna-data/derivatives/fsl/EVfiles/sub-136/ultimatum-pmod/run-01_event_outgroup.txt		missing	explicitly mapped input missing: /data/projects/srndna-data/derivatives/fsl/EVfiles/sub-136/ultimatum-pmod/run-01_event_outgroup.txt -> /ZPOOL/data/projects/srndna-ultimatum/derivatives/fsl/EVfiles/sub-136/ultimatum-pmod/run-01_event_outgroup.txt
sub-136	01	custom6	/data/projects/srndna-data/derivatives/fsl/EVfiles/sub-136/ultimatum-pmod/run-01_event_outgroup_pmod.txt		missing	explicitly mapped input missing: /data/projects/srndna-data/derivatives/fsl/EVfiles/sub-136/ultimatum-pmod/run-01_event_outgroup_pmod.txt -> /ZPOOL/data/projects/srndna-ultimatum/derivatives/fsl/EVfiles/sub-136/ultimatum-pmod/run-01_event_outgroup_pmod.txt
sub-136	01	custom10	/data/projects/srndna-ultimatum/derivatives/fsl/sub-136/ts_task-ultimatum_net0003_nppi-dmn_run-01.txt	/ZPOOL/data/projects/srndna-ultimatum/derivatives/fsl/sub-136/ts_task-ultimatum_net0003_nppi-dmn_run-01.txt	found	
sub-136	01	custom20	/data/projects/srndna-ultimatum/derivatives/fsl/sub-136/ts_task-ultimatum_net0007_nppi-dmn_run-01.txt	/ZPOOL/data/projects/srndna-ultimatum/derivatives/fsl/sub-136/ts_task-ultimatum_net0007_nppi-dmn_run-01.txt	found	
sub-136	01	custom21	/data/projects/srndna-ultimatum/derivatives/fsl/sub-136/ts_task-ultimatum_net0000_nppi-dmn_run-01.txt	/ZPOOL/data/projects/srndna-ultimatum/derivatives/fsl/sub-136/ts_task-ultimatum_net0000_nppi-dmn_run-01.txt	found	
sub-136	01	custom22	/data/projects/srndna-ultimatum/derivatives/fsl/sub-136/ts_task-ultimatum_net0001_nppi-dmn_run-01.txt	/ZPOOL/data/projects/srndna-ultimatum/derivatives/fsl/sub-136/ts_task-ultimatum_net0001_nppi-dmn_run-01.txt	found	
sub-136	01	custom23	/data/projects/srndna-ultimatum/derivatives/fsl/sub-136/ts_task-ultimatum_net0002_nppi-dmn_run-01.txt	/ZPOOL/data/projects/srndna-ultimatum/derivatives/fsl/sub-136/ts_task-ultimatum_net0002_nppi-dmn_run-01.txt	found	
sub-136	01	custom24	/data/projects/srndna-ultimatum/derivatives/fsl/sub-136/ts_task-ultimatum_net0004_nppi-dmn_run-01.txt	/ZPOOL/data/projects/srndna-ultimatum/derivatives/fsl/sub-136/ts_task-ultimatum_net0004_nppi-dmn_run-01.txt	found	
sub-136	01	custom25	/data/projects/srndna-ultimatum/derivatives/fsl/sub-136/ts_task-ultimatum_net0005_nppi-dmn_run-01.txt	/ZPOOL/data/projects/srndna-ultimatum/derivatives/fsl/sub-136/ts_task-ultimatum_net0005_nppi-dmn_run-01.txt	found	
sub-136	01	custom26	/data/projects/srndna-ultimatum/derivatives/fsl/sub-136/ts_task-ultimatum_net0006_nppi-dmn_run-01.txt	/ZPOOL/data/projects/srndna-ultimatum/derivatives/fsl/sub-136/ts_task-ultimatum_net0006_nppi-dmn_run-01.txt	found	
sub-136	01	custom27	/data/projects/srndna-ultimatum/derivatives/fsl/sub-136/ts_task-ultimatum_net0008_nppi-dmn_run-01.txt	/ZPOOL/data/projects/srndna-ultimatum/derivatives/fsl/sub-136/ts_task-ultimatum_net0008_nppi-dmn_run-01.txt	found	
sub-136	01	custom28	/data/projects/srndna-ultimatum/derivatives/fsl/sub-136/ts_task-ultimatum_net0009_nppi-dmn_run-01.txt	/ZPOOL/data/projects/srndna-ultimatum/derivatives/fsl/sub-136/ts_task-ultimatum_net0009_nppi-dmn_run-01.txt	found	
sub-136	02	source_fsf	/ZPOOL/data/projects/srndna-ultimatum/derivatives/fsl/sub-136/L1_task-ultimatum_model-02_type-nppi-dmn_run-02_sm-6.feat/design.fsf	/ZPOOL/data/projects/srndna-ultimatum/derivatives/fsl/sub-136/L1_task-ultimatum_model-02_type-nppi-dmn_run-02_sm-6.feat/design.fsf	found	
sub-136	02	events	/ZPOOL/data/projects/srndna-ultimatum/source_data/bids/sub-136/func/sub-136_task-ultimatum_run-02_events.tsv	/ZPOOL/data/projects/srndna-ultimatum/source_data/bids/sub-136/func/sub-136_task-ultimatum_run-02_events.tsv	found	
sub-136	02	feat_files(1)	/data/projects/srndna-data/derivatives/fmriprep/sub-136/func/sub-136_task-ultimatum_run-2_space-MNI152NLin2009cAsym_desc-preproc_bold.nii.gz	/ZPOOL/data/projects/srndna-ug/derivatives/fmriprep/sub-136/func/sub-136_task-ultimatum_run-2_space-MNI152NLin2009cAsym_desc-preproc_bold.nii.gz	found	
sub-136	02	confoundev_files(1)	/data/projects/srndna-data/derivatives/fsl/confounds/sub-136/sub-136_task-ultimatum_run-2_desc-fslConfounds.tsv		missing	explicitly mapped input missing: /data/projects/srndna-data/derivatives/fsl/confounds/sub-136/sub-136_task-ultimatum_run-2_desc-fslConfounds.tsv -> /ZPOOL/data/projects/srndna-ultimatum/derivatives/fsl/confounds/sub-136/sub-136_task-ultimatum_run-2_desc-fslConfounds.tsv
sub-136	02	regstandard	/usr/share/fsl/6.0.3/data/standard/MNI152_T1_2mm_brain	/usr/local/fsl/data/standard/MNI152_T1_2mm_brain.nii.gz	found	
sub-136	02	custom1	/data/projects/srndna-data/derivatives/fsl/EVfiles/sub-136/ultimatum-pmod/run-02_event_computer.txt		missing	explicitly mapped input missing: /data/projects/srndna-data/derivatives/fsl/EVfiles/sub-136/ultimatum-pmod/run-02_event_computer.txt -> /ZPOOL/data/projects/srndna-ultimatum/derivatives/fsl/EVfiles/sub-136/ultimatum-pmod/run-02_event_computer.txt
sub-136	02	custom2	/data/projects/srndna-data/derivatives/fsl/EVfiles/sub-136/ultimatum-pmod/run-02_event_computer_pmod.txt		missing	explicitly mapped input missing: /data/projects/srndna-data/derivatives/fsl/EVfiles/sub-136/ultimatum-pmod/run-02_event_computer_pmod.txt -> /ZPOOL/data/projects/srndna-ultimatum/derivatives/fsl/EVfiles/sub-136/ultimatum-pmod/run-02_event_computer_pmod.txt
sub-136	02	custom3	/data/projects/srndna-data/derivatives/fsl/EVfiles/sub-136/ultimatum-pmod/run-02_event_ingroup.txt		missing	explicitly mapped input missing: /data/projects/srndna-data/derivatives/fsl/EVfiles/sub-136/ultimatum-pmod/run-02_event_ingroup.txt -> /ZPOOL/data/projects/srndna-ultimatum/derivatives/fsl/EVfiles/sub-136/ultimatum-pmod/run-02_event_ingroup.txt
sub-136	02	custom4	/data/projects/srndna-data/derivatives/fsl/EVfiles/sub-136/ultimatum-pmod/run-02_event_ingroup_pmod.txt		missing	explicitly mapped input missing: /data/projects/srndna-data/derivatives/fsl/EVfiles/sub-136/ultimatum-pmod/run-02_event_ingroup_pmod.txt -> /ZPOOL/data/projects/srndna-ultimatum/derivatives/fsl/EVfiles/sub-136/ultimatum-pmod/run-02_event_ingroup_pmod.txt
sub-136	02	custom5	/data/projects/srndna-data/derivatives/fsl/EVfiles/sub-136/ultimatum-pmod/run-02_event_outgroup.txt		missing	explicitly mapped input missing: /data/projects/srndna-data/derivatives/fsl/EVfiles/sub-136/ultimatum-pmod/run-02_event_outgroup.txt -> /ZPOOL/data/projects/srndna-ultimatum/derivatives/fsl/EVfiles/sub-136/ultimatum-pmod/run-02_event_outgroup.txt
sub-136	02	custom6	/data/projects/srndna-data/derivatives/fsl/EVfiles/sub-136/ultimatum-pmod/run-02_event_outgroup_pmod.txt		missing	explicitly mapped input missing: /data/projects/srndna-data/derivatives/fsl/EVfiles/sub-136/ultimatum-pmod/run-02_event_outgroup_pmod.txt -> /ZPOOL/data/projects/srndna-ultimatum/derivatives/fsl/EVfiles/sub-136/ultimatum-pmod/run-02_event_outgroup_pmod.txt
sub-136	02	custom10	/data/projects/srndna-ultimatum/derivatives/fsl/sub-136/ts_task-ultimatum_net0003_nppi-dmn_run-02.txt	/ZPOOL/data/projects/srndna-ultimatum/derivatives/fsl/sub-136/ts_task-ultimatum_net0003_nppi-dmn_run-02.txt	found	
sub-136	02	custom20	/data/projects/srndna-ultimatum/derivatives/fsl/sub-136/ts_task-ultimatum_net0007_nppi-dmn_run-02.txt	/ZPOOL/data/projects/srndna-ultimatum/derivatives/fsl/sub-136/ts_task-ultimatum_net0007_nppi-dmn_run-02.txt	found	
sub-136	02	custom21	/data/projects/srndna-ultimatum/derivatives/fsl/sub-136/ts_task-ultimatum_net0000_nppi-dmn_run-02.txt	/ZPOOL/data/projects/srndna-ultimatum/derivatives/fsl/sub-136/ts_task-ultimatum_net0000_nppi-dmn_run-02.txt	found	
sub-136	02	custom22	/data/projects/srndna-ultimatum/derivatives/fsl/sub-136/ts_task-ultimatum_net0001_nppi-dmn_run-02.txt	/ZPOOL/data/projects/srndna-ultimatum/derivatives/fsl/sub-136/ts_task-ultimatum_net0001_nppi-dmn_run-02.txt	found	
sub-136	02	custom23	/data/projects/srndna-ultimatum/derivatives/fsl/sub-136/ts_task-ultimatum_net0002_nppi-dmn_run-02.txt	/ZPOOL/data/projects/srndna-ultimatum/derivatives/fsl/sub-136/ts_task-ultimatum_net0002_nppi-dmn_run-02.txt	found	
sub-136	02	custom24	/data/projects/srndna-ultimatum/derivatives/fsl/sub-136/ts_task-ultimatum_net0004_nppi-dmn_run-02.txt	/ZPOOL/data/projects/srndna-ultimatum/derivatives/fsl/sub-136/ts_task-ultimatum_net0004_nppi-dmn_run-02.txt	found	
sub-136	02	custom25	/data/projects/srndna-ultimatum/derivatives/fsl/sub-136/ts_task-ultimatum_net0005_nppi-dmn_run-02.txt	/ZPOOL/data/projects/srndna-ultimatum/derivatives/fsl/sub-136/ts_task-ultimatum_net0005_nppi-dmn_run-02.txt	found	
sub-136	02	custom26	/data/projects/srndna-ultimatum/derivatives/fsl/sub-136/ts_task-ultimatum_net0006_nppi-dmn_run-02.txt	/ZPOOL/data/projects/srndna-ultimatum/derivatives/fsl/sub-136/ts_task-ultimatum_net0006_nppi-dmn_run-02.txt	found	
sub-136	02	custom27	/data/projects/srndna-ultimatum/derivatives/fsl/sub-136/ts_task-ultimatum_net0008_nppi-dmn_run-02.txt	/ZPOOL/data/projects/srndna-ultimatum/derivatives/fsl/sub-136/ts_task-ultimatum_net0008_nppi-dmn_run-02.txt	found	
sub-136	02	custom28	/data/projects/srndna-ultimatum/derivatives/fsl/sub-136/ts_task-ultimatum_net0009_nppi-dmn_run-02.txt	/ZPOOL/data/projects/srndna-ultimatum/derivatives/fsl/sub-136/ts_task-ultimatum_net0009_nppi-dmn_run-02.txt	found	
sub-136	combined	source_l2_fsf	/ZPOOL/data/projects/srndna-ultimatum/derivatives/fsl/sub-136/L2_task-ultimatum_model-02_type-nppi-dmn_sm-6.gfeat/design.fsf	/ZPOOL/data/projects/srndna-ultimatum/derivatives/fsl/sub-136/L2_task-ultimatum_model-02_type-nppi-dmn_sm-6.gfeat/design.fsf	found	
sub-137	01	source_fsf	/ZPOOL/data/projects/srndna-ultimatum/derivatives/fsl/sub-137/L1_task-ultimatum_model-02_type-nppi-dmn_run-01_sm-6.feat/design.fsf	/ZPOOL/data/projects/srndna-ultimatum/derivatives/fsl/sub-137/L1_task-ultimatum_model-02_type-nppi-dmn_run-01_sm-6.feat/design.fsf	found	
sub-137	01	events	/ZPOOL/data/projects/srndna-ultimatum/source_data/bids/sub-137/func/sub-137_task-ultimatum_run-01_events.tsv	/ZPOOL/data/projects/srndna-ultimatum/source_data/bids/sub-137/func/sub-137_task-ultimatum_run-01_events.tsv	found	
sub-137	01	feat_files(1)	/data/projects/srndna-data/derivatives/fmriprep/sub-137/func/sub-137_task-ultimatum_run-1_space-MNI152NLin2009cAsym_desc-preproc_bold.nii.gz	/ZPOOL/data/projects/srndna-ug/derivatives/fmriprep/sub-137/func/sub-137_task-ultimatum_run-1_space-MNI152NLin2009cAsym_desc-preproc_bold.nii.gz	found	
sub-137	01	confoundev_files(1)	/data/projects/srndna-data/derivatives/fsl/confounds/sub-137/sub-137_task-ultimatum_run-1_desc-fslConfounds.tsv		missing	explicitly mapped input missing: /data/projects/srndna-data/derivatives/fsl/confounds/sub-137/sub-137_task-ultimatum_run-1_desc-fslConfounds.tsv -> /ZPOOL/data/projects/srndna-ultimatum/derivatives/fsl/confounds/sub-137/sub-137_task-ultimatum_run-1_desc-fslConfounds.tsv
sub-137	01	regstandard	/usr/share/fsl/6.0.3/data/standard/MNI152_T1_2mm_brain	/usr/local/fsl/data/standard/MNI152_T1_2mm_brain.nii.gz	found	
sub-137	01	custom1	/data/projects/srndna-data/derivatives/fsl/EVfiles/sub-137/ultimatum-pmod/run-01_event_computer.txt		missing	explicitly mapped input missing: /data/projects/srndna-data/derivatives/fsl/EVfiles/sub-137/ultimatum-pmod/run-01_event_computer.txt -> /ZPOOL/data/projects/srndna-ultimatum/derivatives/fsl/EVfiles/sub-137/ultimatum-pmod/run-01_event_computer.txt
sub-137	01	custom2	/data/projects/srndna-data/derivatives/fsl/EVfiles/sub-137/ultimatum-pmod/run-01_event_computer_pmod.txt		missing	explicitly mapped input missing: /data/projects/srndna-data/derivatives/fsl/EVfiles/sub-137/ultimatum-pmod/run-01_event_computer_pmod.txt -> /ZPOOL/data/projects/srndna-ultimatum/derivatives/fsl/EVfiles/sub-137/ultimatum-pmod/run-01_event_computer_pmod.txt
sub-137	01	custom3	/data/projects/srndna-data/derivatives/fsl/EVfiles/sub-137/ultimatum-pmod/run-01_event_ingroup.txt		missing	explicitly mapped input missing: /data/projects/srndna-data/derivatives/fsl/EVfiles/sub-137/ultimatum-pmod/run-01_event_ingroup.txt -> /ZPOOL/data/projects/srndna-ultimatum/derivatives/fsl/EVfiles/sub-137/ultimatum-pmod/run-01_event_ingroup.txt
sub-137	01	custom4	/data/projects/srndna-data/derivatives/fsl/EVfiles/sub-137/ultimatum-pmod/run-01_event_ingroup_pmod.txt		missing	explicitly mapped input missing: /data/projects/srndna-data/derivatives/fsl/EVfiles/sub-137/ultimatum-pmod/run-01_event_ingroup_pmod.txt -> /ZPOOL/data/projects/srndna-ultimatum/derivatives/fsl/EVfiles/sub-137/ultimatum-pmod/run-01_event_ingroup_pmod.txt
sub-137	01	custom5	/data/projects/srndna-data/derivatives/fsl/EVfiles/sub-137/ultimatum-pmod/run-01_event_outgroup.txt		missing	explicitly mapped input missing: /data/projects/srndna-data/derivatives/fsl/EVfiles/sub-137/ultimatum-pmod/run-01_event_outgroup.txt -> /ZPOOL/data/projects/srndna-ultimatum/derivatives/fsl/EVfiles/sub-137/ultimatum-pmod/run-01_event_outgroup.txt
sub-137	01	custom6	/data/projects/srndna-data/derivatives/fsl/EVfiles/sub-137/ultimatum-pmod/run-01_event_outgroup_pmod.txt		missing	explicitly mapped input missing: /data/projects/srndna-data/derivatives/fsl/EVfiles/sub-137/ultimatum-pmod/run-01_event_outgroup_pmod.txt -> /ZPOOL/data/projects/srndna-ultimatum/derivatives/fsl/EVfiles/sub-137/ultimatum-pmod/run-01_event_outgroup_pmod.txt
sub-137	01	custom7	/data/projects/srndna-data/derivatives/fsl/EVfiles/sub-137/ultimatum-pmod/run-01_missed_trial.txt		missing	explicitly mapped input missing: /data/projects/srndna-data/derivatives/fsl/EVfiles/sub-137/ultimatum-pmod/run-01_missed_trial.txt -> /ZPOOL/data/projects/srndna-ultimatum/derivatives/fsl/EVfiles/sub-137/ultimatum-pmod/run-01_missed_trial.txt
sub-137	01	custom10	/data/projects/srndna-ultimatum/derivatives/fsl/sub-137/ts_task-ultimatum_net0003_nppi-dmn_run-01.txt	/ZPOOL/data/projects/srndna-ultimatum/derivatives/fsl/sub-137/ts_task-ultimatum_net0003_nppi-dmn_run-01.txt	found	
sub-137	01	custom20	/data/projects/srndna-ultimatum/derivatives/fsl/sub-137/ts_task-ultimatum_net0007_nppi-dmn_run-01.txt	/ZPOOL/data/projects/srndna-ultimatum/derivatives/fsl/sub-137/ts_task-ultimatum_net0007_nppi-dmn_run-01.txt	found	
sub-137	01	custom21	/data/projects/srndna-ultimatum/derivatives/fsl/sub-137/ts_task-ultimatum_net0000_nppi-dmn_run-01.txt	/ZPOOL/data/projects/srndna-ultimatum/derivatives/fsl/sub-137/ts_task-ultimatum_net0000_nppi-dmn_run-01.txt	found	
sub-137	01	custom22	/data/projects/srndna-ultimatum/derivatives/fsl/sub-137/ts_task-ultimatum_net0001_nppi-dmn_run-01.txt	/ZPOOL/data/projects/srndna-ultimatum/derivatives/fsl/sub-137/ts_task-ultimatum_net0001_nppi-dmn_run-01.txt	found	
sub-137	01	custom23	/data/projects/srndna-ultimatum/derivatives/fsl/sub-137/ts_task-ultimatum_net0002_nppi-dmn_run-01.txt	/ZPOOL/data/projects/srndna-ultimatum/derivatives/fsl/sub-137/ts_task-ultimatum_net0002_nppi-dmn_run-01.txt	found	
sub-137	01	custom24	/data/projects/srndna-ultimatum/derivatives/fsl/sub-137/ts_task-ultimatum_net0004_nppi-dmn_run-01.txt	/ZPOOL/data/projects/srndna-ultimatum/derivatives/fsl/sub-137/ts_task-ultimatum_net0004_nppi-dmn_run-01.txt	found	
sub-137	01	custom25	/data/projects/srndna-ultimatum/derivatives/fsl/sub-137/ts_task-ultimatum_net0005_nppi-dmn_run-01.txt	/ZPOOL/data/projects/srndna-ultimatum/derivatives/fsl/sub-137/ts_task-ultimatum_net0005_nppi-dmn_run-01.txt	found	
sub-137	01	custom26	/data/projects/srndna-ultimatum/derivatives/fsl/sub-137/ts_task-ultimatum_net0006_nppi-dmn_run-01.txt	/ZPOOL/data/projects/srndna-ultimatum/derivatives/fsl/sub-137/ts_task-ultimatum_net0006_nppi-dmn_run-01.txt	found	
sub-137	01	custom27	/data/projects/srndna-ultimatum/derivatives/fsl/sub-137/ts_task-ultimatum_net0008_nppi-dmn_run-01.txt	/ZPOOL/data/projects/srndna-ultimatum/derivatives/fsl/sub-137/ts_task-ultimatum_net0008_nppi-dmn_run-01.txt	found	
sub-137	01	custom28	/data/projects/srndna-ultimatum/derivatives/fsl/sub-137/ts_task-ultimatum_net0009_nppi-dmn_run-01.txt	/ZPOOL/data/projects/srndna-ultimatum/derivatives/fsl/sub-137/ts_task-ultimatum_net0009_nppi-dmn_run-01.txt	found	
sub-137	02	source_fsf	/ZPOOL/data/projects/srndna-ultimatum/derivatives/fsl/sub-137/L1_task-ultimatum_model-02_type-nppi-dmn_run-02_sm-6.feat/design.fsf	/ZPOOL/data/projects/srndna-ultimatum/derivatives/fsl/sub-137/L1_task-ultimatum_model-02_type-nppi-dmn_run-02_sm-6.feat/design.fsf	found	
sub-137	02	events	/ZPOOL/data/projects/srndna-ultimatum/source_data/bids/sub-137/func/sub-137_task-ultimatum_run-02_events.tsv	/ZPOOL/data/projects/srndna-ultimatum/source_data/bids/sub-137/func/sub-137_task-ultimatum_run-02_events.tsv	found	
sub-137	02	feat_files(1)	/data/projects/srndna-data/derivatives/fmriprep/sub-137/func/sub-137_task-ultimatum_run-2_space-MNI152NLin2009cAsym_desc-preproc_bold.nii.gz	/ZPOOL/data/projects/srndna-ug/derivatives/fmriprep/sub-137/func/sub-137_task-ultimatum_run-2_space-MNI152NLin2009cAsym_desc-preproc_bold.nii.gz	found	
sub-137	02	confoundev_files(1)	/data/projects/srndna-data/derivatives/fsl/confounds/sub-137/sub-137_task-ultimatum_run-2_desc-fslConfounds.tsv		missing	explicitly mapped input missing: /data/projects/srndna-data/derivatives/fsl/confounds/sub-137/sub-137_task-ultimatum_run-2_desc-fslConfounds.tsv -> /ZPOOL/data/projects/srndna-ultimatum/derivatives/fsl/confounds/sub-137/sub-137_task-ultimatum_run-2_desc-fslConfounds.tsv
sub-137	02	regstandard	/usr/share/fsl/6.0.3/data/standard/MNI152_T1_2mm_brain	/usr/local/fsl/data/standard/MNI152_T1_2mm_brain.nii.gz	found	
sub-137	02	custom1	/data/projects/srndna-data/derivatives/fsl/EVfiles/sub-137/ultimatum-pmod/run-02_event_computer.txt		missing	explicitly mapped input missing: /data/projects/srndna-data/derivatives/fsl/EVfiles/sub-137/ultimatum-pmod/run-02_event_computer.txt -> /ZPOOL/data/projects/srndna-ultimatum/derivatives/fsl/EVfiles/sub-137/ultimatum-pmod/run-02_event_computer.txt
sub-137	02	custom2	/data/projects/srndna-data/derivatives/fsl/EVfiles/sub-137/ultimatum-pmod/run-02_event_computer_pmod.txt		missing	explicitly mapped input missing: /data/projects/srndna-data/derivatives/fsl/EVfiles/sub-137/ultimatum-pmod/run-02_event_computer_pmod.txt -> /ZPOOL/data/projects/srndna-ultimatum/derivatives/fsl/EVfiles/sub-137/ultimatum-pmod/run-02_event_computer_pmod.txt
sub-137	02	custom3	/data/projects/srndna-data/derivatives/fsl/EVfiles/sub-137/ultimatum-pmod/run-02_event_ingroup.txt		missing	explicitly mapped input missing: /data/projects/srndna-data/derivatives/fsl/EVfiles/sub-137/ultimatum-pmod/run-02_event_ingroup.txt -> /ZPOOL/data/projects/srndna-ultimatum/derivatives/fsl/EVfiles/sub-137/ultimatum-pmod/run-02_event_ingroup.txt
sub-137	02	custom4	/data/projects/srndna-data/derivatives/fsl/EVfiles/sub-137/ultimatum-pmod/run-02_event_ingroup_pmod.txt		missing	explicitly mapped input missing: /data/projects/srndna-data/derivatives/fsl/EVfiles/sub-137/ultimatum-pmod/run-02_event_ingroup_pmod.txt -> /ZPOOL/data/projects/srndna-ultimatum/derivatives/fsl/EVfiles/sub-137/ultimatum-pmod/run-02_event_ingroup_pmod.txt
sub-137	02	custom5	/data/projects/srndna-data/derivatives/fsl/EVfiles/sub-137/ultimatum-pmod/run-02_event_outgroup.txt		missing	explicitly mapped input missing: /data/projects/srndna-data/derivatives/fsl/EVfiles/sub-137/ultimatum-pmod/run-02_event_outgroup.txt -> /ZPOOL/data/projects/srndna-ultimatum/derivatives/fsl/EVfiles/sub-137/ultimatum-pmod/run-02_event_outgroup.txt
sub-137	02	custom6	/data/projects/srndna-data/derivatives/fsl/EVfiles/sub-137/ultimatum-pmod/run-02_event_outgroup_pmod.txt		missing	explicitly mapped input missing: /data/projects/srndna-data/derivatives/fsl/EVfiles/sub-137/ultimatum-pmod/run-02_event_outgroup_pmod.txt -> /ZPOOL/data/projects/srndna-ultimatum/derivatives/fsl/EVfiles/sub-137/ultimatum-pmod/run-02_event_outgroup_pmod.txt
sub-137	02	custom7	/data/projects/srndna-data/derivatives/fsl/EVfiles/sub-137/ultimatum-pmod/run-02_missed_trial.txt		missing	explicitly mapped input missing: /data/projects/srndna-data/derivatives/fsl/EVfiles/sub-137/ultimatum-pmod/run-02_missed_trial.txt -> /ZPOOL/data/projects/srndna-ultimatum/derivatives/fsl/EVfiles/sub-137/ultimatum-pmod/run-02_missed_trial.txt
sub-137	02	custom10	/data/projects/srndna-ultimatum/derivatives/fsl/sub-137/ts_task-ultimatum_net0003_nppi-dmn_run-02.txt	/ZPOOL/data/projects/srndna-ultimatum/derivatives/fsl/sub-137/ts_task-ultimatum_net0003_nppi-dmn_run-02.txt	found	
sub-137	02	custom20	/data/projects/srndna-ultimatum/derivatives/fsl/sub-137/ts_task-ultimatum_net0007_nppi-dmn_run-02.txt	/ZPOOL/data/projects/srndna-ultimatum/derivatives/fsl/sub-137/ts_task-ultimatum_net0007_nppi-dmn_run-02.txt	found	
sub-137	02	custom21	/data/projects/srndna-ultimatum/derivatives/fsl/sub-137/ts_task-ultimatum_net0000_nppi-dmn_run-02.txt	/ZPOOL/data/projects/srndna-ultimatum/derivatives/fsl/sub-137/ts_task-ultimatum_net0000_nppi-dmn_run-02.txt	found	
sub-137	02	custom22	/data/projects/srndna-ultimatum/derivatives/fsl/sub-137/ts_task-ultimatum_net0001_nppi-dmn_run-02.txt	/ZPOOL/data/projects/srndna-ultimatum/derivatives/fsl/sub-137/ts_task-ultimatum_net0001_nppi-dmn_run-02.txt	found	
sub-137	02	custom23	/data/projects/srndna-ultimatum/derivatives/fsl/sub-137/ts_task-ultimatum_net0002_nppi-dmn_run-02.txt	/ZPOOL/data/projects/srndna-ultimatum/derivatives/fsl/sub-137/ts_task-ultimatum_net0002_nppi-dmn_run-02.txt	found	
sub-137	02	custom24	/data/projects/srndna-ultimatum/derivatives/fsl/sub-137/ts_task-ultimatum_net0004_nppi-dmn_run-02.txt	/ZPOOL/data/projects/srndna-ultimatum/derivatives/fsl/sub-137/ts_task-ultimatum_net0004_nppi-dmn_run-02.txt	found	
sub-137	02	custom25	/data/projects/srndna-ultimatum/derivatives/fsl/sub-137/ts_task-ultimatum_net0005_nppi-dmn_run-02.txt	/ZPOOL/data/projects/srndna-ultimatum/derivatives/fsl/sub-137/ts_task-ultimatum_net0005_nppi-dmn_run-02.txt	found	
sub-137	02	custom26	/data/projects/srndna-ultimatum/derivatives/fsl/sub-137/ts_task-ultimatum_net0006_nppi-dmn_run-02.txt	/ZPOOL/data/projects/srndna-ultimatum/derivatives/fsl/sub-137/ts_task-ultimatum_net0006_nppi-dmn_run-02.txt	found	
sub-137	02	custom27	/data/projects/srndna-ultimatum/derivatives/fsl/sub-137/ts_task-ultimatum_net0008_nppi-dmn_run-02.txt	/ZPOOL/data/projects/srndna-ultimatum/derivatives/fsl/sub-137/ts_task-ultimatum_net0008_nppi-dmn_run-02.txt	found	
sub-137	02	custom28	/data/projects/srndna-ultimatum/derivatives/fsl/sub-137/ts_task-ultimatum_net0009_nppi-dmn_run-02.txt	/ZPOOL/data/projects/srndna-ultimatum/derivatives/fsl/sub-137/ts_task-ultimatum_net0009_nppi-dmn_run-02.txt	found	
sub-137	combined	source_l2_fsf	/ZPOOL/data/projects/srndna-ultimatum/derivatives/fsl/sub-137/L2_task-ultimatum_model-02_type-nppi-dmn_sm-6.gfeat/design.fsf	/ZPOOL/data/projects/srndna-ultimatum/derivatives/fsl/sub-137/L2_task-ultimatum_model-02_type-nppi-dmn_sm-6.gfeat/design.fsf	found	
sub-138	01	source_fsf	/ZPOOL/data/projects/srndna-ultimatum/derivatives/fsl/sub-138/L1_task-ultimatum_model-02_type-nppi-dmn_run-01_sm-6.feat/design.fsf	/ZPOOL/data/projects/srndna-ultimatum/derivatives/fsl/sub-138/L1_task-ultimatum_model-02_type-nppi-dmn_run-01_sm-6.feat/design.fsf	found	
sub-138	01	events	/ZPOOL/data/projects/srndna-ultimatum/source_data/bids/sub-138/func/sub-138_task-ultimatum_run-01_events.tsv	/ZPOOL/data/projects/srndna-ultimatum/source_data/bids/sub-138/func/sub-138_task-ultimatum_run-01_events.tsv	found	
sub-138	01	feat_files(1)	/data/projects/srndna-data/derivatives/fmriprep/sub-138/func/sub-138_task-ultimatum_run-1_space-MNI152NLin2009cAsym_desc-preproc_bold.nii.gz	/ZPOOL/data/projects/srndna-ug/derivatives/fmriprep/sub-138/func/sub-138_task-ultimatum_run-1_space-MNI152NLin2009cAsym_desc-preproc_bold.nii.gz	found	
sub-138	01	confoundev_files(1)	/data/projects/srndna-data/derivatives/fsl/confounds/sub-138/sub-138_task-ultimatum_run-1_desc-fslConfounds.tsv		missing	explicitly mapped input missing: /data/projects/srndna-data/derivatives/fsl/confounds/sub-138/sub-138_task-ultimatum_run-1_desc-fslConfounds.tsv -> /ZPOOL/data/projects/srndna-ultimatum/derivatives/fsl/confounds/sub-138/sub-138_task-ultimatum_run-1_desc-fslConfounds.tsv
sub-138	01	regstandard	/usr/share/fsl/6.0.3/data/standard/MNI152_T1_2mm_brain	/usr/local/fsl/data/standard/MNI152_T1_2mm_brain.nii.gz	found	
sub-138	01	custom1	/data/projects/srndna-data/derivatives/fsl/EVfiles/sub-138/ultimatum-pmod/run-01_event_computer.txt		missing	explicitly mapped input missing: /data/projects/srndna-data/derivatives/fsl/EVfiles/sub-138/ultimatum-pmod/run-01_event_computer.txt -> /ZPOOL/data/projects/srndna-ultimatum/derivatives/fsl/EVfiles/sub-138/ultimatum-pmod/run-01_event_computer.txt
sub-138	01	custom2	/data/projects/srndna-data/derivatives/fsl/EVfiles/sub-138/ultimatum-pmod/run-01_event_computer_pmod.txt		missing	explicitly mapped input missing: /data/projects/srndna-data/derivatives/fsl/EVfiles/sub-138/ultimatum-pmod/run-01_event_computer_pmod.txt -> /ZPOOL/data/projects/srndna-ultimatum/derivatives/fsl/EVfiles/sub-138/ultimatum-pmod/run-01_event_computer_pmod.txt
sub-138	01	custom3	/data/projects/srndna-data/derivatives/fsl/EVfiles/sub-138/ultimatum-pmod/run-01_event_ingroup.txt		missing	explicitly mapped input missing: /data/projects/srndna-data/derivatives/fsl/EVfiles/sub-138/ultimatum-pmod/run-01_event_ingroup.txt -> /ZPOOL/data/projects/srndna-ultimatum/derivatives/fsl/EVfiles/sub-138/ultimatum-pmod/run-01_event_ingroup.txt
sub-138	01	custom4	/data/projects/srndna-data/derivatives/fsl/EVfiles/sub-138/ultimatum-pmod/run-01_event_ingroup_pmod.txt		missing	explicitly mapped input missing: /data/projects/srndna-data/derivatives/fsl/EVfiles/sub-138/ultimatum-pmod/run-01_event_ingroup_pmod.txt -> /ZPOOL/data/projects/srndna-ultimatum/derivatives/fsl/EVfiles/sub-138/ultimatum-pmod/run-01_event_ingroup_pmod.txt
sub-138	01	custom5	/data/projects/srndna-data/derivatives/fsl/EVfiles/sub-138/ultimatum-pmod/run-01_event_outgroup.txt		missing	explicitly mapped input missing: /data/projects/srndna-data/derivatives/fsl/EVfiles/sub-138/ultimatum-pmod/run-01_event_outgroup.txt -> /ZPOOL/data/projects/srndna-ultimatum/derivatives/fsl/EVfiles/sub-138/ultimatum-pmod/run-01_event_outgroup.txt
sub-138	01	custom6	/data/projects/srndna-data/derivatives/fsl/EVfiles/sub-138/ultimatum-pmod/run-01_event_outgroup_pmod.txt		missing	explicitly mapped input missing: /data/projects/srndna-data/derivatives/fsl/EVfiles/sub-138/ultimatum-pmod/run-01_event_outgroup_pmod.txt -> /ZPOOL/data/projects/srndna-ultimatum/derivatives/fsl/EVfiles/sub-138/ultimatum-pmod/run-01_event_outgroup_pmod.txt
sub-138	01	custom7	/data/projects/srndna-data/derivatives/fsl/EVfiles/sub-138/ultimatum-pmod/run-01_missed_trial.txt		missing	explicitly mapped input missing: /data/projects/srndna-data/derivatives/fsl/EVfiles/sub-138/ultimatum-pmod/run-01_missed_trial.txt -> /ZPOOL/data/projects/srndna-ultimatum/derivatives/fsl/EVfiles/sub-138/ultimatum-pmod/run-01_missed_trial.txt
sub-138	01	custom10	/data/projects/srndna-ultimatum/derivatives/fsl/sub-138/ts_task-ultimatum_net0003_nppi-dmn_run-01.txt	/ZPOOL/data/projects/srndna-ultimatum/derivatives/fsl/sub-138/ts_task-ultimatum_net0003_nppi-dmn_run-01.txt	found	
sub-138	01	custom20	/data/projects/srndna-ultimatum/derivatives/fsl/sub-138/ts_task-ultimatum_net0007_nppi-dmn_run-01.txt	/ZPOOL/data/projects/srndna-ultimatum/derivatives/fsl/sub-138/ts_task-ultimatum_net0007_nppi-dmn_run-01.txt	found	
sub-138	01	custom21	/data/projects/srndna-ultimatum/derivatives/fsl/sub-138/ts_task-ultimatum_net0000_nppi-dmn_run-01.txt	/ZPOOL/data/projects/srndna-ultimatum/derivatives/fsl/sub-138/ts_task-ultimatum_net0000_nppi-dmn_run-01.txt	found	
sub-138	01	custom22	/data/projects/srndna-ultimatum/derivatives/fsl/sub-138/ts_task-ultimatum_net0001_nppi-dmn_run-01.txt	/ZPOOL/data/projects/srndna-ultimatum/derivatives/fsl/sub-138/ts_task-ultimatum_net0001_nppi-dmn_run-01.txt	found	
sub-138	01	custom23	/data/projects/srndna-ultimatum/derivatives/fsl/sub-138/ts_task-ultimatum_net0002_nppi-dmn_run-01.txt	/ZPOOL/data/projects/srndna-ultimatum/derivatives/fsl/sub-138/ts_task-ultimatum_net0002_nppi-dmn_run-01.txt	found	
sub-138	01	custom24	/data/projects/srndna-ultimatum/derivatives/fsl/sub-138/ts_task-ultimatum_net0004_nppi-dmn_run-01.txt	/ZPOOL/data/projects/srndna-ultimatum/derivatives/fsl/sub-138/ts_task-ultimatum_net0004_nppi-dmn_run-01.txt	found	
sub-138	01	custom25	/data/projects/srndna-ultimatum/derivatives/fsl/sub-138/ts_task-ultimatum_net0005_nppi-dmn_run-01.txt	/ZPOOL/data/projects/srndna-ultimatum/derivatives/fsl/sub-138/ts_task-ultimatum_net0005_nppi-dmn_run-01.txt	found	
sub-138	01	custom26	/data/projects/srndna-ultimatum/derivatives/fsl/sub-138/ts_task-ultimatum_net0006_nppi-dmn_run-01.txt	/ZPOOL/data/projects/srndna-ultimatum/derivatives/fsl/sub-138/ts_task-ultimatum_net0006_nppi-dmn_run-01.txt	found	
sub-138	01	custom27	/data/projects/srndna-ultimatum/derivatives/fsl/sub-138/ts_task-ultimatum_net0008_nppi-dmn_run-01.txt	/ZPOOL/data/projects/srndna-ultimatum/derivatives/fsl/sub-138/ts_task-ultimatum_net0008_nppi-dmn_run-01.txt	found	
sub-138	01	custom28	/data/projects/srndna-ultimatum/derivatives/fsl/sub-138/ts_task-ultimatum_net0009_nppi-dmn_run-01.txt	/ZPOOL/data/projects/srndna-ultimatum/derivatives/fsl/sub-138/ts_task-ultimatum_net0009_nppi-dmn_run-01.txt	found	
sub-138	02	source_fsf	/ZPOOL/data/projects/srndna-ultimatum/derivatives/fsl/sub-138/L1_task-ultimatum_model-02_type-nppi-dmn_run-02_sm-6.feat/design.fsf	/ZPOOL/data/projects/srndna-ultimatum/derivatives/fsl/sub-138/L1_task-ultimatum_model-02_type-nppi-dmn_run-02_sm-6.feat/design.fsf	found	
sub-138	02	events	/ZPOOL/data/projects/srndna-ultimatum/source_data/bids/sub-138/func/sub-138_task-ultimatum_run-02_events.tsv	/ZPOOL/data/projects/srndna-ultimatum/source_data/bids/sub-138/func/sub-138_task-ultimatum_run-02_events.tsv	found	
sub-138	02	feat_files(1)	/data/projects/srndna-data/derivatives/fmriprep/sub-138/func/sub-138_task-ultimatum_run-2_space-MNI152NLin2009cAsym_desc-preproc_bold.nii.gz	/ZPOOL/data/projects/srndna-ug/derivatives/fmriprep/sub-138/func/sub-138_task-ultimatum_run-2_space-MNI152NLin2009cAsym_desc-preproc_bold.nii.gz	found	
sub-138	02	confoundev_files(1)	/data/projects/srndna-data/derivatives/fsl/confounds/sub-138/sub-138_task-ultimatum_run-2_desc-fslConfounds.tsv		missing	explicitly mapped input missing: /data/projects/srndna-data/derivatives/fsl/confounds/sub-138/sub-138_task-ultimatum_run-2_desc-fslConfounds.tsv -> /ZPOOL/data/projects/srndna-ultimatum/derivatives/fsl/confounds/sub-138/sub-138_task-ultimatum_run-2_desc-fslConfounds.tsv
sub-138	02	regstandard	/usr/share/fsl/6.0.3/data/standard/MNI152_T1_2mm_brain	/usr/local/fsl/data/standard/MNI152_T1_2mm_brain.nii.gz	found	
sub-138	02	custom1	/data/projects/srndna-data/derivatives/fsl/EVfiles/sub-138/ultimatum-pmod/run-02_event_computer.txt		missing	explicitly mapped input missing: /data/projects/srndna-data/derivatives/fsl/EVfiles/sub-138/ultimatum-pmod/run-02_event_computer.txt -> /ZPOOL/data/projects/srndna-ultimatum/derivatives/fsl/EVfiles/sub-138/ultimatum-pmod/run-02_event_computer.txt
sub-138	02	custom2	/data/projects/srndna-data/derivatives/fsl/EVfiles/sub-138/ultimatum-pmod/run-02_event_computer_pmod.txt		missing	explicitly mapped input missing: /data/projects/srndna-data/derivatives/fsl/EVfiles/sub-138/ultimatum-pmod/run-02_event_computer_pmod.txt -> /ZPOOL/data/projects/srndna-ultimatum/derivatives/fsl/EVfiles/sub-138/ultimatum-pmod/run-02_event_computer_pmod.txt
sub-138	02	custom3	/data/projects/srndna-data/derivatives/fsl/EVfiles/sub-138/ultimatum-pmod/run-02_event_ingroup.txt		missing	explicitly mapped input missing: /data/projects/srndna-data/derivatives/fsl/EVfiles/sub-138/ultimatum-pmod/run-02_event_ingroup.txt -> /ZPOOL/data/projects/srndna-ultimatum/derivatives/fsl/EVfiles/sub-138/ultimatum-pmod/run-02_event_ingroup.txt
sub-138	02	custom4	/data/projects/srndna-data/derivatives/fsl/EVfiles/sub-138/ultimatum-pmod/run-02_event_ingroup_pmod.txt		missing	explicitly mapped input missing: /data/projects/srndna-data/derivatives/fsl/EVfiles/sub-138/ultimatum-pmod/run-02_event_ingroup_pmod.txt -> /ZPOOL/data/projects/srndna-ultimatum/derivatives/fsl/EVfiles/sub-138/ultimatum-pmod/run-02_event_ingroup_pmod.txt
sub-138	02	custom5	/data/projects/srndna-data/derivatives/fsl/EVfiles/sub-138/ultimatum-pmod/run-02_event_outgroup.txt		missing	explicitly mapped input missing: /data/projects/srndna-data/derivatives/fsl/EVfiles/sub-138/ultimatum-pmod/run-02_event_outgroup.txt -> /ZPOOL/data/projects/srndna-ultimatum/derivatives/fsl/EVfiles/sub-138/ultimatum-pmod/run-02_event_outgroup.txt
sub-138	02	custom6	/data/projects/srndna-data/derivatives/fsl/EVfiles/sub-138/ultimatum-pmod/run-02_event_outgroup_pmod.txt		missing	explicitly mapped input missing: /data/projects/srndna-data/derivatives/fsl/EVfiles/sub-138/ultimatum-pmod/run-02_event_outgroup_pmod.txt -> /ZPOOL/data/projects/srndna-ultimatum/derivatives/fsl/EVfiles/sub-138/ultimatum-pmod/run-02_event_outgroup_pmod.txt
sub-138	02	custom7	/data/projects/srndna-data/derivatives/fsl/EVfiles/sub-138/ultimatum-pmod/run-02_missed_trial.txt		missing	explicitly mapped input missing: /data/projects/srndna-data/derivatives/fsl/EVfiles/sub-138/ultimatum-pmod/run-02_missed_trial.txt -> /ZPOOL/data/projects/srndna-ultimatum/derivatives/fsl/EVfiles/sub-138/ultimatum-pmod/run-02_missed_trial.txt
sub-138	02	custom10	/data/projects/srndna-ultimatum/derivatives/fsl/sub-138/ts_task-ultimatum_net0003_nppi-dmn_run-02.txt	/ZPOOL/data/projects/srndna-ultimatum/derivatives/fsl/sub-138/ts_task-ultimatum_net0003_nppi-dmn_run-02.txt	found	
sub-138	02	custom20	/data/projects/srndna-ultimatum/derivatives/fsl/sub-138/ts_task-ultimatum_net0007_nppi-dmn_run-02.txt	/ZPOOL/data/projects/srndna-ultimatum/derivatives/fsl/sub-138/ts_task-ultimatum_net0007_nppi-dmn_run-02.txt	found	
sub-138	02	custom21	/data/projects/srndna-ultimatum/derivatives/fsl/sub-138/ts_task-ultimatum_net0000_nppi-dmn_run-02.txt	/ZPOOL/data/projects/srndna-ultimatum/derivatives/fsl/sub-138/ts_task-ultimatum_net0000_nppi-dmn_run-02.txt	found	
sub-138	02	custom22	/data/projects/srndna-ultimatum/derivatives/fsl/sub-138/ts_task-ultimatum_net0001_nppi-dmn_run-02.txt	/ZPOOL/data/projects/srndna-ultimatum/derivatives/fsl/sub-138/ts_task-ultimatum_net0001_nppi-dmn_run-02.txt	found	
sub-138	02	custom23	/data/projects/srndna-ultimatum/derivatives/fsl/sub-138/ts_task-ultimatum_net0002_nppi-dmn_run-02.txt	/ZPOOL/data/projects/srndna-ultimatum/derivatives/fsl/sub-138/ts_task-ultimatum_net0002_nppi-dmn_run-02.txt	found	
sub-138	02	custom24	/data/projects/srndna-ultimatum/derivatives/fsl/sub-138/ts_task-ultimatum_net0004_nppi-dmn_run-02.txt	/ZPOOL/data/projects/srndna-ultimatum/derivatives/fsl/sub-138/ts_task-ultimatum_net0004_nppi-dmn_run-02.txt	found	
sub-138	02	custom25	/data/projects/srndna-ultimatum/derivatives/fsl/sub-138/ts_task-ultimatum_net0005_nppi-dmn_run-02.txt	/ZPOOL/data/projects/srndna-ultimatum/derivatives/fsl/sub-138/ts_task-ultimatum_net0005_nppi-dmn_run-02.txt	found	
sub-138	02	custom26	/data/projects/srndna-ultimatum/derivatives/fsl/sub-138/ts_task-ultimatum_net0006_nppi-dmn_run-02.txt	/ZPOOL/data/projects/srndna-ultimatum/derivatives/fsl/sub-138/ts_task-ultimatum_net0006_nppi-dmn_run-02.txt	found	
sub-138	02	custom27	/data/projects/srndna-ultimatum/derivatives/fsl/sub-138/ts_task-ultimatum_net0008_nppi-dmn_run-02.txt	/ZPOOL/data/projects/srndna-ultimatum/derivatives/fsl/sub-138/ts_task-ultimatum_net0008_nppi-dmn_run-02.txt	found	
sub-138	02	custom28	/data/projects/srndna-ultimatum/derivatives/fsl/sub-138/ts_task-ultimatum_net0009_nppi-dmn_run-02.txt	/ZPOOL/data/projects/srndna-ultimatum/derivatives/fsl/sub-138/ts_task-ultimatum_net0009_nppi-dmn_run-02.txt	found	
sub-138	combined	source_l2_fsf	/ZPOOL/data/projects/srndna-ultimatum/derivatives/fsl/sub-138/L2_task-ultimatum_model-02_type-nppi-dmn_sm-6.gfeat/design.fsf	/ZPOOL/data/projects/srndna-ultimatum/derivatives/fsl/sub-138/L2_task-ultimatum_model-02_type-nppi-dmn_sm-6.gfeat/design.fsf	found	
sub-140	01	source_fsf	/ZPOOL/data/projects/srndna-ultimatum/derivatives/fsl/sub-140/L1_task-ultimatum_model-02_type-nppi-dmn_run-01_sm-6.feat/design.fsf	/ZPOOL/data/projects/srndna-ultimatum/derivatives/fsl/sub-140/L1_task-ultimatum_model-02_type-nppi-dmn_run-01_sm-6.feat/design.fsf	found	
sub-140	01	events	/ZPOOL/data/projects/srndna-ultimatum/source_data/bids/sub-140/func/sub-140_task-ultimatum_run-01_events.tsv	/ZPOOL/data/projects/srndna-ultimatum/source_data/bids/sub-140/func/sub-140_task-ultimatum_run-01_events.tsv	found	
sub-140	01	feat_files(1)	/data/projects/srndna-data/derivatives/fmriprep/sub-140/func/sub-140_task-ultimatum_run-1_space-MNI152NLin2009cAsym_desc-preproc_bold.nii.gz	/ZPOOL/data/projects/srndna-ug/derivatives/fmriprep/sub-140/func/sub-140_task-ultimatum_run-1_space-MNI152NLin2009cAsym_desc-preproc_bold.nii.gz	found	
sub-140	01	confoundev_files(1)	/data/projects/srndna-data/derivatives/fsl/confounds/sub-140/sub-140_task-ultimatum_run-1_desc-fslConfounds.tsv		missing	explicitly mapped input missing: /data/projects/srndna-data/derivatives/fsl/confounds/sub-140/sub-140_task-ultimatum_run-1_desc-fslConfounds.tsv -> /ZPOOL/data/projects/srndna-ultimatum/derivatives/fsl/confounds/sub-140/sub-140_task-ultimatum_run-1_desc-fslConfounds.tsv
sub-140	01	regstandard	/usr/share/fsl/6.0.3/data/standard/MNI152_T1_2mm_brain	/usr/local/fsl/data/standard/MNI152_T1_2mm_brain.nii.gz	found	
sub-140	01	custom1	/data/projects/srndna-data/derivatives/fsl/EVfiles/sub-140/ultimatum-pmod/run-01_event_computer.txt		missing	explicitly mapped input missing: /data/projects/srndna-data/derivatives/fsl/EVfiles/sub-140/ultimatum-pmod/run-01_event_computer.txt -> /ZPOOL/data/projects/srndna-ultimatum/derivatives/fsl/EVfiles/sub-140/ultimatum-pmod/run-01_event_computer.txt
sub-140	01	custom2	/data/projects/srndna-data/derivatives/fsl/EVfiles/sub-140/ultimatum-pmod/run-01_event_computer_pmod.txt		missing	explicitly mapped input missing: /data/projects/srndna-data/derivatives/fsl/EVfiles/sub-140/ultimatum-pmod/run-01_event_computer_pmod.txt -> /ZPOOL/data/projects/srndna-ultimatum/derivatives/fsl/EVfiles/sub-140/ultimatum-pmod/run-01_event_computer_pmod.txt
sub-140	01	custom3	/data/projects/srndna-data/derivatives/fsl/EVfiles/sub-140/ultimatum-pmod/run-01_event_ingroup.txt		missing	explicitly mapped input missing: /data/projects/srndna-data/derivatives/fsl/EVfiles/sub-140/ultimatum-pmod/run-01_event_ingroup.txt -> /ZPOOL/data/projects/srndna-ultimatum/derivatives/fsl/EVfiles/sub-140/ultimatum-pmod/run-01_event_ingroup.txt
sub-140	01	custom4	/data/projects/srndna-data/derivatives/fsl/EVfiles/sub-140/ultimatum-pmod/run-01_event_ingroup_pmod.txt		missing	explicitly mapped input missing: /data/projects/srndna-data/derivatives/fsl/EVfiles/sub-140/ultimatum-pmod/run-01_event_ingroup_pmod.txt -> /ZPOOL/data/projects/srndna-ultimatum/derivatives/fsl/EVfiles/sub-140/ultimatum-pmod/run-01_event_ingroup_pmod.txt
sub-140	01	custom5	/data/projects/srndna-data/derivatives/fsl/EVfiles/sub-140/ultimatum-pmod/run-01_event_outgroup.txt		missing	explicitly mapped input missing: /data/projects/srndna-data/derivatives/fsl/EVfiles/sub-140/ultimatum-pmod/run-01_event_outgroup.txt -> /ZPOOL/data/projects/srndna-ultimatum/derivatives/fsl/EVfiles/sub-140/ultimatum-pmod/run-01_event_outgroup.txt
sub-140	01	custom6	/data/projects/srndna-data/derivatives/fsl/EVfiles/sub-140/ultimatum-pmod/run-01_event_outgroup_pmod.txt		missing	explicitly mapped input missing: /data/projects/srndna-data/derivatives/fsl/EVfiles/sub-140/ultimatum-pmod/run-01_event_outgroup_pmod.txt -> /ZPOOL/data/projects/srndna-ultimatum/derivatives/fsl/EVfiles/sub-140/ultimatum-pmod/run-01_event_outgroup_pmod.txt
sub-140	01	custom7	/data/projects/srndna-data/derivatives/fsl/EVfiles/sub-140/ultimatum-pmod/run-01_missed_trial.txt		missing	explicitly mapped input missing: /data/projects/srndna-data/derivatives/fsl/EVfiles/sub-140/ultimatum-pmod/run-01_missed_trial.txt -> /ZPOOL/data/projects/srndna-ultimatum/derivatives/fsl/EVfiles/sub-140/ultimatum-pmod/run-01_missed_trial.txt
sub-140	01	custom10	/data/projects/srndna-ultimatum/derivatives/fsl/sub-140/ts_task-ultimatum_net0003_nppi-dmn_run-01.txt	/ZPOOL/data/projects/srndna-ultimatum/derivatives/fsl/sub-140/ts_task-ultimatum_net0003_nppi-dmn_run-01.txt	found	
sub-140	01	custom20	/data/projects/srndna-ultimatum/derivatives/fsl/sub-140/ts_task-ultimatum_net0007_nppi-dmn_run-01.txt	/ZPOOL/data/projects/srndna-ultimatum/derivatives/fsl/sub-140/ts_task-ultimatum_net0007_nppi-dmn_run-01.txt	found	
sub-140	01	custom21	/data/projects/srndna-ultimatum/derivatives/fsl/sub-140/ts_task-ultimatum_net0000_nppi-dmn_run-01.txt	/ZPOOL/data/projects/srndna-ultimatum/derivatives/fsl/sub-140/ts_task-ultimatum_net0000_nppi-dmn_run-01.txt	found	
sub-140	01	custom22	/data/projects/srndna-ultimatum/derivatives/fsl/sub-140/ts_task-ultimatum_net0001_nppi-dmn_run-01.txt	/ZPOOL/data/projects/srndna-ultimatum/derivatives/fsl/sub-140/ts_task-ultimatum_net0001_nppi-dmn_run-01.txt	found	
sub-140	01	custom23	/data/projects/srndna-ultimatum/derivatives/fsl/sub-140/ts_task-ultimatum_net0002_nppi-dmn_run-01.txt	/ZPOOL/data/projects/srndna-ultimatum/derivatives/fsl/sub-140/ts_task-ultimatum_net0002_nppi-dmn_run-01.txt	found	
sub-140	01	custom24	/data/projects/srndna-ultimatum/derivatives/fsl/sub-140/ts_task-ultimatum_net0004_nppi-dmn_run-01.txt	/ZPOOL/data/projects/srndna-ultimatum/derivatives/fsl/sub-140/ts_task-ultimatum_net0004_nppi-dmn_run-01.txt	found	
sub-140	01	custom25	/data/projects/srndna-ultimatum/derivatives/fsl/sub-140/ts_task-ultimatum_net0005_nppi-dmn_run-01.txt	/ZPOOL/data/projects/srndna-ultimatum/derivatives/fsl/sub-140/ts_task-ultimatum_net0005_nppi-dmn_run-01.txt	found	
sub-140	01	custom26	/data/projects/srndna-ultimatum/derivatives/fsl/sub-140/ts_task-ultimatum_net0006_nppi-dmn_run-01.txt	/ZPOOL/data/projects/srndna-ultimatum/derivatives/fsl/sub-140/ts_task-ultimatum_net0006_nppi-dmn_run-01.txt	found	
sub-140	01	custom27	/data/projects/srndna-ultimatum/derivatives/fsl/sub-140/ts_task-ultimatum_net0008_nppi-dmn_run-01.txt	/ZPOOL/data/projects/srndna-ultimatum/derivatives/fsl/sub-140/ts_task-ultimatum_net0008_nppi-dmn_run-01.txt	found	
sub-140	01	custom28	/data/projects/srndna-ultimatum/derivatives/fsl/sub-140/ts_task-ultimatum_net0009_nppi-dmn_run-01.txt	/ZPOOL/data/projects/srndna-ultimatum/derivatives/fsl/sub-140/ts_task-ultimatum_net0009_nppi-dmn_run-01.txt	found	
sub-140	02	source_fsf	/ZPOOL/data/projects/srndna-ultimatum/derivatives/fsl/sub-140/L1_task-ultimatum_model-02_type-nppi-dmn_run-02_sm-6.feat/design.fsf	/ZPOOL/data/projects/srndna-ultimatum/derivatives/fsl/sub-140/L1_task-ultimatum_model-02_type-nppi-dmn_run-02_sm-6.feat/design.fsf	found	
sub-140	02	events	/ZPOOL/data/projects/srndna-ultimatum/source_data/bids/sub-140/func/sub-140_task-ultimatum_run-02_events.tsv	/ZPOOL/data/projects/srndna-ultimatum/source_data/bids/sub-140/func/sub-140_task-ultimatum_run-02_events.tsv	found	
sub-140	02	feat_files(1)	/data/projects/srndna-data/derivatives/fmriprep/sub-140/func/sub-140_task-ultimatum_run-2_space-MNI152NLin2009cAsym_desc-preproc_bold.nii.gz	/ZPOOL/data/projects/srndna-ug/derivatives/fmriprep/sub-140/func/sub-140_task-ultimatum_run-2_space-MNI152NLin2009cAsym_desc-preproc_bold.nii.gz	found	
sub-140	02	confoundev_files(1)	/data/projects/srndna-data/derivatives/fsl/confounds/sub-140/sub-140_task-ultimatum_run-2_desc-fslConfounds.tsv		missing	explicitly mapped input missing: /data/projects/srndna-data/derivatives/fsl/confounds/sub-140/sub-140_task-ultimatum_run-2_desc-fslConfounds.tsv -> /ZPOOL/data/projects/srndna-ultimatum/derivatives/fsl/confounds/sub-140/sub-140_task-ultimatum_run-2_desc-fslConfounds.tsv
sub-140	02	regstandard	/usr/share/fsl/6.0.3/data/standard/MNI152_T1_2mm_brain	/usr/local/fsl/data/standard/MNI152_T1_2mm_brain.nii.gz	found	
sub-140	02	custom1	/data/projects/srndna-data/derivatives/fsl/EVfiles/sub-140/ultimatum-pmod/run-02_event_computer.txt		missing	explicitly mapped input missing: /data/projects/srndna-data/derivatives/fsl/EVfiles/sub-140/ultimatum-pmod/run-02_event_computer.txt -> /ZPOOL/data/projects/srndna-ultimatum/derivatives/fsl/EVfiles/sub-140/ultimatum-pmod/run-02_event_computer.txt
sub-140	02	custom2	/data/projects/srndna-data/derivatives/fsl/EVfiles/sub-140/ultimatum-pmod/run-02_event_computer_pmod.txt		missing	explicitly mapped input missing: /data/projects/srndna-data/derivatives/fsl/EVfiles/sub-140/ultimatum-pmod/run-02_event_computer_pmod.txt -> /ZPOOL/data/projects/srndna-ultimatum/derivatives/fsl/EVfiles/sub-140/ultimatum-pmod/run-02_event_computer_pmod.txt
sub-140	02	custom3	/data/projects/srndna-data/derivatives/fsl/EVfiles/sub-140/ultimatum-pmod/run-02_event_ingroup.txt		missing	explicitly mapped input missing: /data/projects/srndna-data/derivatives/fsl/EVfiles/sub-140/ultimatum-pmod/run-02_event_ingroup.txt -> /ZPOOL/data/projects/srndna-ultimatum/derivatives/fsl/EVfiles/sub-140/ultimatum-pmod/run-02_event_ingroup.txt
sub-140	02	custom4	/data/projects/srndna-data/derivatives/fsl/EVfiles/sub-140/ultimatum-pmod/run-02_event_ingroup_pmod.txt		missing	explicitly mapped input missing: /data/projects/srndna-data/derivatives/fsl/EVfiles/sub-140/ultimatum-pmod/run-02_event_ingroup_pmod.txt -> /ZPOOL/data/projects/srndna-ultimatum/derivatives/fsl/EVfiles/sub-140/ultimatum-pmod/run-02_event_ingroup_pmod.txt
sub-140	02	custom5	/data/projects/srndna-data/derivatives/fsl/EVfiles/sub-140/ultimatum-pmod/run-02_event_outgroup.txt		missing	explicitly mapped input missing: /data/projects/srndna-data/derivatives/fsl/EVfiles/sub-140/ultimatum-pmod/run-02_event_outgroup.txt -> /ZPOOL/data/projects/srndna-ultimatum/derivatives/fsl/EVfiles/sub-140/ultimatum-pmod/run-02_event_outgroup.txt
sub-140	02	custom6	/data/projects/srndna-data/derivatives/fsl/EVfiles/sub-140/ultimatum-pmod/run-02_event_outgroup_pmod.txt		missing	explicitly mapped input missing: /data/projects/srndna-data/derivatives/fsl/EVfiles/sub-140/ultimatum-pmod/run-02_event_outgroup_pmod.txt -> /ZPOOL/data/projects/srndna-ultimatum/derivatives/fsl/EVfiles/sub-140/ultimatum-pmod/run-02_event_outgroup_pmod.txt
sub-140	02	custom7	/data/projects/srndna-data/derivatives/fsl/EVfiles/sub-140/ultimatum-pmod/run-02_missed_trial.txt		missing	explicitly mapped input missing: /data/projects/srndna-data/derivatives/fsl/EVfiles/sub-140/ultimatum-pmod/run-02_missed_trial.txt -> /ZPOOL/data/projects/srndna-ultimatum/derivatives/fsl/EVfiles/sub-140/ultimatum-pmod/run-02_missed_trial.txt
sub-140	02	custom10	/data/projects/srndna-ultimatum/derivatives/fsl/sub-140/ts_task-ultimatum_net0003_nppi-dmn_run-02.txt	/ZPOOL/data/projects/srndna-ultimatum/derivatives/fsl/sub-140/ts_task-ultimatum_net0003_nppi-dmn_run-02.txt	found	
sub-140	02	custom20	/data/projects/srndna-ultimatum/derivatives/fsl/sub-140/ts_task-ultimatum_net0007_nppi-dmn_run-02.txt	/ZPOOL/data/projects/srndna-ultimatum/derivatives/fsl/sub-140/ts_task-ultimatum_net0007_nppi-dmn_run-02.txt	found	
sub-140	02	custom21	/data/projects/srndna-ultimatum/derivatives/fsl/sub-140/ts_task-ultimatum_net0000_nppi-dmn_run-02.txt	/ZPOOL/data/projects/srndna-ultimatum/derivatives/fsl/sub-140/ts_task-ultimatum_net0000_nppi-dmn_run-02.txt	found	
sub-140	02	custom22	/data/projects/srndna-ultimatum/derivatives/fsl/sub-140/ts_task-ultimatum_net0001_nppi-dmn_run-02.txt	/ZPOOL/data/projects/srndna-ultimatum/derivatives/fsl/sub-140/ts_task-ultimatum_net0001_nppi-dmn_run-02.txt	found	
sub-140	02	custom23	/data/projects/srndna-ultimatum/derivatives/fsl/sub-140/ts_task-ultimatum_net0002_nppi-dmn_run-02.txt	/ZPOOL/data/projects/srndna-ultimatum/derivatives/fsl/sub-140/ts_task-ultimatum_net0002_nppi-dmn_run-02.txt	found	
sub-140	02	custom24	/data/projects/srndna-ultimatum/derivatives/fsl/sub-140/ts_task-ultimatum_net0004_nppi-dmn_run-02.txt	/ZPOOL/data/projects/srndna-ultimatum/derivatives/fsl/sub-140/ts_task-ultimatum_net0004_nppi-dmn_run-02.txt	found	
sub-140	02	custom25	/data/projects/srndna-ultimatum/derivatives/fsl/sub-140/ts_task-ultimatum_net0005_nppi-dmn_run-02.txt	/ZPOOL/data/projects/srndna-ultimatum/derivatives/fsl/sub-140/ts_task-ultimatum_net0005_nppi-dmn_run-02.txt	found	
sub-140	02	custom26	/data/projects/srndna-ultimatum/derivatives/fsl/sub-140/ts_task-ultimatum_net0006_nppi-dmn_run-02.txt	/ZPOOL/data/projects/srndna-ultimatum/derivatives/fsl/sub-140/ts_task-ultimatum_net0006_nppi-dmn_run-02.txt	found	
sub-140	02	custom27	/data/projects/srndna-ultimatum/derivatives/fsl/sub-140/ts_task-ultimatum_net0008_nppi-dmn_run-02.txt	/ZPOOL/data/projects/srndna-ultimatum/derivatives/fsl/sub-140/ts_task-ultimatum_net0008_nppi-dmn_run-02.txt	found	
sub-140	02	custom28	/data/projects/srndna-ultimatum/derivatives/fsl/sub-140/ts_task-ultimatum_net0009_nppi-dmn_run-02.txt	/ZPOOL/data/projects/srndna-ultimatum/derivatives/fsl/sub-140/ts_task-ultimatum_net0009_nppi-dmn_run-02.txt	found	
sub-140	combined	source_l2_fsf	/ZPOOL/data/projects/srndna-ultimatum/derivatives/fsl/sub-140/L2_task-ultimatum_model-02_type-nppi-dmn_sm-6.gfeat/design.fsf	/ZPOOL/data/projects/srndna-ultimatum/derivatives/fsl/sub-140/L2_task-ultimatum_model-02_type-nppi-dmn_sm-6.gfeat/design.fsf	found	
sub-141	01	source_fsf	/ZPOOL/data/projects/srndna-ultimatum/derivatives/fsl/sub-141/L1_task-ultimatum_model-02_type-nppi-dmn_run-01_sm-6.feat/design.fsf	/ZPOOL/data/projects/srndna-ultimatum/derivatives/fsl/sub-141/L1_task-ultimatum_model-02_type-nppi-dmn_run-01_sm-6.feat/design.fsf	found	
sub-141	01	events	/ZPOOL/data/projects/srndna-ultimatum/source_data/bids/sub-141/func/sub-141_task-ultimatum_run-01_events.tsv	/ZPOOL/data/projects/srndna-ultimatum/source_data/bids/sub-141/func/sub-141_task-ultimatum_run-01_events.tsv	found	
sub-141	01	feat_files(1)	/data/projects/srndna-data/derivatives/fmriprep/sub-141/func/sub-141_task-ultimatum_run-1_space-MNI152NLin2009cAsym_desc-preproc_bold.nii.gz	/ZPOOL/data/projects/srndna-ug/derivatives/fmriprep/sub-141/func/sub-141_task-ultimatum_run-1_space-MNI152NLin2009cAsym_desc-preproc_bold.nii.gz	found	
sub-141	01	confoundev_files(1)	/data/projects/srndna-data/derivatives/fsl/confounds/sub-141/sub-141_task-ultimatum_run-1_desc-fslConfounds.tsv		missing	explicitly mapped input missing: /data/projects/srndna-data/derivatives/fsl/confounds/sub-141/sub-141_task-ultimatum_run-1_desc-fslConfounds.tsv -> /ZPOOL/data/projects/srndna-ultimatum/derivatives/fsl/confounds/sub-141/sub-141_task-ultimatum_run-1_desc-fslConfounds.tsv
sub-141	01	regstandard	/usr/share/fsl/6.0.3/data/standard/MNI152_T1_2mm_brain	/usr/local/fsl/data/standard/MNI152_T1_2mm_brain.nii.gz	found	
sub-141	01	custom1	/data/projects/srndna-data/derivatives/fsl/EVfiles/sub-141/ultimatum-pmod/run-01_event_computer.txt		missing	explicitly mapped input missing: /data/projects/srndna-data/derivatives/fsl/EVfiles/sub-141/ultimatum-pmod/run-01_event_computer.txt -> /ZPOOL/data/projects/srndna-ultimatum/derivatives/fsl/EVfiles/sub-141/ultimatum-pmod/run-01_event_computer.txt
sub-141	01	custom2	/data/projects/srndna-data/derivatives/fsl/EVfiles/sub-141/ultimatum-pmod/run-01_event_computer_pmod.txt		missing	explicitly mapped input missing: /data/projects/srndna-data/derivatives/fsl/EVfiles/sub-141/ultimatum-pmod/run-01_event_computer_pmod.txt -> /ZPOOL/data/projects/srndna-ultimatum/derivatives/fsl/EVfiles/sub-141/ultimatum-pmod/run-01_event_computer_pmod.txt
sub-141	01	custom3	/data/projects/srndna-data/derivatives/fsl/EVfiles/sub-141/ultimatum-pmod/run-01_event_ingroup.txt		missing	explicitly mapped input missing: /data/projects/srndna-data/derivatives/fsl/EVfiles/sub-141/ultimatum-pmod/run-01_event_ingroup.txt -> /ZPOOL/data/projects/srndna-ultimatum/derivatives/fsl/EVfiles/sub-141/ultimatum-pmod/run-01_event_ingroup.txt
sub-141	01	custom4	/data/projects/srndna-data/derivatives/fsl/EVfiles/sub-141/ultimatum-pmod/run-01_event_ingroup_pmod.txt		missing	explicitly mapped input missing: /data/projects/srndna-data/derivatives/fsl/EVfiles/sub-141/ultimatum-pmod/run-01_event_ingroup_pmod.txt -> /ZPOOL/data/projects/srndna-ultimatum/derivatives/fsl/EVfiles/sub-141/ultimatum-pmod/run-01_event_ingroup_pmod.txt
sub-141	01	custom5	/data/projects/srndna-data/derivatives/fsl/EVfiles/sub-141/ultimatum-pmod/run-01_event_outgroup.txt		missing	explicitly mapped input missing: /data/projects/srndna-data/derivatives/fsl/EVfiles/sub-141/ultimatum-pmod/run-01_event_outgroup.txt -> /ZPOOL/data/projects/srndna-ultimatum/derivatives/fsl/EVfiles/sub-141/ultimatum-pmod/run-01_event_outgroup.txt
sub-141	01	custom6	/data/projects/srndna-data/derivatives/fsl/EVfiles/sub-141/ultimatum-pmod/run-01_event_outgroup_pmod.txt		missing	explicitly mapped input missing: /data/projects/srndna-data/derivatives/fsl/EVfiles/sub-141/ultimatum-pmod/run-01_event_outgroup_pmod.txt -> /ZPOOL/data/projects/srndna-ultimatum/derivatives/fsl/EVfiles/sub-141/ultimatum-pmod/run-01_event_outgroup_pmod.txt
sub-141	01	custom7	/data/projects/srndna-data/derivatives/fsl/EVfiles/sub-141/ultimatum-pmod/run-01_missed_trial.txt		missing	explicitly mapped input missing: /data/projects/srndna-data/derivatives/fsl/EVfiles/sub-141/ultimatum-pmod/run-01_missed_trial.txt -> /ZPOOL/data/projects/srndna-ultimatum/derivatives/fsl/EVfiles/sub-141/ultimatum-pmod/run-01_missed_trial.txt
sub-141	01	custom10	/data/projects/srndna-ultimatum/derivatives/fsl/sub-141/ts_task-ultimatum_net0003_nppi-dmn_run-01.txt	/ZPOOL/data/projects/srndna-ultimatum/derivatives/fsl/sub-141/ts_task-ultimatum_net0003_nppi-dmn_run-01.txt	found	
sub-141	01	custom20	/data/projects/srndna-ultimatum/derivatives/fsl/sub-141/ts_task-ultimatum_net0007_nppi-dmn_run-01.txt	/ZPOOL/data/projects/srndna-ultimatum/derivatives/fsl/sub-141/ts_task-ultimatum_net0007_nppi-dmn_run-01.txt	found	
sub-141	01	custom21	/data/projects/srndna-ultimatum/derivatives/fsl/sub-141/ts_task-ultimatum_net0000_nppi-dmn_run-01.txt	/ZPOOL/data/projects/srndna-ultimatum/derivatives/fsl/sub-141/ts_task-ultimatum_net0000_nppi-dmn_run-01.txt	found	
sub-141	01	custom22	/data/projects/srndna-ultimatum/derivatives/fsl/sub-141/ts_task-ultimatum_net0001_nppi-dmn_run-01.txt	/ZPOOL/data/projects/srndna-ultimatum/derivatives/fsl/sub-141/ts_task-ultimatum_net0001_nppi-dmn_run-01.txt	found	
sub-141	01	custom23	/data/projects/srndna-ultimatum/derivatives/fsl/sub-141/ts_task-ultimatum_net0002_nppi-dmn_run-01.txt	/ZPOOL/data/projects/srndna-ultimatum/derivatives/fsl/sub-141/ts_task-ultimatum_net0002_nppi-dmn_run-01.txt	found	
sub-141	01	custom24	/data/projects/srndna-ultimatum/derivatives/fsl/sub-141/ts_task-ultimatum_net0004_nppi-dmn_run-01.txt	/ZPOOL/data/projects/srndna-ultimatum/derivatives/fsl/sub-141/ts_task-ultimatum_net0004_nppi-dmn_run-01.txt	found	
sub-141	01	custom25	/data/projects/srndna-ultimatum/derivatives/fsl/sub-141/ts_task-ultimatum_net0005_nppi-dmn_run-01.txt	/ZPOOL/data/projects/srndna-ultimatum/derivatives/fsl/sub-141/ts_task-ultimatum_net0005_nppi-dmn_run-01.txt	found	
sub-141	01	custom26	/data/projects/srndna-ultimatum/derivatives/fsl/sub-141/ts_task-ultimatum_net0006_nppi-dmn_run-01.txt	/ZPOOL/data/projects/srndna-ultimatum/derivatives/fsl/sub-141/ts_task-ultimatum_net0006_nppi-dmn_run-01.txt	found	
sub-141	01	custom27	/data/projects/srndna-ultimatum/derivatives/fsl/sub-141/ts_task-ultimatum_net0008_nppi-dmn_run-01.txt	/ZPOOL/data/projects/srndna-ultimatum/derivatives/fsl/sub-141/ts_task-ultimatum_net0008_nppi-dmn_run-01.txt	found	
sub-141	01	custom28	/data/projects/srndna-ultimatum/derivatives/fsl/sub-141/ts_task-ultimatum_net0009_nppi-dmn_run-01.txt	/ZPOOL/data/projects/srndna-ultimatum/derivatives/fsl/sub-141/ts_task-ultimatum_net0009_nppi-dmn_run-01.txt	found	
sub-141	02	source_fsf	/ZPOOL/data/projects/srndna-ultimatum/derivatives/fsl/sub-141/L1_task-ultimatum_model-02_type-nppi-dmn_run-02_sm-6.feat/design.fsf	/ZPOOL/data/projects/srndna-ultimatum/derivatives/fsl/sub-141/L1_task-ultimatum_model-02_type-nppi-dmn_run-02_sm-6.feat/design.fsf	found	
sub-141	02	events	/ZPOOL/data/projects/srndna-ultimatum/source_data/bids/sub-141/func/sub-141_task-ultimatum_run-02_events.tsv	/ZPOOL/data/projects/srndna-ultimatum/source_data/bids/sub-141/func/sub-141_task-ultimatum_run-02_events.tsv	found	
sub-141	02	feat_files(1)	/data/projects/srndna-data/derivatives/fmriprep/sub-141/func/sub-141_task-ultimatum_run-2_space-MNI152NLin2009cAsym_desc-preproc_bold.nii.gz	/ZPOOL/data/projects/srndna-ug/derivatives/fmriprep/sub-141/func/sub-141_task-ultimatum_run-2_space-MNI152NLin2009cAsym_desc-preproc_bold.nii.gz	found	
sub-141	02	confoundev_files(1)	/data/projects/srndna-data/derivatives/fsl/confounds/sub-141/sub-141_task-ultimatum_run-2_desc-fslConfounds.tsv		missing	explicitly mapped input missing: /data/projects/srndna-data/derivatives/fsl/confounds/sub-141/sub-141_task-ultimatum_run-2_desc-fslConfounds.tsv -> /ZPOOL/data/projects/srndna-ultimatum/derivatives/fsl/confounds/sub-141/sub-141_task-ultimatum_run-2_desc-fslConfounds.tsv
sub-141	02	regstandard	/usr/share/fsl/6.0.3/data/standard/MNI152_T1_2mm_brain	/usr/local/fsl/data/standard/MNI152_T1_2mm_brain.nii.gz	found	
sub-141	02	custom1	/data/projects/srndna-data/derivatives/fsl/EVfiles/sub-141/ultimatum-pmod/run-02_event_computer.txt		missing	explicitly mapped input missing: /data/projects/srndna-data/derivatives/fsl/EVfiles/sub-141/ultimatum-pmod/run-02_event_computer.txt -> /ZPOOL/data/projects/srndna-ultimatum/derivatives/fsl/EVfiles/sub-141/ultimatum-pmod/run-02_event_computer.txt
sub-141	02	custom2	/data/projects/srndna-data/derivatives/fsl/EVfiles/sub-141/ultimatum-pmod/run-02_event_computer_pmod.txt		missing	explicitly mapped input missing: /data/projects/srndna-data/derivatives/fsl/EVfiles/sub-141/ultimatum-pmod/run-02_event_computer_pmod.txt -> /ZPOOL/data/projects/srndna-ultimatum/derivatives/fsl/EVfiles/sub-141/ultimatum-pmod/run-02_event_computer_pmod.txt
sub-141	02	custom3	/data/projects/srndna-data/derivatives/fsl/EVfiles/sub-141/ultimatum-pmod/run-02_event_ingroup.txt		missing	explicitly mapped input missing: /data/projects/srndna-data/derivatives/fsl/EVfiles/sub-141/ultimatum-pmod/run-02_event_ingroup.txt -> /ZPOOL/data/projects/srndna-ultimatum/derivatives/fsl/EVfiles/sub-141/ultimatum-pmod/run-02_event_ingroup.txt
sub-141	02	custom4	/data/projects/srndna-data/derivatives/fsl/EVfiles/sub-141/ultimatum-pmod/run-02_event_ingroup_pmod.txt		missing	explicitly mapped input missing: /data/projects/srndna-data/derivatives/fsl/EVfiles/sub-141/ultimatum-pmod/run-02_event_ingroup_pmod.txt -> /ZPOOL/data/projects/srndna-ultimatum/derivatives/fsl/EVfiles/sub-141/ultimatum-pmod/run-02_event_ingroup_pmod.txt
sub-141	02	custom5	/data/projects/srndna-data/derivatives/fsl/EVfiles/sub-141/ultimatum-pmod/run-02_event_outgroup.txt		missing	explicitly mapped input missing: /data/projects/srndna-data/derivatives/fsl/EVfiles/sub-141/ultimatum-pmod/run-02_event_outgroup.txt -> /ZPOOL/data/projects/srndna-ultimatum/derivatives/fsl/EVfiles/sub-141/ultimatum-pmod/run-02_event_outgroup.txt
sub-141	02	custom6	/data/projects/srndna-data/derivatives/fsl/EVfiles/sub-141/ultimatum-pmod/run-02_event_outgroup_pmod.txt		missing	explicitly mapped input missing: /data/projects/srndna-data/derivatives/fsl/EVfiles/sub-141/ultimatum-pmod/run-02_event_outgroup_pmod.txt -> /ZPOOL/data/projects/srndna-ultimatum/derivatives/fsl/EVfiles/sub-141/ultimatum-pmod/run-02_event_outgroup_pmod.txt
sub-141	02	custom7	/data/projects/srndna-data/derivatives/fsl/EVfiles/sub-141/ultimatum-pmod/run-02_missed_trial.txt		missing	explicitly mapped input missing: /data/projects/srndna-data/derivatives/fsl/EVfiles/sub-141/ultimatum-pmod/run-02_missed_trial.txt -> /ZPOOL/data/projects/srndna-ultimatum/derivatives/fsl/EVfiles/sub-141/ultimatum-pmod/run-02_missed_trial.txt
sub-141	02	custom10	/data/projects/srndna-ultimatum/derivatives/fsl/sub-141/ts_task-ultimatum_net0003_nppi-dmn_run-02.txt	/ZPOOL/data/projects/srndna-ultimatum/derivatives/fsl/sub-141/ts_task-ultimatum_net0003_nppi-dmn_run-02.txt	found	
sub-141	02	custom20	/data/projects/srndna-ultimatum/derivatives/fsl/sub-141/ts_task-ultimatum_net0007_nppi-dmn_run-02.txt	/ZPOOL/data/projects/srndna-ultimatum/derivatives/fsl/sub-141/ts_task-ultimatum_net0007_nppi-dmn_run-02.txt	found	
sub-141	02	custom21	/data/projects/srndna-ultimatum/derivatives/fsl/sub-141/ts_task-ultimatum_net0000_nppi-dmn_run-02.txt	/ZPOOL/data/projects/srndna-ultimatum/derivatives/fsl/sub-141/ts_task-ultimatum_net0000_nppi-dmn_run-02.txt	found	
sub-141	02	custom22	/data/projects/srndna-ultimatum/derivatives/fsl/sub-141/ts_task-ultimatum_net0001_nppi-dmn_run-02.txt	/ZPOOL/data/projects/srndna-ultimatum/derivatives/fsl/sub-141/ts_task-ultimatum_net0001_nppi-dmn_run-02.txt	found	
sub-141	02	custom23	/data/projects/srndna-ultimatum/derivatives/fsl/sub-141/ts_task-ultimatum_net0002_nppi-dmn_run-02.txt	/ZPOOL/data/projects/srndna-ultimatum/derivatives/fsl/sub-141/ts_task-ultimatum_net0002_nppi-dmn_run-02.txt	found	
sub-141	02	custom24	/data/projects/srndna-ultimatum/derivatives/fsl/sub-141/ts_task-ultimatum_net0004_nppi-dmn_run-02.txt	/ZPOOL/data/projects/srndna-ultimatum/derivatives/fsl/sub-141/ts_task-ultimatum_net0004_nppi-dmn_run-02.txt	found	
sub-141	02	custom25	/data/projects/srndna-ultimatum/derivatives/fsl/sub-141/ts_task-ultimatum_net0005_nppi-dmn_run-02.txt	/ZPOOL/data/projects/srndna-ultimatum/derivatives/fsl/sub-141/ts_task-ultimatum_net0005_nppi-dmn_run-02.txt	found	
sub-141	02	custom26	/data/projects/srndna-ultimatum/derivatives/fsl/sub-141/ts_task-ultimatum_net0006_nppi-dmn_run-02.txt	/ZPOOL/data/projects/srndna-ultimatum/derivatives/fsl/sub-141/ts_task-ultimatum_net0006_nppi-dmn_run-02.txt	found	
sub-141	02	custom27	/data/projects/srndna-ultimatum/derivatives/fsl/sub-141/ts_task-ultimatum_net0008_nppi-dmn_run-02.txt	/ZPOOL/data/projects/srndna-ultimatum/derivatives/fsl/sub-141/ts_task-ultimatum_net0008_nppi-dmn_run-02.txt	found	
sub-141	02	custom28	/data/projects/srndna-ultimatum/derivatives/fsl/sub-141/ts_task-ultimatum_net0009_nppi-dmn_run-02.txt	/ZPOOL/data/projects/srndna-ultimatum/derivatives/fsl/sub-141/ts_task-ultimatum_net0009_nppi-dmn_run-02.txt	found	
sub-141	combined	source_l2_fsf	/ZPOOL/data/projects/srndna-ultimatum/derivatives/fsl/sub-141/L2_task-ultimatum_model-02_type-nppi-dmn_sm-6.gfeat/design.fsf	/ZPOOL/data/projects/srndna-ultimatum/derivatives/fsl/sub-141/L2_task-ultimatum_model-02_type-nppi-dmn_sm-6.gfeat/design.fsf	found	
sub-142	01	source_fsf	/ZPOOL/data/projects/srndna-ultimatum/derivatives/fsl/sub-142/L1_task-ultimatum_model-02_type-nppi-dmn_run-01_sm-6.feat/design.fsf	/ZPOOL/data/projects/srndna-ultimatum/derivatives/fsl/sub-142/L1_task-ultimatum_model-02_type-nppi-dmn_run-01_sm-6.feat/design.fsf	found	
sub-142	01	events	/ZPOOL/data/projects/srndna-ultimatum/source_data/bids/sub-142/func/sub-142_task-ultimatum_run-01_events.tsv	/ZPOOL/data/projects/srndna-ultimatum/source_data/bids/sub-142/func/sub-142_task-ultimatum_run-01_events.tsv	found	
sub-142	01	feat_files(1)	/data/projects/srndna-data/derivatives/fmriprep/sub-142/func/sub-142_task-ultimatum_run-1_space-MNI152NLin2009cAsym_desc-preproc_bold.nii.gz	/ZPOOL/data/projects/srndna-ug/derivatives/fmriprep/sub-142/func/sub-142_task-ultimatum_run-1_space-MNI152NLin2009cAsym_desc-preproc_bold.nii.gz	found	
sub-142	01	confoundev_files(1)	/data/projects/srndna-data/derivatives/fsl/confounds/sub-142/sub-142_task-ultimatum_run-1_desc-fslConfounds.tsv		missing	explicitly mapped input missing: /data/projects/srndna-data/derivatives/fsl/confounds/sub-142/sub-142_task-ultimatum_run-1_desc-fslConfounds.tsv -> /ZPOOL/data/projects/srndna-ultimatum/derivatives/fsl/confounds/sub-142/sub-142_task-ultimatum_run-1_desc-fslConfounds.tsv
sub-142	01	regstandard	/usr/share/fsl/6.0.3/data/standard/MNI152_T1_2mm_brain	/usr/local/fsl/data/standard/MNI152_T1_2mm_brain.nii.gz	found	
sub-142	01	custom1	/data/projects/srndna-data/derivatives/fsl/EVfiles/sub-142/ultimatum-pmod/run-01_event_computer.txt		missing	explicitly mapped input missing: /data/projects/srndna-data/derivatives/fsl/EVfiles/sub-142/ultimatum-pmod/run-01_event_computer.txt -> /ZPOOL/data/projects/srndna-ultimatum/derivatives/fsl/EVfiles/sub-142/ultimatum-pmod/run-01_event_computer.txt
sub-142	01	custom2	/data/projects/srndna-data/derivatives/fsl/EVfiles/sub-142/ultimatum-pmod/run-01_event_computer_pmod.txt		missing	explicitly mapped input missing: /data/projects/srndna-data/derivatives/fsl/EVfiles/sub-142/ultimatum-pmod/run-01_event_computer_pmod.txt -> /ZPOOL/data/projects/srndna-ultimatum/derivatives/fsl/EVfiles/sub-142/ultimatum-pmod/run-01_event_computer_pmod.txt
sub-142	01	custom3	/data/projects/srndna-data/derivatives/fsl/EVfiles/sub-142/ultimatum-pmod/run-01_event_ingroup.txt		missing	explicitly mapped input missing: /data/projects/srndna-data/derivatives/fsl/EVfiles/sub-142/ultimatum-pmod/run-01_event_ingroup.txt -> /ZPOOL/data/projects/srndna-ultimatum/derivatives/fsl/EVfiles/sub-142/ultimatum-pmod/run-01_event_ingroup.txt
sub-142	01	custom4	/data/projects/srndna-data/derivatives/fsl/EVfiles/sub-142/ultimatum-pmod/run-01_event_ingroup_pmod.txt		missing	explicitly mapped input missing: /data/projects/srndna-data/derivatives/fsl/EVfiles/sub-142/ultimatum-pmod/run-01_event_ingroup_pmod.txt -> /ZPOOL/data/projects/srndna-ultimatum/derivatives/fsl/EVfiles/sub-142/ultimatum-pmod/run-01_event_ingroup_pmod.txt
sub-142	01	custom5	/data/projects/srndna-data/derivatives/fsl/EVfiles/sub-142/ultimatum-pmod/run-01_event_outgroup.txt		missing	explicitly mapped input missing: /data/projects/srndna-data/derivatives/fsl/EVfiles/sub-142/ultimatum-pmod/run-01_event_outgroup.txt -> /ZPOOL/data/projects/srndna-ultimatum/derivatives/fsl/EVfiles/sub-142/ultimatum-pmod/run-01_event_outgroup.txt
sub-142	01	custom6	/data/projects/srndna-data/derivatives/fsl/EVfiles/sub-142/ultimatum-pmod/run-01_event_outgroup_pmod.txt		missing	explicitly mapped input missing: /data/projects/srndna-data/derivatives/fsl/EVfiles/sub-142/ultimatum-pmod/run-01_event_outgroup_pmod.txt -> /ZPOOL/data/projects/srndna-ultimatum/derivatives/fsl/EVfiles/sub-142/ultimatum-pmod/run-01_event_outgroup_pmod.txt
sub-142	01	custom7	/data/projects/srndna-data/derivatives/fsl/EVfiles/sub-142/ultimatum-pmod/run-01_missed_trial.txt		missing	explicitly mapped input missing: /data/projects/srndna-data/derivatives/fsl/EVfiles/sub-142/ultimatum-pmod/run-01_missed_trial.txt -> /ZPOOL/data/projects/srndna-ultimatum/derivatives/fsl/EVfiles/sub-142/ultimatum-pmod/run-01_missed_trial.txt
sub-142	01	custom10	/data/projects/srndna-ultimatum/derivatives/fsl/sub-142/ts_task-ultimatum_net0003_nppi-dmn_run-01.txt	/ZPOOL/data/projects/srndna-ultimatum/derivatives/fsl/sub-142/ts_task-ultimatum_net0003_nppi-dmn_run-01.txt	found	
sub-142	01	custom20	/data/projects/srndna-ultimatum/derivatives/fsl/sub-142/ts_task-ultimatum_net0007_nppi-dmn_run-01.txt	/ZPOOL/data/projects/srndna-ultimatum/derivatives/fsl/sub-142/ts_task-ultimatum_net0007_nppi-dmn_run-01.txt	found	
sub-142	01	custom21	/data/projects/srndna-ultimatum/derivatives/fsl/sub-142/ts_task-ultimatum_net0000_nppi-dmn_run-01.txt	/ZPOOL/data/projects/srndna-ultimatum/derivatives/fsl/sub-142/ts_task-ultimatum_net0000_nppi-dmn_run-01.txt	found	
sub-142	01	custom22	/data/projects/srndna-ultimatum/derivatives/fsl/sub-142/ts_task-ultimatum_net0001_nppi-dmn_run-01.txt	/ZPOOL/data/projects/srndna-ultimatum/derivatives/fsl/sub-142/ts_task-ultimatum_net0001_nppi-dmn_run-01.txt	found	
sub-142	01	custom23	/data/projects/srndna-ultimatum/derivatives/fsl/sub-142/ts_task-ultimatum_net0002_nppi-dmn_run-01.txt	/ZPOOL/data/projects/srndna-ultimatum/derivatives/fsl/sub-142/ts_task-ultimatum_net0002_nppi-dmn_run-01.txt	found	
sub-142	01	custom24	/data/projects/srndna-ultimatum/derivatives/fsl/sub-142/ts_task-ultimatum_net0004_nppi-dmn_run-01.txt	/ZPOOL/data/projects/srndna-ultimatum/derivatives/fsl/sub-142/ts_task-ultimatum_net0004_nppi-dmn_run-01.txt	found	
sub-142	01	custom25	/data/projects/srndna-ultimatum/derivatives/fsl/sub-142/ts_task-ultimatum_net0005_nppi-dmn_run-01.txt	/ZPOOL/data/projects/srndna-ultimatum/derivatives/fsl/sub-142/ts_task-ultimatum_net0005_nppi-dmn_run-01.txt	found	
sub-142	01	custom26	/data/projects/srndna-ultimatum/derivatives/fsl/sub-142/ts_task-ultimatum_net0006_nppi-dmn_run-01.txt	/ZPOOL/data/projects/srndna-ultimatum/derivatives/fsl/sub-142/ts_task-ultimatum_net0006_nppi-dmn_run-01.txt	found	
sub-142	01	custom27	/data/projects/srndna-ultimatum/derivatives/fsl/sub-142/ts_task-ultimatum_net0008_nppi-dmn_run-01.txt	/ZPOOL/data/projects/srndna-ultimatum/derivatives/fsl/sub-142/ts_task-ultimatum_net0008_nppi-dmn_run-01.txt	found	
sub-142	01	custom28	/data/projects/srndna-ultimatum/derivatives/fsl/sub-142/ts_task-ultimatum_net0009_nppi-dmn_run-01.txt	/ZPOOL/data/projects/srndna-ultimatum/derivatives/fsl/sub-142/ts_task-ultimatum_net0009_nppi-dmn_run-01.txt	found	
sub-142	02	source_fsf	/ZPOOL/data/projects/srndna-ultimatum/derivatives/fsl/sub-142/L1_task-ultimatum_model-02_type-nppi-dmn_run-02_sm-6.feat/design.fsf	/ZPOOL/data/projects/srndna-ultimatum/derivatives/fsl/sub-142/L1_task-ultimatum_model-02_type-nppi-dmn_run-02_sm-6.feat/design.fsf	found	
sub-142	02	events	/ZPOOL/data/projects/srndna-ultimatum/source_data/bids/sub-142/func/sub-142_task-ultimatum_run-02_events.tsv	/ZPOOL/data/projects/srndna-ultimatum/source_data/bids/sub-142/func/sub-142_task-ultimatum_run-02_events.tsv	found	
sub-142	02	feat_files(1)	/data/projects/srndna-data/derivatives/fmriprep/sub-142/func/sub-142_task-ultimatum_run-2_space-MNI152NLin2009cAsym_desc-preproc_bold.nii.gz	/ZPOOL/data/projects/srndna-ug/derivatives/fmriprep/sub-142/func/sub-142_task-ultimatum_run-2_space-MNI152NLin2009cAsym_desc-preproc_bold.nii.gz	found	
sub-142	02	confoundev_files(1)	/data/projects/srndna-data/derivatives/fsl/confounds/sub-142/sub-142_task-ultimatum_run-2_desc-fslConfounds.tsv		missing	explicitly mapped input missing: /data/projects/srndna-data/derivatives/fsl/confounds/sub-142/sub-142_task-ultimatum_run-2_desc-fslConfounds.tsv -> /ZPOOL/data/projects/srndna-ultimatum/derivatives/fsl/confounds/sub-142/sub-142_task-ultimatum_run-2_desc-fslConfounds.tsv
sub-142	02	regstandard	/usr/share/fsl/6.0.3/data/standard/MNI152_T1_2mm_brain	/usr/local/fsl/data/standard/MNI152_T1_2mm_brain.nii.gz	found	
sub-142	02	custom1	/data/projects/srndna-data/derivatives/fsl/EVfiles/sub-142/ultimatum-pmod/run-02_event_computer.txt		missing	explicitly mapped input missing: /data/projects/srndna-data/derivatives/fsl/EVfiles/sub-142/ultimatum-pmod/run-02_event_computer.txt -> /ZPOOL/data/projects/srndna-ultimatum/derivatives/fsl/EVfiles/sub-142/ultimatum-pmod/run-02_event_computer.txt
sub-142	02	custom2	/data/projects/srndna-data/derivatives/fsl/EVfiles/sub-142/ultimatum-pmod/run-02_event_computer_pmod.txt		missing	explicitly mapped input missing: /data/projects/srndna-data/derivatives/fsl/EVfiles/sub-142/ultimatum-pmod/run-02_event_computer_pmod.txt -> /ZPOOL/data/projects/srndna-ultimatum/derivatives/fsl/EVfiles/sub-142/ultimatum-pmod/run-02_event_computer_pmod.txt
sub-142	02	custom3	/data/projects/srndna-data/derivatives/fsl/EVfiles/sub-142/ultimatum-pmod/run-02_event_ingroup.txt		missing	explicitly mapped input missing: /data/projects/srndna-data/derivatives/fsl/EVfiles/sub-142/ultimatum-pmod/run-02_event_ingroup.txt -> /ZPOOL/data/projects/srndna-ultimatum/derivatives/fsl/EVfiles/sub-142/ultimatum-pmod/run-02_event_ingroup.txt
sub-142	02	custom4	/data/projects/srndna-data/derivatives/fsl/EVfiles/sub-142/ultimatum-pmod/run-02_event_ingroup_pmod.txt		missing	explicitly mapped input missing: /data/projects/srndna-data/derivatives/fsl/EVfiles/sub-142/ultimatum-pmod/run-02_event_ingroup_pmod.txt -> /ZPOOL/data/projects/srndna-ultimatum/derivatives/fsl/EVfiles/sub-142/ultimatum-pmod/run-02_event_ingroup_pmod.txt
sub-142	02	custom5	/data/projects/srndna-data/derivatives/fsl/EVfiles/sub-142/ultimatum-pmod/run-02_event_outgroup.txt		missing	explicitly mapped input missing: /data/projects/srndna-data/derivatives/fsl/EVfiles/sub-142/ultimatum-pmod/run-02_event_outgroup.txt -> /ZPOOL/data/projects/srndna-ultimatum/derivatives/fsl/EVfiles/sub-142/ultimatum-pmod/run-02_event_outgroup.txt
sub-142	02	custom6	/data/projects/srndna-data/derivatives/fsl/EVfiles/sub-142/ultimatum-pmod/run-02_event_outgroup_pmod.txt		missing	explicitly mapped input missing: /data/projects/srndna-data/derivatives/fsl/EVfiles/sub-142/ultimatum-pmod/run-02_event_outgroup_pmod.txt -> /ZPOOL/data/projects/srndna-ultimatum/derivatives/fsl/EVfiles/sub-142/ultimatum-pmod/run-02_event_outgroup_pmod.txt
sub-142	02	custom10	/data/projects/srndna-ultimatum/derivatives/fsl/sub-142/ts_task-ultimatum_net0003_nppi-dmn_run-02.txt	/ZPOOL/data/projects/srndna-ultimatum/derivatives/fsl/sub-142/ts_task-ultimatum_net0003_nppi-dmn_run-02.txt	found	
sub-142	02	custom20	/data/projects/srndna-ultimatum/derivatives/fsl/sub-142/ts_task-ultimatum_net0007_nppi-dmn_run-02.txt	/ZPOOL/data/projects/srndna-ultimatum/derivatives/fsl/sub-142/ts_task-ultimatum_net0007_nppi-dmn_run-02.txt	found	
sub-142	02	custom21	/data/projects/srndna-ultimatum/derivatives/fsl/sub-142/ts_task-ultimatum_net0000_nppi-dmn_run-02.txt	/ZPOOL/data/projects/srndna-ultimatum/derivatives/fsl/sub-142/ts_task-ultimatum_net0000_nppi-dmn_run-02.txt	found	
sub-142	02	custom22	/data/projects/srndna-ultimatum/derivatives/fsl/sub-142/ts_task-ultimatum_net0001_nppi-dmn_run-02.txt	/ZPOOL/data/projects/srndna-ultimatum/derivatives/fsl/sub-142/ts_task-ultimatum_net0001_nppi-dmn_run-02.txt	found	
sub-142	02	custom23	/data/projects/srndna-ultimatum/derivatives/fsl/sub-142/ts_task-ultimatum_net0002_nppi-dmn_run-02.txt	/ZPOOL/data/projects/srndna-ultimatum/derivatives/fsl/sub-142/ts_task-ultimatum_net0002_nppi-dmn_run-02.txt	found	
sub-142	02	custom24	/data/projects/srndna-ultimatum/derivatives/fsl/sub-142/ts_task-ultimatum_net0004_nppi-dmn_run-02.txt	/ZPOOL/data/projects/srndna-ultimatum/derivatives/fsl/sub-142/ts_task-ultimatum_net0004_nppi-dmn_run-02.txt	found	
sub-142	02	custom25	/data/projects/srndna-ultimatum/derivatives/fsl/sub-142/ts_task-ultimatum_net0005_nppi-dmn_run-02.txt	/ZPOOL/data/projects/srndna-ultimatum/derivatives/fsl/sub-142/ts_task-ultimatum_net0005_nppi-dmn_run-02.txt	found	
sub-142	02	custom26	/data/projects/srndna-ultimatum/derivatives/fsl/sub-142/ts_task-ultimatum_net0006_nppi-dmn_run-02.txt	/ZPOOL/data/projects/srndna-ultimatum/derivatives/fsl/sub-142/ts_task-ultimatum_net0006_nppi-dmn_run-02.txt	found	
sub-142	02	custom27	/data/projects/srndna-ultimatum/derivatives/fsl/sub-142/ts_task-ultimatum_net0008_nppi-dmn_run-02.txt	/ZPOOL/data/projects/srndna-ultimatum/derivatives/fsl/sub-142/ts_task-ultimatum_net0008_nppi-dmn_run-02.txt	found	
sub-142	02	custom28	/data/projects/srndna-ultimatum/derivatives/fsl/sub-142/ts_task-ultimatum_net0009_nppi-dmn_run-02.txt	/ZPOOL/data/projects/srndna-ultimatum/derivatives/fsl/sub-142/ts_task-ultimatum_net0009_nppi-dmn_run-02.txt	found	
sub-142	combined	source_l2_fsf	/ZPOOL/data/projects/srndna-ultimatum/derivatives/fsl/sub-142/L2_task-ultimatum_model-02_type-nppi-dmn_sm-6.gfeat/design.fsf	/ZPOOL/data/projects/srndna-ultimatum/derivatives/fsl/sub-142/L2_task-ultimatum_model-02_type-nppi-dmn_sm-6.gfeat/design.fsf	found	
sub-143	01	source_fsf	/ZPOOL/data/projects/srndna-ultimatum/derivatives/fsl/sub-143/L1_task-ultimatum_model-02_type-nppi-dmn_run-01_sm-6.feat/design.fsf	/ZPOOL/data/projects/srndna-ultimatum/derivatives/fsl/sub-143/L1_task-ultimatum_model-02_type-nppi-dmn_run-01_sm-6.feat/design.fsf	found	
sub-143	01	events	/ZPOOL/data/projects/srndna-ultimatum/source_data/bids/sub-143/func/sub-143_task-ultimatum_run-01_events.tsv	/ZPOOL/data/projects/srndna-ultimatum/source_data/bids/sub-143/func/sub-143_task-ultimatum_run-01_events.tsv	found	
sub-143	01	feat_files(1)	/data/projects/srndna-data/derivatives/fmriprep/sub-143/func/sub-143_task-ultimatum_run-1_space-MNI152NLin2009cAsym_desc-preproc_bold.nii.gz	/ZPOOL/data/projects/srndna-ug/derivatives/fmriprep/sub-143/func/sub-143_task-ultimatum_run-1_space-MNI152NLin2009cAsym_desc-preproc_bold.nii.gz	found	
sub-143	01	confoundev_files(1)	/data/projects/srndna-data/derivatives/fsl/confounds/sub-143/sub-143_task-ultimatum_run-1_desc-fslConfounds.tsv		missing	explicitly mapped input missing: /data/projects/srndna-data/derivatives/fsl/confounds/sub-143/sub-143_task-ultimatum_run-1_desc-fslConfounds.tsv -> /ZPOOL/data/projects/srndna-ultimatum/derivatives/fsl/confounds/sub-143/sub-143_task-ultimatum_run-1_desc-fslConfounds.tsv
sub-143	01	regstandard	/usr/share/fsl/6.0.3/data/standard/MNI152_T1_2mm_brain	/usr/local/fsl/data/standard/MNI152_T1_2mm_brain.nii.gz	found	
sub-143	01	custom1	/data/projects/srndna-data/derivatives/fsl/EVfiles/sub-143/ultimatum-pmod/run-01_event_computer.txt		missing	explicitly mapped input missing: /data/projects/srndna-data/derivatives/fsl/EVfiles/sub-143/ultimatum-pmod/run-01_event_computer.txt -> /ZPOOL/data/projects/srndna-ultimatum/derivatives/fsl/EVfiles/sub-143/ultimatum-pmod/run-01_event_computer.txt
sub-143	01	custom2	/data/projects/srndna-data/derivatives/fsl/EVfiles/sub-143/ultimatum-pmod/run-01_event_computer_pmod.txt		missing	explicitly mapped input missing: /data/projects/srndna-data/derivatives/fsl/EVfiles/sub-143/ultimatum-pmod/run-01_event_computer_pmod.txt -> /ZPOOL/data/projects/srndna-ultimatum/derivatives/fsl/EVfiles/sub-143/ultimatum-pmod/run-01_event_computer_pmod.txt
sub-143	01	custom3	/data/projects/srndna-data/derivatives/fsl/EVfiles/sub-143/ultimatum-pmod/run-01_event_ingroup.txt		missing	explicitly mapped input missing: /data/projects/srndna-data/derivatives/fsl/EVfiles/sub-143/ultimatum-pmod/run-01_event_ingroup.txt -> /ZPOOL/data/projects/srndna-ultimatum/derivatives/fsl/EVfiles/sub-143/ultimatum-pmod/run-01_event_ingroup.txt
sub-143	01	custom4	/data/projects/srndna-data/derivatives/fsl/EVfiles/sub-143/ultimatum-pmod/run-01_event_ingroup_pmod.txt		missing	explicitly mapped input missing: /data/projects/srndna-data/derivatives/fsl/EVfiles/sub-143/ultimatum-pmod/run-01_event_ingroup_pmod.txt -> /ZPOOL/data/projects/srndna-ultimatum/derivatives/fsl/EVfiles/sub-143/ultimatum-pmod/run-01_event_ingroup_pmod.txt
sub-143	01	custom5	/data/projects/srndna-data/derivatives/fsl/EVfiles/sub-143/ultimatum-pmod/run-01_event_outgroup.txt		missing	explicitly mapped input missing: /data/projects/srndna-data/derivatives/fsl/EVfiles/sub-143/ultimatum-pmod/run-01_event_outgroup.txt -> /ZPOOL/data/projects/srndna-ultimatum/derivatives/fsl/EVfiles/sub-143/ultimatum-pmod/run-01_event_outgroup.txt
sub-143	01	custom6	/data/projects/srndna-data/derivatives/fsl/EVfiles/sub-143/ultimatum-pmod/run-01_event_outgroup_pmod.txt		missing	explicitly mapped input missing: /data/projects/srndna-data/derivatives/fsl/EVfiles/sub-143/ultimatum-pmod/run-01_event_outgroup_pmod.txt -> /ZPOOL/data/projects/srndna-ultimatum/derivatives/fsl/EVfiles/sub-143/ultimatum-pmod/run-01_event_outgroup_pmod.txt
sub-143	01	custom10	/data/projects/srndna-ultimatum/derivatives/fsl/sub-143/ts_task-ultimatum_net0003_nppi-dmn_run-01.txt	/ZPOOL/data/projects/srndna-ultimatum/derivatives/fsl/sub-143/ts_task-ultimatum_net0003_nppi-dmn_run-01.txt	found	
sub-143	01	custom20	/data/projects/srndna-ultimatum/derivatives/fsl/sub-143/ts_task-ultimatum_net0007_nppi-dmn_run-01.txt	/ZPOOL/data/projects/srndna-ultimatum/derivatives/fsl/sub-143/ts_task-ultimatum_net0007_nppi-dmn_run-01.txt	found	
sub-143	01	custom21	/data/projects/srndna-ultimatum/derivatives/fsl/sub-143/ts_task-ultimatum_net0000_nppi-dmn_run-01.txt	/ZPOOL/data/projects/srndna-ultimatum/derivatives/fsl/sub-143/ts_task-ultimatum_net0000_nppi-dmn_run-01.txt	found	
sub-143	01	custom22	/data/projects/srndna-ultimatum/derivatives/fsl/sub-143/ts_task-ultimatum_net0001_nppi-dmn_run-01.txt	/ZPOOL/data/projects/srndna-ultimatum/derivatives/fsl/sub-143/ts_task-ultimatum_net0001_nppi-dmn_run-01.txt	found	
sub-143	01	custom23	/data/projects/srndna-ultimatum/derivatives/fsl/sub-143/ts_task-ultimatum_net0002_nppi-dmn_run-01.txt	/ZPOOL/data/projects/srndna-ultimatum/derivatives/fsl/sub-143/ts_task-ultimatum_net0002_nppi-dmn_run-01.txt	found	
sub-143	01	custom24	/data/projects/srndna-ultimatum/derivatives/fsl/sub-143/ts_task-ultimatum_net0004_nppi-dmn_run-01.txt	/ZPOOL/data/projects/srndna-ultimatum/derivatives/fsl/sub-143/ts_task-ultimatum_net0004_nppi-dmn_run-01.txt	found	
sub-143	01	custom25	/data/projects/srndna-ultimatum/derivatives/fsl/sub-143/ts_task-ultimatum_net0005_nppi-dmn_run-01.txt	/ZPOOL/data/projects/srndna-ultimatum/derivatives/fsl/sub-143/ts_task-ultimatum_net0005_nppi-dmn_run-01.txt	found	
sub-143	01	custom26	/data/projects/srndna-ultimatum/derivatives/fsl/sub-143/ts_task-ultimatum_net0006_nppi-dmn_run-01.txt	/ZPOOL/data/projects/srndna-ultimatum/derivatives/fsl/sub-143/ts_task-ultimatum_net0006_nppi-dmn_run-01.txt	found	
sub-143	01	custom27	/data/projects/srndna-ultimatum/derivatives/fsl/sub-143/ts_task-ultimatum_net0008_nppi-dmn_run-01.txt	/ZPOOL/data/projects/srndna-ultimatum/derivatives/fsl/sub-143/ts_task-ultimatum_net0008_nppi-dmn_run-01.txt	found	
sub-143	01	custom28	/data/projects/srndna-ultimatum/derivatives/fsl/sub-143/ts_task-ultimatum_net0009_nppi-dmn_run-01.txt	/ZPOOL/data/projects/srndna-ultimatum/derivatives/fsl/sub-143/ts_task-ultimatum_net0009_nppi-dmn_run-01.txt	found	
sub-143	02	source_fsf	/ZPOOL/data/projects/srndna-ultimatum/derivatives/fsl/sub-143/L1_task-ultimatum_model-02_type-nppi-dmn_run-02_sm-6.feat/design.fsf	/ZPOOL/data/projects/srndna-ultimatum/derivatives/fsl/sub-143/L1_task-ultimatum_model-02_type-nppi-dmn_run-02_sm-6.feat/design.fsf	found	
sub-143	02	events	/ZPOOL/data/projects/srndna-ultimatum/source_data/bids/sub-143/func/sub-143_task-ultimatum_run-02_events.tsv	/ZPOOL/data/projects/srndna-ultimatum/source_data/bids/sub-143/func/sub-143_task-ultimatum_run-02_events.tsv	found	
sub-143	02	feat_files(1)	/data/projects/srndna-data/derivatives/fmriprep/sub-143/func/sub-143_task-ultimatum_run-2_space-MNI152NLin2009cAsym_desc-preproc_bold.nii.gz	/ZPOOL/data/projects/srndna-ug/derivatives/fmriprep/sub-143/func/sub-143_task-ultimatum_run-2_space-MNI152NLin2009cAsym_desc-preproc_bold.nii.gz	found	
sub-143	02	confoundev_files(1)	/data/projects/srndna-data/derivatives/fsl/confounds/sub-143/sub-143_task-ultimatum_run-2_desc-fslConfounds.tsv		missing	explicitly mapped input missing: /data/projects/srndna-data/derivatives/fsl/confounds/sub-143/sub-143_task-ultimatum_run-2_desc-fslConfounds.tsv -> /ZPOOL/data/projects/srndna-ultimatum/derivatives/fsl/confounds/sub-143/sub-143_task-ultimatum_run-2_desc-fslConfounds.tsv
sub-143	02	regstandard	/usr/share/fsl/6.0.3/data/standard/MNI152_T1_2mm_brain	/usr/local/fsl/data/standard/MNI152_T1_2mm_brain.nii.gz	found	
sub-143	02	custom1	/data/projects/srndna-data/derivatives/fsl/EVfiles/sub-143/ultimatum-pmod/run-02_event_computer.txt		missing	explicitly mapped input missing: /data/projects/srndna-data/derivatives/fsl/EVfiles/sub-143/ultimatum-pmod/run-02_event_computer.txt -> /ZPOOL/data/projects/srndna-ultimatum/derivatives/fsl/EVfiles/sub-143/ultimatum-pmod/run-02_event_computer.txt
sub-143	02	custom2	/data/projects/srndna-data/derivatives/fsl/EVfiles/sub-143/ultimatum-pmod/run-02_event_computer_pmod.txt		missing	explicitly mapped input missing: /data/projects/srndna-data/derivatives/fsl/EVfiles/sub-143/ultimatum-pmod/run-02_event_computer_pmod.txt -> /ZPOOL/data/projects/srndna-ultimatum/derivatives/fsl/EVfiles/sub-143/ultimatum-pmod/run-02_event_computer_pmod.txt
sub-143	02	custom3	/data/projects/srndna-data/derivatives/fsl/EVfiles/sub-143/ultimatum-pmod/run-02_event_ingroup.txt		missing	explicitly mapped input missing: /data/projects/srndna-data/derivatives/fsl/EVfiles/sub-143/ultimatum-pmod/run-02_event_ingroup.txt -> /ZPOOL/data/projects/srndna-ultimatum/derivatives/fsl/EVfiles/sub-143/ultimatum-pmod/run-02_event_ingroup.txt
sub-143	02	custom4	/data/projects/srndna-data/derivatives/fsl/EVfiles/sub-143/ultimatum-pmod/run-02_event_ingroup_pmod.txt		missing	explicitly mapped input missing: /data/projects/srndna-data/derivatives/fsl/EVfiles/sub-143/ultimatum-pmod/run-02_event_ingroup_pmod.txt -> /ZPOOL/data/projects/srndna-ultimatum/derivatives/fsl/EVfiles/sub-143/ultimatum-pmod/run-02_event_ingroup_pmod.txt
sub-143	02	custom5	/data/projects/srndna-data/derivatives/fsl/EVfiles/sub-143/ultimatum-pmod/run-02_event_outgroup.txt		missing	explicitly mapped input missing: /data/projects/srndna-data/derivatives/fsl/EVfiles/sub-143/ultimatum-pmod/run-02_event_outgroup.txt -> /ZPOOL/data/projects/srndna-ultimatum/derivatives/fsl/EVfiles/sub-143/ultimatum-pmod/run-02_event_outgroup.txt
sub-143	02	custom6	/data/projects/srndna-data/derivatives/fsl/EVfiles/sub-143/ultimatum-pmod/run-02_event_outgroup_pmod.txt		missing	explicitly mapped input missing: /data/projects/srndna-data/derivatives/fsl/EVfiles/sub-143/ultimatum-pmod/run-02_event_outgroup_pmod.txt -> /ZPOOL/data/projects/srndna-ultimatum/derivatives/fsl/EVfiles/sub-143/ultimatum-pmod/run-02_event_outgroup_pmod.txt
sub-143	02	custom10	/data/projects/srndna-ultimatum/derivatives/fsl/sub-143/ts_task-ultimatum_net0003_nppi-dmn_run-02.txt	/ZPOOL/data/projects/srndna-ultimatum/derivatives/fsl/sub-143/ts_task-ultimatum_net0003_nppi-dmn_run-02.txt	found	
sub-143	02	custom20	/data/projects/srndna-ultimatum/derivatives/fsl/sub-143/ts_task-ultimatum_net0007_nppi-dmn_run-02.txt	/ZPOOL/data/projects/srndna-ultimatum/derivatives/fsl/sub-143/ts_task-ultimatum_net0007_nppi-dmn_run-02.txt	found	
sub-143	02	custom21	/data/projects/srndna-ultimatum/derivatives/fsl/sub-143/ts_task-ultimatum_net0000_nppi-dmn_run-02.txt	/ZPOOL/data/projects/srndna-ultimatum/derivatives/fsl/sub-143/ts_task-ultimatum_net0000_nppi-dmn_run-02.txt	found	
sub-143	02	custom22	/data/projects/srndna-ultimatum/derivatives/fsl/sub-143/ts_task-ultimatum_net0001_nppi-dmn_run-02.txt	/ZPOOL/data/projects/srndna-ultimatum/derivatives/fsl/sub-143/ts_task-ultimatum_net0001_nppi-dmn_run-02.txt	found	
sub-143	02	custom23	/data/projects/srndna-ultimatum/derivatives/fsl/sub-143/ts_task-ultimatum_net0002_nppi-dmn_run-02.txt	/ZPOOL/data/projects/srndna-ultimatum/derivatives/fsl/sub-143/ts_task-ultimatum_net0002_nppi-dmn_run-02.txt	found	
sub-143	02	custom24	/data/projects/srndna-ultimatum/derivatives/fsl/sub-143/ts_task-ultimatum_net0004_nppi-dmn_run-02.txt	/ZPOOL/data/projects/srndna-ultimatum/derivatives/fsl/sub-143/ts_task-ultimatum_net0004_nppi-dmn_run-02.txt	found	
sub-143	02	custom25	/data/projects/srndna-ultimatum/derivatives/fsl/sub-143/ts_task-ultimatum_net0005_nppi-dmn_run-02.txt	/ZPOOL/data/projects/srndna-ultimatum/derivatives/fsl/sub-143/ts_task-ultimatum_net0005_nppi-dmn_run-02.txt	found	
sub-143	02	custom26	/data/projects/srndna-ultimatum/derivatives/fsl/sub-143/ts_task-ultimatum_net0006_nppi-dmn_run-02.txt	/ZPOOL/data/projects/srndna-ultimatum/derivatives/fsl/sub-143/ts_task-ultimatum_net0006_nppi-dmn_run-02.txt	found	
sub-143	02	custom27	/data/projects/srndna-ultimatum/derivatives/fsl/sub-143/ts_task-ultimatum_net0008_nppi-dmn_run-02.txt	/ZPOOL/data/projects/srndna-ultimatum/derivatives/fsl/sub-143/ts_task-ultimatum_net0008_nppi-dmn_run-02.txt	found	
sub-143	02	custom28	/data/projects/srndna-ultimatum/derivatives/fsl/sub-143/ts_task-ultimatum_net0009_nppi-dmn_run-02.txt	/ZPOOL/data/projects/srndna-ultimatum/derivatives/fsl/sub-143/ts_task-ultimatum_net0009_nppi-dmn_run-02.txt	found	
sub-143	combined	source_l2_fsf	/ZPOOL/data/projects/srndna-ultimatum/derivatives/fsl/sub-143/L2_task-ultimatum_model-02_type-nppi-dmn_sm-6.gfeat/design.fsf	/ZPOOL/data/projects/srndna-ultimatum/derivatives/fsl/sub-143/L2_task-ultimatum_model-02_type-nppi-dmn_sm-6.gfeat/design.fsf	found	
sub-144	01	source_fsf	/ZPOOL/data/scratch/srndna-ultimatum-sub144-repair-v2/derivatives/fsl/sub-144/L1_task-ultimatum_model-02_type-nppi-dmn_run-01_sm-6.feat/design.fsf	/ZPOOL/data/scratch/srndna-ultimatum-sub144-repair-v2/derivatives/fsl/sub-144/L1_task-ultimatum_model-02_type-nppi-dmn_run-01_sm-6.feat/design.fsf	found	
sub-144	01	events	/ZPOOL/data/projects/srndna-ultimatum/source_data/bids/sub-144/func/sub-144_task-ultimatum_run-01_events.tsv	/ZPOOL/data/projects/srndna-ultimatum/source_data/bids/sub-144/func/sub-144_task-ultimatum_run-01_events.tsv	found	
sub-144	01	feat_files(1)	/ZPOOL/data/datasets/ds003745-work/derivatives/fmriprep/sub-144/func/sub-144_task-ultimatum_run-1_space-MNI152NLin2009cAsym_desc-preproc_bold.nii.gz	/ZPOOL/data/datasets/ds003745-work/derivatives/fmriprep/sub-144/func/sub-144_task-ultimatum_run-1_space-MNI152NLin2009cAsym_desc-preproc_bold.nii.gz	found	
sub-144	01	confoundev_files(1)	/ZPOOL/data/scratch/srndna-ultimatum-sub144-repair-v2/confounds/sub-144/sub-144_task-ultimatum_run-1_desc-fslConfounds.tsv	/ZPOOL/data/scratch/srndna-ultimatum-sub144-repair-v2/confounds/sub-144/sub-144_task-ultimatum_run-1_desc-fslConfounds.tsv	found	
sub-144	01	regstandard	/usr/share/fsl/6.0.3/data/standard/MNI152_T1_2mm_brain	/usr/local/fsl/data/standard/MNI152_T1_2mm_brain.nii.gz	found	
sub-144	01	custom1	/ZPOOL/data/scratch/srndna-ultimatum-sub144-repair-v2/EVfiles/sub-144/run-01_event_computer.txt	/ZPOOL/data/scratch/srndna-ultimatum-sub144-repair-v2/EVfiles/sub-144/run-01_event_computer.txt	found	
sub-144	01	custom2	/ZPOOL/data/scratch/srndna-ultimatum-sub144-repair-v2/EVfiles/sub-144/run-01_event_computer_pmod.txt	/ZPOOL/data/scratch/srndna-ultimatum-sub144-repair-v2/EVfiles/sub-144/run-01_event_computer_pmod.txt	found	
sub-144	01	custom3	/ZPOOL/data/scratch/srndna-ultimatum-sub144-repair-v2/EVfiles/sub-144/run-01_event_ingroup.txt	/ZPOOL/data/scratch/srndna-ultimatum-sub144-repair-v2/EVfiles/sub-144/run-01_event_ingroup.txt	found	
sub-144	01	custom4	/ZPOOL/data/scratch/srndna-ultimatum-sub144-repair-v2/EVfiles/sub-144/run-01_event_ingroup_pmod.txt	/ZPOOL/data/scratch/srndna-ultimatum-sub144-repair-v2/EVfiles/sub-144/run-01_event_ingroup_pmod.txt	found	
sub-144	01	custom5	/ZPOOL/data/scratch/srndna-ultimatum-sub144-repair-v2/EVfiles/sub-144/run-01_event_outgroup.txt	/ZPOOL/data/scratch/srndna-ultimatum-sub144-repair-v2/EVfiles/sub-144/run-01_event_outgroup.txt	found	
sub-144	01	custom6	/ZPOOL/data/scratch/srndna-ultimatum-sub144-repair-v2/EVfiles/sub-144/run-01_event_outgroup_pmod.txt	/ZPOOL/data/scratch/srndna-ultimatum-sub144-repair-v2/EVfiles/sub-144/run-01_event_outgroup_pmod.txt	found	
sub-144	01	custom7	/ZPOOL/data/scratch/srndna-ultimatum-sub144-repair-v2/EVfiles/sub-144/run-01_missed_trial.txt	/ZPOOL/data/scratch/srndna-ultimatum-sub144-repair-v2/EVfiles/sub-144/run-01_missed_trial.txt	found	
sub-144	01	custom10	/ZPOOL/data/projects/srndna-ultimatum/derivatives/fsl/sub-144/ts_task-ultimatum_net0003_nppi-dmn_run-01.txt	/ZPOOL/data/projects/srndna-ultimatum/derivatives/fsl/sub-144/ts_task-ultimatum_net0003_nppi-dmn_run-01.txt	found	
sub-144	01	custom20	/ZPOOL/data/projects/srndna-ultimatum/derivatives/fsl/sub-144/ts_task-ultimatum_net0007_nppi-dmn_run-01.txt	/ZPOOL/data/projects/srndna-ultimatum/derivatives/fsl/sub-144/ts_task-ultimatum_net0007_nppi-dmn_run-01.txt	found	
sub-144	01	custom21	/ZPOOL/data/projects/srndna-ultimatum/derivatives/fsl/sub-144/ts_task-ultimatum_net0000_nppi-dmn_run-01.txt	/ZPOOL/data/projects/srndna-ultimatum/derivatives/fsl/sub-144/ts_task-ultimatum_net0000_nppi-dmn_run-01.txt	found	
sub-144	01	custom22	/ZPOOL/data/projects/srndna-ultimatum/derivatives/fsl/sub-144/ts_task-ultimatum_net0001_nppi-dmn_run-01.txt	/ZPOOL/data/projects/srndna-ultimatum/derivatives/fsl/sub-144/ts_task-ultimatum_net0001_nppi-dmn_run-01.txt	found	
sub-144	01	custom23	/ZPOOL/data/projects/srndna-ultimatum/derivatives/fsl/sub-144/ts_task-ultimatum_net0002_nppi-dmn_run-01.txt	/ZPOOL/data/projects/srndna-ultimatum/derivatives/fsl/sub-144/ts_task-ultimatum_net0002_nppi-dmn_run-01.txt	found	
sub-144	01	custom24	/ZPOOL/data/projects/srndna-ultimatum/derivatives/fsl/sub-144/ts_task-ultimatum_net0004_nppi-dmn_run-01.txt	/ZPOOL/data/projects/srndna-ultimatum/derivatives/fsl/sub-144/ts_task-ultimatum_net0004_nppi-dmn_run-01.txt	found	
sub-144	01	custom25	/ZPOOL/data/projects/srndna-ultimatum/derivatives/fsl/sub-144/ts_task-ultimatum_net0005_nppi-dmn_run-01.txt	/ZPOOL/data/projects/srndna-ultimatum/derivatives/fsl/sub-144/ts_task-ultimatum_net0005_nppi-dmn_run-01.txt	found	
sub-144	01	custom26	/ZPOOL/data/projects/srndna-ultimatum/derivatives/fsl/sub-144/ts_task-ultimatum_net0006_nppi-dmn_run-01.txt	/ZPOOL/data/projects/srndna-ultimatum/derivatives/fsl/sub-144/ts_task-ultimatum_net0006_nppi-dmn_run-01.txt	found	
sub-144	01	custom27	/ZPOOL/data/projects/srndna-ultimatum/derivatives/fsl/sub-144/ts_task-ultimatum_net0008_nppi-dmn_run-01.txt	/ZPOOL/data/projects/srndna-ultimatum/derivatives/fsl/sub-144/ts_task-ultimatum_net0008_nppi-dmn_run-01.txt	found	
sub-144	01	custom28	/ZPOOL/data/projects/srndna-ultimatum/derivatives/fsl/sub-144/ts_task-ultimatum_net0009_nppi-dmn_run-01.txt	/ZPOOL/data/projects/srndna-ultimatum/derivatives/fsl/sub-144/ts_task-ultimatum_net0009_nppi-dmn_run-01.txt	found	
sub-144	02	source_fsf	/ZPOOL/data/scratch/srndna-ultimatum-sub144-repair-v2/derivatives/fsl/sub-144/L1_task-ultimatum_model-02_type-nppi-dmn_run-02_sm-6.feat/design.fsf	/ZPOOL/data/scratch/srndna-ultimatum-sub144-repair-v2/derivatives/fsl/sub-144/L1_task-ultimatum_model-02_type-nppi-dmn_run-02_sm-6.feat/design.fsf	found	
sub-144	02	events	/ZPOOL/data/projects/srndna-ultimatum/source_data/bids/sub-144/func/sub-144_task-ultimatum_run-02_events.tsv	/ZPOOL/data/projects/srndna-ultimatum/source_data/bids/sub-144/func/sub-144_task-ultimatum_run-02_events.tsv	found	
sub-144	02	feat_files(1)	/ZPOOL/data/datasets/ds003745-work/derivatives/fmriprep/sub-144/func/sub-144_task-ultimatum_run-2_space-MNI152NLin2009cAsym_desc-preproc_bold.nii.gz	/ZPOOL/data/datasets/ds003745-work/derivatives/fmriprep/sub-144/func/sub-144_task-ultimatum_run-2_space-MNI152NLin2009cAsym_desc-preproc_bold.nii.gz	found	
sub-144	02	confoundev_files(1)	/ZPOOL/data/scratch/srndna-ultimatum-sub144-repair-v2/confounds/sub-144/sub-144_task-ultimatum_run-2_desc-fslConfounds.tsv	/ZPOOL/data/scratch/srndna-ultimatum-sub144-repair-v2/confounds/sub-144/sub-144_task-ultimatum_run-2_desc-fslConfounds.tsv	found	
sub-144	02	regstandard	/usr/share/fsl/6.0.3/data/standard/MNI152_T1_2mm_brain	/usr/local/fsl/data/standard/MNI152_T1_2mm_brain.nii.gz	found	
sub-144	02	custom1	/ZPOOL/data/scratch/srndna-ultimatum-sub144-repair-v2/EVfiles/sub-144/run-02_event_computer.txt	/ZPOOL/data/scratch/srndna-ultimatum-sub144-repair-v2/EVfiles/sub-144/run-02_event_computer.txt	found	
sub-144	02	custom2	/ZPOOL/data/scratch/srndna-ultimatum-sub144-repair-v2/EVfiles/sub-144/run-02_event_computer_pmod.txt	/ZPOOL/data/scratch/srndna-ultimatum-sub144-repair-v2/EVfiles/sub-144/run-02_event_computer_pmod.txt	found	
sub-144	02	custom3	/ZPOOL/data/scratch/srndna-ultimatum-sub144-repair-v2/EVfiles/sub-144/run-02_event_ingroup.txt	/ZPOOL/data/scratch/srndna-ultimatum-sub144-repair-v2/EVfiles/sub-144/run-02_event_ingroup.txt	found	
sub-144	02	custom4	/ZPOOL/data/scratch/srndna-ultimatum-sub144-repair-v2/EVfiles/sub-144/run-02_event_ingroup_pmod.txt	/ZPOOL/data/scratch/srndna-ultimatum-sub144-repair-v2/EVfiles/sub-144/run-02_event_ingroup_pmod.txt	found	
sub-144	02	custom5	/ZPOOL/data/scratch/srndna-ultimatum-sub144-repair-v2/EVfiles/sub-144/run-02_event_outgroup.txt	/ZPOOL/data/scratch/srndna-ultimatum-sub144-repair-v2/EVfiles/sub-144/run-02_event_outgroup.txt	found	
sub-144	02	custom6	/ZPOOL/data/scratch/srndna-ultimatum-sub144-repair-v2/EVfiles/sub-144/run-02_event_outgroup_pmod.txt	/ZPOOL/data/scratch/srndna-ultimatum-sub144-repair-v2/EVfiles/sub-144/run-02_event_outgroup_pmod.txt	found	
sub-144	02	custom10	/ZPOOL/data/projects/srndna-ultimatum/derivatives/fsl/sub-144/ts_task-ultimatum_net0003_nppi-dmn_run-02.txt	/ZPOOL/data/projects/srndna-ultimatum/derivatives/fsl/sub-144/ts_task-ultimatum_net0003_nppi-dmn_run-02.txt	found	
sub-144	02	custom20	/ZPOOL/data/projects/srndna-ultimatum/derivatives/fsl/sub-144/ts_task-ultimatum_net0007_nppi-dmn_run-02.txt	/ZPOOL/data/projects/srndna-ultimatum/derivatives/fsl/sub-144/ts_task-ultimatum_net0007_nppi-dmn_run-02.txt	found	
sub-144	02	custom21	/ZPOOL/data/projects/srndna-ultimatum/derivatives/fsl/sub-144/ts_task-ultimatum_net0000_nppi-dmn_run-02.txt	/ZPOOL/data/projects/srndna-ultimatum/derivatives/fsl/sub-144/ts_task-ultimatum_net0000_nppi-dmn_run-02.txt	found	
sub-144	02	custom22	/ZPOOL/data/projects/srndna-ultimatum/derivatives/fsl/sub-144/ts_task-ultimatum_net0001_nppi-dmn_run-02.txt	/ZPOOL/data/projects/srndna-ultimatum/derivatives/fsl/sub-144/ts_task-ultimatum_net0001_nppi-dmn_run-02.txt	found	
sub-144	02	custom23	/ZPOOL/data/projects/srndna-ultimatum/derivatives/fsl/sub-144/ts_task-ultimatum_net0002_nppi-dmn_run-02.txt	/ZPOOL/data/projects/srndna-ultimatum/derivatives/fsl/sub-144/ts_task-ultimatum_net0002_nppi-dmn_run-02.txt	found	
sub-144	02	custom24	/ZPOOL/data/projects/srndna-ultimatum/derivatives/fsl/sub-144/ts_task-ultimatum_net0004_nppi-dmn_run-02.txt	/ZPOOL/data/projects/srndna-ultimatum/derivatives/fsl/sub-144/ts_task-ultimatum_net0004_nppi-dmn_run-02.txt	found	
sub-144	02	custom25	/ZPOOL/data/projects/srndna-ultimatum/derivatives/fsl/sub-144/ts_task-ultimatum_net0005_nppi-dmn_run-02.txt	/ZPOOL/data/projects/srndna-ultimatum/derivatives/fsl/sub-144/ts_task-ultimatum_net0005_nppi-dmn_run-02.txt	found	
sub-144	02	custom26	/ZPOOL/data/projects/srndna-ultimatum/derivatives/fsl/sub-144/ts_task-ultimatum_net0006_nppi-dmn_run-02.txt	/ZPOOL/data/projects/srndna-ultimatum/derivatives/fsl/sub-144/ts_task-ultimatum_net0006_nppi-dmn_run-02.txt	found	
sub-144	02	custom27	/ZPOOL/data/projects/srndna-ultimatum/derivatives/fsl/sub-144/ts_task-ultimatum_net0008_nppi-dmn_run-02.txt	/ZPOOL/data/projects/srndna-ultimatum/derivatives/fsl/sub-144/ts_task-ultimatum_net0008_nppi-dmn_run-02.txt	found	
sub-144	02	custom28	/ZPOOL/data/projects/srndna-ultimatum/derivatives/fsl/sub-144/ts_task-ultimatum_net0009_nppi-dmn_run-02.txt	/ZPOOL/data/projects/srndna-ultimatum/derivatives/fsl/sub-144/ts_task-ultimatum_net0009_nppi-dmn_run-02.txt	found	
sub-144	combined	source_l2_fsf	/ZPOOL/data/scratch/srndna-ultimatum-sub144-repair-v2/derivatives/fsl/sub-144/L2_task-ultimatum_model-02_type-nppi-dmn_sm-6.gfeat/design.fsf	/ZPOOL/data/scratch/srndna-ultimatum-sub144-repair-v2/derivatives/fsl/sub-144/L2_task-ultimatum_model-02_type-nppi-dmn_sm-6.gfeat/design.fsf	found	
sub-147	01	source_fsf	/ZPOOL/data/projects/srndna-ultimatum/derivatives/fsl/sub-147/L1_task-ultimatum_model-02_type-nppi-dmn_run-01_sm-6.feat/design.fsf	/ZPOOL/data/projects/srndna-ultimatum/derivatives/fsl/sub-147/L1_task-ultimatum_model-02_type-nppi-dmn_run-01_sm-6.feat/design.fsf	found	
sub-147	01	events	/ZPOOL/data/projects/srndna-ultimatum/source_data/bids/sub-147/func/sub-147_task-ultimatum_run-01_events.tsv	/ZPOOL/data/projects/srndna-ultimatum/source_data/bids/sub-147/func/sub-147_task-ultimatum_run-01_events.tsv	found	
sub-147	01	feat_files(1)	/data/projects/srndna-data/derivatives/fmriprep/sub-147/func/sub-147_task-ultimatum_run-1_space-MNI152NLin2009cAsym_desc-preproc_bold.nii.gz	/ZPOOL/data/projects/srndna-ug/derivatives/fmriprep/sub-147/func/sub-147_task-ultimatum_run-1_space-MNI152NLin2009cAsym_desc-preproc_bold.nii.gz	found	
sub-147	01	confoundev_files(1)	/data/projects/srndna-data/derivatives/fsl/confounds/sub-147/sub-147_task-ultimatum_run-1_desc-fslConfounds.tsv		missing	explicitly mapped input missing: /data/projects/srndna-data/derivatives/fsl/confounds/sub-147/sub-147_task-ultimatum_run-1_desc-fslConfounds.tsv -> /ZPOOL/data/projects/srndna-ultimatum/derivatives/fsl/confounds/sub-147/sub-147_task-ultimatum_run-1_desc-fslConfounds.tsv
sub-147	01	regstandard	/usr/share/fsl/6.0.3/data/standard/MNI152_T1_2mm_brain	/usr/local/fsl/data/standard/MNI152_T1_2mm_brain.nii.gz	found	
sub-147	01	custom1	/data/projects/srndna-data/derivatives/fsl/EVfiles/sub-147/ultimatum-pmod/run-01_event_computer.txt		missing	explicitly mapped input missing: /data/projects/srndna-data/derivatives/fsl/EVfiles/sub-147/ultimatum-pmod/run-01_event_computer.txt -> /ZPOOL/data/projects/srndna-ultimatum/derivatives/fsl/EVfiles/sub-147/ultimatum-pmod/run-01_event_computer.txt
sub-147	01	custom2	/data/projects/srndna-data/derivatives/fsl/EVfiles/sub-147/ultimatum-pmod/run-01_event_computer_pmod.txt		missing	explicitly mapped input missing: /data/projects/srndna-data/derivatives/fsl/EVfiles/sub-147/ultimatum-pmod/run-01_event_computer_pmod.txt -> /ZPOOL/data/projects/srndna-ultimatum/derivatives/fsl/EVfiles/sub-147/ultimatum-pmod/run-01_event_computer_pmod.txt
sub-147	01	custom3	/data/projects/srndna-data/derivatives/fsl/EVfiles/sub-147/ultimatum-pmod/run-01_event_ingroup.txt		missing	explicitly mapped input missing: /data/projects/srndna-data/derivatives/fsl/EVfiles/sub-147/ultimatum-pmod/run-01_event_ingroup.txt -> /ZPOOL/data/projects/srndna-ultimatum/derivatives/fsl/EVfiles/sub-147/ultimatum-pmod/run-01_event_ingroup.txt
sub-147	01	custom4	/data/projects/srndna-data/derivatives/fsl/EVfiles/sub-147/ultimatum-pmod/run-01_event_ingroup_pmod.txt		missing	explicitly mapped input missing: /data/projects/srndna-data/derivatives/fsl/EVfiles/sub-147/ultimatum-pmod/run-01_event_ingroup_pmod.txt -> /ZPOOL/data/projects/srndna-ultimatum/derivatives/fsl/EVfiles/sub-147/ultimatum-pmod/run-01_event_ingroup_pmod.txt
sub-147	01	custom5	/data/projects/srndna-data/derivatives/fsl/EVfiles/sub-147/ultimatum-pmod/run-01_event_outgroup.txt		missing	explicitly mapped input missing: /data/projects/srndna-data/derivatives/fsl/EVfiles/sub-147/ultimatum-pmod/run-01_event_outgroup.txt -> /ZPOOL/data/projects/srndna-ultimatum/derivatives/fsl/EVfiles/sub-147/ultimatum-pmod/run-01_event_outgroup.txt
sub-147	01	custom6	/data/projects/srndna-data/derivatives/fsl/EVfiles/sub-147/ultimatum-pmod/run-01_event_outgroup_pmod.txt		missing	explicitly mapped input missing: /data/projects/srndna-data/derivatives/fsl/EVfiles/sub-147/ultimatum-pmod/run-01_event_outgroup_pmod.txt -> /ZPOOL/data/projects/srndna-ultimatum/derivatives/fsl/EVfiles/sub-147/ultimatum-pmod/run-01_event_outgroup_pmod.txt
sub-147	01	custom7	/data/projects/srndna-data/derivatives/fsl/EVfiles/sub-147/ultimatum-pmod/run-01_missed_trial.txt		missing	explicitly mapped input missing: /data/projects/srndna-data/derivatives/fsl/EVfiles/sub-147/ultimatum-pmod/run-01_missed_trial.txt -> /ZPOOL/data/projects/srndna-ultimatum/derivatives/fsl/EVfiles/sub-147/ultimatum-pmod/run-01_missed_trial.txt
sub-147	01	custom10	/data/projects/srndna-ultimatum/derivatives/fsl/sub-147/ts_task-ultimatum_net0003_nppi-dmn_run-01.txt	/ZPOOL/data/projects/srndna-ultimatum/derivatives/fsl/sub-147/ts_task-ultimatum_net0003_nppi-dmn_run-01.txt	found	
sub-147	01	custom20	/data/projects/srndna-ultimatum/derivatives/fsl/sub-147/ts_task-ultimatum_net0007_nppi-dmn_run-01.txt	/ZPOOL/data/projects/srndna-ultimatum/derivatives/fsl/sub-147/ts_task-ultimatum_net0007_nppi-dmn_run-01.txt	found	
sub-147	01	custom21	/data/projects/srndna-ultimatum/derivatives/fsl/sub-147/ts_task-ultimatum_net0000_nppi-dmn_run-01.txt	/ZPOOL/data/projects/srndna-ultimatum/derivatives/fsl/sub-147/ts_task-ultimatum_net0000_nppi-dmn_run-01.txt	found	
sub-147	01	custom22	/data/projects/srndna-ultimatum/derivatives/fsl/sub-147/ts_task-ultimatum_net0001_nppi-dmn_run-01.txt	/ZPOOL/data/projects/srndna-ultimatum/derivatives/fsl/sub-147/ts_task-ultimatum_net0001_nppi-dmn_run-01.txt	found	
sub-147	01	custom23	/data/projects/srndna-ultimatum/derivatives/fsl/sub-147/ts_task-ultimatum_net0002_nppi-dmn_run-01.txt	/ZPOOL/data/projects/srndna-ultimatum/derivatives/fsl/sub-147/ts_task-ultimatum_net0002_nppi-dmn_run-01.txt	found	
sub-147	01	custom24	/data/projects/srndna-ultimatum/derivatives/fsl/sub-147/ts_task-ultimatum_net0004_nppi-dmn_run-01.txt	/ZPOOL/data/projects/srndna-ultimatum/derivatives/fsl/sub-147/ts_task-ultimatum_net0004_nppi-dmn_run-01.txt	found	
sub-147	01	custom25	/data/projects/srndna-ultimatum/derivatives/fsl/sub-147/ts_task-ultimatum_net0005_nppi-dmn_run-01.txt	/ZPOOL/data/projects/srndna-ultimatum/derivatives/fsl/sub-147/ts_task-ultimatum_net0005_nppi-dmn_run-01.txt	found	
sub-147	01	custom26	/data/projects/srndna-ultimatum/derivatives/fsl/sub-147/ts_task-ultimatum_net0006_nppi-dmn_run-01.txt	/ZPOOL/data/projects/srndna-ultimatum/derivatives/fsl/sub-147/ts_task-ultimatum_net0006_nppi-dmn_run-01.txt	found	
sub-147	01	custom27	/data/projects/srndna-ultimatum/derivatives/fsl/sub-147/ts_task-ultimatum_net0008_nppi-dmn_run-01.txt	/ZPOOL/data/projects/srndna-ultimatum/derivatives/fsl/sub-147/ts_task-ultimatum_net0008_nppi-dmn_run-01.txt	found	
sub-147	01	custom28	/data/projects/srndna-ultimatum/derivatives/fsl/sub-147/ts_task-ultimatum_net0009_nppi-dmn_run-01.txt	/ZPOOL/data/projects/srndna-ultimatum/derivatives/fsl/sub-147/ts_task-ultimatum_net0009_nppi-dmn_run-01.txt	found	
sub-147	02	source_fsf	/ZPOOL/data/projects/srndna-ultimatum/derivatives/fsl/sub-147/L1_task-ultimatum_model-02_type-nppi-dmn_run-02_sm-6.feat/design.fsf	/ZPOOL/data/projects/srndna-ultimatum/derivatives/fsl/sub-147/L1_task-ultimatum_model-02_type-nppi-dmn_run-02_sm-6.feat/design.fsf	found	
sub-147	02	events	/ZPOOL/data/projects/srndna-ultimatum/source_data/bids/sub-147/func/sub-147_task-ultimatum_run-02_events.tsv	/ZPOOL/data/projects/srndna-ultimatum/source_data/bids/sub-147/func/sub-147_task-ultimatum_run-02_events.tsv	found	
sub-147	02	feat_files(1)	/data/projects/srndna-data/derivatives/fmriprep/sub-147/func/sub-147_task-ultimatum_run-2_space-MNI152NLin2009cAsym_desc-preproc_bold.nii.gz	/ZPOOL/data/projects/srndna-ug/derivatives/fmriprep/sub-147/func/sub-147_task-ultimatum_run-2_space-MNI152NLin2009cAsym_desc-preproc_bold.nii.gz	found	
sub-147	02	confoundev_files(1)	/data/projects/srndna-data/derivatives/fsl/confounds/sub-147/sub-147_task-ultimatum_run-2_desc-fslConfounds.tsv		missing	explicitly mapped input missing: /data/projects/srndna-data/derivatives/fsl/confounds/sub-147/sub-147_task-ultimatum_run-2_desc-fslConfounds.tsv -> /ZPOOL/data/projects/srndna-ultimatum/derivatives/fsl/confounds/sub-147/sub-147_task-ultimatum_run-2_desc-fslConfounds.tsv
sub-147	02	regstandard	/usr/share/fsl/6.0.3/data/standard/MNI152_T1_2mm_brain	/usr/local/fsl/data/standard/MNI152_T1_2mm_brain.nii.gz	found	
sub-147	02	custom1	/data/projects/srndna-data/derivatives/fsl/EVfiles/sub-147/ultimatum-pmod/run-02_event_computer.txt		missing	explicitly mapped input missing: /data/projects/srndna-data/derivatives/fsl/EVfiles/sub-147/ultimatum-pmod/run-02_event_computer.txt -> /ZPOOL/data/projects/srndna-ultimatum/derivatives/fsl/EVfiles/sub-147/ultimatum-pmod/run-02_event_computer.txt
sub-147	02	custom2	/data/projects/srndna-data/derivatives/fsl/EVfiles/sub-147/ultimatum-pmod/run-02_event_computer_pmod.txt		missing	explicitly mapped input missing: /data/projects/srndna-data/derivatives/fsl/EVfiles/sub-147/ultimatum-pmod/run-02_event_computer_pmod.txt -> /ZPOOL/data/projects/srndna-ultimatum/derivatives/fsl/EVfiles/sub-147/ultimatum-pmod/run-02_event_computer_pmod.txt
sub-147	02	custom3	/data/projects/srndna-data/derivatives/fsl/EVfiles/sub-147/ultimatum-pmod/run-02_event_ingroup.txt		missing	explicitly mapped input missing: /data/projects/srndna-data/derivatives/fsl/EVfiles/sub-147/ultimatum-pmod/run-02_event_ingroup.txt -> /ZPOOL/data/projects/srndna-ultimatum/derivatives/fsl/EVfiles/sub-147/ultimatum-pmod/run-02_event_ingroup.txt
sub-147	02	custom4	/data/projects/srndna-data/derivatives/fsl/EVfiles/sub-147/ultimatum-pmod/run-02_event_ingroup_pmod.txt		missing	explicitly mapped input missing: /data/projects/srndna-data/derivatives/fsl/EVfiles/sub-147/ultimatum-pmod/run-02_event_ingroup_pmod.txt -> /ZPOOL/data/projects/srndna-ultimatum/derivatives/fsl/EVfiles/sub-147/ultimatum-pmod/run-02_event_ingroup_pmod.txt
sub-147	02	custom5	/data/projects/srndna-data/derivatives/fsl/EVfiles/sub-147/ultimatum-pmod/run-02_event_outgroup.txt		missing	explicitly mapped input missing: /data/projects/srndna-data/derivatives/fsl/EVfiles/sub-147/ultimatum-pmod/run-02_event_outgroup.txt -> /ZPOOL/data/projects/srndna-ultimatum/derivatives/fsl/EVfiles/sub-147/ultimatum-pmod/run-02_event_outgroup.txt
sub-147	02	custom6	/data/projects/srndna-data/derivatives/fsl/EVfiles/sub-147/ultimatum-pmod/run-02_event_outgroup_pmod.txt		missing	explicitly mapped input missing: /data/projects/srndna-data/derivatives/fsl/EVfiles/sub-147/ultimatum-pmod/run-02_event_outgroup_pmod.txt -> /ZPOOL/data/projects/srndna-ultimatum/derivatives/fsl/EVfiles/sub-147/ultimatum-pmod/run-02_event_outgroup_pmod.txt
sub-147	02	custom7	/data/projects/srndna-data/derivatives/fsl/EVfiles/sub-147/ultimatum-pmod/run-02_missed_trial.txt		missing	explicitly mapped input missing: /data/projects/srndna-data/derivatives/fsl/EVfiles/sub-147/ultimatum-pmod/run-02_missed_trial.txt -> /ZPOOL/data/projects/srndna-ultimatum/derivatives/fsl/EVfiles/sub-147/ultimatum-pmod/run-02_missed_trial.txt
sub-147	02	custom10	/data/projects/srndna-ultimatum/derivatives/fsl/sub-147/ts_task-ultimatum_net0003_nppi-dmn_run-02.txt	/ZPOOL/data/projects/srndna-ultimatum/derivatives/fsl/sub-147/ts_task-ultimatum_net0003_nppi-dmn_run-02.txt	found	
sub-147	02	custom20	/data/projects/srndna-ultimatum/derivatives/fsl/sub-147/ts_task-ultimatum_net0007_nppi-dmn_run-02.txt	/ZPOOL/data/projects/srndna-ultimatum/derivatives/fsl/sub-147/ts_task-ultimatum_net0007_nppi-dmn_run-02.txt	found	
sub-147	02	custom21	/data/projects/srndna-ultimatum/derivatives/fsl/sub-147/ts_task-ultimatum_net0000_nppi-dmn_run-02.txt	/ZPOOL/data/projects/srndna-ultimatum/derivatives/fsl/sub-147/ts_task-ultimatum_net0000_nppi-dmn_run-02.txt	found	
sub-147	02	custom22	/data/projects/srndna-ultimatum/derivatives/fsl/sub-147/ts_task-ultimatum_net0001_nppi-dmn_run-02.txt	/ZPOOL/data/projects/srndna-ultimatum/derivatives/fsl/sub-147/ts_task-ultimatum_net0001_nppi-dmn_run-02.txt	found	
sub-147	02	custom23	/data/projects/srndna-ultimatum/derivatives/fsl/sub-147/ts_task-ultimatum_net0002_nppi-dmn_run-02.txt	/ZPOOL/data/projects/srndna-ultimatum/derivatives/fsl/sub-147/ts_task-ultimatum_net0002_nppi-dmn_run-02.txt	found	
sub-147	02	custom24	/data/projects/srndna-ultimatum/derivatives/fsl/sub-147/ts_task-ultimatum_net0004_nppi-dmn_run-02.txt	/ZPOOL/data/projects/srndna-ultimatum/derivatives/fsl/sub-147/ts_task-ultimatum_net0004_nppi-dmn_run-02.txt	found	
sub-147	02	custom25	/data/projects/srndna-ultimatum/derivatives/fsl/sub-147/ts_task-ultimatum_net0005_nppi-dmn_run-02.txt	/ZPOOL/data/projects/srndna-ultimatum/derivatives/fsl/sub-147/ts_task-ultimatum_net0005_nppi-dmn_run-02.txt	found	
sub-147	02	custom26	/data/projects/srndna-ultimatum/derivatives/fsl/sub-147/ts_task-ultimatum_net0006_nppi-dmn_run-02.txt	/ZPOOL/data/projects/srndna-ultimatum/derivatives/fsl/sub-147/ts_task-ultimatum_net0006_nppi-dmn_run-02.txt	found	
sub-147	02	custom27	/data/projects/srndna-ultimatum/derivatives/fsl/sub-147/ts_task-ultimatum_net0008_nppi-dmn_run-02.txt	/ZPOOL/data/projects/srndna-ultimatum/derivatives/fsl/sub-147/ts_task-ultimatum_net0008_nppi-dmn_run-02.txt	found	
sub-147	02	custom28	/data/projects/srndna-ultimatum/derivatives/fsl/sub-147/ts_task-ultimatum_net0009_nppi-dmn_run-02.txt	/ZPOOL/data/projects/srndna-ultimatum/derivatives/fsl/sub-147/ts_task-ultimatum_net0009_nppi-dmn_run-02.txt	found	
sub-147	combined	source_l2_fsf	/ZPOOL/data/projects/srndna-ultimatum/derivatives/fsl/sub-147/L2_task-ultimatum_model-02_type-nppi-dmn_sm-6.gfeat/design.fsf	/ZPOOL/data/projects/srndna-ultimatum/derivatives/fsl/sub-147/L2_task-ultimatum_model-02_type-nppi-dmn_sm-6.gfeat/design.fsf	found	
sub-149	01	source_fsf	/ZPOOL/data/projects/srndna-ultimatum/derivatives/fsl/sub-149/L1_task-ultimatum_model-02_type-nppi-dmn_run-01_sm-6.feat/design.fsf	/ZPOOL/data/projects/srndna-ultimatum/derivatives/fsl/sub-149/L1_task-ultimatum_model-02_type-nppi-dmn_run-01_sm-6.feat/design.fsf	found	
sub-149	01	events	/ZPOOL/data/projects/srndna-ultimatum/source_data/bids/sub-149/func/sub-149_task-ultimatum_run-01_events.tsv	/ZPOOL/data/projects/srndna-ultimatum/source_data/bids/sub-149/func/sub-149_task-ultimatum_run-01_events.tsv	found	
sub-149	01	feat_files(1)	/data/projects/srndna-data/derivatives/fmriprep/sub-149/func/sub-149_task-ultimatum_run-1_space-MNI152NLin2009cAsym_desc-preproc_bold.nii.gz	/ZPOOL/data/projects/srndna-ug/derivatives/fmriprep/sub-149/func/sub-149_task-ultimatum_run-1_space-MNI152NLin2009cAsym_desc-preproc_bold.nii.gz	found	
sub-149	01	confoundev_files(1)	/data/projects/srndna-data/derivatives/fsl/confounds/sub-149/sub-149_task-ultimatum_run-1_desc-fslConfounds.tsv		missing	explicitly mapped input missing: /data/projects/srndna-data/derivatives/fsl/confounds/sub-149/sub-149_task-ultimatum_run-1_desc-fslConfounds.tsv -> /ZPOOL/data/projects/srndna-ultimatum/derivatives/fsl/confounds/sub-149/sub-149_task-ultimatum_run-1_desc-fslConfounds.tsv
sub-149	01	regstandard	/usr/share/fsl/6.0.3/data/standard/MNI152_T1_2mm_brain	/usr/local/fsl/data/standard/MNI152_T1_2mm_brain.nii.gz	found	
sub-149	01	custom1	/data/projects/srndna-data/derivatives/fsl/EVfiles/sub-149/ultimatum-pmod/run-01_event_computer.txt		missing	explicitly mapped input missing: /data/projects/srndna-data/derivatives/fsl/EVfiles/sub-149/ultimatum-pmod/run-01_event_computer.txt -> /ZPOOL/data/projects/srndna-ultimatum/derivatives/fsl/EVfiles/sub-149/ultimatum-pmod/run-01_event_computer.txt
sub-149	01	custom2	/data/projects/srndna-data/derivatives/fsl/EVfiles/sub-149/ultimatum-pmod/run-01_event_computer_pmod.txt		missing	explicitly mapped input missing: /data/projects/srndna-data/derivatives/fsl/EVfiles/sub-149/ultimatum-pmod/run-01_event_computer_pmod.txt -> /ZPOOL/data/projects/srndna-ultimatum/derivatives/fsl/EVfiles/sub-149/ultimatum-pmod/run-01_event_computer_pmod.txt
sub-149	01	custom3	/data/projects/srndna-data/derivatives/fsl/EVfiles/sub-149/ultimatum-pmod/run-01_event_ingroup.txt		missing	explicitly mapped input missing: /data/projects/srndna-data/derivatives/fsl/EVfiles/sub-149/ultimatum-pmod/run-01_event_ingroup.txt -> /ZPOOL/data/projects/srndna-ultimatum/derivatives/fsl/EVfiles/sub-149/ultimatum-pmod/run-01_event_ingroup.txt
sub-149	01	custom4	/data/projects/srndna-data/derivatives/fsl/EVfiles/sub-149/ultimatum-pmod/run-01_event_ingroup_pmod.txt		missing	explicitly mapped input missing: /data/projects/srndna-data/derivatives/fsl/EVfiles/sub-149/ultimatum-pmod/run-01_event_ingroup_pmod.txt -> /ZPOOL/data/projects/srndna-ultimatum/derivatives/fsl/EVfiles/sub-149/ultimatum-pmod/run-01_event_ingroup_pmod.txt
sub-149	01	custom5	/data/projects/srndna-data/derivatives/fsl/EVfiles/sub-149/ultimatum-pmod/run-01_event_outgroup.txt		missing	explicitly mapped input missing: /data/projects/srndna-data/derivatives/fsl/EVfiles/sub-149/ultimatum-pmod/run-01_event_outgroup.txt -> /ZPOOL/data/projects/srndna-ultimatum/derivatives/fsl/EVfiles/sub-149/ultimatum-pmod/run-01_event_outgroup.txt
sub-149	01	custom6	/data/projects/srndna-data/derivatives/fsl/EVfiles/sub-149/ultimatum-pmod/run-01_event_outgroup_pmod.txt		missing	explicitly mapped input missing: /data/projects/srndna-data/derivatives/fsl/EVfiles/sub-149/ultimatum-pmod/run-01_event_outgroup_pmod.txt -> /ZPOOL/data/projects/srndna-ultimatum/derivatives/fsl/EVfiles/sub-149/ultimatum-pmod/run-01_event_outgroup_pmod.txt
sub-149	01	custom7	/data/projects/srndna-data/derivatives/fsl/EVfiles/sub-149/ultimatum-pmod/run-01_missed_trial.txt		missing	explicitly mapped input missing: /data/projects/srndna-data/derivatives/fsl/EVfiles/sub-149/ultimatum-pmod/run-01_missed_trial.txt -> /ZPOOL/data/projects/srndna-ultimatum/derivatives/fsl/EVfiles/sub-149/ultimatum-pmod/run-01_missed_trial.txt
sub-149	01	custom10	/data/projects/srndna-ultimatum/derivatives/fsl/sub-149/ts_task-ultimatum_net0003_nppi-dmn_run-01.txt	/ZPOOL/data/projects/srndna-ultimatum/derivatives/fsl/sub-149/ts_task-ultimatum_net0003_nppi-dmn_run-01.txt	found	
sub-149	01	custom20	/data/projects/srndna-ultimatum/derivatives/fsl/sub-149/ts_task-ultimatum_net0007_nppi-dmn_run-01.txt	/ZPOOL/data/projects/srndna-ultimatum/derivatives/fsl/sub-149/ts_task-ultimatum_net0007_nppi-dmn_run-01.txt	found	
sub-149	01	custom21	/data/projects/srndna-ultimatum/derivatives/fsl/sub-149/ts_task-ultimatum_net0000_nppi-dmn_run-01.txt	/ZPOOL/data/projects/srndna-ultimatum/derivatives/fsl/sub-149/ts_task-ultimatum_net0000_nppi-dmn_run-01.txt	found	
sub-149	01	custom22	/data/projects/srndna-ultimatum/derivatives/fsl/sub-149/ts_task-ultimatum_net0001_nppi-dmn_run-01.txt	/ZPOOL/data/projects/srndna-ultimatum/derivatives/fsl/sub-149/ts_task-ultimatum_net0001_nppi-dmn_run-01.txt	found	
sub-149	01	custom23	/data/projects/srndna-ultimatum/derivatives/fsl/sub-149/ts_task-ultimatum_net0002_nppi-dmn_run-01.txt	/ZPOOL/data/projects/srndna-ultimatum/derivatives/fsl/sub-149/ts_task-ultimatum_net0002_nppi-dmn_run-01.txt	found	
sub-149	01	custom24	/data/projects/srndna-ultimatum/derivatives/fsl/sub-149/ts_task-ultimatum_net0004_nppi-dmn_run-01.txt	/ZPOOL/data/projects/srndna-ultimatum/derivatives/fsl/sub-149/ts_task-ultimatum_net0004_nppi-dmn_run-01.txt	found	
sub-149	01	custom25	/data/projects/srndna-ultimatum/derivatives/fsl/sub-149/ts_task-ultimatum_net0005_nppi-dmn_run-01.txt	/ZPOOL/data/projects/srndna-ultimatum/derivatives/fsl/sub-149/ts_task-ultimatum_net0005_nppi-dmn_run-01.txt	found	
sub-149	01	custom26	/data/projects/srndna-ultimatum/derivatives/fsl/sub-149/ts_task-ultimatum_net0006_nppi-dmn_run-01.txt	/ZPOOL/data/projects/srndna-ultimatum/derivatives/fsl/sub-149/ts_task-ultimatum_net0006_nppi-dmn_run-01.txt	found	
sub-149	01	custom27	/data/projects/srndna-ultimatum/derivatives/fsl/sub-149/ts_task-ultimatum_net0008_nppi-dmn_run-01.txt	/ZPOOL/data/projects/srndna-ultimatum/derivatives/fsl/sub-149/ts_task-ultimatum_net0008_nppi-dmn_run-01.txt	found	
sub-149	01	custom28	/data/projects/srndna-ultimatum/derivatives/fsl/sub-149/ts_task-ultimatum_net0009_nppi-dmn_run-01.txt	/ZPOOL/data/projects/srndna-ultimatum/derivatives/fsl/sub-149/ts_task-ultimatum_net0009_nppi-dmn_run-01.txt	found	
sub-149	02	source_fsf	/ZPOOL/data/projects/srndna-ultimatum/derivatives/fsl/sub-149/L1_task-ultimatum_model-02_type-nppi-dmn_run-02_sm-6.feat/design.fsf	/ZPOOL/data/projects/srndna-ultimatum/derivatives/fsl/sub-149/L1_task-ultimatum_model-02_type-nppi-dmn_run-02_sm-6.feat/design.fsf	found	
sub-149	02	events	/ZPOOL/data/projects/srndna-ultimatum/source_data/bids/sub-149/func/sub-149_task-ultimatum_run-02_events.tsv	/ZPOOL/data/projects/srndna-ultimatum/source_data/bids/sub-149/func/sub-149_task-ultimatum_run-02_events.tsv	found	
sub-149	02	feat_files(1)	/data/projects/srndna-data/derivatives/fmriprep/sub-149/func/sub-149_task-ultimatum_run-2_space-MNI152NLin2009cAsym_desc-preproc_bold.nii.gz	/ZPOOL/data/projects/srndna-ug/derivatives/fmriprep/sub-149/func/sub-149_task-ultimatum_run-2_space-MNI152NLin2009cAsym_desc-preproc_bold.nii.gz	found	
sub-149	02	confoundev_files(1)	/data/projects/srndna-data/derivatives/fsl/confounds/sub-149/sub-149_task-ultimatum_run-2_desc-fslConfounds.tsv		missing	explicitly mapped input missing: /data/projects/srndna-data/derivatives/fsl/confounds/sub-149/sub-149_task-ultimatum_run-2_desc-fslConfounds.tsv -> /ZPOOL/data/projects/srndna-ultimatum/derivatives/fsl/confounds/sub-149/sub-149_task-ultimatum_run-2_desc-fslConfounds.tsv
sub-149	02	regstandard	/usr/share/fsl/6.0.3/data/standard/MNI152_T1_2mm_brain	/usr/local/fsl/data/standard/MNI152_T1_2mm_brain.nii.gz	found	
sub-149	02	custom1	/data/projects/srndna-data/derivatives/fsl/EVfiles/sub-149/ultimatum-pmod/run-02_event_computer.txt		missing	explicitly mapped input missing: /data/projects/srndna-data/derivatives/fsl/EVfiles/sub-149/ultimatum-pmod/run-02_event_computer.txt -> /ZPOOL/data/projects/srndna-ultimatum/derivatives/fsl/EVfiles/sub-149/ultimatum-pmod/run-02_event_computer.txt
sub-149	02	custom2	/data/projects/srndna-data/derivatives/fsl/EVfiles/sub-149/ultimatum-pmod/run-02_event_computer_pmod.txt		missing	explicitly mapped input missing: /data/projects/srndna-data/derivatives/fsl/EVfiles/sub-149/ultimatum-pmod/run-02_event_computer_pmod.txt -> /ZPOOL/data/projects/srndna-ultimatum/derivatives/fsl/EVfiles/sub-149/ultimatum-pmod/run-02_event_computer_pmod.txt
sub-149	02	custom3	/data/projects/srndna-data/derivatives/fsl/EVfiles/sub-149/ultimatum-pmod/run-02_event_ingroup.txt		missing	explicitly mapped input missing: /data/projects/srndna-data/derivatives/fsl/EVfiles/sub-149/ultimatum-pmod/run-02_event_ingroup.txt -> /ZPOOL/data/projects/srndna-ultimatum/derivatives/fsl/EVfiles/sub-149/ultimatum-pmod/run-02_event_ingroup.txt
sub-149	02	custom4	/data/projects/srndna-data/derivatives/fsl/EVfiles/sub-149/ultimatum-pmod/run-02_event_ingroup_pmod.txt		missing	explicitly mapped input missing: /data/projects/srndna-data/derivatives/fsl/EVfiles/sub-149/ultimatum-pmod/run-02_event_ingroup_pmod.txt -> /ZPOOL/data/projects/srndna-ultimatum/derivatives/fsl/EVfiles/sub-149/ultimatum-pmod/run-02_event_ingroup_pmod.txt
sub-149	02	custom5	/data/projects/srndna-data/derivatives/fsl/EVfiles/sub-149/ultimatum-pmod/run-02_event_outgroup.txt		missing	explicitly mapped input missing: /data/projects/srndna-data/derivatives/fsl/EVfiles/sub-149/ultimatum-pmod/run-02_event_outgroup.txt -> /ZPOOL/data/projects/srndna-ultimatum/derivatives/fsl/EVfiles/sub-149/ultimatum-pmod/run-02_event_outgroup.txt
sub-149	02	custom6	/data/projects/srndna-data/derivatives/fsl/EVfiles/sub-149/ultimatum-pmod/run-02_event_outgroup_pmod.txt		missing	explicitly mapped input missing: /data/projects/srndna-data/derivatives/fsl/EVfiles/sub-149/ultimatum-pmod/run-02_event_outgroup_pmod.txt -> /ZPOOL/data/projects/srndna-ultimatum/derivatives/fsl/EVfiles/sub-149/ultimatum-pmod/run-02_event_outgroup_pmod.txt
sub-149	02	custom10	/data/projects/srndna-ultimatum/derivatives/fsl/sub-149/ts_task-ultimatum_net0003_nppi-dmn_run-02.txt	/ZPOOL/data/projects/srndna-ultimatum/derivatives/fsl/sub-149/ts_task-ultimatum_net0003_nppi-dmn_run-02.txt	found	
sub-149	02	custom20	/data/projects/srndna-ultimatum/derivatives/fsl/sub-149/ts_task-ultimatum_net0007_nppi-dmn_run-02.txt	/ZPOOL/data/projects/srndna-ultimatum/derivatives/fsl/sub-149/ts_task-ultimatum_net0007_nppi-dmn_run-02.txt	found	
sub-149	02	custom21	/data/projects/srndna-ultimatum/derivatives/fsl/sub-149/ts_task-ultimatum_net0000_nppi-dmn_run-02.txt	/ZPOOL/data/projects/srndna-ultimatum/derivatives/fsl/sub-149/ts_task-ultimatum_net0000_nppi-dmn_run-02.txt	found	
sub-149	02	custom22	/data/projects/srndna-ultimatum/derivatives/fsl/sub-149/ts_task-ultimatum_net0001_nppi-dmn_run-02.txt	/ZPOOL/data/projects/srndna-ultimatum/derivatives/fsl/sub-149/ts_task-ultimatum_net0001_nppi-dmn_run-02.txt	found	
sub-149	02	custom23	/data/projects/srndna-ultimatum/derivatives/fsl/sub-149/ts_task-ultimatum_net0002_nppi-dmn_run-02.txt	/ZPOOL/data/projects/srndna-ultimatum/derivatives/fsl/sub-149/ts_task-ultimatum_net0002_nppi-dmn_run-02.txt	found	
sub-149	02	custom24	/data/projects/srndna-ultimatum/derivatives/fsl/sub-149/ts_task-ultimatum_net0004_nppi-dmn_run-02.txt	/ZPOOL/data/projects/srndna-ultimatum/derivatives/fsl/sub-149/ts_task-ultimatum_net0004_nppi-dmn_run-02.txt	found	
sub-149	02	custom25	/data/projects/srndna-ultimatum/derivatives/fsl/sub-149/ts_task-ultimatum_net0005_nppi-dmn_run-02.txt	/ZPOOL/data/projects/srndna-ultimatum/derivatives/fsl/sub-149/ts_task-ultimatum_net0005_nppi-dmn_run-02.txt	found	
sub-149	02	custom26	/data/projects/srndna-ultimatum/derivatives/fsl/sub-149/ts_task-ultimatum_net0006_nppi-dmn_run-02.txt	/ZPOOL/data/projects/srndna-ultimatum/derivatives/fsl/sub-149/ts_task-ultimatum_net0006_nppi-dmn_run-02.txt	found	
sub-149	02	custom27	/data/projects/srndna-ultimatum/derivatives/fsl/sub-149/ts_task-ultimatum_net0008_nppi-dmn_run-02.txt	/ZPOOL/data/projects/srndna-ultimatum/derivatives/fsl/sub-149/ts_task-ultimatum_net0008_nppi-dmn_run-02.txt	found	
sub-149	02	custom28	/data/projects/srndna-ultimatum/derivatives/fsl/sub-149/ts_task-ultimatum_net0009_nppi-dmn_run-02.txt	/ZPOOL/data/projects/srndna-ultimatum/derivatives/fsl/sub-149/ts_task-ultimatum_net0009_nppi-dmn_run-02.txt	found	
sub-149	combined	source_l2_fsf	/ZPOOL/data/projects/srndna-ultimatum/derivatives/fsl/sub-149/L2_task-ultimatum_model-02_type-nppi-dmn_sm-6.gfeat/design.fsf	/ZPOOL/data/projects/srndna-ultimatum/derivatives/fsl/sub-149/L2_task-ultimatum_model-02_type-nppi-dmn_sm-6.gfeat/design.fsf	found	
sub-150	01	source_fsf	/ZPOOL/data/projects/srndna-ultimatum/derivatives/fsl/sub-150/L1_task-ultimatum_model-02_type-nppi-dmn_run-01_sm-6.feat/design.fsf	/ZPOOL/data/projects/srndna-ultimatum/derivatives/fsl/sub-150/L1_task-ultimatum_model-02_type-nppi-dmn_run-01_sm-6.feat/design.fsf	found	
sub-150	01	events	/ZPOOL/data/projects/srndna-ultimatum/source_data/bids/sub-150/func/sub-150_task-ultimatum_run-01_events.tsv	/ZPOOL/data/projects/srndna-ultimatum/source_data/bids/sub-150/func/sub-150_task-ultimatum_run-01_events.tsv	found	
sub-150	01	feat_files(1)	/data/projects/srndna-data/derivatives/fmriprep/sub-150/func/sub-150_task-ultimatum_run-1_space-MNI152NLin2009cAsym_desc-preproc_bold.nii.gz	/ZPOOL/data/projects/srndna-ug/derivatives/fmriprep/sub-150/func/sub-150_task-ultimatum_run-1_space-MNI152NLin2009cAsym_desc-preproc_bold.nii.gz	found	
sub-150	01	confoundev_files(1)	/data/projects/srndna-data/derivatives/fsl/confounds/sub-150/sub-150_task-ultimatum_run-1_desc-fslConfounds.tsv		missing	explicitly mapped input missing: /data/projects/srndna-data/derivatives/fsl/confounds/sub-150/sub-150_task-ultimatum_run-1_desc-fslConfounds.tsv -> /ZPOOL/data/projects/srndna-ultimatum/derivatives/fsl/confounds/sub-150/sub-150_task-ultimatum_run-1_desc-fslConfounds.tsv
sub-150	01	regstandard	/usr/share/fsl/6.0.3/data/standard/MNI152_T1_2mm_brain	/usr/local/fsl/data/standard/MNI152_T1_2mm_brain.nii.gz	found	
sub-150	01	custom1	/data/projects/srndna-data/derivatives/fsl/EVfiles/sub-150/ultimatum-pmod/run-01_event_computer.txt		missing	explicitly mapped input missing: /data/projects/srndna-data/derivatives/fsl/EVfiles/sub-150/ultimatum-pmod/run-01_event_computer.txt -> /ZPOOL/data/projects/srndna-ultimatum/derivatives/fsl/EVfiles/sub-150/ultimatum-pmod/run-01_event_computer.txt
sub-150	01	custom2	/data/projects/srndna-data/derivatives/fsl/EVfiles/sub-150/ultimatum-pmod/run-01_event_computer_pmod.txt		missing	explicitly mapped input missing: /data/projects/srndna-data/derivatives/fsl/EVfiles/sub-150/ultimatum-pmod/run-01_event_computer_pmod.txt -> /ZPOOL/data/projects/srndna-ultimatum/derivatives/fsl/EVfiles/sub-150/ultimatum-pmod/run-01_event_computer_pmod.txt
sub-150	01	custom3	/data/projects/srndna-data/derivatives/fsl/EVfiles/sub-150/ultimatum-pmod/run-01_event_ingroup.txt		missing	explicitly mapped input missing: /data/projects/srndna-data/derivatives/fsl/EVfiles/sub-150/ultimatum-pmod/run-01_event_ingroup.txt -> /ZPOOL/data/projects/srndna-ultimatum/derivatives/fsl/EVfiles/sub-150/ultimatum-pmod/run-01_event_ingroup.txt
sub-150	01	custom4	/data/projects/srndna-data/derivatives/fsl/EVfiles/sub-150/ultimatum-pmod/run-01_event_ingroup_pmod.txt		missing	explicitly mapped input missing: /data/projects/srndna-data/derivatives/fsl/EVfiles/sub-150/ultimatum-pmod/run-01_event_ingroup_pmod.txt -> /ZPOOL/data/projects/srndna-ultimatum/derivatives/fsl/EVfiles/sub-150/ultimatum-pmod/run-01_event_ingroup_pmod.txt
sub-150	01	custom5	/data/projects/srndna-data/derivatives/fsl/EVfiles/sub-150/ultimatum-pmod/run-01_event_outgroup.txt		missing	explicitly mapped input missing: /data/projects/srndna-data/derivatives/fsl/EVfiles/sub-150/ultimatum-pmod/run-01_event_outgroup.txt -> /ZPOOL/data/projects/srndna-ultimatum/derivatives/fsl/EVfiles/sub-150/ultimatum-pmod/run-01_event_outgroup.txt
sub-150	01	custom6	/data/projects/srndna-data/derivatives/fsl/EVfiles/sub-150/ultimatum-pmod/run-01_event_outgroup_pmod.txt		missing	explicitly mapped input missing: /data/projects/srndna-data/derivatives/fsl/EVfiles/sub-150/ultimatum-pmod/run-01_event_outgroup_pmod.txt -> /ZPOOL/data/projects/srndna-ultimatum/derivatives/fsl/EVfiles/sub-150/ultimatum-pmod/run-01_event_outgroup_pmod.txt
sub-150	01	custom7	/data/projects/srndna-data/derivatives/fsl/EVfiles/sub-150/ultimatum-pmod/run-01_missed_trial.txt		missing	explicitly mapped input missing: /data/projects/srndna-data/derivatives/fsl/EVfiles/sub-150/ultimatum-pmod/run-01_missed_trial.txt -> /ZPOOL/data/projects/srndna-ultimatum/derivatives/fsl/EVfiles/sub-150/ultimatum-pmod/run-01_missed_trial.txt
sub-150	01	custom10	/data/projects/srndna-ultimatum/derivatives/fsl/sub-150/ts_task-ultimatum_net0003_nppi-dmn_run-01.txt	/ZPOOL/data/projects/srndna-ultimatum/derivatives/fsl/sub-150/ts_task-ultimatum_net0003_nppi-dmn_run-01.txt	found	
sub-150	01	custom20	/data/projects/srndna-ultimatum/derivatives/fsl/sub-150/ts_task-ultimatum_net0007_nppi-dmn_run-01.txt	/ZPOOL/data/projects/srndna-ultimatum/derivatives/fsl/sub-150/ts_task-ultimatum_net0007_nppi-dmn_run-01.txt	found	
sub-150	01	custom21	/data/projects/srndna-ultimatum/derivatives/fsl/sub-150/ts_task-ultimatum_net0000_nppi-dmn_run-01.txt	/ZPOOL/data/projects/srndna-ultimatum/derivatives/fsl/sub-150/ts_task-ultimatum_net0000_nppi-dmn_run-01.txt	found	
sub-150	01	custom22	/data/projects/srndna-ultimatum/derivatives/fsl/sub-150/ts_task-ultimatum_net0001_nppi-dmn_run-01.txt	/ZPOOL/data/projects/srndna-ultimatum/derivatives/fsl/sub-150/ts_task-ultimatum_net0001_nppi-dmn_run-01.txt	found	
sub-150	01	custom23	/data/projects/srndna-ultimatum/derivatives/fsl/sub-150/ts_task-ultimatum_net0002_nppi-dmn_run-01.txt	/ZPOOL/data/projects/srndna-ultimatum/derivatives/fsl/sub-150/ts_task-ultimatum_net0002_nppi-dmn_run-01.txt	found	
sub-150	01	custom24	/data/projects/srndna-ultimatum/derivatives/fsl/sub-150/ts_task-ultimatum_net0004_nppi-dmn_run-01.txt	/ZPOOL/data/projects/srndna-ultimatum/derivatives/fsl/sub-150/ts_task-ultimatum_net0004_nppi-dmn_run-01.txt	found	
sub-150	01	custom25	/data/projects/srndna-ultimatum/derivatives/fsl/sub-150/ts_task-ultimatum_net0005_nppi-dmn_run-01.txt	/ZPOOL/data/projects/srndna-ultimatum/derivatives/fsl/sub-150/ts_task-ultimatum_net0005_nppi-dmn_run-01.txt	found	
sub-150	01	custom26	/data/projects/srndna-ultimatum/derivatives/fsl/sub-150/ts_task-ultimatum_net0006_nppi-dmn_run-01.txt	/ZPOOL/data/projects/srndna-ultimatum/derivatives/fsl/sub-150/ts_task-ultimatum_net0006_nppi-dmn_run-01.txt	found	
sub-150	01	custom27	/data/projects/srndna-ultimatum/derivatives/fsl/sub-150/ts_task-ultimatum_net0008_nppi-dmn_run-01.txt	/ZPOOL/data/projects/srndna-ultimatum/derivatives/fsl/sub-150/ts_task-ultimatum_net0008_nppi-dmn_run-01.txt	found	
sub-150	01	custom28	/data/projects/srndna-ultimatum/derivatives/fsl/sub-150/ts_task-ultimatum_net0009_nppi-dmn_run-01.txt	/ZPOOL/data/projects/srndna-ultimatum/derivatives/fsl/sub-150/ts_task-ultimatum_net0009_nppi-dmn_run-01.txt	found	
sub-150	02	source_fsf	/ZPOOL/data/projects/srndna-ultimatum/derivatives/fsl/sub-150/L1_task-ultimatum_model-02_type-nppi-dmn_run-02_sm-6.feat/design.fsf	/ZPOOL/data/projects/srndna-ultimatum/derivatives/fsl/sub-150/L1_task-ultimatum_model-02_type-nppi-dmn_run-02_sm-6.feat/design.fsf	found	
sub-150	02	events	/ZPOOL/data/projects/srndna-ultimatum/source_data/bids/sub-150/func/sub-150_task-ultimatum_run-02_events.tsv	/ZPOOL/data/projects/srndna-ultimatum/source_data/bids/sub-150/func/sub-150_task-ultimatum_run-02_events.tsv	found	
sub-150	02	feat_files(1)	/data/projects/srndna-data/derivatives/fmriprep/sub-150/func/sub-150_task-ultimatum_run-2_space-MNI152NLin2009cAsym_desc-preproc_bold.nii.gz	/ZPOOL/data/projects/srndna-ug/derivatives/fmriprep/sub-150/func/sub-150_task-ultimatum_run-2_space-MNI152NLin2009cAsym_desc-preproc_bold.nii.gz	found	
sub-150	02	confoundev_files(1)	/data/projects/srndna-data/derivatives/fsl/confounds/sub-150/sub-150_task-ultimatum_run-2_desc-fslConfounds.tsv		missing	explicitly mapped input missing: /data/projects/srndna-data/derivatives/fsl/confounds/sub-150/sub-150_task-ultimatum_run-2_desc-fslConfounds.tsv -> /ZPOOL/data/projects/srndna-ultimatum/derivatives/fsl/confounds/sub-150/sub-150_task-ultimatum_run-2_desc-fslConfounds.tsv
sub-150	02	regstandard	/usr/share/fsl/6.0.3/data/standard/MNI152_T1_2mm_brain	/usr/local/fsl/data/standard/MNI152_T1_2mm_brain.nii.gz	found	
sub-150	02	custom1	/data/projects/srndna-data/derivatives/fsl/EVfiles/sub-150/ultimatum-pmod/run-02_event_computer.txt		missing	explicitly mapped input missing: /data/projects/srndna-data/derivatives/fsl/EVfiles/sub-150/ultimatum-pmod/run-02_event_computer.txt -> /ZPOOL/data/projects/srndna-ultimatum/derivatives/fsl/EVfiles/sub-150/ultimatum-pmod/run-02_event_computer.txt
sub-150	02	custom2	/data/projects/srndna-data/derivatives/fsl/EVfiles/sub-150/ultimatum-pmod/run-02_event_computer_pmod.txt		missing	explicitly mapped input missing: /data/projects/srndna-data/derivatives/fsl/EVfiles/sub-150/ultimatum-pmod/run-02_event_computer_pmod.txt -> /ZPOOL/data/projects/srndna-ultimatum/derivatives/fsl/EVfiles/sub-150/ultimatum-pmod/run-02_event_computer_pmod.txt
sub-150	02	custom3	/data/projects/srndna-data/derivatives/fsl/EVfiles/sub-150/ultimatum-pmod/run-02_event_ingroup.txt		missing	explicitly mapped input missing: /data/projects/srndna-data/derivatives/fsl/EVfiles/sub-150/ultimatum-pmod/run-02_event_ingroup.txt -> /ZPOOL/data/projects/srndna-ultimatum/derivatives/fsl/EVfiles/sub-150/ultimatum-pmod/run-02_event_ingroup.txt
sub-150	02	custom4	/data/projects/srndna-data/derivatives/fsl/EVfiles/sub-150/ultimatum-pmod/run-02_event_ingroup_pmod.txt		missing	explicitly mapped input missing: /data/projects/srndna-data/derivatives/fsl/EVfiles/sub-150/ultimatum-pmod/run-02_event_ingroup_pmod.txt -> /ZPOOL/data/projects/srndna-ultimatum/derivatives/fsl/EVfiles/sub-150/ultimatum-pmod/run-02_event_ingroup_pmod.txt
sub-150	02	custom5	/data/projects/srndna-data/derivatives/fsl/EVfiles/sub-150/ultimatum-pmod/run-02_event_outgroup.txt		missing	explicitly mapped input missing: /data/projects/srndna-data/derivatives/fsl/EVfiles/sub-150/ultimatum-pmod/run-02_event_outgroup.txt -> /ZPOOL/data/projects/srndna-ultimatum/derivatives/fsl/EVfiles/sub-150/ultimatum-pmod/run-02_event_outgroup.txt
sub-150	02	custom6	/data/projects/srndna-data/derivatives/fsl/EVfiles/sub-150/ultimatum-pmod/run-02_event_outgroup_pmod.txt		missing	explicitly mapped input missing: /data/projects/srndna-data/derivatives/fsl/EVfiles/sub-150/ultimatum-pmod/run-02_event_outgroup_pmod.txt -> /ZPOOL/data/projects/srndna-ultimatum/derivatives/fsl/EVfiles/sub-150/ultimatum-pmod/run-02_event_outgroup_pmod.txt
sub-150	02	custom10	/data/projects/srndna-ultimatum/derivatives/fsl/sub-150/ts_task-ultimatum_net0003_nppi-dmn_run-02.txt	/ZPOOL/data/projects/srndna-ultimatum/derivatives/fsl/sub-150/ts_task-ultimatum_net0003_nppi-dmn_run-02.txt	found	
sub-150	02	custom20	/data/projects/srndna-ultimatum/derivatives/fsl/sub-150/ts_task-ultimatum_net0007_nppi-dmn_run-02.txt	/ZPOOL/data/projects/srndna-ultimatum/derivatives/fsl/sub-150/ts_task-ultimatum_net0007_nppi-dmn_run-02.txt	found	
sub-150	02	custom21	/data/projects/srndna-ultimatum/derivatives/fsl/sub-150/ts_task-ultimatum_net0000_nppi-dmn_run-02.txt	/ZPOOL/data/projects/srndna-ultimatum/derivatives/fsl/sub-150/ts_task-ultimatum_net0000_nppi-dmn_run-02.txt	found	
sub-150	02	custom22	/data/projects/srndna-ultimatum/derivatives/fsl/sub-150/ts_task-ultimatum_net0001_nppi-dmn_run-02.txt	/ZPOOL/data/projects/srndna-ultimatum/derivatives/fsl/sub-150/ts_task-ultimatum_net0001_nppi-dmn_run-02.txt	found	
sub-150	02	custom23	/data/projects/srndna-ultimatum/derivatives/fsl/sub-150/ts_task-ultimatum_net0002_nppi-dmn_run-02.txt	/ZPOOL/data/projects/srndna-ultimatum/derivatives/fsl/sub-150/ts_task-ultimatum_net0002_nppi-dmn_run-02.txt	found	
sub-150	02	custom24	/data/projects/srndna-ultimatum/derivatives/fsl/sub-150/ts_task-ultimatum_net0004_nppi-dmn_run-02.txt	/ZPOOL/data/projects/srndna-ultimatum/derivatives/fsl/sub-150/ts_task-ultimatum_net0004_nppi-dmn_run-02.txt	found	
sub-150	02	custom25	/data/projects/srndna-ultimatum/derivatives/fsl/sub-150/ts_task-ultimatum_net0005_nppi-dmn_run-02.txt	/ZPOOL/data/projects/srndna-ultimatum/derivatives/fsl/sub-150/ts_task-ultimatum_net0005_nppi-dmn_run-02.txt	found	
sub-150	02	custom26	/data/projects/srndna-ultimatum/derivatives/fsl/sub-150/ts_task-ultimatum_net0006_nppi-dmn_run-02.txt	/ZPOOL/data/projects/srndna-ultimatum/derivatives/fsl/sub-150/ts_task-ultimatum_net0006_nppi-dmn_run-02.txt	found	
sub-150	02	custom27	/data/projects/srndna-ultimatum/derivatives/fsl/sub-150/ts_task-ultimatum_net0008_nppi-dmn_run-02.txt	/ZPOOL/data/projects/srndna-ultimatum/derivatives/fsl/sub-150/ts_task-ultimatum_net0008_nppi-dmn_run-02.txt	found	
sub-150	02	custom28	/data/projects/srndna-ultimatum/derivatives/fsl/sub-150/ts_task-ultimatum_net0009_nppi-dmn_run-02.txt	/ZPOOL/data/projects/srndna-ultimatum/derivatives/fsl/sub-150/ts_task-ultimatum_net0009_nppi-dmn_run-02.txt	found	
sub-150	combined	source_l2_fsf	/ZPOOL/data/projects/srndna-ultimatum/derivatives/fsl/sub-150/L2_task-ultimatum_model-02_type-nppi-dmn_sm-6.gfeat/design.fsf	/ZPOOL/data/projects/srndna-ultimatum/derivatives/fsl/sub-150/L2_task-ultimatum_model-02_type-nppi-dmn_sm-6.gfeat/design.fsf	found	
sub-151	01	source_fsf	/ZPOOL/data/projects/srndna-ultimatum/derivatives/fsl/sub-151/L1_task-ultimatum_model-02_type-nppi-dmn_run-01_sm-6.feat/design.fsf	/ZPOOL/data/projects/srndna-ultimatum/derivatives/fsl/sub-151/L1_task-ultimatum_model-02_type-nppi-dmn_run-01_sm-6.feat/design.fsf	found	
sub-151	01	events	/ZPOOL/data/projects/srndna-ultimatum/source_data/bids/sub-151/func/sub-151_task-ultimatum_run-01_events.tsv	/ZPOOL/data/projects/srndna-ultimatum/source_data/bids/sub-151/func/sub-151_task-ultimatum_run-01_events.tsv	found	
sub-151	01	feat_files(1)	/data/projects/srndna-data/derivatives/fmriprep/sub-151/func/sub-151_task-ultimatum_run-1_space-MNI152NLin2009cAsym_desc-preproc_bold.nii.gz	/ZPOOL/data/projects/srndna-ug/derivatives/fmriprep/sub-151/func/sub-151_task-ultimatum_run-1_space-MNI152NLin2009cAsym_desc-preproc_bold.nii.gz	found	
sub-151	01	confoundev_files(1)	/data/projects/srndna-data/derivatives/fsl/confounds/sub-151/sub-151_task-ultimatum_run-1_desc-fslConfounds.tsv		missing	explicitly mapped input missing: /data/projects/srndna-data/derivatives/fsl/confounds/sub-151/sub-151_task-ultimatum_run-1_desc-fslConfounds.tsv -> /ZPOOL/data/projects/srndna-ultimatum/derivatives/fsl/confounds/sub-151/sub-151_task-ultimatum_run-1_desc-fslConfounds.tsv
sub-151	01	regstandard	/usr/share/fsl/6.0.3/data/standard/MNI152_T1_2mm_brain	/usr/local/fsl/data/standard/MNI152_T1_2mm_brain.nii.gz	found	
sub-151	01	custom1	/data/projects/srndna-data/derivatives/fsl/EVfiles/sub-151/ultimatum-pmod/run-01_event_computer.txt		missing	explicitly mapped input missing: /data/projects/srndna-data/derivatives/fsl/EVfiles/sub-151/ultimatum-pmod/run-01_event_computer.txt -> /ZPOOL/data/projects/srndna-ultimatum/derivatives/fsl/EVfiles/sub-151/ultimatum-pmod/run-01_event_computer.txt
sub-151	01	custom2	/data/projects/srndna-data/derivatives/fsl/EVfiles/sub-151/ultimatum-pmod/run-01_event_computer_pmod.txt		missing	explicitly mapped input missing: /data/projects/srndna-data/derivatives/fsl/EVfiles/sub-151/ultimatum-pmod/run-01_event_computer_pmod.txt -> /ZPOOL/data/projects/srndna-ultimatum/derivatives/fsl/EVfiles/sub-151/ultimatum-pmod/run-01_event_computer_pmod.txt
sub-151	01	custom3	/data/projects/srndna-data/derivatives/fsl/EVfiles/sub-151/ultimatum-pmod/run-01_event_ingroup.txt		missing	explicitly mapped input missing: /data/projects/srndna-data/derivatives/fsl/EVfiles/sub-151/ultimatum-pmod/run-01_event_ingroup.txt -> /ZPOOL/data/projects/srndna-ultimatum/derivatives/fsl/EVfiles/sub-151/ultimatum-pmod/run-01_event_ingroup.txt
sub-151	01	custom4	/data/projects/srndna-data/derivatives/fsl/EVfiles/sub-151/ultimatum-pmod/run-01_event_ingroup_pmod.txt		missing	explicitly mapped input missing: /data/projects/srndna-data/derivatives/fsl/EVfiles/sub-151/ultimatum-pmod/run-01_event_ingroup_pmod.txt -> /ZPOOL/data/projects/srndna-ultimatum/derivatives/fsl/EVfiles/sub-151/ultimatum-pmod/run-01_event_ingroup_pmod.txt
sub-151	01	custom5	/data/projects/srndna-data/derivatives/fsl/EVfiles/sub-151/ultimatum-pmod/run-01_event_outgroup.txt		missing	explicitly mapped input missing: /data/projects/srndna-data/derivatives/fsl/EVfiles/sub-151/ultimatum-pmod/run-01_event_outgroup.txt -> /ZPOOL/data/projects/srndna-ultimatum/derivatives/fsl/EVfiles/sub-151/ultimatum-pmod/run-01_event_outgroup.txt
sub-151	01	custom6	/data/projects/srndna-data/derivatives/fsl/EVfiles/sub-151/ultimatum-pmod/run-01_event_outgroup_pmod.txt		missing	explicitly mapped input missing: /data/projects/srndna-data/derivatives/fsl/EVfiles/sub-151/ultimatum-pmod/run-01_event_outgroup_pmod.txt -> /ZPOOL/data/projects/srndna-ultimatum/derivatives/fsl/EVfiles/sub-151/ultimatum-pmod/run-01_event_outgroup_pmod.txt
sub-151	01	custom10	/data/projects/srndna-ultimatum/derivatives/fsl/sub-151/ts_task-ultimatum_net0003_nppi-dmn_run-01.txt	/ZPOOL/data/projects/srndna-ultimatum/derivatives/fsl/sub-151/ts_task-ultimatum_net0003_nppi-dmn_run-01.txt	found	
sub-151	01	custom20	/data/projects/srndna-ultimatum/derivatives/fsl/sub-151/ts_task-ultimatum_net0007_nppi-dmn_run-01.txt	/ZPOOL/data/projects/srndna-ultimatum/derivatives/fsl/sub-151/ts_task-ultimatum_net0007_nppi-dmn_run-01.txt	found	
sub-151	01	custom21	/data/projects/srndna-ultimatum/derivatives/fsl/sub-151/ts_task-ultimatum_net0000_nppi-dmn_run-01.txt	/ZPOOL/data/projects/srndna-ultimatum/derivatives/fsl/sub-151/ts_task-ultimatum_net0000_nppi-dmn_run-01.txt	found	
sub-151	01	custom22	/data/projects/srndna-ultimatum/derivatives/fsl/sub-151/ts_task-ultimatum_net0001_nppi-dmn_run-01.txt	/ZPOOL/data/projects/srndna-ultimatum/derivatives/fsl/sub-151/ts_task-ultimatum_net0001_nppi-dmn_run-01.txt	found	
sub-151	01	custom23	/data/projects/srndna-ultimatum/derivatives/fsl/sub-151/ts_task-ultimatum_net0002_nppi-dmn_run-01.txt	/ZPOOL/data/projects/srndna-ultimatum/derivatives/fsl/sub-151/ts_task-ultimatum_net0002_nppi-dmn_run-01.txt	found	
sub-151	01	custom24	/data/projects/srndna-ultimatum/derivatives/fsl/sub-151/ts_task-ultimatum_net0004_nppi-dmn_run-01.txt	/ZPOOL/data/projects/srndna-ultimatum/derivatives/fsl/sub-151/ts_task-ultimatum_net0004_nppi-dmn_run-01.txt	found	
sub-151	01	custom25	/data/projects/srndna-ultimatum/derivatives/fsl/sub-151/ts_task-ultimatum_net0005_nppi-dmn_run-01.txt	/ZPOOL/data/projects/srndna-ultimatum/derivatives/fsl/sub-151/ts_task-ultimatum_net0005_nppi-dmn_run-01.txt	found	
sub-151	01	custom26	/data/projects/srndna-ultimatum/derivatives/fsl/sub-151/ts_task-ultimatum_net0006_nppi-dmn_run-01.txt	/ZPOOL/data/projects/srndna-ultimatum/derivatives/fsl/sub-151/ts_task-ultimatum_net0006_nppi-dmn_run-01.txt	found	
sub-151	01	custom27	/data/projects/srndna-ultimatum/derivatives/fsl/sub-151/ts_task-ultimatum_net0008_nppi-dmn_run-01.txt	/ZPOOL/data/projects/srndna-ultimatum/derivatives/fsl/sub-151/ts_task-ultimatum_net0008_nppi-dmn_run-01.txt	found	
sub-151	01	custom28	/data/projects/srndna-ultimatum/derivatives/fsl/sub-151/ts_task-ultimatum_net0009_nppi-dmn_run-01.txt	/ZPOOL/data/projects/srndna-ultimatum/derivatives/fsl/sub-151/ts_task-ultimatum_net0009_nppi-dmn_run-01.txt	found	
sub-151	02	source_fsf	/ZPOOL/data/projects/srndna-ultimatum/derivatives/fsl/sub-151/L1_task-ultimatum_model-02_type-nppi-dmn_run-02_sm-6.feat/design.fsf	/ZPOOL/data/projects/srndna-ultimatum/derivatives/fsl/sub-151/L1_task-ultimatum_model-02_type-nppi-dmn_run-02_sm-6.feat/design.fsf	found	
sub-151	02	events	/ZPOOL/data/projects/srndna-ultimatum/source_data/bids/sub-151/func/sub-151_task-ultimatum_run-02_events.tsv	/ZPOOL/data/projects/srndna-ultimatum/source_data/bids/sub-151/func/sub-151_task-ultimatum_run-02_events.tsv	found	
sub-151	02	feat_files(1)	/data/projects/srndna-data/derivatives/fmriprep/sub-151/func/sub-151_task-ultimatum_run-2_space-MNI152NLin2009cAsym_desc-preproc_bold.nii.gz	/ZPOOL/data/projects/srndna-ug/derivatives/fmriprep/sub-151/func/sub-151_task-ultimatum_run-2_space-MNI152NLin2009cAsym_desc-preproc_bold.nii.gz	found	
sub-151	02	confoundev_files(1)	/data/projects/srndna-data/derivatives/fsl/confounds/sub-151/sub-151_task-ultimatum_run-2_desc-fslConfounds.tsv		missing	explicitly mapped input missing: /data/projects/srndna-data/derivatives/fsl/confounds/sub-151/sub-151_task-ultimatum_run-2_desc-fslConfounds.tsv -> /ZPOOL/data/projects/srndna-ultimatum/derivatives/fsl/confounds/sub-151/sub-151_task-ultimatum_run-2_desc-fslConfounds.tsv
sub-151	02	regstandard	/usr/share/fsl/6.0.3/data/standard/MNI152_T1_2mm_brain	/usr/local/fsl/data/standard/MNI152_T1_2mm_brain.nii.gz	found	
sub-151	02	custom1	/data/projects/srndna-data/derivatives/fsl/EVfiles/sub-151/ultimatum-pmod/run-02_event_computer.txt		missing	explicitly mapped input missing: /data/projects/srndna-data/derivatives/fsl/EVfiles/sub-151/ultimatum-pmod/run-02_event_computer.txt -> /ZPOOL/data/projects/srndna-ultimatum/derivatives/fsl/EVfiles/sub-151/ultimatum-pmod/run-02_event_computer.txt
sub-151	02	custom2	/data/projects/srndna-data/derivatives/fsl/EVfiles/sub-151/ultimatum-pmod/run-02_event_computer_pmod.txt		missing	explicitly mapped input missing: /data/projects/srndna-data/derivatives/fsl/EVfiles/sub-151/ultimatum-pmod/run-02_event_computer_pmod.txt -> /ZPOOL/data/projects/srndna-ultimatum/derivatives/fsl/EVfiles/sub-151/ultimatum-pmod/run-02_event_computer_pmod.txt
sub-151	02	custom3	/data/projects/srndna-data/derivatives/fsl/EVfiles/sub-151/ultimatum-pmod/run-02_event_ingroup.txt		missing	explicitly mapped input missing: /data/projects/srndna-data/derivatives/fsl/EVfiles/sub-151/ultimatum-pmod/run-02_event_ingroup.txt -> /ZPOOL/data/projects/srndna-ultimatum/derivatives/fsl/EVfiles/sub-151/ultimatum-pmod/run-02_event_ingroup.txt
sub-151	02	custom4	/data/projects/srndna-data/derivatives/fsl/EVfiles/sub-151/ultimatum-pmod/run-02_event_ingroup_pmod.txt		missing	explicitly mapped input missing: /data/projects/srndna-data/derivatives/fsl/EVfiles/sub-151/ultimatum-pmod/run-02_event_ingroup_pmod.txt -> /ZPOOL/data/projects/srndna-ultimatum/derivatives/fsl/EVfiles/sub-151/ultimatum-pmod/run-02_event_ingroup_pmod.txt
sub-151	02	custom5	/data/projects/srndna-data/derivatives/fsl/EVfiles/sub-151/ultimatum-pmod/run-02_event_outgroup.txt		missing	explicitly mapped input missing: /data/projects/srndna-data/derivatives/fsl/EVfiles/sub-151/ultimatum-pmod/run-02_event_outgroup.txt -> /ZPOOL/data/projects/srndna-ultimatum/derivatives/fsl/EVfiles/sub-151/ultimatum-pmod/run-02_event_outgroup.txt
sub-151	02	custom6	/data/projects/srndna-data/derivatives/fsl/EVfiles/sub-151/ultimatum-pmod/run-02_event_outgroup_pmod.txt		missing	explicitly mapped input missing: /data/projects/srndna-data/derivatives/fsl/EVfiles/sub-151/ultimatum-pmod/run-02_event_outgroup_pmod.txt -> /ZPOOL/data/projects/srndna-ultimatum/derivatives/fsl/EVfiles/sub-151/ultimatum-pmod/run-02_event_outgroup_pmod.txt
sub-151	02	custom10	/data/projects/srndna-ultimatum/derivatives/fsl/sub-151/ts_task-ultimatum_net0003_nppi-dmn_run-02.txt	/ZPOOL/data/projects/srndna-ultimatum/derivatives/fsl/sub-151/ts_task-ultimatum_net0003_nppi-dmn_run-02.txt	found	
sub-151	02	custom20	/data/projects/srndna-ultimatum/derivatives/fsl/sub-151/ts_task-ultimatum_net0007_nppi-dmn_run-02.txt	/ZPOOL/data/projects/srndna-ultimatum/derivatives/fsl/sub-151/ts_task-ultimatum_net0007_nppi-dmn_run-02.txt	found	
sub-151	02	custom21	/data/projects/srndna-ultimatum/derivatives/fsl/sub-151/ts_task-ultimatum_net0000_nppi-dmn_run-02.txt	/ZPOOL/data/projects/srndna-ultimatum/derivatives/fsl/sub-151/ts_task-ultimatum_net0000_nppi-dmn_run-02.txt	found	
sub-151	02	custom22	/data/projects/srndna-ultimatum/derivatives/fsl/sub-151/ts_task-ultimatum_net0001_nppi-dmn_run-02.txt	/ZPOOL/data/projects/srndna-ultimatum/derivatives/fsl/sub-151/ts_task-ultimatum_net0001_nppi-dmn_run-02.txt	found	
sub-151	02	custom23	/data/projects/srndna-ultimatum/derivatives/fsl/sub-151/ts_task-ultimatum_net0002_nppi-dmn_run-02.txt	/ZPOOL/data/projects/srndna-ultimatum/derivatives/fsl/sub-151/ts_task-ultimatum_net0002_nppi-dmn_run-02.txt	found	
sub-151	02	custom24	/data/projects/srndna-ultimatum/derivatives/fsl/sub-151/ts_task-ultimatum_net0004_nppi-dmn_run-02.txt	/ZPOOL/data/projects/srndna-ultimatum/derivatives/fsl/sub-151/ts_task-ultimatum_net0004_nppi-dmn_run-02.txt	found	
sub-151	02	custom25	/data/projects/srndna-ultimatum/derivatives/fsl/sub-151/ts_task-ultimatum_net0005_nppi-dmn_run-02.txt	/ZPOOL/data/projects/srndna-ultimatum/derivatives/fsl/sub-151/ts_task-ultimatum_net0005_nppi-dmn_run-02.txt	found	
sub-151	02	custom26	/data/projects/srndna-ultimatum/derivatives/fsl/sub-151/ts_task-ultimatum_net0006_nppi-dmn_run-02.txt	/ZPOOL/data/projects/srndna-ultimatum/derivatives/fsl/sub-151/ts_task-ultimatum_net0006_nppi-dmn_run-02.txt	found	
sub-151	02	custom27	/data/projects/srndna-ultimatum/derivatives/fsl/sub-151/ts_task-ultimatum_net0008_nppi-dmn_run-02.txt	/ZPOOL/data/projects/srndna-ultimatum/derivatives/fsl/sub-151/ts_task-ultimatum_net0008_nppi-dmn_run-02.txt	found	
sub-151	02	custom28	/data/projects/srndna-ultimatum/derivatives/fsl/sub-151/ts_task-ultimatum_net0009_nppi-dmn_run-02.txt	/ZPOOL/data/projects/srndna-ultimatum/derivatives/fsl/sub-151/ts_task-ultimatum_net0009_nppi-dmn_run-02.txt	found	
sub-151	combined	source_l2_fsf	/ZPOOL/data/projects/srndna-ultimatum/derivatives/fsl/sub-151/L2_task-ultimatum_model-02_type-nppi-dmn_sm-6.gfeat/design.fsf	/ZPOOL/data/projects/srndna-ultimatum/derivatives/fsl/sub-151/L2_task-ultimatum_model-02_type-nppi-dmn_sm-6.gfeat/design.fsf	found	
sub-152	01	source_fsf	/ZPOOL/data/projects/srndna-ultimatum/derivatives/fsl/sub-152/L1_task-ultimatum_model-02_type-nppi-dmn_run-01_sm-6.feat/design.fsf	/ZPOOL/data/projects/srndna-ultimatum/derivatives/fsl/sub-152/L1_task-ultimatum_model-02_type-nppi-dmn_run-01_sm-6.feat/design.fsf	found	
sub-152	01	events	/ZPOOL/data/projects/srndna-ultimatum/source_data/bids/sub-152/func/sub-152_task-ultimatum_run-01_events.tsv	/ZPOOL/data/projects/srndna-ultimatum/source_data/bids/sub-152/func/sub-152_task-ultimatum_run-01_events.tsv	found	
sub-152	01	feat_files(1)	/data/projects/srndna-data/derivatives/fmriprep/sub-152/func/sub-152_task-ultimatum_run-1_space-MNI152NLin2009cAsym_desc-preproc_bold.nii.gz	/ZPOOL/data/projects/srndna-ug/derivatives/fmriprep/sub-152/func/sub-152_task-ultimatum_run-1_space-MNI152NLin2009cAsym_desc-preproc_bold.nii.gz	found	
sub-152	01	confoundev_files(1)	/data/projects/srndna-data/derivatives/fsl/confounds/sub-152/sub-152_task-ultimatum_run-1_desc-fslConfounds.tsv		missing	explicitly mapped input missing: /data/projects/srndna-data/derivatives/fsl/confounds/sub-152/sub-152_task-ultimatum_run-1_desc-fslConfounds.tsv -> /ZPOOL/data/projects/srndna-ultimatum/derivatives/fsl/confounds/sub-152/sub-152_task-ultimatum_run-1_desc-fslConfounds.tsv
sub-152	01	regstandard	/usr/share/fsl/6.0.3/data/standard/MNI152_T1_2mm_brain	/usr/local/fsl/data/standard/MNI152_T1_2mm_brain.nii.gz	found	
sub-152	01	custom1	/data/projects/srndna-data/derivatives/fsl/EVfiles/sub-152/ultimatum-pmod/run-01_event_computer.txt		missing	explicitly mapped input missing: /data/projects/srndna-data/derivatives/fsl/EVfiles/sub-152/ultimatum-pmod/run-01_event_computer.txt -> /ZPOOL/data/projects/srndna-ultimatum/derivatives/fsl/EVfiles/sub-152/ultimatum-pmod/run-01_event_computer.txt
sub-152	01	custom2	/data/projects/srndna-data/derivatives/fsl/EVfiles/sub-152/ultimatum-pmod/run-01_event_computer_pmod.txt		missing	explicitly mapped input missing: /data/projects/srndna-data/derivatives/fsl/EVfiles/sub-152/ultimatum-pmod/run-01_event_computer_pmod.txt -> /ZPOOL/data/projects/srndna-ultimatum/derivatives/fsl/EVfiles/sub-152/ultimatum-pmod/run-01_event_computer_pmod.txt
sub-152	01	custom3	/data/projects/srndna-data/derivatives/fsl/EVfiles/sub-152/ultimatum-pmod/run-01_event_ingroup.txt		missing	explicitly mapped input missing: /data/projects/srndna-data/derivatives/fsl/EVfiles/sub-152/ultimatum-pmod/run-01_event_ingroup.txt -> /ZPOOL/data/projects/srndna-ultimatum/derivatives/fsl/EVfiles/sub-152/ultimatum-pmod/run-01_event_ingroup.txt
sub-152	01	custom4	/data/projects/srndna-data/derivatives/fsl/EVfiles/sub-152/ultimatum-pmod/run-01_event_ingroup_pmod.txt		missing	explicitly mapped input missing: /data/projects/srndna-data/derivatives/fsl/EVfiles/sub-152/ultimatum-pmod/run-01_event_ingroup_pmod.txt -> /ZPOOL/data/projects/srndna-ultimatum/derivatives/fsl/EVfiles/sub-152/ultimatum-pmod/run-01_event_ingroup_pmod.txt
sub-152	01	custom5	/data/projects/srndna-data/derivatives/fsl/EVfiles/sub-152/ultimatum-pmod/run-01_event_outgroup.txt		missing	explicitly mapped input missing: /data/projects/srndna-data/derivatives/fsl/EVfiles/sub-152/ultimatum-pmod/run-01_event_outgroup.txt -> /ZPOOL/data/projects/srndna-ultimatum/derivatives/fsl/EVfiles/sub-152/ultimatum-pmod/run-01_event_outgroup.txt
sub-152	01	custom6	/data/projects/srndna-data/derivatives/fsl/EVfiles/sub-152/ultimatum-pmod/run-01_event_outgroup_pmod.txt		missing	explicitly mapped input missing: /data/projects/srndna-data/derivatives/fsl/EVfiles/sub-152/ultimatum-pmod/run-01_event_outgroup_pmod.txt -> /ZPOOL/data/projects/srndna-ultimatum/derivatives/fsl/EVfiles/sub-152/ultimatum-pmod/run-01_event_outgroup_pmod.txt
sub-152	01	custom7	/data/projects/srndna-data/derivatives/fsl/EVfiles/sub-152/ultimatum-pmod/run-01_missed_trial.txt		missing	explicitly mapped input missing: /data/projects/srndna-data/derivatives/fsl/EVfiles/sub-152/ultimatum-pmod/run-01_missed_trial.txt -> /ZPOOL/data/projects/srndna-ultimatum/derivatives/fsl/EVfiles/sub-152/ultimatum-pmod/run-01_missed_trial.txt
sub-152	01	custom10	/data/projects/srndna-ultimatum/derivatives/fsl/sub-152/ts_task-ultimatum_net0003_nppi-dmn_run-01.txt	/ZPOOL/data/projects/srndna-ultimatum/derivatives/fsl/sub-152/ts_task-ultimatum_net0003_nppi-dmn_run-01.txt	found	
sub-152	01	custom20	/data/projects/srndna-ultimatum/derivatives/fsl/sub-152/ts_task-ultimatum_net0007_nppi-dmn_run-01.txt	/ZPOOL/data/projects/srndna-ultimatum/derivatives/fsl/sub-152/ts_task-ultimatum_net0007_nppi-dmn_run-01.txt	found	
sub-152	01	custom21	/data/projects/srndna-ultimatum/derivatives/fsl/sub-152/ts_task-ultimatum_net0000_nppi-dmn_run-01.txt	/ZPOOL/data/projects/srndna-ultimatum/derivatives/fsl/sub-152/ts_task-ultimatum_net0000_nppi-dmn_run-01.txt	found	
sub-152	01	custom22	/data/projects/srndna-ultimatum/derivatives/fsl/sub-152/ts_task-ultimatum_net0001_nppi-dmn_run-01.txt	/ZPOOL/data/projects/srndna-ultimatum/derivatives/fsl/sub-152/ts_task-ultimatum_net0001_nppi-dmn_run-01.txt	found	
sub-152	01	custom23	/data/projects/srndna-ultimatum/derivatives/fsl/sub-152/ts_task-ultimatum_net0002_nppi-dmn_run-01.txt	/ZPOOL/data/projects/srndna-ultimatum/derivatives/fsl/sub-152/ts_task-ultimatum_net0002_nppi-dmn_run-01.txt	found	
sub-152	01	custom24	/data/projects/srndna-ultimatum/derivatives/fsl/sub-152/ts_task-ultimatum_net0004_nppi-dmn_run-01.txt	/ZPOOL/data/projects/srndna-ultimatum/derivatives/fsl/sub-152/ts_task-ultimatum_net0004_nppi-dmn_run-01.txt	found	
sub-152	01	custom25	/data/projects/srndna-ultimatum/derivatives/fsl/sub-152/ts_task-ultimatum_net0005_nppi-dmn_run-01.txt	/ZPOOL/data/projects/srndna-ultimatum/derivatives/fsl/sub-152/ts_task-ultimatum_net0005_nppi-dmn_run-01.txt	found	
sub-152	01	custom26	/data/projects/srndna-ultimatum/derivatives/fsl/sub-152/ts_task-ultimatum_net0006_nppi-dmn_run-01.txt	/ZPOOL/data/projects/srndna-ultimatum/derivatives/fsl/sub-152/ts_task-ultimatum_net0006_nppi-dmn_run-01.txt	found	
sub-152	01	custom27	/data/projects/srndna-ultimatum/derivatives/fsl/sub-152/ts_task-ultimatum_net0008_nppi-dmn_run-01.txt	/ZPOOL/data/projects/srndna-ultimatum/derivatives/fsl/sub-152/ts_task-ultimatum_net0008_nppi-dmn_run-01.txt	found	
sub-152	01	custom28	/data/projects/srndna-ultimatum/derivatives/fsl/sub-152/ts_task-ultimatum_net0009_nppi-dmn_run-01.txt	/ZPOOL/data/projects/srndna-ultimatum/derivatives/fsl/sub-152/ts_task-ultimatum_net0009_nppi-dmn_run-01.txt	found	
sub-152	02	source_fsf	/ZPOOL/data/projects/srndna-ultimatum/derivatives/fsl/sub-152/L1_task-ultimatum_model-02_type-nppi-dmn_run-02_sm-6.feat/design.fsf	/ZPOOL/data/projects/srndna-ultimatum/derivatives/fsl/sub-152/L1_task-ultimatum_model-02_type-nppi-dmn_run-02_sm-6.feat/design.fsf	found	
sub-152	02	events	/ZPOOL/data/projects/srndna-ultimatum/source_data/bids/sub-152/func/sub-152_task-ultimatum_run-02_events.tsv	/ZPOOL/data/projects/srndna-ultimatum/source_data/bids/sub-152/func/sub-152_task-ultimatum_run-02_events.tsv	found	
sub-152	02	feat_files(1)	/data/projects/srndna-data/derivatives/fmriprep/sub-152/func/sub-152_task-ultimatum_run-2_space-MNI152NLin2009cAsym_desc-preproc_bold.nii.gz	/ZPOOL/data/projects/srndna-ug/derivatives/fmriprep/sub-152/func/sub-152_task-ultimatum_run-2_space-MNI152NLin2009cAsym_desc-preproc_bold.nii.gz	found	
sub-152	02	confoundev_files(1)	/data/projects/srndna-data/derivatives/fsl/confounds/sub-152/sub-152_task-ultimatum_run-2_desc-fslConfounds.tsv		missing	explicitly mapped input missing: /data/projects/srndna-data/derivatives/fsl/confounds/sub-152/sub-152_task-ultimatum_run-2_desc-fslConfounds.tsv -> /ZPOOL/data/projects/srndna-ultimatum/derivatives/fsl/confounds/sub-152/sub-152_task-ultimatum_run-2_desc-fslConfounds.tsv
sub-152	02	regstandard	/usr/share/fsl/6.0.3/data/standard/MNI152_T1_2mm_brain	/usr/local/fsl/data/standard/MNI152_T1_2mm_brain.nii.gz	found	
sub-152	02	custom1	/data/projects/srndna-data/derivatives/fsl/EVfiles/sub-152/ultimatum-pmod/run-02_event_computer.txt		missing	explicitly mapped input missing: /data/projects/srndna-data/derivatives/fsl/EVfiles/sub-152/ultimatum-pmod/run-02_event_computer.txt -> /ZPOOL/data/projects/srndna-ultimatum/derivatives/fsl/EVfiles/sub-152/ultimatum-pmod/run-02_event_computer.txt
sub-152	02	custom2	/data/projects/srndna-data/derivatives/fsl/EVfiles/sub-152/ultimatum-pmod/run-02_event_computer_pmod.txt		missing	explicitly mapped input missing: /data/projects/srndna-data/derivatives/fsl/EVfiles/sub-152/ultimatum-pmod/run-02_event_computer_pmod.txt -> /ZPOOL/data/projects/srndna-ultimatum/derivatives/fsl/EVfiles/sub-152/ultimatum-pmod/run-02_event_computer_pmod.txt
sub-152	02	custom3	/data/projects/srndna-data/derivatives/fsl/EVfiles/sub-152/ultimatum-pmod/run-02_event_ingroup.txt		missing	explicitly mapped input missing: /data/projects/srndna-data/derivatives/fsl/EVfiles/sub-152/ultimatum-pmod/run-02_event_ingroup.txt -> /ZPOOL/data/projects/srndna-ultimatum/derivatives/fsl/EVfiles/sub-152/ultimatum-pmod/run-02_event_ingroup.txt
sub-152	02	custom4	/data/projects/srndna-data/derivatives/fsl/EVfiles/sub-152/ultimatum-pmod/run-02_event_ingroup_pmod.txt		missing	explicitly mapped input missing: /data/projects/srndna-data/derivatives/fsl/EVfiles/sub-152/ultimatum-pmod/run-02_event_ingroup_pmod.txt -> /ZPOOL/data/projects/srndna-ultimatum/derivatives/fsl/EVfiles/sub-152/ultimatum-pmod/run-02_event_ingroup_pmod.txt
sub-152	02	custom5	/data/projects/srndna-data/derivatives/fsl/EVfiles/sub-152/ultimatum-pmod/run-02_event_outgroup.txt		missing	explicitly mapped input missing: /data/projects/srndna-data/derivatives/fsl/EVfiles/sub-152/ultimatum-pmod/run-02_event_outgroup.txt -> /ZPOOL/data/projects/srndna-ultimatum/derivatives/fsl/EVfiles/sub-152/ultimatum-pmod/run-02_event_outgroup.txt
sub-152	02	custom6	/data/projects/srndna-data/derivatives/fsl/EVfiles/sub-152/ultimatum-pmod/run-02_event_outgroup_pmod.txt		missing	explicitly mapped input missing: /data/projects/srndna-data/derivatives/fsl/EVfiles/sub-152/ultimatum-pmod/run-02_event_outgroup_pmod.txt -> /ZPOOL/data/projects/srndna-ultimatum/derivatives/fsl/EVfiles/sub-152/ultimatum-pmod/run-02_event_outgroup_pmod.txt
sub-152	02	custom7	/data/projects/srndna-data/derivatives/fsl/EVfiles/sub-152/ultimatum-pmod/run-02_missed_trial.txt		missing	explicitly mapped input missing: /data/projects/srndna-data/derivatives/fsl/EVfiles/sub-152/ultimatum-pmod/run-02_missed_trial.txt -> /ZPOOL/data/projects/srndna-ultimatum/derivatives/fsl/EVfiles/sub-152/ultimatum-pmod/run-02_missed_trial.txt
sub-152	02	custom10	/data/projects/srndna-ultimatum/derivatives/fsl/sub-152/ts_task-ultimatum_net0003_nppi-dmn_run-02.txt	/ZPOOL/data/projects/srndna-ultimatum/derivatives/fsl/sub-152/ts_task-ultimatum_net0003_nppi-dmn_run-02.txt	found	
sub-152	02	custom20	/data/projects/srndna-ultimatum/derivatives/fsl/sub-152/ts_task-ultimatum_net0007_nppi-dmn_run-02.txt	/ZPOOL/data/projects/srndna-ultimatum/derivatives/fsl/sub-152/ts_task-ultimatum_net0007_nppi-dmn_run-02.txt	found	
sub-152	02	custom21	/data/projects/srndna-ultimatum/derivatives/fsl/sub-152/ts_task-ultimatum_net0000_nppi-dmn_run-02.txt	/ZPOOL/data/projects/srndna-ultimatum/derivatives/fsl/sub-152/ts_task-ultimatum_net0000_nppi-dmn_run-02.txt	found	
sub-152	02	custom22	/data/projects/srndna-ultimatum/derivatives/fsl/sub-152/ts_task-ultimatum_net0001_nppi-dmn_run-02.txt	/ZPOOL/data/projects/srndna-ultimatum/derivatives/fsl/sub-152/ts_task-ultimatum_net0001_nppi-dmn_run-02.txt	found	
sub-152	02	custom23	/data/projects/srndna-ultimatum/derivatives/fsl/sub-152/ts_task-ultimatum_net0002_nppi-dmn_run-02.txt	/ZPOOL/data/projects/srndna-ultimatum/derivatives/fsl/sub-152/ts_task-ultimatum_net0002_nppi-dmn_run-02.txt	found	
sub-152	02	custom24	/data/projects/srndna-ultimatum/derivatives/fsl/sub-152/ts_task-ultimatum_net0004_nppi-dmn_run-02.txt	/ZPOOL/data/projects/srndna-ultimatum/derivatives/fsl/sub-152/ts_task-ultimatum_net0004_nppi-dmn_run-02.txt	found	
sub-152	02	custom25	/data/projects/srndna-ultimatum/derivatives/fsl/sub-152/ts_task-ultimatum_net0005_nppi-dmn_run-02.txt	/ZPOOL/data/projects/srndna-ultimatum/derivatives/fsl/sub-152/ts_task-ultimatum_net0005_nppi-dmn_run-02.txt	found	
sub-152	02	custom26	/data/projects/srndna-ultimatum/derivatives/fsl/sub-152/ts_task-ultimatum_net0006_nppi-dmn_run-02.txt	/ZPOOL/data/projects/srndna-ultimatum/derivatives/fsl/sub-152/ts_task-ultimatum_net0006_nppi-dmn_run-02.txt	found	
sub-152	02	custom27	/data/projects/srndna-ultimatum/derivatives/fsl/sub-152/ts_task-ultimatum_net0008_nppi-dmn_run-02.txt	/ZPOOL/data/projects/srndna-ultimatum/derivatives/fsl/sub-152/ts_task-ultimatum_net0008_nppi-dmn_run-02.txt	found	
sub-152	02	custom28	/data/projects/srndna-ultimatum/derivatives/fsl/sub-152/ts_task-ultimatum_net0009_nppi-dmn_run-02.txt	/ZPOOL/data/projects/srndna-ultimatum/derivatives/fsl/sub-152/ts_task-ultimatum_net0009_nppi-dmn_run-02.txt	found	
sub-152	combined	source_l2_fsf	/ZPOOL/data/projects/srndna-ultimatum/derivatives/fsl/sub-152/L2_task-ultimatum_model-02_type-nppi-dmn_sm-6.gfeat/design.fsf	/ZPOOL/data/projects/srndna-ultimatum/derivatives/fsl/sub-152/L2_task-ultimatum_model-02_type-nppi-dmn_sm-6.gfeat/design.fsf	found	
sub-153	01	source_fsf	/ZPOOL/data/projects/srndna-ultimatum/derivatives/fsl/sub-153/L1_task-ultimatum_model-02_type-nppi-dmn_run-01_sm-6.feat/design.fsf	/ZPOOL/data/projects/srndna-ultimatum/derivatives/fsl/sub-153/L1_task-ultimatum_model-02_type-nppi-dmn_run-01_sm-6.feat/design.fsf	found	
sub-153	01	events	/ZPOOL/data/projects/srndna-ultimatum/source_data/bids/sub-153/func/sub-153_task-ultimatum_run-01_events.tsv	/ZPOOL/data/projects/srndna-ultimatum/source_data/bids/sub-153/func/sub-153_task-ultimatum_run-01_events.tsv	found	
sub-153	01	feat_files(1)	/data/projects/srndna-data/derivatives/fmriprep/sub-153/func/sub-153_task-ultimatum_run-1_space-MNI152NLin2009cAsym_desc-preproc_bold.nii.gz	/ZPOOL/data/projects/srndna-ug/derivatives/fmriprep/sub-153/func/sub-153_task-ultimatum_run-1_space-MNI152NLin2009cAsym_desc-preproc_bold.nii.gz	found	
sub-153	01	confoundev_files(1)	/data/projects/srndna-data/derivatives/fsl/confounds/sub-153/sub-153_task-ultimatum_run-1_desc-fslConfounds.tsv		missing	explicitly mapped input missing: /data/projects/srndna-data/derivatives/fsl/confounds/sub-153/sub-153_task-ultimatum_run-1_desc-fslConfounds.tsv -> /ZPOOL/data/projects/srndna-ultimatum/derivatives/fsl/confounds/sub-153/sub-153_task-ultimatum_run-1_desc-fslConfounds.tsv
sub-153	01	regstandard	/usr/share/fsl/6.0.3/data/standard/MNI152_T1_2mm_brain	/usr/local/fsl/data/standard/MNI152_T1_2mm_brain.nii.gz	found	
sub-153	01	custom1	/data/projects/srndna-data/derivatives/fsl/EVfiles/sub-153/ultimatum-pmod/run-01_event_computer.txt		missing	explicitly mapped input missing: /data/projects/srndna-data/derivatives/fsl/EVfiles/sub-153/ultimatum-pmod/run-01_event_computer.txt -> /ZPOOL/data/projects/srndna-ultimatum/derivatives/fsl/EVfiles/sub-153/ultimatum-pmod/run-01_event_computer.txt
sub-153	01	custom2	/data/projects/srndna-data/derivatives/fsl/EVfiles/sub-153/ultimatum-pmod/run-01_event_computer_pmod.txt		missing	explicitly mapped input missing: /data/projects/srndna-data/derivatives/fsl/EVfiles/sub-153/ultimatum-pmod/run-01_event_computer_pmod.txt -> /ZPOOL/data/projects/srndna-ultimatum/derivatives/fsl/EVfiles/sub-153/ultimatum-pmod/run-01_event_computer_pmod.txt
sub-153	01	custom3	/data/projects/srndna-data/derivatives/fsl/EVfiles/sub-153/ultimatum-pmod/run-01_event_ingroup.txt		missing	explicitly mapped input missing: /data/projects/srndna-data/derivatives/fsl/EVfiles/sub-153/ultimatum-pmod/run-01_event_ingroup.txt -> /ZPOOL/data/projects/srndna-ultimatum/derivatives/fsl/EVfiles/sub-153/ultimatum-pmod/run-01_event_ingroup.txt
sub-153	01	custom4	/data/projects/srndna-data/derivatives/fsl/EVfiles/sub-153/ultimatum-pmod/run-01_event_ingroup_pmod.txt		missing	explicitly mapped input missing: /data/projects/srndna-data/derivatives/fsl/EVfiles/sub-153/ultimatum-pmod/run-01_event_ingroup_pmod.txt -> /ZPOOL/data/projects/srndna-ultimatum/derivatives/fsl/EVfiles/sub-153/ultimatum-pmod/run-01_event_ingroup_pmod.txt
sub-153	01	custom5	/data/projects/srndna-data/derivatives/fsl/EVfiles/sub-153/ultimatum-pmod/run-01_event_outgroup.txt		missing	explicitly mapped input missing: /data/projects/srndna-data/derivatives/fsl/EVfiles/sub-153/ultimatum-pmod/run-01_event_outgroup.txt -> /ZPOOL/data/projects/srndna-ultimatum/derivatives/fsl/EVfiles/sub-153/ultimatum-pmod/run-01_event_outgroup.txt
sub-153	01	custom6	/data/projects/srndna-data/derivatives/fsl/EVfiles/sub-153/ultimatum-pmod/run-01_event_outgroup_pmod.txt		missing	explicitly mapped input missing: /data/projects/srndna-data/derivatives/fsl/EVfiles/sub-153/ultimatum-pmod/run-01_event_outgroup_pmod.txt -> /ZPOOL/data/projects/srndna-ultimatum/derivatives/fsl/EVfiles/sub-153/ultimatum-pmod/run-01_event_outgroup_pmod.txt
sub-153	01	custom7	/data/projects/srndna-data/derivatives/fsl/EVfiles/sub-153/ultimatum-pmod/run-01_missed_trial.txt		missing	explicitly mapped input missing: /data/projects/srndna-data/derivatives/fsl/EVfiles/sub-153/ultimatum-pmod/run-01_missed_trial.txt -> /ZPOOL/data/projects/srndna-ultimatum/derivatives/fsl/EVfiles/sub-153/ultimatum-pmod/run-01_missed_trial.txt
sub-153	01	custom10	/data/projects/srndna-ultimatum/derivatives/fsl/sub-153/ts_task-ultimatum_net0003_nppi-dmn_run-01.txt	/ZPOOL/data/projects/srndna-ultimatum/derivatives/fsl/sub-153/ts_task-ultimatum_net0003_nppi-dmn_run-01.txt	found	
sub-153	01	custom20	/data/projects/srndna-ultimatum/derivatives/fsl/sub-153/ts_task-ultimatum_net0007_nppi-dmn_run-01.txt	/ZPOOL/data/projects/srndna-ultimatum/derivatives/fsl/sub-153/ts_task-ultimatum_net0007_nppi-dmn_run-01.txt	found	
sub-153	01	custom21	/data/projects/srndna-ultimatum/derivatives/fsl/sub-153/ts_task-ultimatum_net0000_nppi-dmn_run-01.txt	/ZPOOL/data/projects/srndna-ultimatum/derivatives/fsl/sub-153/ts_task-ultimatum_net0000_nppi-dmn_run-01.txt	found	
sub-153	01	custom22	/data/projects/srndna-ultimatum/derivatives/fsl/sub-153/ts_task-ultimatum_net0001_nppi-dmn_run-01.txt	/ZPOOL/data/projects/srndna-ultimatum/derivatives/fsl/sub-153/ts_task-ultimatum_net0001_nppi-dmn_run-01.txt	found	
sub-153	01	custom23	/data/projects/srndna-ultimatum/derivatives/fsl/sub-153/ts_task-ultimatum_net0002_nppi-dmn_run-01.txt	/ZPOOL/data/projects/srndna-ultimatum/derivatives/fsl/sub-153/ts_task-ultimatum_net0002_nppi-dmn_run-01.txt	found	
sub-153	01	custom24	/data/projects/srndna-ultimatum/derivatives/fsl/sub-153/ts_task-ultimatum_net0004_nppi-dmn_run-01.txt	/ZPOOL/data/projects/srndna-ultimatum/derivatives/fsl/sub-153/ts_task-ultimatum_net0004_nppi-dmn_run-01.txt	found	
sub-153	01	custom25	/data/projects/srndna-ultimatum/derivatives/fsl/sub-153/ts_task-ultimatum_net0005_nppi-dmn_run-01.txt	/ZPOOL/data/projects/srndna-ultimatum/derivatives/fsl/sub-153/ts_task-ultimatum_net0005_nppi-dmn_run-01.txt	found	
sub-153	01	custom26	/data/projects/srndna-ultimatum/derivatives/fsl/sub-153/ts_task-ultimatum_net0006_nppi-dmn_run-01.txt	/ZPOOL/data/projects/srndna-ultimatum/derivatives/fsl/sub-153/ts_task-ultimatum_net0006_nppi-dmn_run-01.txt	found	
sub-153	01	custom27	/data/projects/srndna-ultimatum/derivatives/fsl/sub-153/ts_task-ultimatum_net0008_nppi-dmn_run-01.txt	/ZPOOL/data/projects/srndna-ultimatum/derivatives/fsl/sub-153/ts_task-ultimatum_net0008_nppi-dmn_run-01.txt	found	
sub-153	01	custom28	/data/projects/srndna-ultimatum/derivatives/fsl/sub-153/ts_task-ultimatum_net0009_nppi-dmn_run-01.txt	/ZPOOL/data/projects/srndna-ultimatum/derivatives/fsl/sub-153/ts_task-ultimatum_net0009_nppi-dmn_run-01.txt	found	
sub-153	02	source_fsf	/ZPOOL/data/projects/srndna-ultimatum/derivatives/fsl/sub-153/L1_task-ultimatum_model-02_type-nppi-dmn_run-02_sm-6.feat/design.fsf	/ZPOOL/data/projects/srndna-ultimatum/derivatives/fsl/sub-153/L1_task-ultimatum_model-02_type-nppi-dmn_run-02_sm-6.feat/design.fsf	found	
sub-153	02	events	/ZPOOL/data/projects/srndna-ultimatum/source_data/bids/sub-153/func/sub-153_task-ultimatum_run-02_events.tsv	/ZPOOL/data/projects/srndna-ultimatum/source_data/bids/sub-153/func/sub-153_task-ultimatum_run-02_events.tsv	found	
sub-153	02	feat_files(1)	/data/projects/srndna-data/derivatives/fmriprep/sub-153/func/sub-153_task-ultimatum_run-2_space-MNI152NLin2009cAsym_desc-preproc_bold.nii.gz	/ZPOOL/data/projects/srndna-ug/derivatives/fmriprep/sub-153/func/sub-153_task-ultimatum_run-2_space-MNI152NLin2009cAsym_desc-preproc_bold.nii.gz	found	
sub-153	02	confoundev_files(1)	/data/projects/srndna-data/derivatives/fsl/confounds/sub-153/sub-153_task-ultimatum_run-2_desc-fslConfounds.tsv		missing	explicitly mapped input missing: /data/projects/srndna-data/derivatives/fsl/confounds/sub-153/sub-153_task-ultimatum_run-2_desc-fslConfounds.tsv -> /ZPOOL/data/projects/srndna-ultimatum/derivatives/fsl/confounds/sub-153/sub-153_task-ultimatum_run-2_desc-fslConfounds.tsv
sub-153	02	regstandard	/usr/share/fsl/6.0.3/data/standard/MNI152_T1_2mm_brain	/usr/local/fsl/data/standard/MNI152_T1_2mm_brain.nii.gz	found	
sub-153	02	custom1	/data/projects/srndna-data/derivatives/fsl/EVfiles/sub-153/ultimatum-pmod/run-02_event_computer.txt		missing	explicitly mapped input missing: /data/projects/srndna-data/derivatives/fsl/EVfiles/sub-153/ultimatum-pmod/run-02_event_computer.txt -> /ZPOOL/data/projects/srndna-ultimatum/derivatives/fsl/EVfiles/sub-153/ultimatum-pmod/run-02_event_computer.txt
sub-153	02	custom2	/data/projects/srndna-data/derivatives/fsl/EVfiles/sub-153/ultimatum-pmod/run-02_event_computer_pmod.txt		missing	explicitly mapped input missing: /data/projects/srndna-data/derivatives/fsl/EVfiles/sub-153/ultimatum-pmod/run-02_event_computer_pmod.txt -> /ZPOOL/data/projects/srndna-ultimatum/derivatives/fsl/EVfiles/sub-153/ultimatum-pmod/run-02_event_computer_pmod.txt
sub-153	02	custom3	/data/projects/srndna-data/derivatives/fsl/EVfiles/sub-153/ultimatum-pmod/run-02_event_ingroup.txt		missing	explicitly mapped input missing: /data/projects/srndna-data/derivatives/fsl/EVfiles/sub-153/ultimatum-pmod/run-02_event_ingroup.txt -> /ZPOOL/data/projects/srndna-ultimatum/derivatives/fsl/EVfiles/sub-153/ultimatum-pmod/run-02_event_ingroup.txt
sub-153	02	custom4	/data/projects/srndna-data/derivatives/fsl/EVfiles/sub-153/ultimatum-pmod/run-02_event_ingroup_pmod.txt		missing	explicitly mapped input missing: /data/projects/srndna-data/derivatives/fsl/EVfiles/sub-153/ultimatum-pmod/run-02_event_ingroup_pmod.txt -> /ZPOOL/data/projects/srndna-ultimatum/derivatives/fsl/EVfiles/sub-153/ultimatum-pmod/run-02_event_ingroup_pmod.txt
sub-153	02	custom5	/data/projects/srndna-data/derivatives/fsl/EVfiles/sub-153/ultimatum-pmod/run-02_event_outgroup.txt		missing	explicitly mapped input missing: /data/projects/srndna-data/derivatives/fsl/EVfiles/sub-153/ultimatum-pmod/run-02_event_outgroup.txt -> /ZPOOL/data/projects/srndna-ultimatum/derivatives/fsl/EVfiles/sub-153/ultimatum-pmod/run-02_event_outgroup.txt
sub-153	02	custom6	/data/projects/srndna-data/derivatives/fsl/EVfiles/sub-153/ultimatum-pmod/run-02_event_outgroup_pmod.txt		missing	explicitly mapped input missing: /data/projects/srndna-data/derivatives/fsl/EVfiles/sub-153/ultimatum-pmod/run-02_event_outgroup_pmod.txt -> /ZPOOL/data/projects/srndna-ultimatum/derivatives/fsl/EVfiles/sub-153/ultimatum-pmod/run-02_event_outgroup_pmod.txt
sub-153	02	custom10	/data/projects/srndna-ultimatum/derivatives/fsl/sub-153/ts_task-ultimatum_net0003_nppi-dmn_run-02.txt	/ZPOOL/data/projects/srndna-ultimatum/derivatives/fsl/sub-153/ts_task-ultimatum_net0003_nppi-dmn_run-02.txt	found	
sub-153	02	custom20	/data/projects/srndna-ultimatum/derivatives/fsl/sub-153/ts_task-ultimatum_net0007_nppi-dmn_run-02.txt	/ZPOOL/data/projects/srndna-ultimatum/derivatives/fsl/sub-153/ts_task-ultimatum_net0007_nppi-dmn_run-02.txt	found	
sub-153	02	custom21	/data/projects/srndna-ultimatum/derivatives/fsl/sub-153/ts_task-ultimatum_net0000_nppi-dmn_run-02.txt	/ZPOOL/data/projects/srndna-ultimatum/derivatives/fsl/sub-153/ts_task-ultimatum_net0000_nppi-dmn_run-02.txt	found	
sub-153	02	custom22	/data/projects/srndna-ultimatum/derivatives/fsl/sub-153/ts_task-ultimatum_net0001_nppi-dmn_run-02.txt	/ZPOOL/data/projects/srndna-ultimatum/derivatives/fsl/sub-153/ts_task-ultimatum_net0001_nppi-dmn_run-02.txt	found	
sub-153	02	custom23	/data/projects/srndna-ultimatum/derivatives/fsl/sub-153/ts_task-ultimatum_net0002_nppi-dmn_run-02.txt	/ZPOOL/data/projects/srndna-ultimatum/derivatives/fsl/sub-153/ts_task-ultimatum_net0002_nppi-dmn_run-02.txt	found	
sub-153	02	custom24	/data/projects/srndna-ultimatum/derivatives/fsl/sub-153/ts_task-ultimatum_net0004_nppi-dmn_run-02.txt	/ZPOOL/data/projects/srndna-ultimatum/derivatives/fsl/sub-153/ts_task-ultimatum_net0004_nppi-dmn_run-02.txt	found	
sub-153	02	custom25	/data/projects/srndna-ultimatum/derivatives/fsl/sub-153/ts_task-ultimatum_net0005_nppi-dmn_run-02.txt	/ZPOOL/data/projects/srndna-ultimatum/derivatives/fsl/sub-153/ts_task-ultimatum_net0005_nppi-dmn_run-02.txt	found	
sub-153	02	custom26	/data/projects/srndna-ultimatum/derivatives/fsl/sub-153/ts_task-ultimatum_net0006_nppi-dmn_run-02.txt	/ZPOOL/data/projects/srndna-ultimatum/derivatives/fsl/sub-153/ts_task-ultimatum_net0006_nppi-dmn_run-02.txt	found	
sub-153	02	custom27	/data/projects/srndna-ultimatum/derivatives/fsl/sub-153/ts_task-ultimatum_net0008_nppi-dmn_run-02.txt	/ZPOOL/data/projects/srndna-ultimatum/derivatives/fsl/sub-153/ts_task-ultimatum_net0008_nppi-dmn_run-02.txt	found	
sub-153	02	custom28	/data/projects/srndna-ultimatum/derivatives/fsl/sub-153/ts_task-ultimatum_net0009_nppi-dmn_run-02.txt	/ZPOOL/data/projects/srndna-ultimatum/derivatives/fsl/sub-153/ts_task-ultimatum_net0009_nppi-dmn_run-02.txt	found	
sub-153	combined	source_l2_fsf	/ZPOOL/data/projects/srndna-ultimatum/derivatives/fsl/sub-153/L2_task-ultimatum_model-02_type-nppi-dmn_sm-6.gfeat/design.fsf	/ZPOOL/data/projects/srndna-ultimatum/derivatives/fsl/sub-153/L2_task-ultimatum_model-02_type-nppi-dmn_sm-6.gfeat/design.fsf	found	
sub-154	01	source_fsf	/ZPOOL/data/projects/srndna-ultimatum/derivatives/fsl/sub-154/L1_task-ultimatum_model-02_type-nppi-dmn_run-01_sm-6.feat/design.fsf	/ZPOOL/data/projects/srndna-ultimatum/derivatives/fsl/sub-154/L1_task-ultimatum_model-02_type-nppi-dmn_run-01_sm-6.feat/design.fsf	found	
sub-154	01	events	/ZPOOL/data/projects/srndna-ultimatum/source_data/bids/sub-154/func/sub-154_task-ultimatum_run-01_events.tsv	/ZPOOL/data/projects/srndna-ultimatum/source_data/bids/sub-154/func/sub-154_task-ultimatum_run-01_events.tsv	found	
sub-154	01	feat_files(1)	/data/projects/srndna-data/derivatives/fmriprep/sub-154/func/sub-154_task-ultimatum_run-1_space-MNI152NLin2009cAsym_desc-preproc_bold.nii.gz	/ZPOOL/data/projects/srndna-ug/derivatives/fmriprep/sub-154/func/sub-154_task-ultimatum_run-1_space-MNI152NLin2009cAsym_desc-preproc_bold.nii.gz	found	
sub-154	01	confoundev_files(1)	/data/projects/srndna-data/derivatives/fsl/confounds/sub-154/sub-154_task-ultimatum_run-1_desc-fslConfounds.tsv		missing	explicitly mapped input missing: /data/projects/srndna-data/derivatives/fsl/confounds/sub-154/sub-154_task-ultimatum_run-1_desc-fslConfounds.tsv -> /ZPOOL/data/projects/srndna-ultimatum/derivatives/fsl/confounds/sub-154/sub-154_task-ultimatum_run-1_desc-fslConfounds.tsv
sub-154	01	regstandard	/usr/share/fsl/6.0.3/data/standard/MNI152_T1_2mm_brain	/usr/local/fsl/data/standard/MNI152_T1_2mm_brain.nii.gz	found	
sub-154	01	custom1	/data/projects/srndna-data/derivatives/fsl/EVfiles/sub-154/ultimatum-pmod/run-01_event_computer.txt		missing	explicitly mapped input missing: /data/projects/srndna-data/derivatives/fsl/EVfiles/sub-154/ultimatum-pmod/run-01_event_computer.txt -> /ZPOOL/data/projects/srndna-ultimatum/derivatives/fsl/EVfiles/sub-154/ultimatum-pmod/run-01_event_computer.txt
sub-154	01	custom2	/data/projects/srndna-data/derivatives/fsl/EVfiles/sub-154/ultimatum-pmod/run-01_event_computer_pmod.txt		missing	explicitly mapped input missing: /data/projects/srndna-data/derivatives/fsl/EVfiles/sub-154/ultimatum-pmod/run-01_event_computer_pmod.txt -> /ZPOOL/data/projects/srndna-ultimatum/derivatives/fsl/EVfiles/sub-154/ultimatum-pmod/run-01_event_computer_pmod.txt
sub-154	01	custom3	/data/projects/srndna-data/derivatives/fsl/EVfiles/sub-154/ultimatum-pmod/run-01_event_ingroup.txt		missing	explicitly mapped input missing: /data/projects/srndna-data/derivatives/fsl/EVfiles/sub-154/ultimatum-pmod/run-01_event_ingroup.txt -> /ZPOOL/data/projects/srndna-ultimatum/derivatives/fsl/EVfiles/sub-154/ultimatum-pmod/run-01_event_ingroup.txt
sub-154	01	custom4	/data/projects/srndna-data/derivatives/fsl/EVfiles/sub-154/ultimatum-pmod/run-01_event_ingroup_pmod.txt		missing	explicitly mapped input missing: /data/projects/srndna-data/derivatives/fsl/EVfiles/sub-154/ultimatum-pmod/run-01_event_ingroup_pmod.txt -> /ZPOOL/data/projects/srndna-ultimatum/derivatives/fsl/EVfiles/sub-154/ultimatum-pmod/run-01_event_ingroup_pmod.txt
sub-154	01	custom5	/data/projects/srndna-data/derivatives/fsl/EVfiles/sub-154/ultimatum-pmod/run-01_event_outgroup.txt		missing	explicitly mapped input missing: /data/projects/srndna-data/derivatives/fsl/EVfiles/sub-154/ultimatum-pmod/run-01_event_outgroup.txt -> /ZPOOL/data/projects/srndna-ultimatum/derivatives/fsl/EVfiles/sub-154/ultimatum-pmod/run-01_event_outgroup.txt
sub-154	01	custom6	/data/projects/srndna-data/derivatives/fsl/EVfiles/sub-154/ultimatum-pmod/run-01_event_outgroup_pmod.txt		missing	explicitly mapped input missing: /data/projects/srndna-data/derivatives/fsl/EVfiles/sub-154/ultimatum-pmod/run-01_event_outgroup_pmod.txt -> /ZPOOL/data/projects/srndna-ultimatum/derivatives/fsl/EVfiles/sub-154/ultimatum-pmod/run-01_event_outgroup_pmod.txt
sub-154	01	custom7	/data/projects/srndna-data/derivatives/fsl/EVfiles/sub-154/ultimatum-pmod/run-01_missed_trial.txt		missing	explicitly mapped input missing: /data/projects/srndna-data/derivatives/fsl/EVfiles/sub-154/ultimatum-pmod/run-01_missed_trial.txt -> /ZPOOL/data/projects/srndna-ultimatum/derivatives/fsl/EVfiles/sub-154/ultimatum-pmod/run-01_missed_trial.txt
sub-154	01	custom10	/data/projects/srndna-ultimatum/derivatives/fsl/sub-154/ts_task-ultimatum_net0003_nppi-dmn_run-01.txt	/ZPOOL/data/projects/srndna-ultimatum/derivatives/fsl/sub-154/ts_task-ultimatum_net0003_nppi-dmn_run-01.txt	found	
sub-154	01	custom20	/data/projects/srndna-ultimatum/derivatives/fsl/sub-154/ts_task-ultimatum_net0007_nppi-dmn_run-01.txt	/ZPOOL/data/projects/srndna-ultimatum/derivatives/fsl/sub-154/ts_task-ultimatum_net0007_nppi-dmn_run-01.txt	found	
sub-154	01	custom21	/data/projects/srndna-ultimatum/derivatives/fsl/sub-154/ts_task-ultimatum_net0000_nppi-dmn_run-01.txt	/ZPOOL/data/projects/srndna-ultimatum/derivatives/fsl/sub-154/ts_task-ultimatum_net0000_nppi-dmn_run-01.txt	found	
sub-154	01	custom22	/data/projects/srndna-ultimatum/derivatives/fsl/sub-154/ts_task-ultimatum_net0001_nppi-dmn_run-01.txt	/ZPOOL/data/projects/srndna-ultimatum/derivatives/fsl/sub-154/ts_task-ultimatum_net0001_nppi-dmn_run-01.txt	found	
sub-154	01	custom23	/data/projects/srndna-ultimatum/derivatives/fsl/sub-154/ts_task-ultimatum_net0002_nppi-dmn_run-01.txt	/ZPOOL/data/projects/srndna-ultimatum/derivatives/fsl/sub-154/ts_task-ultimatum_net0002_nppi-dmn_run-01.txt	found	
sub-154	01	custom24	/data/projects/srndna-ultimatum/derivatives/fsl/sub-154/ts_task-ultimatum_net0004_nppi-dmn_run-01.txt	/ZPOOL/data/projects/srndna-ultimatum/derivatives/fsl/sub-154/ts_task-ultimatum_net0004_nppi-dmn_run-01.txt	found	
sub-154	01	custom25	/data/projects/srndna-ultimatum/derivatives/fsl/sub-154/ts_task-ultimatum_net0005_nppi-dmn_run-01.txt	/ZPOOL/data/projects/srndna-ultimatum/derivatives/fsl/sub-154/ts_task-ultimatum_net0005_nppi-dmn_run-01.txt	found	
sub-154	01	custom26	/data/projects/srndna-ultimatum/derivatives/fsl/sub-154/ts_task-ultimatum_net0006_nppi-dmn_run-01.txt	/ZPOOL/data/projects/srndna-ultimatum/derivatives/fsl/sub-154/ts_task-ultimatum_net0006_nppi-dmn_run-01.txt	found	
sub-154	01	custom27	/data/projects/srndna-ultimatum/derivatives/fsl/sub-154/ts_task-ultimatum_net0008_nppi-dmn_run-01.txt	/ZPOOL/data/projects/srndna-ultimatum/derivatives/fsl/sub-154/ts_task-ultimatum_net0008_nppi-dmn_run-01.txt	found	
sub-154	01	custom28	/data/projects/srndna-ultimatum/derivatives/fsl/sub-154/ts_task-ultimatum_net0009_nppi-dmn_run-01.txt	/ZPOOL/data/projects/srndna-ultimatum/derivatives/fsl/sub-154/ts_task-ultimatum_net0009_nppi-dmn_run-01.txt	found	
sub-154	02	source_fsf	/ZPOOL/data/projects/srndna-ultimatum/derivatives/fsl/sub-154/L1_task-ultimatum_model-02_type-nppi-dmn_run-02_sm-6.feat/design.fsf	/ZPOOL/data/projects/srndna-ultimatum/derivatives/fsl/sub-154/L1_task-ultimatum_model-02_type-nppi-dmn_run-02_sm-6.feat/design.fsf	found	
sub-154	02	events	/ZPOOL/data/projects/srndna-ultimatum/source_data/bids/sub-154/func/sub-154_task-ultimatum_run-02_events.tsv	/ZPOOL/data/projects/srndna-ultimatum/source_data/bids/sub-154/func/sub-154_task-ultimatum_run-02_events.tsv	found	
sub-154	02	feat_files(1)	/data/projects/srndna-data/derivatives/fmriprep/sub-154/func/sub-154_task-ultimatum_run-2_space-MNI152NLin2009cAsym_desc-preproc_bold.nii.gz	/ZPOOL/data/projects/srndna-ug/derivatives/fmriprep/sub-154/func/sub-154_task-ultimatum_run-2_space-MNI152NLin2009cAsym_desc-preproc_bold.nii.gz	found	
sub-154	02	confoundev_files(1)	/data/projects/srndna-data/derivatives/fsl/confounds/sub-154/sub-154_task-ultimatum_run-2_desc-fslConfounds.tsv		missing	explicitly mapped input missing: /data/projects/srndna-data/derivatives/fsl/confounds/sub-154/sub-154_task-ultimatum_run-2_desc-fslConfounds.tsv -> /ZPOOL/data/projects/srndna-ultimatum/derivatives/fsl/confounds/sub-154/sub-154_task-ultimatum_run-2_desc-fslConfounds.tsv
sub-154	02	regstandard	/usr/share/fsl/6.0.3/data/standard/MNI152_T1_2mm_brain	/usr/local/fsl/data/standard/MNI152_T1_2mm_brain.nii.gz	found	
sub-154	02	custom1	/data/projects/srndna-data/derivatives/fsl/EVfiles/sub-154/ultimatum-pmod/run-02_event_computer.txt		missing	explicitly mapped input missing: /data/projects/srndna-data/derivatives/fsl/EVfiles/sub-154/ultimatum-pmod/run-02_event_computer.txt -> /ZPOOL/data/projects/srndna-ultimatum/derivatives/fsl/EVfiles/sub-154/ultimatum-pmod/run-02_event_computer.txt
sub-154	02	custom2	/data/projects/srndna-data/derivatives/fsl/EVfiles/sub-154/ultimatum-pmod/run-02_event_computer_pmod.txt		missing	explicitly mapped input missing: /data/projects/srndna-data/derivatives/fsl/EVfiles/sub-154/ultimatum-pmod/run-02_event_computer_pmod.txt -> /ZPOOL/data/projects/srndna-ultimatum/derivatives/fsl/EVfiles/sub-154/ultimatum-pmod/run-02_event_computer_pmod.txt
sub-154	02	custom3	/data/projects/srndna-data/derivatives/fsl/EVfiles/sub-154/ultimatum-pmod/run-02_event_ingroup.txt		missing	explicitly mapped input missing: /data/projects/srndna-data/derivatives/fsl/EVfiles/sub-154/ultimatum-pmod/run-02_event_ingroup.txt -> /ZPOOL/data/projects/srndna-ultimatum/derivatives/fsl/EVfiles/sub-154/ultimatum-pmod/run-02_event_ingroup.txt
sub-154	02	custom4	/data/projects/srndna-data/derivatives/fsl/EVfiles/sub-154/ultimatum-pmod/run-02_event_ingroup_pmod.txt		missing	explicitly mapped input missing: /data/projects/srndna-data/derivatives/fsl/EVfiles/sub-154/ultimatum-pmod/run-02_event_ingroup_pmod.txt -> /ZPOOL/data/projects/srndna-ultimatum/derivatives/fsl/EVfiles/sub-154/ultimatum-pmod/run-02_event_ingroup_pmod.txt
sub-154	02	custom5	/data/projects/srndna-data/derivatives/fsl/EVfiles/sub-154/ultimatum-pmod/run-02_event_outgroup.txt		missing	explicitly mapped input missing: /data/projects/srndna-data/derivatives/fsl/EVfiles/sub-154/ultimatum-pmod/run-02_event_outgroup.txt -> /ZPOOL/data/projects/srndna-ultimatum/derivatives/fsl/EVfiles/sub-154/ultimatum-pmod/run-02_event_outgroup.txt
sub-154	02	custom6	/data/projects/srndna-data/derivatives/fsl/EVfiles/sub-154/ultimatum-pmod/run-02_event_outgroup_pmod.txt		missing	explicitly mapped input missing: /data/projects/srndna-data/derivatives/fsl/EVfiles/sub-154/ultimatum-pmod/run-02_event_outgroup_pmod.txt -> /ZPOOL/data/projects/srndna-ultimatum/derivatives/fsl/EVfiles/sub-154/ultimatum-pmod/run-02_event_outgroup_pmod.txt
sub-154	02	custom7	/data/projects/srndna-data/derivatives/fsl/EVfiles/sub-154/ultimatum-pmod/run-02_missed_trial.txt		missing	explicitly mapped input missing: /data/projects/srndna-data/derivatives/fsl/EVfiles/sub-154/ultimatum-pmod/run-02_missed_trial.txt -> /ZPOOL/data/projects/srndna-ultimatum/derivatives/fsl/EVfiles/sub-154/ultimatum-pmod/run-02_missed_trial.txt
sub-154	02	custom10	/data/projects/srndna-ultimatum/derivatives/fsl/sub-154/ts_task-ultimatum_net0003_nppi-dmn_run-02.txt	/ZPOOL/data/projects/srndna-ultimatum/derivatives/fsl/sub-154/ts_task-ultimatum_net0003_nppi-dmn_run-02.txt	found	
sub-154	02	custom20	/data/projects/srndna-ultimatum/derivatives/fsl/sub-154/ts_task-ultimatum_net0007_nppi-dmn_run-02.txt	/ZPOOL/data/projects/srndna-ultimatum/derivatives/fsl/sub-154/ts_task-ultimatum_net0007_nppi-dmn_run-02.txt	found	
sub-154	02	custom21	/data/projects/srndna-ultimatum/derivatives/fsl/sub-154/ts_task-ultimatum_net0000_nppi-dmn_run-02.txt	/ZPOOL/data/projects/srndna-ultimatum/derivatives/fsl/sub-154/ts_task-ultimatum_net0000_nppi-dmn_run-02.txt	found	
sub-154	02	custom22	/data/projects/srndna-ultimatum/derivatives/fsl/sub-154/ts_task-ultimatum_net0001_nppi-dmn_run-02.txt	/ZPOOL/data/projects/srndna-ultimatum/derivatives/fsl/sub-154/ts_task-ultimatum_net0001_nppi-dmn_run-02.txt	found	
sub-154	02	custom23	/data/projects/srndna-ultimatum/derivatives/fsl/sub-154/ts_task-ultimatum_net0002_nppi-dmn_run-02.txt	/ZPOOL/data/projects/srndna-ultimatum/derivatives/fsl/sub-154/ts_task-ultimatum_net0002_nppi-dmn_run-02.txt	found	
sub-154	02	custom24	/data/projects/srndna-ultimatum/derivatives/fsl/sub-154/ts_task-ultimatum_net0004_nppi-dmn_run-02.txt	/ZPOOL/data/projects/srndna-ultimatum/derivatives/fsl/sub-154/ts_task-ultimatum_net0004_nppi-dmn_run-02.txt	found	
sub-154	02	custom25	/data/projects/srndna-ultimatum/derivatives/fsl/sub-154/ts_task-ultimatum_net0005_nppi-dmn_run-02.txt	/ZPOOL/data/projects/srndna-ultimatum/derivatives/fsl/sub-154/ts_task-ultimatum_net0005_nppi-dmn_run-02.txt	found	
sub-154	02	custom26	/data/projects/srndna-ultimatum/derivatives/fsl/sub-154/ts_task-ultimatum_net0006_nppi-dmn_run-02.txt	/ZPOOL/data/projects/srndna-ultimatum/derivatives/fsl/sub-154/ts_task-ultimatum_net0006_nppi-dmn_run-02.txt	found	
sub-154	02	custom27	/data/projects/srndna-ultimatum/derivatives/fsl/sub-154/ts_task-ultimatum_net0008_nppi-dmn_run-02.txt	/ZPOOL/data/projects/srndna-ultimatum/derivatives/fsl/sub-154/ts_task-ultimatum_net0008_nppi-dmn_run-02.txt	found	
sub-154	02	custom28	/data/projects/srndna-ultimatum/derivatives/fsl/sub-154/ts_task-ultimatum_net0009_nppi-dmn_run-02.txt	/ZPOOL/data/projects/srndna-ultimatum/derivatives/fsl/sub-154/ts_task-ultimatum_net0009_nppi-dmn_run-02.txt	found	
sub-154	combined	source_l2_fsf	/ZPOOL/data/projects/srndna-ultimatum/derivatives/fsl/sub-154/L2_task-ultimatum_model-02_type-nppi-dmn_sm-6.gfeat/design.fsf	/ZPOOL/data/projects/srndna-ultimatum/derivatives/fsl/sub-154/L2_task-ultimatum_model-02_type-nppi-dmn_sm-6.gfeat/design.fsf	found	
sub-155	01	source_fsf	/ZPOOL/data/projects/srndna-ultimatum/derivatives/fsl/sub-155/L1_task-ultimatum_model-02_type-nppi-dmn_run-01_sm-6.feat/design.fsf	/ZPOOL/data/projects/srndna-ultimatum/derivatives/fsl/sub-155/L1_task-ultimatum_model-02_type-nppi-dmn_run-01_sm-6.feat/design.fsf	found	
sub-155	01	events	/ZPOOL/data/projects/srndna-ultimatum/source_data/bids/sub-155/func/sub-155_task-ultimatum_run-01_events.tsv	/ZPOOL/data/projects/srndna-ultimatum/source_data/bids/sub-155/func/sub-155_task-ultimatum_run-01_events.tsv	found	
sub-155	01	feat_files(1)	/data/projects/srndna-data/derivatives/fmriprep/sub-155/func/sub-155_task-ultimatum_run-1_space-MNI152NLin2009cAsym_desc-preproc_bold.nii.gz	/ZPOOL/data/projects/srndna-ug/derivatives/fmriprep/sub-155/func/sub-155_task-ultimatum_run-1_space-MNI152NLin2009cAsym_desc-preproc_bold.nii.gz	found	
sub-155	01	confoundev_files(1)	/data/projects/srndna-data/derivatives/fsl/confounds/sub-155/sub-155_task-ultimatum_run-1_desc-fslConfounds.tsv		missing	explicitly mapped input missing: /data/projects/srndna-data/derivatives/fsl/confounds/sub-155/sub-155_task-ultimatum_run-1_desc-fslConfounds.tsv -> /ZPOOL/data/projects/srndna-ultimatum/derivatives/fsl/confounds/sub-155/sub-155_task-ultimatum_run-1_desc-fslConfounds.tsv
sub-155	01	regstandard	/usr/share/fsl/6.0.3/data/standard/MNI152_T1_2mm_brain	/usr/local/fsl/data/standard/MNI152_T1_2mm_brain.nii.gz	found	
sub-155	01	custom1	/data/projects/srndna-data/derivatives/fsl/EVfiles/sub-155/ultimatum-pmod/run-01_event_computer.txt		missing	explicitly mapped input missing: /data/projects/srndna-data/derivatives/fsl/EVfiles/sub-155/ultimatum-pmod/run-01_event_computer.txt -> /ZPOOL/data/projects/srndna-ultimatum/derivatives/fsl/EVfiles/sub-155/ultimatum-pmod/run-01_event_computer.txt
sub-155	01	custom2	/data/projects/srndna-data/derivatives/fsl/EVfiles/sub-155/ultimatum-pmod/run-01_event_computer_pmod.txt		missing	explicitly mapped input missing: /data/projects/srndna-data/derivatives/fsl/EVfiles/sub-155/ultimatum-pmod/run-01_event_computer_pmod.txt -> /ZPOOL/data/projects/srndna-ultimatum/derivatives/fsl/EVfiles/sub-155/ultimatum-pmod/run-01_event_computer_pmod.txt
sub-155	01	custom3	/data/projects/srndna-data/derivatives/fsl/EVfiles/sub-155/ultimatum-pmod/run-01_event_ingroup.txt		missing	explicitly mapped input missing: /data/projects/srndna-data/derivatives/fsl/EVfiles/sub-155/ultimatum-pmod/run-01_event_ingroup.txt -> /ZPOOL/data/projects/srndna-ultimatum/derivatives/fsl/EVfiles/sub-155/ultimatum-pmod/run-01_event_ingroup.txt
sub-155	01	custom4	/data/projects/srndna-data/derivatives/fsl/EVfiles/sub-155/ultimatum-pmod/run-01_event_ingroup_pmod.txt		missing	explicitly mapped input missing: /data/projects/srndna-data/derivatives/fsl/EVfiles/sub-155/ultimatum-pmod/run-01_event_ingroup_pmod.txt -> /ZPOOL/data/projects/srndna-ultimatum/derivatives/fsl/EVfiles/sub-155/ultimatum-pmod/run-01_event_ingroup_pmod.txt
sub-155	01	custom5	/data/projects/srndna-data/derivatives/fsl/EVfiles/sub-155/ultimatum-pmod/run-01_event_outgroup.txt		missing	explicitly mapped input missing: /data/projects/srndna-data/derivatives/fsl/EVfiles/sub-155/ultimatum-pmod/run-01_event_outgroup.txt -> /ZPOOL/data/projects/srndna-ultimatum/derivatives/fsl/EVfiles/sub-155/ultimatum-pmod/run-01_event_outgroup.txt
sub-155	01	custom6	/data/projects/srndna-data/derivatives/fsl/EVfiles/sub-155/ultimatum-pmod/run-01_event_outgroup_pmod.txt		missing	explicitly mapped input missing: /data/projects/srndna-data/derivatives/fsl/EVfiles/sub-155/ultimatum-pmod/run-01_event_outgroup_pmod.txt -> /ZPOOL/data/projects/srndna-ultimatum/derivatives/fsl/EVfiles/sub-155/ultimatum-pmod/run-01_event_outgroup_pmod.txt
sub-155	01	custom10	/data/projects/srndna-ultimatum/derivatives/fsl/sub-155/ts_task-ultimatum_net0003_nppi-dmn_run-01.txt	/ZPOOL/data/projects/srndna-ultimatum/derivatives/fsl/sub-155/ts_task-ultimatum_net0003_nppi-dmn_run-01.txt	found	
sub-155	01	custom20	/data/projects/srndna-ultimatum/derivatives/fsl/sub-155/ts_task-ultimatum_net0007_nppi-dmn_run-01.txt	/ZPOOL/data/projects/srndna-ultimatum/derivatives/fsl/sub-155/ts_task-ultimatum_net0007_nppi-dmn_run-01.txt	found	
sub-155	01	custom21	/data/projects/srndna-ultimatum/derivatives/fsl/sub-155/ts_task-ultimatum_net0000_nppi-dmn_run-01.txt	/ZPOOL/data/projects/srndna-ultimatum/derivatives/fsl/sub-155/ts_task-ultimatum_net0000_nppi-dmn_run-01.txt	found	
sub-155	01	custom22	/data/projects/srndna-ultimatum/derivatives/fsl/sub-155/ts_task-ultimatum_net0001_nppi-dmn_run-01.txt	/ZPOOL/data/projects/srndna-ultimatum/derivatives/fsl/sub-155/ts_task-ultimatum_net0001_nppi-dmn_run-01.txt	found	
sub-155	01	custom23	/data/projects/srndna-ultimatum/derivatives/fsl/sub-155/ts_task-ultimatum_net0002_nppi-dmn_run-01.txt	/ZPOOL/data/projects/srndna-ultimatum/derivatives/fsl/sub-155/ts_task-ultimatum_net0002_nppi-dmn_run-01.txt	found	
sub-155	01	custom24	/data/projects/srndna-ultimatum/derivatives/fsl/sub-155/ts_task-ultimatum_net0004_nppi-dmn_run-01.txt	/ZPOOL/data/projects/srndna-ultimatum/derivatives/fsl/sub-155/ts_task-ultimatum_net0004_nppi-dmn_run-01.txt	found	
sub-155	01	custom25	/data/projects/srndna-ultimatum/derivatives/fsl/sub-155/ts_task-ultimatum_net0005_nppi-dmn_run-01.txt	/ZPOOL/data/projects/srndna-ultimatum/derivatives/fsl/sub-155/ts_task-ultimatum_net0005_nppi-dmn_run-01.txt	found	
sub-155	01	custom26	/data/projects/srndna-ultimatum/derivatives/fsl/sub-155/ts_task-ultimatum_net0006_nppi-dmn_run-01.txt	/ZPOOL/data/projects/srndna-ultimatum/derivatives/fsl/sub-155/ts_task-ultimatum_net0006_nppi-dmn_run-01.txt	found	
sub-155	01	custom27	/data/projects/srndna-ultimatum/derivatives/fsl/sub-155/ts_task-ultimatum_net0008_nppi-dmn_run-01.txt	/ZPOOL/data/projects/srndna-ultimatum/derivatives/fsl/sub-155/ts_task-ultimatum_net0008_nppi-dmn_run-01.txt	found	
sub-155	01	custom28	/data/projects/srndna-ultimatum/derivatives/fsl/sub-155/ts_task-ultimatum_net0009_nppi-dmn_run-01.txt	/ZPOOL/data/projects/srndna-ultimatum/derivatives/fsl/sub-155/ts_task-ultimatum_net0009_nppi-dmn_run-01.txt	found	
sub-155	02	source_fsf	/ZPOOL/data/projects/srndna-ultimatum/derivatives/fsl/sub-155/L1_task-ultimatum_model-02_type-nppi-dmn_run-02_sm-6.feat/design.fsf	/ZPOOL/data/projects/srndna-ultimatum/derivatives/fsl/sub-155/L1_task-ultimatum_model-02_type-nppi-dmn_run-02_sm-6.feat/design.fsf	found	
sub-155	02	events	/ZPOOL/data/projects/srndna-ultimatum/source_data/bids/sub-155/func/sub-155_task-ultimatum_run-02_events.tsv	/ZPOOL/data/projects/srndna-ultimatum/source_data/bids/sub-155/func/sub-155_task-ultimatum_run-02_events.tsv	found	
sub-155	02	feat_files(1)	/data/projects/srndna-data/derivatives/fmriprep/sub-155/func/sub-155_task-ultimatum_run-2_space-MNI152NLin2009cAsym_desc-preproc_bold.nii.gz	/ZPOOL/data/projects/srndna-ug/derivatives/fmriprep/sub-155/func/sub-155_task-ultimatum_run-2_space-MNI152NLin2009cAsym_desc-preproc_bold.nii.gz	found	
sub-155	02	confoundev_files(1)	/data/projects/srndna-data/derivatives/fsl/confounds/sub-155/sub-155_task-ultimatum_run-2_desc-fslConfounds.tsv		missing	explicitly mapped input missing: /data/projects/srndna-data/derivatives/fsl/confounds/sub-155/sub-155_task-ultimatum_run-2_desc-fslConfounds.tsv -> /ZPOOL/data/projects/srndna-ultimatum/derivatives/fsl/confounds/sub-155/sub-155_task-ultimatum_run-2_desc-fslConfounds.tsv
sub-155	02	regstandard	/usr/share/fsl/6.0.3/data/standard/MNI152_T1_2mm_brain	/usr/local/fsl/data/standard/MNI152_T1_2mm_brain.nii.gz	found	
sub-155	02	custom1	/data/projects/srndna-data/derivatives/fsl/EVfiles/sub-155/ultimatum-pmod/run-02_event_computer.txt		missing	explicitly mapped input missing: /data/projects/srndna-data/derivatives/fsl/EVfiles/sub-155/ultimatum-pmod/run-02_event_computer.txt -> /ZPOOL/data/projects/srndna-ultimatum/derivatives/fsl/EVfiles/sub-155/ultimatum-pmod/run-02_event_computer.txt
sub-155	02	custom2	/data/projects/srndna-data/derivatives/fsl/EVfiles/sub-155/ultimatum-pmod/run-02_event_computer_pmod.txt		missing	explicitly mapped input missing: /data/projects/srndna-data/derivatives/fsl/EVfiles/sub-155/ultimatum-pmod/run-02_event_computer_pmod.txt -> /ZPOOL/data/projects/srndna-ultimatum/derivatives/fsl/EVfiles/sub-155/ultimatum-pmod/run-02_event_computer_pmod.txt
sub-155	02	custom3	/data/projects/srndna-data/derivatives/fsl/EVfiles/sub-155/ultimatum-pmod/run-02_event_ingroup.txt		missing	explicitly mapped input missing: /data/projects/srndna-data/derivatives/fsl/EVfiles/sub-155/ultimatum-pmod/run-02_event_ingroup.txt -> /ZPOOL/data/projects/srndna-ultimatum/derivatives/fsl/EVfiles/sub-155/ultimatum-pmod/run-02_event_ingroup.txt
sub-155	02	custom4	/data/projects/srndna-data/derivatives/fsl/EVfiles/sub-155/ultimatum-pmod/run-02_event_ingroup_pmod.txt		missing	explicitly mapped input missing: /data/projects/srndna-data/derivatives/fsl/EVfiles/sub-155/ultimatum-pmod/run-02_event_ingroup_pmod.txt -> /ZPOOL/data/projects/srndna-ultimatum/derivatives/fsl/EVfiles/sub-155/ultimatum-pmod/run-02_event_ingroup_pmod.txt
sub-155	02	custom5	/data/projects/srndna-data/derivatives/fsl/EVfiles/sub-155/ultimatum-pmod/run-02_event_outgroup.txt		missing	explicitly mapped input missing: /data/projects/srndna-data/derivatives/fsl/EVfiles/sub-155/ultimatum-pmod/run-02_event_outgroup.txt -> /ZPOOL/data/projects/srndna-ultimatum/derivatives/fsl/EVfiles/sub-155/ultimatum-pmod/run-02_event_outgroup.txt
sub-155	02	custom6	/data/projects/srndna-data/derivatives/fsl/EVfiles/sub-155/ultimatum-pmod/run-02_event_outgroup_pmod.txt		missing	explicitly mapped input missing: /data/projects/srndna-data/derivatives/fsl/EVfiles/sub-155/ultimatum-pmod/run-02_event_outgroup_pmod.txt -> /ZPOOL/data/projects/srndna-ultimatum/derivatives/fsl/EVfiles/sub-155/ultimatum-pmod/run-02_event_outgroup_pmod.txt
sub-155	02	custom10	/data/projects/srndna-ultimatum/derivatives/fsl/sub-155/ts_task-ultimatum_net0003_nppi-dmn_run-02.txt	/ZPOOL/data/projects/srndna-ultimatum/derivatives/fsl/sub-155/ts_task-ultimatum_net0003_nppi-dmn_run-02.txt	found	
sub-155	02	custom20	/data/projects/srndna-ultimatum/derivatives/fsl/sub-155/ts_task-ultimatum_net0007_nppi-dmn_run-02.txt	/ZPOOL/data/projects/srndna-ultimatum/derivatives/fsl/sub-155/ts_task-ultimatum_net0007_nppi-dmn_run-02.txt	found	
sub-155	02	custom21	/data/projects/srndna-ultimatum/derivatives/fsl/sub-155/ts_task-ultimatum_net0000_nppi-dmn_run-02.txt	/ZPOOL/data/projects/srndna-ultimatum/derivatives/fsl/sub-155/ts_task-ultimatum_net0000_nppi-dmn_run-02.txt	found	
sub-155	02	custom22	/data/projects/srndna-ultimatum/derivatives/fsl/sub-155/ts_task-ultimatum_net0001_nppi-dmn_run-02.txt	/ZPOOL/data/projects/srndna-ultimatum/derivatives/fsl/sub-155/ts_task-ultimatum_net0001_nppi-dmn_run-02.txt	found	
sub-155	02	custom23	/data/projects/srndna-ultimatum/derivatives/fsl/sub-155/ts_task-ultimatum_net0002_nppi-dmn_run-02.txt	/ZPOOL/data/projects/srndna-ultimatum/derivatives/fsl/sub-155/ts_task-ultimatum_net0002_nppi-dmn_run-02.txt	found	
sub-155	02	custom24	/data/projects/srndna-ultimatum/derivatives/fsl/sub-155/ts_task-ultimatum_net0004_nppi-dmn_run-02.txt	/ZPOOL/data/projects/srndna-ultimatum/derivatives/fsl/sub-155/ts_task-ultimatum_net0004_nppi-dmn_run-02.txt	found	
sub-155	02	custom25	/data/projects/srndna-ultimatum/derivatives/fsl/sub-155/ts_task-ultimatum_net0005_nppi-dmn_run-02.txt	/ZPOOL/data/projects/srndna-ultimatum/derivatives/fsl/sub-155/ts_task-ultimatum_net0005_nppi-dmn_run-02.txt	found	
sub-155	02	custom26	/data/projects/srndna-ultimatum/derivatives/fsl/sub-155/ts_task-ultimatum_net0006_nppi-dmn_run-02.txt	/ZPOOL/data/projects/srndna-ultimatum/derivatives/fsl/sub-155/ts_task-ultimatum_net0006_nppi-dmn_run-02.txt	found	
sub-155	02	custom27	/data/projects/srndna-ultimatum/derivatives/fsl/sub-155/ts_task-ultimatum_net0008_nppi-dmn_run-02.txt	/ZPOOL/data/projects/srndna-ultimatum/derivatives/fsl/sub-155/ts_task-ultimatum_net0008_nppi-dmn_run-02.txt	found	
sub-155	02	custom28	/data/projects/srndna-ultimatum/derivatives/fsl/sub-155/ts_task-ultimatum_net0009_nppi-dmn_run-02.txt	/ZPOOL/data/projects/srndna-ultimatum/derivatives/fsl/sub-155/ts_task-ultimatum_net0009_nppi-dmn_run-02.txt	found	
sub-155	combined	source_l2_fsf	/ZPOOL/data/projects/srndna-ultimatum/derivatives/fsl/sub-155/L2_task-ultimatum_model-02_type-nppi-dmn_sm-6.gfeat/design.fsf	/ZPOOL/data/projects/srndna-ultimatum/derivatives/fsl/sub-155/L2_task-ultimatum_model-02_type-nppi-dmn_sm-6.gfeat/design.fsf	found	
sub-156	01	source_fsf	/ZPOOL/data/projects/srndna-ultimatum/derivatives/fsl/sub-156/L1_task-ultimatum_model-02_type-nppi-dmn_run-01_sm-6.feat/design.fsf	/ZPOOL/data/projects/srndna-ultimatum/derivatives/fsl/sub-156/L1_task-ultimatum_model-02_type-nppi-dmn_run-01_sm-6.feat/design.fsf	found	
sub-156	01	events	/ZPOOL/data/projects/srndna-ultimatum/source_data/bids/sub-156/func/sub-156_task-ultimatum_run-01_events.tsv	/ZPOOL/data/projects/srndna-ultimatum/source_data/bids/sub-156/func/sub-156_task-ultimatum_run-01_events.tsv	found	
sub-156	01	feat_files(1)	/data/projects/srndna-data/derivatives/fmriprep/sub-156/func/sub-156_task-ultimatum_run-1_space-MNI152NLin2009cAsym_desc-preproc_bold.nii.gz	/ZPOOL/data/projects/srndna-ug/derivatives/fmriprep/sub-156/func/sub-156_task-ultimatum_run-1_space-MNI152NLin2009cAsym_desc-preproc_bold.nii.gz	found	
sub-156	01	confoundev_files(1)	/data/projects/srndna-data/derivatives/fsl/confounds/sub-156/sub-156_task-ultimatum_run-1_desc-fslConfounds.tsv		missing	explicitly mapped input missing: /data/projects/srndna-data/derivatives/fsl/confounds/sub-156/sub-156_task-ultimatum_run-1_desc-fslConfounds.tsv -> /ZPOOL/data/projects/srndna-ultimatum/derivatives/fsl/confounds/sub-156/sub-156_task-ultimatum_run-1_desc-fslConfounds.tsv
sub-156	01	regstandard	/usr/share/fsl/6.0.3/data/standard/MNI152_T1_2mm_brain	/usr/local/fsl/data/standard/MNI152_T1_2mm_brain.nii.gz	found	
sub-156	01	custom1	/data/projects/srndna-data/derivatives/fsl/EVfiles/sub-156/ultimatum-pmod/run-01_event_computer.txt		missing	explicitly mapped input missing: /data/projects/srndna-data/derivatives/fsl/EVfiles/sub-156/ultimatum-pmod/run-01_event_computer.txt -> /ZPOOL/data/projects/srndna-ultimatum/derivatives/fsl/EVfiles/sub-156/ultimatum-pmod/run-01_event_computer.txt
sub-156	01	custom2	/data/projects/srndna-data/derivatives/fsl/EVfiles/sub-156/ultimatum-pmod/run-01_event_computer_pmod.txt		missing	explicitly mapped input missing: /data/projects/srndna-data/derivatives/fsl/EVfiles/sub-156/ultimatum-pmod/run-01_event_computer_pmod.txt -> /ZPOOL/data/projects/srndna-ultimatum/derivatives/fsl/EVfiles/sub-156/ultimatum-pmod/run-01_event_computer_pmod.txt
sub-156	01	custom3	/data/projects/srndna-data/derivatives/fsl/EVfiles/sub-156/ultimatum-pmod/run-01_event_ingroup.txt		missing	explicitly mapped input missing: /data/projects/srndna-data/derivatives/fsl/EVfiles/sub-156/ultimatum-pmod/run-01_event_ingroup.txt -> /ZPOOL/data/projects/srndna-ultimatum/derivatives/fsl/EVfiles/sub-156/ultimatum-pmod/run-01_event_ingroup.txt
sub-156	01	custom4	/data/projects/srndna-data/derivatives/fsl/EVfiles/sub-156/ultimatum-pmod/run-01_event_ingroup_pmod.txt		missing	explicitly mapped input missing: /data/projects/srndna-data/derivatives/fsl/EVfiles/sub-156/ultimatum-pmod/run-01_event_ingroup_pmod.txt -> /ZPOOL/data/projects/srndna-ultimatum/derivatives/fsl/EVfiles/sub-156/ultimatum-pmod/run-01_event_ingroup_pmod.txt
sub-156	01	custom5	/data/projects/srndna-data/derivatives/fsl/EVfiles/sub-156/ultimatum-pmod/run-01_event_outgroup.txt		missing	explicitly mapped input missing: /data/projects/srndna-data/derivatives/fsl/EVfiles/sub-156/ultimatum-pmod/run-01_event_outgroup.txt -> /ZPOOL/data/projects/srndna-ultimatum/derivatives/fsl/EVfiles/sub-156/ultimatum-pmod/run-01_event_outgroup.txt
sub-156	01	custom6	/data/projects/srndna-data/derivatives/fsl/EVfiles/sub-156/ultimatum-pmod/run-01_event_outgroup_pmod.txt		missing	explicitly mapped input missing: /data/projects/srndna-data/derivatives/fsl/EVfiles/sub-156/ultimatum-pmod/run-01_event_outgroup_pmod.txt -> /ZPOOL/data/projects/srndna-ultimatum/derivatives/fsl/EVfiles/sub-156/ultimatum-pmod/run-01_event_outgroup_pmod.txt
sub-156	01	custom10	/data/projects/srndna-ultimatum/derivatives/fsl/sub-156/ts_task-ultimatum_net0003_nppi-dmn_run-01.txt	/ZPOOL/data/projects/srndna-ultimatum/derivatives/fsl/sub-156/ts_task-ultimatum_net0003_nppi-dmn_run-01.txt	found	
sub-156	01	custom20	/data/projects/srndna-ultimatum/derivatives/fsl/sub-156/ts_task-ultimatum_net0007_nppi-dmn_run-01.txt	/ZPOOL/data/projects/srndna-ultimatum/derivatives/fsl/sub-156/ts_task-ultimatum_net0007_nppi-dmn_run-01.txt	found	
sub-156	01	custom21	/data/projects/srndna-ultimatum/derivatives/fsl/sub-156/ts_task-ultimatum_net0000_nppi-dmn_run-01.txt	/ZPOOL/data/projects/srndna-ultimatum/derivatives/fsl/sub-156/ts_task-ultimatum_net0000_nppi-dmn_run-01.txt	found	
sub-156	01	custom22	/data/projects/srndna-ultimatum/derivatives/fsl/sub-156/ts_task-ultimatum_net0001_nppi-dmn_run-01.txt	/ZPOOL/data/projects/srndna-ultimatum/derivatives/fsl/sub-156/ts_task-ultimatum_net0001_nppi-dmn_run-01.txt	found	
sub-156	01	custom23	/data/projects/srndna-ultimatum/derivatives/fsl/sub-156/ts_task-ultimatum_net0002_nppi-dmn_run-01.txt	/ZPOOL/data/projects/srndna-ultimatum/derivatives/fsl/sub-156/ts_task-ultimatum_net0002_nppi-dmn_run-01.txt	found	
sub-156	01	custom24	/data/projects/srndna-ultimatum/derivatives/fsl/sub-156/ts_task-ultimatum_net0004_nppi-dmn_run-01.txt	/ZPOOL/data/projects/srndna-ultimatum/derivatives/fsl/sub-156/ts_task-ultimatum_net0004_nppi-dmn_run-01.txt	found	
sub-156	01	custom25	/data/projects/srndna-ultimatum/derivatives/fsl/sub-156/ts_task-ultimatum_net0005_nppi-dmn_run-01.txt	/ZPOOL/data/projects/srndna-ultimatum/derivatives/fsl/sub-156/ts_task-ultimatum_net0005_nppi-dmn_run-01.txt	found	
sub-156	01	custom26	/data/projects/srndna-ultimatum/derivatives/fsl/sub-156/ts_task-ultimatum_net0006_nppi-dmn_run-01.txt	/ZPOOL/data/projects/srndna-ultimatum/derivatives/fsl/sub-156/ts_task-ultimatum_net0006_nppi-dmn_run-01.txt	found	
sub-156	01	custom27	/data/projects/srndna-ultimatum/derivatives/fsl/sub-156/ts_task-ultimatum_net0008_nppi-dmn_run-01.txt	/ZPOOL/data/projects/srndna-ultimatum/derivatives/fsl/sub-156/ts_task-ultimatum_net0008_nppi-dmn_run-01.txt	found	
sub-156	01	custom28	/data/projects/srndna-ultimatum/derivatives/fsl/sub-156/ts_task-ultimatum_net0009_nppi-dmn_run-01.txt	/ZPOOL/data/projects/srndna-ultimatum/derivatives/fsl/sub-156/ts_task-ultimatum_net0009_nppi-dmn_run-01.txt	found	
sub-156	02	source_fsf	/ZPOOL/data/projects/srndna-ultimatum/derivatives/fsl/sub-156/L1_task-ultimatum_model-02_type-nppi-dmn_run-02_sm-6.feat/design.fsf	/ZPOOL/data/projects/srndna-ultimatum/derivatives/fsl/sub-156/L1_task-ultimatum_model-02_type-nppi-dmn_run-02_sm-6.feat/design.fsf	found	
sub-156	02	events	/ZPOOL/data/projects/srndna-ultimatum/source_data/bids/sub-156/func/sub-156_task-ultimatum_run-02_events.tsv	/ZPOOL/data/projects/srndna-ultimatum/source_data/bids/sub-156/func/sub-156_task-ultimatum_run-02_events.tsv	found	
sub-156	02	feat_files(1)	/data/projects/srndna-data/derivatives/fmriprep/sub-156/func/sub-156_task-ultimatum_run-2_space-MNI152NLin2009cAsym_desc-preproc_bold.nii.gz	/ZPOOL/data/projects/srndna-ug/derivatives/fmriprep/sub-156/func/sub-156_task-ultimatum_run-2_space-MNI152NLin2009cAsym_desc-preproc_bold.nii.gz	found	
sub-156	02	confoundev_files(1)	/data/projects/srndna-data/derivatives/fsl/confounds/sub-156/sub-156_task-ultimatum_run-2_desc-fslConfounds.tsv		missing	explicitly mapped input missing: /data/projects/srndna-data/derivatives/fsl/confounds/sub-156/sub-156_task-ultimatum_run-2_desc-fslConfounds.tsv -> /ZPOOL/data/projects/srndna-ultimatum/derivatives/fsl/confounds/sub-156/sub-156_task-ultimatum_run-2_desc-fslConfounds.tsv
sub-156	02	regstandard	/usr/share/fsl/6.0.3/data/standard/MNI152_T1_2mm_brain	/usr/local/fsl/data/standard/MNI152_T1_2mm_brain.nii.gz	found	
sub-156	02	custom1	/data/projects/srndna-data/derivatives/fsl/EVfiles/sub-156/ultimatum-pmod/run-02_event_computer.txt		missing	explicitly mapped input missing: /data/projects/srndna-data/derivatives/fsl/EVfiles/sub-156/ultimatum-pmod/run-02_event_computer.txt -> /ZPOOL/data/projects/srndna-ultimatum/derivatives/fsl/EVfiles/sub-156/ultimatum-pmod/run-02_event_computer.txt
sub-156	02	custom2	/data/projects/srndna-data/derivatives/fsl/EVfiles/sub-156/ultimatum-pmod/run-02_event_computer_pmod.txt		missing	explicitly mapped input missing: /data/projects/srndna-data/derivatives/fsl/EVfiles/sub-156/ultimatum-pmod/run-02_event_computer_pmod.txt -> /ZPOOL/data/projects/srndna-ultimatum/derivatives/fsl/EVfiles/sub-156/ultimatum-pmod/run-02_event_computer_pmod.txt
sub-156	02	custom3	/data/projects/srndna-data/derivatives/fsl/EVfiles/sub-156/ultimatum-pmod/run-02_event_ingroup.txt		missing	explicitly mapped input missing: /data/projects/srndna-data/derivatives/fsl/EVfiles/sub-156/ultimatum-pmod/run-02_event_ingroup.txt -> /ZPOOL/data/projects/srndna-ultimatum/derivatives/fsl/EVfiles/sub-156/ultimatum-pmod/run-02_event_ingroup.txt
sub-156	02	custom4	/data/projects/srndna-data/derivatives/fsl/EVfiles/sub-156/ultimatum-pmod/run-02_event_ingroup_pmod.txt		missing	explicitly mapped input missing: /data/projects/srndna-data/derivatives/fsl/EVfiles/sub-156/ultimatum-pmod/run-02_event_ingroup_pmod.txt -> /ZPOOL/data/projects/srndna-ultimatum/derivatives/fsl/EVfiles/sub-156/ultimatum-pmod/run-02_event_ingroup_pmod.txt
sub-156	02	custom5	/data/projects/srndna-data/derivatives/fsl/EVfiles/sub-156/ultimatum-pmod/run-02_event_outgroup.txt		missing	explicitly mapped input missing: /data/projects/srndna-data/derivatives/fsl/EVfiles/sub-156/ultimatum-pmod/run-02_event_outgroup.txt -> /ZPOOL/data/projects/srndna-ultimatum/derivatives/fsl/EVfiles/sub-156/ultimatum-pmod/run-02_event_outgroup.txt
sub-156	02	custom6	/data/projects/srndna-data/derivatives/fsl/EVfiles/sub-156/ultimatum-pmod/run-02_event_outgroup_pmod.txt		missing	explicitly mapped input missing: /data/projects/srndna-data/derivatives/fsl/EVfiles/sub-156/ultimatum-pmod/run-02_event_outgroup_pmod.txt -> /ZPOOL/data/projects/srndna-ultimatum/derivatives/fsl/EVfiles/sub-156/ultimatum-pmod/run-02_event_outgroup_pmod.txt
sub-156	02	custom10	/data/projects/srndna-ultimatum/derivatives/fsl/sub-156/ts_task-ultimatum_net0003_nppi-dmn_run-02.txt	/ZPOOL/data/projects/srndna-ultimatum/derivatives/fsl/sub-156/ts_task-ultimatum_net0003_nppi-dmn_run-02.txt	found	
sub-156	02	custom20	/data/projects/srndna-ultimatum/derivatives/fsl/sub-156/ts_task-ultimatum_net0007_nppi-dmn_run-02.txt	/ZPOOL/data/projects/srndna-ultimatum/derivatives/fsl/sub-156/ts_task-ultimatum_net0007_nppi-dmn_run-02.txt	found	
sub-156	02	custom21	/data/projects/srndna-ultimatum/derivatives/fsl/sub-156/ts_task-ultimatum_net0000_nppi-dmn_run-02.txt	/ZPOOL/data/projects/srndna-ultimatum/derivatives/fsl/sub-156/ts_task-ultimatum_net0000_nppi-dmn_run-02.txt	found	
sub-156	02	custom22	/data/projects/srndna-ultimatum/derivatives/fsl/sub-156/ts_task-ultimatum_net0001_nppi-dmn_run-02.txt	/ZPOOL/data/projects/srndna-ultimatum/derivatives/fsl/sub-156/ts_task-ultimatum_net0001_nppi-dmn_run-02.txt	found	
sub-156	02	custom23	/data/projects/srndna-ultimatum/derivatives/fsl/sub-156/ts_task-ultimatum_net0002_nppi-dmn_run-02.txt	/ZPOOL/data/projects/srndna-ultimatum/derivatives/fsl/sub-156/ts_task-ultimatum_net0002_nppi-dmn_run-02.txt	found	
sub-156	02	custom24	/data/projects/srndna-ultimatum/derivatives/fsl/sub-156/ts_task-ultimatum_net0004_nppi-dmn_run-02.txt	/ZPOOL/data/projects/srndna-ultimatum/derivatives/fsl/sub-156/ts_task-ultimatum_net0004_nppi-dmn_run-02.txt	found	
sub-156	02	custom25	/data/projects/srndna-ultimatum/derivatives/fsl/sub-156/ts_task-ultimatum_net0005_nppi-dmn_run-02.txt	/ZPOOL/data/projects/srndna-ultimatum/derivatives/fsl/sub-156/ts_task-ultimatum_net0005_nppi-dmn_run-02.txt	found	
sub-156	02	custom26	/data/projects/srndna-ultimatum/derivatives/fsl/sub-156/ts_task-ultimatum_net0006_nppi-dmn_run-02.txt	/ZPOOL/data/projects/srndna-ultimatum/derivatives/fsl/sub-156/ts_task-ultimatum_net0006_nppi-dmn_run-02.txt	found	
sub-156	02	custom27	/data/projects/srndna-ultimatum/derivatives/fsl/sub-156/ts_task-ultimatum_net0008_nppi-dmn_run-02.txt	/ZPOOL/data/projects/srndna-ultimatum/derivatives/fsl/sub-156/ts_task-ultimatum_net0008_nppi-dmn_run-02.txt	found	
sub-156	02	custom28	/data/projects/srndna-ultimatum/derivatives/fsl/sub-156/ts_task-ultimatum_net0009_nppi-dmn_run-02.txt	/ZPOOL/data/projects/srndna-ultimatum/derivatives/fsl/sub-156/ts_task-ultimatum_net0009_nppi-dmn_run-02.txt	found	
sub-156	combined	source_l2_fsf	/ZPOOL/data/projects/srndna-ultimatum/derivatives/fsl/sub-156/L2_task-ultimatum_model-02_type-nppi-dmn_sm-6.gfeat/design.fsf	/ZPOOL/data/projects/srndna-ultimatum/derivatives/fsl/sub-156/L2_task-ultimatum_model-02_type-nppi-dmn_sm-6.gfeat/design.fsf	found	
sub-157	01	source_fsf	/ZPOOL/data/projects/srndna-ultimatum/derivatives/fsl/sub-157/L1_task-ultimatum_model-02_type-nppi-dmn_run-01_sm-6.feat/design.fsf	/ZPOOL/data/projects/srndna-ultimatum/derivatives/fsl/sub-157/L1_task-ultimatum_model-02_type-nppi-dmn_run-01_sm-6.feat/design.fsf	found	
sub-157	01	events	/ZPOOL/data/projects/srndna-ultimatum/source_data/bids/sub-157/func/sub-157_task-ultimatum_run-01_events.tsv	/ZPOOL/data/projects/srndna-ultimatum/source_data/bids/sub-157/func/sub-157_task-ultimatum_run-01_events.tsv	found	
sub-157	01	feat_files(1)	/data/projects/srndna-data/derivatives/fmriprep/sub-157/func/sub-157_task-ultimatum_run-1_space-MNI152NLin2009cAsym_desc-preproc_bold.nii.gz	/ZPOOL/data/projects/srndna-ug/derivatives/fmriprep/sub-157/func/sub-157_task-ultimatum_run-1_space-MNI152NLin2009cAsym_desc-preproc_bold.nii.gz	found	
sub-157	01	confoundev_files(1)	/data/projects/srndna-data/derivatives/fsl/confounds/sub-157/sub-157_task-ultimatum_run-1_desc-fslConfounds.tsv		missing	explicitly mapped input missing: /data/projects/srndna-data/derivatives/fsl/confounds/sub-157/sub-157_task-ultimatum_run-1_desc-fslConfounds.tsv -> /ZPOOL/data/projects/srndna-ultimatum/derivatives/fsl/confounds/sub-157/sub-157_task-ultimatum_run-1_desc-fslConfounds.tsv
sub-157	01	regstandard	/usr/share/fsl/6.0.3/data/standard/MNI152_T1_2mm_brain	/usr/local/fsl/data/standard/MNI152_T1_2mm_brain.nii.gz	found	
sub-157	01	custom1	/data/projects/srndna-data/derivatives/fsl/EVfiles/sub-157/ultimatum-pmod/run-01_event_computer.txt		missing	explicitly mapped input missing: /data/projects/srndna-data/derivatives/fsl/EVfiles/sub-157/ultimatum-pmod/run-01_event_computer.txt -> /ZPOOL/data/projects/srndna-ultimatum/derivatives/fsl/EVfiles/sub-157/ultimatum-pmod/run-01_event_computer.txt
sub-157	01	custom2	/data/projects/srndna-data/derivatives/fsl/EVfiles/sub-157/ultimatum-pmod/run-01_event_computer_pmod.txt		missing	explicitly mapped input missing: /data/projects/srndna-data/derivatives/fsl/EVfiles/sub-157/ultimatum-pmod/run-01_event_computer_pmod.txt -> /ZPOOL/data/projects/srndna-ultimatum/derivatives/fsl/EVfiles/sub-157/ultimatum-pmod/run-01_event_computer_pmod.txt
sub-157	01	custom3	/data/projects/srndna-data/derivatives/fsl/EVfiles/sub-157/ultimatum-pmod/run-01_event_ingroup.txt		missing	explicitly mapped input missing: /data/projects/srndna-data/derivatives/fsl/EVfiles/sub-157/ultimatum-pmod/run-01_event_ingroup.txt -> /ZPOOL/data/projects/srndna-ultimatum/derivatives/fsl/EVfiles/sub-157/ultimatum-pmod/run-01_event_ingroup.txt
sub-157	01	custom4	/data/projects/srndna-data/derivatives/fsl/EVfiles/sub-157/ultimatum-pmod/run-01_event_ingroup_pmod.txt		missing	explicitly mapped input missing: /data/projects/srndna-data/derivatives/fsl/EVfiles/sub-157/ultimatum-pmod/run-01_event_ingroup_pmod.txt -> /ZPOOL/data/projects/srndna-ultimatum/derivatives/fsl/EVfiles/sub-157/ultimatum-pmod/run-01_event_ingroup_pmod.txt
sub-157	01	custom5	/data/projects/srndna-data/derivatives/fsl/EVfiles/sub-157/ultimatum-pmod/run-01_event_outgroup.txt		missing	explicitly mapped input missing: /data/projects/srndna-data/derivatives/fsl/EVfiles/sub-157/ultimatum-pmod/run-01_event_outgroup.txt -> /ZPOOL/data/projects/srndna-ultimatum/derivatives/fsl/EVfiles/sub-157/ultimatum-pmod/run-01_event_outgroup.txt
sub-157	01	custom6	/data/projects/srndna-data/derivatives/fsl/EVfiles/sub-157/ultimatum-pmod/run-01_event_outgroup_pmod.txt		missing	explicitly mapped input missing: /data/projects/srndna-data/derivatives/fsl/EVfiles/sub-157/ultimatum-pmod/run-01_event_outgroup_pmod.txt -> /ZPOOL/data/projects/srndna-ultimatum/derivatives/fsl/EVfiles/sub-157/ultimatum-pmod/run-01_event_outgroup_pmod.txt
sub-157	01	custom7	/data/projects/srndna-data/derivatives/fsl/EVfiles/sub-157/ultimatum-pmod/run-01_missed_trial.txt		missing	explicitly mapped input missing: /data/projects/srndna-data/derivatives/fsl/EVfiles/sub-157/ultimatum-pmod/run-01_missed_trial.txt -> /ZPOOL/data/projects/srndna-ultimatum/derivatives/fsl/EVfiles/sub-157/ultimatum-pmod/run-01_missed_trial.txt
sub-157	01	custom10	/data/projects/srndna-ultimatum/derivatives/fsl/sub-157/ts_task-ultimatum_net0003_nppi-dmn_run-01.txt	/ZPOOL/data/projects/srndna-ultimatum/derivatives/fsl/sub-157/ts_task-ultimatum_net0003_nppi-dmn_run-01.txt	found	
sub-157	01	custom20	/data/projects/srndna-ultimatum/derivatives/fsl/sub-157/ts_task-ultimatum_net0007_nppi-dmn_run-01.txt	/ZPOOL/data/projects/srndna-ultimatum/derivatives/fsl/sub-157/ts_task-ultimatum_net0007_nppi-dmn_run-01.txt	found	
sub-157	01	custom21	/data/projects/srndna-ultimatum/derivatives/fsl/sub-157/ts_task-ultimatum_net0000_nppi-dmn_run-01.txt	/ZPOOL/data/projects/srndna-ultimatum/derivatives/fsl/sub-157/ts_task-ultimatum_net0000_nppi-dmn_run-01.txt	found	
sub-157	01	custom22	/data/projects/srndna-ultimatum/derivatives/fsl/sub-157/ts_task-ultimatum_net0001_nppi-dmn_run-01.txt	/ZPOOL/data/projects/srndna-ultimatum/derivatives/fsl/sub-157/ts_task-ultimatum_net0001_nppi-dmn_run-01.txt	found	
sub-157	01	custom23	/data/projects/srndna-ultimatum/derivatives/fsl/sub-157/ts_task-ultimatum_net0002_nppi-dmn_run-01.txt	/ZPOOL/data/projects/srndna-ultimatum/derivatives/fsl/sub-157/ts_task-ultimatum_net0002_nppi-dmn_run-01.txt	found	
sub-157	01	custom24	/data/projects/srndna-ultimatum/derivatives/fsl/sub-157/ts_task-ultimatum_net0004_nppi-dmn_run-01.txt	/ZPOOL/data/projects/srndna-ultimatum/derivatives/fsl/sub-157/ts_task-ultimatum_net0004_nppi-dmn_run-01.txt	found	
sub-157	01	custom25	/data/projects/srndna-ultimatum/derivatives/fsl/sub-157/ts_task-ultimatum_net0005_nppi-dmn_run-01.txt	/ZPOOL/data/projects/srndna-ultimatum/derivatives/fsl/sub-157/ts_task-ultimatum_net0005_nppi-dmn_run-01.txt	found	
sub-157	01	custom26	/data/projects/srndna-ultimatum/derivatives/fsl/sub-157/ts_task-ultimatum_net0006_nppi-dmn_run-01.txt	/ZPOOL/data/projects/srndna-ultimatum/derivatives/fsl/sub-157/ts_task-ultimatum_net0006_nppi-dmn_run-01.txt	found	
sub-157	01	custom27	/data/projects/srndna-ultimatum/derivatives/fsl/sub-157/ts_task-ultimatum_net0008_nppi-dmn_run-01.txt	/ZPOOL/data/projects/srndna-ultimatum/derivatives/fsl/sub-157/ts_task-ultimatum_net0008_nppi-dmn_run-01.txt	found	
sub-157	01	custom28	/data/projects/srndna-ultimatum/derivatives/fsl/sub-157/ts_task-ultimatum_net0009_nppi-dmn_run-01.txt	/ZPOOL/data/projects/srndna-ultimatum/derivatives/fsl/sub-157/ts_task-ultimatum_net0009_nppi-dmn_run-01.txt	found	
sub-157	02	source_fsf	/ZPOOL/data/projects/srndna-ultimatum/derivatives/fsl/sub-157/L1_task-ultimatum_model-02_type-nppi-dmn_run-02_sm-6.feat/design.fsf	/ZPOOL/data/projects/srndna-ultimatum/derivatives/fsl/sub-157/L1_task-ultimatum_model-02_type-nppi-dmn_run-02_sm-6.feat/design.fsf	found	
sub-157	02	events	/ZPOOL/data/projects/srndna-ultimatum/source_data/bids/sub-157/func/sub-157_task-ultimatum_run-02_events.tsv	/ZPOOL/data/projects/srndna-ultimatum/source_data/bids/sub-157/func/sub-157_task-ultimatum_run-02_events.tsv	found	
sub-157	02	feat_files(1)	/data/projects/srndna-data/derivatives/fmriprep/sub-157/func/sub-157_task-ultimatum_run-2_space-MNI152NLin2009cAsym_desc-preproc_bold.nii.gz	/ZPOOL/data/projects/srndna-ug/derivatives/fmriprep/sub-157/func/sub-157_task-ultimatum_run-2_space-MNI152NLin2009cAsym_desc-preproc_bold.nii.gz	found	
sub-157	02	confoundev_files(1)	/data/projects/srndna-data/derivatives/fsl/confounds/sub-157/sub-157_task-ultimatum_run-2_desc-fslConfounds.tsv		missing	explicitly mapped input missing: /data/projects/srndna-data/derivatives/fsl/confounds/sub-157/sub-157_task-ultimatum_run-2_desc-fslConfounds.tsv -> /ZPOOL/data/projects/srndna-ultimatum/derivatives/fsl/confounds/sub-157/sub-157_task-ultimatum_run-2_desc-fslConfounds.tsv
sub-157	02	regstandard	/usr/share/fsl/6.0.3/data/standard/MNI152_T1_2mm_brain	/usr/local/fsl/data/standard/MNI152_T1_2mm_brain.nii.gz	found	
sub-157	02	custom1	/data/projects/srndna-data/derivatives/fsl/EVfiles/sub-157/ultimatum-pmod/run-02_event_computer.txt		missing	explicitly mapped input missing: /data/projects/srndna-data/derivatives/fsl/EVfiles/sub-157/ultimatum-pmod/run-02_event_computer.txt -> /ZPOOL/data/projects/srndna-ultimatum/derivatives/fsl/EVfiles/sub-157/ultimatum-pmod/run-02_event_computer.txt
sub-157	02	custom2	/data/projects/srndna-data/derivatives/fsl/EVfiles/sub-157/ultimatum-pmod/run-02_event_computer_pmod.txt		missing	explicitly mapped input missing: /data/projects/srndna-data/derivatives/fsl/EVfiles/sub-157/ultimatum-pmod/run-02_event_computer_pmod.txt -> /ZPOOL/data/projects/srndna-ultimatum/derivatives/fsl/EVfiles/sub-157/ultimatum-pmod/run-02_event_computer_pmod.txt
sub-157	02	custom3	/data/projects/srndna-data/derivatives/fsl/EVfiles/sub-157/ultimatum-pmod/run-02_event_ingroup.txt		missing	explicitly mapped input missing: /data/projects/srndna-data/derivatives/fsl/EVfiles/sub-157/ultimatum-pmod/run-02_event_ingroup.txt -> /ZPOOL/data/projects/srndna-ultimatum/derivatives/fsl/EVfiles/sub-157/ultimatum-pmod/run-02_event_ingroup.txt
sub-157	02	custom4	/data/projects/srndna-data/derivatives/fsl/EVfiles/sub-157/ultimatum-pmod/run-02_event_ingroup_pmod.txt		missing	explicitly mapped input missing: /data/projects/srndna-data/derivatives/fsl/EVfiles/sub-157/ultimatum-pmod/run-02_event_ingroup_pmod.txt -> /ZPOOL/data/projects/srndna-ultimatum/derivatives/fsl/EVfiles/sub-157/ultimatum-pmod/run-02_event_ingroup_pmod.txt
sub-157	02	custom5	/data/projects/srndna-data/derivatives/fsl/EVfiles/sub-157/ultimatum-pmod/run-02_event_outgroup.txt		missing	explicitly mapped input missing: /data/projects/srndna-data/derivatives/fsl/EVfiles/sub-157/ultimatum-pmod/run-02_event_outgroup.txt -> /ZPOOL/data/projects/srndna-ultimatum/derivatives/fsl/EVfiles/sub-157/ultimatum-pmod/run-02_event_outgroup.txt
sub-157	02	custom6	/data/projects/srndna-data/derivatives/fsl/EVfiles/sub-157/ultimatum-pmod/run-02_event_outgroup_pmod.txt		missing	explicitly mapped input missing: /data/projects/srndna-data/derivatives/fsl/EVfiles/sub-157/ultimatum-pmod/run-02_event_outgroup_pmod.txt -> /ZPOOL/data/projects/srndna-ultimatum/derivatives/fsl/EVfiles/sub-157/ultimatum-pmod/run-02_event_outgroup_pmod.txt
sub-157	02	custom7	/data/projects/srndna-data/derivatives/fsl/EVfiles/sub-157/ultimatum-pmod/run-02_missed_trial.txt		missing	explicitly mapped input missing: /data/projects/srndna-data/derivatives/fsl/EVfiles/sub-157/ultimatum-pmod/run-02_missed_trial.txt -> /ZPOOL/data/projects/srndna-ultimatum/derivatives/fsl/EVfiles/sub-157/ultimatum-pmod/run-02_missed_trial.txt
sub-157	02	custom10	/data/projects/srndna-ultimatum/derivatives/fsl/sub-157/ts_task-ultimatum_net0003_nppi-dmn_run-02.txt	/ZPOOL/data/projects/srndna-ultimatum/derivatives/fsl/sub-157/ts_task-ultimatum_net0003_nppi-dmn_run-02.txt	found	
sub-157	02	custom20	/data/projects/srndna-ultimatum/derivatives/fsl/sub-157/ts_task-ultimatum_net0007_nppi-dmn_run-02.txt	/ZPOOL/data/projects/srndna-ultimatum/derivatives/fsl/sub-157/ts_task-ultimatum_net0007_nppi-dmn_run-02.txt	found	
sub-157	02	custom21	/data/projects/srndna-ultimatum/derivatives/fsl/sub-157/ts_task-ultimatum_net0000_nppi-dmn_run-02.txt	/ZPOOL/data/projects/srndna-ultimatum/derivatives/fsl/sub-157/ts_task-ultimatum_net0000_nppi-dmn_run-02.txt	found	
sub-157	02	custom22	/data/projects/srndna-ultimatum/derivatives/fsl/sub-157/ts_task-ultimatum_net0001_nppi-dmn_run-02.txt	/ZPOOL/data/projects/srndna-ultimatum/derivatives/fsl/sub-157/ts_task-ultimatum_net0001_nppi-dmn_run-02.txt	found	
sub-157	02	custom23	/data/projects/srndna-ultimatum/derivatives/fsl/sub-157/ts_task-ultimatum_net0002_nppi-dmn_run-02.txt	/ZPOOL/data/projects/srndna-ultimatum/derivatives/fsl/sub-157/ts_task-ultimatum_net0002_nppi-dmn_run-02.txt	found	
sub-157	02	custom24	/data/projects/srndna-ultimatum/derivatives/fsl/sub-157/ts_task-ultimatum_net0004_nppi-dmn_run-02.txt	/ZPOOL/data/projects/srndna-ultimatum/derivatives/fsl/sub-157/ts_task-ultimatum_net0004_nppi-dmn_run-02.txt	found	
sub-157	02	custom25	/data/projects/srndna-ultimatum/derivatives/fsl/sub-157/ts_task-ultimatum_net0005_nppi-dmn_run-02.txt	/ZPOOL/data/projects/srndna-ultimatum/derivatives/fsl/sub-157/ts_task-ultimatum_net0005_nppi-dmn_run-02.txt	found	
sub-157	02	custom26	/data/projects/srndna-ultimatum/derivatives/fsl/sub-157/ts_task-ultimatum_net0006_nppi-dmn_run-02.txt	/ZPOOL/data/projects/srndna-ultimatum/derivatives/fsl/sub-157/ts_task-ultimatum_net0006_nppi-dmn_run-02.txt	found	
sub-157	02	custom27	/data/projects/srndna-ultimatum/derivatives/fsl/sub-157/ts_task-ultimatum_net0008_nppi-dmn_run-02.txt	/ZPOOL/data/projects/srndna-ultimatum/derivatives/fsl/sub-157/ts_task-ultimatum_net0008_nppi-dmn_run-02.txt	found	
sub-157	02	custom28	/data/projects/srndna-ultimatum/derivatives/fsl/sub-157/ts_task-ultimatum_net0009_nppi-dmn_run-02.txt	/ZPOOL/data/projects/srndna-ultimatum/derivatives/fsl/sub-157/ts_task-ultimatum_net0009_nppi-dmn_run-02.txt	found	
sub-157	combined	source_l2_fsf	/ZPOOL/data/projects/srndna-ultimatum/derivatives/fsl/sub-157/L2_task-ultimatum_model-02_type-nppi-dmn_sm-6.gfeat/design.fsf	/ZPOOL/data/projects/srndna-ultimatum/derivatives/fsl/sub-157/L2_task-ultimatum_model-02_type-nppi-dmn_sm-6.gfeat/design.fsf	found	
sub-158	01	source_fsf	/ZPOOL/data/projects/srndna-ultimatum/derivatives/fsl/sub-158/L1_task-ultimatum_model-02_type-nppi-dmn_run-01_sm-6.feat/design.fsf	/ZPOOL/data/projects/srndna-ultimatum/derivatives/fsl/sub-158/L1_task-ultimatum_model-02_type-nppi-dmn_run-01_sm-6.feat/design.fsf	found	
sub-158	01	events	/ZPOOL/data/projects/srndna-ultimatum/source_data/bids/sub-158/func/sub-158_task-ultimatum_run-01_events.tsv	/ZPOOL/data/projects/srndna-ultimatum/source_data/bids/sub-158/func/sub-158_task-ultimatum_run-01_events.tsv	found	
sub-158	01	feat_files(1)	/data/projects/srndna-data/derivatives/fmriprep/sub-158/func/sub-158_task-ultimatum_run-1_space-MNI152NLin2009cAsym_desc-preproc_bold.nii.gz	/ZPOOL/data/projects/srndna-ug/derivatives/fmriprep/sub-158/func/sub-158_task-ultimatum_run-1_space-MNI152NLin2009cAsym_desc-preproc_bold.nii.gz	found	
sub-158	01	confoundev_files(1)	/data/projects/srndna-data/derivatives/fsl/confounds/sub-158/sub-158_task-ultimatum_run-1_desc-fslConfounds.tsv		missing	explicitly mapped input missing: /data/projects/srndna-data/derivatives/fsl/confounds/sub-158/sub-158_task-ultimatum_run-1_desc-fslConfounds.tsv -> /ZPOOL/data/projects/srndna-ultimatum/derivatives/fsl/confounds/sub-158/sub-158_task-ultimatum_run-1_desc-fslConfounds.tsv
sub-158	01	regstandard	/usr/share/fsl/6.0.3/data/standard/MNI152_T1_2mm_brain	/usr/local/fsl/data/standard/MNI152_T1_2mm_brain.nii.gz	found	
sub-158	01	custom1	/data/projects/srndna-data/derivatives/fsl/EVfiles/sub-158/ultimatum-pmod/run-01_event_computer.txt		missing	explicitly mapped input missing: /data/projects/srndna-data/derivatives/fsl/EVfiles/sub-158/ultimatum-pmod/run-01_event_computer.txt -> /ZPOOL/data/projects/srndna-ultimatum/derivatives/fsl/EVfiles/sub-158/ultimatum-pmod/run-01_event_computer.txt
sub-158	01	custom2	/data/projects/srndna-data/derivatives/fsl/EVfiles/sub-158/ultimatum-pmod/run-01_event_computer_pmod.txt		missing	explicitly mapped input missing: /data/projects/srndna-data/derivatives/fsl/EVfiles/sub-158/ultimatum-pmod/run-01_event_computer_pmod.txt -> /ZPOOL/data/projects/srndna-ultimatum/derivatives/fsl/EVfiles/sub-158/ultimatum-pmod/run-01_event_computer_pmod.txt
sub-158	01	custom3	/data/projects/srndna-data/derivatives/fsl/EVfiles/sub-158/ultimatum-pmod/run-01_event_ingroup.txt		missing	explicitly mapped input missing: /data/projects/srndna-data/derivatives/fsl/EVfiles/sub-158/ultimatum-pmod/run-01_event_ingroup.txt -> /ZPOOL/data/projects/srndna-ultimatum/derivatives/fsl/EVfiles/sub-158/ultimatum-pmod/run-01_event_ingroup.txt
sub-158	01	custom4	/data/projects/srndna-data/derivatives/fsl/EVfiles/sub-158/ultimatum-pmod/run-01_event_ingroup_pmod.txt		missing	explicitly mapped input missing: /data/projects/srndna-data/derivatives/fsl/EVfiles/sub-158/ultimatum-pmod/run-01_event_ingroup_pmod.txt -> /ZPOOL/data/projects/srndna-ultimatum/derivatives/fsl/EVfiles/sub-158/ultimatum-pmod/run-01_event_ingroup_pmod.txt
sub-158	01	custom5	/data/projects/srndna-data/derivatives/fsl/EVfiles/sub-158/ultimatum-pmod/run-01_event_outgroup.txt		missing	explicitly mapped input missing: /data/projects/srndna-data/derivatives/fsl/EVfiles/sub-158/ultimatum-pmod/run-01_event_outgroup.txt -> /ZPOOL/data/projects/srndna-ultimatum/derivatives/fsl/EVfiles/sub-158/ultimatum-pmod/run-01_event_outgroup.txt
sub-158	01	custom6	/data/projects/srndna-data/derivatives/fsl/EVfiles/sub-158/ultimatum-pmod/run-01_event_outgroup_pmod.txt		missing	explicitly mapped input missing: /data/projects/srndna-data/derivatives/fsl/EVfiles/sub-158/ultimatum-pmod/run-01_event_outgroup_pmod.txt -> /ZPOOL/data/projects/srndna-ultimatum/derivatives/fsl/EVfiles/sub-158/ultimatum-pmod/run-01_event_outgroup_pmod.txt
sub-158	01	custom7	/data/projects/srndna-data/derivatives/fsl/EVfiles/sub-158/ultimatum-pmod/run-01_missed_trial.txt		missing	explicitly mapped input missing: /data/projects/srndna-data/derivatives/fsl/EVfiles/sub-158/ultimatum-pmod/run-01_missed_trial.txt -> /ZPOOL/data/projects/srndna-ultimatum/derivatives/fsl/EVfiles/sub-158/ultimatum-pmod/run-01_missed_trial.txt
sub-158	01	custom10	/data/projects/srndna-ultimatum/derivatives/fsl/sub-158/ts_task-ultimatum_net0003_nppi-dmn_run-01.txt	/ZPOOL/data/projects/srndna-ultimatum/derivatives/fsl/sub-158/ts_task-ultimatum_net0003_nppi-dmn_run-01.txt	found	
sub-158	01	custom20	/data/projects/srndna-ultimatum/derivatives/fsl/sub-158/ts_task-ultimatum_net0007_nppi-dmn_run-01.txt	/ZPOOL/data/projects/srndna-ultimatum/derivatives/fsl/sub-158/ts_task-ultimatum_net0007_nppi-dmn_run-01.txt	found	
sub-158	01	custom21	/data/projects/srndna-ultimatum/derivatives/fsl/sub-158/ts_task-ultimatum_net0000_nppi-dmn_run-01.txt	/ZPOOL/data/projects/srndna-ultimatum/derivatives/fsl/sub-158/ts_task-ultimatum_net0000_nppi-dmn_run-01.txt	found	
sub-158	01	custom22	/data/projects/srndna-ultimatum/derivatives/fsl/sub-158/ts_task-ultimatum_net0001_nppi-dmn_run-01.txt	/ZPOOL/data/projects/srndna-ultimatum/derivatives/fsl/sub-158/ts_task-ultimatum_net0001_nppi-dmn_run-01.txt	found	
sub-158	01	custom23	/data/projects/srndna-ultimatum/derivatives/fsl/sub-158/ts_task-ultimatum_net0002_nppi-dmn_run-01.txt	/ZPOOL/data/projects/srndna-ultimatum/derivatives/fsl/sub-158/ts_task-ultimatum_net0002_nppi-dmn_run-01.txt	found	
sub-158	01	custom24	/data/projects/srndna-ultimatum/derivatives/fsl/sub-158/ts_task-ultimatum_net0004_nppi-dmn_run-01.txt	/ZPOOL/data/projects/srndna-ultimatum/derivatives/fsl/sub-158/ts_task-ultimatum_net0004_nppi-dmn_run-01.txt	found	
sub-158	01	custom25	/data/projects/srndna-ultimatum/derivatives/fsl/sub-158/ts_task-ultimatum_net0005_nppi-dmn_run-01.txt	/ZPOOL/data/projects/srndna-ultimatum/derivatives/fsl/sub-158/ts_task-ultimatum_net0005_nppi-dmn_run-01.txt	found	
sub-158	01	custom26	/data/projects/srndna-ultimatum/derivatives/fsl/sub-158/ts_task-ultimatum_net0006_nppi-dmn_run-01.txt	/ZPOOL/data/projects/srndna-ultimatum/derivatives/fsl/sub-158/ts_task-ultimatum_net0006_nppi-dmn_run-01.txt	found	
sub-158	01	custom27	/data/projects/srndna-ultimatum/derivatives/fsl/sub-158/ts_task-ultimatum_net0008_nppi-dmn_run-01.txt	/ZPOOL/data/projects/srndna-ultimatum/derivatives/fsl/sub-158/ts_task-ultimatum_net0008_nppi-dmn_run-01.txt	found	
sub-158	01	custom28	/data/projects/srndna-ultimatum/derivatives/fsl/sub-158/ts_task-ultimatum_net0009_nppi-dmn_run-01.txt	/ZPOOL/data/projects/srndna-ultimatum/derivatives/fsl/sub-158/ts_task-ultimatum_net0009_nppi-dmn_run-01.txt	found	
sub-158	02	source_fsf	/ZPOOL/data/projects/srndna-ultimatum/derivatives/fsl/sub-158/L1_task-ultimatum_model-02_type-nppi-dmn_run-02_sm-6.feat/design.fsf	/ZPOOL/data/projects/srndna-ultimatum/derivatives/fsl/sub-158/L1_task-ultimatum_model-02_type-nppi-dmn_run-02_sm-6.feat/design.fsf	found	
sub-158	02	events	/ZPOOL/data/projects/srndna-ultimatum/source_data/bids/sub-158/func/sub-158_task-ultimatum_run-02_events.tsv	/ZPOOL/data/projects/srndna-ultimatum/source_data/bids/sub-158/func/sub-158_task-ultimatum_run-02_events.tsv	found	
sub-158	02	feat_files(1)	/data/projects/srndna-data/derivatives/fmriprep/sub-158/func/sub-158_task-ultimatum_run-2_space-MNI152NLin2009cAsym_desc-preproc_bold.nii.gz	/ZPOOL/data/projects/srndna-ug/derivatives/fmriprep/sub-158/func/sub-158_task-ultimatum_run-2_space-MNI152NLin2009cAsym_desc-preproc_bold.nii.gz	found	
sub-158	02	confoundev_files(1)	/data/projects/srndna-data/derivatives/fsl/confounds/sub-158/sub-158_task-ultimatum_run-2_desc-fslConfounds.tsv		missing	explicitly mapped input missing: /data/projects/srndna-data/derivatives/fsl/confounds/sub-158/sub-158_task-ultimatum_run-2_desc-fslConfounds.tsv -> /ZPOOL/data/projects/srndna-ultimatum/derivatives/fsl/confounds/sub-158/sub-158_task-ultimatum_run-2_desc-fslConfounds.tsv
sub-158	02	regstandard	/usr/share/fsl/6.0.3/data/standard/MNI152_T1_2mm_brain	/usr/local/fsl/data/standard/MNI152_T1_2mm_brain.nii.gz	found	
sub-158	02	custom1	/data/projects/srndna-data/derivatives/fsl/EVfiles/sub-158/ultimatum-pmod/run-02_event_computer.txt		missing	explicitly mapped input missing: /data/projects/srndna-data/derivatives/fsl/EVfiles/sub-158/ultimatum-pmod/run-02_event_computer.txt -> /ZPOOL/data/projects/srndna-ultimatum/derivatives/fsl/EVfiles/sub-158/ultimatum-pmod/run-02_event_computer.txt
sub-158	02	custom2	/data/projects/srndna-data/derivatives/fsl/EVfiles/sub-158/ultimatum-pmod/run-02_event_computer_pmod.txt		missing	explicitly mapped input missing: /data/projects/srndna-data/derivatives/fsl/EVfiles/sub-158/ultimatum-pmod/run-02_event_computer_pmod.txt -> /ZPOOL/data/projects/srndna-ultimatum/derivatives/fsl/EVfiles/sub-158/ultimatum-pmod/run-02_event_computer_pmod.txt
sub-158	02	custom3	/data/projects/srndna-data/derivatives/fsl/EVfiles/sub-158/ultimatum-pmod/run-02_event_ingroup.txt		missing	explicitly mapped input missing: /data/projects/srndna-data/derivatives/fsl/EVfiles/sub-158/ultimatum-pmod/run-02_event_ingroup.txt -> /ZPOOL/data/projects/srndna-ultimatum/derivatives/fsl/EVfiles/sub-158/ultimatum-pmod/run-02_event_ingroup.txt
sub-158	02	custom4	/data/projects/srndna-data/derivatives/fsl/EVfiles/sub-158/ultimatum-pmod/run-02_event_ingroup_pmod.txt		missing	explicitly mapped input missing: /data/projects/srndna-data/derivatives/fsl/EVfiles/sub-158/ultimatum-pmod/run-02_event_ingroup_pmod.txt -> /ZPOOL/data/projects/srndna-ultimatum/derivatives/fsl/EVfiles/sub-158/ultimatum-pmod/run-02_event_ingroup_pmod.txt
sub-158	02	custom5	/data/projects/srndna-data/derivatives/fsl/EVfiles/sub-158/ultimatum-pmod/run-02_event_outgroup.txt		missing	explicitly mapped input missing: /data/projects/srndna-data/derivatives/fsl/EVfiles/sub-158/ultimatum-pmod/run-02_event_outgroup.txt -> /ZPOOL/data/projects/srndna-ultimatum/derivatives/fsl/EVfiles/sub-158/ultimatum-pmod/run-02_event_outgroup.txt
sub-158	02	custom6	/data/projects/srndna-data/derivatives/fsl/EVfiles/sub-158/ultimatum-pmod/run-02_event_outgroup_pmod.txt		missing	explicitly mapped input missing: /data/projects/srndna-data/derivatives/fsl/EVfiles/sub-158/ultimatum-pmod/run-02_event_outgroup_pmod.txt -> /ZPOOL/data/projects/srndna-ultimatum/derivatives/fsl/EVfiles/sub-158/ultimatum-pmod/run-02_event_outgroup_pmod.txt
sub-158	02	custom10	/data/projects/srndna-ultimatum/derivatives/fsl/sub-158/ts_task-ultimatum_net0003_nppi-dmn_run-02.txt	/ZPOOL/data/projects/srndna-ultimatum/derivatives/fsl/sub-158/ts_task-ultimatum_net0003_nppi-dmn_run-02.txt	found	
sub-158	02	custom20	/data/projects/srndna-ultimatum/derivatives/fsl/sub-158/ts_task-ultimatum_net0007_nppi-dmn_run-02.txt	/ZPOOL/data/projects/srndna-ultimatum/derivatives/fsl/sub-158/ts_task-ultimatum_net0007_nppi-dmn_run-02.txt	found	
sub-158	02	custom21	/data/projects/srndna-ultimatum/derivatives/fsl/sub-158/ts_task-ultimatum_net0000_nppi-dmn_run-02.txt	/ZPOOL/data/projects/srndna-ultimatum/derivatives/fsl/sub-158/ts_task-ultimatum_net0000_nppi-dmn_run-02.txt	found	
sub-158	02	custom22	/data/projects/srndna-ultimatum/derivatives/fsl/sub-158/ts_task-ultimatum_net0001_nppi-dmn_run-02.txt	/ZPOOL/data/projects/srndna-ultimatum/derivatives/fsl/sub-158/ts_task-ultimatum_net0001_nppi-dmn_run-02.txt	found	
sub-158	02	custom23	/data/projects/srndna-ultimatum/derivatives/fsl/sub-158/ts_task-ultimatum_net0002_nppi-dmn_run-02.txt	/ZPOOL/data/projects/srndna-ultimatum/derivatives/fsl/sub-158/ts_task-ultimatum_net0002_nppi-dmn_run-02.txt	found	
sub-158	02	custom24	/data/projects/srndna-ultimatum/derivatives/fsl/sub-158/ts_task-ultimatum_net0004_nppi-dmn_run-02.txt	/ZPOOL/data/projects/srndna-ultimatum/derivatives/fsl/sub-158/ts_task-ultimatum_net0004_nppi-dmn_run-02.txt	found	
sub-158	02	custom25	/data/projects/srndna-ultimatum/derivatives/fsl/sub-158/ts_task-ultimatum_net0005_nppi-dmn_run-02.txt	/ZPOOL/data/projects/srndna-ultimatum/derivatives/fsl/sub-158/ts_task-ultimatum_net0005_nppi-dmn_run-02.txt	found	
sub-158	02	custom26	/data/projects/srndna-ultimatum/derivatives/fsl/sub-158/ts_task-ultimatum_net0006_nppi-dmn_run-02.txt	/ZPOOL/data/projects/srndna-ultimatum/derivatives/fsl/sub-158/ts_task-ultimatum_net0006_nppi-dmn_run-02.txt	found	
sub-158	02	custom27	/data/projects/srndna-ultimatum/derivatives/fsl/sub-158/ts_task-ultimatum_net0008_nppi-dmn_run-02.txt	/ZPOOL/data/projects/srndna-ultimatum/derivatives/fsl/sub-158/ts_task-ultimatum_net0008_nppi-dmn_run-02.txt	found	
sub-158	02	custom28	/data/projects/srndna-ultimatum/derivatives/fsl/sub-158/ts_task-ultimatum_net0009_nppi-dmn_run-02.txt	/ZPOOL/data/projects/srndna-ultimatum/derivatives/fsl/sub-158/ts_task-ultimatum_net0009_nppi-dmn_run-02.txt	found	
sub-158	combined	source_l2_fsf	/ZPOOL/data/projects/srndna-ultimatum/derivatives/fsl/sub-158/L2_task-ultimatum_model-02_type-nppi-dmn_sm-6.gfeat/design.fsf	/ZPOOL/data/projects/srndna-ultimatum/derivatives/fsl/sub-158/L2_task-ultimatum_model-02_type-nppi-dmn_sm-6.gfeat/design.fsf	found	
sub-159	01	source_fsf	/ZPOOL/data/projects/srndna-ultimatum/derivatives/fsl/sub-159/L1_task-ultimatum_model-02_type-nppi-dmn_run-01_sm-6.feat/design.fsf	/ZPOOL/data/projects/srndna-ultimatum/derivatives/fsl/sub-159/L1_task-ultimatum_model-02_type-nppi-dmn_run-01_sm-6.feat/design.fsf	found	
sub-159	01	events	/ZPOOL/data/projects/srndna-ultimatum/source_data/bids/sub-159/func/sub-159_task-ultimatum_run-01_events.tsv	/ZPOOL/data/projects/srndna-ultimatum/source_data/bids/sub-159/func/sub-159_task-ultimatum_run-01_events.tsv	found	
sub-159	01	feat_files(1)	/data/projects/srndna-data/derivatives/fmriprep/sub-159/func/sub-159_task-ultimatum_run-1_space-MNI152NLin2009cAsym_desc-preproc_bold.nii.gz	/ZPOOL/data/projects/srndna-ug/derivatives/fmriprep/sub-159/func/sub-159_task-ultimatum_run-1_space-MNI152NLin2009cAsym_desc-preproc_bold.nii.gz	found	
sub-159	01	confoundev_files(1)	/data/projects/srndna-data/derivatives/fsl/confounds/sub-159/sub-159_task-ultimatum_run-1_desc-fslConfounds.tsv		missing	explicitly mapped input missing: /data/projects/srndna-data/derivatives/fsl/confounds/sub-159/sub-159_task-ultimatum_run-1_desc-fslConfounds.tsv -> /ZPOOL/data/projects/srndna-ultimatum/derivatives/fsl/confounds/sub-159/sub-159_task-ultimatum_run-1_desc-fslConfounds.tsv
sub-159	01	regstandard	/usr/share/fsl/6.0.3/data/standard/MNI152_T1_2mm_brain	/usr/local/fsl/data/standard/MNI152_T1_2mm_brain.nii.gz	found	
sub-159	01	custom1	/data/projects/srndna-data/derivatives/fsl/EVfiles/sub-159/ultimatum-pmod/run-01_event_computer.txt		missing	explicitly mapped input missing: /data/projects/srndna-data/derivatives/fsl/EVfiles/sub-159/ultimatum-pmod/run-01_event_computer.txt -> /ZPOOL/data/projects/srndna-ultimatum/derivatives/fsl/EVfiles/sub-159/ultimatum-pmod/run-01_event_computer.txt
sub-159	01	custom2	/data/projects/srndna-data/derivatives/fsl/EVfiles/sub-159/ultimatum-pmod/run-01_event_computer_pmod.txt		missing	explicitly mapped input missing: /data/projects/srndna-data/derivatives/fsl/EVfiles/sub-159/ultimatum-pmod/run-01_event_computer_pmod.txt -> /ZPOOL/data/projects/srndna-ultimatum/derivatives/fsl/EVfiles/sub-159/ultimatum-pmod/run-01_event_computer_pmod.txt
sub-159	01	custom3	/data/projects/srndna-data/derivatives/fsl/EVfiles/sub-159/ultimatum-pmod/run-01_event_ingroup.txt		missing	explicitly mapped input missing: /data/projects/srndna-data/derivatives/fsl/EVfiles/sub-159/ultimatum-pmod/run-01_event_ingroup.txt -> /ZPOOL/data/projects/srndna-ultimatum/derivatives/fsl/EVfiles/sub-159/ultimatum-pmod/run-01_event_ingroup.txt
sub-159	01	custom4	/data/projects/srndna-data/derivatives/fsl/EVfiles/sub-159/ultimatum-pmod/run-01_event_ingroup_pmod.txt		missing	explicitly mapped input missing: /data/projects/srndna-data/derivatives/fsl/EVfiles/sub-159/ultimatum-pmod/run-01_event_ingroup_pmod.txt -> /ZPOOL/data/projects/srndna-ultimatum/derivatives/fsl/EVfiles/sub-159/ultimatum-pmod/run-01_event_ingroup_pmod.txt
sub-159	01	custom5	/data/projects/srndna-data/derivatives/fsl/EVfiles/sub-159/ultimatum-pmod/run-01_event_outgroup.txt		missing	explicitly mapped input missing: /data/projects/srndna-data/derivatives/fsl/EVfiles/sub-159/ultimatum-pmod/run-01_event_outgroup.txt -> /ZPOOL/data/projects/srndna-ultimatum/derivatives/fsl/EVfiles/sub-159/ultimatum-pmod/run-01_event_outgroup.txt
sub-159	01	custom6	/data/projects/srndna-data/derivatives/fsl/EVfiles/sub-159/ultimatum-pmod/run-01_event_outgroup_pmod.txt		missing	explicitly mapped input missing: /data/projects/srndna-data/derivatives/fsl/EVfiles/sub-159/ultimatum-pmod/run-01_event_outgroup_pmod.txt -> /ZPOOL/data/projects/srndna-ultimatum/derivatives/fsl/EVfiles/sub-159/ultimatum-pmod/run-01_event_outgroup_pmod.txt
sub-159	01	custom10	/data/projects/srndna-ultimatum/derivatives/fsl/sub-159/ts_task-ultimatum_net0003_nppi-dmn_run-01.txt	/ZPOOL/data/projects/srndna-ultimatum/derivatives/fsl/sub-159/ts_task-ultimatum_net0003_nppi-dmn_run-01.txt	found	
sub-159	01	custom20	/data/projects/srndna-ultimatum/derivatives/fsl/sub-159/ts_task-ultimatum_net0007_nppi-dmn_run-01.txt	/ZPOOL/data/projects/srndna-ultimatum/derivatives/fsl/sub-159/ts_task-ultimatum_net0007_nppi-dmn_run-01.txt	found	
sub-159	01	custom21	/data/projects/srndna-ultimatum/derivatives/fsl/sub-159/ts_task-ultimatum_net0000_nppi-dmn_run-01.txt	/ZPOOL/data/projects/srndna-ultimatum/derivatives/fsl/sub-159/ts_task-ultimatum_net0000_nppi-dmn_run-01.txt	found	
sub-159	01	custom22	/data/projects/srndna-ultimatum/derivatives/fsl/sub-159/ts_task-ultimatum_net0001_nppi-dmn_run-01.txt	/ZPOOL/data/projects/srndna-ultimatum/derivatives/fsl/sub-159/ts_task-ultimatum_net0001_nppi-dmn_run-01.txt	found	
sub-159	01	custom23	/data/projects/srndna-ultimatum/derivatives/fsl/sub-159/ts_task-ultimatum_net0002_nppi-dmn_run-01.txt	/ZPOOL/data/projects/srndna-ultimatum/derivatives/fsl/sub-159/ts_task-ultimatum_net0002_nppi-dmn_run-01.txt	found	
sub-159	01	custom24	/data/projects/srndna-ultimatum/derivatives/fsl/sub-159/ts_task-ultimatum_net0004_nppi-dmn_run-01.txt	/ZPOOL/data/projects/srndna-ultimatum/derivatives/fsl/sub-159/ts_task-ultimatum_net0004_nppi-dmn_run-01.txt	found	
sub-159	01	custom25	/data/projects/srndna-ultimatum/derivatives/fsl/sub-159/ts_task-ultimatum_net0005_nppi-dmn_run-01.txt	/ZPOOL/data/projects/srndna-ultimatum/derivatives/fsl/sub-159/ts_task-ultimatum_net0005_nppi-dmn_run-01.txt	found	
sub-159	01	custom26	/data/projects/srndna-ultimatum/derivatives/fsl/sub-159/ts_task-ultimatum_net0006_nppi-dmn_run-01.txt	/ZPOOL/data/projects/srndna-ultimatum/derivatives/fsl/sub-159/ts_task-ultimatum_net0006_nppi-dmn_run-01.txt	found	
sub-159	01	custom27	/data/projects/srndna-ultimatum/derivatives/fsl/sub-159/ts_task-ultimatum_net0008_nppi-dmn_run-01.txt	/ZPOOL/data/projects/srndna-ultimatum/derivatives/fsl/sub-159/ts_task-ultimatum_net0008_nppi-dmn_run-01.txt	found	
sub-159	01	custom28	/data/projects/srndna-ultimatum/derivatives/fsl/sub-159/ts_task-ultimatum_net0009_nppi-dmn_run-01.txt	/ZPOOL/data/projects/srndna-ultimatum/derivatives/fsl/sub-159/ts_task-ultimatum_net0009_nppi-dmn_run-01.txt	found	
sub-159	02	source_fsf	/ZPOOL/data/projects/srndna-ultimatum/derivatives/fsl/sub-159/L1_task-ultimatum_model-02_type-nppi-dmn_run-02_sm-6.feat/design.fsf	/ZPOOL/data/projects/srndna-ultimatum/derivatives/fsl/sub-159/L1_task-ultimatum_model-02_type-nppi-dmn_run-02_sm-6.feat/design.fsf	found	
sub-159	02	events	/ZPOOL/data/projects/srndna-ultimatum/source_data/bids/sub-159/func/sub-159_task-ultimatum_run-02_events.tsv	/ZPOOL/data/projects/srndna-ultimatum/source_data/bids/sub-159/func/sub-159_task-ultimatum_run-02_events.tsv	found	
sub-159	02	feat_files(1)	/data/projects/srndna-data/derivatives/fmriprep/sub-159/func/sub-159_task-ultimatum_run-2_space-MNI152NLin2009cAsym_desc-preproc_bold.nii.gz	/ZPOOL/data/projects/srndna-ug/derivatives/fmriprep/sub-159/func/sub-159_task-ultimatum_run-2_space-MNI152NLin2009cAsym_desc-preproc_bold.nii.gz	found	
sub-159	02	confoundev_files(1)	/data/projects/srndna-data/derivatives/fsl/confounds/sub-159/sub-159_task-ultimatum_run-2_desc-fslConfounds.tsv		missing	explicitly mapped input missing: /data/projects/srndna-data/derivatives/fsl/confounds/sub-159/sub-159_task-ultimatum_run-2_desc-fslConfounds.tsv -> /ZPOOL/data/projects/srndna-ultimatum/derivatives/fsl/confounds/sub-159/sub-159_task-ultimatum_run-2_desc-fslConfounds.tsv
sub-159	02	regstandard	/usr/share/fsl/6.0.3/data/standard/MNI152_T1_2mm_brain	/usr/local/fsl/data/standard/MNI152_T1_2mm_brain.nii.gz	found	
sub-159	02	custom1	/data/projects/srndna-data/derivatives/fsl/EVfiles/sub-159/ultimatum-pmod/run-02_event_computer.txt		missing	explicitly mapped input missing: /data/projects/srndna-data/derivatives/fsl/EVfiles/sub-159/ultimatum-pmod/run-02_event_computer.txt -> /ZPOOL/data/projects/srndna-ultimatum/derivatives/fsl/EVfiles/sub-159/ultimatum-pmod/run-02_event_computer.txt
sub-159	02	custom2	/data/projects/srndna-data/derivatives/fsl/EVfiles/sub-159/ultimatum-pmod/run-02_event_computer_pmod.txt		missing	explicitly mapped input missing: /data/projects/srndna-data/derivatives/fsl/EVfiles/sub-159/ultimatum-pmod/run-02_event_computer_pmod.txt -> /ZPOOL/data/projects/srndna-ultimatum/derivatives/fsl/EVfiles/sub-159/ultimatum-pmod/run-02_event_computer_pmod.txt
sub-159	02	custom3	/data/projects/srndna-data/derivatives/fsl/EVfiles/sub-159/ultimatum-pmod/run-02_event_ingroup.txt		missing	explicitly mapped input missing: /data/projects/srndna-data/derivatives/fsl/EVfiles/sub-159/ultimatum-pmod/run-02_event_ingroup.txt -> /ZPOOL/data/projects/srndna-ultimatum/derivatives/fsl/EVfiles/sub-159/ultimatum-pmod/run-02_event_ingroup.txt
sub-159	02	custom4	/data/projects/srndna-data/derivatives/fsl/EVfiles/sub-159/ultimatum-pmod/run-02_event_ingroup_pmod.txt		missing	explicitly mapped input missing: /data/projects/srndna-data/derivatives/fsl/EVfiles/sub-159/ultimatum-pmod/run-02_event_ingroup_pmod.txt -> /ZPOOL/data/projects/srndna-ultimatum/derivatives/fsl/EVfiles/sub-159/ultimatum-pmod/run-02_event_ingroup_pmod.txt
sub-159	02	custom5	/data/projects/srndna-data/derivatives/fsl/EVfiles/sub-159/ultimatum-pmod/run-02_event_outgroup.txt		missing	explicitly mapped input missing: /data/projects/srndna-data/derivatives/fsl/EVfiles/sub-159/ultimatum-pmod/run-02_event_outgroup.txt -> /ZPOOL/data/projects/srndna-ultimatum/derivatives/fsl/EVfiles/sub-159/ultimatum-pmod/run-02_event_outgroup.txt
sub-159	02	custom6	/data/projects/srndna-data/derivatives/fsl/EVfiles/sub-159/ultimatum-pmod/run-02_event_outgroup_pmod.txt		missing	explicitly mapped input missing: /data/projects/srndna-data/derivatives/fsl/EVfiles/sub-159/ultimatum-pmod/run-02_event_outgroup_pmod.txt -> /ZPOOL/data/projects/srndna-ultimatum/derivatives/fsl/EVfiles/sub-159/ultimatum-pmod/run-02_event_outgroup_pmod.txt
sub-159	02	custom10	/data/projects/srndna-ultimatum/derivatives/fsl/sub-159/ts_task-ultimatum_net0003_nppi-dmn_run-02.txt	/ZPOOL/data/projects/srndna-ultimatum/derivatives/fsl/sub-159/ts_task-ultimatum_net0003_nppi-dmn_run-02.txt	found	
sub-159	02	custom20	/data/projects/srndna-ultimatum/derivatives/fsl/sub-159/ts_task-ultimatum_net0007_nppi-dmn_run-02.txt	/ZPOOL/data/projects/srndna-ultimatum/derivatives/fsl/sub-159/ts_task-ultimatum_net0007_nppi-dmn_run-02.txt	found	
sub-159	02	custom21	/data/projects/srndna-ultimatum/derivatives/fsl/sub-159/ts_task-ultimatum_net0000_nppi-dmn_run-02.txt	/ZPOOL/data/projects/srndna-ultimatum/derivatives/fsl/sub-159/ts_task-ultimatum_net0000_nppi-dmn_run-02.txt	found	
sub-159	02	custom22	/data/projects/srndna-ultimatum/derivatives/fsl/sub-159/ts_task-ultimatum_net0001_nppi-dmn_run-02.txt	/ZPOOL/data/projects/srndna-ultimatum/derivatives/fsl/sub-159/ts_task-ultimatum_net0001_nppi-dmn_run-02.txt	found	
sub-159	02	custom23	/data/projects/srndna-ultimatum/derivatives/fsl/sub-159/ts_task-ultimatum_net0002_nppi-dmn_run-02.txt	/ZPOOL/data/projects/srndna-ultimatum/derivatives/fsl/sub-159/ts_task-ultimatum_net0002_nppi-dmn_run-02.txt	found	
sub-159	02	custom24	/data/projects/srndna-ultimatum/derivatives/fsl/sub-159/ts_task-ultimatum_net0004_nppi-dmn_run-02.txt	/ZPOOL/data/projects/srndna-ultimatum/derivatives/fsl/sub-159/ts_task-ultimatum_net0004_nppi-dmn_run-02.txt	found	
sub-159	02	custom25	/data/projects/srndna-ultimatum/derivatives/fsl/sub-159/ts_task-ultimatum_net0005_nppi-dmn_run-02.txt	/ZPOOL/data/projects/srndna-ultimatum/derivatives/fsl/sub-159/ts_task-ultimatum_net0005_nppi-dmn_run-02.txt	found	
sub-159	02	custom26	/data/projects/srndna-ultimatum/derivatives/fsl/sub-159/ts_task-ultimatum_net0006_nppi-dmn_run-02.txt	/ZPOOL/data/projects/srndna-ultimatum/derivatives/fsl/sub-159/ts_task-ultimatum_net0006_nppi-dmn_run-02.txt	found	
sub-159	02	custom27	/data/projects/srndna-ultimatum/derivatives/fsl/sub-159/ts_task-ultimatum_net0008_nppi-dmn_run-02.txt	/ZPOOL/data/projects/srndna-ultimatum/derivatives/fsl/sub-159/ts_task-ultimatum_net0008_nppi-dmn_run-02.txt	found	
sub-159	02	custom28	/data/projects/srndna-ultimatum/derivatives/fsl/sub-159/ts_task-ultimatum_net0009_nppi-dmn_run-02.txt	/ZPOOL/data/projects/srndna-ultimatum/derivatives/fsl/sub-159/ts_task-ultimatum_net0009_nppi-dmn_run-02.txt	found	
sub-159	combined	source_l2_fsf	/ZPOOL/data/projects/srndna-ultimatum/derivatives/fsl/sub-159/L2_task-ultimatum_model-02_type-nppi-dmn_sm-6.gfeat/design.fsf	/ZPOOL/data/projects/srndna-ultimatum/derivatives/fsl/sub-159/L2_task-ultimatum_model-02_type-nppi-dmn_sm-6.gfeat/design.fsf	found	
