job	model	stage	prior_scale	age_mode	inference_eligible	subject	partner	parameter	mean	sd	q025	median	q975
fit-rw_positive-full-prior1	rw_positive	full	1.0	none	False	sub-104	computer	alpha	0.7206916103534828	1.1649633972004432	0.037619819151795	0.4532259812145	2.969957278880245
fit-rw_positive-full-prior1	rw_positive	full	1.0	none	False	sub-104	computer	gamma	5.506219133697529	5.522510870986313	1.47805191535575	4.05269241328	18.519868037937492
fit-rw_positive-full-prior1	rw_positive	full	1.0	none	False	sub-104	computer	f0	1.873843775360704	3.09342817101125	0.039382331731502504	0.855015537056	12.767300423332474
fit-rw_positive-full-prior1	rw_positive	full	1.0	none	False	sub-104	computer	epsilon	0.03460452917943354	0.14370140820738855	2.7343583775995e-05	0.001898850289155	0.6346141592299233
fit-rw_positive-full-prior1	rw_positive	full	1.0	none	False	sub-104	similar	alpha	0.7455829872991244	1.2455067847122718	0.0397531760984	0.464192688749	3.0660556511644934
fit-rw_positive-full-prior1	rw_positive	full	1.0	none	False	sub-104	similar	gamma	6.991787573667682	7.7266458550126	1.6211441410885	4.942491576235	24.79161843840499
fit-rw_positive-full-prior1	rw_positive	full	1.0	none	False	sub-104	similar	f0	1.7703313841006407	2.999965966809054	0.035853819772	0.7898451209455	12.479966483534989
fit-rw_positive-full-prior1	rw_positive	full	1.0	none	False	sub-104	similar	epsilon	0.03480528817821943	0.14351696065536096	2.77883524227675e-05	0.001895435359855	0.6296265563029995
fit-rw_positive-full-prior1	rw_positive	full	1.0	none	False	sub-104	dissimilar	alpha	0.7485946545228712	1.1956553884881091	0.039888865689375	0.46839516049100005	3.10203369306274
fit-rw_positive-full-prior1	rw_positive	full	1.0	none	False	sub-104	dissimilar	gamma	6.858147009840547	7.626289774861481	1.51183136086475	4.80713407735	24.497890582394984
fit-rw_positive-full-prior1	rw_positive	full	1.0	none	False	sub-104	dissimilar	f0	1.7992016066866465	3.013055993436875	0.036451798977795005	0.8197440578899999	12.501270556874978
fit-rw_positive-full-prior1	rw_positive	full	1.0	none	False	sub-104	dissimilar	epsilon	0.03581972612352934	0.14559311866815938	2.9995243888080003e-05	0.002135143286185	0.6480631285697486
fit-rw_positive-full-prior1	rw_positive	full	1.0	none	False	sub-105	computer	alpha	0.6852985758274756	0.4012438102694789	0.217235329748175	0.584735248979	1.606449422723247
fit-rw_positive-full-prior1	rw_positive	full	1.0	none	False	sub-105	computer	gamma	0.7522331027609032	0.20619758446828285	0.422459504697825	0.727691542681	1.2248620293242491
fit-rw_positive-full-prior1	rw_positive	full	1.0	none	False	sub-105	computer	f0	12.084430978105976	4.010829407544786	5.6602287260255	11.4950797875	19.6699498626575
fit-rw_positive-full-prior1	rw_positive	full	1.0	none	False	sub-105	computer	epsilon	0.032018356687457866	0.04289068864791786	0.0001257679770326	0.0155458261853	0.1578346628589498
fit-rw_positive-full-prior1	rw_positive	full	1.0	none	False	sub-105	similar	alpha	0.7264822218361996	0.4304915821680108	0.228617953878575	0.617436051776	1.7376202628209991
fit-rw_positive-full-prior1	rw_positive	full	1.0	none	False	sub-105	similar	gamma	0.7579401002751032	0.23351128104968147	0.397188214401975	0.726662620106	1.2969052255579998
fit-rw_positive-full-prior1	rw_positive	full	1.0	none	False	sub-105	similar	f0	11.796913760889971	4.020945674751294	5.41576799160875	11.138944829	19.616593181154997
fit-rw_positive-full-prior1	rw_positive	full	1.0	none	False	sub-105	similar	epsilon	0.028722006011554696	0.0421278182760038	0.000124510665107475	0.0140591443375	0.1507921109276489
fit-rw_positive-full-prior1	rw_positive	full	1.0	none	False	sub-105	dissimilar	alpha	0.6868760822997874	0.3993561362612769	0.212133828305625	0.5925475572059999	1.5919923934637494
fit-rw_positive-full-prior1	rw_positive	full	1.0	none	False	sub-105	dissimilar	gamma	1.1394446713012754	0.39274313912834286	0.548745864148075	1.080683206405	2.0674156421199985
fit-rw_positive-full-prior1	rw_positive	full	1.0	none	False	sub-105	dissimilar	f0	11.657839657507855	4.0952275238507605	5.288457830247251	10.948967412999998	19.644964807399997
fit-rw_positive-full-prior1	rw_positive	full	1.0	none	False	sub-105	dissimilar	epsilon	0.04051488731641438	0.05057348267531537	0.0001305740275809	0.021296349568250002	0.18362765084144977
fit-rw_positive-full-prior1	rw_positive	full	1.0	none	False	sub-106	computer	alpha	1.9197866282165887	4.827288340560007	0.4746455339781	0.828171232532	10.359963632589983
fit-rw_positive-full-prior1	rw_positive	full	1.0	none	False	sub-106	computer	gamma	1.6709357888686933	0.826825386010584	0.4437100557029	1.56762661089	3.591031795457483
fit-rw_positive-full-prior1	rw_positive	full	1.0	none	False	sub-106	computer	f0	14.181970427631102	3.875598554082593	7.2576871298315	14.539939690899999	19.83316289774
fit-rw_positive-full-prior1	rw_positive	full	1.0	none	False	sub-106	computer	epsilon	0.0007771172327731965	0.0009950654404586522	1.1368417796202501e-05	0.000437415917848	0.003492254354899247
fit-rw_positive-full-prior1	rw_positive	full	1.0	none	False	sub-106	similar	alpha	2.0259600876794774	4.928926578396272	0.476398434077775	0.860499336713	11.29459150871738
fit-rw_positive-full-prior1	rw_positive	full	1.0	none	False	sub-106	similar	gamma	3.1783596197296293	2.326142201392791	0.6302793294242751	2.646824813255	8.902332597197997
fit-rw_positive-full-prior1	rw_positive	full	1.0	none	False	sub-106	similar	f0	13.785778399850942	3.945443059754276	6.9517364563860005	13.9518348616	19.82820777732
fit-rw_positive-full-prior1	rw_positive	full	1.0	none	False	sub-106	similar	epsilon	0.0008250031527831941	0.0011079483237666434	1.13950024739525e-05	0.0004354134390735	0.003913970495546999
fit-rw_positive-full-prior1	rw_positive	full	1.0	none	False	sub-106	dissimilar	alpha	2.0076477175062593	5.9730793930779535	0.46987793794577504	0.841587318328	11.219312264919985
fit-rw_positive-full-prior1	rw_positive	full	1.0	none	False	sub-106	dissimilar	gamma	1.2004837092047298	0.5189728591319862	0.37600992528445	1.151703946355	2.3581897014159945
fit-rw_positive-full-prior1	rw_positive	full	1.0	none	False	sub-106	dissimilar	f0	13.793155181399316	4.032293455576348	6.396435093973	14.05517210315	19.8287117835625
fit-rw_positive-full-prior1	rw_positive	full	1.0	none	False	sub-106	dissimilar	epsilon	0.000951445761551376	0.0013957067088830079	1.2485086066217499e-05	0.000486173969072	0.004621874253523248
fit-rw_positive-full-prior1	rw_positive	full	1.0	none	False	sub-107	computer	alpha	2.888063531098474	3.007585648470364	0.40570482629455	1.134938895445	9.569477694535497
fit-rw_positive-full-prior1	rw_positive	full	1.0	none	False	sub-107	computer	gamma	0.422355491335184	0.14619793601059788	0.198748487876175	0.403047196376	0.7446837027788249
fit-rw_positive-full-prior1	rw_positive	full	1.0	none	False	sub-107	computer	f0	12.380511098713493	3.410968468047797	7.790763523321	11.60410191445	19.5088594622025
fit-rw_positive-full-prior1	rw_positive	full	1.0	none	False	sub-107	computer	epsilon	0.05300507718473625	0.07695950453528096	3.50684208153225e-05	0.003544556774035	0.2255828273178999
fit-rw_positive-full-prior1	rw_positive	full	1.0	none	False	sub-107	similar	alpha	2.8876758047479254	3.04895225583489	0.356218081086275	1.122779969455	9.765576316571746
fit-rw_positive-full-prior1	rw_positive	full	1.0	none	False	sub-107	similar	gamma	0.579166265708977	0.21731063318368168	0.25877756737492497	0.5442014951565	1.0811358796619994
fit-rw_positive-full-prior1	rw_positive	full	1.0	none	False	sub-107	similar	f0	10.888299699087874	3.7412441902519893	5.8824290361265	9.76509289136	19.513876951207497
fit-rw_positive-full-prior1	rw_positive	full	1.0	none	False	sub-107	similar	epsilon	0.07724727655551492	0.11296758153273263	3.0543158785660004e-05	0.003791918086155	0.3325538022108999
fit-rw_positive-full-prior1	rw_positive	full	1.0	none	False	sub-107	dissimilar	alpha	3.1193791657448133	3.313898375741973	0.414034545746425	1.18832774398	10.61969497575499
fit-rw_positive-full-prior1	rw_positive	full	1.0	none	False	sub-107	dissimilar	gamma	0.5209733435821923	0.18915609531921013	0.243231814940225	0.490412312027	0.9556440074231748
fit-rw_positive-full-prior1	rw_positive	full	1.0	none	False	sub-107	dissimilar	f0	11.503769268165192	3.603442394030874	6.32550400185875	10.57340786345	19.484654744637496
fit-rw_positive-full-prior1	rw_positive	full	1.0	none	False	sub-107	dissimilar	epsilon	0.05074496494694133	0.07374715359672969	3.721242401626e-05	0.0037761157046950003	0.22289048954754997
fit-rw_positive-full-prior1	rw_positive	full	1.0	none	False	sub-108	computer	alpha	1.674421639229544	1.098180875586316	0.32748659096715	1.52911368053	4.328463370734992
fit-rw_positive-full-prior1	rw_positive	full	1.0	none	False	sub-108	computer	gamma	0.5429545402558645	0.1752145661236033	0.29542986500245	0.5090450819975	0.9655725855476242
fit-rw_positive-full-prior1	rw_positive	full	1.0	none	False	sub-108	computer	f0	9.845081116335201	3.981701877479711	5.4656550715900005	8.299858214164999	19.468753951919997
fit-rw_positive-full-prior1	rw_positive	full	1.0	none	False	sub-108	computer	epsilon	0.006629297314511021	0.009348438639577452	3.610337951379e-05	0.002979181199425	0.03344383662101747
fit-rw_positive-full-prior1	rw_positive	full	1.0	none	False	sub-108	similar	alpha	1.6232330785227411	1.0767128439353733	0.29760052165725	1.484697602025	4.2347237532689945
fit-rw_positive-full-prior1	rw_positive	full	1.0	none	False	sub-108	similar	gamma	0.4315220153698362	0.13853233489595207	0.2252235523612	0.40921800367100003	0.7664981579310498
fit-rw_positive-full-prior1	rw_positive	full	1.0	none	False	sub-108	similar	f0	8.676764446873541	4.283941255937147	4.14179248285175	7.03563932728	19.436182084524997
fit-rw_positive-full-prior1	rw_positive	full	1.0	none	False	sub-108	similar	epsilon	0.008377983444873895	0.013500833356008744	3.4695362868834995e-05	0.003084818514125	0.04764586161426998
fit-rw_positive-full-prior1	rw_positive	full	1.0	none	False	sub-108	dissimilar	alpha	1.8066803321846212	1.2221644621508325	0.3513782537344	1.6318924936950001	4.830040057682496
fit-rw_positive-full-prior1	rw_positive	full	1.0	none	False	sub-108	dissimilar	gamma	0.8560447907659838	0.3736401261307895	0.37895756215745	0.766651764939	1.804554073251499
fit-rw_positive-full-prior1	rw_positive	full	1.0	none	False	sub-108	dissimilar	f0	9.558785457977875	3.8879673757718534	5.18233808995725	8.08972861736	19.395259598705
fit-rw_positive-full-prior1	rw_positive	full	1.0	none	False	sub-108	dissimilar	epsilon	0.00707435065805644	0.010287928486828347	3.82441854847425e-05	0.00321691581164	0.03654540520717498
fit-rw_positive-full-prior1	rw_positive	full	1.0	none	False	sub-109	computer	alpha	1.3876979767326942	1.3129595648652488	0.112709998668425	1.076201875755	4.515923168749244
fit-rw_positive-full-prior1	rw_positive	full	1.0	none	False	sub-109	computer	gamma	1.236912130976201	0.40896041509936387	0.6293109109568	1.171458339665	2.228638248746999
fit-rw_positive-full-prior1	rw_positive	full	1.0	none	False	sub-109	computer	f0	2.9331625120364393	3.1131850349960297	0.334143678562	1.9901797661949998	13.642748919642482
fit-rw_positive-full-prior1	rw_positive	full	1.0	none	False	sub-109	computer	epsilon	0.007050371855194385	0.019283970583454626	3.45545884107625e-05	0.002673262895205	0.03990408872525987
fit-rw_positive-full-prior1	rw_positive	full	1.0	none	False	sub-109	similar	alpha	1.447361085007741	1.3735529483360733	0.1172877413556	1.115956301455	4.805605337008971
fit-rw_positive-full-prior1	rw_positive	full	1.0	none	False	sub-109	similar	gamma	1.8363767961829878	0.9496328511415411	0.7080358765732	1.6148802876550001	4.219530759595246
fit-rw_positive-full-prior1	rw_positive	full	1.0	none	False	sub-109	similar	f0	2.9090163849249664	3.0310581956693157	0.306312295804875	2.0050602947150002	13.365588398759996
fit-rw_positive-full-prior1	rw_positive	full	1.0	none	False	sub-109	similar	epsilon	0.007175030890833484	0.018036971446982686	3.371259158546e-05	0.002802541234095	0.038724898076994876
fit-rw_positive-full-prior1	rw_positive	full	1.0	none	False	sub-109	dissimilar	alpha	1.456793722960097	1.384283991657982	0.11857942783320001	1.120848557335	4.817010282978495
fit-rw_positive-full-prior1	rw_positive	full	1.0	none	False	sub-109	dissimilar	gamma	2.154480467242008	1.1645915141678613	0.817055153601425	1.8705597164599999	5.1456869844982425
fit-rw_positive-full-prior1	rw_positive	full	1.0	none	False	sub-109	dissimilar	f0	2.9429085468702834	3.0248292453647827	0.3139411883278	2.0553549874200003	13.479794153232499
fit-rw_positive-full-prior1	rw_positive	full	1.0	none	False	sub-109	dissimilar	epsilon	0.008018072587656718	0.02027736648336565	3.68235358829e-05	0.003089995517725	0.04489925363917497
fit-rw_positive-full-prior1	rw_positive	full	1.0	none	False	sub-110	computer	alpha	0.5613935083739426	0.32132415886671645	0.228135131916525	0.46280912242850003	1.383064713881748
fit-rw_positive-full-prior1	rw_positive	full	1.0	none	False	sub-110	computer	gamma	0.6637533740999064	0.18013592194403083	0.362929756877175	0.6454201042159999	1.0684838166779986
fit-rw_positive-full-prior1	rw_positive	full	1.0	none	False	sub-110	computer	f0	12.831739974862503	4.131491876269344	6.35935778793425	12.3852847851	19.8125317779925
fit-rw_positive-full-prior1	rw_positive	full	1.0	none	False	sub-110	computer	epsilon	0.0037883376821338144	0.0054574510476129495	2.91587485875e-05	0.001800966660985	0.01829290072027996
fit-rw_positive-full-prior1	rw_positive	full	1.0	none	False	sub-110	similar	alpha	0.6075572552702456	0.35059082365174044	0.24618746382075	0.5011397135205	1.5021016665097457
fit-rw_positive-full-prior1	rw_positive	full	1.0	none	False	sub-110	similar	gamma	0.9822361911058162	0.337747501169232	0.477212671786275	0.932096692936	1.7851457510645
fit-rw_positive-full-prior1	rw_positive	full	1.0	none	False	sub-110	similar	f0	12.913375868972983	3.9834094745932243	6.6112790746575	12.4850396764	19.77518983203
fit-rw_positive-full-prior1	rw_positive	full	1.0	none	False	sub-110	similar	epsilon	0.003501463765727329	0.004898275113143656	2.70416866332175e-05	0.00173666593631	0.016358427729204997
fit-rw_positive-full-prior1	rw_positive	full	1.0	none	False	sub-110	dissimilar	alpha	0.5689217366454642	0.32917159095258186	0.22600791454337502	0.4698144033495	1.4079876872094996
fit-rw_positive-full-prior1	rw_positive	full	1.0	none	False	sub-110	dissimilar	gamma	0.7573927518809084	0.23593466028303037	0.38600561054675	0.725986319336	1.304250240081
fit-rw_positive-full-prior1	rw_positive	full	1.0	none	False	sub-110	dissimilar	f0	12.674071494843144	4.174952238983964	6.15011528181225	12.1874012184	19.7925585786575
fit-rw_positive-full-prior1	rw_positive	full	1.0	none	False	sub-110	dissimilar	epsilon	0.004807159753789095	0.0077016808055481	3.0032187877355e-05	0.0020988305500950002	0.024587716116992495
fit-rw_positive-full-prior1	rw_positive	full	1.0	none	False	sub-111	computer	alpha	0.6406473748534031	0.14348923907610778	0.433700013135125	0.6165263361205	0.9881533368708244
fit-rw_positive-full-prior1	rw_positive	full	1.0	none	False	sub-111	computer	gamma	1.5858226462528298	0.5756172801998007	0.805944114370475	1.48149564115	2.9842708385287446
fit-rw_positive-full-prior1	rw_positive	full	1.0	none	False	sub-111	computer	f0	17.898186141107487	1.765459652806857	13.5383783429275	18.3308677881	19.9430206642425
fit-rw_positive-full-prior1	rw_positive	full	1.0	none	False	sub-111	computer	epsilon	0.05665868604531723	0.01919044283797626	0.0274205275813525	0.05385688745515	0.10165016403009995
fit-rw_positive-full-prior1	rw_positive	full	1.0	none	False	sub-111	similar	alpha	0.71066600296415	0.16054625157493718	0.488465140167325	0.6774357593710001	1.1121083840319999
fit-rw_positive-full-prior1	rw_positive	full	1.0	none	False	sub-111	similar	gamma	2.0485972902174203	0.9564909767923448	0.8549926013954751	1.8347608068299999	4.482461780950998
fit-rw_positive-full-prior1	rw_positive	full	1.0	none	False	sub-111	similar	f0	17.95374136348756	1.6002430838132335	14.1891154779975	18.29621250965	19.93585894253
fit-rw_positive-full-prior1	rw_positive	full	1.0	none	False	sub-111	similar	epsilon	0.03999306518336121	0.010948709432858016	0.022718177452005	0.038473026172149996	0.06617952972404247
fit-rw_positive-full-prior1	rw_positive	full	1.0	none	False	sub-111	dissimilar	alpha	0.6362435650419496	0.13777346925846487	0.417171410068225	0.6172053805144999	0.9590967784116748
fit-rw_positive-full-prior1	rw_positive	full	1.0	none	False	sub-111	dissimilar	gamma	1.585252518504636	0.5325236147023057	0.776186428259275	1.508248611665	2.8425957467684997
fit-rw_positive-full-prior1	rw_positive	full	1.0	none	False	sub-111	dissimilar	f0	17.93846250706553	1.6465712955148635	14.0082277699725	18.2937059546	19.936013809324997
fit-rw_positive-full-prior1	rw_positive	full	1.0	none	False	sub-111	dissimilar	epsilon	0.08235003711631307	0.024500290989511262	0.04211958938028	0.07972588589355001	0.13752347255057495
fit-rw_positive-full-prior1	rw_positive	full	1.0	none	False	sub-112	computer	alpha	1.7027121837479395	0.6881553711705727	1.0090592048312501	1.5330985559	3.4457307097379974
fit-rw_positive-full-prior1	rw_positive	full	1.0	none	False	sub-112	computer	gamma	1.4807317874776857	0.5355962220744213	0.707806873246025	1.3916145809749998	2.759321479668
fit-rw_positive-full-prior1	rw_positive	full	1.0	none	False	sub-112	computer	f0	2.748802882974851	1.137890976158484	1.02976424335325	2.690868990795	4.4539670011654975
fit-rw_positive-full-prior1	rw_positive	full	1.0	none	False	sub-112	computer	epsilon	0.06962605529135213	0.0723626609197004	0.00594385033758475	0.040041300703499996	0.26981185331482466
fit-rw_positive-full-prior1	rw_positive	full	1.0	none	False	sub-112	similar	alpha	1.8158269361460595	0.7758447079593546	1.07445895657775	1.637123559205	3.6454618912972427
fit-rw_positive-full-prior1	rw_positive	full	1.0	none	False	sub-112	similar	gamma	2.1723219114288574	1.183342616849646	0.814015858115775	1.8963376041850002	5.197430014086991
fit-rw_positive-full-prior1	rw_positive	full	1.0	none	False	sub-112	similar	f0	3.164468178377789	1.3585137744202633	0.959260866159925	3.08106946347	5.414814911821244
fit-rw_positive-full-prior1	rw_positive	full	1.0	none	False	sub-112	similar	epsilon	0.06431778160474552	0.053344153011444545	0.005823557099764251	0.046795731905600005	0.20023400385727466
fit-rw_positive-full-prior1	rw_positive	full	1.0	none	False	sub-112	dissimilar	alpha	1.8396915126279916	0.7258294698221903	1.10078456317075	1.65941913673	3.6606100756464945
fit-rw_positive-full-prior1	rw_positive	full	1.0	none	False	sub-112	dissimilar	gamma	2.2934812172497008	1.2823982125673878	0.8505750844912501	2.0019741103	5.47659830721675
fit-rw_positive-full-prior1	rw_positive	full	1.0	none	False	sub-112	dissimilar	f0	3.154787840597377	1.3632851112972728	0.9706383424234499	3.099564765585	5.280391307611493
fit-rw_positive-full-prior1	rw_positive	full	1.0	none	False	sub-112	dissimilar	epsilon	0.06502035555514327	0.044042859944797466	0.00739340449668025	0.0553525840851	0.17104878874647492
fit-rw_positive-full-prior1	rw_positive	full	1.0	none	False	sub-113	computer	alpha	1.3035777207487325	2.884377423727412	0.373367645478125	0.786940769899	4.513362884192499
fit-rw_positive-full-prior1	rw_positive	full	1.0	none	False	sub-113	computer	gamma	0.984132126109775	0.3449903318726625	0.406235245736275	0.9555716820710001	1.7419362486512495
fit-rw_positive-full-prior1	rw_positive	full	1.0	none	False	sub-113	computer	f0	13.243930876989388	3.661495902549903	7.21628461206675	12.9179779177	19.703743855002497
fit-rw_positive-full-prior1	rw_positive	full	1.0	none	False	sub-113	computer	epsilon	0.0031194181612047346	0.007631723591820936	1.8684009439239998e-05	0.0009185782538869999	0.0244090617338225
fit-rw_positive-full-prior1	rw_positive	full	1.0	none	False	sub-113	similar	alpha	1.372266076989838	3.057599799903834	0.374456534385775	0.817095156739	4.926872843131226
fit-rw_positive-full-prior1	rw_positive	full	1.0	none	False	sub-113	similar	gamma	1.090861965031069	0.45228093494541965	0.402914651762175	1.0321372474600001	2.140660147470248
fit-rw_positive-full-prior1	rw_positive	full	1.0	none	False	sub-113	similar	f0	12.524352416635134	3.8667698932239065	6.22627614469525	12.032348166350001	19.67537579259
fit-rw_positive-full-prior1	rw_positive	full	1.0	none	False	sub-113	similar	epsilon	0.0032048281069279212	0.009423314347358885	1.7625768622520003e-05	0.0008824212051159999	0.0238323649520049
fit-rw_positive-full-prior1	rw_positive	full	1.0	none	False	sub-113	dissimilar	alpha	1.344646926243826	3.2475826997881643	0.35918949462475	0.7889946024195	4.765331521685239
fit-rw_positive-full-prior1	rw_positive	full	1.0	none	False	sub-113	dissimilar	gamma	1.5656820342623823	0.7602405820707293	0.548960867143	1.422537402765	3.445020094069494
fit-rw_positive-full-prior1	rw_positive	full	1.0	none	False	sub-113	dissimilar	f0	12.363802003679554	3.9811609190363373	5.98486025686075	11.861322447	19.707160146072496
fit-rw_positive-full-prior1	rw_positive	full	1.0	none	False	sub-113	dissimilar	epsilon	0.00355533287493832	0.00810572789813819	1.97786865925425e-05	0.001042276917035	0.026998063489007473
fit-rw_positive-full-prior1	rw_positive	full	1.0	none	False	sub-115	computer	alpha	0.5745789398324419	0.6313304621399181	0.08895626254626	0.412817272658	2.001905133244249
fit-rw_positive-full-prior1	rw_positive	full	1.0	none	False	sub-115	computer	gamma	0.1108948651628191	0.04297611794090559	0.044974101021022506	0.10454787709249999	0.2127540834519749
fit-rw_positive-full-prior1	rw_positive	full	1.0	none	False	sub-115	computer	f0	9.883932636669075	6.426884336507274	0.186820485363825	10.3015965846	19.7457358166025
fit-rw_positive-full-prior1	rw_positive	full	1.0	none	False	sub-115	computer	epsilon	0.04774350952530413	0.12714691585599813	4.42619841058475e-05	0.00501014935811	0.4913232579260737
fit-rw_positive-full-prior1	rw_positive	full	1.0	none	False	sub-115	similar	alpha	0.5982343899541495	0.7062090015284599	0.092299204597805	0.4293576077375	2.103522694966998
fit-rw_positive-full-prior1	rw_positive	full	1.0	none	False	sub-115	similar	gamma	0.11010666558112511	0.04383535825089554	0.041726422505470005	0.104401206709	0.21235071348384998
fit-rw_positive-full-prior1	rw_positive	full	1.0	none	False	sub-115	similar	f0	9.652629087918546	6.417691199486178	0.1685526258225	9.966498616865	19.7321478729975
fit-rw_positive-full-prior1	rw_positive	full	1.0	none	False	sub-115	similar	epsilon	0.04768270632382918	0.12713158045234857	4.208974577723001e-05	0.005101274568115001	0.4907320430734992
fit-rw_positive-full-prior1	rw_positive	full	1.0	none	False	sub-115	dissimilar	alpha	0.5920354847714032	0.633290081946516	0.0935165863982275	0.426239138492	2.1101842907027484
fit-rw_positive-full-prior1	rw_positive	full	1.0	none	False	sub-115	dissimilar	gamma	0.13289813845870646	0.04920101120271202	0.0517103977416125	0.1279786270965	0.24339483240192483
fit-rw_positive-full-prior1	rw_positive	full	1.0	none	False	sub-115	dissimilar	f0	9.693746450800713	6.4061799163025706	0.18080683360795002	10.017158485149999	19.728626200697498
fit-rw_positive-full-prior1	rw_positive	full	1.0	none	False	sub-115	dissimilar	epsilon	0.05280749461618657	0.13497283048446296	4.850069887447751e-05	0.005661772592755	0.535133383901775
fit-rw_positive-full-prior1	rw_positive	full	1.0	none	False	sub-116	computer	alpha	1.4151339342669234	1.6425257535648548	0.46481177196372503	0.8577403532265	5.822390389666466
fit-rw_positive-full-prior1	rw_positive	full	1.0	none	False	sub-116	computer	gamma	3.4606289518551288	2.069759760539125	0.919847394119925	3.033016619365	8.70394065909575
fit-rw_positive-full-prior1	rw_positive	full	1.0	none	False	sub-116	computer	f0	13.90548409741182	3.7833318567846788	7.52103806466575	13.943100206	19.829973616514998
fit-rw_positive-full-prior1	rw_positive	full	1.0	none	False	sub-116	computer	epsilon	0.0004742688366608631	0.0005933234504054453	9.48179347935625e-06	0.000271606414477	0.0021207481577334977
fit-rw_positive-full-prior1	rw_positive	full	1.0	none	False	sub-116	similar	alpha	1.460420996709669	1.7454733949637795	0.454202517768625	0.8785089563895	6.092233977826481
fit-rw_positive-full-prior1	rw_positive	full	1.0	none	False	sub-116	similar	gamma	3.884238616068165	2.6246292655467927	0.9272725749752	3.2624852823749997	10.579321879909996
fit-rw_positive-full-prior1	rw_positive	full	1.0	none	False	sub-116	similar	f0	13.406325381340046	3.856602343196771	7.1544533446872505	13.278457011850001	19.8058748743075
fit-rw_positive-full-prior1	rw_positive	full	1.0	none	False	sub-116	similar	epsilon	0.0004805057129236977	0.000620409289056325	8.8066173636355e-06	0.000267826218919	0.0021812192319419976
fit-rw_positive-full-prior1	rw_positive	full	1.0	none	False	sub-116	dissimilar	alpha	1.4601356063317301	1.734455946029221	0.461195543518875	0.8794606274605	6.099975065976965
fit-rw_positive-full-prior1	rw_positive	full	1.0	none	False	sub-116	dissimilar	gamma	3.7810477298499476	2.605162932272062	0.8967625118351	3.1840960046799998	10.329054913714987
fit-rw_positive-full-prior1	rw_positive	full	1.0	none	False	sub-116	dissimilar	f0	13.51457738855289	3.8230184920698655	7.2150535883725	13.423304496650001	19.8165734448775
fit-rw_positive-full-prior1	rw_positive	full	1.0	none	False	sub-116	dissimilar	epsilon	0.0005375709403564174	0.0006979906668428741	9.7916259896995e-06	0.00030232592729550003	0.0024032740134224914
fit-rw_positive-full-prior1	rw_positive	full	1.0	none	False	sub-117	computer	alpha	0.5771576683130986	1.133633824566122	0.10697179382065	0.3340877012605	2.499821764335748
fit-rw_positive-full-prior1	rw_positive	full	1.0	none	False	sub-117	computer	gamma	4.471082185801725	2.659256476716258	1.28896058678125	3.90525417803	11.252402176604992
fit-rw_positive-full-prior1	rw_positive	full	1.0	none	False	sub-117	computer	f0	8.740629211419868	4.771231892486817	2.3512995223307502	7.829078384105	19.351508026459996
fit-rw_positive-full-prior1	rw_positive	full	1.0	none	False	sub-117	computer	epsilon	0.013819631432327768	0.02385141948098407	3.601952756629501e-05	0.005166202508115	0.0778644979343425
fit-rw_positive-full-prior1	rw_positive	full	1.0	none	False	sub-117	similar	alpha	0.5958411901392582	1.1180242456848177	0.109637954995775	0.346545131511	2.635415087981748
fit-rw_positive-full-prior1	rw_positive	full	1.0	none	False	sub-117	similar	gamma	5.866166890493205	4.265425499375621	1.385499682375	4.8031475527600005	16.643095513589984
fit-rw_positive-full-prior1	rw_positive	full	1.0	none	False	sub-117	similar	f0	8.45610899327087	4.7595843799912325	2.22569855105575	7.4784250567049995	19.3135888553975
fit-rw_positive-full-prior1	rw_positive	full	1.0	none	False	sub-117	similar	epsilon	0.015146977482812352	0.027856435806154857	3.61245262189725e-05	0.00511635090658	0.0869748015986268
fit-rw_positive-full-prior1	rw_positive	full	1.0	none	False	sub-117	dissimilar	alpha	0.5977993093378509	1.1432571224547117	0.10974219739062499	0.3474711251325	2.6439908783617496
fit-rw_positive-full-prior1	rw_positive	full	1.0	none	False	sub-117	dissimilar	gamma	5.340247203712003	3.802171744478164	1.35126631111725	4.451775712665	14.532633010484988
fit-rw_positive-full-prior1	rw_positive	full	1.0	none	False	sub-117	dissimilar	f0	8.526538357175271	4.728734968466929	2.2992279403047498	7.5462336173	19.3231935017375
fit-rw_positive-full-prior1	rw_positive	full	1.0	none	False	sub-117	dissimilar	epsilon	0.015043339262286947	0.0249214350750497	4.0907517238865e-05	0.005702239647885	0.08335236426999972
fit-rw_positive-full-prior1	rw_positive	full	1.0	none	False	sub-118	computer	alpha	0.48122643106028423	0.4331631308816882	0.09913015600160001	0.400538418058	1.4387132464547487
fit-rw_positive-full-prior1	rw_positive	full	1.0	none	False	sub-118	computer	gamma	0.26475343654220335	0.07140471188691525	0.14861497377015	0.256332334856	0.42710637581707495
fit-rw_positive-full-prior1	rw_positive	full	1.0	none	False	sub-118	computer	f0	12.385861073407465	6.577857819185148	0.235991634313375	14.6241296623	19.8799916990525
fit-rw_positive-full-prior1	rw_positive	full	1.0	none	False	sub-118	computer	epsilon	0.06120739431550015	0.08606633403013418	0.00010675323074812502	0.04711625502585	0.2478248522183748
fit-rw_positive-full-prior1	rw_positive	full	1.0	none	False	sub-118	similar	alpha	0.4925732965810608	0.45239615801170485	0.101399417095025	0.40602944843	1.5056225278074984
fit-rw_positive-full-prior1	rw_positive	full	1.0	none	False	sub-118	similar	gamma	0.26514327048661196	0.06932628506911094	0.1465077140862	0.259956409357	0.41597193469244914
fit-rw_positive-full-prior1	rw_positive	full	1.0	none	False	sub-118	similar	f0	12.203484744934942	6.572200173521629	0.226274971909875	14.299139454799999	19.8711119687175
fit-rw_positive-full-prior1	rw_positive	full	1.0	none	False	sub-118	similar	epsilon	0.0685288962872648	0.09224883534161281	0.000103503423969	0.049457924638100004	0.2903326661945249
fit-rw_positive-full-prior1	rw_positive	full	1.0	none	False	sub-118	dissimilar	alpha	0.5089849793153365	0.44113566574447777	0.10507298130762499	0.4292667760205	1.4852953514317495
fit-rw_positive-full-prior1	rw_positive	full	1.0	none	False	sub-118	dissimilar	gamma	0.31220604886122694	0.10242822202244982	0.1523313586978	0.298624198409	0.5470404840148749
fit-rw_positive-full-prior1	rw_positive	full	1.0	none	False	sub-118	dissimilar	f0	12.351158107210571	6.526042906513155	0.233563796030375	14.48441252065	19.87418235313
fit-rw_positive-full-prior1	rw_positive	full	1.0	none	False	sub-118	dissimilar	epsilon	0.05584236981103923	0.08784399863499004	0.000122951039028775	0.04043741584215	0.25765419281047447
fit-rw_positive-full-prior1	rw_positive	full	1.0	none	False	sub-121	computer	alpha	1.0476738106903174	0.5921655894162045	0.308078965674575	0.960195770076	2.410448869146747
fit-rw_positive-full-prior1	rw_positive	full	1.0	none	False	sub-121	computer	gamma	0.7773916381456909	0.2438317047044094	0.39815507176845	0.7473516979575	1.335835794677498
fit-rw_positive-full-prior1	rw_positive	full	1.0	none	False	sub-121	computer	f0	11.135897033615223	3.1658278373757653	5.14311151228425	10.91860690285	18.369059209254996
fit-rw_positive-full-prior1	rw_positive	full	1.0	none	False	sub-121	computer	epsilon	0.02170830498463039	0.016401916146255073	0.000195834992868225	0.019552405654650003	0.05824232983061748
fit-rw_positive-full-prior1	rw_positive	full	1.0	none	False	sub-121	similar	alpha	1.0534555780636659	0.6179378675553637	0.2801814556868	0.960801807454	2.4877236672762404
fit-rw_positive-full-prior1	rw_positive	full	1.0	none	False	sub-121	similar	gamma	0.9856984144946667	0.35574298808942023	0.46682877365987496	0.9277908739895	1.8308906396312492
fit-rw_positive-full-prior1	rw_positive	full	1.0	none	False	sub-121	similar	f0	9.025542557033816	3.429615601182511	4.3724408308375	8.22471555435	18.2693728986375
fit-rw_positive-full-prior1	rw_positive	full	1.0	none	False	sub-121	similar	epsilon	0.02684028840543882	0.025118318616018813	0.00018101834695965	0.02062967680835	0.09226024091988727
fit-rw_positive-full-prior1	rw_positive	full	1.0	none	False	sub-121	dissimilar	alpha	1.0774719679640847	0.6523265756344752	0.291227496891825	0.977964835936	2.565354750066994
fit-rw_positive-full-prior1	rw_positive	full	1.0	none	False	sub-121	dissimilar	gamma	1.002449539995296	0.37519606424209984	0.469206250949375	0.938459617486	1.9246685869537492
fit-rw_positive-full-prior1	rw_positive	full	1.0	none	False	sub-121	dissimilar	f0	9.144799943654036	3.4152342201810124	4.577297143502499	8.312802586435001	18.328033726544994
fit-rw_positive-full-prior1	rw_positive	full	1.0	none	False	sub-121	dissimilar	epsilon	0.025438416190528973	0.023836498197306693	0.00021366459275259998	0.01963022347085	0.08756981187259724
fit-rw_positive-full-prior1	rw_positive	full	1.0	none	False	sub-122	computer	alpha	0.6201077224734709	0.8329346080380814	0.044757618927055	0.386598091771	2.4521007533409978
fit-rw_positive-full-prior1	rw_positive	full	1.0	none	False	sub-122	computer	gamma	0.7619427592210777	0.19915592265073254	0.44823796534537497	0.7369414757435	1.22305349264325
fit-rw_positive-full-prior1	rw_positive	full	1.0	none	False	sub-122	computer	f0	2.6695049784040012	3.864973576189982	0.0498085490601825	1.1463586345849999	16.05232513801998
fit-rw_positive-full-prior1	rw_positive	full	1.0	none	False	sub-122	computer	epsilon	0.055466875024433156	0.159555192689614	3.8102726918797503e-05	0.003617187145255	0.6739263820080734
fit-rw_positive-full-prior1	rw_positive	full	1.0	none	False	sub-122	similar	alpha	0.6430427300605461	0.8811768959703554	0.046654674119885005	0.39804413767150004	2.5530165838092422
fit-rw_positive-full-prior1	rw_positive	full	1.0	none	False	sub-122	similar	gamma	1.3336189406386108	0.5567171192374596	0.61190785834035	1.2191273276699999	2.730630577867495
fit-rw_positive-full-prior1	rw_positive	full	1.0	none	False	sub-122	similar	f0	2.5422500970394815	3.755301816236934	0.04425118240364	1.1097332882850002	15.483193950002494
fit-rw_positive-full-prior1	rw_positive	full	1.0	none	False	sub-122	similar	epsilon	0.05685342672156168	0.163076388160532	3.8572991156745e-05	0.0038467223440749997	0.6967070716632479
fit-rw_positive-full-prior1	rw_positive	full	1.0	none	False	sub-122	dissimilar	alpha	0.6428860089235778	0.8451222060247273	0.047615593317045	0.40440474941649995	2.5410724865752483
fit-rw_positive-full-prior1	rw_positive	full	1.0	none	False	sub-122	dissimilar	gamma	0.6979304700576161	0.18883659557636912	0.397961295409625	0.6753437051419999	1.1322081633004992
fit-rw_positive-full-prior1	rw_positive	full	1.0	none	False	sub-122	dissimilar	f0	2.6174250316163423	3.79441793511545	0.0458220970806075	1.14676298358	15.58389746496498
fit-rw_positive-full-prior1	rw_positive	full	1.0	none	False	sub-122	dissimilar	epsilon	0.05652262411329125	0.15834748747339408	4.1388035396015e-05	0.00395235894483	0.6570071306985713
fit-rw_positive-full-prior1	rw_positive	full	1.0	none	False	sub-124	computer	alpha	1.2278519009930093	2.254672271892422	0.35665891550035	0.6136269338475	5.717866259340246
fit-rw_positive-full-prior1	rw_positive	full	1.0	none	False	sub-124	computer	gamma	9.077437545710636	8.650153017245358	2.07274404636525	6.76188142104	30.189227210947482
fit-rw_positive-full-prior1	rw_positive	full	1.0	none	False	sub-124	computer	f0	1.4302453815706486	0.8892171582975219	0.11804743502562502	1.30985550499	3.286959814016499
fit-rw_positive-full-prior1	rw_positive	full	1.0	none	False	sub-124	computer	epsilon	0.042738388538576685	0.042794437138210434	0.003120887569854	0.0272492550521	0.15499992661202464
fit-rw_positive-full-prior1	rw_positive	full	1.0	none	False	sub-124	similar	alpha	1.2853452895597026	2.3361480627397793	0.37356250535525	0.644303330494	5.961942351411977
fit-rw_positive-full-prior1	rw_positive	full	1.0	none	False	sub-124	similar	gamma	11.61855365952943	12.08384895756264	2.109249146732	8.266127573715	41.40988695278497
fit-rw_positive-full-prior1	rw_positive	full	1.0	none	False	sub-124	similar	f0	1.4417536878920145	0.924679241440028	0.10963300752902501	1.3134202564300002	3.4124519974499927
fit-rw_positive-full-prior1	rw_positive	full	1.0	none	False	sub-124	similar	epsilon	0.046013064513949965	0.04405043290074274	0.00327775305195675	0.031353873337599994	0.1626594703108249
fit-rw_positive-full-prior1	rw_positive	full	1.0	none	False	sub-124	dissimilar	alpha	1.2676675617200253	2.4928165137365	0.35993361229645	0.6273685444354999	5.889972803265999
fit-rw_positive-full-prior1	rw_positive	full	1.0	none	False	sub-124	dissimilar	gamma	11.188542545455872	12.062242034411844	2.162108384799	7.88198901512	40.599866675162374
fit-rw_positive-full-prior1	rw_positive	full	1.0	none	False	sub-124	dissimilar	f0	1.393685774000064	0.8557075267274115	0.11772849139642501	1.276554930055	3.1673345344784973
fit-rw_positive-full-prior1	rw_positive	full	1.0	none	False	sub-124	dissimilar	epsilon	0.04483781832619079	0.04836398218096296	0.003422938154498	0.02601338294215	0.17871050584044992
fit-rw_positive-full-prior1	rw_positive	full	1.0	none	False	sub-125	computer	alpha	1.4801737407448146	1.3100527861590716	0.31838627374949996	0.947183207495	4.938321767468496
fit-rw_positive-full-prior1	rw_positive	full	1.0	none	False	sub-125	computer	gamma	0.43377409426163316	0.15146047071534366	0.2097178345632	0.41034754935100004	0.7700403559796998
fit-rw_positive-full-prior1	rw_positive	full	1.0	none	False	sub-125	computer	f0	12.003800711950726	4.6208309256756435	5.32406555499175	11.0644569674	19.8223636763925
fit-rw_positive-full-prior1	rw_positive	full	1.0	none	False	sub-125	computer	epsilon	0.018209245147315332	0.030165846005888036	5.6140782770190003e-05	0.00579660016279	0.11121742076947497
fit-rw_positive-full-prior1	rw_positive	full	1.0	none	False	sub-125	similar	alpha	1.5485556485655827	1.4023153540389153	0.324241429912125	0.9802046140934999	5.250308329052493
fit-rw_positive-full-prior1	rw_positive	full	1.0	none	False	sub-125	similar	gamma	0.4865027519832487	0.17413174000250617	0.2318117131228	0.4572852757565	0.8792298964122993
fit-rw_positive-full-prior1	rw_positive	full	1.0	none	False	sub-125	similar	f0	11.988628803357273	4.5418830821438005	5.1501967414435	11.0136993285	19.806739090854997
fit-rw_positive-full-prior1	rw_positive	full	1.0	none	False	sub-125	similar	epsilon	0.019392808852558698	0.03254065628239408	5.1433554694065e-05	0.005773330902265001	0.11703521138274976
fit-rw_positive-full-prior1	rw_positive	full	1.0	none	False	sub-125	dissimilar	alpha	1.5420713982806755	1.382928272779808	0.3340551889902	0.9848827328595	5.196625673470987
fit-rw_positive-full-prior1	rw_positive	full	1.0	none	False	sub-125	dissimilar	gamma	0.5012866973930257	0.19159677771102193	0.220629696968875	0.4715773632795	0.9289513565631493
fit-rw_positive-full-prior1	rw_positive	full	1.0	none	False	sub-125	dissimilar	f0	12.143361709925404	4.474614218990128	5.24132663205175	11.1985515738	19.8069071985025
fit-rw_positive-full-prior1	rw_positive	full	1.0	none	False	sub-125	dissimilar	epsilon	0.022049396880824162	0.03891233611459861	5.9970218715300005e-05	0.006365534184175	0.13687177720677499
fit-rw_positive-full-prior1	rw_positive	full	1.0	none	False	sub-126	computer	alpha	0.6915704945993584	0.9929634663101204	0.035673453789105004	0.4349743747315	2.870185442362489
fit-rw_positive-full-prior1	rw_positive	full	1.0	none	False	sub-126	computer	gamma	5.880006428774532	6.844105860364571	1.4808260819274999	4.18848129939	20.457196395017473
fit-rw_positive-full-prior1	rw_positive	full	1.0	none	False	sub-126	computer	f0	2.0172119667549646	3.4163529255556058	0.03902580314857	0.8316857389355	14.510272841367499
fit-rw_positive-full-prior1	rw_positive	full	1.0	none	False	sub-126	computer	epsilon	0.03836786801191668	0.15071029919105527	2.220055121556e-05	0.0014764367773	0.6685320787895747
fit-rw_positive-full-prior1	rw_positive	full	1.0	none	False	sub-126	similar	alpha	0.7148966635786111	1.0356732549667744	0.0372922937258175	0.446094273153	2.9927962369914907
fit-rw_positive-full-prior1	rw_positive	full	1.0	none	False	sub-126	similar	gamma	7.410862099797391	9.678137360576274	1.5571096461885001	4.98316848591	27.483668418079933
fit-rw_positive-full-prior1	rw_positive	full	1.0	none	False	sub-126	similar	f0	1.8960052149043214	3.313762342153868	0.0368753266983725	0.7690902817455	14.071581010614972
fit-rw_positive-full-prior1	rw_positive	full	1.0	none	False	sub-126	similar	epsilon	0.03847963221519221	0.150773332625283	2.2610828637954997e-05	0.0015015090791199999	0.6692079988245987
fit-rw_positive-full-prior1	rw_positive	full	1.0	none	False	sub-126	dissimilar	alpha	0.7181955305434358	1.0603314084464548	0.0376253571450375	0.4504214451685	2.961013637702499
fit-rw_positive-full-prior1	rw_positive	full	1.0	none	False	sub-126	dissimilar	gamma	7.535756996108166	9.223625075816418	1.738724794678	5.3016004348350005	26.776882320034883
fit-rw_positive-full-prior1	rw_positive	full	1.0	none	False	sub-126	dissimilar	f0	1.9198892401111922	3.32500931780071	0.0391288121136225	0.794329558185	14.183762574772494
fit-rw_positive-full-prior1	rw_positive	full	1.0	none	False	sub-126	dissimilar	epsilon	0.03975642107642155	0.15325927402850842	2.5450284183572503e-05	0.00166414328663	0.6811673210209386
fit-rw_positive-full-prior1	rw_positive	full	1.0	none	False	sub-127	computer	alpha	1.295214304540176	1.071188082797111	0.5806357231443999	0.926460600685	4.291273003905998
fit-rw_positive-full-prior1	rw_positive	full	1.0	none	False	sub-127	computer	gamma	2.506935321495125	1.2989822518787402	0.796903612684875	2.2498012539600003	5.669063283710997
fit-rw_positive-full-prior1	rw_positive	full	1.0	none	False	sub-127	computer	f0	15.236052082221573	3.2007738236120993	9.224123787204249	15.5083696712	19.8728435615025
fit-rw_positive-full-prior1	rw_positive	full	1.0	none	False	sub-127	computer	epsilon	0.0007032957923235717	0.0008405170309908907	1.23903063788825e-05	0.00040830508757600003	0.0029828445142947423
fit-rw_positive-full-prior1	rw_positive	full	1.0	none	False	sub-127	similar	alpha	1.3991229955118245	1.2219970412922483	0.6031368379507	0.9900468597825001	4.718756128073488
fit-rw_positive-full-prior1	rw_positive	full	1.0	none	False	sub-127	similar	gamma	4.408913835072637	3.298187633801131	1.0863017525457501	3.58557467077	12.823195949284965
fit-rw_positive-full-prior1	rw_positive	full	1.0	none	False	sub-127	similar	f0	15.066235829512774	3.181502152420705	9.1518769963935	15.255633159199999	19.854844730862496
fit-rw_positive-full-prior1	rw_positive	full	1.0	none	False	sub-127	similar	epsilon	0.000704321708724569	0.0008333141783209081	1.2104837644795001e-05	0.0004106826229325	0.00299846985193725
fit-rw_positive-full-prior1	rw_positive	full	1.0	none	False	sub-127	dissimilar	alpha	1.2790649091959938	1.0655216549862683	0.55163215173245	0.917507905768	4.189132123396
fit-rw_positive-full-prior1	rw_positive	full	1.0	none	False	sub-127	dissimilar	gamma	1.6638079040439422	0.7059893179094934	0.5595174102	1.57554645018	3.309316763072746
fit-rw_positive-full-prior1	rw_positive	full	1.0	none	False	sub-127	dissimilar	f0	14.809848617463746	3.3633490588514685	8.741922847609999	14.946594925300001	19.869042501615
fit-rw_positive-full-prior1	rw_positive	full	1.0	none	False	sub-127	dissimilar	epsilon	0.0008126027289720299	0.0010253956639484881	1.299562452959e-05	0.00046008776392150003	0.0036114314577529913
fit-rw_positive-full-prior1	rw_positive	full	1.0	none	False	sub-128	computer	alpha	2.507347582220082	3.917725402062709	0.949262012159975	1.455666478325	10.586612265064996
fit-rw_positive-full-prior1	rw_positive	full	1.0	none	False	sub-128	computer	gamma	6.485529425012705	7.03296840010814	1.1570544997325	4.573503480735	23.618150019334955
fit-rw_positive-full-prior1	rw_positive	full	1.0	none	False	sub-128	computer	f0	16.251611591729144	2.73012783948106	10.830092061725	16.7220394833	19.9078415588125
fit-rw_positive-full-prior1	rw_positive	full	1.0	none	False	sub-128	computer	epsilon	0.0018695582883535985	0.0012804599305054189	0.0001194198630568	0.00163941784297	0.004931031742514996
fit-rw_positive-full-prior1	rw_positive	full	1.0	none	False	sub-128	similar	alpha	2.5646589714652426	4.061575008835299	0.94881001933915	1.4751092530949999	10.897304170824992
fit-rw_positive-full-prior1	rw_positive	full	1.0	none	False	sub-128	similar	gamma	8.432399685018247	9.800741004928033	1.3385903802435002	5.785313042289999	32.19213272523742
fit-rw_positive-full-prior1	rw_positive	full	1.0	none	False	sub-128	similar	f0	16.02633687046186	2.8056587059681193	10.6240887737325	16.4058300379	19.900370150802498
fit-rw_positive-full-prior1	rw_positive	full	1.0	none	False	sub-128	similar	epsilon	0.001550531234137976	0.000921938364614522	0.00011528856221145	0.001450801070275	0.003543008368454498
fit-rw_positive-full-prior1	rw_positive	full	1.0	none	False	sub-128	dissimilar	alpha	2.663881512846863	4.039351000646885	1.023954094911	1.559570166935	11.255171123289848
fit-rw_positive-full-prior1	rw_positive	full	1.0	none	False	sub-128	dissimilar	gamma	8.092315009785485	9.7842802442001	1.107160175007	5.347845068250001	31.57794345500249
fit-rw_positive-full-prior1	rw_positive	full	1.0	none	False	sub-128	dissimilar	f0	16.306721059793126	2.6280804796692747	11.10666869151	16.7427758614	19.89498785676
fit-rw_positive-full-prior1	rw_positive	full	1.0	none	False	sub-128	dissimilar	epsilon	0.0025026713296899153	0.001842860709367669	0.00013423158311385	0.00211094590964	0.007216068443401242
fit-rw_positive-full-prior1	rw_positive	full	1.0	none	False	sub-129	computer	alpha	1.3907901445200732	1.991714828827823	0.291676161994675	0.6502326483915	7.07997480951749
fit-rw_positive-full-prior1	rw_positive	full	1.0	none	False	sub-129	computer	gamma	1.0177223611599167	0.40309889597995696	0.389201577485625	0.9845650003049999	1.9045332773272494
fit-rw_positive-full-prior1	rw_positive	full	1.0	none	False	sub-129	computer	f0	12.194960434118448	4.692949558822524	4.642676719185251	12.0440551076	19.773154106472496
fit-rw_positive-full-prior1	rw_positive	full	1.0	none	False	sub-129	computer	epsilon	0.003227108054702087	0.005972415461002538	2.29750689810425e-05	0.0013033408331349998	0.01884026464879246
fit-rw_positive-full-prior1	rw_positive	full	1.0	none	False	sub-129	similar	alpha	1.436128524684999	2.0778228122835793	0.2868860104946	0.6557793029545	7.28827038930225
fit-rw_positive-full-prior1	rw_positive	full	1.0	none	False	sub-129	similar	gamma	1.6455337362954863	0.8555916951916716	0.5098705525968	1.496111668035	3.7278073075679994
fit-rw_positive-full-prior1	rw_positive	full	1.0	none	False	sub-129	similar	f0	11.751408990594868	4.78105091011404	4.4650511635282495	11.40450769565	19.761076824922498
fit-rw_positive-full-prior1	rw_positive	full	1.0	none	False	sub-129	similar	epsilon	0.003251032942106825	0.005789043442547962	2.2719755632972498e-05	0.00130929353144	0.019134189611779984
fit-rw_positive-full-prior1	rw_positive	full	1.0	none	False	sub-129	dissimilar	alpha	1.4765296720652707	2.153236113147745	0.30944026063212504	0.6850498678415	7.544824601677498
fit-rw_positive-full-prior1	rw_positive	full	1.0	none	False	sub-129	dissimilar	gamma	0.9939240518464951	0.3947970097339664	0.39437250468387497	0.951418985376	1.8869365977264991
fit-rw_positive-full-prior1	rw_positive	full	1.0	none	False	sub-129	dissimilar	f0	12.086062443440412	4.649666668180404	4.74259588129625	11.9040890825	19.75809483103
fit-rw_positive-full-prior1	rw_positive	full	1.0	none	False	sub-129	dissimilar	epsilon	0.003539186575823099	0.0063891459583668726	2.493149099972e-05	0.00144074147695	0.020500623298612464
fit-rw_positive-full-prior1	rw_positive	full	1.0	none	False	sub-130	computer	alpha	0.7729353894943749	1.050552830428647	0.032424319593615	0.5020086741245	3.1767246897159978
fit-rw_positive-full-prior1	rw_positive	full	1.0	none	False	sub-130	computer	gamma	1.248947085110472	0.33342008528948036	0.699274673416725	1.21494776534	2.0025179531747495
fit-rw_positive-full-prior1	rw_positive	full	1.0	none	False	sub-130	computer	f0	1.4688439494222048	3.088382561351651	0.032103340903265	0.606842864302	13.58790353333999
fit-rw_positive-full-prior1	rw_positive	full	1.0	none	False	sub-130	computer	epsilon	0.03526447228612392	0.15595707282137236	2.1391185401775e-05	0.001138095563655	0.7455973036565969
fit-rw_positive-full-prior1	rw_positive	full	1.0	none	False	sub-130	similar	alpha	0.7998877989841727	1.0859964366799972	0.03366860593221	0.518273140086	3.3132963875597476
fit-rw_positive-full-prior1	rw_positive	full	1.0	none	False	sub-130	similar	gamma	2.181001586052251	1.0996116260342537	0.890017816725575	1.93708414382	4.928745430340747
fit-rw_positive-full-prior1	rw_positive	full	1.0	none	False	sub-130	similar	f0	1.3897098234002463	3.013445204364834	0.0296449487128475	0.555277984693	13.044781180929947
fit-rw_positive-full-prior1	rw_positive	full	1.0	none	False	sub-130	similar	epsilon	0.03540557198537619	0.15594132117111784	2.0152688002014998e-05	0.001155955131315	0.736056941894924
fit-rw_positive-full-prior1	rw_positive	full	1.0	none	False	sub-130	dissimilar	alpha	0.8028022373242936	1.0839131634038535	0.0339215729590675	0.5221410684395	3.3084470406127453
fit-rw_positive-full-prior1	rw_positive	full	1.0	none	False	sub-130	dissimilar	gamma	2.0587417802145107	1.018860159178116	0.85724744946035	1.82974119055	4.60569678056575
fit-rw_positive-full-prior1	rw_positive	full	1.0	none	False	sub-130	dissimilar	f0	1.4106484685407594	3.014595972276838	0.0309712970310825	0.5721897338845	13.141891329537499
fit-rw_positive-full-prior1	rw_positive	full	1.0	none	False	sub-130	dissimilar	epsilon	0.03620785576175137	0.15776296296724157	2.2864786129185e-05	0.00128075654042	0.7588318132618244
fit-rw_positive-full-prior1	rw_positive	full	1.0	none	False	sub-132	computer	alpha	0.6767187487041778	1.2931748775917262	0.039083760330377505	0.42276958989900004	2.755999905529249
fit-rw_positive-full-prior1	rw_positive	full	1.0	none	False	sub-132	computer	gamma	3.21650970341951	2.5724932924817607	1.22578788446975	2.634050440355	8.787046119701747
fit-rw_positive-full-prior1	rw_positive	full	1.0	none	False	sub-132	computer	f0	2.6268109951146728	4.015571734987868	0.040801715404405	1.089151669155	16.62805536321997
fit-rw_positive-full-prior1	rw_positive	full	1.0	none	False	sub-132	computer	epsilon	0.038038077133596075	0.14853011757724002	2.29382419981975e-05	0.00145862220286	0.6334835364505721
fit-rw_positive-full-prior1	rw_positive	full	1.0	none	False	sub-132	similar	alpha	0.7030994936149464	1.366008061283733	0.039373279741824994	0.43280617301400004	2.9095233703362458
fit-rw_positive-full-prior1	rw_positive	full	1.0	none	False	sub-132	similar	gamma	4.530176192455995	3.8825952632062024	1.388057902785	3.56122938678	13.62726625129249
fit-rw_positive-full-prior1	rw_positive	full	1.0	none	False	sub-132	similar	f0	2.379498003720779	3.849138196614596	0.0387989019814825	0.948139248875	16.213783724139972
fit-rw_positive-full-prior1	rw_positive	full	1.0	none	False	sub-132	similar	epsilon	0.03947631154040364	0.15129560016391017	2.2288684621400004e-05	0.0015014899969549998	0.6546320593322736
fit-rw_positive-full-prior1	rw_positive	full	1.0	none	False	sub-132	dissimilar	alpha	0.701390599504819	1.3301347175796385	0.04054100095414501	0.43673120828199996	2.86661133519774
fit-rw_positive-full-prior1	rw_positive	full	1.0	none	False	sub-132	dissimilar	gamma	4.56491260612352	4.21697573231858	1.4410452807112502	3.57887652757	13.424934057512466
fit-rw_positive-full-prior1	rw_positive	full	1.0	none	False	sub-132	dissimilar	f0	2.419675691161889	3.8682183091089875	0.039922945764715	0.9794457231189999	16.367801871672494
fit-rw_positive-full-prior1	rw_positive	full	1.0	none	False	sub-132	dissimilar	epsilon	0.04026832956062726	0.15337888005437353	2.505459722783e-05	0.001650756498325	0.6767469561248732
fit-rw_positive-full-prior1	rw_positive	full	1.0	none	False	sub-133	computer	alpha	0.4654958784799294	0.7406292903727799	0.051608757944935	0.19257457341349998	2.123095408558494
fit-rw_positive-full-prior1	rw_positive	full	1.0	none	False	sub-133	computer	gamma	4.2334658938559535	4.807450444406302	1.0798735991057502	2.8162644767250002	15.175864249597488
fit-rw_positive-full-prior1	rw_positive	full	1.0	none	False	sub-133	computer	f0	7.513422511900148	7.170627531977683	0.073235060153615	4.18470086558	19.717606311642502
fit-rw_positive-full-prior1	rw_positive	full	1.0	none	False	sub-133	computer	epsilon	0.09164874961409568	0.16599771848474598	2.991269035431e-05	0.007134355873784999	0.6435070485847972
fit-rw_positive-full-prior1	rw_positive	full	1.0	none	False	sub-133	similar	alpha	0.4798138936171566	0.7542864687643316	0.055336932065980005	0.197006501108	2.2384330712097396
fit-rw_positive-full-prior1	rw_positive	full	1.0	none	False	sub-133	similar	gamma	5.422006068364477	7.324152764220357	1.07821806430225	3.0179183213150003	22.468805258204974
fit-rw_positive-full-prior1	rw_positive	full	1.0	none	False	sub-133	similar	f0	7.538340431728382	7.145489338504081	0.06679083661744	4.271566048515	19.6789102815175
fit-rw_positive-full-prior1	rw_positive	full	1.0	none	False	sub-133	similar	epsilon	0.08112233721809357	0.1561000794454803	2.9696626562632505e-05	0.007779503440665	0.6429060428962197
fit-rw_positive-full-prior1	rw_positive	full	1.0	none	False	sub-133	dissimilar	alpha	0.48237597130343896	0.7688163447123224	0.0548894826426	0.2046320371435	2.208620031635245
fit-rw_positive-full-prior1	rw_positive	full	1.0	none	False	sub-133	dissimilar	gamma	4.954703761996457	6.525312634796052	1.07547061883975	3.069780755235	19.904617895624988
fit-rw_positive-full-prior1	rw_positive	full	1.0	none	False	sub-133	dissimilar	f0	7.576553175195811	7.147653079665696	0.07059145087996249	4.32754355927	19.682712976934997
fit-rw_positive-full-prior1	rw_positive	full	1.0	none	False	sub-133	dissimilar	epsilon	0.08944445333226113	0.16023082785917905	3.2836495552847504e-05	0.008570325731865	0.619976576872849
fit-rw_positive-full-prior1	rw_positive	full	1.0	none	False	sub-134	computer	alpha	0.8920810801754138	0.8577579763294088	0.0836777909628825	0.686671487694	2.9649323813814883
fit-rw_positive-full-prior1	rw_positive	full	1.0	none	False	sub-134	computer	gamma	0.9727490724376757	0.26457463825631033	0.560644742800425	0.9378432223665001	1.5940959903842495
fit-rw_positive-full-prior1	rw_positive	full	1.0	none	False	sub-134	computer	f0	3.662338403196368	3.56766618902715	0.49010512709295	2.501482014575	16.3122723997975
fit-rw_positive-full-prior1	rw_positive	full	1.0	none	False	sub-134	computer	epsilon	0.013733472676641009	0.06064176579819668	2.6734511992105e-05	0.00208565450953	0.09547755693169732
fit-rw_positive-full-prior1	rw_positive	full	1.0	none	False	sub-134	similar	alpha	0.9380337400071542	0.9267323900030466	0.086849622053985	0.71419951264	3.1588808354610003
fit-rw_positive-full-prior1	rw_positive	full	1.0	none	False	sub-134	similar	gamma	1.8006374057664556	0.960302914256778	0.72422377356655	1.56186971413	4.279331896274748
fit-rw_positive-full-prior1	rw_positive	full	1.0	none	False	sub-134	similar	f0	3.5150959270222635	3.4522850806715266	0.4730836621764	2.38315818959	15.840255825312488
fit-rw_positive-full-prior1	rw_positive	full	1.0	none	False	sub-134	similar	epsilon	0.013875606659450137	0.058586279392795926	2.539866244504e-05	0.0021585955093749998	0.1001248672707985
fit-rw_positive-full-prior1	rw_positive	full	1.0	none	False	sub-134	dissimilar	alpha	0.9171824808636984	0.8809542240015155	0.0880504536622475	0.7070365015495	3.0228441006804982
fit-rw_positive-full-prior1	rw_positive	full	1.0	none	False	sub-134	dissimilar	gamma	1.3282842949667852	0.6076629351060197	0.5876437264777	1.1938404447300002	2.8808340714982483
fit-rw_positive-full-prior1	rw_positive	full	1.0	none	False	sub-134	dissimilar	f0	3.5179609433736405	3.470507929671298	0.48217272726660004	2.39349036844	15.820409051144948
fit-rw_positive-full-prior1	rw_positive	full	1.0	none	False	sub-134	dissimilar	epsilon	0.014565836420676551	0.06280879385356257	2.900409860001e-05	0.00228226157445	0.10531095169774957
fit-rw_positive-full-prior1	rw_positive	full	1.0	none	False	sub-135	computer	alpha	1.3758632858283202	0.7347049191468121	0.834209189193	1.14895158468	3.305996781652242
fit-rw_positive-full-prior1	rw_positive	full	1.0	none	False	sub-135	computer	gamma	0.4208553581919226	0.16001126451704847	0.16470391630404999	0.4002618073675	0.7850632237426749
fit-rw_positive-full-prior1	rw_positive	full	1.0	none	False	sub-135	computer	f0	17.341406357983477	2.1526743965951787	12.329290553167501	17.8525245629	19.936863256755
fit-rw_positive-full-prior1	rw_positive	full	1.0	none	False	sub-135	computer	epsilon	0.0006487676818127445	0.0007721907248073086	1.06762932259425e-05	0.000385345188442	0.002797619435556249
fit-rw_positive-full-prior1	rw_positive	full	1.0	none	False	sub-135	similar	alpha	1.4666311742884148	0.824965376094412	0.88693026408405	1.206119952565	3.643992571134996
fit-rw_positive-full-prior1	rw_positive	full	1.0	none	False	sub-135	similar	gamma	1.188748696001353	0.7809011971360152	0.2930598715319	0.9963267433915	3.1876665395959987
fit-rw_positive-full-prior1	rw_positive	full	1.0	none	False	sub-135	similar	f0	17.243251634143007	2.1732981189714398	12.258959262127501	17.73014904285	19.9293161013075
fit-rw_positive-full-prior1	rw_positive	full	1.0	none	False	sub-135	similar	epsilon	0.0006638200928239399	0.0007812680667099325	1.0622676667192501e-05	0.000387028888624	0.0028673862819239993
fit-rw_positive-full-prior1	rw_positive	full	1.0	none	False	sub-135	dissimilar	alpha	1.39609167797802	0.7206054353109537	0.82628068492745	1.178709578775	3.2690731881559993
fit-rw_positive-full-prior1	rw_positive	full	1.0	none	False	sub-135	dissimilar	gamma	0.21593068522826228	0.07023193582792388	0.09567786782839001	0.21000462634	0.3682974774531998
fit-rw_positive-full-prior1	rw_positive	full	1.0	none	False	sub-135	dissimilar	f0	17.2721917149468	2.1720675441682	12.2526070603775	17.7718772113	19.931346227845
fit-rw_positive-full-prior1	rw_positive	full	1.0	none	False	sub-135	dissimilar	epsilon	0.0007435510177715976	0.000915311135665826	1.14499702988425e-05	0.0004263232629975	0.0032945346253962435
fit-rw_positive-full-prior1	rw_positive	full	1.0	none	False	sub-136	computer	alpha	0.39644643410822045	0.14703223740266985	0.203753386354075	0.36499982022550004	0.7596397530973744
fit-rw_positive-full-prior1	rw_positive	full	1.0	none	False	sub-136	computer	gamma	1.0411013089745003	0.28669684195009015	0.5748148778146	1.00806996701	1.6759153827184996
fit-rw_positive-full-prior1	rw_positive	full	1.0	none	False	sub-136	computer	f0	15.38107228297326	3.332196393181427	8.215045783791751	15.8167902893	19.877759722205
fit-rw_positive-full-prior1	rw_positive	full	1.0	none	False	sub-136	computer	epsilon	0.0525045735850238	0.03500468029797945	0.009066228672661	0.04443552782225	0.1428641028723499
fit-rw_positive-full-prior1	rw_positive	full	1.0	none	False	sub-136	similar	alpha	0.4331672996102987	0.1641652216608897	0.21973382491944998	0.39627577233550004	0.849985237902624
fit-rw_positive-full-prior1	rw_positive	full	1.0	none	False	sub-136	similar	gamma	1.6353944395383764	0.6431550660743366	0.7130945776882001	1.527123563045	3.210755028607747
fit-rw_positive-full-prior1	rw_positive	full	1.0	none	False	sub-136	similar	f0	15.413594654734188	3.1830118853865663	8.613077091154	15.7866595795	19.86089117071
fit-rw_positive-full-prior1	rw_positive	full	1.0	none	False	sub-136	similar	epsilon	0.04093627857902462	0.022891306184613897	0.00772976642929625	0.0370526907743	0.09677886574488234
fit-rw_positive-full-prior1	rw_positive	full	1.0	none	False	sub-136	dissimilar	alpha	0.39604683963918524	0.1453691480079051	0.1998474553124	0.36606613432	0.7526388354719749
fit-rw_positive-full-prior1	rw_positive	full	1.0	none	False	sub-136	dissimilar	gamma	1.139497504507223	0.378923033951785	0.5652434308676251	1.0862208985900002	2.024337509907749
fit-rw_positive-full-prior1	rw_positive	full	1.0	none	False	sub-136	dissimilar	f0	15.329198643953989	3.3393846483733878	8.10881504073	15.7965429011	19.869005792682497
fit-rw_positive-full-prior1	rw_positive	full	1.0	none	False	sub-136	dissimilar	epsilon	0.0674609338040546	0.04088996110401825	0.012082932465365	0.06074700389455	0.1630839187151747
fit-rw_positive-full-prior1	rw_positive	full	1.0	none	False	sub-137	computer	alpha	1.1543613634117185	1.2428057440598244	0.43350934523995005	0.7764430955424999	4.139163696178496
fit-rw_positive-full-prior1	rw_positive	full	1.0	none	False	sub-137	computer	gamma	1.8288887825103168	0.8609773700161841	0.60645980904985	1.6881032655300001	3.894862771710994
fit-rw_positive-full-prior1	rw_positive	full	1.0	none	False	sub-137	computer	f0	14.142963432030665	3.7172757804066054	7.618715449861	14.15148255385	19.823373107167498
fit-rw_positive-full-prior1	rw_positive	full	1.0	none	False	sub-137	computer	epsilon	0.0012376557168001746	0.0015288195176170465	1.5564679973782503e-05	0.0006997581350324999	0.005471400093851999
fit-rw_positive-full-prior1	rw_positive	full	1.0	none	False	sub-137	similar	alpha	1.1514247063275878	1.3216742164893078	0.4101519388353	0.7672212365785	4.097669290328497
fit-rw_positive-full-prior1	rw_positive	full	1.0	none	False	sub-137	similar	gamma	1.2665969614003145	0.501971803653395	0.45754237246412505	1.213634832075	2.405443860267999
fit-rw_positive-full-prior1	rw_positive	full	1.0	none	False	sub-137	similar	f0	13.658151876362332	3.9020612185017716	7.032157651403749	13.530743379299999	19.818907561139998
fit-rw_positive-full-prior1	rw_positive	full	1.0	none	False	sub-137	similar	epsilon	0.0014456485854271103	0.002127599003802268	1.5711840115895e-05	0.000718231427997	0.007086657144933249
fit-rw_positive-full-prior1	rw_positive	full	1.0	none	False	sub-137	dissimilar	alpha	1.2542236264268394	1.38254451897416	0.468305445510175	0.837497626727	4.557278073210743
fit-rw_positive-full-prior1	rw_positive	full	1.0	none	False	sub-137	dissimilar	gamma	3.466119959907604	2.3459374374456674	0.8812345728999751	2.91852871831	9.419671475052748
fit-rw_positive-full-prior1	rw_positive	full	1.0	none	False	sub-137	dissimilar	f0	14.132192467191475	3.622246243165061	7.82419620047675	14.115079447700001	19.810768669709997
fit-rw_positive-full-prior1	rw_positive	full	1.0	none	False	sub-137	dissimilar	epsilon	0.001245971063083812	0.0014004030913933026	1.76085908058225e-05	0.000755430542247	0.0050408761591822435
fit-rw_positive-full-prior1	rw_positive	full	1.0	none	False	sub-138	computer	alpha	0.7502036123584707	0.5143427682183135	0.133523688869525	0.6862465105665	1.7905393984622497
fit-rw_positive-full-prior1	rw_positive	full	1.0	none	False	sub-138	computer	gamma	0.3808124704772422	0.09243401857366541	0.2284006662648	0.37061956925600004	0.5911188516649247
fit-rw_positive-full-prior1	rw_positive	full	1.0	none	False	sub-138	computer	f0	7.115399228191211	5.480235268465959	0.18551125761735	5.889234094575	19.2332538153625
fit-rw_positive-full-prior1	rw_positive	full	1.0	none	False	sub-138	computer	epsilon	0.09590347751930392	0.11842092540048908	9.253757513685e-05	0.047607605665650005	0.40143714107254963
fit-rw_positive-full-prior1	rw_positive	full	1.0	none	False	sub-138	similar	alpha	0.7725721236034978	0.5328800049181048	0.1361983273555	0.70628999402	1.8637899817179995
fit-rw_positive-full-prior1	rw_positive	full	1.0	none	False	sub-138	similar	gamma	0.41296236143177595	0.11234399811642794	0.2306548486286	0.3996256525685	0.6695371753332999
fit-rw_positive-full-prior1	rw_positive	full	1.0	none	False	sub-138	similar	f0	6.905056378900175	5.397174275352931	0.171706895973175	5.67376725398	19.1537764998025
fit-rw_positive-full-prior1	rw_positive	full	1.0	none	False	sub-138	similar	epsilon	0.10970651163076317	0.13552375267554306	8.495890496534e-05	0.047173648920099995	0.45863799459789983
fit-rw_positive-full-prior1	rw_positive	full	1.0	none	False	sub-138	dissimilar	alpha	0.7704907774015068	0.5257215309287451	0.13890865475505	0.7111882297150001	1.8171725323032497
fit-rw_positive-full-prior1	rw_positive	full	1.0	none	False	sub-138	dissimilar	gamma	0.550037577571481	0.16878140925992813	0.2998581636159	0.523235001285	0.9562596314317746
fit-rw_positive-full-prior1	rw_positive	full	1.0	none	False	sub-138	dissimilar	f0	7.004191544733542	5.39472050430253	0.172050755852925	5.86416823267	19.152145003662497
fit-rw_positive-full-prior1	rw_positive	full	1.0	none	False	sub-138	dissimilar	epsilon	0.11018665368141767	0.13566153404625594	9.81851879825575e-05	0.0495349898021	0.4555750500563499
fit-rw_positive-full-prior1	rw_positive	full	1.0	none	False	sub-140	computer	alpha	0.6551445551568067	0.4342469982256741	0.1157198392511	0.5825296144695	1.6504120761924996
fit-rw_positive-full-prior1	rw_positive	full	1.0	none	False	sub-140	computer	gamma	0.4569979717949399	0.11449862295133434	0.27657198820039997	0.441405210221	0.7281024691785248
fit-rw_positive-full-prior1	rw_positive	full	1.0	none	False	sub-140	computer	f0	6.640618207651591	5.082108342703532	0.2138031209996	5.30774578669	18.983861747499997
fit-rw_positive-full-prior1	rw_positive	full	1.0	none	False	sub-140	computer	epsilon	0.09345783605501441	0.13764884798158294	7.3364950303e-05	0.016766890093600002	0.46230719788992486
fit-rw_positive-full-prior1	rw_positive	full	1.0	none	False	sub-140	similar	alpha	0.6823228532769064	0.4565198096999619	0.119677772408775	0.5988749917014999	1.74208978731625
fit-rw_positive-full-prior1	rw_positive	full	1.0	none	False	sub-140	similar	gamma	0.6470661811293252	0.19837870179569475	0.347478125343	0.6179722680285	1.1159359150497494
fit-rw_positive-full-prior1	rw_positive	full	1.0	none	False	sub-140	similar	f0	6.524245160416969	5.044265006549139	0.19094587713895	5.2378990524999995	18.901706864884986
fit-rw_positive-full-prior1	rw_positive	full	1.0	none	False	sub-140	similar	epsilon	0.09547368812933946	0.1415118964100266	7.477043432361001e-05	0.0164528786834	0.4760732393862748
fit-rw_positive-full-prior1	rw_positive	full	1.0	none	False	sub-140	dissimilar	alpha	0.6776998624219754	0.4492278326543731	0.120437478750875	0.597369980423	1.7177874610834998
fit-rw_positive-full-prior1	rw_positive	full	1.0	none	False	sub-140	dissimilar	gamma	0.40055736515822693	0.10317312456228654	0.23259556367370002	0.38828727493299997	0.6334602805058748
fit-rw_positive-full-prior1	rw_positive	full	1.0	none	False	sub-140	dissimilar	f0	6.594330787767467	5.062007734951725	0.202689889719075	5.28965120177	18.942574972215
fit-rw_positive-full-prior1	rw_positive	full	1.0	none	False	sub-140	dissimilar	epsilon	0.09980496756916261	0.14781631355952607	7.82529655300275e-05	0.01841766265095	0.4965738076376747
fit-rw_positive-full-prior1	rw_positive	full	1.0	none	False	sub-141	computer	alpha	0.8173622521647965	2.617657236428199	0.0346609242936425	0.508515067166	3.2898800650237487
fit-rw_positive-full-prior1	rw_positive	full	1.0	none	False	sub-141	computer	gamma	1.1307991407138613	0.29939937281387835	0.6346288825195	1.10047200684	1.7953386000637495
fit-rw_positive-full-prior1	rw_positive	full	1.0	none	False	sub-141	computer	f0	1.4937022192314935	3.133628869579326	0.0334496600337425	0.5976837582029999	13.930639067757493
fit-rw_positive-full-prior1	rw_positive	full	1.0	none	False	sub-141	computer	epsilon	0.03935993406886915	0.16553320103949867	2.2436362334532498e-05	0.0012485290094699998	0.799135295563073
fit-rw_positive-full-prior1	rw_positive	full	1.0	none	False	sub-141	similar	alpha	0.8469183690816567	2.5735455805275977	0.03641646327284	0.5243047272275	3.453251837237499
fit-rw_positive-full-prior1	rw_positive	full	1.0	none	False	sub-141	similar	gamma	1.9101254454013203	0.9268879256217465	0.81329665259305	1.69865857516	4.214894677845499
fit-rw_positive-full-prior1	rw_positive	full	1.0	none	False	sub-141	similar	f0	1.4263014342708427	3.0614728220409013	0.02984730558254	0.5555332616305	13.54382346854249
fit-rw_positive-full-prior1	rw_positive	full	1.0	none	False	sub-141	similar	epsilon	0.039323352879005326	0.16490323615844346	2.1964650200940003e-05	0.001250632782635	0.7945631298528496
fit-rw_positive-full-prior1	rw_positive	full	1.0	none	False	sub-141	dissimilar	alpha	0.8510091330915976	3.0661901845164152	0.036610211602797496	0.5296616424239999	3.414440330419485
fit-rw_positive-full-prior1	rw_positive	full	1.0	none	False	sub-141	dissimilar	gamma	1.9404354818787755	0.9360183041794538	0.8220021376077	1.7349718649349999	4.287785369313499
fit-rw_positive-full-prior1	rw_positive	full	1.0	none	False	sub-141	dissimilar	f0	1.4496215338174394	3.078482926636809	0.031289818821570003	0.5771949310444999	13.51081472684247
fit-rw_positive-full-prior1	rw_positive	full	1.0	none	False	sub-141	dissimilar	epsilon	0.04039032001443024	0.16778033860432667	2.52174102493725e-05	0.001398093578535	0.8046858631795244
fit-rw_positive-full-prior1	rw_positive	full	1.0	none	False	sub-142	computer	alpha	0.45927116347915914	0.6976203280576424	0.055444493727255	0.2087685125965	2.05285304165125
fit-rw_positive-full-prior1	rw_positive	full	1.0	none	False	sub-142	computer	gamma	3.6712818136895438	2.6715870962876886	1.09656691207575	2.93065273848	10.53731074695748
fit-rw_positive-full-prior1	rw_positive	full	1.0	none	False	sub-142	computer	f0	8.357477039383957	7.517471749243309	0.10157900976042501	5.290785770119999	19.816161399435
fit-rw_positive-full-prior1	rw_positive	full	1.0	none	False	sub-142	computer	epsilon	0.11439673892799036	0.18927096479737085	3.5335368246025e-05	0.007710528431745	0.7333205765103987
fit-rw_positive-full-prior1	rw_positive	full	1.0	none	False	sub-142	similar	alpha	0.47824894010305247	0.7393966473021809	0.0605213212538475	0.2217547317625	2.09028638750025
fit-rw_positive-full-prior1	rw_positive	full	1.0	none	False	sub-142	similar	gamma	4.730387461676119	4.998065391963058	0.97657975347745	3.086955771815	17.545663271514996
fit-rw_positive-full-prior1	rw_positive	full	1.0	none	False	sub-142	similar	f0	8.445981086420293	7.384917911827226	0.09167575699527	6.00399286267	19.78708202082
fit-rw_positive-full-prior1	rw_positive	full	1.0	none	False	sub-142	similar	epsilon	0.09521078885833444	0.16017452205333776	3.3677476684765e-05	0.008890263469165001	0.6089947658918246
fit-rw_positive-full-prior1	rw_positive	full	1.0	none	False	sub-142	dissimilar	alpha	0.4733117073905899	0.7059305784774921	0.057567144745185005	0.219408239492	2.130597132328247
fit-rw_positive-full-prior1	rw_positive	full	1.0	none	False	sub-142	dissimilar	gamma	3.4705122957406442	2.43743280174151	1.09717092806075	2.83121402237	9.679817302453984
fit-rw_positive-full-prior1	rw_positive	full	1.0	none	False	sub-142	dissimilar	f0	8.424368278943001	7.410775113985492	0.09606798645096751	5.787968085325	19.7920276152225
fit-rw_positive-full-prior1	rw_positive	full	1.0	none	False	sub-142	dissimilar	epsilon	0.11655876877895055	0.1905531663553466	3.980473656955001e-05	0.009019078689705	0.7330586346534499
fit-rw_positive-full-prior1	rw_positive	full	1.0	none	False	sub-143	computer	alpha	0.5898380026749706	0.40066170953489844	0.101101976449	0.5164607523775	1.571231569879743
fit-rw_positive-full-prior1	rw_positive	full	1.0	none	False	sub-143	computer	gamma	1.4836068792983013	0.6049619117711335	0.71091453638535	1.354720343325	3.0062982500549933
fit-rw_positive-full-prior1	rw_positive	full	1.0	none	False	sub-143	computer	f0	5.468203992654465	3.8541712045251915	1.2291615254855	4.25827857302	17.461913672177495
fit-rw_positive-full-prior1	rw_positive	full	1.0	none	False	sub-143	computer	epsilon	0.017291126378393994	0.03278553042745527	4.774666335330001e-05	0.006092824206865	0.10006705021642494
fit-rw_positive-full-prior1	rw_positive	full	1.0	none	False	sub-143	similar	alpha	0.5936990501367811	0.4110440637714463	0.0985072181653025	0.517529295809	1.5952964230044984
fit-rw_positive-full-prior1	rw_positive	full	1.0	none	False	sub-143	similar	gamma	1.5609400812823497	0.5828516114368127	0.7336298254125251	1.45996017528	2.9643339341524975
fit-rw_positive-full-prior1	rw_positive	full	1.0	none	False	sub-143	similar	f0	5.090915738743748	3.7966878072571095	1.13403470545425	3.84341539472	17.213747072304994
fit-rw_positive-full-prior1	rw_positive	full	1.0	none	False	sub-143	similar	epsilon	0.01769913622656387	0.03662715682576072	4.4216286675592503e-05	0.005950851936575	0.1116297126789745
fit-rw_positive-full-prior1	rw_positive	full	1.0	none	False	sub-143	dissimilar	alpha	0.6214210654342504	0.4088011790550213	0.11028397221165	0.55073131	1.6220850728332497
fit-rw_positive-full-prior1	rw_positive	full	1.0	none	False	sub-143	dissimilar	gamma	1.4496133249235097	0.5771227745033777	0.6567913328273001	1.337319617835	2.8772068845562484
fit-rw_positive-full-prior1	rw_positive	full	1.0	none	False	sub-143	dissimilar	f0	5.465172744986442	3.8046464176645043	1.17595291049	4.29882275719	17.194677781269995
fit-rw_positive-full-prior1	rw_positive	full	1.0	none	False	sub-143	dissimilar	epsilon	0.02047545715364743	0.03674082136383412	4.999823656918501e-05	0.007083323510730001	0.11923517595582475
fit-rw_positive-full-prior1	rw_positive	full	1.0	none	False	sub-144	computer	alpha	1.5472776153329906	1.8630851297104978	0.6165344498548	0.968528881435	5.994913698413489
fit-rw_positive-full-prior1	rw_positive	full	1.0	none	False	sub-144	computer	gamma	3.9106147443025177	2.745232392193908	0.9309142234298251	3.24943522668	10.716284084414998
fit-rw_positive-full-prior1	rw_positive	full	1.0	none	False	sub-144	computer	f0	15.293941589019063	3.315759204346017	9.0127913609325	15.73477216505	19.8847598292375
fit-rw_positive-full-prior1	rw_positive	full	1.0	none	False	sub-144	computer	epsilon	0.0008257067624800328	0.0009016255067022807	1.48922242518275e-05	0.000528781448394	0.003287116559973248
fit-rw_positive-full-prior1	rw_positive	full	1.0	none	False	sub-144	similar	alpha	1.6016400865355862	2.023392430702942	0.610555713300075	0.99158336339	6.370460758330494
fit-rw_positive-full-prior1	rw_positive	full	1.0	none	False	sub-144	similar	gamma	5.8037443782653835	4.929486468500548	1.1581439002405	4.535773498235	17.84923632902749
fit-rw_positive-full-prior1	rw_positive	full	1.0	none	False	sub-144	similar	f0	15.02885733985263	3.3771213669628946	8.80157041200775	15.34465653145	19.875994307145
fit-rw_positive-full-prior1	rw_positive	full	1.0	none	False	sub-144	similar	epsilon	0.0009020123888671826	0.0010672386956922565	1.461153505355e-05	0.0005343009852640001	0.003875083314118748
fit-rw_positive-full-prior1	rw_positive	full	1.0	none	False	sub-144	dissimilar	alpha	1.6175502298658688	1.8756647529461663	0.6543775179838	1.02433254836	6.316092229875245
fit-rw_positive-full-prior1	rw_positive	full	1.0	none	False	sub-144	dissimilar	gamma	3.7680241676842563	2.875575601514869	0.83086190087125	3.0191719782349997	11.242506705867491
fit-rw_positive-full-prior1	rw_positive	full	1.0	none	False	sub-144	dissimilar	f0	15.257213670647555	3.2412507576255303	9.183974408079001	15.624606983900001	19.87423283548
fit-rw_positive-full-prior1	rw_positive	full	1.0	none	False	sub-144	dissimilar	epsilon	0.0009077214292735669	0.0010192033647670516	1.6686326809007498e-05	0.0005766427556189999	0.0036640143399769916
fit-rw_positive-full-prior1	rw_positive	full	1.0	none	False	sub-147	computer	alpha	1.8011504321466183	0.9946528483212276	0.526265035710875	1.5784231963400002	4.318013233553499
fit-rw_positive-full-prior1	rw_positive	full	1.0	none	False	sub-147	computer	gamma	0.5151241569728006	0.1137577221328971	0.32243037131095	0.504386750305	0.7671162987127
fit-rw_positive-full-prior1	rw_positive	full	1.0	none	False	sub-147	computer	f0	2.6012379940090233	1.7183552473917325	0.13891896718505	2.49197844468	6.054985647534992
fit-rw_positive-full-prior1	rw_positive	full	1.0	none	False	sub-147	computer	epsilon	0.017112446792015013	0.019144744211059276	0.00010424442162165	0.01261002581005	0.06360370559366745
fit-rw_positive-full-prior1	rw_positive	full	1.0	none	False	sub-147	similar	alpha	1.9069792710951206	1.0896089439694263	0.5398309293240501	1.65911633148	4.672684689548993
fit-rw_positive-full-prior1	rw_positive	full	1.0	none	False	sub-147	similar	gamma	0.5537763873376006	0.14520152910550527	0.31955723578405	0.5373394970684999	0.8865720519844745
fit-rw_positive-full-prior1	rw_positive	full	1.0	none	False	sub-147	similar	f0	2.581442282232799	1.6698510927632475	0.126031727923025	2.565393944495	5.857997471430999
fit-rw_positive-full-prior1	rw_positive	full	1.0	none	False	sub-147	similar	epsilon	0.0188206773063124	0.01919506804992388	9.7481396994565e-05	0.01384133116235	0.06487150642865741
fit-rw_positive-full-prior1	rw_positive	full	1.0	none	False	sub-147	dissimilar	alpha	1.8611464845872074	1.0397542727782183	0.53622036569	1.62247406733	4.49404960955425
fit-rw_positive-full-prior1	rw_positive	full	1.0	none	False	sub-147	dissimilar	gamma	0.9055171197573292	0.3260817785616283	0.455627478323125	0.8465521329635	1.7120464112207483
fit-rw_positive-full-prior1	rw_positive	full	1.0	none	False	sub-147	dissimilar	f0	2.542082764754067	1.6528920142651295	0.134436832188225	2.5254768114850004	5.846201869435498
fit-rw_positive-full-prior1	rw_positive	full	1.0	none	False	sub-147	dissimilar	epsilon	0.018605833783843877	0.01921694058187574	0.00010901085204342502	0.014463293358499999	0.06501753861871983
fit-rw_positive-full-prior1	rw_positive	full	1.0	none	False	sub-149	computer	alpha	0.7088985218359938	1.645121302398083	0.1004271752923	0.35287364561900003	3.274482801109985
fit-rw_positive-full-prior1	rw_positive	full	1.0	none	False	sub-149	computer	gamma	6.0204664738537295	4.749879802262018	1.4565181884110001	4.84550764056	17.816736240372496
fit-rw_positive-full-prior1	rw_positive	full	1.0	none	False	sub-149	computer	f0	7.609445122920217	4.865201852565434	1.86966009975525	6.347613195879999	19.158201252184995
fit-rw_positive-full-prior1	rw_positive	full	1.0	none	False	sub-149	computer	epsilon	0.01272989281708054	0.034027880531808455	2.77330019547475e-05	0.002931197025245	0.0807910759198475
fit-rw_positive-full-prior1	rw_positive	full	1.0	none	False	sub-149	similar	alpha	0.7256245480095568	1.6781558968763493	0.09967563915712	0.357771987726	3.4203517308754794
fit-rw_positive-full-prior1	rw_positive	full	1.0	none	False	sub-149	similar	gamma	8.644608120001928	7.9258387658067155	1.7614358998325002	6.554638501475	27.96674562904
fit-rw_positive-full-prior1	rw_positive	full	1.0	none	False	sub-149	similar	f0	7.487328719990219	4.7916292760602355	1.79916528115475	6.306558551785	19.0825396525975
fit-rw_positive-full-prior1	rw_positive	full	1.0	none	False	sub-149	similar	epsilon	0.014391102545033993	0.04005807125060061	2.7582797228112503e-05	0.002914172319385	0.09707538048057704
fit-rw_positive-full-prior1	rw_positive	full	1.0	none	False	sub-149	dissimilar	alpha	0.7482688688408194	1.6877688931916752	0.113736455205175	0.3840784914625	3.421091452576482
fit-rw_positive-full-prior1	rw_positive	full	1.0	none	False	sub-149	dissimilar	gamma	5.93141175249592	5.512390945184384	1.188185621867	4.472733284725	19.413358095477495
fit-rw_positive-full-prior1	rw_positive	full	1.0	none	False	sub-149	dissimilar	f0	7.9684942871820965	4.68783184024174	2.0872459637335	7.024925166265	19.0396043453675
fit-rw_positive-full-prior1	rw_positive	full	1.0	none	False	sub-149	dissimilar	epsilon	0.011811171724404403	0.03002419868025981	3.3057178642322505e-05	0.0032561835217549996	0.0694340924312199
fit-rw_positive-full-prior1	rw_positive	full	1.0	none	False	sub-150	computer	alpha	0.4439139513199707	0.23327763514276909	0.200762700201425	0.38972961143100004	1.0159859822394994
fit-rw_positive-full-prior1	rw_positive	full	1.0	none	False	sub-150	computer	gamma	1.3728586986759028	0.47859524151056854	0.664149361424575	1.30480636211	2.5125283101374953
fit-rw_positive-full-prior1	rw_positive	full	1.0	none	False	sub-150	computer	f0	14.334002773988077	4.072807564565999	4.9340687747487495	14.8734339434	19.8546432365825
fit-rw_positive-full-prior1	rw_positive	full	1.0	none	False	sub-150	computer	epsilon	0.05096815059191429	0.03716592090659191	0.0008120739434307001	0.0449859406788	0.1375696284235993
fit-rw_positive-full-prior1	rw_positive	full	1.0	none	False	sub-150	similar	alpha	0.4383297479358648	0.23873114401512677	0.19382510527389998	0.3837098484115	1.0140748536442485
fit-rw_positive-full-prior1	rw_positive	full	1.0	none	False	sub-150	similar	gamma	0.9929112678242367	0.3055091287233095	0.5048916280604251	0.958323251499	1.6837938936559993
fit-rw_positive-full-prior1	rw_positive	full	1.0	none	False	sub-150	similar	f0	14.106852724678808	4.156796170690304	4.47202966178725	14.59305223465	19.839252320805002
fit-rw_positive-full-prior1	rw_positive	full	1.0	none	False	sub-150	similar	epsilon	0.06195393418088465	0.053476192211380384	0.0008411401447560751	0.0511257961526	0.189501150422
fit-rw_positive-full-prior1	rw_positive	full	1.0	none	False	sub-150	dissimilar	alpha	0.4845552606049996	0.24211155039476662	0.225993295490475	0.4271769393205	1.0842749562227494
fit-rw_positive-full-prior1	rw_positive	full	1.0	none	False	sub-150	dissimilar	gamma	2.150082442629229	0.9921085501491443	0.8000950388547999	1.959638450045	4.545280284643249
fit-rw_positive-full-prior1	rw_positive	full	1.0	none	False	sub-150	dissimilar	f0	14.446662062383565	3.8946002735497376	5.384959459354	14.9090529904	19.837871412682496
fit-rw_positive-full-prior1	rw_positive	full	1.0	none	False	sub-150	dissimilar	epsilon	0.039211646658099585	0.02785187395005123	0.00108159709669225	0.03484669017665	0.10286689280167494
fit-rw_positive-full-prior1	rw_positive	full	1.0	none	False	sub-151	computer	alpha	0.8813618698115163	0.7687900783350267	0.34104355758915	0.609443896787	2.9659089260139986
fit-rw_positive-full-prior1	rw_positive	full	1.0	none	False	sub-151	computer	gamma	1.724802093481223	0.7672624865361302	0.640578764688975	1.5875804784	3.5965221086154995
fit-rw_positive-full-prior1	rw_positive	full	1.0	none	False	sub-151	computer	f0	13.747085915211123	4.054246631396393	6.856168107207	13.74876075295	19.86108328197
fit-rw_positive-full-prior1	rw_positive	full	1.0	none	False	sub-151	computer	epsilon	0.0009457943959279841	0.0012683836542539012	1.2494266083717501e-05	0.000491688436591	0.004477161149629499
fit-rw_positive-full-prior1	rw_positive	full	1.0	none	False	sub-151	similar	alpha	0.9358721703947088	0.8164009805669239	0.36435799662755	0.6521140552310001	3.1178239484647463
fit-rw_positive-full-prior1	rw_positive	full	1.0	none	False	sub-151	similar	gamma	1.7689176472504229	0.7555071826050259	0.6399315680315251	1.652751235265	3.6119585262404996
fit-rw_positive-full-prior1	rw_positive	full	1.0	none	False	sub-151	similar	f0	13.880175243020446	3.9028415707771225	7.16406648569475	13.94547058465	19.838538925644997
fit-rw_positive-full-prior1	rw_positive	full	1.0	none	False	sub-151	similar	epsilon	0.0009495164229923947	0.0012645017030237418	1.2104332658745e-05	0.0004976004655904999	0.004526400361685741
fit-rw_positive-full-prior1	rw_positive	full	1.0	none	False	sub-151	dissimilar	alpha	0.9055124481523533	0.7961189101227931	0.350181254568675	0.626259501577	3.0320291289629995
fit-rw_positive-full-prior1	rw_positive	full	1.0	none	False	sub-151	dissimilar	gamma	2.308480393396257	1.2656732485808178	0.749006242299025	2.02238134205	5.534219627307497
fit-rw_positive-full-prior1	rw_positive	full	1.0	none	False	sub-151	dissimilar	f0	13.748115103453696	4.020600528138955	6.887753401308499	13.7740987846	19.851209141764997
fit-rw_positive-full-prior1	rw_positive	full	1.0	none	False	sub-151	dissimilar	epsilon	0.0010861557724136679	0.0015098145182021053	1.31132878058075e-05	0.0005539368954175	0.005220775148949724
fit-rw_positive-full-prior1	rw_positive	full	1.0	none	False	sub-152	computer	alpha	0.7095534652989577	1.2197329633472314	0.03805238665194	0.45824662675850003	2.8244456972029903
fit-rw_positive-full-prior1	rw_positive	full	1.0	none	False	sub-152	computer	gamma	1.487122908460071	0.4775432075914173	0.769437797215925	1.41689866171	2.6192647757002496
fit-rw_positive-full-prior1	rw_positive	full	1.0	none	False	sub-152	computer	f0	2.0301233593711907	3.607395129069917	0.03891948381674	0.772676364429	15.55669446973999
fit-rw_positive-full-prior1	rw_positive	full	1.0	none	False	sub-152	computer	epsilon	0.059989896430849295	0.19372475700480224	2.58734823180825e-05	0.00165716688031	0.847109135531348
fit-rw_positive-full-prior1	rw_positive	full	1.0	none	False	sub-152	similar	alpha	0.7369014422363191	1.2472877848003947	0.0392170706461875	0.46935432962650003	2.955127255137237
fit-rw_positive-full-prior1	rw_positive	full	1.0	none	False	sub-152	similar	gamma	2.311079906557875	1.2126241987044413	0.88169192053425	2.031940247335	5.380793252269746
fit-rw_positive-full-prior1	rw_positive	full	1.0	none	False	sub-152	similar	f0	1.9192488955835154	3.516475070047162	0.036438094476725	0.7188740662355	15.177564419607481
fit-rw_positive-full-prior1	rw_positive	full	1.0	none	False	sub-152	similar	epsilon	0.060345683950087874	0.19475522651093988	2.5164839318892502e-05	0.0016858010021	0.854642579348249
fit-rw_positive-full-prior1	rw_positive	full	1.0	none	False	sub-152	dissimilar	alpha	0.7374683911229195	1.1719664054373373	0.0399816293872575	0.4767211956895	2.953244748893998
fit-rw_positive-full-prior1	rw_positive	full	1.0	none	False	sub-152	dissimilar	gamma	2.211788027584791	1.1509631398670692	0.8915901220354501	1.944410002365	5.11603954561975
fit-rw_positive-full-prior1	rw_positive	full	1.0	none	False	sub-152	dissimilar	f0	1.9480979830657192	3.5267723041406263	0.03733577582735	0.7436702487144999	15.24607813455997
fit-rw_positive-full-prior1	rw_positive	full	1.0	none	False	sub-152	dissimilar	epsilon	0.06196371358444641	0.19803821751681527	2.8008544714155e-05	0.00187004744547	0.8695325101572495
fit-rw_positive-full-prior1	rw_positive	full	1.0	none	False	sub-153	computer	alpha	2.11109945800783	0.7556666493516224	0.3864398087759	2.1549817660899997	3.5769082546097493
fit-rw_positive-full-prior1	rw_positive	full	1.0	none	False	sub-153	computer	gamma	1.6075526252329364	0.8912068466050254	0.604905918932775	1.3936597390149998	3.8442220418039836
fit-rw_positive-full-prior1	rw_positive	full	1.0	none	False	sub-153	computer	f0	6.487723372739839	2.136509644954294	4.306440100466499	6.076863480149999	13.675094120849996
fit-rw_positive-full-prior1	rw_positive	full	1.0	none	False	sub-153	computer	epsilon	0.0461390068572062	0.032829048695085176	0.00020471537807795003	0.04273323997345	0.12045649932217499
fit-rw_positive-full-prior1	rw_positive	full	1.0	none	False	sub-153	similar	alpha	2.1166794547628522	0.7853851390424077	0.362403726618825	2.153191362025	3.6419447502292495
fit-rw_positive-full-prior1	rw_positive	full	1.0	none	False	sub-153	similar	gamma	2.113923552343555	1.318972430836056	0.689844182368725	1.781356193885	5.497532395074746
fit-rw_positive-full-prior1	rw_positive	full	1.0	none	False	sub-153	similar	f0	4.986390423185419	2.4142364492488624	2.71971233722675	4.43258072123	12.852786154154975
fit-rw_positive-full-prior1	rw_positive	full	1.0	none	False	sub-153	similar	epsilon	0.04715610677422217	0.034931329283719975	0.00019416205294902502	0.04236567133865	0.12107010073337499
fit-rw_positive-full-prior1	rw_positive	full	1.0	none	False	sub-153	dissimilar	alpha	2.216308202896516	0.8300238764499589	0.366413975828925	2.2800780282249997	3.777052390556497
fit-rw_positive-full-prior1	rw_positive	full	1.0	none	False	sub-153	dissimilar	gamma	1.7056961172664358	1.0206562833733752	0.59735249189845	1.4257627348400002	4.433376039278748
fit-rw_positive-full-prior1	rw_positive	full	1.0	none	False	sub-153	dissimilar	f0	4.937019000009093	2.531660448588033	2.8916881844182503	4.1962906489	13.378065105807488
fit-rw_positive-full-prior1	rw_positive	full	1.0	none	False	sub-153	dissimilar	epsilon	0.05322105877769141	0.03197997987323345	0.000223545082870175	0.05373561077985	0.11777029311629998
fit-rw_positive-full-prior1	rw_positive	full	1.0	none	False	sub-154	computer	alpha	1.1099296134859973	0.6571867088012638	0.62641957552395	0.8860411525645	2.9424610710484984
fit-rw_positive-full-prior1	rw_positive	full	1.0	none	False	sub-154	computer	gamma	0.6582464217720281	0.22198027145019858	0.28467645960445	0.6369166571975	1.16349777275425
fit-rw_positive-full-prior1	rw_positive	full	1.0	none	False	sub-154	computer	f0	16.385207393903904	2.7635697453705226	10.491566233875	16.935802169	19.9116947765825
fit-rw_positive-full-prior1	rw_positive	full	1.0	none	False	sub-154	computer	epsilon	0.0005822075094150206	0.0007208319572871292	1.06764078049625e-05	0.000334538829369	0.002544330120247249
fit-rw_positive-full-prior1	rw_positive	full	1.0	none	False	sub-154	similar	alpha	1.1591188505856838	0.6570679752371521	0.64979060365975	0.9386323877164999	2.9624112796074993
fit-rw_positive-full-prior1	rw_positive	full	1.0	none	False	sub-154	similar	gamma	0.42137825737200624	0.14085332741208478	0.1817577519429	0.408204785513	0.7350821760171247
fit-rw_positive-full-prior1	rw_positive	full	1.0	none	False	sub-154	similar	f0	16.503529188573086	2.622828598748116	10.8212487005075	17.01160568325	19.9006113087625
fit-rw_positive-full-prior1	rw_positive	full	1.0	none	False	sub-154	similar	epsilon	0.0005998699954553304	0.0007570958577066658	1.0400708503897502e-05	0.0003389496836785	0.0026942831981405
fit-rw_positive-full-prior1	rw_positive	full	1.0	none	False	sub-154	dissimilar	alpha	1.178764974517259	0.7077162070587597	0.679556521705775	0.9373956959365	3.129398401206498
fit-rw_positive-full-prior1	rw_positive	full	1.0	none	False	sub-154	dissimilar	gamma	1.3820199666703443	0.6740424053842694	0.466014878683475	1.25557241691	3.0671662819454992
fit-rw_positive-full-prior1	rw_positive	full	1.0	none	False	sub-154	dissimilar	f0	16.532729467664204	2.6270103267893017	10.8025199748825	17.073589095400003	19.902018240585
fit-rw_positive-full-prior1	rw_positive	full	1.0	none	False	sub-154	dissimilar	epsilon	0.0006241503780036335	0.0007336678147912601	1.1586864907905e-05	0.000368723589344	0.0026721276970484978
fit-rw_positive-full-prior1	rw_positive	full	1.0	none	False	sub-155	computer	alpha	2.3469578921913175	4.199044673389371	0.908452377243375	1.33430503715	9.981390471050217
fit-rw_positive-full-prior1	rw_positive	full	1.0	none	False	sub-155	computer	gamma	6.658792827210916	8.00242874427778	1.30684713349375	4.944898788285	22.278783418554926
fit-rw_positive-full-prior1	rw_positive	full	1.0	none	False	sub-155	computer	f0	16.262936990998938	2.818949486250866	10.579091741720001	16.83677706575	19.8988119810075
fit-rw_positive-full-prior1	rw_positive	full	1.0	none	False	sub-155	computer	epsilon	0.00074545909131373	0.000761260718254522	1.2721530523120002e-05	0.0004959327057199999	0.0027780659988492474
fit-rw_positive-full-prior1	rw_positive	full	1.0	none	False	sub-155	similar	alpha	2.4492069979051196	4.234563365431628	0.9195189932154499	1.392918086935	10.551138242347474
fit-rw_positive-full-prior1	rw_positive	full	1.0	none	False	sub-155	similar	gamma	8.50998899107885	10.52121179949319	1.41567561210175	5.9527833573399995	30.82815011525247
fit-rw_positive-full-prior1	rw_positive	full	1.0	none	False	sub-155	similar	f0	16.14400776258906	2.829964552929876	10.4956941185775	16.63726566225	19.89015828075
fit-rw_positive-full-prior1	rw_positive	full	1.0	none	False	sub-155	similar	epsilon	0.0007496260018470779	0.0007808365113507789	1.196434444473e-05	0.0004920316340095	0.0028516485501724888
fit-rw_positive-full-prior1	rw_positive	full	1.0	none	False	sub-155	dissimilar	alpha	2.4460586547252405	4.530630514223744	0.921109177080325	1.39316225614	10.50338015243992
fit-rw_positive-full-prior1	rw_positive	full	1.0	none	False	sub-155	dissimilar	gamma	8.05163747951048	9.603782044058564	1.2972160627465	5.661328438735	28.585080691207494
fit-rw_positive-full-prior1	rw_positive	full	1.0	none	False	sub-155	dissimilar	f0	16.194503573001356	2.8177185319602835	10.551885337065	16.708707749200002	19.8919559463
fit-rw_positive-full-prior1	rw_positive	full	1.0	none	False	sub-155	dissimilar	epsilon	0.0009371452509290027	0.0011128071912647032	1.39176330667925e-05	0.0005516322714085	0.003946822321938742
fit-rw_positive-full-prior1	rw_positive	full	1.0	none	False	sub-156	computer	alpha	0.7019568000235028	1.0247423921036927	0.0376183217555975	0.4527585609075	2.8786236348557463
fit-rw_positive-full-prior1	rw_positive	full	1.0	none	False	sub-156	computer	gamma	6.577289816970301	6.37323369952475	1.754392016937	4.87004240354	21.646250362937472
fit-rw_positive-full-prior1	rw_positive	full	1.0	none	False	sub-156	computer	f0	1.9480132583626237	3.4663209710214797	0.035975790567835	0.7754659060344999	15.12408711237499
fit-rw_positive-full-prior1	rw_positive	full	1.0	none	False	sub-156	computer	epsilon	0.03484587445819459	0.1448194332283067	2.4722126285855e-05	0.00144725171622	0.6327654228282212
fit-rw_positive-full-prior1	rw_positive	full	1.0	none	False	sub-156	similar	alpha	0.7277827852544327	1.0703355400928718	0.038337955648335	0.464909314372	3.0392697254839813
fit-rw_positive-full-prior1	rw_positive	full	1.0	none	False	sub-156	similar	gamma	8.37962887392207	9.286313675575503	1.979537839336	5.985136294755	28.94635476673998
fit-rw_positive-full-prior1	rw_positive	full	1.0	none	False	sub-156	similar	f0	1.8495619666049246	3.395993706199651	0.033011206553272505	0.717499936455	14.777475877792407
fit-rw_positive-full-prior1	rw_positive	full	1.0	none	False	sub-156	similar	epsilon	0.03506475176988218	0.1449991294692032	2.4371634175432502e-05	0.00146542590223	0.638024751998125
fit-rw_positive-full-prior1	rw_positive	full	1.0	none	False	sub-156	dissimilar	alpha	0.7294141040541332	1.0732404395343418	0.039494047840065	0.46966562003400003	2.9997680722789988
fit-rw_positive-full-prior1	rw_positive	full	1.0	none	False	sub-156	dissimilar	gamma	8.132918066338073	8.465248496214059	1.86668891945975	5.80083618892	28.997454371902425
fit-rw_positive-full-prior1	rw_positive	full	1.0	none	False	sub-156	dissimilar	f0	1.8797268266125327	3.4118096423492035	0.0344184091251525	0.7424730609479999	14.822617669282499
fit-rw_positive-full-prior1	rw_positive	full	1.0	none	False	sub-156	dissimilar	epsilon	0.03597509535115678	0.14703081869805062	2.7309301123937497e-05	0.00161756806259	0.6461298202877702
fit-rw_positive-full-prior1	rw_positive	full	1.0	none	False	sub-157	computer	alpha	1.3416627614376686	0.4364257519260697	0.23797106627332498	1.347091112115	2.2104209510749993
fit-rw_positive-full-prior1	rw_positive	full	1.0	none	False	sub-157	computer	gamma	0.7337157005817933	0.19092358744152688	0.42645624098307505	0.711801128247	1.1652134128082499
fit-rw_positive-full-prior1	rw_positive	full	1.0	none	False	sub-157	computer	f0	3.226579029526871	2.9417233435073165	0.253113046621925	2.64879890295	13.608610901067479
fit-rw_positive-full-prior1	rw_positive	full	1.0	none	False	sub-157	computer	epsilon	0.07071030428552841	0.04326876968927717	0.000375468614995575	0.06814859086540001	0.16817899137179979
fit-rw_positive-full-prior1	rw_positive	full	1.0	none	False	sub-157	similar	alpha	1.386576150837367	0.44904807985467615	0.253069347896525	1.392033246095	2.252469333098499
fit-rw_positive-full-prior1	rw_positive	full	1.0	none	False	sub-157	similar	gamma	0.9151887898352917	0.3061875153094225	0.461437715239575	0.8696212205355001	1.6437251231727497
fit-rw_positive-full-prior1	rw_positive	full	1.0	none	False	sub-157	similar	f0	3.2767748594120416	3.010174171271519	0.226087013285725	2.6665637657600003	13.913694350042496
fit-rw_positive-full-prior1	rw_positive	full	1.0	none	False	sub-157	similar	epsilon	0.07539492226713976	0.046188284073010975	0.0003532749025002	0.0731367851356	0.17360959637435
fit-rw_positive-full-prior1	rw_positive	full	1.0	none	False	sub-157	dissimilar	alpha	1.4298462213387466	0.4793291696515408	0.24672889485565	1.43454546284	2.355729731310249
fit-rw_positive-full-prior1	rw_positive	full	1.0	none	False	sub-157	dissimilar	gamma	0.9627768648822775	0.3167881929498433	0.5009768961647	0.908737097363	1.722373781123999
fit-rw_positive-full-prior1	rw_positive	full	1.0	none	False	sub-157	dissimilar	f0	3.345326498666731	3.001732710857671	0.234622668731675	2.7766026846200003	13.921736074764938
fit-rw_positive-full-prior1	rw_positive	full	1.0	none	False	sub-157	dissimilar	epsilon	0.08835121687649745	0.054833802852360634	0.000385933493869475	0.08718834444375	0.20176969288727492
fit-rw_positive-full-prior1	rw_positive	full	1.0	none	False	sub-158	computer	alpha	1.0085852768455368	0.5477513166368564	0.5340073364272	0.8218276446335	2.535786574545
fit-rw_positive-full-prior1	rw_positive	full	1.0	none	False	sub-158	computer	gamma	0.7896174246882302	0.23403767766447914	0.37080165640670004	0.7751530671785001	1.2879891984257494
fit-rw_positive-full-prior1	rw_positive	full	1.0	none	False	sub-158	computer	f0	16.06543757662586	2.880813547862066	10.1002532576125	16.522730131350002	19.907777445892503
fit-rw_positive-full-prior1	rw_positive	full	1.0	none	False	sub-158	computer	epsilon	0.005455715276636989	0.004507586707618671	8.759488888282e-05	0.004496651237315	0.016769427121884978
fit-rw_positive-full-prior1	rw_positive	full	1.0	none	False	sub-158	similar	alpha	1.0326050087043304	0.587911843561788	0.542054020630375	0.8278282874295	2.6736844993169946
fit-rw_positive-full-prior1	rw_positive	full	1.0	none	False	sub-158	similar	gamma	1.1123773517459015	0.4187315167931566	0.468562989278375	1.0547437152649999	2.090493742133748
fit-rw_positive-full-prior1	rw_positive	full	1.0	none	False	sub-158	similar	f0	15.843188076620276	2.973193254140248	9.8930029915855	16.27513524675	19.8977244518875
fit-rw_positive-full-prior1	rw_positive	full	1.0	none	False	sub-158	similar	epsilon	0.005363127501676877	0.004307205249538154	9.33487328367e-05	0.0045246517179700005	0.0157954930908025
fit-rw_positive-full-prior1	rw_positive	full	1.0	none	False	sub-158	dissimilar	alpha	1.0883694876872045	0.6012747535420386	0.5745686487757	0.882734494483	2.7651736894145
fit-rw_positive-full-prior1	rw_positive	full	1.0	none	False	sub-158	dissimilar	gamma	1.131608756524297	0.4547556803578602	0.461729204088725	1.055886163555	2.226353678877999
fit-rw_positive-full-prior1	rw_positive	full	1.0	none	False	sub-158	dissimilar	f0	16.097233545136106	2.7893484681432863	10.380088069565	16.5066623567	19.8995671333825
fit-rw_positive-full-prior1	rw_positive	full	1.0	none	False	sub-158	dissimilar	epsilon	0.005153637476582905	0.0038191245626139152	0.000107624029702875	0.004618167656490001	0.0141468970264125
fit-rw_positive-full-prior1	rw_positive	full	1.0	none	False	sub-159	computer	alpha	1.0904552045080453	0.536707081320872	0.63909224540245	0.913826409715	2.609427933610247
fit-rw_positive-full-prior1	rw_positive	full	1.0	none	False	sub-159	computer	gamma	0.7486088206093121	0.25595860043213364	0.34805276492395004	0.712889603662	1.3534671606434996
fit-rw_positive-full-prior1	rw_positive	full	1.0	none	False	sub-159	computer	f0	16.737535580469178	2.5245631192576705	11.15535997798	17.263784532149998	19.920429752465
fit-rw_positive-full-prior1	rw_positive	full	1.0	none	False	sub-159	computer	epsilon	0.007935864972382179	0.00360973228061851	0.00195462286584775	0.007554448534435	0.016216433519019996
fit-rw_positive-full-prior1	rw_positive	full	1.0	none	False	sub-159	similar	alpha	1.1032676323117412	0.5245822993062645	0.6309135831328	0.93558741596	2.5693355421104984
fit-rw_positive-full-prior1	rw_positive	full	1.0	none	False	sub-159	similar	gamma	0.4708688882981243	0.1421863864685834	0.225664851796525	0.460412676368	0.7782557539554243
fit-rw_positive-full-prior1	rw_positive	full	1.0	none	False	sub-159	similar	f0	16.613289829541863	2.5473277769410374	11.075045967165	17.088306392649997	19.909827410315
fit-rw_positive-full-prior1	rw_positive	full	1.0	none	False	sub-159	similar	epsilon	0.008917366537143177	0.004566046942433779	0.00176527916838025	0.008342467225309999	0.019363685224657493
fit-rw_positive-full-prior1	rw_positive	full	1.0	none	False	sub-159	dissimilar	alpha	1.1577608795740755	0.5803124984006247	0.6802674441605	0.964960853448	2.781724116006248
fit-rw_positive-full-prior1	rw_positive	full	1.0	none	False	sub-159	dissimilar	gamma	1.2626255044397667	0.539407017441485	0.48551413880440003	1.1703285561599999	2.5617556537324977
fit-rw_positive-full-prior1	rw_positive	full	1.0	none	False	sub-159	dissimilar	f0	16.736190636782926	2.4647933728968354	11.3310337701325	17.20838640605	19.911649375845
fit-rw_positive-full-prior1	rw_positive	full	1.0	none	False	sub-159	dissimilar	epsilon	0.008489105108115657	0.0034254612808929407	0.002429812049985	0.00819520252154	0.016145882431642496
fit-rw_positive-run1-prior1	rw_positive	run1	1.0	none	False	sub-104	computer	alpha	1.7169553479555846	1.4270493009271357	0.255196141986	1.5067288856849999	4.385310875709248
fit-rw_positive-run1-prior1	rw_positive	run1	1.0	none	False	sub-104	computer	gamma	5.13559758942388	6.200798352534129	1.04713567313975	3.51997222958	19.16127738293497
fit-rw_positive-run1-prior1	rw_positive	run1	1.0	none	False	sub-104	computer	f0	0.6363544315336594	0.9691175358141202	0.0380484824366025	0.471399890579	1.9461686036434973
fit-rw_positive-run1-prior1	rw_positive	run1	1.0	none	False	sub-104	computer	epsilon	0.006138354467191796	0.055731022676437605	2.2292689337840003e-05	0.0011889103736350002	0.013237027884032488
fit-rw_positive-run1-prior1	rw_positive	run1	1.0	none	False	sub-104	similar	alpha	1.3117113230365898	1.1138213493426936	0.218078841467025	1.1972533783600001	3.1501251849244953
fit-rw_positive-run1-prior1	rw_positive	run1	1.0	none	False	sub-104	similar	gamma	5.792328694443123	6.809097998598758	1.176286865907	3.94189647965	21.87589190946494
fit-rw_positive-run1-prior1	rw_positive	run1	1.0	none	False	sub-104	similar	f0	0.7652081954835166	1.0235255328104857	0.047484863582530006	0.5900756597245	2.296903821832744
fit-rw_positive-run1-prior1	rw_positive	run1	1.0	none	False	sub-104	similar	epsilon	0.007693797491556714	0.05674408468289982	3.4890875703565e-05	0.0018291330243900001	0.022573626783989997
fit-rw_positive-run1-prior1	rw_positive	run1	1.0	none	False	sub-104	dissimilar	alpha	1.4004911741597241	1.2094781067495506	0.226621766181925	1.286280680145	3.3019120445807486
fit-rw_positive-run1-prior1	rw_positive	run1	1.0	none	False	sub-104	dissimilar	gamma	5.834988950452309	7.020281721947664	0.98674446525475	3.8848018934199997	22.04505776220249
fit-rw_positive-run1-prior1	rw_positive	run1	1.0	none	False	sub-104	dissimilar	f0	0.7412352979418547	1.0198494821216455	0.0457792474424275	0.5633736784175	2.2526015035294953
fit-rw_positive-run1-prior1	rw_positive	run1	1.0	none	False	sub-104	dissimilar	epsilon	0.008437203559144485	0.057369975492005065	4.30890710942075e-05	0.00219094946056	0.02475776611287235
fit-rw_positive-run1-prior1	rw_positive	run1	1.0	none	False	sub-105	computer	alpha	1.5938228606211633	0.8987025763970549	0.393641704967025	1.4233707123700001	3.759513417266747
fit-rw_positive-run1-prior1	rw_positive	run1	1.0	none	False	sub-105	computer	gamma	0.8843342807249395	0.7554130714215794	0.280986289992675	0.6987164965004999	2.5759523266204893
fit-rw_positive-run1-prior1	rw_positive	run1	1.0	none	False	sub-105	computer	f0	7.9369677447597935	2.814052407337354	4.07470316321525	7.355407558025	15.667097329802498
fit-rw_positive-run1-prior1	rw_positive	run1	1.0	none	False	sub-105	computer	epsilon	0.017421457834690353	0.03159982977163687	4.62241041055225e-05	0.00495074532264	0.10757988833439985
fit-rw_positive-run1-prior1	rw_positive	run1	1.0	none	False	sub-105	similar	alpha	1.1541097603779111	0.5300677719438462	0.33762288261429996	1.096429841805	2.3743408687999987
fit-rw_positive-run1-prior1	rw_positive	run1	1.0	none	False	sub-105	similar	gamma	0.4967696344763961	0.17966191115826832	0.230573937087725	0.4681958177265	0.9333776524147496
fit-rw_positive-run1-prior1	rw_positive	run1	1.0	none	False	sub-105	similar	f0	8.619657672183347	2.823469708116492	4.6558730387615	8.050815976075	16.128735406939988
fit-rw_positive-run1-prior1	rw_positive	run1	1.0	none	False	sub-105	similar	epsilon	0.02735524808757979	0.051559057524213685	7.386154601872e-05	0.00745273981997	0.17297922711392474
fit-rw_positive-run1-prior1	rw_positive	run1	1.0	none	False	sub-105	dissimilar	alpha	1.1644361347513137	0.5368934166316106	0.31574500677147505	1.117912937745	2.3609031481519964
fit-rw_positive-run1-prior1	rw_positive	run1	1.0	none	False	sub-105	dissimilar	gamma	0.8132595257302746	0.3309883207242654	0.35680839647122503	0.750464212553	1.6409422583959994
fit-rw_positive-run1-prior1	rw_positive	run1	1.0	none	False	sub-105	dissimilar	f0	8.114052301826113	2.854041243252835	4.50137633237075	7.43135732205	15.937896073449998
fit-rw_positive-run1-prior1	rw_positive	run1	1.0	none	False	sub-105	dissimilar	epsilon	0.031118324427428044	0.04932730243580319	8.64292504627525e-05	0.00942954370264	0.17506338558532494
fit-rw_positive-run1-prior1	rw_positive	run1	1.0	none	False	sub-106	computer	alpha	2.1536930027249896	1.5409850481470975	0.59129714960735	1.83300736373	5.69699875853924
fit-rw_positive-run1-prior1	rw_positive	run1	1.0	none	False	sub-106	computer	gamma	3.9531407881547858	5.787069383175878	0.6154802289160499	2.49029481802	16.061483282992494
fit-rw_positive-run1-prior1	rw_positive	run1	1.0	none	False	sub-106	computer	f0	10.479525301631824	2.426522842177407	7.357150954611	9.871836605075	17.26912642508248
fit-rw_positive-run1-prior1	rw_positive	run1	1.0	none	False	sub-106	computer	epsilon	0.0029734954740837888	0.004342408394842537	2.2544790234405e-05	0.00133959597039	0.015556080310657451
fit-rw_positive-run1-prior1	rw_positive	run1	1.0	none	False	sub-106	similar	alpha	1.6658258826639794	1.1355495425874493	0.559750874998775	1.43712600143	4.300494887224997
fit-rw_positive-run1-prior1	rw_positive	run1	1.0	none	False	sub-106	similar	gamma	4.495963690068103	7.228183728355934	0.760854742248375	2.888084305465	17.68265446263998
fit-rw_positive-run1-prior1	rw_positive	run1	1.0	none	False	sub-106	similar	f0	11.265764350777939	2.394330643083097	7.7167886687995	10.8076254991	17.59082151678749
fit-rw_positive-run1-prior1	rw_positive	run1	1.0	none	False	sub-106	similar	epsilon	0.004835742056739342	0.007686361674619855	3.489092274975001e-05	0.002063959292225	0.025885300862564943
fit-rw_positive-run1-prior1	rw_positive	run1	1.0	none	False	sub-106	dissimilar	alpha	1.6409279015745728	1.2523761448606059	0.5098151114674	1.3967725715250001	4.318064343841749
fit-rw_positive-run1-prior1	rw_positive	run1	1.0	none	False	sub-106	dissimilar	gamma	4.678319535683	6.207189771654043	0.7522899327920249	2.9722540647	19.198886064379987
fit-rw_positive-run1-prior1	rw_positive	run1	1.0	none	False	sub-106	dissimilar	f0	10.668288898378279	2.5068310442727335	7.112844175795001	10.1491036314	17.50400367352999
fit-rw_positive-run1-prior1	rw_positive	run1	1.0	none	False	sub-106	dissimilar	epsilon	0.0058994440823831006	0.009540962935760629	4.10671711571975e-05	0.00249407629296	0.03201998736124749
fit-rw_positive-run1-prior1	rw_positive	run1	1.0	none	False	sub-107	computer	alpha	1.75283415652933	1.3167575547188264	0.52365927171945	1.471246768925	4.965722402625495
fit-rw_positive-run1-prior1	rw_positive	run1	1.0	none	False	sub-107	computer	gamma	0.38320619690582386	0.15093909452519058	0.16140866810152502	0.3580768231325	0.7407093161670493
fit-rw_positive-run1-prior1	rw_positive	run1	1.0	none	False	sub-107	computer	f0	11.613354560239111	2.8512441518988005	7.5724313644365004	10.9917336546	18.682531776674992
fit-rw_positive-run1-prior1	rw_positive	run1	1.0	none	False	sub-107	computer	epsilon	0.009835508490768398	0.02128967416382659	3.64747357198425e-05	0.0030877879622449996	0.0753815668050325
fit-rw_positive-run1-prior1	rw_positive	run1	1.0	none	False	sub-107	similar	alpha	1.2138452843595444	1.0811815384062249	0.340738345461025	1.004475697125	3.757985255972499
fit-rw_positive-run1-prior1	rw_positive	run1	1.0	none	False	sub-107	similar	gamma	0.5629540199219895	0.25428485709936394	0.21544543054802498	0.512816961922	1.1952971718159981
fit-rw_positive-run1-prior1	rw_positive	run1	1.0	none	False	sub-107	similar	f0	11.44343437196998	3.220045344085524	6.4936844100495	10.834821481399999	19.009235929305
fit-rw_positive-run1-prior1	rw_positive	run1	1.0	none	False	sub-107	similar	epsilon	0.021833953315489544	0.05262038469036085	5.3081921495035004e-05	0.00492988630754	0.2076219328544
fit-rw_positive-run1-prior1	rw_positive	run1	1.0	none	False	sub-107	dissimilar	alpha	1.538799557789148	1.1241340319982613	0.48229719431212503	1.33541618433	4.023685415402493
fit-rw_positive-run1-prior1	rw_positive	run1	1.0	none	False	sub-107	dissimilar	gamma	0.8926948435978718	0.5896288228203798	0.27129362211255	0.7487532385319999	2.3813656675459973
fit-rw_positive-run1-prior1	rw_positive	run1	1.0	none	False	sub-107	dissimilar	f0	11.913404956775627	2.8626755807970636	7.71157837876575	11.34297674305	18.863466872679993
fit-rw_positive-run1-prior1	rw_positive	run1	1.0	none	False	sub-107	dissimilar	epsilon	0.014851012629632275	0.02744821255374208	6.775020459915501e-05	0.005630201339379999	0.08177759837184437
fit-rw_positive-run1-prior1	rw_positive	run1	1.0	none	False	sub-108	computer	alpha	2.189748780388738	1.3691942386271319	0.452072563790075	1.9504991299149999	5.47031506905875
fit-rw_positive-run1-prior1	rw_positive	run1	1.0	none	False	sub-108	computer	gamma	0.49257140595454635	0.163120177776326	0.24863116354189999	0.4661706130135	0.8875495357471499
fit-rw_positive-run1-prior1	rw_positive	run1	1.0	none	False	sub-108	computer	f0	8.148104810976042	2.7285261476668854	5.125556150127751	7.407493451995	16.69931692248999
fit-rw_positive-run1-prior1	rw_positive	run1	1.0	none	False	sub-108	computer	epsilon	0.010658688052777343	0.01598203684614028	4.5352428346075e-05	0.003948640438695	0.054983447416254966
fit-rw_positive-run1-prior1	rw_positive	run1	1.0	none	False	sub-108	similar	alpha	1.4194473935707574	1.0447034975206357	0.29677075318405	1.2357667826699998	3.711080272420494
fit-rw_positive-run1-prior1	rw_positive	run1	1.0	none	False	sub-108	similar	gamma	0.8412547989911991	0.46881107303411257	0.28890535998385003	0.7300813668615	2.0460798277779997
fit-rw_positive-run1-prior1	rw_positive	run1	1.0	none	False	sub-108	similar	f0	7.8922649458583125	3.066983376831705	4.02433956647525	7.19843174302	17.271468725997494
fit-rw_positive-run1-prior1	rw_positive	run1	1.0	none	False	sub-108	similar	epsilon	0.021644592049812544	0.03687298418699595	6.400847464352e-05	0.006229753539825	0.13107873643564957
fit-rw_positive-run1-prior1	rw_positive	run1	1.0	none	False	sub-108	dissimilar	alpha	1.757754708617619	1.0901376323466965	0.4283879202465	1.5771922679250001	4.214554327725492
fit-rw_positive-run1-prior1	rw_positive	run1	1.0	none	False	sub-108	dissimilar	gamma	0.5796039107119406	0.2680470736006929	0.21933108538222498	0.526610130636	1.2480095323562488
fit-rw_positive-run1-prior1	rw_positive	run1	1.0	none	False	sub-108	dissimilar	f0	8.520486291354802	2.753678825644112	4.74836611156975	7.97121237745	16.896671078114984
fit-rw_positive-run1-prior1	rw_positive	run1	1.0	none	False	sub-108	dissimilar	epsilon	0.019783360834042845	0.03123040938912358	8.180793582027751e-05	0.00703117955785	0.1077579611079998
fit-rw_positive-run1-prior1	rw_positive	run1	1.0	none	False	sub-109	computer	alpha	1.6629323024400096	1.075914227115128	0.26968257179375	1.47100923343	4.211713239656749
fit-rw_positive-run1-prior1	rw_positive	run1	1.0	none	False	sub-109	computer	gamma	2.812192489293725	2.8046448462902385	0.634716715636275	2.037925105605	9.62572069593649
fit-rw_positive-run1-prior1	rw_positive	run1	1.0	none	False	sub-109	computer	f0	1.5702150824732866	1.4177973236955235	0.133175603866325	1.32946434766	4.552996161306493
fit-rw_positive-run1-prior1	rw_positive	run1	1.0	none	False	sub-109	computer	epsilon	0.005031641082851159	0.026718673162015198	2.46663285846675e-05	0.0014319782774450001	0.02348258608678747
fit-rw_positive-run1-prior1	rw_positive	run1	1.0	none	False	sub-109	similar	alpha	1.2289223954459816	0.7349790122075063	0.23036819478190002	1.14378462846	2.867722401948
fit-rw_positive-run1-prior1	rw_positive	run1	1.0	none	False	sub-109	similar	gamma	2.6112165231169904	2.4168044234101083	0.6574822213912751	1.9756553342549998	8.338397230830248
fit-rw_positive-run1-prior1	rw_positive	run1	1.0	none	False	sub-109	similar	f0	1.8469513499776107	1.5073441450819027	0.160224318489875	1.631149455515	5.202082037651233
fit-rw_positive-run1-prior1	rw_positive	run1	1.0	none	False	sub-109	similar	epsilon	0.0066028270307580215	0.029703487302490842	3.80478066997225e-05	0.0022113793080300002	0.027821225729344926
fit-rw_positive-run1-prior1	rw_positive	run1	1.0	none	False	sub-109	dissimilar	alpha	1.3758724166868996	0.8023217078192446	0.25318196857355	1.276562311885	3.134073164139495
fit-rw_positive-run1-prior1	rw_positive	run1	1.0	none	False	sub-109	dissimilar	gamma	3.3354687637301685	3.122836869249233	0.8405154277394751	2.4522663373249998	11.154982480249982
fit-rw_positive-run1-prior1	rw_positive	run1	1.0	none	False	sub-109	dissimilar	f0	1.8395454304325776	1.4874690465299905	0.151985814956375	1.653475446945	5.161432727791994
fit-rw_positive-run1-prior1	rw_positive	run1	1.0	none	False	sub-109	dissimilar	epsilon	0.008087359708065985	0.030671623679742036	4.5598522431315005e-05	0.002720526024835	0.03746610760970749
fit-rw_positive-run1-prior1	rw_positive	run1	1.0	none	False	sub-110	computer	alpha	1.455894263086948	0.8078923953375458	0.35649780130180003	1.30601506045	3.411417926410998
fit-rw_positive-run1-prior1	rw_positive	run1	1.0	none	False	sub-110	computer	gamma	0.3859922276531611	0.15653980457513042	0.15253424385070002	0.361465145354	0.7600437516904499
fit-rw_positive-run1-prior1	rw_positive	run1	1.0	none	False	sub-110	computer	f0	6.681645939675597	2.827631199189452	2.40939407143125	6.1904311414999995	14.412332389909993
fit-rw_positive-run1-prior1	rw_positive	run1	1.0	none	False	sub-110	computer	epsilon	0.005688968910555886	0.011235264285668994	2.7881134749957502e-05	0.001870558248075	0.03461331840880747
fit-rw_positive-run1-prior1	rw_positive	run1	1.0	none	False	sub-110	similar	alpha	1.3435664870363593	0.6673141641205967	0.38678683878865	1.248952146605	2.9109413726517457
fit-rw_positive-run1-prior1	rw_positive	run1	1.0	none	False	sub-110	similar	gamma	1.0874872539414528	0.7669778746622756	0.3425206820248	0.8837283418785	3.0955765743079904
fit-rw_positive-run1-prior1	rw_positive	run1	1.0	none	False	sub-110	similar	f0	8.40687669050639	2.5164967744540525	5.124167020665251	7.831577819895	15.401383735882499
fit-rw_positive-run1-prior1	rw_positive	run1	1.0	none	False	sub-110	similar	epsilon	0.008241841620724725	0.015430621242058143	4.4793027268895004e-05	0.00286227560786	0.04939952335915499
fit-rw_positive-run1-prior1	rw_positive	run1	1.0	none	False	sub-110	dissimilar	alpha	1.2135864490814152	0.5854362620091162	0.327606376012325	1.146563612815	2.5299003646072475
fit-rw_positive-run1-prior1	rw_positive	run1	1.0	none	False	sub-110	dissimilar	gamma	0.755943766021699	0.339949205523703	0.30965174218157504	0.6844062253175001	1.6202672458697494
fit-rw_positive-run1-prior1	rw_positive	run1	1.0	none	False	sub-110	dissimilar	f0	7.675541406780104	2.6303627243733594	4.437024563185	7.046510312395	15.159102433584977
fit-rw_positive-run1-prior1	rw_positive	run1	1.0	none	False	sub-110	dissimilar	epsilon	0.011417873163153795	0.022072785782765048	5.2222056355752505e-05	0.00353152788759	0.0731808970957375
fit-rw_positive-run1-prior1	rw_positive	run1	1.0	none	False	sub-111	computer	alpha	1.9550300509183738	1.1256807233754194	0.5604209041812	1.72274065097	4.794109032630746
fit-rw_positive-run1-prior1	rw_positive	run1	1.0	none	False	sub-111	computer	gamma	1.2780396270389731	1.157661075124058	0.3377994005099	0.965534371673	4.138177892420746
fit-rw_positive-run1-prior1	rw_positive	run1	1.0	none	False	sub-111	computer	f0	10.594468219628299	2.8828794611339945	6.3884381789057505	10.07783932025	17.826932699894996
fit-rw_positive-run1-prior1	rw_positive	run1	1.0	none	False	sub-111	computer	epsilon	0.058842485703200775	0.03650979584272044	0.004683911825607251	0.0525037538675	0.14643418212185
fit-rw_positive-run1-prior1	rw_positive	run1	1.0	none	False	sub-111	similar	alpha	1.7099412574014243	0.8009375664529781	0.642073783914925	1.563576229665	3.7111618776217496
fit-rw_positive-run1-prior1	rw_positive	run1	1.0	none	False	sub-111	similar	gamma	1.2901077486859638	1.1690550815890728	0.369284780207325	0.9998352364434999	3.974104279620245
fit-rw_positive-run1-prior1	rw_positive	run1	1.0	none	False	sub-111	similar	f0	12.70045053919967	2.2310262492489517	9.07167595040225	12.3983008837	18.168162963835
fit-rw_positive-run1-prior1	rw_positive	run1	1.0	none	False	sub-111	similar	epsilon	0.06445493145105914	0.03314074794484426	0.008115630143294751	0.059874890204600004	0.14482465784634987
fit-rw_positive-run1-prior1	rw_positive	run1	1.0	none	False	sub-111	dissimilar	alpha	1.5991888582080862	0.768509640610916	0.5384051549615999	1.4596967916449999	3.581076072194499
fit-rw_positive-run1-prior1	rw_positive	run1	1.0	none	False	sub-111	dissimilar	gamma	1.4130800131889947	1.003804870207485	0.454842096653575	1.167149625025	3.802929357485
fit-rw_positive-run1-prior1	rw_positive	run1	1.0	none	False	sub-111	dissimilar	f0	12.101946351238325	2.4607085970190314	8.0207011760555	11.810038351300001	18.081270667769996
fit-rw_positive-run1-prior1	rw_positive	run1	1.0	none	False	sub-111	dissimilar	epsilon	0.1220544077522015	0.06242420208714741	0.0086518676261045	0.115339448294	0.2552869951196749
fit-rw_positive-run1-prior1	rw_positive	run1	1.0	none	False	sub-112	computer	alpha	2.4379943961524195	1.3218958812851747	0.7825955660500501	2.2938615379250002	4.9319751869917425
fit-rw_positive-run1-prior1	rw_positive	run1	1.0	none	False	sub-112	computer	gamma	3.785702427992125	6.082321389343409	0.664817118585625	2.306545167275	15.697091986899917
fit-rw_positive-run1-prior1	rw_positive	run1	1.0	none	False	sub-112	computer	f0	1.5098975346179107	1.316087010963547	0.1377409298866	1.201937546665	4.741665742571749
fit-rw_positive-run1-prior1	rw_positive	run1	1.0	none	False	sub-112	computer	epsilon	0.1290351797383945	0.07170045390129487	0.00088314592636525	0.126263078423	0.2858293408782248
fit-rw_positive-run1-prior1	rw_positive	run1	1.0	none	False	sub-112	similar	alpha	1.9009310294072916	0.7308300109878937	0.7476695593298	1.8670069093900001	3.1680129315122487
fit-rw_positive-run1-prior1	rw_positive	run1	1.0	none	False	sub-112	similar	gamma	4.388647541645489	6.505254870981164	0.805782914348425	2.757132715765	17.48862930193248
fit-rw_positive-run1-prior1	rw_positive	run1	1.0	none	False	sub-112	similar	f0	2.0826060434169507	1.6618462800514877	0.1658460265893	1.69234340537	5.949790494972738
fit-rw_positive-run1-prior1	rw_positive	run1	1.0	none	False	sub-112	similar	epsilon	0.1750041588320308	0.09541821466450767	0.00123127671924475	0.18346538435749998	0.3519671294714496
fit-rw_positive-run1-prior1	rw_positive	run1	1.0	none	False	sub-112	dissimilar	alpha	1.9256097344366474	0.9176306984920836	0.742404916564225	1.835120214075	3.6615724122959965
fit-rw_positive-run1-prior1	rw_positive	run1	1.0	none	False	sub-112	dissimilar	gamma	4.544028651607422	6.2289567872000875	0.79900790454115	2.88871716299	18.51318562038499
fit-rw_positive-run1-prior1	rw_positive	run1	1.0	none	False	sub-112	dissimilar	f0	1.9195791014296144	1.5248749218771926	0.159479589699	1.5853261226200002	5.337941805617494
fit-rw_positive-run1-prior1	rw_positive	run1	1.0	none	False	sub-112	dissimilar	epsilon	0.20006487053911287	0.12410750092336273	0.0014305246986	0.189657414591	0.4730537884923499
fit-rw_positive-run1-prior1	rw_positive	run1	1.0	none	False	sub-113	computer	alpha	2.720756738003436	1.5427470795709206	0.66868295093795	2.52013204202	6.417009550381493
fit-rw_positive-run1-prior1	rw_positive	run1	1.0	none	False	sub-113	computer	gamma	3.0591572627491255	10.706677614847308	0.46529020562715	1.6475374928300002	11.763651074784981
fit-rw_positive-run1-prior1	rw_positive	run1	1.0	none	False	sub-113	computer	f0	12.427889143895989	2.015761729320316	8.93024197711825	12.185629306700001	17.3868923924075
fit-rw_positive-run1-prior1	rw_positive	run1	1.0	none	False	sub-113	computer	epsilon	0.05533137492972471	0.026610773995153353	0.00105686161069675	0.0577798109999	0.10531779178672496
fit-rw_positive-run1-prior1	rw_positive	run1	1.0	none	False	sub-113	similar	alpha	1.9392722895788563	1.3266579968108805	0.496008864891775	1.6428877261950001	5.11258380767225
fit-rw_positive-run1-prior1	rw_positive	run1	1.0	none	False	sub-113	similar	gamma	3.5487592491838584	7.552796404112938	0.613577759039	2.11946971108	13.836896598264993
fit-rw_positive-run1-prior1	rw_positive	run1	1.0	none	False	sub-113	similar	f0	12.102828288828192	2.6076723276253864	7.37535524884175	12.0004729674	17.865867526004994
fit-rw_positive-run1-prior1	rw_positive	run1	1.0	none	False	sub-113	similar	epsilon	0.09138213161989049	0.052215455826925834	0.00138428140099525	0.09069217314825	0.198426106127225
fit-rw_positive-run1-prior1	rw_positive	run1	1.0	none	False	sub-113	dissimilar	alpha	2.017509444305598	1.3341631201863169	0.520719829370775	1.72364966733	5.210903283281994
fit-rw_positive-run1-prior1	rw_positive	run1	1.0	none	False	sub-113	dissimilar	gamma	3.738117101595686	9.956617109686285	0.5588301764642001	2.16048997074	14.427588690037444
fit-rw_positive-run1-prior1	rw_positive	run1	1.0	none	False	sub-113	dissimilar	f0	11.73340705137528	2.54263717726152	7.28909261869025	11.5280358276	17.766050222775
fit-rw_positive-run1-prior1	rw_positive	run1	1.0	none	False	sub-113	dissimilar	epsilon	0.11215956971312742	0.07485509571352042	0.0015417771772927502	0.10014426523350001	0.28598160205894974
fit-rw_positive-run1-prior1	rw_positive	run1	1.0	none	False	sub-115	computer	alpha	1.6489866308048395	1.056262140787996	0.31955933298670003	1.4457820848	4.123469183475248
fit-rw_positive-run1-prior1	rw_positive	run1	1.0	none	False	sub-115	computer	gamma	0.10204525910570769	0.055103283111849984	0.026223909098435	0.0914693379794	0.23620314538104997
fit-rw_positive-run1-prior1	rw_positive	run1	1.0	none	False	sub-115	computer	f0	4.987662634210929	4.663465051426143	0.10883357473739999	3.45581542083	16.915776408394986
fit-rw_positive-run1-prior1	rw_positive	run1	1.0	none	False	sub-115	computer	epsilon	0.03786222948043648	0.10465176793367398	3.9093574189995e-05	0.003180236527005	0.3917885823359747
fit-rw_positive-run1-prior1	rw_positive	run1	1.0	none	False	sub-115	similar	alpha	1.2836700886645451	0.7857147300008489	0.27812073172285	1.1758135533	3.0031177710042494
fit-rw_positive-run1-prior1	rw_positive	run1	1.0	none	False	sub-115	similar	gamma	0.09072904974554238	0.04440395271367619	0.02649841424962	0.0835691846413	0.19921726901285
fit-rw_positive-run1-prior1	rw_positive	run1	1.0	none	False	sub-115	similar	f0	5.668845022309089	4.928720791039475	0.13926561788825	4.235413372615	17.363282459344994
fit-rw_positive-run1-prior1	rw_positive	run1	1.0	none	False	sub-115	similar	epsilon	0.050477115665560825	0.12765150438122366	5.919309929277e-05	0.004838486287415	0.498772555629722
fit-rw_positive-run1-prior1	rw_positive	run1	1.0	none	False	sub-115	dissimilar	alpha	1.3127211696959873	0.7846321886861974	0.282220831848	1.21402910615	3.0475534055772457
fit-rw_positive-run1-prior1	rw_positive	run1	1.0	none	False	sub-115	dissimilar	gamma	0.12683665766300498	0.057720420787578414	0.0363100959659	0.1200677238595	0.2595185040332243
fit-rw_positive-run1-prior1	rw_positive	run1	1.0	none	False	sub-115	dissimilar	f0	5.415444141710084	4.7933599060952865	0.135828722946375	3.9907587388100003	17.235320402109995
fit-rw_positive-run1-prior1	rw_positive	run1	1.0	none	False	sub-115	dissimilar	epsilon	0.059822602822020295	0.14467055086615155	6.8724922113305e-05	0.00581731352317	0.5729745431189489
fit-rw_positive-run1-prior1	rw_positive	run1	1.0	none	False	sub-116	computer	alpha	1.9654799093378288	1.2131063308299892	0.5531625132932501	1.719233273415	4.987684061149999
fit-rw_positive-run1-prior1	rw_positive	run1	1.0	none	False	sub-116	computer	gamma	2.5075169242782605	3.3864716713819107	0.53213958237915	1.8648858596400002	8.233649474601997
fit-rw_positive-run1-prior1	rw_positive	run1	1.0	none	False	sub-116	computer	f0	10.735023811260264	2.565721688882102	7.522058915256499	10.055726590199999	17.945364969927486
fit-rw_positive-run1-prior1	rw_positive	run1	1.0	none	False	sub-116	computer	epsilon	0.0009608758450048159	0.00155010829514011	1.1876538437285e-05	0.00045199845832	0.004973006917361994
fit-rw_positive-run1-prior1	rw_positive	run1	1.0	none	False	sub-116	similar	alpha	1.4130166098342691	0.8346692173221855	0.4932464198711	1.25866699523	3.34648390250175
fit-rw_positive-run1-prior1	rw_positive	run1	1.0	none	False	sub-116	similar	gamma	2.1867220124481257	1.6304899531208654	0.5834841900564001	1.7525702509749999	6.338965954497749
fit-rw_positive-run1-prior1	rw_positive	run1	1.0	none	False	sub-116	similar	f0	11.346568556562104	2.571751673660054	7.6935105586875	10.789854350350002	18.088002581782497
fit-rw_positive-run1-prior1	rw_positive	run1	1.0	none	False	sub-116	similar	epsilon	0.0014533010728084903	0.0022631095587422917	1.8645565356877502e-05	0.0006881248235895	0.007489360722626473
fit-rw_positive-run1-prior1	rw_positive	run1	1.0	none	False	sub-116	dissimilar	alpha	1.5521639218350198	0.8643380928808162	0.5309434735349251	1.403811072905	3.567367247463746
fit-rw_positive-run1-prior1	rw_positive	run1	1.0	none	False	sub-116	dissimilar	gamma	2.2120627493215	1.703504961820419	0.57498041107275	1.77558161553	6.470969263633497
fit-rw_positive-run1-prior1	rw_positive	run1	1.0	none	False	sub-116	dissimilar	f0	11.28678281698554	2.4778612811013203	7.8954639825205	10.705856026549998	17.976234639515
fit-rw_positive-run1-prior1	rw_positive	run1	1.0	none	False	sub-116	dissimilar	epsilon	0.0015777638618631074	0.0021538669273354115	2.26643579441975e-05	0.0008250846496470001	0.007621159621017497
fit-rw_positive-run1-prior1	rw_positive	run1	1.0	none	False	sub-117	computer	alpha	1.6361579511697977	0.924302046477414	0.3645928209788	1.476873968695	3.8230207460949965
fit-rw_positive-run1-prior1	rw_positive	run1	1.0	none	False	sub-117	computer	gamma	2.7404353225543625	3.9343388644114814	0.699024576677025	1.991173884895	8.936174939527
fit-rw_positive-run1-prior1	rw_positive	run1	1.0	none	False	sub-117	computer	f0	2.893185974160407	1.9164885117309005	0.201911055368125	2.68812953215	7.239467869307499
fit-rw_positive-run1-prior1	rw_positive	run1	1.0	none	False	sub-117	computer	epsilon	0.1725114826132348	0.21033702494326492	6.773419647280001e-05	0.01933868695595	0.6139903003966495
fit-rw_positive-run1-prior1	rw_positive	run1	1.0	none	False	sub-117	similar	alpha	1.1782201712698817	0.6302736391068935	0.3234344581787	1.07670593825	2.6499092239522493
fit-rw_positive-run1-prior1	rw_positive	run1	1.0	none	False	sub-117	similar	gamma	2.8216901613001757	3.156031496022855	0.705742730976	2.087478382165	9.281581139812499
fit-rw_positive-run1-prior1	rw_positive	run1	1.0	none	False	sub-117	similar	f0	3.356518208349349	2.1194213389567333	0.2572387065846	3.05739228956	8.464765289065998
fit-rw_positive-run1-prior1	rw_positive	run1	1.0	none	False	sub-117	similar	epsilon	0.22232345314739982	0.2660030212825632	0.000102434396663775	0.02752402770625	0.7459298375456749
fit-rw_positive-run1-prior1	rw_positive	run1	1.0	none	False	sub-117	dissimilar	alpha	1.323231035706352	0.6550168499491859	0.332131646642125	1.2520147581	2.8051621518005
fit-rw_positive-run1-prior1	rw_positive	run1	1.0	none	False	sub-117	dissimilar	gamma	2.9573285862797287	3.8443301460867367	0.637720371907225	2.111742277635	10.211243919404998
fit-rw_positive-run1-prior1	rw_positive	run1	1.0	none	False	sub-117	dissimilar	f0	3.2511388204826757	2.0407566077460264	0.243895444538825	3.0191651948700002	7.998235597653241
fit-rw_positive-run1-prior1	rw_positive	run1	1.0	none	False	sub-117	dissimilar	epsilon	0.23991313971759015	0.2822781797853381	0.000126000850361825	0.0341544441695	0.7783628936941249
fit-rw_positive-run1-prior1	rw_positive	run1	1.0	none	False	sub-118	computer	alpha	1.5969645545083977	0.9418125699417227	0.40732954482515	1.416395486775	3.7914044415712493
fit-rw_positive-run1-prior1	rw_positive	run1	1.0	none	False	sub-118	computer	gamma	0.1765161143095441	0.07495961314308876	0.062426029127655006	0.165568667275	0.35363668620354993
fit-rw_positive-run1-prior1	rw_positive	run1	1.0	none	False	sub-118	computer	f0	8.705020442839995	3.6258045622658797	3.33581717289725	8.114654198884999	17.754111563825
fit-rw_positive-run1-prior1	rw_positive	run1	1.0	none	False	sub-118	computer	epsilon	0.010631618746637879	0.022553624629348585	3.688297156559e-05	0.0032722709304050003	0.06622229567749491
fit-rw_positive-run1-prior1	rw_positive	run1	1.0	none	False	sub-118	similar	alpha	1.1939505641363606	0.6275832918448487	0.341623680639875	1.1125719249200001	2.6498518892182474
fit-rw_positive-run1-prior1	rw_positive	run1	1.0	none	False	sub-118	similar	gamma	0.20009630425879998	0.07634823589243286	0.079360956403935	0.189960429842	0.3743748320542995
fit-rw_positive-run1-prior1	rw_positive	run1	1.0	none	False	sub-118	similar	f0	9.624301607127213	3.393722432199363	4.5568584392835	8.963867011729999	18.05602027868
fit-rw_positive-run1-prior1	rw_positive	run1	1.0	none	False	sub-118	similar	epsilon	0.017078196650492716	0.03640023100576464	5.777373910626751e-05	0.0050160846049650005	0.10693865133867483
fit-rw_positive-run1-prior1	rw_positive	run1	1.0	none	False	sub-118	dissimilar	alpha	1.4275132364495549	0.748665538882301	0.4003061685011	1.329841970175	3.200969308283499
fit-rw_positive-run1-prior1	rw_positive	run1	1.0	none	False	sub-118	dissimilar	gamma	0.5219811818998596	0.24031411263223817	0.2082231647393	0.473545840631	1.1233503997194998
fit-rw_positive-run1-prior1	rw_positive	run1	1.0	none	False	sub-118	dissimilar	f0	9.690971562514239	3.1588661580663273	5.46559994489875	8.941926320775	17.896053713962484
fit-rw_positive-run1-prior1	rw_positive	run1	1.0	none	False	sub-118	dissimilar	epsilon	0.015418043426772596	0.025748149998815348	7.20581478601275e-05	0.006085344007869999	0.07636110237634229
fit-rw_positive-run1-prior1	rw_positive	run1	1.0	none	False	sub-121	computer	alpha	1.6865770373299316	0.9057877074358176	0.48647862318425	1.5203997036999999	3.8323326037964978
fit-rw_positive-run1-prior1	rw_positive	run1	1.0	none	False	sub-121	computer	gamma	0.7947747058477574	0.5799536833404807	0.289052066585425	0.6574184684894999	2.173095639294249
fit-rw_positive-run1-prior1	rw_positive	run1	1.0	none	False	sub-121	computer	f0	10.867112942311037	3.038627306190686	5.6440863599755	10.5053587477	18.08714040714749
fit-rw_positive-run1-prior1	rw_positive	run1	1.0	none	False	sub-121	computer	epsilon	0.03367145302619491	0.028656705377305837	0.00017523936856	0.02995292617505	0.09893459247189747
fit-rw_positive-run1-prior1	rw_positive	run1	1.0	none	False	sub-121	similar	alpha	1.1326547931645305	0.560396366786261	0.293657050474175	1.07662492299	2.3985840729987493
fit-rw_positive-run1-prior1	rw_positive	run1	1.0	none	False	sub-121	similar	gamma	0.8397712223092435	0.38807224504539795	0.327941742545325	0.7610966670849999	1.8163604809002498
fit-rw_positive-run1-prior1	rw_positive	run1	1.0	none	False	sub-121	similar	f0	10.2790957911717	3.628569275136007	4.86634303456825	9.77205265928	18.560992470749994
fit-rw_positive-run1-prior1	rw_positive	run1	1.0	none	False	sub-121	similar	epsilon	0.06617385033640402	0.06309754901641501	0.00022625611317335001	0.0508014132679	0.22203014829277495
fit-rw_positive-run1-prior1	rw_positive	run1	1.0	none	False	sub-121	dissimilar	alpha	1.193184251587509	0.6163582782814264	0.30809513934982496	1.12364991484	2.581895177834998
fit-rw_positive-run1-prior1	rw_positive	run1	1.0	none	False	sub-121	dissimilar	gamma	0.6496643232261681	0.3180250253370728	0.239206505881975	0.5845159021274999	1.454837708457
fit-rw_positive-run1-prior1	rw_positive	run1	1.0	none	False	sub-121	dissimilar	f0	10.019335120104287	3.604816275945558	4.776590019446	9.424836012495	18.4667183440075
fit-rw_positive-run1-prior1	rw_positive	run1	1.0	none	False	sub-121	dissimilar	epsilon	0.08239841627224294	0.09071661414489753	0.000279405533636175	0.05360409911355	0.3268739150370995
fit-rw_positive-run1-prior1	rw_positive	run1	1.0	none	False	sub-122	computer	alpha	1.7117364983433363	1.1560287952744666	0.247732285086725	1.512059878755	4.378314621671248
fit-rw_positive-run1-prior1	rw_positive	run1	1.0	none	False	sub-122	computer	gamma	0.6881987437955729	0.22217288946968491	0.34182236601795	0.6586397580875001	1.2136463642317497
fit-rw_positive-run1-prior1	rw_positive	run1	1.0	none	False	sub-122	computer	f0	0.7423660497140951	1.1594540605705905	0.0390657118323925	0.5130668575890001	2.7311635845909894
fit-rw_positive-run1-prior1	rw_positive	run1	1.0	none	False	sub-122	computer	epsilon	0.006556456392426215	0.051755445766958896	2.1384007518175e-05	0.001256998518255	0.016809431773704954
fit-rw_positive-run1-prior1	rw_positive	run1	1.0	none	False	sub-122	similar	alpha	1.303998880679858	0.847183022373124	0.21133896332937502	1.19141249172	3.1432435178402467
fit-rw_positive-run1-prior1	rw_positive	run1	1.0	none	False	sub-122	similar	gamma	1.591523703548326	1.0074797379986584	0.5124330849305501	1.336995953925	4.180123369345998
fit-rw_positive-run1-prior1	rw_positive	run1	1.0	none	False	sub-122	similar	f0	0.8806227327703046	1.2282861825592497	0.0522352365990325	0.6470151799915	3.075152651666248
fit-rw_positive-run1-prior1	rw_positive	run1	1.0	none	False	sub-122	similar	epsilon	0.008310167867495208	0.055173909809117114	3.4943592038950004e-05	0.00192352437814	0.02620220154356245
fit-rw_positive-run1-prior1	rw_positive	run1	1.0	none	False	sub-122	dissimilar	alpha	1.4062947251393585	0.8629890039667667	0.231836147949475	1.293953798125	3.3476081573544922
fit-rw_positive-run1-prior1	rw_positive	run1	1.0	none	False	sub-122	dissimilar	gamma	0.7089909178791453	0.3143651001310391	0.28894163267157497	0.6563967181795001	1.420227133594
fit-rw_positive-run1-prior1	rw_positive	run1	1.0	none	False	sub-122	dissimilar	f0	0.909907590052854	1.2896302279826386	0.0479408782496	0.6172741178785	3.6097299157599987
fit-rw_positive-run1-prior1	rw_positive	run1	1.0	none	False	sub-122	dissimilar	epsilon	0.010028882102759188	0.05503428683410601	3.98867371623675e-05	0.00226737249391	0.044291258144649896
fit-rw_positive-run1-prior1	rw_positive	run1	1.0	none	False	sub-124	computer	alpha	1.9727062764655787	1.481958475091529	0.4921557423867	1.6623667317500002	5.286485226085243
fit-rw_positive-run1-prior1	rw_positive	run1	1.0	none	False	sub-124	computer	gamma	5.862547803995398	8.23042752451102	1.07722928763775	3.87407132454	22.2258563785275
fit-rw_positive-run1-prior1	rw_positive	run1	1.0	none	False	sub-124	computer	f0	0.8413414097277833	0.7104193880234803	0.069252827082395	0.7472872510265001	2.2438178113589924
fit-rw_positive-run1-prior1	rw_positive	run1	1.0	none	False	sub-124	computer	epsilon	0.019112311456625272	0.02214606520167658	0.00126589982836775	0.0145594273534	0.07263468887643734
fit-rw_positive-run1-prior1	rw_positive	run1	1.0	none	False	sub-124	similar	alpha	1.564729106350831	1.1054231277511652	0.454787829562725	1.3627933963549999	3.9737121966587474
fit-rw_positive-run1-prior1	rw_positive	run1	1.0	none	False	sub-124	similar	gamma	6.459162742427041	8.484981641488199	1.0833391091095002	4.208958048795	25.951314238244933
fit-rw_positive-run1-prior1	rw_positive	run1	1.0	none	False	sub-124	similar	f0	1.1090318383030622	0.9008502125553852	0.0816460271237875	0.958906610317	3.0782349964922493
fit-rw_positive-run1-prior1	rw_positive	run1	1.0	none	False	sub-124	similar	epsilon	0.032964851542461766	0.03127161991783492	0.00140729179450425	0.025823311525600003	0.11523944999634986
fit-rw_positive-run1-prior1	rw_positive	run1	1.0	none	False	sub-124	dissimilar	alpha	1.5961813366663298	1.11977064109503	0.43001047248234997	1.394932100535	4.066193999583996
fit-rw_positive-run1-prior1	rw_positive	run1	1.0	none	False	sub-124	dissimilar	gamma	6.599784715516152	8.566923325443533	1.01557430472825	4.27560223448	26.536005271642445
fit-rw_positive-run1-prior1	rw_positive	run1	1.0	none	False	sub-124	dissimilar	f0	0.9802295188871558	0.7797361643329997	0.080374130840855	0.8910244135965	2.4982902445517463
fit-rw_positive-run1-prior1	rw_positive	run1	1.0	none	False	sub-124	dissimilar	epsilon	0.03711203045582483	0.0395868389461136	0.001605934782513	0.0268099263026	0.13809414307152468
fit-rw_positive-run1-prior1	rw_positive	run1	1.0	none	False	sub-125	computer	alpha	1.8220639037233175	1.0748648646147032	0.44736177326125004	1.631726303235	4.3731319443302485
fit-rw_positive-run1-prior1	rw_positive	run1	1.0	none	False	sub-125	computer	gamma	0.4633231538849013	0.17371519914208633	0.21516642436612501	0.4324748118645	0.8877278928774998
fit-rw_positive-run1-prior1	rw_positive	run1	1.0	none	False	sub-125	computer	f0	9.23341590146038	3.2902473452333343	5.031321455236251	8.402399556385	17.839146202575
fit-rw_positive-run1-prior1	rw_positive	run1	1.0	none	False	sub-125	computer	epsilon	0.019362242568187693	0.023058879427638602	7.046698739495001e-05	0.011094694301549999	0.0808604315726575
fit-rw_positive-run1-prior1	rw_positive	run1	1.0	none	False	sub-125	similar	alpha	1.3832996436428573	0.7370945051744752	0.411253236538375	1.2730726173	3.09375742426725
fit-rw_positive-run1-prior1	rw_positive	run1	1.0	none	False	sub-125	similar	gamma	0.49847262689791916	0.21259060666269633	0.2024813663059	0.4610085573655	1.0168023048682495
fit-rw_positive-run1-prior1	rw_positive	run1	1.0	none	False	sub-125	similar	f0	10.690635721000321	3.0393926053995655	6.065824417206	10.16352227865	18.102294018047488
fit-rw_positive-run1-prior1	rw_positive	run1	1.0	none	False	sub-125	similar	epsilon	0.029773851669578154	0.03293067893924776	0.00010921179457079999	0.01839926909975	0.11151251919397495
fit-rw_positive-run1-prior1	rw_positive	run1	1.0	none	False	sub-125	dissimilar	alpha	1.5160080786904866	0.7686401728627626	0.46655015553485	1.4035914309800002	3.30150282914925
fit-rw_positive-run1-prior1	rw_positive	run1	1.0	none	False	sub-125	dissimilar	gamma	0.3976599683828693	0.17198561650169622	0.150230223915675	0.3669145335685	0.82395617094235
fit-rw_positive-run1-prior1	rw_positive	run1	1.0	none	False	sub-125	dissimilar	f0	10.668193458698736	2.977760947298352	5.8876428657235	10.16642122495	18.051888302052497
fit-rw_positive-run1-prior1	rw_positive	run1	1.0	none	False	sub-125	dissimilar	epsilon	0.03481879275055594	0.040227162520019996	0.000136952483242825	0.02005114855515	0.1403889535747248
fit-rw_positive-run1-prior1	rw_positive	run1	1.0	none	False	sub-126	computer	alpha	1.7229778555166702	1.2094610753602428	0.232825718504075	1.501626157515	4.444853088778248
fit-rw_positive-run1-prior1	rw_positive	run1	1.0	none	False	sub-126	computer	gamma	4.921218152585811	5.87431337499275	0.9136523480748001	3.279078889405	19.331790283177465
fit-rw_positive-run1-prior1	rw_positive	run1	1.0	none	False	sub-126	computer	f0	0.6671271156674706	1.037982152960481	0.0377032234461725	0.456274512565	2.379526689636749
fit-rw_positive-run1-prior1	rw_positive	run1	1.0	none	False	sub-126	computer	epsilon	0.006184565385632842	0.05969050617984291	1.684467134327e-05	0.000757363013035	0.010270526490797396
fit-rw_positive-run1-prior1	rw_positive	run1	1.0	none	False	sub-126	similar	alpha	1.3071481348427667	0.8524530785621949	0.201344288647625	1.19455625094	3.1609092007819877
fit-rw_positive-run1-prior1	rw_positive	run1	1.0	none	False	sub-126	similar	gamma	5.612510467640439	6.646852941351645	1.023132540614	3.777756328995	21.82221201275747
fit-rw_positive-run1-prior1	rw_positive	run1	1.0	none	False	sub-126	similar	f0	0.7709237589011718	1.0735330555357858	0.046947124569465	0.5714000804175	2.509520722284996
fit-rw_positive-run1-prior1	rw_positive	run1	1.0	none	False	sub-126	similar	epsilon	0.007417119348385616	0.06261432770545405	2.6835143608050002e-05	0.001176969376195	0.016013563789154958
fit-rw_positive-run1-prior1	rw_positive	run1	1.0	none	False	sub-126	dissimilar	alpha	1.386691574057825	0.8786707039452973	0.209826080363425	1.27275005487	3.336208620954248
fit-rw_positive-run1-prior1	rw_positive	run1	1.0	none	False	sub-126	dissimilar	gamma	6.226088843427281	7.704533824718677	1.23842518721325	4.263519694145	22.919509580242487
fit-rw_positive-run1-prior1	rw_positive	run1	1.0	none	False	sub-126	dissimilar	f0	0.7302915448832633	1.0487783313135257	0.044847294231565	0.5419038898645	2.383337318571494
fit-rw_positive-run1-prior1	rw_positive	run1	1.0	none	False	sub-126	dissimilar	epsilon	0.007644377600115509	0.06460725730807923	3.35459042765525e-05	0.00141877487807	0.011652302821112435
fit-rw_positive-run1-prior1	rw_positive	run1	1.0	none	False	sub-127	computer	alpha	2.0634904140951016	1.4831743252963943	0.67980530883655	1.78018667874	5.143569952698739
fit-rw_positive-run1-prior1	rw_positive	run1	1.0	none	False	sub-127	computer	gamma	2.179938593977448	1.814583829731878	0.516208455207275	1.7001226412050001	6.780654345776747
fit-rw_positive-run1-prior1	rw_positive	run1	1.0	none	False	sub-127	computer	f0	12.273921562086073	2.491287525678806	8.8151313358945	11.7091003979	18.546371681357495
fit-rw_positive-run1-prior1	rw_positive	run1	1.0	none	False	sub-127	computer	epsilon	0.0015259069817493104	0.0022019940629220405	1.7982279353195e-05	0.000748774024886	0.007704325457262499
fit-rw_positive-run1-prior1	rw_positive	run1	1.0	none	False	sub-127	similar	alpha	1.6418555599178848	1.094996389255497	0.68633697668735	1.4670874828	3.631525651405497
fit-rw_positive-run1-prior1	rw_positive	run1	1.0	none	False	sub-127	similar	gamma	2.318697278890882	2.099718738362354	0.5059405205362	1.7417362888449999	7.643010583141247
fit-rw_positive-run1-prior1	rw_positive	run1	1.0	none	False	sub-127	similar	f0	13.250098113465935	2.268924683775495	9.665489771754249	12.88376086415	18.692447366239982
fit-rw_positive-run1-prior1	rw_positive	run1	1.0	none	False	sub-127	similar	epsilon	0.002144006635798689	0.0027255903742678146	2.8359335480377504e-05	0.001147427235685	0.009968641505566719
fit-rw_positive-run1-prior1	rw_positive	run1	1.0	none	False	sub-127	dissimilar	alpha	1.456264042854006	1.1707185126454147	0.5503882811428	1.2797538986750001	3.414645603218249
fit-rw_positive-run1-prior1	rw_positive	run1	1.0	none	False	sub-127	dissimilar	gamma	1.1619957810701755	0.5881556888721711	0.3688890920225	1.0463918541	2.6382412717752484
fit-rw_positive-run1-prior1	rw_positive	run1	1.0	none	False	sub-127	dissimilar	f0	12.447510735871903	2.5789584304220137	8.4291034933655	11.99479338875	18.715593349352496
fit-rw_positive-run1-prior1	rw_positive	run1	1.0	none	False	sub-127	dissimilar	epsilon	0.0028865787879014445	0.004238632599395173	3.26709958957975e-05	0.001376700202205	0.014560023004589976
fit-rw_positive-run1-prior1	rw_positive	run1	1.0	none	False	sub-128	computer	alpha	2.4508217175869036	2.2351437136970764	1.01133809332625	1.9864633176850002	6.609855449500497
fit-rw_positive-run1-prior1	rw_positive	run1	1.0	none	False	sub-128	computer	gamma	4.233859817266806	6.0858548126683765	0.5504635025058751	2.694615431585	17.208908777732496
fit-rw_positive-run1-prior1	rw_positive	run1	1.0	none	False	sub-128	computer	f0	15.14468607562318	2.3385854242495268	11.107563508930001	14.958307461250001	19.549317902795
fit-rw_positive-run1-prior1	rw_positive	run1	1.0	none	False	sub-128	computer	epsilon	0.0016044843804320034	0.002141825807025274	2.0652624025147502e-05	0.0008347837010615	0.007639605723712246
fit-rw_positive-run1-prior1	rw_positive	run1	1.0	none	False	sub-128	similar	alpha	1.8439106427968963	1.8415269999830113	0.932744878740525	1.4948076108050001	4.814173698939977
fit-rw_positive-run1-prior1	rw_positive	run1	1.0	none	False	sub-128	similar	gamma	4.587647663535147	6.451496423037052	0.53377016279095	2.7931273561800003	19.625514346684998
fit-rw_positive-run1-prior1	rw_positive	run1	1.0	none	False	sub-128	similar	f0	15.996185558491579	2.111662925956746	11.5842099070725	16.115725753699998	19.6154544916575
fit-rw_positive-run1-prior1	rw_positive	run1	1.0	none	False	sub-128	similar	epsilon	0.0021231414477680816	0.002457280147313916	3.24655732485475e-05	0.0012737839912649999	0.008506288461702987
fit-rw_positive-run1-prior1	rw_positive	run1	1.0	none	False	sub-128	dissimilar	alpha	2.2697687643733664	1.7837940712092748	1.1482657959532498	1.9421437316299999	5.309401356924249
fit-rw_positive-run1-prior1	rw_positive	run1	1.0	none	False	sub-128	dissimilar	gamma	4.716355242825158	6.640952999362125	0.5561628270727	2.87338116371	19.902104660479996
fit-rw_positive-run1-prior1	rw_positive	run1	1.0	none	False	sub-128	dissimilar	f0	16.241309799877946	1.8169060842958475	12.644999993285001	16.2499522397	19.577539901467496
fit-rw_positive-run1-prior1	rw_positive	run1	1.0	none	False	sub-128	dissimilar	epsilon	0.0027386700631800752	0.0034721417813162354	3.92075741554475e-05	0.0015072658866550001	0.012301066871939997
fit-rw_positive-run1-prior1	rw_positive	run1	1.0	none	False	sub-129	computer	alpha	1.8453123720309668	1.2682419431991963	0.422031105971525	1.5736508541099998	4.942559796765234
fit-rw_positive-run1-prior1	rw_positive	run1	1.0	none	False	sub-129	computer	gamma	0.7901161989702132	0.3599625289733937	0.33131139442102503	0.71296595782	1.6963209762857479
fit-rw_positive-run1-prior1	rw_positive	run1	1.0	none	False	sub-129	computer	f0	8.272903588478997	2.9349641180685944	4.36591762614825	7.66840790933	16.42635219047499
fit-rw_positive-run1-prior1	rw_positive	run1	1.0	none	False	sub-129	computer	epsilon	0.010337999835013616	0.016784310446191567	3.7128104757495e-05	0.00362539522174	0.0593771853062223
fit-rw_positive-run1-prior1	rw_positive	run1	1.0	none	False	sub-129	similar	alpha	1.3852966270847877	0.8945362821405025	0.36166447642717503	1.227416383325	3.4961673746959994
fit-rw_positive-run1-prior1	rw_positive	run1	1.0	none	False	sub-129	similar	gamma	1.3278372173589599	0.8203939990868867	0.42607365654420004	1.1248128850399999	3.451612573349495
fit-rw_positive-run1-prior1	rw_positive	run1	1.0	none	False	sub-129	similar	f0	8.845544481036699	2.9234536235484025	4.9893354940695005	8.13003901307	16.967649545489994
fit-rw_positive-run1-prior1	rw_positive	run1	1.0	none	False	sub-129	similar	epsilon	0.012459528354190922	0.016837765594577444	5.8854350071825e-05	0.005471661350205	0.05915550873651991
fit-rw_positive-run1-prior1	rw_positive	run1	1.0	none	False	sub-129	dissimilar	alpha	1.502441962092256	0.9288364893729802	0.38173140047700005	1.3486245935099999	3.7330484364567487
fit-rw_positive-run1-prior1	rw_positive	run1	1.0	none	False	sub-129	dissimilar	gamma	1.3993640822936932	1.00486955457792	0.3876737970495	1.14138119481	3.9524928037554945
fit-rw_positive-run1-prior1	rw_positive	run1	1.0	none	False	sub-129	dissimilar	f0	8.734090387584569	2.8435226006078964	5.08985915345425	8.009946384765001	16.787022108477476
fit-rw_positive-run1-prior1	rw_positive	run1	1.0	none	False	sub-129	dissimilar	epsilon	0.01821945284448758	0.02658513231215796	6.837926385487751e-05	0.00674242459895	0.0934609793976075
fit-rw_positive-run1-prior1	rw_positive	run1	1.0	none	False	sub-130	computer	alpha	1.7363685819028742	1.1968364996649783	0.26528081513080004	1.525972131385	4.417758992983749
fit-rw_positive-run1-prior1	rw_positive	run1	1.0	none	False	sub-130	computer	gamma	0.7625184465652719	0.28744184136089473	0.316426411599475	0.723547025963	1.4325193828177494
fit-rw_positive-run1-prior1	rw_positive	run1	1.0	none	False	sub-130	computer	f0	0.581395782966782	0.8990112159231475	0.034199470023505	0.425517015629	1.7524984566694966
fit-rw_positive-run1-prior1	rw_positive	run1	1.0	none	False	sub-130	computer	epsilon	0.007146386588065996	0.06964149795633195	1.8007543202827502e-05	0.0007975081393855	0.009464874705319462
fit-rw_positive-run1-prior1	rw_positive	run1	1.0	none	False	sub-130	similar	alpha	1.324971199519946	0.8809202487036695	0.216913224758325	1.204232084285	3.1763998816414962
fit-rw_positive-run1-prior1	rw_positive	run1	1.0	none	False	sub-130	similar	gamma	2.020397048524972	1.4577604670586506	0.566106157654275	1.63191498746	5.733050228878248
fit-rw_positive-run1-prior1	rw_positive	run1	1.0	none	False	sub-130	similar	f0	0.6891997580202104	0.9665246776338596	0.041397783164445	0.5347599283710001	2.0167917293037494
fit-rw_positive-run1-prior1	rw_positive	run1	1.0	none	False	sub-130	similar	epsilon	0.008151050618328135	0.0724253533171144	2.699945816134e-05	0.001240568697895	0.01234924429211489
fit-rw_positive-run1-prior1	rw_positive	run1	1.0	none	False	sub-130	dissimilar	alpha	1.4115294857692418	0.9077024971728634	0.2336316436762	1.291649642975	3.3831442823612483
fit-rw_positive-run1-prior1	rw_positive	run1	1.0	none	False	sub-130	dissimilar	gamma	2.1285432632533468	1.4705820056166727	0.673579003116475	1.74999782051	5.819835899575248
fit-rw_positive-run1-prior1	rw_positive	run1	1.0	none	False	sub-130	dissimilar	f0	0.6636958050084193	0.94741348201637	0.0405589473826525	0.5078672598830001	1.9369579558424934
fit-rw_positive-run1-prior1	rw_positive	run1	1.0	none	False	sub-130	dissimilar	epsilon	0.008681099049186484	0.07335990455513397	3.24628570977675e-05	0.001479188052735	0.01467650648215747
fit-rw_positive-run1-prior1	rw_positive	run1	1.0	none	False	sub-132	computer	alpha	1.6958901014309207	1.1799871533120765	0.2334402788993	1.485096615455	4.363817966586248
fit-rw_positive-run1-prior1	rw_positive	run1	1.0	none	False	sub-132	computer	gamma	2.063228010529703	1.4376478548220797	0.74222425450725	1.764978058255	5.050489145827496
fit-rw_positive-run1-prior1	rw_positive	run1	1.0	none	False	sub-132	computer	f0	0.837479771026342	1.2413499484887638	0.0429519686694125	0.551021573109	3.0414137533564998
fit-rw_positive-run1-prior1	rw_positive	run1	1.0	none	False	sub-132	computer	epsilon	0.0068213060966545065	0.05684295165544081	2.0472021428887503e-05	0.00111765420011	0.015168295464784978
fit-rw_positive-run1-prior1	rw_positive	run1	1.0	none	False	sub-132	similar	alpha	1.2876310268675686	0.823528123429036	0.192326409837725	1.177580255335	3.156223305226246
fit-rw_positive-run1-prior1	rw_positive	run1	1.0	none	False	sub-132	similar	gamma	3.4503527389800905	2.8696314887875776	0.953111012331675	2.7170085936049997	10.35206847994249
fit-rw_positive-run1-prior1	rw_positive	run1	1.0	none	False	sub-132	similar	f0	0.9199187674956526	1.255756287890001	0.0544425121800675	0.693163461352	3.1032850461807477
fit-rw_positive-run1-prior1	rw_positive	run1	1.0	none	False	sub-132	similar	epsilon	0.00898402005158145	0.06239283700121921	3.2743423508135e-05	0.00173083365628	0.02691676775575247
fit-rw_positive-run1-prior1	rw_positive	run1	1.0	none	False	sub-132	dissimilar	alpha	1.3697612027408625	0.8449771069814634	0.20592137973675	1.264371390285	3.2973920972874993
fit-rw_positive-run1-prior1	rw_positive	run1	1.0	none	False	sub-132	dissimilar	gamma	3.306685204528243	2.9262831619468836	0.81055826137285	2.54468978299	10.304419495284998
fit-rw_positive-run1-prior1	rw_positive	run1	1.0	none	False	sub-132	dissimilar	f0	0.8974594839063196	1.2339199616127023	0.051295253386535	0.661144483064	3.047014774424247
fit-rw_positive-run1-prior1	rw_positive	run1	1.0	none	False	sub-132	dissimilar	epsilon	0.00962287020822835	0.06417534706049055	3.804541734395251e-05	0.0020681830291899997	0.025968187164469993
fit-rw_positive-run1-prior1	rw_positive	run1	1.0	none	False	sub-133	computer	alpha	1.6403444822948414	1.1090575492969876	0.1888071813859	1.441304493065	4.231023026277993
fit-rw_positive-run1-prior1	rw_positive	run1	1.0	none	False	sub-133	computer	gamma	2.5371717075354416	2.224803899498972	0.75663141713865	1.9644417656650002	7.7013792848629805
fit-rw_positive-run1-prior1	rw_positive	run1	1.0	none	False	sub-133	computer	f0	1.0843822289101863	1.7814104241869444	0.0509571949316125	0.7638744927845	4.910431016204746
fit-rw_positive-run1-prior1	rw_positive	run1	1.0	none	False	sub-133	computer	epsilon	0.01408643947851813	0.09593517340157717	1.7674111478805e-05	0.0008693588551535	0.037677977856775
fit-rw_positive-run1-prior1	rw_positive	run1	1.0	none	False	sub-133	similar	alpha	1.247366644037297	0.8055348768163733	0.171487822160925	1.139704189975	2.97620755000575
fit-rw_positive-run1-prior1	rw_positive	run1	1.0	none	False	sub-133	similar	gamma	1.957232462554844	1.7668516760574517	0.6413524315218001	1.575970141765	5.437123679090244
fit-rw_positive-run1-prior1	rw_positive	run1	1.0	none	False	sub-133	similar	f0	1.366830589650741	1.9451564731107782	0.058894340963075	1.0182023113	6.052882457414197
fit-rw_positive-run1-prior1	rw_positive	run1	1.0	none	False	sub-133	similar	epsilon	0.015044859833656275	0.0973530357250994	2.8434794445325e-05	0.001329509595425	0.04987505173635218
fit-rw_positive-run1-prior1	rw_positive	run1	1.0	none	False	sub-133	dissimilar	alpha	1.3492204700132524	0.8398477168629448	0.184183344211475	1.247013811245	3.1743329431584986
fit-rw_positive-run1-prior1	rw_positive	run1	1.0	none	False	sub-133	dissimilar	gamma	2.15312271731179	1.9025958384119677	0.616547282071625	1.689756420115	6.359834638071745
fit-rw_positive-run1-prior1	rw_positive	run1	1.0	none	False	sub-133	dissimilar	f0	1.3364757794557232	1.9120267524576264	0.0577371546963575	0.987400077822	5.794156434756246
fit-rw_positive-run1-prior1	rw_positive	run1	1.0	none	False	sub-133	dissimilar	epsilon	0.016595734632325068	0.09871844619440799	3.34336264657575e-05	0.00162480362996	0.07056916640111971
fit-rw_positive-run1-prior1	rw_positive	run1	1.0	none	False	sub-134	computer	alpha	1.839962199916026	1.3437200388140664	0.35857198045099997	1.6050644839100001	4.717635127155499
fit-rw_positive-run1-prior1	rw_positive	run1	1.0	none	False	sub-134	computer	gamma	0.7888850901912281	0.24479597939202563	0.40938274923635004	0.7562332805984999	1.3510275325947494
fit-rw_positive-run1-prior1	rw_positive	run1	1.0	none	False	sub-134	computer	f0	1.7775057418503748	1.270391026036294	0.246611309305925	1.59905964523	4.115961233139241
fit-rw_positive-run1-prior1	rw_positive	run1	1.0	none	False	sub-134	computer	epsilon	0.006870678502639334	0.04201681880560713	2.66133830226675e-05	0.00164728415908	0.024557762190812498
fit-rw_positive-run1-prior1	rw_positive	run1	1.0	none	False	sub-134	similar	alpha	1.4348986182697117	0.9060495203065049	0.305389510902	1.28474126882	3.537007206513499
fit-rw_positive-run1-prior1	rw_positive	run1	1.0	none	False	sub-134	similar	gamma	1.8416436097530944	1.2851823200426067	0.5574816344726	1.51314904407	5.158770190635248
fit-rw_positive-run1-prior1	rw_positive	run1	1.0	none	False	sub-134	similar	f0	2.1715196341291763	1.333983210114973	0.312528284000925	2.01230036835	4.787480445262742
fit-rw_positive-run1-prior1	rw_positive	run1	1.0	none	False	sub-134	similar	epsilon	0.009359643179952243	0.045232206008419464	3.96479932695925e-05	0.002564863803085	0.037048816097974925
fit-rw_positive-run1-prior1	rw_positive	run1	1.0	none	False	sub-134	dissimilar	alpha	1.4821839157720502	0.899285129547616	0.327250327747275	1.34911077327	3.5120582674042478
fit-rw_positive-run1-prior1	rw_positive	run1	1.0	none	False	sub-134	dissimilar	gamma	1.4023683496309987	0.9394275780603706	0.4264158320033	1.1590438386500002	3.769352566293999
fit-rw_positive-run1-prior1	rw_positive	run1	1.0	none	False	sub-134	dissimilar	f0	2.074514203049121	1.3249660397928016	0.293651581125275	1.90381702261	4.728039225528485
fit-rw_positive-run1-prior1	rw_positive	run1	1.0	none	False	sub-134	dissimilar	epsilon	0.011382090965933102	0.04869829859971852	4.9540659105635e-05	0.0030287482932900003	0.054562327268644996
fit-rw_positive-run1-prior1	rw_positive	run1	1.0	none	False	sub-135	computer	alpha	1.9341319471260905	0.9605015407553595	0.8855822775941999	1.70129538042	4.2917055121704974
fit-rw_positive-run1-prior1	rw_positive	run1	1.0	none	False	sub-135	computer	gamma	0.27527721035925506	0.14065252813903462	0.0896926976169375	0.246090336119	0.6261944625550488
fit-rw_positive-run1-prior1	rw_positive	run1	1.0	none	False	sub-135	computer	f0	15.505160034982833	2.3107855924679632	11.2360123094175	15.48995710545	19.562446174214998
fit-rw_positive-run1-prior1	rw_positive	run1	1.0	none	False	sub-135	computer	epsilon	0.0013061164942092492	0.001788981097573331	1.7047792797437502e-05	0.000660904448676	0.006371445544938235
fit-rw_positive-run1-prior1	rw_positive	run1	1.0	none	False	sub-135	similar	alpha	1.6335232849161752	0.6821070358111853	0.8709039499040501	1.4841374221149999	3.263226375686499
fit-rw_positive-run1-prior1	rw_positive	run1	1.0	none	False	sub-135	similar	gamma	0.5025064254135782	0.46329078905005516	0.114485244947225	0.3747499046445	1.6722510070602434
fit-rw_positive-run1-prior1	rw_positive	run1	1.0	none	False	sub-135	similar	f0	16.290496867206905	1.9312213573402839	12.474955424965	16.32330682535	19.618244094749997
fit-rw_positive-run1-prior1	rw_positive	run1	1.0	none	False	sub-135	similar	epsilon	0.002042871983502037	0.0028428285222050595	2.6101951977985e-05	0.0010105935932399998	0.00998462448227599
fit-rw_positive-run1-prior1	rw_positive	run1	1.0	none	False	sub-135	dissimilar	alpha	1.4208026210552205	0.5962821075276786	0.6548730028119251	1.3063040296550001	2.8607428222039992
fit-rw_positive-run1-prior1	rw_positive	run1	1.0	none	False	sub-135	dissimilar	gamma	0.1364018537696836	0.06169339679561306	0.046356401698725	0.12636966409849998	0.2831920741417749
fit-rw_positive-run1-prior1	rw_positive	run1	1.0	none	False	sub-135	dissimilar	f0	15.955348883947211	2.1593238114114737	11.568791720395	16.01502585495	19.60334712341
fit-rw_positive-run1-prior1	rw_positive	run1	1.0	none	False	sub-135	dissimilar	epsilon	0.002768045197793826	0.004726399309440226	3.053949281243e-05	0.0012311433590499999	0.014669154874739996
fit-rw_positive-run1-prior1	rw_positive	run1	1.0	none	False	sub-136	computer	alpha	2.211694448474366	1.726343233719169	0.5234261619766251	1.88562630188	5.92535190007375
fit-rw_positive-run1-prior1	rw_positive	run1	1.0	none	False	sub-136	computer	gamma	4.217571331894399	5.511289375984082	0.8214217160481251	2.82436154579	16.145629741477485
fit-rw_positive-run1-prior1	rw_positive	run1	1.0	none	False	sub-136	computer	f0	4.903792489211227	1.7019439792242352	3.0017606355485	4.538685306265	9.235444312624994
fit-rw_positive-run1-prior1	rw_positive	run1	1.0	none	False	sub-136	computer	epsilon	0.01072030262444464	0.01639680500185944	5.3202373069325e-05	0.00520134829381	0.05055216444921249
fit-rw_positive-run1-prior1	rw_positive	run1	1.0	none	False	sub-136	similar	alpha	1.8000177230859675	1.2627034772500876	0.506799293405175	1.56040262578	4.507060681398492
fit-rw_positive-run1-prior1	rw_positive	run1	1.0	none	False	sub-136	similar	gamma	5.518376734951883	6.869254513705049	1.047480038412	3.83089917532	19.841616016492473
fit-rw_positive-run1-prior1	rw_positive	run1	1.0	none	False	sub-136	similar	f0	6.331728661624038	1.7561189044181136	4.1582687893245005	5.99172986794	10.904315458074993
fit-rw_positive-run1-prior1	rw_positive	run1	1.0	none	False	sub-136	similar	epsilon	0.013553631858711498	0.015988378102581604	8.416484995379752e-05	0.007602344413164999	0.05654919003112749
fit-rw_positive-run1-prior1	rw_positive	run1	1.0	none	False	sub-136	dissimilar	alpha	1.834982689839217	1.3159301942339527	0.5030010217715001	1.60239975776	4.661200436257995
fit-rw_positive-run1-prior1	rw_positive	run1	1.0	none	False	sub-136	dissimilar	gamma	5.424875022104591	7.712118490880069	0.89710358150985	3.636255368125	20.177209983812443
fit-rw_positive-run1-prior1	rw_positive	run1	1.0	none	False	sub-136	dissimilar	f0	5.923894222060444	1.7883603815593665	3.633715087512	5.602867000294999	10.640355975594993
fit-rw_positive-run1-prior1	rw_positive	run1	1.0	none	False	sub-136	dissimilar	epsilon	0.017171984911366518	0.020777023478120264	9.790782269273e-05	0.009136762793355	0.07382158093684499
fit-rw_positive-run1-prior1	rw_positive	run1	1.0	none	False	sub-137	computer	alpha	1.9428548944485138	1.4507369217070056	0.555042008579775	1.656697885205	4.958185152582722
fit-rw_positive-run1-prior1	rw_positive	run1	1.0	none	False	sub-137	computer	gamma	1.9288098151474022	1.721330578823861	0.45417759570035005	1.472215497805	6.203437804494497
fit-rw_positive-run1-prior1	rw_positive	run1	1.0	none	False	sub-137	computer	f0	10.84955654685697	2.669545553341716	7.3412846509645	10.200407999	17.915138635287498
fit-rw_positive-run1-prior1	rw_positive	run1	1.0	none	False	sub-137	computer	epsilon	0.0017536832754836606	0.0026438136339804763	1.95519721960425e-05	0.0008596013111135	0.008772837515316248
fit-rw_positive-run1-prior1	rw_positive	run1	1.0	none	False	sub-137	similar	alpha	1.3676453610278116	1.1954260660171794	0.463846930581525	1.1713224484	3.333494391951748
fit-rw_positive-run1-prior1	rw_positive	run1	1.0	none	False	sub-137	similar	gamma	1.1658839873887332	0.5471067928201313	0.420392603810275	1.06077799216	2.522623031596249
fit-rw_positive-run1-prior1	rw_positive	run1	1.0	none	False	sub-137	similar	f0	11.406144111647228	2.701408409050374	7.278998498349	10.8834449694	18.305334754974997
fit-rw_positive-run1-prior1	rw_positive	run1	1.0	none	False	sub-137	similar	epsilon	0.0029975446592015982	0.005037298051054667	3.0652454817117505e-05	0.00134805378537	0.01621548581487745
fit-rw_positive-run1-prior1	rw_positive	run1	1.0	none	False	sub-137	dissimilar	alpha	1.634099128372761	1.1575569044936893	0.548244139435675	1.43410222755	3.907051256685236
fit-rw_positive-run1-prior1	rw_positive	run1	1.0	none	False	sub-137	dissimilar	gamma	2.7503644330829933	2.2485609427585134	0.6328113929446499	2.15936415427	8.359973048206735
fit-rw_positive-run1-prior1	rw_positive	run1	1.0	none	False	sub-137	dissimilar	f0	11.51987047178051	2.517004495497135	8.0029757645015	10.94355972715	18.130703924865
fit-rw_positive-run1-prior1	rw_positive	run1	1.0	none	False	sub-137	dissimilar	epsilon	0.0026291614871787987	0.003116598858298506	3.9128106019965006e-05	0.00161616910128	0.010581282324607496
fit-rw_positive-run1-prior1	rw_positive	run1	1.0	none	False	sub-138	computer	alpha	1.6383526754145024	0.9467488113804768	0.359331474340575	1.476254606005	3.8006855730187423
fit-rw_positive-run1-prior1	rw_positive	run1	1.0	none	False	sub-138	computer	gamma	0.6715122115856048	0.6005761661353444	0.209666906158275	0.523770446389	2.0399580425322488
fit-rw_positive-run1-prior1	rw_positive	run1	1.0	none	False	sub-138	computer	f0	2.048665484365915	2.3833763841657514	0.06101535901236	1.2553174232	8.60121787480323
fit-rw_positive-run1-prior1	rw_positive	run1	1.0	none	False	sub-138	computer	epsilon	0.07161321301822997	0.11176531648745147	0.000148822450800925	0.0320446295443	0.40741710040279966
fit-rw_positive-run1-prior1	rw_positive	run1	1.0	none	False	sub-138	similar	alpha	1.3072125641630048	0.6517999193704053	0.344879205359175	1.2359990727649999	2.710907685102246
fit-rw_positive-run1-prior1	rw_positive	run1	1.0	none	False	sub-138	similar	gamma	0.4444102947117251	0.18216617896173698	0.19289430727605	0.4111562817055	0.8958940375848997
fit-rw_positive-run1-prior1	rw_positive	run1	1.0	none	False	sub-138	similar	f0	2.8100773339721963	2.9912076197017603	0.077213322779485	1.6849185974399998	10.648477752484991
fit-rw_positive-run1-prior1	rw_positive	run1	1.0	none	False	sub-138	similar	epsilon	0.11227771337732421	0.13922289674102054	0.00020679420405537503	0.05335639644245	0.4889354592798248
fit-rw_positive-run1-prior1	rw_positive	run1	1.0	none	False	sub-138	dissimilar	alpha	1.4557880622687223	0.7000124319421202	0.361107082236225	1.39175669201	2.9803770651309947
fit-rw_positive-run1-prior1	rw_positive	run1	1.0	none	False	sub-138	dissimilar	gamma	0.48773646153357286	0.16610308469809862	0.233650674153175	0.464418375072	0.8780426711728736
fit-rw_positive-run1-prior1	rw_positive	run1	1.0	none	False	sub-138	dissimilar	f0	2.73327653046556	2.9221023298442645	0.07645990385601001	1.6234440668699999	10.410642725834984
fit-rw_positive-run1-prior1	rw_positive	run1	1.0	none	False	sub-138	dissimilar	epsilon	0.11470462928105232	0.13028410526484477	0.00023679045629142504	0.07203936297895	0.46375369981187453
fit-rw_positive-run1-prior1	rw_positive	run1	1.0	none	False	sub-140	computer	alpha	1.6189631256273653	1.107857242226898	0.262952921660225	1.44782947471	3.8858892342072466
fit-rw_positive-run1-prior1	rw_positive	run1	1.0	none	False	sub-140	computer	gamma	0.4818900304604736	0.23621081957612722	0.180085138173975	0.4325165325535	1.0844876714612475
fit-rw_positive-run1-prior1	rw_positive	run1	1.0	none	False	sub-140	computer	f0	2.7858670094951026	2.7286481607228223	0.09211463898727751	2.1098901933849996	10.131693318027496
fit-rw_positive-run1-prior1	rw_positive	run1	1.0	none	False	sub-140	computer	epsilon	0.10383478195828394	0.14563452285603687	6.9273552349905e-05	0.0228806223659	0.4989332460750741
fit-rw_positive-run1-prior1	rw_positive	run1	1.0	none	False	sub-140	similar	alpha	1.2741139766212486	0.7472515905527243	0.232682441676525	1.1843541105750002	2.939395087815999
fit-rw_positive-run1-prior1	rw_positive	run1	1.0	none	False	sub-140	similar	gamma	0.5150085066322413	0.24081076695729126	0.21247745134535	0.46240345427749996	1.1383685131139993
fit-rw_positive-run1-prior1	rw_positive	run1	1.0	none	False	sub-140	similar	f0	3.318303145191753	3.022014310001418	0.1144479249555	2.599075509975	11.416040755402467
fit-rw_positive-run1-prior1	rw_positive	run1	1.0	none	False	sub-140	similar	epsilon	0.14284811334618217	0.18408862910991844	9.85719773999925e-05	0.03401633892715	0.6046792234153996
fit-rw_positive-run1-prior1	rw_positive	run1	1.0	none	False	sub-140	dissimilar	alpha	1.2549737766905569	0.6705076555974334	0.2429610458043	1.19787526418	2.704052592712249
fit-rw_positive-run1-prior1	rw_positive	run1	1.0	none	False	sub-140	dissimilar	gamma	0.3063807250475048	0.09400225028430727	0.147590611174775	0.297640226575	0.51708567556835
fit-rw_positive-run1-prior1	rw_positive	run1	1.0	none	False	sub-140	dissimilar	f0	3.173100107379721	2.946662859834397	0.11079679968727502	2.457330255875	11.110015751954975
fit-rw_positive-run1-prior1	rw_positive	run1	1.0	none	False	sub-140	dissimilar	epsilon	0.15801296122914177	0.2055285389890437	0.00012364277678017502	0.0382026771441	0.6828236611297248
fit-rw_positive-run1-prior1	rw_positive	run1	1.0	none	False	sub-141	computer	alpha	1.753231073374117	1.2204638821458378	0.26145871594015	1.5364423557050002	4.523840869225749
fit-rw_positive-run1-prior1	rw_positive	run1	1.0	none	False	sub-141	computer	gamma	0.7903839247569667	0.2567856251504812	0.389677666822375	0.755732902807	1.3915212274504989
fit-rw_positive-run1-prior1	rw_positive	run1	1.0	none	False	sub-141	computer	f0	0.5686283394303911	0.8125378975702886	0.035182731659595005	0.43994079579199996	1.606341435467496
fit-rw_positive-run1-prior1	rw_positive	run1	1.0	none	False	sub-141	computer	epsilon	0.0026073428691611275	0.02494546987918214	1.97931851360625e-05	0.0009053465486264999	0.007803498610047237
fit-rw_positive-run1-prior1	rw_positive	run1	1.0	none	False	sub-141	similar	alpha	1.3409052635911474	0.877503355418803	0.2244434006166	1.21353978321	3.3371623705652493
fit-rw_positive-run1-prior1	rw_positive	run1	1.0	none	False	sub-141	similar	gamma	1.9950708968192643	1.3554784960591488	0.65651128173615	1.65526631394	5.325938304059246
fit-rw_positive-run1-prior1	rw_positive	run1	1.0	none	False	sub-141	similar	f0	0.7030921993086996	0.8760496088859506	0.04393735423497	0.5496989709565	2.0447364395654968
fit-rw_positive-run1-prior1	rw_positive	run1	1.0	none	False	sub-141	similar	epsilon	0.0037073330103503535	0.025594689556883123	2.9992424327557504e-05	0.001398715344825	0.014185044730399998
fit-rw_positive-run1-prior1	rw_positive	run1	1.0	none	False	sub-141	dissimilar	alpha	1.4282536466318758	0.9242112864520619	0.238432535634125	1.3057277085	3.4566736825589977
fit-rw_positive-run1-prior1	rw_positive	run1	1.0	none	False	sub-141	dissimilar	gamma	1.8649287398832488	1.452680438700568	0.53313206779125	1.499401786225	5.4265376964349965
fit-rw_positive-run1-prior1	rw_positive	run1	1.0	none	False	sub-141	dissimilar	f0	0.67830834602221	0.8573052469933826	0.042172046094392505	0.5283170658865	2.0077734484929946
fit-rw_positive-run1-prior1	rw_positive	run1	1.0	none	False	sub-141	dissimilar	epsilon	0.004352618560578842	0.02623655366730889	3.7141595368257504e-05	0.0016639936576299998	0.016971717805774993
fit-rw_positive-run1-prior1	rw_positive	run1	1.0	none	False	sub-142	computer	alpha	1.6561119239768578	1.1048294732078163	0.17489265973767498	1.47035094603	4.17255657579425
fit-rw_positive-run1-prior1	rw_positive	run1	1.0	none	False	sub-142	computer	gamma	3.377915399794759	3.494723529377406	0.823651344888775	2.480440868445	11.467817926192499
fit-rw_positive-run1-prior1	rw_positive	run1	1.0	none	False	sub-142	computer	f0	1.2285182933198142	2.13480027980477	0.0659043068082725	0.892434486283	6.417885864080687
fit-rw_positive-run1-prior1	rw_positive	run1	1.0	none	False	sub-142	computer	epsilon	0.008607303465774499	0.0605477898926517	1.6862112255727502e-05	0.000773873782756	0.025057285028132273
fit-rw_positive-run1-prior1	rw_positive	run1	1.0	none	False	sub-142	similar	alpha	1.2926858085288824	0.774279702210651	0.18689945368997501	1.20153127695	3.041096385925749
fit-rw_positive-run1-prior1	rw_positive	run1	1.0	none	False	sub-142	similar	gamma	2.428986735511711	3.5771598375865983	0.613707240264475	1.610251762355	8.783066476574245
fit-rw_positive-run1-prior1	rw_positive	run1	1.0	none	False	sub-142	similar	f0	1.6988896136582026	2.263498721031569	0.07766388296347501	1.41622156395	7.947678973873991
fit-rw_positive-run1-prior1	rw_positive	run1	1.0	none	False	sub-142	similar	epsilon	0.00813252171041295	0.04576468270403969	2.59075073116425e-05	0.001206599155	0.042877857151269856
fit-rw_positive-run1-prior1	rw_positive	run1	1.0	none	False	sub-142	dissimilar	alpha	1.3501042906397007	0.7930627882373369	0.186835175554625	1.25612029583	3.1149700580894994
fit-rw_positive-run1-prior1	rw_positive	run1	1.0	none	False	sub-142	dissimilar	gamma	2.7038952573183916	3.330284482250731	0.646498052440175	1.91205360315	9.453313996392
fit-rw_positive-run1-prior1	rw_positive	run1	1.0	none	False	sub-142	dissimilar	f0	1.5761102439907597	2.2310337633845503	0.0752949576468275	1.260540014815	7.957168955949452
fit-rw_positive-run1-prior1	rw_positive	run1	1.0	none	False	sub-142	dissimilar	epsilon	0.010147036028229492	0.05441037701143877	3.02126060575375e-05	0.001456321494605	0.052786268616479684
fit-rw_positive-run1-prior1	rw_positive	run1	1.0	none	False	sub-143	computer	alpha	1.6834379442160825	1.1432827529401588	0.30819861310575003	1.48252267236	4.201109915275994
fit-rw_positive-run1-prior1	rw_positive	run1	1.0	none	False	sub-143	computer	gamma	1.9599875307396475	1.6356624442430114	0.5953902823255	1.53377033823	5.762993361252996
fit-rw_positive-run1-prior1	rw_positive	run1	1.0	none	False	sub-143	computer	f0	2.307852612703865	1.524075496841277	0.306841186368125	2.0629321424200002	5.963277928295249
fit-rw_positive-run1-prior1	rw_positive	run1	1.0	none	False	sub-143	computer	epsilon	0.008100069260367151	0.024053931861975023	4.56657495772075e-05	0.00367841384066	0.035919764745484986
fit-rw_positive-run1-prior1	rw_positive	run1	1.0	none	False	sub-143	similar	alpha	1.2070692158793255	0.7422574079501203	0.244923462057225	1.1016582676	2.8635472916834908
fit-rw_positive-run1-prior1	rw_positive	run1	1.0	none	False	sub-143	similar	gamma	1.1273017880619256	0.4937611125501293	0.461550578774125	1.03192078015	2.3392536226877447
fit-rw_positive-run1-prior1	rw_positive	run1	1.0	none	False	sub-143	similar	f0	2.631621611953758	1.6814767934961594	0.381055914763825	2.3682900888200002	6.850190355029744
fit-rw_positive-run1-prior1	rw_positive	run1	1.0	none	False	sub-143	similar	epsilon	0.012699255641004891	0.029740238207834113	7.01448312094625e-05	0.005514957451135	0.05861542971210749
fit-rw_positive-run1-prior1	rw_positive	run1	1.0	none	False	sub-143	dissimilar	alpha	1.3644871719935112	0.7977335742523867	0.2770607374854	1.257263912635	3.171445528154
fit-rw_positive-run1-prior1	rw_positive	run1	1.0	none	False	sub-143	dissimilar	gamma	1.6004567512751777	1.1707920835639414	0.488672974170575	1.2979211198199998	4.543818623205245
fit-rw_positive-run1-prior1	rw_positive	run1	1.0	none	False	sub-143	dissimilar	f0	2.6777229781151983	1.7066576299912726	0.35757931914192503	2.435370904075	6.98188169847375
fit-rw_positive-run1-prior1	rw_positive	run1	1.0	none	False	sub-143	dissimilar	epsilon	0.016276464884224413	0.03268547582688775	7.842990227399001e-05	0.00677696088656	0.07588437506082242
fit-rw_positive-run1-prior1	rw_positive	run1	1.0	none	False	sub-144	computer	alpha	2.1399293277089875	1.513179643394066	0.726345024437225	1.80899651374	5.4830535221089995
fit-rw_positive-run1-prior1	rw_positive	run1	1.0	none	False	sub-144	computer	gamma	3.041688716260436	3.0830900115072337	0.6028401686441001	2.21437597413	10.504145273242496
fit-rw_positive-run1-prior1	rw_positive	run1	1.0	none	False	sub-144	computer	f0	12.661062955142748	2.5035502397559806	8.999075433545	12.15691501575	18.733825205877498
fit-rw_positive-run1-prior1	rw_positive	run1	1.0	none	False	sub-144	computer	epsilon	0.0016300418150827516	0.002081838031917347	1.8115972858485003e-05	0.0008591279737075	0.00748209779555575
fit-rw_positive-run1-prior1	rw_positive	run1	1.0	none	False	sub-144	similar	alpha	1.6230912952834229	1.1193404699925278	0.680873656543225	1.38569486006	4.104564895688749
fit-rw_positive-run1-prior1	rw_positive	run1	1.0	none	False	sub-144	similar	gamma	3.4936984773735222	3.3658260099137154	0.65657979352235	2.542758954555	12.088883437157497
fit-rw_positive-run1-prior1	rw_positive	run1	1.0	none	False	sub-144	similar	f0	13.615068039083722	2.3348479794668577	9.5745501567535	13.3591304731	18.911983568264997
fit-rw_positive-run1-prior1	rw_positive	run1	1.0	none	False	sub-144	similar	epsilon	0.0026790440557809807	0.003585679296804697	2.8327793307775e-05	0.001334077118065	0.013015819501022475
fit-rw_positive-run1-prior1	rw_positive	run1	1.0	none	False	sub-144	dissimilar	alpha	1.7606485655250408	1.0857694680291003	0.7427724870883751	1.543688266235	4.129947538740744
fit-rw_positive-run1-prior1	rw_positive	run1	1.0	none	False	sub-144	dissimilar	gamma	2.6525818583553096	2.3892052943317728	0.5631492648515001	2.016979322105	8.504203626591993
fit-rw_positive-run1-prior1	rw_positive	run1	1.0	none	False	sub-144	dissimilar	f0	13.571746972381035	2.2341256538626255	9.917099144786999	13.248819828350001	18.808323873032496
fit-rw_positive-run1-prior1	rw_positive	run1	1.0	none	False	sub-144	dissimilar	epsilon	0.0029988300001259423	0.003932544511150386	3.4367464202825e-05	0.0015514901793649998	0.014265839998352499
fit-rw_positive-run1-prior1	rw_positive	run1	1.0	none	False	sub-147	computer	alpha	1.7320397982761448	1.0423528222876828	0.37435229473542503	1.5429363243899998	4.189643393362249
fit-rw_positive-run1-prior1	rw_positive	run1	1.0	none	False	sub-147	computer	gamma	0.43379545324294166	0.12197984345642651	0.23172776542552498	0.4216590205915	0.7043706253568248
fit-rw_positive-run1-prior1	rw_positive	run1	1.0	none	False	sub-147	computer	f0	2.272104159628121	1.6905368391983246	0.11647430760290002	2.07129236045	5.860997772040245
fit-rw_positive-run1-prior1	rw_positive	run1	1.0	none	False	sub-147	computer	epsilon	0.009025664187822932	0.025774286240553345	3.8991429729460004e-05	0.003572540891695	0.04057111972939746
fit-rw_positive-run1-prior1	rw_positive	run1	1.0	none	False	sub-147	similar	alpha	1.4310371154074637	0.8256225077856729	0.322709619738475	1.3080697563350001	3.332981219188247
fit-rw_positive-run1-prior1	rw_positive	run1	1.0	none	False	sub-147	similar	gamma	0.9517244450659967	0.6392738634164031	0.306877767148275	0.778075668174	2.6004344717742485
fit-rw_positive-run1-prior1	rw_positive	run1	1.0	none	False	sub-147	similar	f0	2.9270960389287564	1.9429485319804043	0.13258584809832502	2.95151895297	7.012905394571997
fit-rw_positive-run1-prior1	rw_positive	run1	1.0	none	False	sub-147	similar	epsilon	0.015837983052854644	0.031725522665015805	5.4905903793785e-05	0.00554626835277	0.06819378512322999
fit-rw_positive-run1-prior1	rw_positive	run1	1.0	none	False	sub-147	dissimilar	alpha	1.3646200295758748	0.7551090670012001	0.31868577693347505	1.267690873825	3.0555895084752485
fit-rw_positive-run1-prior1	rw_positive	run1	1.0	none	False	sub-147	dissimilar	gamma	0.846491159766301	0.5274430419308486	0.29281859868265003	0.72823470029	2.085065661971997
fit-rw_positive-run1-prior1	rw_positive	run1	1.0	none	False	sub-147	dissimilar	f0	2.5902809322015554	1.8084122692631082	0.136401063657575	2.473924598845	6.400688355570991
fit-rw_positive-run1-prior1	rw_positive	run1	1.0	none	False	sub-147	dissimilar	epsilon	0.01520743722413062	0.03383215273240397	7.515610916180501e-05	0.006212511712275	0.07187574821739988
fit-rw_positive-run1-prior1	rw_positive	run1	1.0	none	False	sub-149	computer	alpha	1.8305611470107024	1.2432324902360816	0.318768187774825	1.591953640215	4.768479289366746
fit-rw_positive-run1-prior1	rw_positive	run1	1.0	none	False	sub-149	computer	gamma	4.279536136583509	4.8225071423217285	0.827532830319025	2.96258907599	15.641002856502482
fit-rw_positive-run1-prior1	rw_positive	run1	1.0	none	False	sub-149	computer	f0	2.581478361461104	1.5532449599526048	1.195709001428	2.2448329182749998	6.603914606669736
fit-rw_positive-run1-prior1	rw_positive	run1	1.0	none	False	sub-149	computer	epsilon	0.005449193445667866	0.03410979833352615	2.621040865905e-05	0.001381357510685	0.01790828091907484
fit-rw_positive-run1-prior1	rw_positive	run1	1.0	none	False	sub-149	similar	alpha	1.3628854346159462	0.9318603849183804	0.26574369355625	1.2149957148850001	3.437852841953499
fit-rw_positive-run1-prior1	rw_positive	run1	1.0	none	False	sub-149	similar	gamma	4.681951578515808	5.574571927354283	0.828094007468375	3.130153319015	17.841020283839956
fit-rw_positive-run1-prior1	rw_positive	run1	1.0	none	False	sub-149	similar	f0	3.178390582586923	1.7261638491852804	1.377530012421	2.82489943526	7.830092047336497
fit-rw_positive-run1-prior1	rw_positive	run1	1.0	none	False	sub-149	similar	epsilon	0.00809161827190963	0.03696564139212608	4.096836832476e-05	0.00210246728683	0.03989203915928738
fit-rw_positive-run1-prior1	rw_positive	run1	1.0	none	False	sub-149	dissimilar	alpha	1.584706990488683	0.9800597929279761	0.326223766136575	1.4376827299200001	3.8345899707585
fit-rw_positive-run1-prior1	rw_positive	run1	1.0	none	False	sub-149	dissimilar	gamma	3.5667106547074914	5.1520140318918894	0.507987095977275	2.1491796129100003	15.049009810382485
fit-rw_positive-run1-prior1	rw_positive	run1	1.0	none	False	sub-149	dissimilar	f0	3.414707468898968	1.6913368498021422	1.2201521595579998	3.128980453625	7.826500262025484
fit-rw_positive-run1-prior1	rw_positive	run1	1.0	none	False	sub-149	dissimilar	epsilon	0.00988476445342861	0.03711066144572653	4.92819264386275e-05	0.00252792178094	0.0579181656265299
fit-rw_positive-run1-prior1	rw_positive	run1	1.0	none	False	sub-150	computer	alpha	1.733072073884978	1.0068011836998556	0.363871320663925	1.565884520865	4.063991547685236
fit-rw_positive-run1-prior1	rw_positive	run1	1.0	none	False	sub-150	computer	gamma	1.0745345673105278	0.7455450266063199	0.339448777196625	0.882197085197	2.964978491851742
fit-rw_positive-run1-prior1	rw_positive	run1	1.0	none	False	sub-150	computer	f0	5.779016803432538	2.49758120578833	2.77582949912125	5.157440310429999	12.852739338032483
fit-rw_positive-run1-prior1	rw_positive	run1	1.0	none	False	sub-150	computer	epsilon	0.01920989839663009	0.03979087220172958	4.0492747991827505e-05	0.004638642036675	0.13304568005454986
fit-rw_positive-run1-prior1	rw_positive	run1	1.0	none	False	sub-150	similar	alpha	1.2693348344873054	0.6593616297360477	0.312092668521125	1.1851129410999999	2.798899619552999
fit-rw_positive-run1-prior1	rw_positive	run1	1.0	none	False	sub-150	similar	gamma	0.60516953384796	0.2253973828248227	0.280076986405875	0.5675680676229999	1.1560924453564998
fit-rw_positive-run1-prior1	rw_positive	run1	1.0	none	False	sub-150	similar	f0	6.599453394947784	2.6736036847361015	3.29727075891025	5.958314386850001	13.97798268083249
fit-rw_positive-run1-prior1	rw_positive	run1	1.0	none	False	sub-150	similar	epsilon	0.027698111174302216	0.05772911335039713	6.314724684603752e-05	0.0071303139641650005	0.18570084774324833
fit-rw_positive-run1-prior1	rw_positive	run1	1.0	none	False	sub-150	dissimilar	alpha	1.4501603977503734	0.7087690238227577	0.3602367955166	1.37831860054	3.0803593298482452
fit-rw_positive-run1-prior1	rw_positive	run1	1.0	none	False	sub-150	dissimilar	gamma	1.3939277669668102	0.9564351845568166	0.45957943150577496	1.1385435960799999	3.7838249655807497
fit-rw_positive-run1-prior1	rw_positive	run1	1.0	none	False	sub-150	dissimilar	f0	6.604762148289375	2.567698524956379	3.45428206129375	5.983783801065	13.883575146097499
fit-rw_positive-run1-prior1	rw_positive	run1	1.0	none	False	sub-150	dissimilar	epsilon	0.028753854677085543	0.05041828797869183	7.64898801707375e-05	0.008661001497865	0.17228678643909914
fit-rw_positive-run1-prior1	rw_positive	run1	1.0	none	False	sub-151	computer	alpha	2.0009522322247673	2.865344292679311	0.48496852262645	1.700142200675	5.236743748183496
fit-rw_positive-run1-prior1	rw_positive	run1	1.0	none	False	sub-151	computer	gamma	1.9430735273251127	1.8883457110894797	0.450650438889425	1.4578557562749999	6.243215232914743
fit-rw_positive-run1-prior1	rw_positive	run1	1.0	none	False	sub-151	computer	f0	8.07278144297455	2.3844198135280856	5.2859088578705	7.467177269945	14.934436707744972
fit-rw_positive-run1-prior1	rw_positive	run1	1.0	none	False	sub-151	computer	epsilon	0.0011707379635901183	0.001971703417662069	1.2741867064167501e-05	0.000534946701509	0.006090977736897247
fit-rw_positive-run1-prior1	rw_positive	run1	1.0	none	False	sub-151	similar	alpha	1.6661274345999317	2.2025728766995525	0.5500632109785251	1.47607496398	3.8093876359807317
fit-rw_positive-run1-prior1	rw_positive	run1	1.0	none	False	sub-151	similar	gamma	1.6699743551917372	1.1987743584305484	0.48447915473455	1.356170728025	4.825887286754986
fit-rw_positive-run1-prior1	rw_positive	run1	1.0	none	False	sub-151	similar	f0	10.10952218979495	2.180266982622302	7.12792473568225	9.670778996095	16.050672220994983
fit-rw_positive-run1-prior1	rw_positive	run1	1.0	none	False	sub-151	similar	epsilon	0.0017025205812745998	0.0026424498380908414	2.01435498126075e-05	0.0008113205617915	0.008746826330139746
fit-rw_positive-run1-prior1	rw_positive	run1	1.0	none	False	sub-151	dissimilar	alpha	1.6323707014947506	1.8721095463369364	0.50563899753685	1.443285735805	3.8711355286647477
fit-rw_positive-run1-prior1	rw_positive	run1	1.0	none	False	sub-151	dissimilar	gamma	1.775118009761752	1.2634943118286157	0.5274528219493	1.45757117062	5.008818684155494
fit-rw_positive-run1-prior1	rw_positive	run1	1.0	none	False	sub-151	dissimilar	f0	9.502829607698118	2.2763238404373234	6.48936451747425	9.01194554151	15.847168436929966
fit-rw_positive-run1-prior1	rw_positive	run1	1.0	none	False	sub-151	dissimilar	epsilon	0.0019454334933079185	0.0029141819634511887	2.4947768203037502e-05	0.00098271262239	0.009597202402641723
fit-rw_positive-run1-prior1	rw_positive	run1	1.0	none	False	sub-152	computer	alpha	1.7294164641532652	1.181979701739621	0.2642314621763	1.5203700202500001	4.467685667682499
fit-rw_positive-run1-prior1	rw_positive	run1	1.0	none	False	sub-152	computer	gamma	4.783059262381914	7.079701975177448	0.9880324983944	3.20781605841	17.657885569487473
fit-rw_positive-run1-prior1	rw_positive	run1	1.0	none	False	sub-152	computer	f0	0.7463227401853052	1.2562149817345654	0.0382273024285275	0.515058111446	2.5188798902314953
fit-rw_positive-run1-prior1	rw_positive	run1	1.0	none	False	sub-152	computer	epsilon	0.01567725963096085	0.09827851031080882	2.5174459251095e-05	0.001584878219455	0.030400185878117488
fit-rw_positive-run1-prior1	rw_positive	run1	1.0	none	False	sub-152	similar	alpha	1.316377009074911	0.8509279744155153	0.227699323635575	1.1940353245050002	3.2036708582382434
fit-rw_positive-run1-prior1	rw_positive	run1	1.0	none	False	sub-152	similar	gamma	5.408407666850777	6.106378994021482	1.01707266422125	3.685761025915	20.66175037204498
fit-rw_positive-run1-prior1	rw_positive	run1	1.0	none	False	sub-152	similar	f0	0.8729011293810336	1.3195697539040288	0.0488418902987775	0.637832438594	2.870630962825249
fit-rw_positive-run1-prior1	rw_positive	run1	1.0	none	False	sub-152	similar	epsilon	0.018480311057596614	0.10305821294014089	4.0877965590942505e-05	0.00247108457231	0.04601005878220458
fit-rw_positive-run1-prior1	rw_positive	run1	1.0	none	False	sub-152	dissimilar	alpha	1.4073881009342768	0.8821185194645825	0.2390407968245	1.2888038823649999	3.4030109397417414
fit-rw_positive-run1-prior1	rw_positive	run1	1.0	none	False	sub-152	dissimilar	gamma	5.486849461070855	6.9542082246640415	0.9496008192094251	3.61320816866	21.40787329989747
fit-rw_positive-run1-prior1	rw_positive	run1	1.0	none	False	sub-152	dissimilar	f0	0.8468940382013715	1.2994537239455148	0.04828778995776	0.6100373571865	2.8195886474889877
fit-rw_positive-run1-prior1	rw_positive	run1	1.0	none	False	sub-152	dissimilar	epsilon	0.019832028880299946	0.10379572832805443	5.07098412766275e-05	0.0029168724966749998	0.06068752691085918
fit-rw_positive-run1-prior1	rw_positive	run1	1.0	none	False	sub-153	computer	alpha	1.83171161166817	1.0556749919836366	0.40947498717119996	1.65529757983	4.2984788937625
fit-rw_positive-run1-prior1	rw_positive	run1	1.0	none	False	sub-153	computer	gamma	1.9166971694137027	1.6719723913680429	0.42677836135150005	1.4559820655450002	6.1606684141279855
fit-rw_positive-run1-prior1	rw_positive	run1	1.0	none	False	sub-153	computer	f0	7.03389090805137	2.3037449262028247	4.47137584674575	6.4430703652600005	13.867271126009998
fit-rw_positive-run1-prior1	rw_positive	run1	1.0	none	False	sub-153	computer	epsilon	0.014532178891084081	0.0337262318572744	3.51950642657425e-05	0.00310436629875	0.10518629225169994
fit-rw_positive-run1-prior1	rw_positive	run1	1.0	none	False	sub-153	similar	alpha	1.3126145966625518	0.786202084232213	0.268271461733175	1.208891909505	3.0400807598935
fit-rw_positive-run1-prior1	rw_positive	run1	1.0	none	False	sub-153	similar	gamma	2.7148876619028757	2.4129758408769235	0.6537584498213	2.0607732945699997	8.818904776640478
fit-rw_positive-run1-prior1	rw_positive	run1	1.0	none	False	sub-153	similar	f0	6.5704321103047505	2.6750377583412805	3.571256441993	5.86226853702	14.72639758458499
fit-rw_positive-run1-prior1	rw_positive	run1	1.0	none	False	sub-153	similar	epsilon	0.02288654578514109	0.05282958577229492	5.498131700914751e-05	0.0047620724310249996	0.17105250664909996
fit-rw_positive-run1-prior1	rw_positive	run1	1.0	none	False	sub-153	dissimilar	alpha	1.3244443566347155	0.7639125776512893	0.26425953346605	1.23732306424	3.0357850437077474
fit-rw_positive-run1-prior1	rw_positive	run1	1.0	none	False	sub-153	dissimilar	gamma	2.295493213082292	1.6918069031862113	0.6616546164801249	1.8419993478049999	6.578597765652248
fit-rw_positive-run1-prior1	rw_positive	run1	1.0	none	False	sub-153	dissimilar	f0	6.1808868511170925	2.650038475830952	3.499826467942	5.389560641505	14.292793595649995
fit-rw_positive-run1-prior1	rw_positive	run1	1.0	none	False	sub-153	dissimilar	epsilon	0.025487208975349254	0.05659681695150879	6.835055230516251e-05	0.005839706641695	0.18330738457277498
fit-rw_positive-run1-prior1	rw_positive	run1	1.0	none	False	sub-154	computer	alpha	1.8234287504268514	0.990817731382773	0.657297857147075	1.613197052745	4.257157602091494
fit-rw_positive-run1-prior1	rw_positive	run1	1.0	none	False	sub-154	computer	gamma	0.44467689846434266	0.19661344449526896	0.169585321012675	0.409140515421	0.9315075677475485
fit-rw_positive-run1-prior1	rw_positive	run1	1.0	none	False	sub-154	computer	f0	12.726956840053886	2.6875240244132836	8.790445954133249	12.210953835200002	19.006154847947492
fit-rw_positive-run1-prior1	rw_positive	run1	1.0	none	False	sub-154	computer	epsilon	0.00206424173786639	0.0030079879754242463	1.96987721616775e-05	0.0009748819807199999	0.010436237027157442
fit-rw_positive-run1-prior1	rw_positive	run1	1.0	none	False	sub-154	similar	alpha	1.4500690336588669	0.6219031288108245	0.657881459223025	1.33750869564	2.9502526816634984
fit-rw_positive-run1-prior1	rw_positive	run1	1.0	none	False	sub-154	similar	gamma	0.2605057151469357	0.10160910046348372	0.10547327677055	0.24626796396849998	0.49792390498944994
fit-rw_positive-run1-prior1	rw_positive	run1	1.0	none	False	sub-154	similar	f0	14.240356838730737	2.222753279758993	10.43439833129	14.00747968135	19.1389749677925
fit-rw_positive-run1-prior1	rw_positive	run1	1.0	none	False	sub-154	similar	epsilon	0.0029992823627061926	0.004151432862920841	3.168840696727e-05	0.00147168882235	0.01509502130291999
fit-rw_positive-run1-prior1	rw_positive	run1	1.0	none	False	sub-154	dissimilar	alpha	1.605886743612804	0.7446956511163094	0.7000151376808501	1.46419256084	3.415598189192995
fit-rw_positive-run1-prior1	rw_positive	run1	1.0	none	False	sub-154	dissimilar	gamma	0.8351555361078982	0.6407968678731752	0.2081175124189	0.6630442254605	2.4683899563952485
fit-rw_positive-run1-prior1	rw_positive	run1	1.0	none	False	sub-154	dissimilar	f0	13.979744994807955	2.2836885486078864	10.2013527902175	13.69131938505	19.104969759152496
fit-rw_positive-run1-prior1	rw_positive	run1	1.0	none	False	sub-154	dissimilar	epsilon	0.004095154975126326	0.0063561420927365185	3.43843439656625e-05	0.00179575217705	0.022272493718732463
fit-rw_positive-run1-prior1	rw_positive	run1	1.0	none	False	sub-155	computer	alpha	2.525432022880268	1.9437614105659158	0.990369762834825	2.034907986765	7.050724673688741
fit-rw_positive-run1-prior1	rw_positive	run1	1.0	none	False	sub-155	computer	gamma	5.605022458800653	9.133219515215012	0.8692117872067501	3.664212438635	21.16369010974238
fit-rw_positive-run1-prior1	rw_positive	run1	1.0	none	False	sub-155	computer	f0	14.660095378973176	2.2914303762934924	10.8974683875275	14.38971674675	19.368217341554995
fit-rw_positive-run1-prior1	rw_positive	run1	1.0	none	False	sub-155	computer	epsilon	0.0012624417308757065	0.0014012280961904003	1.8429954055969998e-05	0.0007512345574905	0.005172837499218989
fit-rw_positive-run1-prior1	rw_positive	run1	1.0	none	False	sub-155	similar	alpha	1.9795510908946334	1.5676631052453844	0.9788243002822999	1.63097335582	5.078115586863747
fit-rw_positive-run1-prior1	rw_positive	run1	1.0	none	False	sub-155	similar	gamma	5.634773086337213	7.389123776655071	0.7471918607866251	3.6477216814849998	22.592384068607494
fit-rw_positive-run1-prior1	rw_positive	run1	1.0	none	False	sub-155	similar	f0	15.723750981163171	2.016109556847095	11.6568631083075	15.7540927044	19.449454669635
fit-rw_positive-run1-prior1	rw_positive	run1	1.0	none	False	sub-155	similar	epsilon	0.002152799564910244	0.0027526739028249157	2.80609312797275e-05	0.00115955463979	0.009916327169098748
fit-rw_positive-run1-prior1	rw_positive	run1	1.0	none	False	sub-155	dissimilar	alpha	2.2047291224020418	1.5377348341545585	1.03846844682925	1.8597149967850002	5.514377310960244
fit-rw_positive-run1-prior1	rw_positive	run1	1.0	none	False	sub-155	dissimilar	gamma	5.847588722623522	7.7941653450319155	0.7508157845394501	3.72213306862	23.831416633892466
fit-rw_positive-run1-prior1	rw_positive	run1	1.0	none	False	sub-155	dissimilar	f0	15.705288816728368	1.9375341343919266	11.90274950447	15.69655619055	19.399399045295
fit-rw_positive-run1-prior1	rw_positive	run1	1.0	none	False	sub-155	dissimilar	epsilon	0.002459308138663286	0.003050678789624019	3.3885865702725e-05	0.001364360051095	0.011029019091779982
fit-rw_positive-run1-prior1	rw_positive	run1	1.0	none	False	sub-156	computer	alpha	1.708892837688271	1.1811715938635858	0.22907958603030001	1.499906733015	4.3987287375697415
fit-rw_positive-run1-prior1	rw_positive	run1	1.0	none	False	sub-156	computer	gamma	4.961928839318639	6.085954450525704	0.9196723397171	3.3463533128050003	18.88177115148746
fit-rw_positive-run1-prior1	rw_positive	run1	1.0	none	False	sub-156	computer	f0	0.6478846361404241	1.016225322214893	0.0379176126063475	0.466579619039	2.0453895011407446
fit-rw_positive-run1-prior1	rw_positive	run1	1.0	none	False	sub-156	computer	epsilon	0.0062476792313495766	0.05990641989814845	1.9140702670375004e-05	0.000919226037276	0.011310439008874981
fit-rw_positive-run1-prior1	rw_positive	run1	1.0	none	False	sub-156	similar	alpha	1.2999490287901245	0.8217754758142896	0.20021727854685	1.1930371815	3.16709504935175
fit-rw_positive-run1-prior1	rw_positive	run1	1.0	none	False	sub-156	similar	gamma	5.520878093742945	8.366001695784032	1.036296980088	3.68588556632	20.959276511759963
fit-rw_positive-run1-prior1	rw_positive	run1	1.0	none	False	sub-156	similar	f0	0.7755348213490664	1.085796914565976	0.0473613552628075	0.581573649251	2.416259388664494
fit-rw_positive-run1-prior1	rw_positive	run1	1.0	none	False	sub-156	similar	epsilon	0.007374834008107437	0.06192341844591064	2.96762406980525e-05	0.00142003585127	0.015381108491789952
fit-rw_positive-run1-prior1	rw_positive	run1	1.0	none	False	sub-156	dissimilar	alpha	1.3832740496054015	0.8477351154062756	0.20993429874452502	1.276275603755	3.331041884033249
fit-rw_positive-run1-prior1	rw_positive	run1	1.0	none	False	sub-156	dissimilar	gamma	5.915518748348994	9.304456416488035	1.221811869359	4.05599304315	22.01504370434997
fit-rw_positive-run1-prior1	rw_positive	run1	1.0	none	False	sub-156	dissimilar	f0	0.7413061140631555	1.0747796324797703	0.0453178298957725	0.55572528213	2.2888556172057353
fit-rw_positive-run1-prior1	rw_positive	run1	1.0	none	False	sub-156	dissimilar	epsilon	0.007983410252809495	0.06347142688346674	3.54894227023375e-05	0.00170774375846	0.016362835528479988
fit-rw_positive-run1-prior1	rw_positive	run1	1.0	none	False	sub-157	computer	alpha	1.661509685851673	0.9089849028821703	0.3841751892148	1.5073183401449999	3.7719491626994923
fit-rw_positive-run1-prior1	rw_positive	run1	1.0	none	False	sub-157	computer	gamma	1.208049581653125	0.720302975599326	0.396934719488875	1.041061168785	2.9705771992397496
fit-rw_positive-run1-prior1	rw_positive	run1	1.0	none	False	sub-157	computer	f0	2.8269656553201674	1.6878795878823236	0.48604832397762504	2.548412796675	6.875053271747739
fit-rw_positive-run1-prior1	rw_positive	run1	1.0	none	False	sub-157	computer	epsilon	0.024004158041894992	0.04292189279617135	5.3160255153872503e-05	0.006985719972675	0.13233668922444944
fit-rw_positive-run1-prior1	rw_positive	run1	1.0	none	False	sub-157	similar	alpha	1.3119777046690637	0.6145764352770585	0.378416456446375	1.233972954515	2.740850656888745
fit-rw_positive-run1-prior1	rw_positive	run1	1.0	none	False	sub-157	similar	gamma	1.1210786527159597	0.5467373218819667	0.43055657039085	1.001071715395	2.490686808951998
fit-rw_positive-run1-prior1	rw_positive	run1	1.0	none	False	sub-157	similar	f0	3.9567137283673888	2.0211284937904086	0.5814653660750501	3.798537612005	8.671256685450238
fit-rw_positive-run1-prior1	rw_positive	run1	1.0	none	False	sub-157	similar	epsilon	0.037429255038148666	0.05818918624714349	7.755783891766501e-05	0.010650208319549999	0.1982711275633997
fit-rw_positive-run1-prior1	rw_positive	run1	1.0	none	False	sub-157	dissimilar	alpha	1.5229970319664075	0.7257546665890892	0.402026510763625	1.437027686315	3.206934743358499
fit-rw_positive-run1-prior1	rw_positive	run1	1.0	none	False	sub-157	dissimilar	gamma	2.0954041315260166	1.5295382596766554	0.6247815773851251	1.669705789525	6.070226383154247
fit-rw_positive-run1-prior1	rw_positive	run1	1.0	none	False	sub-157	dissimilar	f0	3.871332505879264	1.9727364883500473	0.5538953359398501	3.72033017361	8.527228075447471
fit-rw_positive-run1-prior1	rw_positive	run1	1.0	none	False	sub-157	dissimilar	epsilon	0.044434748676365106	0.06512360070787168	9.764274346500252e-05	0.012560052163100001	0.22613570554819992
fit-rw_positive-run1-prior1	rw_positive	run1	1.0	none	False	sub-158	computer	alpha	1.8543474512966913	1.0071034208256604	0.6909737310367	1.633130813915	4.3356852316952486
fit-rw_positive-run1-prior1	rw_positive	run1	1.0	none	False	sub-158	computer	gamma	1.0008368164909132	0.6738937345567976	0.28347423362525	0.8311472209665001	2.748669895822994
fit-rw_positive-run1-prior1	rw_positive	run1	1.0	none	False	sub-158	computer	f0	13.182452645386151	2.545585398349217	9.34140909842525	12.7297969225	18.940934596939993
fit-rw_positive-run1-prior1	rw_positive	run1	1.0	none	False	sub-158	computer	epsilon	0.0026941813234102755	0.0035713543129167967	2.89521459058375e-05	0.001455901257	0.012531226160224998
fit-rw_positive-run1-prior1	rw_positive	run1	1.0	none	False	sub-158	similar	alpha	1.319672426350878	0.6389109282028488	0.5915740182897999	1.1942249388300001	2.831809155152
fit-rw_positive-run1-prior1	rw_positive	run1	1.0	none	False	sub-158	similar	gamma	0.8970384242310889	0.4111560064508041	0.32764076275055	0.8224594115655	1.900768803377499
fit-rw_positive-run1-prior1	rw_positive	run1	1.0	none	False	sub-158	similar	f0	13.744672372983622	2.4614123739274443	9.67540217973975	13.4096681417	19.131553306027502
fit-rw_positive-run1-prior1	rw_positive	run1	1.0	none	False	sub-158	similar	epsilon	0.004539023799634283	0.006120333152978864	4.271689017284e-05	0.002276804386945	0.02201624408071248
fit-rw_positive-run1-prior1	rw_positive	run1	1.0	none	False	sub-158	dissimilar	alpha	1.510837847734134	0.6986152859063416	0.670098791760975	1.386143705985	3.152677633295497
fit-rw_positive-run1-prior1	rw_positive	run1	1.0	none	False	sub-158	dissimilar	gamma	1.0301899068351617	0.4942543982036999	0.36714993362922504	0.930123771742	2.2595420891934985
fit-rw_positive-run1-prior1	rw_positive	run1	1.0	none	False	sub-158	dissimilar	f0	13.771192644467767	2.354374809791442	10.0177006214775	13.4007580522	19.07015773042748
fit-rw_positive-run1-prior1	rw_positive	run1	1.0	none	False	sub-158	dissimilar	epsilon	0.004457841718395145	0.00500417882888767	5.2986732401735e-05	0.002692318195335	0.017698593132222454
fit-rw_positive-run1-prior1	rw_positive	run1	1.0	none	False	sub-159	computer	alpha	2.032653668072228	1.2421847472533147	0.69405381990975	1.74850090366	5.1492644434452295
fit-rw_positive-run1-prior1	rw_positive	run1	1.0	none	False	sub-159	computer	gamma	1.1375515981762383	0.9733072227999924	0.2858340117442	0.8830663930485001	3.5725104860474755
fit-rw_positive-run1-prior1	rw_positive	run1	1.0	none	False	sub-159	computer	f0	12.412626709972658	2.5856477749017968	8.6400094799155	11.90183037415	18.688433781884996
fit-rw_positive-run1-prior1	rw_positive	run1	1.0	none	False	sub-159	computer	epsilon	0.0008611291941747536	0.0013273819466843948	1.25423430882775e-05	0.0004388053341485	0.004100127086514735
fit-rw_positive-run1-prior1	rw_positive	run1	1.0	none	False	sub-159	similar	alpha	1.6211664485052415	0.7271824101366406	0.7490075825518	1.471372820745	3.4789765980879954
fit-rw_positive-run1-prior1	rw_positive	run1	1.0	none	False	sub-159	similar	gamma	0.5535535882873367	0.23615222553815407	0.203938456667075	0.5163617691565	1.1205505575239987
fit-rw_positive-run1-prior1	rw_positive	run1	1.0	none	False	sub-159	similar	f0	14.11026579755031	2.0878023152704754	10.5710816858475	13.86855326545	18.8682675286525
fit-rw_positive-run1-prior1	rw_positive	run1	1.0	none	False	sub-159	similar	epsilon	0.0011770240368483998	0.0014784428336401393	2.0193278282467502e-05	0.0006717760639989999	0.005162610334570749
fit-rw_positive-run1-prior1	rw_positive	run1	1.0	none	False	sub-159	dissimilar	alpha	1.7319492513497365	0.8626217187978615	0.7620660393756751	1.55339197598	3.851206638104244
fit-rw_positive-run1-prior1	rw_positive	run1	1.0	none	False	sub-159	dissimilar	gamma	1.2294160106998737	0.7846702587975105	0.35825448129017495	1.043308621645	3.2072286946389985
fit-rw_positive-run1-prior1	rw_positive	run1	1.0	none	False	sub-159	dissimilar	f0	13.78045675566239	2.172353125498748	10.239117826755	13.47613084025	18.83090474593499
fit-rw_positive-run1-prior1	rw_positive	run1	1.0	none	False	sub-159	dissimilar	epsilon	0.001469782253067682	0.0018258680476734817	2.26619010859825e-05	0.0008159919831585	0.006665480940565735
fit-rw_positive_bias-full-prior1	rw_positive_bias	full	1.0	none	False	sub-104	computer	alpha	1.5459291041506709	1.6158253144954584	0.136604470552175	1.17833611797	5.036677799466996
fit-rw_positive_bias-full-prior1	rw_positive_bias	full	1.0	none	False	sub-104	computer	gamma	0.9120345204802908	1.2820561874793286	0.08434796379079	0.5421071296065	4.000964236740232
fit-rw_positive_bias-full-prior1	rw_positive_bias	full	1.0	none	False	sub-104	computer	f0	4.108471787568474	3.646477290877963	0.3735320255496	2.8660453441550002	14.119044538539995
fit-rw_positive_bias-full-prior1	rw_positive_bias	full	1.0	none	False	sub-104	computer	epsilon	0.07588413267573237	0.19717934356719274	4.1866054575915e-05	0.0044892062862	0.8392670894438246
fit-rw_positive_bias-full-prior1	rw_positive_bias	full	1.0	none	False	sub-104	all	acceptance_bias	4.670219085980633	1.7932703795019374	1.2051456086435	4.605426882355	8.410075179379996
fit-rw_positive_bias-full-prior1	rw_positive_bias	full	1.0	none	False	sub-104	similar	alpha	1.4374448850923793	1.4254876353527817	0.13532607826322499	1.13397480821	4.493218785996987
fit-rw_positive_bias-full-prior1	rw_positive_bias	full	1.0	none	False	sub-104	similar	gamma	1.1813800757023265	1.835988291748767	0.095681501612715	0.66885936507	5.338089163984731
fit-rw_positive_bias-full-prior1	rw_positive_bias	full	1.0	none	False	sub-104	similar	f0	4.100477021154231	3.619524098259492	0.37516423340637506	2.859628644985	14.010225458847493
fit-rw_positive_bias-full-prior1	rw_positive_bias	full	1.0	none	False	sub-104	similar	epsilon	0.07796047172524936	0.19968627234096653	4.514835460895251e-05	0.004839522873255	0.8489508490760247
fit-rw_positive_bias-full-prior1	rw_positive_bias	full	1.0	none	False	sub-104	dissimilar	alpha	1.4651830265201657	1.5997633885198128	0.136694563766725	1.14633994816	4.646213973854
fit-rw_positive_bias-full-prior1	rw_positive_bias	full	1.0	none	False	sub-104	dissimilar	gamma	1.1275463031827102	1.7443458430048078	0.09432838219233751	0.6485735965195	5.1851504191247475
fit-rw_positive_bias-full-prior1	rw_positive_bias	full	1.0	none	False	sub-104	dissimilar	f0	4.123741079615572	3.6317975894341283	0.38126582808070003	2.88533316763	14.05391131378249
fit-rw_positive_bias-full-prior1	rw_positive_bias	full	1.0	none	False	sub-104	dissimilar	epsilon	0.07920160326443383	0.2007008586086762	4.85842796714475e-05	0.005027245870684999	0.8515792068082498
fit-rw_positive_bias-full-prior1	rw_positive_bias	full	1.0	none	False	sub-105	computer	alpha	1.6178879411580018	1.4413598919990398	0.30016356228	1.29162494807	4.715769945556243
fit-rw_positive_bias-full-prior1	rw_positive_bias	full	1.0	none	False	sub-105	computer	gamma	0.603468247456502	0.23304587799891285	0.22720358335325	0.5819266764595	1.1101970041297498
fit-rw_positive_bias-full-prior1	rw_positive_bias	full	1.0	none	False	sub-105	computer	f0	8.82698952288338	2.947788066879849	3.15968046183425	8.567736856629999	15.5632455836775
fit-rw_positive_bias-full-prior1	rw_positive_bias	full	1.0	none	False	sub-105	computer	epsilon	0.06805354490129481	0.0992931308319984	0.00018410812416325	0.0316659294978	0.3084153712259987
fit-rw_positive_bias-full-prior1	rw_positive_bias	full	1.0	none	False	sub-105	all	acceptance_bias	0.4654527774221439	1.7966005134295022	-2.71469121788125	0.334129434598	4.247657821390243
fit-rw_positive_bias-full-prior1	rw_positive_bias	full	1.0	none	False	sub-105	similar	alpha	1.5108891339382298	1.2115051736808227	0.300092753817875	1.2616027219600001	4.150515235601743
fit-rw_positive_bias-full-prior1	rw_positive_bias	full	1.0	none	False	sub-105	similar	gamma	0.6316858442773386	0.21559538587886523	0.2793779782203	0.6083022446655	1.11967225157975
fit-rw_positive_bias-full-prior1	rw_positive_bias	full	1.0	none	False	sub-105	similar	f0	8.841550506538693	2.908853028614939	3.203794225998	8.622318482419999	15.496499249772496
fit-rw_positive_bias-full-prior1	rw_positive_bias	full	1.0	none	False	sub-105	similar	epsilon	0.06966724855530079	0.1045271907707307	0.00020638783997895002	0.03173731876015	0.35878713988092487
fit-rw_positive_bias-full-prior1	rw_positive_bias	full	1.0	none	False	sub-105	dissimilar	alpha	1.4941556052162301	1.8298812344930346	0.2982797223068	1.2161600300400002	4.186639736774749
fit-rw_positive_bias-full-prior1	rw_positive_bias	full	1.0	none	False	sub-105	dissimilar	gamma	0.8584329277348829	0.4375318285529849	0.243876816625175	0.7883247611915001	1.8526667821597491
fit-rw_positive_bias-full-prior1	rw_positive_bias	full	1.0	none	False	sub-105	dissimilar	f0	8.813596102808553	2.919795242966544	3.210904425688	8.58917842258	15.489110906525
fit-rw_positive_bias-full-prior1	rw_positive_bias	full	1.0	none	False	sub-105	dissimilar	epsilon	0.07382046396057318	0.10316639524087794	0.000218594930369325	0.0380848261589	0.32837135421209995
fit-rw_positive_bias-full-prior1	rw_positive_bias	full	1.0	none	False	sub-106	computer	alpha	4.420518549524479	6.63506922233947	0.738533621412075	2.71509692895	18.124646868617464
fit-rw_positive_bias-full-prior1	rw_positive_bias	full	1.0	none	False	sub-106	computer	gamma	0.9576773494145681	0.5002063492919688	0.29495862009405	0.8550497065625	2.197405153780248
fit-rw_positive_bias-full-prior1	rw_positive_bias	full	1.0	none	False	sub-106	computer	f0	9.841883208912673	2.4135955059471836	6.747462473526	9.32713256553	16.184572645295
fit-rw_positive_bias-full-prior1	rw_positive_bias	full	1.0	none	False	sub-106	computer	epsilon	0.001093576932827664	0.0014169323027785519	1.50677490425875e-05	0.000598629424883	0.005066618594812242
fit-rw_positive_bias-full-prior1	rw_positive_bias	full	1.0	none	False	sub-106	all	acceptance_bias	0.7688750430492151	1.838942917588523	-3.05656327958725	0.7869779111905	4.424242788542498
fit-rw_positive_bias-full-prior1	rw_positive_bias	full	1.0	none	False	sub-106	similar	alpha	4.224658672374076	6.4083822718298595	0.7207795512878999	2.48676725335	17.862371680264992
fit-rw_positive_bias-full-prior1	rw_positive_bias	full	1.0	none	False	sub-106	similar	gamma	1.7433363528705916	1.2759470823579306	0.4183623858585	1.4162478784	4.983194757405245
fit-rw_positive_bias-full-prior1	rw_positive_bias	full	1.0	none	False	sub-106	similar	f0	9.756821056418149	2.3910570108883	6.73054434382825	9.296947594839999	16.013900812310002
fit-rw_positive_bias-full-prior1	rw_positive_bias	full	1.0	none	False	sub-106	similar	epsilon	0.0012092089664709571	0.0015734811745774003	1.5287504002602502e-05	0.000653324706566	0.00562882149275648
fit-rw_positive_bias-full-prior1	rw_positive_bias	full	1.0	none	False	sub-106	dissimilar	alpha	4.2385263503126005	6.649679111860135	0.727538708122925	2.497567069365	17.886464599707487
fit-rw_positive_bias-full-prior1	rw_positive_bias	full	1.0	none	False	sub-106	dissimilar	gamma	0.7770386813709609	0.37046358483937825	0.246790746666875	0.713328025385	1.6800308845414997
fit-rw_positive_bias-full-prior1	rw_positive_bias	full	1.0	none	False	sub-106	dissimilar	f0	9.764785521621842	2.4943710376904056	6.268064851220751	9.421678419695	16.038170758602487
fit-rw_positive_bias-full-prior1	rw_positive_bias	full	1.0	none	False	sub-106	dissimilar	epsilon	0.001300814811692165	0.0018232811036510471	1.6111226120350002e-05	0.000674420792877	0.006174895710649245
fit-rw_positive_bias-full-prior1	rw_positive_bias	full	1.0	none	False	sub-107	computer	alpha	3.0542958018922697	2.089096069189434	1.0039471746952502	2.726312661525	6.871600820674497
fit-rw_positive_bias-full-prior1	rw_positive_bias	full	1.0	none	False	sub-107	computer	gamma	0.6324492363466194	0.1736360861483167	0.3082589320116	0.626914342869	0.9935785271867498
fit-rw_positive_bias-full-prior1	rw_positive_bias	full	1.0	none	False	sub-107	computer	f0	9.025943324679366	2.480901850659429	3.03544489786325	9.265059781915	13.45105323303249
fit-rw_positive_bias-full-prior1	rw_positive_bias	full	1.0	none	False	sub-107	computer	epsilon	0.3278721905884269	0.16556515910880212	0.0056438363810935	0.29970349455	0.6648024767933249
fit-rw_positive_bias-full-prior1	rw_positive_bias	full	1.0	none	False	sub-107	all	acceptance_bias	-2.9085528636826434	1.2955351942269975	-5.25487943179375	-2.97055192008	-0.23275095112155333
fit-rw_positive_bias-full-prior1	rw_positive_bias	full	1.0	none	False	sub-107	similar	alpha	2.809948196536378	1.9881828209241015	0.981104599935075	2.506181060995	6.178620817528999
fit-rw_positive_bias-full-prior1	rw_positive_bias	full	1.0	none	False	sub-107	similar	gamma	0.9803580343271405	0.3088745749536946	0.40499993130605	0.9643619049865	1.6228834075739995
fit-rw_positive_bias-full-prior1	rw_positive_bias	full	1.0	none	False	sub-107	similar	f0	8.917008253100619	2.472547700252206	3.04963852450975	9.116440808055	13.359306416249998
fit-rw_positive_bias-full-prior1	rw_positive_bias	full	1.0	none	False	sub-107	similar	epsilon	0.3547740492137835	0.15421236985073966	0.0062083562441945005	0.33791617245000005	0.6884892132648245
fit-rw_positive_bias-full-prior1	rw_positive_bias	full	1.0	none	False	sub-107	dissimilar	alpha	2.9496280356737845	1.9930440799849667	0.990664171975925	2.61791626884	6.723272585300996
fit-rw_positive_bias-full-prior1	rw_positive_bias	full	1.0	none	False	sub-107	dissimilar	gamma	0.7076013979753777	0.1949637911402566	0.351306187805825	0.6982988611609999	1.1223257298199998
fit-rw_positive_bias-full-prior1	rw_positive_bias	full	1.0	none	False	sub-107	dissimilar	f0	8.972050379270097	2.456507820828646	3.096751161657	9.21042470047	13.410286084892489
fit-rw_positive_bias-full-prior1	rw_positive_bias	full	1.0	none	False	sub-107	dissimilar	epsilon	0.3477960808086559	0.17414340333043582	0.00705659127675325	0.32757242906100004	0.6973753887649999
fit-rw_positive_bias-full-prior1	rw_positive_bias	full	1.0	none	False	sub-108	computer	alpha	4.059153588783877	3.01896257718848	0.81747675777785	3.30641424273	12.000454466467463
fit-rw_positive_bias-full-prior1	rw_positive_bias	full	1.0	none	False	sub-108	computer	gamma	0.3507298764099578	0.13469943016093933	0.140766768238925	0.332739901656	0.6696007415791
fit-rw_positive_bias-full-prior1	rw_positive_bias	full	1.0	none	False	sub-108	computer	f0	8.073342500866756	2.213036958518729	5.4638216992375	7.5440591166	14.7910747268075
fit-rw_positive_bias-full-prior1	rw_positive_bias	full	1.0	none	False	sub-108	computer	epsilon	0.00708640986255351	0.009078725542661805	5.3874832910397506e-05	0.003874767798515	0.03180260105431248
fit-rw_positive_bias-full-prior1	rw_positive_bias	full	1.0	none	False	sub-108	all	acceptance_bias	1.4762393070630027	1.0068500894841896	-0.44229694108327494	1.44584115818	3.521981885463749
fit-rw_positive_bias-full-prior1	rw_positive_bias	full	1.0	none	False	sub-108	similar	alpha	3.612359162950849	2.7414321708147575	0.75083925381385	2.895061675745	10.699740819237467
fit-rw_positive_bias-full-prior1	rw_positive_bias	full	1.0	none	False	sub-108	similar	gamma	0.27013691111279187	0.118003985647235	0.09851791519803751	0.251524735656	0.5565492574706749
fit-rw_positive_bias-full-prior1	rw_positive_bias	full	1.0	none	False	sub-108	similar	f0	7.827812161960866	2.255704706027908	5.0121243461965	7.325544289030001	14.521216692612494
fit-rw_positive_bias-full-prior1	rw_positive_bias	full	1.0	none	False	sub-108	similar	epsilon	0.008370496604985019	0.011365542933455989	5.525792701929751e-05	0.004235202309045	0.03865525501241244
fit-rw_positive_bias-full-prior1	rw_positive_bias	full	1.0	none	False	sub-108	dissimilar	alpha	3.8347937537057173	2.869370637910041	0.8117373397165	3.0917614596250003	11.257489555652498
fit-rw_positive_bias-full-prior1	rw_positive_bias	full	1.0	none	False	sub-108	dissimilar	gamma	0.5830527307798635	0.25781496525203745	0.209560484389125	0.5408054718105	1.2224270124769996
fit-rw_positive_bias-full-prior1	rw_positive_bias	full	1.0	none	False	sub-108	dissimilar	f0	8.030900258389346	2.1387291797880192	5.318556374278001	7.558121434275	14.479112808737497
fit-rw_positive_bias-full-prior1	rw_positive_bias	full	1.0	none	False	sub-108	dissimilar	epsilon	0.008199018095283572	0.010506134352076105	5.8214909715282504e-05	0.0044488635024700005	0.037103804818257494
fit-rw_positive_bias-full-prior1	rw_positive_bias	full	1.0	none	False	sub-109	computer	alpha	3.552561004467903	3.500248998651476	0.4581328908033	2.6341944740249996	12.463939647117497
fit-rw_positive_bias-full-prior1	rw_positive_bias	full	1.0	none	False	sub-109	computer	gamma	0.9254915290320278	0.3971465638264183	0.32649275936585004	0.8640847256740001	1.8534023276812497
fit-rw_positive_bias-full-prior1	rw_positive_bias	full	1.0	none	False	sub-109	computer	f0	2.232638290961099	1.3784380716157292	0.7953066470196001	1.94424436547	5.8974058525554955
fit-rw_positive_bias-full-prior1	rw_positive_bias	full	1.0	none	False	sub-109	computer	epsilon	0.003821636238059491	0.00980765238401512	3.3168214219787496e-05	0.00189808173302	0.018225679147859993
fit-rw_positive_bias-full-prior1	rw_positive_bias	full	1.0	none	False	sub-109	all	acceptance_bias	1.28077239246897	1.3210723133165725	-1.1630289291474998	1.2327119669850002	4.077887505844745
fit-rw_positive_bias-full-prior1	rw_positive_bias	full	1.0	none	False	sub-109	similar	alpha	3.405220201954908	3.4173821190130846	0.46086268667662506	2.472161053755	11.99785187029748
fit-rw_positive_bias-full-prior1	rw_positive_bias	full	1.0	none	False	sub-109	similar	gamma	1.2005911196870593	0.6168238117328179	0.39008731460435	1.075420984925	2.718405386329997
fit-rw_positive_bias-full-prior1	rw_positive_bias	full	1.0	none	False	sub-109	similar	f0	2.2553302888610247	1.3460542641387614	0.7935634821488	1.982533904985	5.755781777503742
fit-rw_positive_bias-full-prior1	rw_positive_bias	full	1.0	none	False	sub-109	similar	epsilon	0.004305336163669442	0.009602116306280047	3.56658393839025e-05	0.002095759476055	0.020041024628357357
fit-rw_positive_bias-full-prior1	rw_positive_bias	full	1.0	none	False	sub-109	dissimilar	alpha	3.4462726135178254	3.3845951225204676	0.4709187437984	2.540169224375	12.239182452937492
fit-rw_positive_bias-full-prior1	rw_positive_bias	full	1.0	none	False	sub-109	dissimilar	gamma	1.3144361747556255	0.7186811553379525	0.38274951969985	1.162255324395	3.099525838549245
fit-rw_positive_bias-full-prior1	rw_positive_bias	full	1.0	none	False	sub-109	dissimilar	f0	2.26496279714435	1.3341742693332836	0.80755342371795	2.003186764935	5.75494500634875
fit-rw_positive_bias-full-prior1	rw_positive_bias	full	1.0	none	False	sub-109	dissimilar	epsilon	0.004480031012713989	0.01043778293815296	3.7808083332275e-05	0.0021920393134699998	0.021525366438717462
fit-rw_positive_bias-full-prior1	rw_positive_bias	full	1.0	none	False	sub-110	computer	alpha	1.7192415412163027	1.1835092108967686	0.387083192290475	1.437490866875	4.682766895788999
fit-rw_positive_bias-full-prior1	rw_positive_bias	full	1.0	none	False	sub-110	computer	gamma	0.4504161381908197	0.17161155294029462	0.18295972378390002	0.4281924950905	0.8415955916463734
fit-rw_positive_bias-full-prior1	rw_positive_bias	full	1.0	none	False	sub-110	computer	f0	9.822410077468518	2.804657516114988	5.822174011438	9.278811864525	16.74915199126
fit-rw_positive_bias-full-prior1	rw_positive_bias	full	1.0	none	False	sub-110	computer	epsilon	0.0044158362477715405	0.02275776371279247	3.208957129628501e-05	0.00182591025676	0.019248270425037486
fit-rw_positive_bias-full-prior1	rw_positive_bias	full	1.0	none	False	sub-110	all	acceptance_bias	1.7568670952018193	1.4661031896799055	-1.1497154894130002	1.72102304878	4.804431868939997
fit-rw_positive_bias-full-prior1	rw_positive_bias	full	1.0	none	False	sub-110	similar	alpha	1.6388638975687613	1.0717472884872865	0.403768121268625	1.408317721855	4.223363745835245
fit-rw_positive_bias-full-prior1	rw_positive_bias	full	1.0	none	False	sub-110	similar	gamma	0.6665803628103218	0.26971171840762403	0.26340737753755	0.6269641856704999	1.3048133644692497
fit-rw_positive_bias-full-prior1	rw_positive_bias	full	1.0	none	False	sub-110	similar	f0	9.885232559635531	2.7197950998872282	6.02646004957	9.353348973215	16.663808809154997
fit-rw_positive_bias-full-prior1	rw_positive_bias	full	1.0	none	False	sub-110	similar	epsilon	0.004653633029873184	0.021702158894926438	3.39311290715575e-05	0.00196699022149	0.020007897368522442
fit-rw_positive_bias-full-prior1	rw_positive_bias	full	1.0	none	False	sub-110	dissimilar	alpha	1.6286248987307999	1.0777609985220182	0.379749025146975	1.39219790213	4.266117554388744
fit-rw_positive_bias-full-prior1	rw_positive_bias	full	1.0	none	False	sub-110	dissimilar	gamma	0.48094683147222367	0.2065065066267655	0.18851154368800002	0.4434866878425	0.9859125750236994
fit-rw_positive_bias-full-prior1	rw_positive_bias	full	1.0	none	False	sub-110	dissimilar	f0	9.851536391186729	2.767495517292268	5.88450914058875	9.329423074035	16.703300620344994
fit-rw_positive_bias-full-prior1	rw_positive_bias	full	1.0	none	False	sub-110	dissimilar	epsilon	0.005050636518139062	0.022702223992806702	3.59617395254325e-05	0.0020822207866	0.022651578892459986
fit-rw_positive_bias-full-prior1	rw_positive_bias	full	1.0	none	False	sub-111	computer	alpha	1.9532087254598767	1.168727532800698	0.69530791776995	1.659853748415	4.922456383043987
fit-rw_positive_bias-full-prior1	rw_positive_bias	full	1.0	none	False	sub-111	computer	gamma	0.8842198760952114	0.38756258424511425	0.32027498283662503	0.820819324201	1.8145765008849986
fit-rw_positive_bias-full-prior1	rw_positive_bias	full	1.0	none	False	sub-111	computer	f0	14.082735769653617	2.0770391283272054	10.6563415346875	13.849435099	18.554243065827496
fit-rw_positive_bias-full-prior1	rw_positive_bias	full	1.0	none	False	sub-111	computer	epsilon	0.042369063853482915	0.01723151044123749	0.017483584013482503	0.0392875725308	0.08438870466634998
fit-rw_positive_bias-full-prior1	rw_positive_bias	full	1.0	none	False	sub-111	all	acceptance_bias	4.2924783944917255	1.6813133992634284	1.24805450001675	4.199348190005	7.918598498551745
fit-rw_positive_bias-full-prior1	rw_positive_bias	full	1.0	none	False	sub-111	similar	alpha	1.881477140132084	0.9971233635912127	0.773143619715825	1.656603445175	4.384305960555745
fit-rw_positive_bias-full-prior1	rw_positive_bias	full	1.0	none	False	sub-111	similar	gamma	1.510793792655155	0.7889678343693876	0.49300351145975	1.33821319651	3.5099525048244926
fit-rw_positive_bias-full-prior1	rw_positive_bias	full	1.0	none	False	sub-111	similar	f0	14.231505557948534	1.9293812470843317	11.121951127405	13.98619231855	18.505801551957497
fit-rw_positive_bias-full-prior1	rw_positive_bias	full	1.0	none	False	sub-111	similar	epsilon	0.039626348318411435	0.010697848983844547	0.021550685897195	0.03861790056825	0.06351827439524498
fit-rw_positive_bias-full-prior1	rw_positive_bias	full	1.0	none	False	sub-111	dissimilar	alpha	1.8341067244317388	1.018773608716837	0.69354536945265	1.60055805233	4.353279493429496
fit-rw_positive_bias-full-prior1	rw_positive_bias	full	1.0	none	False	sub-111	dissimilar	gamma	0.7674189143654084	0.33474107466309405	0.2965919420977	0.7043825593045	1.5805195150369982
fit-rw_positive_bias-full-prior1	rw_positive_bias	full	1.0	none	False	sub-111	dissimilar	f0	14.216773542384988	1.9584928749719823	11.0105911558275	13.98115776725	18.5159002371975
fit-rw_positive_bias-full-prior1	rw_positive_bias	full	1.0	none	False	sub-111	dissimilar	epsilon	0.048299887615303204	0.01709628909972553	0.0226598380186575	0.045774372544549996	0.0885432097559975
fit-rw_positive_bias-full-prior1	rw_positive_bias	full	1.0	none	False	sub-112	computer	alpha	3.1230280165460305	2.2984667355774895	0.97954502855445	2.48801006128	9.218907202075734
fit-rw_positive_bias-full-prior1	rw_positive_bias	full	1.0	none	False	sub-112	computer	gamma	1.111120431669154	0.5520046600445674	0.34136185685674997	1.01130120666	2.4439093841989967
fit-rw_positive_bias-full-prior1	rw_positive_bias	full	1.0	none	False	sub-112	computer	f0	3.1653097056299577	0.8729191240785115	1.45657826032275	3.14415537815	4.770804554020747
fit-rw_positive_bias-full-prior1	rw_positive_bias	full	1.0	none	False	sub-112	computer	epsilon	0.04477254019571949	0.05517935740591305	0.00525869694940275	0.0253510182354	0.21208064061814996
fit-rw_positive_bias-full-prior1	rw_positive_bias	full	1.0	none	False	sub-112	all	acceptance_bias	1.4954804461890945	1.7828044211066312	-2.027454180016	1.491832743265	5.046475890731997
fit-rw_positive_bias-full-prior1	rw_positive_bias	full	1.0	none	False	sub-112	similar	alpha	3.0989123373157557	2.248468234467208	1.03385806318725	2.45835873223	9.0543770051755
fit-rw_positive_bias-full-prior1	rw_positive_bias	full	1.0	none	False	sub-112	similar	gamma	1.5047603147421742	0.8238740790385467	0.447947096092975	1.33020510328	3.545634858704997
fit-rw_positive_bias-full-prior1	rw_positive_bias	full	1.0	none	False	sub-112	similar	f0	3.319713739835684	0.9313026032280995	1.439016384532	3.3010410696649997	5.074584869217749
fit-rw_positive_bias-full-prior1	rw_positive_bias	full	1.0	none	False	sub-112	similar	epsilon	0.04590312361778945	0.039960475076816986	0.006064379955098	0.0326870341339	0.15869015636319994
fit-rw_positive_bias-full-prior1	rw_positive_bias	full	1.0	none	False	sub-112	dissimilar	alpha	3.143331622528766	2.220303158524061	1.074489519893	2.53227884179	8.95908734371924
fit-rw_positive_bias-full-prior1	rw_positive_bias	full	1.0	none	False	sub-112	dissimilar	gamma	1.528090412771898	0.8625317901442034	0.451107493229975	1.34887233803	3.6631431299259987
fit-rw_positive_bias-full-prior1	rw_positive_bias	full	1.0	none	False	sub-112	dissimilar	f0	3.330255218820193	0.9396960713869172	1.4477500129495	3.3236263442	5.0447282277625
fit-rw_positive_bias-full-prior1	rw_positive_bias	full	1.0	none	False	sub-112	dissimilar	epsilon	0.04743206687714462	0.03756077992051244	0.006649495666607751	0.035953295878950006	0.1510327102568997
fit-rw_positive_bias-full-prior1	rw_positive_bias	full	1.0	none	False	sub-113	computer	alpha	2.8647747138840525	4.565215493485119	0.55209675175795	2.0028662490449998	10.547792983024959
fit-rw_positive_bias-full-prior1	rw_positive_bias	full	1.0	none	False	sub-113	computer	gamma	0.7263672497519865	0.2656100734106273	0.30416215865805	0.6939154150285001	1.3436512824404996
fit-rw_positive_bias-full-prior1	rw_positive_bias	full	1.0	none	False	sub-113	computer	f0	8.930260172958251	2.709260279400427	4.9493736052995	8.660187118735	15.568720623337489
fit-rw_positive_bias-full-prior1	rw_positive_bias	full	1.0	none	False	sub-113	computer	epsilon	0.00771510720815356	0.01440332934888127	2.8364454500310002e-05	0.0019623792023999997	0.05167894913198237
fit-rw_positive_bias-full-prior1	rw_positive_bias	full	1.0	none	False	sub-113	all	acceptance_bias	-0.2876223107402965	2.238486424761056	-4.63043607796575	-0.307444258761	4.135403283168242
fit-rw_positive_bias-full-prior1	rw_positive_bias	full	1.0	none	False	sub-113	similar	alpha	2.7043688400264023	4.3554152779780395	0.532781222124975	1.87440129773	10.308290595547485
fit-rw_positive_bias-full-prior1	rw_positive_bias	full	1.0	none	False	sub-113	similar	gamma	0.8015755211320014	0.31069541770467524	0.3257997159003	0.7576194487995	1.532591922983499
fit-rw_positive_bias-full-prior1	rw_positive_bias	full	1.0	none	False	sub-113	similar	f0	8.776686427378172	2.6827648918047307	4.8282200013745	8.455414667100001	15.537806890617494
fit-rw_positive_bias-full-prior1	rw_positive_bias	full	1.0	none	False	sub-113	similar	epsilon	0.008696332495165365	0.018359155244691817	3.0666518073275e-05	0.002065180786345	0.06079951630035237
fit-rw_positive_bias-full-prior1	rw_positive_bias	full	1.0	none	False	sub-113	dissimilar	alpha	2.720459708375916	4.625014199954039	0.5192475486233	1.88145101592	10.183142361029986
fit-rw_positive_bias-full-prior1	rw_positive_bias	full	1.0	none	False	sub-113	dissimilar	gamma	1.0687004389457018	0.5321669449312775	0.342072393793425	0.971379493112	2.37914981347225
fit-rw_positive_bias-full-prior1	rw_positive_bias	full	1.0	none	False	sub-113	dissimilar	f0	8.721846561793518	2.705435099238006	4.85066251411875	8.342395643655	15.577247171477495
fit-rw_positive_bias-full-prior1	rw_positive_bias	full	1.0	none	False	sub-113	dissimilar	epsilon	0.008681591521388629	0.017255295003461072	3.26085934747e-05	0.002203361305335	0.05642975496651218
fit-rw_positive_bias-full-prior1	rw_positive_bias	full	1.0	none	False	sub-115	computer	alpha	1.5107999223300357	1.3416775926571143	0.162619472316075	1.173998403245	4.784680005937497
fit-rw_positive_bias-full-prior1	rw_positive_bias	full	1.0	none	False	sub-115	computer	gamma	0.1080033912763992	0.05043769231358464	0.032212391881224996	0.100675745994	0.224535988162
fit-rw_positive_bias-full-prior1	rw_positive_bias	full	1.0	none	False	sub-115	computer	f0	8.025073597983464	5.319831765096762	0.442873596170675	8.00727013201	17.994813992784998
fit-rw_positive_bias-full-prior1	rw_positive_bias	full	1.0	none	False	sub-115	computer	epsilon	0.13932324077081282	0.250892254053665	5.914966564168e-05	0.00795088380308	0.8628552255780745
fit-rw_positive_bias-full-prior1	rw_positive_bias	full	1.0	none	False	sub-115	all	acceptance_bias	0.03946874613431741	0.5387108634263944	-0.84807706860625	-0.029125501801099997	1.2925770248982484
fit-rw_positive_bias-full-prior1	rw_positive_bias	full	1.0	none	False	sub-115	similar	alpha	1.4038032283750224	1.2070578312610916	0.16178229816055	1.1373512458250001	4.203766140367498
fit-rw_positive_bias-full-prior1	rw_positive_bias	full	1.0	none	False	sub-115	similar	gamma	0.11730638773594088	0.05060765524154166	0.0378694930114175	0.1108397037995	0.230241122611
fit-rw_positive_bias-full-prior1	rw_positive_bias	full	1.0	none	False	sub-115	similar	f0	8.031912858356712	5.314464408705448	0.44718784095525005	8.019399179195	17.950811250609974
fit-rw_positive_bias-full-prior1	rw_positive_bias	full	1.0	none	False	sub-115	similar	epsilon	0.14291834395930764	0.2542145212482409	6.55437071185225e-05	0.008438803005605	0.8625796160403497
fit-rw_positive_bias-full-prior1	rw_positive_bias	full	1.0	none	False	sub-115	dissimilar	alpha	1.4179574031816182	1.2269541884772575	0.16456888479095	1.136616481305	4.258769956571994
fit-rw_positive_bias-full-prior1	rw_positive_bias	full	1.0	none	False	sub-115	dissimilar	gamma	0.13528998549405657	0.0693917538664137	0.033221686859535	0.1258758125185	0.29206223356947497
fit-rw_positive_bias-full-prior1	rw_positive_bias	full	1.0	none	False	sub-115	dissimilar	f0	8.047980071494484	5.314309736919761	0.4463631937731	8.02792680101	17.966203738644996
fit-rw_positive_bias-full-prior1	rw_positive_bias	full	1.0	none	False	sub-115	dissimilar	epsilon	0.14759917870451383	0.25895782223929675	6.830083263953499e-05	0.008788396975375	0.8684819312638998
fit-rw_positive_bias-full-prior1	rw_positive_bias	full	1.0	none	False	sub-116	computer	alpha	3.7976838404500874	3.6727921445253116	0.7740067083184	2.779966752375	12.99067957739249
fit-rw_positive_bias-full-prior1	rw_positive_bias	full	1.0	none	False	sub-116	computer	gamma	1.822730347710142	1.1669053684238433	0.47750390367615	1.551095572715	4.767163381756245
fit-rw_positive_bias-full-prior1	rw_positive_bias	full	1.0	none	False	sub-116	computer	f0	9.501585922548749	2.0876662530062595	6.98022431835925	8.989567527	15.115878007272492
fit-rw_positive_bias-full-prior1	rw_positive_bias	full	1.0	none	False	sub-116	computer	epsilon	0.0006517088388720582	0.0008175455717161968	1.2214329802745001e-05	0.000373471572533	0.002899538793884247
fit-rw_positive_bias-full-prior1	rw_positive_bias	full	1.0	none	False	sub-116	all	acceptance_bias	1.209431560986965	2.123795256457227	-2.9857911038387503	1.2023191199199998	5.406459507652246
fit-rw_positive_bias-full-prior1	rw_positive_bias	full	1.0	none	False	sub-116	similar	alpha	3.5315758478217023	3.4754123752537494	0.7494499328324	2.51108600251	12.29683194799499
fit-rw_positive_bias-full-prior1	rw_positive_bias	full	1.0	none	False	sub-116	similar	gamma	2.2280003761469294	1.6258758254920855	0.515601707031875	1.8322814750099998	6.220600507370998
fit-rw_positive_bias-full-prior1	rw_positive_bias	full	1.0	none	False	sub-116	similar	f0	9.391459945455	2.078263025235686	6.7639513468825	8.9564740241	14.900462353152497
fit-rw_positive_bias-full-prior1	rw_positive_bias	full	1.0	none	False	sub-116	similar	epsilon	0.0006862248563097077	0.0008287467609290842	1.2746230466879999e-05	0.00040244197478850005	0.0029847930068577495
fit-rw_positive_bias-full-prior1	rw_positive_bias	full	1.0	none	False	sub-116	dissimilar	alpha	3.567238076700299	3.527607040204272	0.76971334132815	2.57677161783	12.212279612079994
fit-rw_positive_bias-full-prior1	rw_positive_bias	full	1.0	none	False	sub-116	dissimilar	gamma	2.103060745947605	1.4729791505123548	0.498562498514925	1.7426980948650002	5.846903827689993
fit-rw_positive_bias-full-prior1	rw_positive_bias	full	1.0	none	False	sub-116	dissimilar	f0	9.443843975031136	2.0594733638234057	6.836878920713	8.996490832375	14.902935345744993
fit-rw_positive_bias-full-prior1	rw_positive_bias	full	1.0	none	False	sub-116	dissimilar	epsilon	0.0007150788780716692	0.0008616451268856818	1.37748943701525e-05	0.00041941819243799996	0.003087307655643741
fit-rw_positive_bias-full-prior1	rw_positive_bias	full	1.0	none	False	sub-117	computer	alpha	2.335329045630478	3.5212161224442466	0.213777364351225	1.5153407533	9.58013118313722
fit-rw_positive_bias-full-prior1	rw_positive_bias	full	1.0	none	False	sub-117	computer	gamma	2.4957277923271426	1.7859969807742495	0.59353143379655	2.01397099743	7.0798325776384665
fit-rw_positive_bias-full-prior1	rw_positive_bias	full	1.0	none	False	sub-117	computer	f0	4.5606638166906235	2.769957440696268	1.63868005327925	3.497706125945	11.9843180687675
fit-rw_positive_bias-full-prior1	rw_positive_bias	full	1.0	none	False	sub-117	computer	epsilon	0.007827311222379936	0.03616670803365144	1.77189766028775e-05	0.000969484426099	0.053475310328617236
fit-rw_positive_bias-full-prior1	rw_positive_bias	full	1.0	none	False	sub-117	all	acceptance_bias	1.7005629356753134	2.016993380697601	-2.12376381855075	1.632772015895	5.833887070452246
fit-rw_positive_bias-full-prior1	rw_positive_bias	full	1.0	none	False	sub-117	similar	alpha	2.173007359857332	3.3931110101153434	0.21280718781865	1.437632799655	9.03156617449373
fit-rw_positive_bias-full-prior1	rw_positive_bias	full	1.0	none	False	sub-117	similar	gamma	3.20270575166003	2.713535083992324	0.6859865982960249	2.468221384395	10.040054473729974
fit-rw_positive_bias-full-prior1	rw_positive_bias	full	1.0	none	False	sub-117	similar	f0	4.521350274590248	2.720115748055772	1.64955655072175	3.47588243487	11.832938380222497
fit-rw_positive_bias-full-prior1	rw_positive_bias	full	1.0	none	False	sub-117	similar	epsilon	0.008594310182498741	0.03737160340668956	1.9979988218685e-05	0.001042349606085	0.060152398688224994
fit-rw_positive_bias-full-prior1	rw_positive_bias	full	1.0	none	False	sub-117	dissimilar	alpha	2.1808746023191516	3.208908978763	0.216858138002875	1.464817146855	9.013585630378493
fit-rw_positive_bias-full-prior1	rw_positive_bias	full	1.0	none	False	sub-117	dissimilar	gamma	2.9400626591037375	2.2719899788144873	0.6629687282454251	2.309518614615	8.74524914280699
fit-rw_positive_bias-full-prior1	rw_positive_bias	full	1.0	none	False	sub-117	dissimilar	f0	4.5498718224515295	2.711457112992101	1.6576236361377499	3.508214504565	11.826574868874994
fit-rw_positive_bias-full-prior1	rw_positive_bias	full	1.0	none	False	sub-117	dissimilar	epsilon	0.00868977148363719	0.037703570113005014	2.0430890069412497e-05	0.00108168621637	0.060282681398327445
fit-rw_positive_bias-full-prior1	rw_positive_bias	full	1.0	none	False	sub-118	computer	alpha	2.2367184967352474	1.3249308135626594	0.6862640740857	1.931701252505	5.562244890178749
fit-rw_positive_bias-full-prior1	rw_positive_bias	full	1.0	none	False	sub-118	computer	gamma	0.13288216389423868	0.05132442138636741	0.0528240679802175	0.126258664176	0.2512535021024248
fit-rw_positive_bias-full-prior1	rw_positive_bias	full	1.0	none	False	sub-118	computer	f0	14.600891126617748	2.6474326666306336	9.139761410304	14.7337339613	19.0422488684575
fit-rw_positive_bias-full-prior1	rw_positive_bias	full	1.0	none	False	sub-118	computer	epsilon	0.04232689577793055	0.02769645280512858	0.0068941841823439995	0.0384145561197	0.09786865193672493
fit-rw_positive_bias-full-prior1	rw_positive_bias	full	1.0	none	False	sub-118	all	acceptance_bias	1.818541581367914	0.6181826019744671	0.686433134651425	1.78041892319	3.131339880753249
fit-rw_positive_bias-full-prior1	rw_positive_bias	full	1.0	none	False	sub-118	similar	alpha	2.099048303626206	1.2116619996592248	0.6790599082177	1.8347917904400002	5.128906236451497
fit-rw_positive_bias-full-prior1	rw_positive_bias	full	1.0	none	False	sub-118	similar	gamma	0.12480129275715529	0.051210073356792084	0.04696416716142	0.11742513356449999	0.24353644492669985
fit-rw_positive_bias-full-prior1	rw_positive_bias	full	1.0	none	False	sub-118	similar	f0	14.610029835934949	2.627083655084432	9.149875811924002	14.7578828078	19.011643100034995
fit-rw_positive_bias-full-prior1	rw_positive_bias	full	1.0	none	False	sub-118	similar	epsilon	0.04283545771072975	0.02975119085978385	0.0074428453373162505	0.0374808927002	0.10643869155977496
fit-rw_positive_bias-full-prior1	rw_positive_bias	full	1.0	none	False	sub-118	dissimilar	alpha	2.1825220476764033	1.2552064392028897	0.725101034477525	1.905677334605	5.294350676499744
fit-rw_positive_bias-full-prior1	rw_positive_bias	full	1.0	none	False	sub-118	dissimilar	gamma	0.2132072626970889	0.08471594410995353	0.08149773442434749	0.2023542308505	0.40822799418739986
fit-rw_positive_bias-full-prior1	rw_positive_bias	full	1.0	none	False	sub-118	dissimilar	f0	14.65187107747264	2.5999204160872726	9.366637111874748	14.78175343635	19.0253724629725
fit-rw_positive_bias-full-prior1	rw_positive_bias	full	1.0	none	False	sub-118	dissimilar	epsilon	0.04001445210463489	0.0248975451543222	0.008300411262755752	0.0373977519866	0.08384287076191996
fit-rw_positive_bias-full-prior1	rw_positive_bias	full	1.0	none	False	sub-121	computer	alpha	1.9697048617795008	1.4429488648218198	0.38212975694265	1.634454922555	5.5114369859932495
fit-rw_positive_bias-full-prior1	rw_positive_bias	full	1.0	none	False	sub-121	computer	gamma	0.6187488798832667	0.2167972796323262	0.26070953870992497	0.5969228884255	1.1064918215012496
fit-rw_positive_bias-full-prior1	rw_positive_bias	full	1.0	none	False	sub-121	computer	f0	8.454800611344128	3.2636009532234347	2.836386487553	8.63673439735	15.179881395259978
fit-rw_positive_bias-full-prior1	rw_positive_bias	full	1.0	none	False	sub-121	computer	epsilon	0.021816883994734214	0.020576447252892153	0.00018741277964465	0.01788657176495	0.06855283294894995
fit-rw_positive_bias-full-prior1	rw_positive_bias	full	1.0	none	False	sub-121	all	acceptance_bias	0.5010058888719904	2.025190041818321	-3.380123914557	0.4028649653805	4.65377445054825
fit-rw_positive_bias-full-prior1	rw_positive_bias	full	1.0	none	False	sub-121	similar	alpha	1.7712475355548731	1.3327743230206484	0.35239308148310006	1.483428271865	5.009346852294996
fit-rw_positive_bias-full-prior1	rw_positive_bias	full	1.0	none	False	sub-121	similar	gamma	0.7803689317317867	0.3564394161940739	0.26251725880092497	0.717758184386	1.62871275089275
fit-rw_positive_bias-full-prior1	rw_positive_bias	full	1.0	none	False	sub-121	similar	f0	8.066542530822886	3.192061731311871	2.7853488272617497	8.00896154722	15.14208767230999
fit-rw_positive_bias-full-prior1	rw_positive_bias	full	1.0	none	False	sub-121	similar	epsilon	0.027230600290055123	0.028133057983475644	0.00019916695862697503	0.01942034915795	0.09960643062887743
fit-rw_positive_bias-full-prior1	rw_positive_bias	full	1.0	none	False	sub-121	dissimilar	alpha	1.8167284965444757	1.3648305478104816	0.363204822598725	1.5145990075	5.102154992913249
fit-rw_positive_bias-full-prior1	rw_positive_bias	full	1.0	none	False	sub-121	dissimilar	gamma	0.7678744634776742	0.3317695436034435	0.270865542655425	0.7187164713634999	1.541209084247499
fit-rw_positive_bias-full-prior1	rw_positive_bias	full	1.0	none	False	sub-121	dissimilar	f0	8.09472553439218	3.1881653135913117	2.89391257726825	7.9994530286300005	15.22205483267749
fit-rw_positive_bias-full-prior1	rw_positive_bias	full	1.0	none	False	sub-121	dissimilar	epsilon	0.027065250158473126	0.028563986541423052	0.000201409307572225	0.01925221831745	0.10003639674757499
fit-rw_positive_bias-full-prior1	rw_positive_bias	full	1.0	none	False	sub-122	computer	alpha	1.4939471498550914	1.2892791044316056	0.17790098780865	1.19138902747	4.461394215889745
fit-rw_positive_bias-full-prior1	rw_positive_bias	full	1.0	none	False	sub-122	computer	gamma	0.41854677911675237	0.21467567182781536	0.12800431314597502	0.3760502586335	0.9514996126531489
fit-rw_positive_bias-full-prior1	rw_positive_bias	full	1.0	none	False	sub-122	computer	f0	5.843276389164353	3.7611443851490463	0.45373364335732497	5.4595896627350005	14.780881533264996
fit-rw_positive_bias-full-prior1	rw_positive_bias	full	1.0	none	False	sub-122	computer	epsilon	0.06292171347230142	0.14750565880331992	5.83561325513225e-05	0.007600983152535	0.5580923380178999
fit-rw_positive_bias-full-prior1	rw_positive_bias	full	1.0	none	False	sub-122	all	acceptance_bias	2.070980000063385	1.333440645105768	-0.29429706698979996	2.0235894179700002	4.859252802483749
fit-rw_positive_bias-full-prior1	rw_positive_bias	full	1.0	none	False	sub-122	similar	alpha	1.378787528538509	1.1575592993100075	0.174192789190375	1.1401769961150001	3.899398922541997
fit-rw_positive_bias-full-prior1	rw_positive_bias	full	1.0	none	False	sub-122	similar	gamma	0.5791820504994769	0.4358600938642846	0.12959234679545	0.447739417791	1.7485030788957485
fit-rw_positive_bias-full-prior1	rw_positive_bias	full	1.0	none	False	sub-122	similar	f0	5.827794421176117	3.747609842857996	0.46149779334352503	5.444597982295	14.747675629472495
fit-rw_positive_bias-full-prior1	rw_positive_bias	full	1.0	none	False	sub-122	similar	epsilon	0.06647158337733797	0.15297233680785596	6.32179284094075e-05	0.00836659313318	0.5905671048500979
fit-rw_positive_bias-full-prior1	rw_positive_bias	full	1.0	none	False	sub-122	dissimilar	alpha	1.4263801391466913	1.1562767488717418	0.182392047580625	1.1851527765149998	3.9946874452262477
fit-rw_positive_bias-full-prior1	rw_positive_bias	full	1.0	none	False	sub-122	dissimilar	gamma	0.4933347511435137	0.22237414357866753	0.164733595243175	0.458897895563	1.029115291617999
fit-rw_positive_bias-full-prior1	rw_positive_bias	full	1.0	none	False	sub-122	dissimilar	f0	5.908086315731218	3.749359570480075	0.45614452750695	5.58937216234	14.735941776749995
fit-rw_positive_bias-full-prior1	rw_positive_bias	full	1.0	none	False	sub-122	dissimilar	epsilon	0.06594786430645767	0.1493482406481874	6.541132747853249e-05	0.008617211209115	0.5632233535016494
fit-rw_positive_bias-full-prior1	rw_positive_bias	full	1.0	none	False	sub-124	computer	alpha	4.089244570961125	14.283342479716685	0.458770276251225	2.210838873895	19.285246359499986
fit-rw_positive_bias-full-prior1	rw_positive_bias	full	1.0	none	False	sub-124	computer	gamma	4.327074591477056	4.322952221640885	0.7051347867813	3.14363686594	14.958044816432494
fit-rw_positive_bias-full-prior1	rw_positive_bias	full	1.0	none	False	sub-124	computer	f0	1.5874220007593767	0.7005461659835142	0.6833120373748001	1.414974908955	3.360901914791
fit-rw_positive_bias-full-prior1	rw_positive_bias	full	1.0	none	False	sub-124	computer	epsilon	0.017203445460561614	0.023253370991426107	0.0021061281359745	0.008909356532705	0.08822507074412494
fit-rw_positive_bias-full-prior1	rw_positive_bias	full	1.0	none	False	sub-124	all	acceptance_bias	2.544881755813658	2.1404747001921165	-1.5794616116995002	2.49095074946	6.909599693611246
fit-rw_positive_bias-full-prior1	rw_positive_bias	full	1.0	none	False	sub-124	similar	alpha	3.9213090015978596	13.628266721238939	0.465629513513025	2.07874340568	18.653441902197457
fit-rw_positive_bias-full-prior1	rw_positive_bias	full	1.0	none	False	sub-124	similar	gamma	6.085169120878231	6.544969925137712	0.954847317552775	4.318374516485	21.825018632007456
fit-rw_positive_bias-full-prior1	rw_positive_bias	full	1.0	none	False	sub-124	similar	f0	1.6180852458037625	0.6993607411897933	0.68730998369035	1.4566576174549999	3.348056055601998
fit-rw_positive_bias-full-prior1	rw_positive_bias	full	1.0	none	False	sub-124	similar	epsilon	0.018538365988900844	0.024292016313153912	0.00223974548631575	0.00995256213186	0.09106944633512995
fit-rw_positive_bias-full-prior1	rw_positive_bias	full	1.0	none	False	sub-124	dissimilar	alpha	3.892797049863453	13.629142170022366	0.45860121984495	2.099188196665	18.241317159397457
fit-rw_positive_bias-full-prior1	rw_positive_bias	full	1.0	none	False	sub-124	dissimilar	gamma	4.877330656238742	5.5612388985020065	0.679478368744325	3.28156572341	18.51000696755749
fit-rw_positive_bias-full-prior1	rw_positive_bias	full	1.0	none	False	sub-124	dissimilar	f0	1.5990646852068937	0.6910916619178296	0.6905937461838749	1.432659044955	3.34389344253525
fit-rw_positive_bias-full-prior1	rw_positive_bias	full	1.0	none	False	sub-124	dissimilar	epsilon	0.01875403682845381	0.026091588261783604	0.0023327657797822497	0.009454669719205	0.09879836911699999
fit-rw_positive_bias-full-prior1	rw_positive_bias	full	1.0	none	False	sub-125	computer	alpha	2.7234897357187617	1.9521130746362576	0.560935637899925	2.2759378948849998	7.615064577519497
fit-rw_positive_bias-full-prior1	rw_positive_bias	full	1.0	none	False	sub-125	computer	gamma	0.35827492541985306	0.1403699134384534	0.13786868770675	0.340195090638	0.681092411080975
fit-rw_positive_bias-full-prior1	rw_positive_bias	full	1.0	none	False	sub-125	computer	f0	8.180068900876691	2.7695636901601146	3.901993876497	7.82173407489	15.275876868294992
fit-rw_positive_bias-full-prior1	rw_positive_bias	full	1.0	none	False	sub-125	computer	epsilon	0.04854050158975963	0.06730699100620727	0.0001037693340679	0.0221198252823	0.2258865540576999
fit-rw_positive_bias-full-prior1	rw_positive_bias	full	1.0	none	False	sub-125	all	acceptance_bias	-0.2845980357188985	1.2490327268361878	-2.6952269740185	-0.29733250773700004	2.372471671260746
fit-rw_positive_bias-full-prior1	rw_positive_bias	full	1.0	none	False	sub-125	similar	alpha	2.5857479213040264	1.8339959044476213	0.5640875383849	2.1512916171749996	7.300322078940748
fit-rw_positive_bias-full-prior1	rw_positive_bias	full	1.0	none	False	sub-125	similar	gamma	0.42028469178980354	0.15401398969242927	0.16525334807494999	0.4046666807015	0.7625710712651246
fit-rw_positive_bias-full-prior1	rw_positive_bias	full	1.0	none	False	sub-125	similar	f0	8.2794427555619	2.7469288694139102	3.9290548847045	8.007131318319999	15.209149860684994
fit-rw_positive_bias-full-prior1	rw_positive_bias	full	1.0	none	False	sub-125	similar	epsilon	0.05198880318660513	0.0688992491591969	0.000112426418625775	0.02404752096875	0.23566571158614955
fit-rw_positive_bias-full-prior1	rw_positive_bias	full	1.0	none	False	sub-125	dissimilar	alpha	2.6052162470744475	1.831947580501244	0.576693264798425	2.1881139307749997	7.13892318509699
fit-rw_positive_bias-full-prior1	rw_positive_bias	full	1.0	none	False	sub-125	dissimilar	gamma	0.41221278848182474	0.15873644571306772	0.1549570315741	0.39424587545550005	0.7677130952994996
fit-rw_positive_bias-full-prior1	rw_positive_bias	full	1.0	none	False	sub-125	dissimilar	f0	8.329836019437108	2.7486826840567304	3.8689793786315003	8.12534849213	15.188612563002483
fit-rw_positive_bias-full-prior1	rw_positive_bias	full	1.0	none	False	sub-125	dissimilar	epsilon	0.05494254210683034	0.07361130101798957	0.00011567797681669999	0.024365897387950003	0.25977139352577455
fit-rw_positive_bias-full-prior1	rw_positive_bias	full	1.0	none	False	sub-126	computer	alpha	1.5113016087698379	1.5824015994026497	0.1244279774495	1.140848953195	4.821357097361246
fit-rw_positive_bias-full-prior1	rw_positive_bias	full	1.0	none	False	sub-126	computer	gamma	0.9035430019464236	1.452506196642302	0.08039526430623001	0.515530989549	4.115293090920996
fit-rw_positive_bias-full-prior1	rw_positive_bias	full	1.0	none	False	sub-126	computer	f0	4.251039189263545	3.7691442278393903	0.34671304148755	2.989153939045	14.572667947654999
fit-rw_positive_bias-full-prior1	rw_positive_bias	full	1.0	none	False	sub-126	computer	epsilon	0.08191403869659121	0.20369151918649345	4.61656077221275e-05	0.00441243415521	0.8499921826390499
fit-rw_positive_bias-full-prior1	rw_positive_bias	full	1.0	none	False	sub-126	all	acceptance_bias	4.7380334331847695	1.810681625246473	1.25862632178575	4.69265652203	8.499795242718749
fit-rw_positive_bias-full-prior1	rw_positive_bias	full	1.0	none	False	sub-126	similar	alpha	1.3996400932987054	1.4345637411489978	0.122617650516925	1.1091938043199998	4.320530359662996
fit-rw_positive_bias-full-prior1	rw_positive_bias	full	1.0	none	False	sub-126	similar	gamma	1.1683989630557403	1.9623515130992912	0.091633265338455	0.6469696384679999	5.518201117680488
fit-rw_positive_bias-full-prior1	rw_positive_bias	full	1.0	none	False	sub-126	similar	f0	4.2398826562009	3.747621969533034	0.35158851595622503	3.00072744863	14.524057603669995
fit-rw_positive_bias-full-prior1	rw_positive_bias	full	1.0	none	False	sub-126	similar	epsilon	0.08405435238644818	0.20585803722107296	4.84011960831975e-05	0.0046988886346799996	0.8595205656256748
fit-rw_positive_bias-full-prior1	rw_positive_bias	full	1.0	none	False	sub-126	dissimilar	alpha	1.425513052763103	1.463855529513181	0.126544059697425	1.1100503770099999	4.3819342138740005
fit-rw_positive_bias-full-prior1	rw_positive_bias	full	1.0	none	False	sub-126	dissimilar	gamma	1.1084058126895442	1.9391914236947194	0.0882573589972625	0.605581557696	5.324995293254499
fit-rw_positive_bias-full-prior1	rw_positive_bias	full	1.0	none	False	sub-126	dissimilar	f0	4.26359084839926	3.7567135486848273	0.35293312290015	3.019297112535	14.562750826062492
fit-rw_positive_bias-full-prior1	rw_positive_bias	full	1.0	none	False	sub-126	dissimilar	epsilon	0.08584732250606168	0.2085771422371229	5.2374794182137504e-05	0.0048662654947900005	0.8644059505243241
fit-rw_positive_bias-full-prior1	rw_positive_bias	full	1.0	none	False	sub-127	computer	alpha	3.5041551807749105	2.8715769194398817	0.8724258035082749	2.69423124566	11.067579586972442
fit-rw_positive_bias-full-prior1	rw_positive_bias	full	1.0	none	False	sub-127	computer	gamma	1.3520418831072474	0.7604167106069832	0.3768551411905	1.19189968799	3.2207150461189977
fit-rw_positive_bias-full-prior1	rw_positive_bias	full	1.0	none	False	sub-127	computer	f0	11.407397190379973	2.1906791687404747	8.462330657122	10.93273856135	16.968232946042498
fit-rw_positive_bias-full-prior1	rw_positive_bias	full	1.0	none	False	sub-127	computer	epsilon	0.0008627739411278653	0.000996213390293162	1.4985645226505e-05	0.0005196898834105	0.003540802637533982
fit-rw_positive_bias-full-prior1	rw_positive_bias	full	1.0	none	False	sub-127	all	acceptance_bias	2.1589581488986687	1.8742714992990819	-1.5777967066832501	2.151499518405	5.90259164455274
fit-rw_positive_bias-full-prior1	rw_positive_bias	full	1.0	none	False	sub-127	similar	alpha	3.3441993643214083	2.7532268043347847	0.8937573103799	2.543801431345	10.570491615104935
fit-rw_positive_bias-full-prior1	rw_positive_bias	full	1.0	none	False	sub-127	similar	gamma	2.5640061555967373	1.913778254733877	0.58246142622535	2.07657321956	7.485582411696994
fit-rw_positive_bias-full-prior1	rw_positive_bias	full	1.0	none	False	sub-127	similar	f0	11.445616521293159	2.133085090030123	8.492168135305	11.044151257549998	16.80611565332
fit-rw_positive_bias-full-prior1	rw_positive_bias	full	1.0	none	False	sub-127	similar	epsilon	0.0009011111684259466	0.0009903226745591887	1.65692534028325e-05	0.0005570609957745	0.0036272516705052426
fit-rw_positive_bias-full-prior1	rw_positive_bias	full	1.0	none	False	sub-127	dissimilar	alpha	3.223618632675201	2.601856818307861	0.8483190673091999	2.48011050637	10.072748524652493
fit-rw_positive_bias-full-prior1	rw_positive_bias	full	1.0	none	False	sub-127	dissimilar	gamma	0.9877852362370322	0.511265095397309	0.27931484748575	0.8936571574859999	2.242567621736248
fit-rw_positive_bias-full-prior1	rw_positive_bias	full	1.0	none	False	sub-127	dissimilar	f0	11.364493815157717	2.1912642155556705	8.29061367299	10.96874835995	16.86251861022749
fit-rw_positive_bias-full-prior1	rw_positive_bias	full	1.0	none	False	sub-127	dissimilar	epsilon	0.0009514953731725404	0.0010843629683820093	1.6987662356989997e-05	0.000580327108656	0.003898625860797748
fit-rw_positive_bias-full-prior1	rw_positive_bias	full	1.0	none	False	sub-128	computer	alpha	6.653910451217193	10.510816727664938	1.2353944005325002	3.7971872169	30.435965422202464
fit-rw_positive_bias-full-prior1	rw_positive_bias	full	1.0	none	False	sub-128	computer	gamma	3.114954582914049	3.2333431030767112	0.48615973955465	2.2103275197650003	11.147137077037476
fit-rw_positive_bias-full-prior1	rw_positive_bias	full	1.0	none	False	sub-128	computer	f0	13.141652454674489	2.111391827914037	10.21132191773	12.74013147605	18.095320671149985
fit-rw_positive_bias-full-prior1	rw_positive_bias	full	1.0	none	False	sub-128	computer	epsilon	0.001969123295497666	0.0013288554450348762	0.00011410312743795	0.0017395215610499998	0.005163988299507245
fit-rw_positive_bias-full-prior1	rw_positive_bias	full	1.0	none	False	sub-128	all	acceptance_bias	1.492578083194347	2.2453134077093617	-2.9508773686852496	1.4998827916400002	5.9467093465855
fit-rw_positive_bias-full-prior1	rw_positive_bias	full	1.0	none	False	sub-128	similar	alpha	6.3395436132305285	10.17013229689658	1.220457989473	3.479488693505	29.28524395422996
fit-rw_positive_bias-full-prior1	rw_positive_bias	full	1.0	none	False	sub-128	similar	gamma	4.00515302590797	4.498802853322865	0.55190622747195	2.76400552461	15.017086710519994
fit-rw_positive_bias-full-prior1	rw_positive_bias	full	1.0	none	False	sub-128	similar	f0	13.145339177742198	2.1262186403010466	10.127197111969998	12.80729578955	18.0498518663625
fit-rw_positive_bias-full-prior1	rw_positive_bias	full	1.0	none	False	sub-128	similar	epsilon	0.0018931446078195528	0.0010655411899020994	0.00013379173913984999	0.00182098125104	0.00410956333419325
fit-rw_positive_bias-full-prior1	rw_positive_bias	full	1.0	none	False	sub-128	dissimilar	alpha	6.421759865844518	9.788320116639001	1.3224514911779999	3.717691065455	28.42264110280245
fit-rw_positive_bias-full-prior1	rw_positive_bias	full	1.0	none	False	sub-128	dissimilar	gamma	3.8849238555409853	4.406375192639818	0.519335101770925	2.59645695589	14.993664685289986
fit-rw_positive_bias-full-prior1	rw_positive_bias	full	1.0	none	False	sub-128	dissimilar	f0	13.333838813685505	1.9881811580717328	10.540056680095	13.00824404815	17.987051556762495
fit-rw_positive_bias-full-prior1	rw_positive_bias	full	1.0	none	False	sub-128	dissimilar	epsilon	0.002269720829926111	0.0015107190171900074	0.00013222027690285	0.002034953378365	0.005871729277822745
fit-rw_positive_bias-full-prior1	rw_positive_bias	full	1.0	none	False	sub-129	computer	alpha	3.7754477275089364	3.6768763279077668	0.51777760879645	2.74011661583	13.559858352229984
fit-rw_positive_bias-full-prior1	rw_positive_bias	full	1.0	none	False	sub-129	computer	gamma	0.6974136273392553	0.27460189256335293	0.271953636912775	0.6580426265970001	1.3464964275399984
fit-rw_positive_bias-full-prior1	rw_positive_bias	full	1.0	none	False	sub-129	computer	f0	6.579434008010826	2.6989454905223407	3.7579800891902497	5.596131144985	14.298998999087498
fit-rw_positive_bias-full-prior1	rw_positive_bias	full	1.0	none	False	sub-129	computer	epsilon	0.007492565129203176	0.01210600142716139	3.6046390897825e-05	0.002800650176865	0.04292347507390747
fit-rw_positive_bias-full-prior1	rw_positive_bias	full	1.0	none	False	sub-129	all	acceptance_bias	-0.4045738656809801	1.7857431669069388	-3.75091119815225	-0.475139275821	3.4667981668289976
fit-rw_positive_bias-full-prior1	rw_positive_bias	full	1.0	none	False	sub-129	similar	alpha	3.557341990282867	3.5644728569551236	0.514394828689575	2.52279009864	12.913912334869993
fit-rw_positive_bias-full-prior1	rw_positive_bias	full	1.0	none	False	sub-129	similar	gamma	1.0424922744354834	0.5219446915366551	0.33038616161025003	0.9417115015145	2.285963247182748
fit-rw_positive_bias-full-prior1	rw_positive_bias	full	1.0	none	False	sub-129	similar	f0	6.545116330552269	2.618901873738528	3.8091403167160003	5.631887976095	14.069650318657493
fit-rw_positive_bias-full-prior1	rw_positive_bias	full	1.0	none	False	sub-129	similar	epsilon	0.007536162149791433	0.01148796975573396	4.05562351407325e-05	0.00305380866995	0.04094124935951247
fit-rw_positive_bias-full-prior1	rw_positive_bias	full	1.0	none	False	sub-129	dissimilar	alpha	3.6379481479509064	3.5447086311312312	0.544589855833425	2.6275762823899997	12.994001184984954
fit-rw_positive_bias-full-prior1	rw_positive_bias	full	1.0	none	False	sub-129	dissimilar	gamma	0.7088595324459092	0.26298613573613	0.29763038373635	0.672031631541	1.3228354688389998
fit-rw_positive_bias-full-prior1	rw_positive_bias	full	1.0	none	False	sub-129	dissimilar	f0	6.6537303454803105	2.6081078968737423	3.9061148091977502	5.71120078363	14.06964680335748
fit-rw_positive_bias-full-prior1	rw_positive_bias	full	1.0	none	False	sub-129	dissimilar	epsilon	0.008165155953778586	0.012836761922497998	4.148523974037751e-05	0.003185899881685	0.04578261609803746
fit-rw_positive_bias-full-prior1	rw_positive_bias	full	1.0	none	False	sub-130	computer	alpha	1.5741676245060892	1.696965598121909	0.15673746064575	1.206725188585	5.0139713290904995
fit-rw_positive_bias-full-prior1	rw_positive_bias	full	1.0	none	False	sub-130	computer	gamma	0.2634564406204461	0.1724097053837879	0.047515997534230005	0.224665178449	0.7034371590467492
fit-rw_positive_bias-full-prior1	rw_positive_bias	full	1.0	none	False	sub-130	computer	f0	5.736908780316318	4.748943529903935	0.40513523546709995	4.105839774350001	16.838138937257494
fit-rw_positive_bias-full-prior1	rw_positive_bias	full	1.0	none	False	sub-130	computer	epsilon	0.0914018128128217	0.19808411270143197	5.5838959691155005e-05	0.00713302011532	0.8054913077593987
fit-rw_positive_bias-full-prior1	rw_positive_bias	full	1.0	none	False	sub-130	all	acceptance_bias	4.216360062755784	1.1280549381627756	2.2240852394745	4.126372141725	6.6612304815305
fit-rw_positive_bias-full-prior1	rw_positive_bias	full	1.0	none	False	sub-130	similar	alpha	1.457127478897504	1.528225128842133	0.15536289329800002	1.1648097817399998	4.328754104250499
fit-rw_positive_bias-full-prior1	rw_positive_bias	full	1.0	none	False	sub-130	similar	gamma	0.3490485185556155	0.27776769158031633	0.05314978184837	0.2782293878825	1.0547094167059996
fit-rw_positive_bias-full-prior1	rw_positive_bias	full	1.0	none	False	sub-130	similar	f0	5.715855208060219	4.720494076363323	0.40940800169222497	4.117221392015	16.82881903342
fit-rw_positive_bias-full-prior1	rw_positive_bias	full	1.0	none	False	sub-130	similar	epsilon	0.09586338579111221	0.20371502853798729	5.870017768363501e-05	0.007639105962845	0.8196585389236246
fit-rw_positive_bias-full-prior1	rw_positive_bias	full	1.0	none	False	sub-130	dissimilar	alpha	1.4878518347306393	1.6654379002421225	0.15849761988057498	1.173006745715	4.5268594558412465
fit-rw_positive_bias-full-prior1	rw_positive_bias	full	1.0	none	False	sub-130	dissimilar	gamma	0.3396587151749517	0.27502843795928356	0.050664556795327505	0.269851216619	1.0449162221942494
fit-rw_positive_bias-full-prior1	rw_positive_bias	full	1.0	none	False	sub-130	dissimilar	f0	5.7441851746926105	4.729143636033202	0.41206787154015	4.14263492963	16.804811438402478
fit-rw_positive_bias-full-prior1	rw_positive_bias	full	1.0	none	False	sub-130	dissimilar	epsilon	0.09772218033212891	0.20609092341358917	6.24670387053e-05	0.007977656309975	0.8237494218411997
fit-rw_positive_bias-full-prior1	rw_positive_bias	full	1.0	none	False	sub-132	computer	alpha	1.5150338628985671	1.5673961435376604	0.131676128537625	1.1369542103499999	4.944438455455247
fit-rw_positive_bias-full-prior1	rw_positive_bias	full	1.0	none	False	sub-132	computer	gamma	0.8624238632255417	0.920603909288177	0.099477709642795	0.5894299513405	3.238140759593997
fit-rw_positive_bias-full-prior1	rw_positive_bias	full	1.0	none	False	sub-132	computer	f0	4.779640402507961	3.997619793859298	0.3940187624928	3.45674067967	14.999116377147496
fit-rw_positive_bias-full-prior1	rw_positive_bias	full	1.0	none	False	sub-132	computer	epsilon	0.06869961874045301	0.18190425066090934	3.82778653564675e-05	0.00383297226687	0.7947641455666236
fit-rw_positive_bias-full-prior1	rw_positive_bias	full	1.0	none	False	sub-132	all	acceptance_bias	3.8246705369278176	1.6632580561375803	0.5282168073925001	3.806146240185	7.23817744107574
fit-rw_positive_bias-full-prior1	rw_positive_bias	full	1.0	none	False	sub-132	similar	alpha	1.3946600921497994	1.410698855316661	0.13188187711087498	1.091192753755	4.427478156648996
fit-rw_positive_bias-full-prior1	rw_positive_bias	full	1.0	none	False	sub-132	similar	gamma	1.0951852857846052	1.2843525336503152	0.11434097477035	0.709333727706	4.494357919468998
fit-rw_positive_bias-full-prior1	rw_positive_bias	full	1.0	none	False	sub-132	similar	f0	4.739098662116644	3.985446459312776	0.3910210954589	3.39730601227	14.9988356834475
fit-rw_positive_bias-full-prior1	rw_positive_bias	full	1.0	none	False	sub-132	similar	epsilon	0.07290853732270053	0.1875855044641643	4.063716856259001e-05	0.004123898884589999	0.8121487967418247
fit-rw_positive_bias-full-prior1	rw_positive_bias	full	1.0	none	False	sub-132	dissimilar	alpha	1.4185509637758065	1.4283126664085382	0.13358757667835	1.095862551345	4.505245290184741
fit-rw_positive_bias-full-prior1	rw_positive_bias	full	1.0	none	False	sub-132	dissimilar	gamma	1.068423685982698	1.2937294280777243	0.111791864877775	0.6775619000595	4.327353350402727
fit-rw_positive_bias-full-prior1	rw_positive_bias	full	1.0	none	False	sub-132	dissimilar	f0	4.7655268761953735	3.9986722423644916	0.395120423819175	3.4308194630299997	14.994118286737498
fit-rw_positive_bias-full-prior1	rw_positive_bias	full	1.0	none	False	sub-132	dissimilar	epsilon	0.0744728172847542	0.18986186493432822	4.242503977571e-05	0.004318534246645	0.8254371163890464
fit-rw_positive_bias-full-prior1	rw_positive_bias	full	1.0	none	False	sub-133	computer	alpha	1.363845345120759	1.2098600346781967	0.1598388940876	1.033663497085	4.348262768178749
fit-rw_positive_bias-full-prior1	rw_positive_bias	full	1.0	none	False	sub-133	computer	gamma	0.8973845602775855	1.1313800793349293	0.14526546344344998	0.6187394385914999	3.298436626888497
fit-rw_positive_bias-full-prior1	rw_positive_bias	full	1.0	none	False	sub-133	computer	f0	9.706055984021454	4.95506264709878	1.260732627563	10.14909773595	18.299124519279996
fit-rw_positive_bias-full-prior1	rw_positive_bias	full	1.0	none	False	sub-133	computer	epsilon	0.10861260943072318	0.14561971885003985	8.927268224907251e-05	0.062097220205200004	0.5290627908574747
fit-rw_positive_bias-full-prior1	rw_positive_bias	full	1.0	none	False	sub-133	all	acceptance_bias	4.463779425067794	1.8890432511521025	1.02431910009925	4.362624336515	8.417771090195249
fit-rw_positive_bias-full-prior1	rw_positive_bias	full	1.0	none	False	sub-133	similar	alpha	1.2753980385394306	1.0628294082660459	0.1636969380418	1.01451242029	3.7906071995624977
fit-rw_positive_bias-full-prior1	rw_positive_bias	full	1.0	none	False	sub-133	similar	gamma	1.1742977148582925	1.5079831429557777	0.191267322374475	0.784271604745	4.5137313504077445
fit-rw_positive_bias-full-prior1	rw_positive_bias	full	1.0	none	False	sub-133	similar	f0	9.754537054739432	4.920510128975662	1.326595384043	10.226759215249999	18.255587448262492
fit-rw_positive_bias-full-prior1	rw_positive_bias	full	1.0	none	False	sub-133	similar	epsilon	0.10393185005960917	0.1368256145802901	9.974348154758501e-05	0.06661104771625	0.494302312810799
fit-rw_positive_bias-full-prior1	rw_positive_bias	full	1.0	none	False	sub-133	dissimilar	alpha	1.3011218448055413	1.0800408225777554	0.166401126422425	1.022979379635	3.9047406813452463
fit-rw_positive_bias-full-prior1	rw_positive_bias	full	1.0	none	False	sub-133	dissimilar	gamma	1.1386577013893826	1.9089234499194363	0.161031008387325	0.766778030776	4.29311482251825
fit-rw_positive_bias-full-prior1	rw_positive_bias	full	1.0	none	False	sub-133	dissimilar	f0	9.774906657309984	4.914782226655318	1.32392775952475	10.24628361075	18.2640310706825
fit-rw_positive_bias-full-prior1	rw_positive_bias	full	1.0	none	False	sub-133	dissimilar	epsilon	0.11083285832675957	0.1421089242968406	0.00010645825501765	0.06912697570234999	0.5092295469700998
fit-rw_positive_bias-full-prior1	rw_positive_bias	full	1.0	none	False	sub-134	computer	alpha	3.129186301869581	3.067903525378016	0.3602674955113	2.324677925345	10.858414421574944
fit-rw_positive_bias-full-prior1	rw_positive_bias	full	1.0	none	False	sub-134	computer	gamma	0.684955304610291	0.27950578834499584	0.251060303279075	0.648690830329	1.3250340842692485
fit-rw_positive_bias-full-prior1	rw_positive_bias	full	1.0	none	False	sub-134	computer	f0	2.8436798936802092	1.6942160565291824	1.268716147382	2.428394923175	7.786689697505993
fit-rw_positive_bias-full-prior1	rw_positive_bias	full	1.0	none	False	sub-134	computer	epsilon	0.005803785926235397	0.0348867545500229	2.8802637571455002e-05	0.0015003506088399998	0.025415467243739852
fit-rw_positive_bias-full-prior1	rw_positive_bias	full	1.0	none	False	sub-134	all	acceptance_bias	1.665302714242118	1.1608455647331453	-0.49790939066914996	1.6201170714750002	4.124786461335498
fit-rw_positive_bias-full-prior1	rw_positive_bias	full	1.0	none	False	sub-134	similar	alpha	2.9964047650141428	3.031824972487231	0.359753244172625	2.1881570781799997	10.505078503819979
fit-rw_positive_bias-full-prior1	rw_positive_bias	full	1.0	none	False	sub-134	similar	gamma	1.119988907989811	0.6068072829316691	0.333172734886375	0.9988457162975	2.616750849397499
fit-rw_positive_bias-full-prior1	rw_positive_bias	full	1.0	none	False	sub-134	similar	f0	2.8311703369764363	1.6445155830873444	1.3294674076067499	2.431437617455	7.494173233793736
fit-rw_positive_bias-full-prior1	rw_positive_bias	full	1.0	none	False	sub-134	similar	epsilon	0.0062008353468894495	0.03546831041453467	2.996199091216e-05	0.0016126987428600002	0.027095531666519863
fit-rw_positive_bias-full-prior1	rw_positive_bias	full	1.0	none	False	sub-134	dissimilar	alpha	2.965163770559603	2.8865845841917643	0.368697436187175	2.2163062777749998	10.280027387544973
fit-rw_positive_bias-full-prior1	rw_positive_bias	full	1.0	none	False	sub-134	dissimilar	gamma	0.7583977484097919	0.38978411618198316	0.246501726294075	0.679189765099	1.7246883241489999
fit-rw_positive_bias-full-prior1	rw_positive_bias	full	1.0	none	False	sub-134	dissimilar	f0	2.8452125687682237	1.6587493446748243	1.313727932196	2.44143357309	7.582735387276249
fit-rw_positive_bias-full-prior1	rw_positive_bias	full	1.0	none	False	sub-134	dissimilar	epsilon	0.006264769434112153	0.03614953447186029	3.2278075263557503e-05	0.00167488835491	0.02784951760641247
fit-rw_positive_bias-full-prior1	rw_positive_bias	full	1.0	none	False	sub-135	computer	alpha	2.574509515337684	1.5500014009984684	0.9607491009868	2.1643056875099997	6.619927620626999
fit-rw_positive_bias-full-prior1	rw_positive_bias	full	1.0	none	False	sub-135	computer	gamma	0.28826782534635487	0.12447078456423386	0.10208174665215	0.2692134897535	0.5807171280279247
fit-rw_positive_bias-full-prior1	rw_positive_bias	full	1.0	none	False	sub-135	computer	f0	14.404982440587467	2.327740532575633	10.5283505512175	14.29884704105	18.83769653225
fit-rw_positive_bias-full-prior1	rw_positive_bias	full	1.0	none	False	sub-135	computer	epsilon	0.0032690540428234128	0.039423125599544556	1.2530905032075e-05	0.0004587585858975	0.0036590855721537496
fit-rw_positive_bias-full-prior1	rw_positive_bias	full	1.0	none	False	sub-135	all	acceptance_bias	0.11580470502322213	0.8656645905024495	-1.462213332553	0.1163393736605	1.7943079980937473
fit-rw_positive_bias-full-prior1	rw_positive_bias	full	1.0	none	False	sub-135	similar	alpha	2.4849565987348967	1.4511000823490174	1.027320620067	2.09406762337	6.3148752593009965
fit-rw_positive_bias-full-prior1	rw_positive_bias	full	1.0	none	False	sub-135	similar	gamma	0.7514412870212567	0.519424048091809	0.183952464171725	0.616927247983	2.0953694299627466
fit-rw_positive_bias-full-prior1	rw_positive_bias	full	1.0	none	False	sub-135	similar	f0	14.476547515528077	2.25173264013526	10.822962812675001	14.3632688922	18.7858213290525
fit-rw_positive_bias-full-prior1	rw_positive_bias	full	1.0	none	False	sub-135	similar	epsilon	0.0034565637057972047	0.04121139802600793	1.3763993237257501e-05	0.0004942358176615	0.0036107549637672395
fit-rw_positive_bias-full-prior1	rw_positive_bias	full	1.0	none	False	sub-135	dissimilar	alpha	2.412234585719927	1.3711671996778636	0.9375287620901249	2.06441995314	5.966709821803494
fit-rw_positive_bias-full-prior1	rw_positive_bias	full	1.0	none	False	sub-135	dissimilar	gamma	0.17019370607387305	0.06928768519135382	0.063845380845615	0.1611287520505	0.32696649016932494
fit-rw_positive_bias-full-prior1	rw_positive_bias	full	1.0	none	False	sub-135	dissimilar	f0	14.48046958959548	2.2711160016698346	10.6426957335225	14.3974503841	18.780766861319997
fit-rw_positive_bias-full-prior1	rw_positive_bias	full	1.0	none	False	sub-135	dissimilar	epsilon	0.0036283985417535883	0.042647350953679115	1.4764348696305001e-05	0.000509883518949	0.00398887414380975
fit-rw_positive_bias-full-prior1	rw_positive_bias	full	1.0	none	False	sub-136	computer	alpha	1.7113470510711726	1.1405474649034648	0.44638839513685	1.42433969075	4.598327086247746
fit-rw_positive_bias-full-prior1	rw_positive_bias	full	1.0	none	False	sub-136	computer	gamma	0.6369971888397736	0.25749408600989215	0.23924034433445	0.6016313588675	1.2363536354692497
fit-rw_positive_bias-full-prior1	rw_positive_bias	full	1.0	none	False	sub-136	computer	f0	11.142080313573695	2.5345116115939526	7.18379781351275	10.7370789413	17.2952477934675
fit-rw_positive_bias-full-prior1	rw_positive_bias	full	1.0	none	False	sub-136	computer	epsilon	0.03955959254317581	0.025494799426386067	0.0075724341525080004	0.03364642764655	0.10413933496097491
fit-rw_positive_bias-full-prior1	rw_positive_bias	full	1.0	none	False	sub-136	all	acceptance_bias	3.3923202074398664	1.4433704463330594	0.89699109593495	3.278841262515	6.521362252172994
fit-rw_positive_bias-full-prior1	rw_positive_bias	full	1.0	none	False	sub-136	similar	alpha	1.617147688602306	1.0000386648875397	0.467163542150675	1.39241761697	4.137609671949997
fit-rw_positive_bias-full-prior1	rw_positive_bias	full	1.0	none	False	sub-136	similar	gamma	1.077252473569408	0.5111885382208994	0.36098737980054996	0.9829550741595	2.351237720329248
fit-rw_positive_bias-full-prior1	rw_positive_bias	full	1.0	none	False	sub-136	similar	f0	11.22402112210184	2.4362782074209934	7.4555732459405	10.82904124275	17.183314281152498
fit-rw_positive_bias-full-prior1	rw_positive_bias	full	1.0	none	False	sub-136	similar	epsilon	0.040528400436211455	0.020367081205841644	0.00939925756314925	0.03747884352915	0.08771734810751743
fit-rw_positive_bias-full-prior1	rw_positive_bias	full	1.0	none	False	sub-136	dissimilar	alpha	1.6031564941068648	1.0058873911355644	0.43937394879955	1.3781049481499998	4.103120468078241
fit-rw_positive_bias-full-prior1	rw_positive_bias	full	1.0	none	False	sub-136	dissimilar	gamma	0.5859148032574372	0.25042127769909855	0.22274368763757502	0.542620678032	1.1883483294079997
fit-rw_positive_bias-full-prior1	rw_positive_bias	full	1.0	none	False	sub-136	dissimilar	f0	11.224810197798229	2.4651170418133974	7.32560219059675	10.84995891825	17.2206213510575
fit-rw_positive_bias-full-prior1	rw_positive_bias	full	1.0	none	False	sub-136	dissimilar	epsilon	0.043425396473308904	0.02307002074016976	0.0094662435655795	0.04008448648695	0.09658308535793496
fit-rw_positive_bias-full-prior1	rw_positive_bias	full	1.0	none	False	sub-137	computer	alpha	3.022689061475326	2.5711927309068456	0.695989777594925	2.34985023151	9.51340820940749
fit-rw_positive_bias-full-prior1	rw_positive_bias	full	1.0	none	False	sub-137	computer	gamma	1.0452444830000949	0.529347195228353	0.32660352732174996	0.9433374506165	2.3429736982875
fit-rw_positive_bias-full-prior1	rw_positive_bias	full	1.0	none	False	sub-137	computer	f0	10.249375911075148	2.325609532500107	7.147143308323501	9.731928021125	16.317585048515
fit-rw_positive_bias-full-prior1	rw_positive_bias	full	1.0	none	False	sub-137	computer	epsilon	0.0015095091827658968	0.001884364797658556	2.0017804524825e-05	0.000874370776517	0.006557166429811991
fit-rw_positive_bias-full-prior1	rw_positive_bias	full	1.0	none	False	sub-137	all	acceptance_bias	1.995639076527711	1.662609269340082	-1.27459112953425	1.97657900717	5.398944679878998
fit-rw_positive_bias-full-prior1	rw_positive_bias	full	1.0	none	False	sub-137	similar	alpha	2.7728551384485534	2.4017893846094482	0.6697196058256001	2.146590568925	8.652150588226492
fit-rw_positive_bias-full-prior1	rw_positive_bias	full	1.0	none	False	sub-137	similar	gamma	0.7922967427118547	0.3796904542899675	0.246907070036825	0.7269758513235001	1.7120825391624972
fit-rw_positive_bias-full-prior1	rw_positive_bias	full	1.0	none	False	sub-137	similar	f0	10.197349534517011	2.3092503766933286	6.904689105380251	9.748795658805001	16.19568871853
fit-rw_positive_bias-full-prior1	rw_positive_bias	full	1.0	none	False	sub-137	similar	epsilon	0.0016551928503959095	0.002144664462079354	2.08677849493725e-05	0.000962540832646	0.0072275607707142355
fit-rw_positive_bias-full-prior1	rw_positive_bias	full	1.0	none	False	sub-137	dissimilar	alpha	2.92184182050742	2.454193219618924	0.727642175562875	2.272388898115	9.122490527157499
fit-rw_positive_bias-full-prior1	rw_positive_bias	full	1.0	none	False	sub-137	dissimilar	gamma	1.9970373197024198	1.3598356958330609	0.49789041227242503	1.6580107876349999	5.421111592421491
fit-rw_positive_bias-full-prior1	rw_positive_bias	full	1.0	none	False	sub-137	dissimilar	f0	10.328739340615847	2.2119018539724844	7.374845745222751	9.833285799	16.198629580764987
fit-rw_positive_bias-full-prior1	rw_positive_bias	full	1.0	none	False	sub-137	dissimilar	epsilon	0.0015882513042101705	0.0017622701704714636	2.228039612688e-05	0.0009907277568265002	0.006371841699219744
fit-rw_positive_bias-full-prior1	rw_positive_bias	full	1.0	none	False	sub-138	computer	alpha	1.77435007610216	1.293682767151201	0.2610493922129	1.48788929566	4.975134688291741
fit-rw_positive_bias-full-prior1	rw_positive_bias	full	1.0	none	False	sub-138	computer	gamma	0.3313572339856721	0.11116260732905953	0.14810114226175	0.319652719335	0.5779805394801748
fit-rw_positive_bias-full-prior1	rw_positive_bias	full	1.0	none	False	sub-138	computer	f0	5.095174753617805	3.5938329969688785	0.5790765969448001	4.246591492395	14.278146083837498
fit-rw_positive_bias-full-prior1	rw_positive_bias	full	1.0	none	False	sub-138	computer	epsilon	0.13790555957309028	0.14778131251529453	0.00018932662993377503	0.113696004141	0.5496673925906995
fit-rw_positive_bias-full-prior1	rw_positive_bias	full	1.0	none	False	sub-138	all	acceptance_bias	0.4168460222469613	0.8569727987778354	-1.241945777077	0.4198909641645	2.193874330661499
fit-rw_positive_bias-full-prior1	rw_positive_bias	full	1.0	none	False	sub-138	similar	alpha	1.6310528856728306	1.1284309724937593	0.256126088783225	1.423328269385	4.307739911268496
fit-rw_positive_bias-full-prior1	rw_positive_bias	full	1.0	none	False	sub-138	similar	gamma	0.36463934863070063	0.13259841136236047	0.1550347120931	0.3487508477405	0.66572138860695
fit-rw_positive_bias-full-prior1	rw_positive_bias	full	1.0	none	False	sub-138	similar	f0	5.109852423514509	3.554310381159304	0.578879909054125	4.320999626065	14.019771057432484
fit-rw_positive_bias-full-prior1	rw_positive_bias	full	1.0	none	False	sub-138	similar	epsilon	0.16139802746019766	0.16052060407544802	0.00020054996738672501	0.137904855946	0.5833705271658232
fit-rw_positive_bias-full-prior1	rw_positive_bias	full	1.0	none	False	sub-138	dissimilar	alpha	1.6424864663129883	1.1331578303738663	0.263342722577825	1.423828260235	4.346069050810749
fit-rw_positive_bias-full-prior1	rw_positive_bias	full	1.0	none	False	sub-138	dissimilar	gamma	0.4496814945339548	0.17596271105660702	0.169105004146225	0.42910954671949997	0.8461145869906733
fit-rw_positive_bias-full-prior1	rw_positive_bias	full	1.0	none	False	sub-138	dissimilar	f0	5.128977508145425	3.5460840519425174	0.5762861144623	4.35948844058	14.08404384952249
fit-rw_positive_bias-full-prior1	rw_positive_bias	full	1.0	none	False	sub-138	dissimilar	epsilon	0.1619708158748049	0.1627258273855251	0.000203256973230625	0.134751359156	0.5966275255690247
fit-rw_positive_bias-full-prior1	rw_positive_bias	full	1.0	none	False	sub-140	computer	alpha	1.5436005469352392	1.1097758756467992	0.25070039289135004	1.3023625294699999	4.253330378241499
fit-rw_positive_bias-full-prior1	rw_positive_bias	full	1.0	none	False	sub-140	computer	gamma	0.34936930705155844	0.13213702495671284	0.131440354183825	0.33631087094900003	0.6451701667527248
fit-rw_positive_bias-full-prior1	rw_positive_bias	full	1.0	none	False	sub-140	computer	f0	5.721356576252226	3.5141305371404474	0.70382998112715	5.0526241149899995	14.706540296969994
fit-rw_positive_bias-full-prior1	rw_positive_bias	full	1.0	none	False	sub-140	computer	epsilon	0.10968410617136681	0.16123510053058368	8.086981939574e-05	0.0166387937301	0.5362185982007499
fit-rw_positive_bias-full-prior1	rw_positive_bias	full	1.0	none	False	sub-140	all	acceptance_bias	0.6996209234108225	0.9434827534621886	-0.9207898916110749	0.61024842745	2.8516225205409986
fit-rw_positive_bias-full-prior1	rw_positive_bias	full	1.0	none	False	sub-140	similar	alpha	1.428067424746908	0.9551690865508559	0.24925272602105	1.2518706049000001	3.6780676501212453
fit-rw_positive_bias-full-prior1	rw_positive_bias	full	1.0	none	False	sub-140	similar	gamma	0.5140195096851788	0.21218010643581608	0.17672441586345	0.490028274589	0.9895132954176487
fit-rw_positive_bias-full-prior1	rw_positive_bias	full	1.0	none	False	sub-140	similar	f0	5.736196570876188	3.489843935144593	0.698967819616175	5.10328801192	14.553392324654972
fit-rw_positive_bias-full-prior1	rw_positive_bias	full	1.0	none	False	sub-140	similar	epsilon	0.11495198727334784	0.1667092074286016	8.51351474620675e-05	0.01722197423355	0.5456775384080749
fit-rw_positive_bias-full-prior1	rw_positive_bias	full	1.0	none	False	sub-140	dissimilar	alpha	1.4597730507029278	0.9835769890089732	0.2536616671804	1.27096980544	3.848773801492497
fit-rw_positive_bias-full-prior1	rw_positive_bias	full	1.0	none	False	sub-140	dissimilar	gamma	0.32815370744626043	0.1210073409417331	0.133756235359175	0.3135930396365	0.6008730481400745
fit-rw_positive_bias-full-prior1	rw_positive_bias	full	1.0	none	False	sub-140	dissimilar	f0	5.782343740194973	3.5165488893271175	0.708460225287975	5.14048121088	14.625873475479988
fit-rw_positive_bias-full-prior1	rw_positive_bias	full	1.0	none	False	sub-140	dissimilar	epsilon	0.11700940391922898	0.16951032107120467	9.0044550475575e-05	0.0179604594218	0.5582819065737243
fit-rw_positive_bias-full-prior1	rw_positive_bias	full	1.0	none	False	sub-141	computer	alpha	1.6071215960361378	1.4847725911887724	0.170365140039275	1.2397004393	5.078678312601997
fit-rw_positive_bias-full-prior1	rw_positive_bias	full	1.0	none	False	sub-141	computer	gamma	0.24393640367897843	0.1555469214126774	0.04584140624174	0.2100053911575	0.6400712531831749
fit-rw_positive_bias-full-prior1	rw_positive_bias	full	1.0	none	False	sub-141	computer	f0	5.4847227458054135	4.563385384623769	0.43698205111625	3.903357162335	16.542360971704998
fit-rw_positive_bias-full-prior1	rw_positive_bias	full	1.0	none	False	sub-141	computer	epsilon	0.09040711525758285	0.19917975047542022	5.11487543600775e-05	0.006953073275265	0.8143946653067492
fit-rw_positive_bias-full-prior1	rw_positive_bias	full	1.0	none	False	sub-141	all	acceptance_bias	4.199168615032184	1.0899204620614165	2.2826116990724996	4.1193949296	6.5461829741595
fit-rw_positive_bias-full-prior1	rw_positive_bias	full	1.0	none	False	sub-141	similar	alpha	1.49078249948211	1.3440178384180153	0.16461589298892498	1.2006734909799999	4.529656204371989
fit-rw_positive_bias-full-prior1	rw_positive_bias	full	1.0	none	False	sub-141	similar	gamma	0.3278598121472754	0.2555575436675936	0.051584407481645	0.2611994264565	0.9929091497603743
fit-rw_positive_bias-full-prior1	rw_positive_bias	full	1.0	none	False	sub-141	similar	f0	5.46804511513195	4.5377908155403714	0.44328465276065	3.8920040020849997	16.499722238642498
fit-rw_positive_bias-full-prior1	rw_positive_bias	full	1.0	none	False	sub-141	similar	epsilon	0.09371980606750027	0.20322487523203753	5.6192394934910004e-05	0.007497555573535	0.8225683223512995
fit-rw_positive_bias-full-prior1	rw_positive_bias	full	1.0	none	False	sub-141	dissimilar	alpha	1.5186188533871463	1.3613944848426367	0.17035271533774998	1.21191999954	4.640919457896748
fit-rw_positive_bias-full-prior1	rw_positive_bias	full	1.0	none	False	sub-141	dissimilar	gamma	0.31588524346276425	0.2440375399808518	0.048720627914985	0.25223830468450004	0.9524553782667249
fit-rw_positive_bias-full-prior1	rw_positive_bias	full	1.0	none	False	sub-141	dissimilar	f0	5.489441126654858	4.53898679608789	0.441999152863925	3.930784517825	16.4946523495525
fit-rw_positive_bias-full-prior1	rw_positive_bias	full	1.0	none	False	sub-141	dissimilar	epsilon	0.09579950068101759	0.20536808582858262	5.8689352306165e-05	0.00789178980518	0.8278739836060749
fit-rw_positive_bias-full-prior1	rw_positive_bias	full	1.0	none	False	sub-142	computer	alpha	1.3893258392891341	1.3251930026670518	0.182939602408075	1.0295556111900002	4.508382162971999
fit-rw_positive_bias-full-prior1	rw_positive_bias	full	1.0	none	False	sub-142	computer	gamma	0.8431014320465621	0.8053072586598801	0.15778837626125	0.614225336942	2.9295091800572437
fit-rw_positive_bias-full-prior1	rw_positive_bias	full	1.0	none	False	sub-142	computer	f0	9.640608919495477	4.873963169371989	1.4637502877897501	9.99725205195	18.2042739878775
fit-rw_positive_bias-full-prior1	rw_positive_bias	full	1.0	none	False	sub-142	computer	epsilon	0.09223945875825268	0.12243392667112889	6.860686752986e-05	0.054982156678750005	0.42085638108192436
fit-rw_positive_bias-full-prior1	rw_positive_bias	full	1.0	none	False	sub-142	all	acceptance_bias	4.223698544462693	1.6568524295793121	1.1621200295565	4.14360269903	7.746560485864495
fit-rw_positive_bias-full-prior1	rw_positive_bias	full	1.0	none	False	sub-142	similar	alpha	1.3213754774514401	1.174626602133241	0.19198958701867502	1.023658029815	4.018559722439748
fit-rw_positive_bias-full-prior1	rw_positive_bias	full	1.0	none	False	sub-142	similar	gamma	1.3366662248446446	1.4068986512488195	0.23664086606760001	0.9425586935470001	4.84390985006599
fit-rw_positive_bias-full-prior1	rw_positive_bias	full	1.0	none	False	sub-142	similar	f0	9.720772591794368	4.796268583150144	1.623325556653	10.070367784750001	18.150177572152497
fit-rw_positive_bias-full-prior1	rw_positive_bias	full	1.0	none	False	sub-142	similar	epsilon	0.08708848528628456	0.1085252399995777	7.57235592552175e-05	0.058467434792	0.3612096392507744
fit-rw_positive_bias-full-prior1	rw_positive_bias	full	1.0	none	False	sub-142	dissimilar	alpha	1.3296517003332928	1.2075925078572176	0.19000017340907502	1.02348110818	4.094288405449498
fit-rw_positive_bias-full-prior1	rw_positive_bias	full	1.0	none	False	sub-142	dissimilar	gamma	0.9005542846338351	0.8356145422300274	0.16505956499222502	0.6582877323695	3.0580330731877496
fit-rw_positive_bias-full-prior1	rw_positive_bias	full	1.0	none	False	sub-142	dissimilar	f0	9.729098145152687	4.814530862291141	1.5941641642755	10.101427813499999	18.18379623345
fit-rw_positive_bias-full-prior1	rw_positive_bias	full	1.0	none	False	sub-142	dissimilar	epsilon	0.09083975348004583	0.11582616507158158	7.842317993395251e-05	0.05725884622595	0.3903013725612249
fit-rw_positive_bias-full-prior1	rw_positive_bias	full	1.0	none	False	sub-143	computer	alpha	1.8053895430634581	1.427946138080406	0.27034966937005	1.45042935194	5.371176668074748
fit-rw_positive_bias-full-prior1	rw_positive_bias	full	1.0	none	False	sub-143	computer	gamma	0.8989788143780751	0.4306769264683539	0.306619109614175	0.818758223736	1.93939803103175
fit-rw_positive_bias-full-prior1	rw_positive_bias	full	1.0	none	False	sub-143	computer	f0	4.89631190994925	2.2844892588625783	1.7922634113384999	4.41583351416	11.03951373527999
fit-rw_positive_bias-full-prior1	rw_positive_bias	full	1.0	none	False	sub-143	computer	epsilon	0.01190875572699336	0.030998408413988925	5.3203897413365e-05	0.004695768732225001	0.062026745913097446
fit-rw_positive_bias-full-prior1	rw_positive_bias	full	1.0	none	False	sub-143	all	acceptance_bias	2.2996463957971662	1.7172209558768095	-1.17811831811675	2.306300688795	5.760891537890742
fit-rw_positive_bias-full-prior1	rw_positive_bias	full	1.0	none	False	sub-143	similar	alpha	1.6334317457694318	1.2448080496916223	0.265129105014825	1.3624923825300002	4.686169497315746
fit-rw_positive_bias-full-prior1	rw_positive_bias	full	1.0	none	False	sub-143	similar	gamma	0.9395684548449064	0.5166418424913829	0.300802175005475	0.8190155021109999	2.2866681196094993
fit-rw_positive_bias-full-prior1	rw_positive_bias	full	1.0	none	False	sub-143	similar	f0	4.8600637118863155	2.2516236166595744	1.7409781521625	4.4021359414550005	10.854473759204994
fit-rw_positive_bias-full-prior1	rw_positive_bias	full	1.0	none	False	sub-143	similar	epsilon	0.012765455776282157	0.03290939854207334	5.88461773199025e-05	0.004993875941785	0.069266652438445
fit-rw_positive_bias-full-prior1	rw_positive_bias	full	1.0	none	False	sub-143	dissimilar	alpha	1.6960194727514293	1.2609309217295173	0.28612047754750003	1.41472455691	4.787838684618247
fit-rw_positive_bias-full-prior1	rw_positive_bias	full	1.0	none	False	sub-143	dissimilar	gamma	1.1273971160747978	0.5326162242618395	0.390141882356225	1.029145343865	2.436461165724247
fit-rw_positive_bias-full-prior1	rw_positive_bias	full	1.0	none	False	sub-143	dissimilar	f0	4.953994262707564	2.243492764803552	1.79149180412675	4.508181863135	10.888799901985
fit-rw_positive_bias-full-prior1	rw_positive_bias	full	1.0	none	False	sub-143	dissimilar	epsilon	0.013640476037663883	0.03366931208087889	6.081515969338501e-05	0.00529955739004	0.07353663886758731
fit-rw_positive_bias-full-prior1	rw_positive_bias	full	1.0	none	False	sub-144	computer	alpha	4.462228190942302	6.26590704411237	0.879626179691	3.00821340228	16.691588626174944
fit-rw_positive_bias-full-prior1	rw_positive_bias	full	1.0	none	False	sub-144	computer	gamma	1.9810230443751322	1.4942518247475671	0.44604523428090004	1.59849448279	5.8140208033689875
fit-rw_positive_bias-full-prior1	rw_positive_bias	full	1.0	none	False	sub-144	computer	f0	11.13291780462102	2.2366625491519443	8.24035879784425	10.63211629325	16.929025361134997
fit-rw_positive_bias-full-prior1	rw_positive_bias	full	1.0	none	False	sub-144	computer	epsilon	0.0011516981449506698	0.0012467417912159085	2.0326053977217503e-05	0.0007406603111935	0.00460210315169625
fit-rw_positive_bias-full-prior1	rw_positive_bias	full	1.0	none	False	sub-144	all	acceptance_bias	1.235255143862941	2.1689630122914374	-3.0285121132460002	1.2248987814099999	5.579280320623744
fit-rw_positive_bias-full-prior1	rw_positive_bias	full	1.0	none	False	sub-144	similar	alpha	4.201388701711366	5.62915901047156	0.8667303030046001	2.7589184098799997	15.96539348084489
fit-rw_positive_bias-full-prior1	rw_positive_bias	full	1.0	none	False	sub-144	similar	gamma	2.907267873491253	2.595892157296534	0.550269876357125	2.2155863278699996	9.274498369846995
fit-rw_positive_bias-full-prior1	rw_positive_bias	full	1.0	none	False	sub-144	similar	f0	11.125374174561143	2.211441872523817	8.19513419163925	10.68930186745	16.785086260409997
fit-rw_positive_bias-full-prior1	rw_positive_bias	full	1.0	none	False	sub-144	similar	epsilon	0.0012713952953478538	0.0014117748667884587	2.1820453625955e-05	0.0007968571584625001	0.005115759394971237
fit-rw_positive_bias-full-prior1	rw_positive_bias	full	1.0	none	False	sub-144	dissimilar	alpha	4.242942713659661	5.705968990881884	0.93542796065335	2.896449008765	15.158117125752497
fit-rw_positive_bias-full-prior1	rw_positive_bias	full	1.0	none	False	sub-144	dissimilar	gamma	2.0518968770177994	1.6785351400674766	0.44286401273995	1.616544362045	6.331968108657746
fit-rw_positive_bias-full-prior1	rw_positive_bias	full	1.0	none	False	sub-144	dissimilar	f0	11.28529465838042	2.1080142815243033	8.536305834673	10.843093606850001	16.711819498632472
fit-rw_positive_bias-full-prior1	rw_positive_bias	full	1.0	none	False	sub-144	dissimilar	epsilon	0.001258810834954528	0.0013566120692690517	2.33133642586775e-05	0.000829486325463	0.0048475037396344895
fit-rw_positive_bias-full-prior1	rw_positive_bias	full	1.0	none	False	sub-147	computer	alpha	4.4736862252600424	3.545240100460121	1.00294040073875	3.498624069685	13.523118587597477
fit-rw_positive_bias-full-prior1	rw_positive_bias	full	1.0	none	False	sub-147	computer	gamma	0.3663732751558561	0.14333836503164996	0.1351952510064	0.352032880799	0.6939576007713999
fit-rw_positive_bias-full-prior1	rw_positive_bias	full	1.0	none	False	sub-147	computer	f0	3.1296151429323498	1.1710824132675304	0.824433469897875	3.1895129890750002	5.390144736930247
fit-rw_positive_bias-full-prior1	rw_positive_bias	full	1.0	none	False	sub-147	computer	epsilon	0.010573153660370144	0.011935034239627012	9.01070385875075e-05	0.007238036473055	0.0402384704165625
fit-rw_positive_bias-full-prior1	rw_positive_bias	full	1.0	none	False	sub-147	all	acceptance_bias	1.1650077093104463	0.9431443496985461	-0.602764359880825	1.149572090805	3.058205783892499
fit-rw_positive_bias-full-prior1	rw_positive_bias	full	1.0	none	False	sub-147	similar	alpha	4.387049367401987	3.5431291314683597	1.013512012928	3.37748618013	13.690330108537498
fit-rw_positive_bias-full-prior1	rw_positive_bias	full	1.0	none	False	sub-147	similar	gamma	0.4353715375786116	0.1555459426580227	0.177476645047975	0.41946261364549997	0.7851931183402747
fit-rw_positive_bias-full-prior1	rw_positive_bias	full	1.0	none	False	sub-147	similar	f0	3.160177257923851	1.1629203815314342	0.827418437592675	3.214347723845	5.411715283466247
fit-rw_positive_bias-full-prior1	rw_positive_bias	full	1.0	none	False	sub-147	similar	epsilon	0.011990987375131672	0.013041586197112827	9.413296982277001e-05	0.007939441003655	0.0453590879123025
fit-rw_positive_bias-full-prior1	rw_positive_bias	full	1.0	none	False	sub-147	dissimilar	alpha	4.313022453133727	3.461515619335772	1.01534497822325	3.34063532309	13.209542301357486
fit-rw_positive_bias-full-prior1	rw_positive_bias	full	1.0	none	False	sub-147	dissimilar	gamma	0.5224683945382707	0.27756274459151614	0.146995504363475	0.4683144941015	1.199674750982498
fit-rw_positive_bias-full-prior1	rw_positive_bias	full	1.0	none	False	sub-147	dissimilar	f0	3.138402073839404	1.1524880375807942	0.817065656760425	3.188949610625	5.346951985128251
fit-rw_positive_bias-full-prior1	rw_positive_bias	full	1.0	none	False	sub-147	dissimilar	epsilon	0.011869821802248492	0.012764753788754338	0.00010079154776965001	0.008169039933120001	0.04391715728268998
fit-rw_positive_bias-full-prior1	rw_positive_bias	full	1.0	none	False	sub-149	computer	alpha	2.6599779301336643	4.429835745390025	0.19717720545455	1.6754453896600001	11.377367385182499
fit-rw_positive_bias-full-prior1	rw_positive_bias	full	1.0	none	False	sub-149	computer	gamma	2.7882219943205673	2.3963559920814466	0.552329460330275	2.127607374335	8.944332234562243
fit-rw_positive_bias-full-prior1	rw_positive_bias	full	1.0	none	False	sub-149	computer	f0	4.229876489985184	2.869123567868244	1.466672130317	3.11447786042	12.21020684427
fit-rw_positive_bias-full-prior1	rw_positive_bias	full	1.0	none	False	sub-149	computer	epsilon	0.006891202162079554	0.03311437066632624	1.65425547852225e-05	0.000864613437584	0.05002712021478741
fit-rw_positive_bias-full-prior1	rw_positive_bias	full	1.0	none	False	sub-149	all	acceptance_bias	2.0249101678372616	2.3463028847512324	-2.4331780520202497	2.01038630353	6.716740824761496
fit-rw_positive_bias-full-prior1	rw_positive_bias	full	1.0	none	False	sub-149	similar	alpha	2.4744436136094663	4.0041659463405574	0.19537699712124998	1.595296804325	10.782312875624987
fit-rw_positive_bias-full-prior1	rw_positive_bias	full	1.0	none	False	sub-149	similar	gamma	3.7967597701512883	3.721359611778627	0.5922329458775499	2.74937264097	13.466556074694992
fit-rw_positive_bias-full-prior1	rw_positive_bias	full	1.0	none	False	sub-149	similar	f0	4.241690601999165	2.817397111319813	1.4835431317585	3.1633137119150003	12.140331301882485
fit-rw_positive_bias-full-prior1	rw_positive_bias	full	1.0	none	False	sub-149	similar	epsilon	0.0073751769209633505	0.03463404872313137	1.88379007066975e-05	0.0009307693036655	0.05441708035162498
fit-rw_positive_bias-full-prior1	rw_positive_bias	full	1.0	none	False	sub-149	dissimilar	alpha	2.517282785337209	4.123912276630321	0.223079586735625	1.6655449499500001	10.443166396729996
fit-rw_positive_bias-full-prior1	rw_positive_bias	full	1.0	none	False	sub-149	dissimilar	gamma	3.132450965016892	2.9255651911379705	0.65657114359025	2.2816172659	10.555413060472498
fit-rw_positive_bias-full-prior1	rw_positive_bias	full	1.0	none	False	sub-149	dissimilar	f0	4.360958623434981	2.780180790862052	1.4489543146975	3.3309903104	11.97912039986
fit-rw_positive_bias-full-prior1	rw_positive_bias	full	1.0	none	False	sub-149	dissimilar	epsilon	0.007111470613344076	0.03290292960646919	1.900915907662e-05	0.0009645865812145001	0.049130683340342395
fit-rw_positive_bias-full-prior1	rw_positive_bias	full	1.0	none	False	sub-150	computer	alpha	1.6211060119504206	1.1264265762215737	0.41594554344495	1.338926312265	4.441710333231999
fit-rw_positive_bias-full-prior1	rw_positive_bias	full	1.0	none	False	sub-150	computer	gamma	0.7800373387280988	0.33870417182767404	0.27740136897062495	0.7271096345435	1.5770906772704993
fit-rw_positive_bias-full-prior1	rw_positive_bias	full	1.0	none	False	sub-150	computer	f0	10.615061026089467	2.6401836018318603	6.11185975621375	10.2702184474	16.79797965834249
fit-rw_positive_bias-full-prior1	rw_positive_bias	full	1.0	none	False	sub-150	computer	epsilon	0.049562291356749145	0.034634719424974494	0.004408129691401251	0.04199957929445	0.13450413880542497
fit-rw_positive_bias-full-prior1	rw_positive_bias	full	1.0	none	False	sub-150	all	acceptance_bias	2.995383349396769	1.366037299978614	0.6196454680937	2.88167350223	6.002795568490247
fit-rw_positive_bias-full-prior1	rw_positive_bias	full	1.0	none	False	sub-150	similar	alpha	1.4711406938475733	0.9204875359944806	0.41765639671125	1.26913296971	3.710043932652745
fit-rw_positive_bias-full-prior1	rw_positive_bias	full	1.0	none	False	sub-150	similar	gamma	0.6120877934533824	0.24631163375681422	0.24089277838737502	0.574442929419	1.196481822421998
fit-rw_positive_bias-full-prior1	rw_positive_bias	full	1.0	none	False	sub-150	similar	f0	10.665840211584802	2.5485083519806397	6.26870082219875	10.34400470065	16.754185373019986
fit-rw_positive_bias-full-prior1	rw_positive_bias	full	1.0	none	False	sub-150	similar	epsilon	0.048956652721164375	0.03356075495460015	0.00537683915422125	0.0421954605522	0.130713659838875
fit-rw_positive_bias-full-prior1	rw_positive_bias	full	1.0	none	False	sub-150	dissimilar	alpha	1.530210112549098	0.9631954129875119	0.44791014798765005	1.3103290931	3.883596058355999
fit-rw_positive_bias-full-prior1	rw_positive_bias	full	1.0	none	False	sub-150	dissimilar	gamma	1.3533127591678433	0.7203430717815513	0.408854398712575	1.20043084942	3.1682416940519973
fit-rw_positive_bias-full-prior1	rw_positive_bias	full	1.0	none	False	sub-150	dissimilar	f0	10.715076468188428	2.537246453193207	6.323977633521251	10.399287304649999	16.726245525787498
fit-rw_positive_bias-full-prior1	rw_positive_bias	full	1.0	none	False	sub-150	dissimilar	epsilon	0.04820580439518378	0.028749185407866362	0.0057205551326145	0.0433007512268	0.11663499448409995
fit-rw_positive_bias-full-prior1	rw_positive_bias	full	1.0	none	False	sub-151	computer	alpha	2.563988674303744	2.1084757992358187	0.54681740265995	2.0642951907300002	7.58193895205548
fit-rw_positive_bias-full-prior1	rw_positive_bias	full	1.0	none	False	sub-151	computer	gamma	0.9855139999515048	0.48655957675174555	0.32585888517739997	0.8895266611774999	2.210515288447748
fit-rw_positive_bias-full-prior1	rw_positive_bias	full	1.0	none	False	sub-151	computer	f0	9.127130904643517	2.5030236203939733	6.01124492448025	8.495893705105	15.908651180622485
fit-rw_positive_bias-full-prior1	rw_positive_bias	full	1.0	none	False	sub-151	computer	epsilon	0.0012703378268649045	0.0017167061033585322	1.6317262483225e-05	0.0006818986511600001	0.005968918574736495
fit-rw_positive_bias-full-prior1	rw_positive_bias	full	1.0	none	False	sub-151	all	acceptance_bias	1.2509163795746865	2.0537448311113367	-2.73156831959	1.2139060214450001	5.351919463430997
fit-rw_positive_bias-full-prior1	rw_positive_bias	full	1.0	none	False	sub-151	similar	alpha	2.451317300125125	1.9401561018135598	0.5798315373658249	2.01107754556	7.113510182792243
fit-rw_positive_bias-full-prior1	rw_positive_bias	full	1.0	none	False	sub-151	similar	gamma	1.120726396200006	0.5396579854851062	0.386160083727425	1.012808569265	2.46576010531525
fit-rw_positive_bias-full-prior1	rw_positive_bias	full	1.0	none	False	sub-151	similar	f0	9.312074121106663	2.3753155623092495	6.3425089874415	8.736292331345	15.801257112887491
fit-rw_positive_bias-full-prior1	rw_positive_bias	full	1.0	none	False	sub-151	similar	epsilon	0.0013407967483352531	0.0017369906570477974	1.74700121760675e-05	0.0007350389171174999	0.006174371996609999
fit-rw_positive_bias-full-prior1	rw_positive_bias	full	1.0	none	False	sub-151	dissimilar	alpha	2.4386243635172464	1.9380901764467702	0.5553628529086	1.99169464233	7.158932453506745
fit-rw_positive_bias-full-prior1	rw_positive_bias	full	1.0	none	False	sub-151	dissimilar	gamma	1.2802760963402424	0.7655256077881603	0.369686961611375	1.1025279344149999	3.2413341099147495
fit-rw_positive_bias-full-prior1	rw_positive_bias	full	1.0	none	False	sub-151	dissimilar	f0	9.230758151472097	2.421813701984673	6.189271725982	8.63933011627	15.879793192594995
fit-rw_positive_bias-full-prior1	rw_positive_bias	full	1.0	none	False	sub-151	dissimilar	epsilon	0.0014206229965683939	0.0018972547367929788	1.84324535294475e-05	0.0007621999488635	0.0065826404630647435
fit-rw_positive_bias-full-prior1	rw_positive_bias	full	1.0	none	False	sub-152	computer	alpha	1.5940961800462237	1.4720540969962521	0.15893186943325002	1.24444128003	4.987828851358496
fit-rw_positive_bias-full-prior1	rw_positive_bias	full	1.0	none	False	sub-152	computer	gamma	0.44654298900816075	0.3153773312764837	0.0762545092116025	0.366513637005	1.2796583554472498
fit-rw_positive_bias-full-prior1	rw_positive_bias	full	1.0	none	False	sub-152	computer	f0	4.976302811672531	3.943782740792686	0.430449224855925	3.90178352115	15.05265019296
fit-rw_positive_bias-full-prior1	rw_positive_bias	full	1.0	none	False	sub-152	computer	epsilon	0.13197806275693505	0.2357970148396247	7.4692658213155e-05	0.01265454492155	0.8416549695023748
fit-rw_positive_bias-full-prior1	rw_positive_bias	full	1.0	none	False	sub-152	all	acceptance_bias	3.8314438074521617	1.3111041313408993	1.36973875240375	3.784296125015	6.612731584415999
fit-rw_positive_bias-full-prior1	rw_positive_bias	full	1.0	none	False	sub-152	similar	alpha	1.4700433521841727	1.331352887971029	0.157288138905625	1.191970814955	4.446378621141245
fit-rw_positive_bias-full-prior1	rw_positive_bias	full	1.0	none	False	sub-152	similar	gamma	0.5783187460570651	0.4798810979486182	0.08787857798380751	0.4437918056845	1.8493077079804994
fit-rw_positive_bias-full-prior1	rw_positive_bias	full	1.0	none	False	sub-152	similar	f0	4.958276099810001	3.924770776956324	0.435162295210175	3.895503418165	14.96667756695999
fit-rw_positive_bias-full-prior1	rw_positive_bias	full	1.0	none	False	sub-152	similar	epsilon	0.13812904885954977	0.24519268855207574	7.911650649980251e-05	0.013017423936699999	0.8652812176531749
fit-rw_positive_bias-full-prior1	rw_positive_bias	full	1.0	none	False	sub-152	dissimilar	alpha	1.4985856260499062	1.336802358297313	0.161410370374725	1.2076423431849999	4.581069049335745
fit-rw_positive_bias-full-prior1	rw_positive_bias	full	1.0	none	False	sub-152	dissimilar	gamma	0.5653287611841364	0.4651008662920347	0.08435542803422501	0.4375495987465	1.7945731487314993
fit-rw_positive_bias-full-prior1	rw_positive_bias	full	1.0	none	False	sub-152	dissimilar	f0	4.985468658270901	3.9341253499233892	0.437565358434425	3.91652844279	14.994290942899996
fit-rw_positive_bias-full-prior1	rw_positive_bias	full	1.0	none	False	sub-152	dissimilar	epsilon	0.14072063190817932	0.2478962978874019	8.3594264211995e-05	0.0138170490118	0.8734316624287999
fit-rw_positive_bias-full-prior1	rw_positive_bias	full	1.0	none	False	sub-153	computer	alpha	2.9052651272546126	1.786274053298895	0.858565651169225	2.51344489957	7.33311367375725
fit-rw_positive_bias-full-prior1	rw_positive_bias	full	1.0	none	False	sub-153	computer	gamma	1.0577478672301326	0.48053092446880347	0.401750622780925	0.972344436827	2.2180734490957477
fit-rw_positive_bias-full-prior1	rw_positive_bias	full	1.0	none	False	sub-153	computer	f0	5.237633295371647	1.420743397492455	2.3112260267617497	5.3467728204050005	7.762535417318249
fit-rw_positive_bias-full-prior1	rw_positive_bias	full	1.0	none	False	sub-153	computer	epsilon	0.05051258326994336	0.03709914137797475	0.00051636632024475	0.044424456535000004	0.1418113205170749
fit-rw_positive_bias-full-prior1	rw_positive_bias	full	1.0	none	False	sub-153	all	acceptance_bias	0.29962164209267705	2.037009252482463	-3.7216178410972502	0.2981336106875	4.330221733138246
fit-rw_positive_bias-full-prior1	rw_positive_bias	full	1.0	none	False	sub-153	similar	alpha	2.6421726251414968	1.633874689583289	0.80504806479285	2.282937985525	6.849804517867749
fit-rw_positive_bias-full-prior1	rw_positive_bias	full	1.0	none	False	sub-153	similar	gamma	1.4883446652012609	0.8392432447297802	0.4137100694203	1.3219967773349999	3.5411017919807493
fit-rw_positive_bias-full-prior1	rw_positive_bias	full	1.0	none	False	sub-153	similar	f0	4.884012312857404	1.3721628821151066	2.3538047566460003	4.90595420881	7.504153092792747
fit-rw_positive_bias-full-prior1	rw_positive_bias	full	1.0	none	False	sub-153	similar	epsilon	0.054679557597798426	0.036805851481818926	0.00054138030681965	0.0508946023555	0.135910735780725
fit-rw_positive_bias-full-prior1	rw_positive_bias	full	1.0	none	False	sub-153	dissimilar	alpha	2.7256961061426517	1.6362985810022441	0.794482436208025	2.37952912123	6.941043008119744
fit-rw_positive_bias-full-prior1	rw_positive_bias	full	1.0	none	False	sub-153	dissimilar	gamma	1.151642434106947	0.5751120851651061	0.403719920701625	1.03837319932	2.582965666623744
fit-rw_positive_bias-full-prior1	rw_positive_bias	full	1.0	none	False	sub-153	dissimilar	f0	4.851210969295212	1.4026350201166649	2.44027240255675	4.8159791981049995	7.80421969529348
fit-rw_positive_bias-full-prior1	rw_positive_bias	full	1.0	none	False	sub-153	dissimilar	epsilon	0.056882942495708674	0.034937774738903346	0.000562421832380425	0.05436567163345	0.13230927087149974
fit-rw_positive_bias-full-prior1	rw_positive_bias	full	1.0	none	False	sub-154	computer	alpha	2.3669172245967096	1.49832838079284	0.7264876975456	1.99966943106	6.180922937484999
fit-rw_positive_bias-full-prior1	rw_positive_bias	full	1.0	none	False	sub-154	computer	gamma	0.4393909042346207	0.18625511749341103	0.16234781394397502	0.409822346713	0.8850834903411996
fit-rw_positive_bias-full-prior1	rw_positive_bias	full	1.0	none	False	sub-154	computer	f0	12.610155292014621	2.573687022573087	9.02723091828225	12.20793808585	18.221723097544995
fit-rw_positive_bias-full-prior1	rw_positive_bias	full	1.0	none	False	sub-154	computer	epsilon	0.00453061128969204	0.047470658492838824	1.2049767620590001e-05	0.000409715465477	0.0037171827405112446
fit-rw_positive_bias-full-prior1	rw_positive_bias	full	1.0	none	False	sub-154	all	acceptance_bias	0.06312623868626117	1.2349758869128753	-2.124685130041	0.011496156312	2.6267429355974925
fit-rw_positive_bias-full-prior1	rw_positive_bias	full	1.0	none	False	sub-154	similar	alpha	2.2383508660984903	1.3080548352551222	0.74584679913015	1.9386106814950002	5.590951238395496
fit-rw_positive_bias-full-prior1	rw_positive_bias	full	1.0	none	False	sub-154	similar	gamma	0.3208604921301179	0.13021949451403625	0.1220944039916	0.3018848324305	0.6302698236451499
fit-rw_positive_bias-full-prior1	rw_positive_bias	full	1.0	none	False	sub-154	similar	f0	12.819370467547904	2.4417805052124457	9.29427007858975	12.48063364845	18.1458726733575
fit-rw_positive_bias-full-prior1	rw_positive_bias	full	1.0	none	False	sub-154	similar	epsilon	0.0047616745783066634	0.04996141280941741	1.3208740185450002e-05	0.00044397684993400003	0.003709671570210238
fit-rw_positive_bias-full-prior1	rw_positive_bias	full	1.0	none	False	sub-154	dissimilar	alpha	2.3151571627483483	1.4007771669987839	0.802743795210875	1.9875517622999999	5.880766503756243
fit-rw_positive_bias-full-prior1	rw_positive_bias	full	1.0	none	False	sub-154	dissimilar	gamma	0.8581098819312312	0.47161804559467513	0.26144056996515	0.757659465136	2.0537670343439998
fit-rw_positive_bias-full-prior1	rw_positive_bias	full	1.0	none	False	sub-154	dissimilar	f0	12.838286208323096	2.4247639844315314	9.479295527995001	12.45679853555	18.18232857133
fit-rw_positive_bias-full-prior1	rw_positive_bias	full	1.0	none	False	sub-154	dissimilar	epsilon	0.004774080649164309	0.049524002010485485	1.3989095881429999e-05	0.0004631340996495	0.0036627827503604884
fit-rw_positive_bias-full-prior1	rw_positive_bias	full	1.0	none	False	sub-155	computer	alpha	6.567979131196274	10.271855819505548	1.1976031664555	3.80731208517	28.561976511239987
fit-rw_positive_bias-full-prior1	rw_positive_bias	full	1.0	none	False	sub-155	computer	gamma	3.2092309934805443	3.2467093025360367	0.52986060957195	2.371067812575	11.093539178022489
fit-rw_positive_bias-full-prior1	rw_positive_bias	full	1.0	none	False	sub-155	computer	f0	12.76512694316077	2.0806270183616165	9.97471396762225	12.34842870525	17.818972147269996
fit-rw_positive_bias-full-prior1	rw_positive_bias	full	1.0	none	False	sub-155	computer	epsilon	0.0008552102774003315	0.0008721739532669213	1.5271244005355e-05	0.000567685112961	0.0031933693156942482
fit-rw_positive_bias-full-prior1	rw_positive_bias	full	1.0	none	False	sub-155	all	acceptance_bias	1.5309506529888477	2.272151682180819	-2.95719300405825	1.509128726295	6.070285097133999
fit-rw_positive_bias-full-prior1	rw_positive_bias	full	1.0	none	False	sub-155	similar	alpha	6.2923127468024065	10.054773477342556	1.22141278029275	3.5975807512399998	27.50145284944985
fit-rw_positive_bias-full-prior1	rw_positive_bias	full	1.0	none	False	sub-155	similar	gamma	4.172466995387269	4.342287292438983	0.6156411881068	2.95210788102	15.28876425783748
fit-rw_positive_bias-full-prior1	rw_positive_bias	full	1.0	none	False	sub-155	similar	f0	12.850130288797349	2.055670035509423	9.943820489976	12.5196348483	17.7182194923575
fit-rw_positive_bias-full-prior1	rw_positive_bias	full	1.0	none	False	sub-155	similar	epsilon	0.0008996638406408889	0.0008948731624692445	1.61747548379925e-05	0.0006089648671535	0.003307843276076744
fit-rw_positive_bias-full-prior1	rw_positive_bias	full	1.0	none	False	sub-155	dissimilar	alpha	6.29887127839795	9.98708082541534	1.24602854645125	3.63773929184	27.077912310367452
fit-rw_positive_bias-full-prior1	rw_positive_bias	full	1.0	none	False	sub-155	dissimilar	gamma	3.872859237912534	4.3824859207307805	0.561421381752175	2.698403066755	14.436790791782467
fit-rw_positive_bias-full-prior1	rw_positive_bias	full	1.0	none	False	sub-155	dissimilar	f0	12.871450963076068	2.033125394666995	9.996754891069001	12.538127482899998	17.724809274767498
fit-rw_positive_bias-full-prior1	rw_positive_bias	full	1.0	none	False	sub-155	dissimilar	epsilon	0.0009944429598602608	0.001082066938571024	1.7531032658200002e-05	0.000639495334231	0.0038772756088724983
fit-rw_positive_bias-full-prior1	rw_positive_bias	full	1.0	none	False	sub-156	computer	alpha	1.5220277291506477	1.9564855428724177	0.12739468247555003	1.145313473915	4.9133136370855
fit-rw_positive_bias-full-prior1	rw_positive_bias	full	1.0	none	False	sub-156	computer	gamma	0.8906795350357355	1.4547289514413357	0.07927145722828	0.501334053646	4.216222686865747
fit-rw_positive_bias-full-prior1	rw_positive_bias	full	1.0	none	False	sub-156	computer	f0	4.357119106688567	3.9306433262306077	0.335015029006175	2.9827642133800003	14.917228381069998
fit-rw_positive_bias-full-prior1	rw_positive_bias	full	1.0	none	False	sub-156	computer	epsilon	0.08532157056393638	0.20627041018828632	4.3448324866965e-05	0.004470263128025	0.8534760335798994
fit-rw_positive_bias-full-prior1	rw_positive_bias	full	1.0	none	False	sub-156	all	acceptance_bias	4.872521590956415	1.7624930227814648	1.4282460089634998	4.8279137295200005	8.539044632592999
fit-rw_positive_bias-full-prior1	rw_positive_bias	full	1.0	none	False	sub-156	similar	alpha	1.4118301386163057	1.9458873397449394	0.125497364452275	1.10743622205	4.4382229701082485
fit-rw_positive_bias-full-prior1	rw_positive_bias	full	1.0	none	False	sub-156	similar	gamma	1.1573337268234907	2.3844114630704403	0.089465961917665	0.6187999040200001	5.704976998854249
fit-rw_positive_bias-full-prior1	rw_positive_bias	full	1.0	none	False	sub-156	similar	f0	4.353278569820114	3.9117255576227525	0.33508517388299996	3.008167908415	14.814481898564985
fit-rw_positive_bias-full-prior1	rw_positive_bias	full	1.0	none	False	sub-156	similar	epsilon	0.08776531129703224	0.20920044003315466	4.7072601561895e-05	0.004834987531555	0.8648747813747495
fit-rw_positive_bias-full-prior1	rw_positive_bias	full	1.0	none	False	sub-156	dissimilar	alpha	1.4401700359461393	1.9786548771701988	0.12758406752217502	1.11901141945	4.492432250038246
fit-rw_positive_bias-full-prior1	rw_positive_bias	full	1.0	none	False	sub-156	dissimilar	gamma	1.0878467103817802	1.757121129339437	0.08614524243487501	0.5941191131804999	5.214153107244744
fit-rw_positive_bias-full-prior1	rw_positive_bias	full	1.0	none	False	sub-156	dissimilar	f0	4.379174762007425	3.9268565748848547	0.34032621052105	3.035703267025	14.968269778377497
fit-rw_positive_bias-full-prior1	rw_positive_bias	full	1.0	none	False	sub-156	dissimilar	epsilon	0.08946159271932551	0.21151194985619198	4.9547073293355e-05	0.0050076647827	0.8720761879388996
fit-rw_positive_bias-full-prior1	rw_positive_bias	full	1.0	none	False	sub-157	computer	alpha	2.5469304718563315	1.5485027007053318	0.785308342940875	2.18559256037	6.45328241687875
fit-rw_positive_bias-full-prior1	rw_positive_bias	full	1.0	none	False	sub-157	computer	gamma	0.5772432367051995	0.21099052517590838	0.2350683001723	0.5514376424085	1.0562354419779998
fit-rw_positive_bias-full-prior1	rw_positive_bias	full	1.0	none	False	sub-157	computer	f0	3.2792448767455764	1.4298531535768393	0.9816640773731	3.178668338195	6.060667044363
fit-rw_positive_bias-full-prior1	rw_positive_bias	full	1.0	none	False	sub-157	computer	epsilon	0.06584244151209764	0.03587386099933067	0.00299435918788725	0.0623981595785	0.14656142973475
fit-rw_positive_bias-full-prior1	rw_positive_bias	full	1.0	none	False	sub-157	all	acceptance_bias	1.0319338381094674	1.1547449935703307	-1.1553920496227499	0.9939699711009999	3.378757112938748
fit-rw_positive_bias-full-prior1	rw_positive_bias	full	1.0	none	False	sub-157	similar	alpha	2.423554160387337	1.4163559518888196	0.79905672647435	2.08555487791	6.008808669034497
fit-rw_positive_bias-full-prior1	rw_positive_bias	full	1.0	none	False	sub-157	similar	gamma	0.7031239315538005	0.29188781314770285	0.26761359907745	0.6572635474255	1.383859009863
fit-rw_positive_bias-full-prior1	rw_positive_bias	full	1.0	none	False	sub-157	similar	f0	3.3324634119225593	1.4539542813196191	0.958547959378075	3.238822129795	6.163948975269997
fit-rw_positive_bias-full-prior1	rw_positive_bias	full	1.0	none	False	sub-157	similar	epsilon	0.07402653373524855	0.03947167790559023	0.0032638447766675004	0.0717622475953	0.15925174457169997
fit-rw_positive_bias-full-prior1	rw_positive_bias	full	1.0	none	False	sub-157	dissimilar	alpha	2.499676866062006	1.4608022415834077	0.794464529103025	2.1736153055800003	6.106769125291991
fit-rw_positive_bias-full-prior1	rw_positive_bias	full	1.0	none	False	sub-157	dissimilar	gamma	0.7589887572858088	0.28823657232326994	0.30823029892295	0.7220615269275	1.4266839272009997
fit-rw_positive_bias-full-prior1	rw_positive_bias	full	1.0	none	False	sub-157	dissimilar	f0	3.362974614937439	1.4674146335338147	0.9613750866645251	3.27585781224	6.240532098829248
fit-rw_positive_bias-full-prior1	rw_positive_bias	full	1.0	none	False	sub-157	dissimilar	epsilon	0.08008600601156994	0.044108121882115416	0.0033724117258327503	0.07727535355090001	0.17403331258519997
fit-rw_positive_bias-full-prior1	rw_positive_bias	full	1.0	none	False	sub-158	computer	alpha	2.3403186934064846	1.4992704602329907	0.73125332179435	1.976027211885	6.104903218665747
fit-rw_positive_bias-full-prior1	rw_positive_bias	full	1.0	none	False	sub-158	computer	gamma	0.5509373681670832	0.2144916805816041	0.21255523951255	0.523520584242	1.0409233380029999
fit-rw_positive_bias-full-prior1	rw_positive_bias	full	1.0	none	False	sub-158	computer	f0	12.865269735815765	2.358528019977376	9.138769400664751	12.55880667945	18.121393606707496
fit-rw_positive_bias-full-prior1	rw_positive_bias	full	1.0	none	False	sub-158	computer	epsilon	0.006178599611449922	0.005103860308181811	0.000119941030515325	0.005139198270890001	0.01881005481392749
fit-rw_positive_bias-full-prior1	rw_positive_bias	full	1.0	none	False	sub-158	all	acceptance_bias	1.3294560373675368	1.7637584929536845	-2.1089351086815	1.303426370335	4.917480639058244
fit-rw_positive_bias-full-prior1	rw_positive_bias	full	1.0	none	False	sub-158	similar	alpha	2.2128830499375334	1.4225789242666982	0.729906773710175	1.86963974725	5.788302690986242
fit-rw_positive_bias-full-prior1	rw_positive_bias	full	1.0	none	False	sub-158	similar	gamma	0.6980756429584346	0.3157654743960548	0.241095576645	0.6436463316734999	1.4626056850387497
fit-rw_positive_bias-full-prior1	rw_positive_bias	full	1.0	none	False	sub-158	similar	f0	12.847039136223637	2.3290445367754846	9.17617907246325	12.52100478255	18.053138409967488
fit-rw_positive_bias-full-prior1	rw_positive_bias	full	1.0	none	False	sub-158	similar	epsilon	0.006139090436800274	0.0046683257628011895	0.0001324064336543	0.0053806220140599995	0.017307966044827493
fit-rw_positive_bias-full-prior1	rw_positive_bias	full	1.0	none	False	sub-158	dissimilar	alpha	2.302373705129596	1.433908658496106	0.7868568467156251	1.96200458511	5.910777460865484
fit-rw_positive_bias-full-prior1	rw_positive_bias	full	1.0	none	False	sub-158	dissimilar	gamma	0.7442119718714912	0.32221921954014093	0.276421661986075	0.6915970548004999	1.5286721344309993
fit-rw_positive_bias-full-prior1	rw_positive_bias	full	1.0	none	False	sub-158	dissimilar	f0	12.97428091305513	2.257958093597446	9.41421889302225	12.6697107418	18.050422442189998
fit-rw_positive_bias-full-prior1	rw_positive_bias	full	1.0	none	False	sub-158	dissimilar	epsilon	0.0060238216466650665	0.004343420529700461	0.00013747766054395002	0.005440804540685001	0.015873448471439993
fit-rw_positive_bias-full-prior1	rw_positive_bias	full	1.0	none	False	sub-159	computer	alpha	2.4152152736071346	1.4750814554990408	0.81872163192055	2.029106570005	6.233955543332983
fit-rw_positive_bias-full-prior1	rw_positive_bias	full	1.0	none	False	sub-159	computer	gamma	0.47483569800323405	0.1890933513129738	0.182107091002125	0.4499011656985	0.9054629720534746
fit-rw_positive_bias-full-prior1	rw_positive_bias	full	1.0	none	False	sub-159	computer	f0	13.575831664393743	2.333153848342078	9.8806304936415	13.27313329635	18.606255061542477
fit-rw_positive_bias-full-prior1	rw_positive_bias	full	1.0	none	False	sub-159	computer	epsilon	0.008740976893377595	0.003977680632939761	0.0024260433173062504	0.008232984423495	0.017891543893824982
fit-rw_positive_bias-full-prior1	rw_positive_bias	full	1.0	none	False	sub-159	all	acceptance_bias	0.8506664544287186	1.1810265876336314	-1.273805469178	0.7573446782235	3.484372024072497
fit-rw_positive_bias-full-prior1	rw_positive_bias	full	1.0	none	False	sub-159	similar	alpha	2.238773502301127	1.2580516422007513	0.81184545662945	1.9339674848350001	5.537581882374237
fit-rw_positive_bias-full-prior1	rw_positive_bias	full	1.0	none	False	sub-159	similar	gamma	0.3571261373827186	0.1299297984780983	0.14573366398117502	0.34227033563700004	0.6511851412133499
fit-rw_positive_bias-full-prior1	rw_positive_bias	full	1.0	none	False	sub-159	similar	f0	13.66610476399649	2.2441194932301443	10.08067582343	13.3963327046	18.53834729943749
fit-rw_positive_bias-full-prior1	rw_positive_bias	full	1.0	none	False	sub-159	similar	epsilon	0.009593148065536218	0.0044428677383687885	0.0026030883175485	0.009001277779145	0.019978943989052495
fit-rw_positive_bias-full-prior1	rw_positive_bias	full	1.0	none	False	sub-159	dissimilar	alpha	2.3104885836890388	1.346732110498791	0.87406985906795	1.9689003508249998	5.81357345483875
fit-rw_positive_bias-full-prior1	rw_positive_bias	full	1.0	none	False	sub-159	dissimilar	gamma	0.8300807558871338	0.40224780602789295	0.275675004107175	0.755169259829	1.812881002395749
fit-rw_positive_bias-full-prior1	rw_positive_bias	full	1.0	none	False	sub-159	dissimilar	f0	13.681196900044466	2.233995011385849	10.1535629182325	13.38987096695	18.551201112734997
fit-rw_positive_bias-full-prior1	rw_positive_bias	full	1.0	none	False	sub-159	dissimilar	epsilon	0.009670344414956763	0.00370929693109848	0.0031490883010337504	0.009373870145765	0.017877420663752492
fit-rw_positive_bias-run1-prior1	rw_positive_bias	run1	1.0	none	False	sub-104	computer	alpha	1.8673759515255088	1.455592525113976	0.15953552462365	1.578916600985	5.392425765699996
fit-rw_positive_bias-run1-prior1	rw_positive_bias	run1	1.0	none	False	sub-104	computer	gamma	1.1387032940711566	1.9012491826250695	0.07685306029503	0.606799935882	5.367204532442742
fit-rw_positive_bias-run1-prior1	rw_positive_bias	run1	1.0	none	False	sub-104	computer	f0	3.0098658780568894	3.220169328840339	0.19554893193555	1.77517032808	12.386255810372495
fit-rw_positive_bias-run1-prior1	rw_positive_bias	run1	1.0	none	False	sub-104	computer	epsilon	0.04350078153339815	0.14731430363916664	5.320895274631001e-05	0.003196256783045	0.6349920198900968
fit-rw_positive_bias-run1-prior1	rw_positive_bias	run1	1.0	none	False	sub-104	all	acceptance_bias	3.723119520468524	1.7753971939969964	0.3817894793814501	3.67716524989	7.425369887534749
fit-rw_positive_bias-run1-prior1	rw_positive_bias	run1	1.0	none	False	sub-104	similar	alpha	1.4067850234544446	1.0427043052329448	0.14221227426915	1.247332505965	3.757817077158
fit-rw_positive_bias-run1-prior1	rw_positive_bias	run1	1.0	none	False	sub-104	similar	gamma	1.431080959700838	2.4075395430794972	0.08946027305430751	0.7483280134575	7.047338958046236
fit-rw_positive_bias-run1-prior1	rw_positive_bias	run1	1.0	none	False	sub-104	similar	f0	3.3873798401559605	3.389578371001934	0.24511019307065	2.11583858928	13.113846566527485
fit-rw_positive_bias-run1-prior1	rw_positive_bias	run1	1.0	none	False	sub-104	similar	epsilon	0.04657804249039513	0.15066076942932122	6.67541743720225e-05	0.0040890721934049995	0.6624079057917441
fit-rw_positive_bias-run1-prior1	rw_positive_bias	run1	1.0	none	False	sub-104	dissimilar	alpha	1.5023996959735524	1.0783897612726414	0.148774248617625	1.33692526657	3.928929526662249
fit-rw_positive_bias-run1-prior1	rw_positive_bias	run1	1.0	none	False	sub-104	dissimilar	gamma	1.50112903290667	2.6858113780700634	0.09625786930976	0.7909192508489999	7.011083927923733
fit-rw_positive_bias-run1-prior1	rw_positive_bias	run1	1.0	none	False	sub-104	dissimilar	f0	3.274797887439792	3.3281624480072987	0.22890059397575	2.03399465846	12.814604198942497
fit-rw_positive_bias-run1-prior1	rw_positive_bias	run1	1.0	none	False	sub-104	dissimilar	epsilon	0.05088292990829814	0.15716120989797838	8.105844311491e-05	0.004794391629445	0.7087220553474474
fit-rw_positive_bias-run1-prior1	rw_positive_bias	run1	1.0	none	False	sub-105	computer	alpha	2.0354662613203205	1.4286908243465424	0.36416250461722505	1.720438307315	5.565693597652743
fit-rw_positive_bias-run1-prior1	rw_positive_bias	run1	1.0	none	False	sub-105	computer	gamma	0.6176126160764691	0.396087307652624	0.19520130471515	0.531344932195	1.5626228869184986
fit-rw_positive_bias-run1-prior1	rw_positive_bias	run1	1.0	none	False	sub-105	computer	f0	8.19353306078763	2.922013825369102	3.10774234358525	7.806402127465001	15.320844169275
fit-rw_positive_bias-run1-prior1	rw_positive_bias	run1	1.0	none	False	sub-105	computer	epsilon	0.02118899247326621	0.055310782973395846	7.46431689497575e-05	0.005574720771855	0.1344643080535247
fit-rw_positive_bias-run1-prior1	rw_positive_bias	run1	1.0	none	False	sub-105	all	acceptance_bias	0.7041336447006179	1.559634981524798	-2.5530082192305	0.7076170247064999	3.765077834434489
fit-rw_positive_bias-run1-prior1	rw_positive_bias	run1	1.0	none	False	sub-105	similar	alpha	1.4644378756966812	0.8759515271560085	0.32487602063985	1.3062092709750002	3.602973746843989
fit-rw_positive_bias-run1-prior1	rw_positive_bias	run1	1.0	none	False	sub-105	similar	gamma	0.4979248300456512	0.20287113204928392	0.19751151625145	0.46504738647599997	0.9837905934943494
fit-rw_positive_bias-run1-prior1	rw_positive_bias	run1	1.0	none	False	sub-105	similar	f0	8.91196031990396	2.9547861173800234	3.546270782606	8.655016671719999	15.717203724339981
fit-rw_positive_bias-run1-prior1	rw_positive_bias	run1	1.0	none	False	sub-105	similar	epsilon	0.026361664443002083	0.0676511498080714	9.0165581975265e-05	0.0070557084648250005	0.17292956119674951
fit-rw_positive_bias-run1-prior1	rw_positive_bias	run1	1.0	none	False	sub-105	dissimilar	alpha	1.5065465735168673	0.9155629235771726	0.3199230152066	1.3454293230149998	3.7146143968954997
fit-rw_positive_bias-run1-prior1	rw_positive_bias	run1	1.0	none	False	sub-105	dissimilar	gamma	0.7279481856121751	0.3605022723050659	0.23762906735060002	0.6545278698865	1.6113403684557492
fit-rw_positive_bias-run1-prior1	rw_positive_bias	run1	1.0	none	False	sub-105	dissimilar	f0	8.44328063817095	2.9703587153091444	3.61283691001125	8.080247309725	15.608255524187499
fit-rw_positive_bias-run1-prior1	rw_positive_bias	run1	1.0	none	False	sub-105	dissimilar	epsilon	0.030275590086298133	0.06744624845279551	0.00011025919044767501	0.008742980479855	0.17312336165877465
fit-rw_positive_bias-run1-prior1	rw_positive_bias	run1	1.0	none	False	sub-106	computer	alpha	3.1609901409127596	2.935602339274197	0.70416053362325	2.4433694961150003	10.201435862444999
fit-rw_positive_bias-run1-prior1	rw_positive_bias	run1	1.0	none	False	sub-106	computer	gamma	2.425436756013546	2.828786781138463	0.449961272657	1.64417849437	9.345899892687486
fit-rw_positive_bias-run1-prior1	rw_positive_bias	run1	1.0	none	False	sub-106	computer	f0	9.762611654539747	2.2461433487963673	6.868610599999	9.26161449224	15.976163091992493
fit-rw_positive_bias-run1-prior1	rw_positive_bias	run1	1.0	none	False	sub-106	computer	epsilon	0.0045928069383378055	0.007336241277434432	4.38721211099675e-05	0.002123943068065	0.022727553822779998
fit-rw_positive_bias-run1-prior1	rw_positive_bias	run1	1.0	none	False	sub-106	all	acceptance_bias	1.0786836521188565	1.9977051509221624	-3.026678794252	1.111129424165	4.98170977279725
fit-rw_positive_bias-run1-prior1	rw_positive_bias	run1	1.0	none	False	sub-106	similar	alpha	2.444581825421306	2.417286196300571	0.6481345910023	1.8512866137150001	8.15938426315248
fit-rw_positive_bias-run1-prior1	rw_positive_bias	run1	1.0	none	False	sub-106	similar	gamma	3.0997625087744964	3.642481751132573	0.561455961824225	2.105762305045	11.818547189039991
fit-rw_positive_bias-run1-prior1	rw_positive_bias	run1	1.0	none	False	sub-106	similar	f0	10.426111229983766	2.2981689938220478	7.04129295906975	10.0535105817	16.370266734984988
fit-rw_positive_bias-run1-prior1	rw_positive_bias	run1	1.0	none	False	sub-106	similar	epsilon	0.006407396546978713	0.010943350661524354	5.57922365419125e-05	0.0026567870114600003	0.03527881373756745
fit-rw_positive_bias-run1-prior1	rw_positive_bias	run1	1.0	none	False	sub-106	dissimilar	alpha	2.485510913167589	2.448966703351855	0.6006716326824	1.9026801632149999	8.318051349987734
fit-rw_positive_bias-run1-prior1	rw_positive_bias	run1	1.0	none	False	sub-106	dissimilar	gamma	3.122417591619801	3.8715111095600125	0.563020469482525	2.075325258385	12.283736572984985
fit-rw_positive_bias-run1-prior1	rw_positive_bias	run1	1.0	none	False	sub-106	dissimilar	f0	9.915373510248745	2.3816549732991743	6.558955909769749	9.457444173715	16.29343676633998
fit-rw_positive_bias-run1-prior1	rw_positive_bias	run1	1.0	none	False	sub-106	dissimilar	epsilon	0.007727290973201504	0.012615141070847739	6.39856588498325e-05	0.0031410767213000002	0.04345391451577996
fit-rw_positive_bias-run1-prior1	rw_positive_bias	run1	1.0	none	False	sub-107	computer	alpha	2.6737143591940975	2.2803262244369797	0.5981114761713751	2.14322507246	7.831000964784249
fit-rw_positive_bias-run1-prior1	rw_positive_bias	run1	1.0	none	False	sub-107	computer	gamma	0.4200758912734516	0.17120217576654254	0.160304840795725	0.39515856998099996	0.8158414613720499
fit-rw_positive_bias-run1-prior1	rw_positive_bias	run1	1.0	none	False	sub-107	computer	f0	10.394041835771311	3.8895306822650717	2.31883911882975	10.57257230935	17.6052350427975
fit-rw_positive_bias-run1-prior1	rw_positive_bias	run1	1.0	none	False	sub-107	computer	epsilon	0.07724347965803374	0.14306388594978975	8.125671559737e-05	0.0065283384023249996	0.5355289910712496
fit-rw_positive_bias-run1-prior1	rw_positive_bias	run1	1.0	none	False	sub-107	all	acceptance_bias	-0.13666917559720748	2.378632271146795	-4.528072051530001	0.07951593528215001	3.9861896501142464
fit-rw_positive_bias-run1-prior1	rw_positive_bias	run1	1.0	none	False	sub-107	similar	alpha	1.9920214336178323	1.8531385410887404	0.438268057173775	1.56970798456	6.106768556643481
fit-rw_positive_bias-run1-prior1	rw_positive_bias	run1	1.0	none	False	sub-107	similar	gamma	0.6146565612495615	0.3603863547769641	0.16633890755545	0.5251083991595	1.4859085660157496
fit-rw_positive_bias-run1-prior1	rw_positive_bias	run1	1.0	none	False	sub-107	similar	f0	10.568529306129847	3.9574801826264197	2.92245411792725	10.6690984297	18.076759679549998
fit-rw_positive_bias-run1-prior1	rw_positive_bias	run1	1.0	none	False	sub-107	similar	epsilon	0.10000099725243936	0.15907065601209688	9.577452796136501e-05	0.00907503682609	0.5112445075028249
fit-rw_positive_bias-run1-prior1	rw_positive_bias	run1	1.0	none	False	sub-107	dissimilar	alpha	2.201117243686214	1.8161095970204577	0.5400306751198499	1.79631517855	6.465660100350499
fit-rw_positive_bias-run1-prior1	rw_positive_bias	run1	1.0	none	False	sub-107	dissimilar	gamma	0.7347899591747997	0.41746383098396933	0.258287823032625	0.646966818739	1.77475398276675
fit-rw_positive_bias-run1-prior1	rw_positive_bias	run1	1.0	none	False	sub-107	dissimilar	f0	10.597770355527842	3.784393396976993	2.75689741335575	10.69023328045	17.851901070797492
fit-rw_positive_bias-run1-prior1	rw_positive_bias	run1	1.0	none	False	sub-107	dissimilar	epsilon	0.0918046576371136	0.16610738400704603	0.000122423569599725	0.0104341470009	0.6067371201814492
fit-rw_positive_bias-run1-prior1	rw_positive_bias	run1	1.0	none	False	sub-108	computer	alpha	2.757192875076379	2.430174761475822	0.43026641800932497	2.17446003373	8.465481650099
fit-rw_positive_bias-run1-prior1	rw_positive_bias	run1	1.0	none	False	sub-108	computer	gamma	0.5007901444846334	0.20218569224037525	0.19006411735965	0.47247738519899996	0.9568250901793242
fit-rw_positive_bias-run1-prior1	rw_positive_bias	run1	1.0	none	False	sub-108	computer	f0	7.3769504375446555	2.96352515262726	2.44860376974925	6.847648735565	15.428442089957494
fit-rw_positive_bias-run1-prior1	rw_positive_bias	run1	1.0	none	False	sub-108	computer	epsilon	0.020891767742732267	0.05376648666571437	7.043624222127501e-05	0.0056817342093450005	0.1300831850799999
fit-rw_positive_bias-run1-prior1	rw_positive_bias	run1	1.0	none	False	sub-108	all	acceptance_bias	-0.23273207302808577	1.9574290979406324	-4.0398071423949995	-0.157115857627	3.4398115273619974
fit-rw_positive_bias-run1-prior1	rw_positive_bias	run1	1.0	none	False	sub-108	similar	alpha	1.8908572419493408	1.9383340800200155	0.32452996784152505	1.4790139629599999	6.182702746274981
fit-rw_positive_bias-run1-prior1	rw_positive_bias	run1	1.0	none	False	sub-108	similar	gamma	0.8905252456794812	0.6521634918010311	0.17339324382750002	0.708751841235	2.493814912773246
fit-rw_positive_bias-run1-prior1	rw_positive_bias	run1	1.0	none	False	sub-108	similar	f0	7.378336550915484	3.2585912709206877	2.7253593497945	6.801044554300001	16.0395302811625
fit-rw_positive_bias-run1-prior1	rw_positive_bias	run1	1.0	none	False	sub-108	similar	epsilon	0.031137331549429593	0.06877712173423119	8.361013425691251e-05	0.0072130698845	0.22042525766609888
fit-rw_positive_bias-run1-prior1	rw_positive_bias	run1	1.0	none	False	sub-108	dissimilar	alpha	2.107702407437238	1.816443496497073	0.3874754497564	1.7474327759200001	6.164508554325748
fit-rw_positive_bias-run1-prior1	rw_positive_bias	run1	1.0	none	False	sub-108	dissimilar	gamma	0.5825886246509902	0.2496102378624743	0.21695410448055	0.542954956465	1.1694928099149997
fit-rw_positive_bias-run1-prior1	rw_positive_bias	run1	1.0	none	False	sub-108	dissimilar	f0	7.614584994382514	3.1237328801423034	2.46636646049975	7.32142641963	15.572465953482496
fit-rw_positive_bias-run1-prior1	rw_positive_bias	run1	1.0	none	False	sub-108	dissimilar	epsilon	0.03133575921845075	0.07008520027921425	0.000105375216723075	0.008387558070975	0.20656275982942465
fit-rw_positive_bias-run1-prior1	rw_positive_bias	run1	1.0	none	False	sub-109	computer	alpha	2.02863706621687	1.6150419805936989	0.21622671095412502	1.6882711870599998	5.9477272246045
fit-rw_positive_bias-run1-prior1	rw_positive_bias	run1	1.0	none	False	sub-109	computer	gamma	1.5050528704887909	1.608116394356812	0.2007681558012	1.06920278226	5.398713830657489
fit-rw_positive_bias-run1-prior1	rw_positive_bias	run1	1.0	none	False	sub-109	computer	f0	3.0507791718238817	2.526795359427141	0.555013268617075	2.28687678968	10.787788564119998
fit-rw_positive_bias-run1-prior1	rw_positive_bias	run1	1.0	none	False	sub-109	computer	epsilon	0.015723729417222564	0.06152453266773955	4.3612584006095005e-05	0.0026407920255800002	0.11872847145659943
fit-rw_positive_bias-run1-prior1	rw_positive_bias	run1	1.0	none	False	sub-109	all	acceptance_bias	2.274744578886496	1.6529415006411114	-0.86363449259475	2.2191427032449997	5.715805728492998
fit-rw_positive_bias-run1-prior1	rw_positive_bias	run1	1.0	none	False	sub-109	similar	alpha	1.5158550248234852	1.1234258328017808	0.1999993554811	1.31388306582	4.2184917609557395
fit-rw_positive_bias-run1-prior1	rw_positive_bias	run1	1.0	none	False	sub-109	similar	gamma	1.6136787912863384	1.5467848429432662	0.25450610542342506	1.20396573728	5.379499252522732
fit-rw_positive_bias-run1-prior1	rw_positive_bias	run1	1.0	none	False	sub-109	similar	f0	3.4950601218366724	2.6320426453828234	0.7241853375353751	2.70267146619	11.25529449167749
fit-rw_positive_bias-run1-prior1	rw_positive_bias	run1	1.0	none	False	sub-109	similar	epsilon	0.017184111957900615	0.06325436343208124	5.9274090094555e-05	0.0032908848496200002	0.1280287032952746
fit-rw_positive_bias-run1-prior1	rw_positive_bias	run1	1.0	none	False	sub-109	dissimilar	alpha	1.6352346061977348	1.1625977527002327	0.209337943811425	1.43893608169	4.435205708341246
fit-rw_positive_bias-run1-prior1	rw_positive_bias	run1	1.0	none	False	sub-109	dissimilar	gamma	2.2339652845036553	2.4429335208842615	0.277028592952325	1.5837255857149999	8.046522496604997
fit-rw_positive_bias-run1-prior1	rw_positive_bias	run1	1.0	none	False	sub-109	dissimilar	f0	3.375993244491884	2.581114344688826	0.683685317864275	2.591580291065	11.194478071879988
fit-rw_positive_bias-run1-prior1	rw_positive_bias	run1	1.0	none	False	sub-109	dissimilar	epsilon	0.019737036651219134	0.06696233852902256	7.34865362364125e-05	0.00402570055474	0.15089404796204994
fit-rw_positive_bias-run1-prior1	rw_positive_bias	run1	1.0	none	False	sub-110	computer	alpha	1.9226981395620883	1.2153804335334448	0.4235119063665	1.67356807112	4.913114920625488
fit-rw_positive_bias-run1-prior1	rw_positive_bias	run1	1.0	none	False	sub-110	computer	gamma	0.36652343631618867	0.17049972312931613	0.126883422152125	0.33452513527149996	0.7870897827086247
fit-rw_positive_bias-run1-prior1	rw_positive_bias	run1	1.0	none	False	sub-110	computer	f0	8.187436223644292	3.052650882112928	2.5096258442437502	7.795726216925	15.517819688394972
fit-rw_positive_bias-run1-prior1	rw_positive_bias	run1	1.0	none	False	sub-110	computer	epsilon	0.006156549447909027	0.01594814804121615	4.2308157174317495e-05	0.00225484725827	0.03500974872006497
fit-rw_positive_bias-run1-prior1	rw_positive_bias	run1	1.0	none	False	sub-110	all	acceptance_bias	1.4414754727596821	1.4113334179900827	-1.46766646502925	1.4387607714500001	4.2664707457447495
fit-rw_positive_bias-run1-prior1	rw_positive_bias	run1	1.0	none	False	sub-110	similar	alpha	1.6598399260974417	0.9868274146466043	0.438145502267825	1.46117440634	4.118887383658996
fit-rw_positive_bias-run1-prior1	rw_positive_bias	run1	1.0	none	False	sub-110	similar	gamma	0.8796544315912292	0.5880027950036855	0.27358632364575	0.731852497647	2.4090776641374982
fit-rw_positive_bias-run1-prior1	rw_positive_bias	run1	1.0	none	False	sub-110	similar	f0	9.308534890654096	2.7916467126991678	4.80220430011975	8.915331144269999	16.02802718839499
fit-rw_positive_bias-run1-prior1	rw_positive_bias	run1	1.0	none	False	sub-110	similar	epsilon	0.007263525729680467	0.016939952394668854	5.4209799597745e-05	0.00281041984555	0.04044111920912241
fit-rw_positive_bias-run1-prior1	rw_positive_bias	run1	1.0	none	False	sub-110	dissimilar	alpha	1.6480690238620839	0.9581579621404758	0.401983708689025	1.4797452553900001	3.9996698851869987
fit-rw_positive_bias-run1-prior1	rw_positive_bias	run1	1.0	none	False	sub-110	dissimilar	gamma	0.5887314729484778	0.2895564862029152	0.21134524759817502	0.5271369673685	1.3213303321007497
fit-rw_positive_bias-run1-prior1	rw_positive_bias	run1	1.0	none	False	sub-110	dissimilar	f0	8.845474737842121	2.893899373712193	4.269578558584	8.42947958853	15.939189052487487
fit-rw_positive_bias-run1-prior1	rw_positive_bias	run1	1.0	none	False	sub-110	dissimilar	epsilon	0.009778712838654276	0.02086019414219915	6.25960244293025e-05	0.0034849253976249996	0.05824462012016496
fit-rw_positive_bias-run1-prior1	rw_positive_bias	run1	1.0	none	False	sub-111	computer	alpha	2.5999273094095017	1.6751876067039593	0.69111720196295	2.200342249375	6.884567148211997
fit-rw_positive_bias-run1-prior1	rw_positive_bias	run1	1.0	none	False	sub-111	computer	gamma	0.9384234952734951	0.9783911151132355	0.245995353544075	0.762689962779	2.6414899230812465
fit-rw_positive_bias-run1-prior1	rw_positive_bias	run1	1.0	none	False	sub-111	computer	f0	10.775272251807248	2.6726324035768263	6.619523185424001	10.3931482885	17.0904068276875
fit-rw_positive_bias-run1-prior1	rw_positive_bias	run1	1.0	none	False	sub-111	computer	epsilon	0.07968864709866708	0.06789612881954817	0.00541435309992825	0.0625952669635	0.2557881298761246
fit-rw_positive_bias-run1-prior1	rw_positive_bias	run1	1.0	none	False	sub-111	all	acceptance_bias	0.6602017173500796	2.1209243004121796	-3.8281069232127503	0.7999506779475	4.560822197213249
fit-rw_positive_bias-run1-prior1	rw_positive_bias	run1	1.0	none	False	sub-111	similar	alpha	2.1538641956752853	1.2376379425702835	0.7234882103759	1.8737376455249999	5.301229643325495
fit-rw_positive_bias-run1-prior1	rw_positive_bias	run1	1.0	none	False	sub-111	similar	gamma	1.1516115437442247	1.3124703985886825	0.34760498619019997	0.9265937396115	3.2377833684419977
fit-rw_positive_bias-run1-prior1	rw_positive_bias	run1	1.0	none	False	sub-111	similar	f0	12.336982680548182	2.165732422767027	8.912893044271	12.059242012350001	17.389397135039996
fit-rw_positive_bias-run1-prior1	rw_positive_bias	run1	1.0	none	False	sub-111	similar	epsilon	0.0749264264698199	0.06057376511840472	0.00875444104813025	0.05928949771735	0.25788352614772486
fit-rw_positive_bias-run1-prior1	rw_positive_bias	run1	1.0	none	False	sub-111	dissimilar	alpha	2.122733266998351	1.1959713878249512	0.6593533223525999	1.86974029232	5.120548956840992
fit-rw_positive_bias-run1-prior1	rw_positive_bias	run1	1.0	none	False	sub-111	dissimilar	gamma	1.2665883280424428	1.188437606984694	0.30570817185745003	1.019411397795	3.6172915266574974
fit-rw_positive_bias-run1-prior1	rw_positive_bias	run1	1.0	none	False	sub-111	dissimilar	f0	11.854507350911197	2.3155090005311	8.182495533050501	11.5299903198	17.3385217524625
fit-rw_positive_bias-run1-prior1	rw_positive_bias	run1	1.0	none	False	sub-111	dissimilar	epsilon	0.13047727032088444	0.08392882420915057	0.008942018321767001	0.115845595103	0.3133724171043749
fit-rw_positive_bias-run1-prior1	rw_positive_bias	run1	1.0	none	False	sub-112	computer	alpha	3.0335608973017636	1.9441883075678617	0.61867771302435	2.6542601156699996	7.752008847664748
fit-rw_positive_bias-run1-prior1	rw_positive_bias	run1	1.0	none	False	sub-112	computer	gamma	2.425889007305152	2.8924255930337717	0.45143665165455	1.635621622905	9.355548304403946
fit-rw_positive_bias-run1-prior1	rw_positive_bias	run1	1.0	none	False	sub-112	computer	f0	2.086517867074458	1.784860629798484	0.414819165918925	1.5817753245200001	7.1637846537309935
fit-rw_positive_bias-run1-prior1	rw_positive_bias	run1	1.0	none	False	sub-112	computer	epsilon	0.1179699332680433	0.07847766288114366	0.000609177667031	0.11300582646900001	0.2925854356388999
fit-rw_positive_bias-run1-prior1	rw_positive_bias	run1	1.0	none	False	sub-112	all	acceptance_bias	0.8405125105946774	1.6769493271558678	-2.49858310566225	0.8377442502404999	4.197475069177748
fit-rw_positive_bias-run1-prior1	rw_positive_bias	run1	1.0	none	False	sub-112	similar	alpha	2.339964667482901	1.433097242836948	0.6051341321536001	2.09432964105	5.688404505922746
fit-rw_positive_bias-run1-prior1	rw_positive_bias	run1	1.0	none	False	sub-112	similar	gamma	3.1828285226935114	3.731759722249345	0.6255087467578	2.18959918995	11.976524263947498
fit-rw_positive_bias-run1-prior1	rw_positive_bias	run1	1.0	none	False	sub-112	similar	f0	2.6691165173762084	1.8910784974106534	0.4811531903597	2.256486592065	7.78535769110974
fit-rw_positive_bias-run1-prior1	rw_positive_bias	run1	1.0	none	False	sub-112	similar	epsilon	0.13542335060186303	0.0925719254208711	0.0008234061875012001	0.1306835620595	0.31905232121572497
fit-rw_positive_bias-run1-prior1	rw_positive_bias	run1	1.0	none	False	sub-112	dissimilar	alpha	2.4404678167977183	1.5400150335398162	0.5914526554891001	2.163164001785	6.0511802604524965
fit-rw_positive_bias-run1-prior1	rw_positive_bias	run1	1.0	none	False	sub-112	dissimilar	gamma	3.251656484135546	4.167040806898393	0.53996573241465	2.1791731148849998	12.29729343478248
fit-rw_positive_bias-run1-prior1	rw_positive_bias	run1	1.0	none	False	sub-112	dissimilar	f0	2.4986932795134025	1.8326862534442108	0.471218387554325	2.084786637105	7.3889153535454986
fit-rw_positive_bias-run1-prior1	rw_positive_bias	run1	1.0	none	False	sub-112	dissimilar	epsilon	0.1543346921349596	0.11413389004766994	0.000989681018500525	0.139349940047	0.42000624564569966
fit-rw_positive_bias-run1-prior1	rw_positive_bias	run1	1.0	none	False	sub-113	computer	alpha	3.553396020941144	2.9483307735934523	0.812415260578475	3.026941847465	9.66154242534325
fit-rw_positive_bias-run1-prior1	rw_positive_bias	run1	1.0	none	False	sub-113	computer	gamma	1.929400986786497	2.4067326272562966	0.394379013377075	1.28482374397	7.255597897461991
fit-rw_positive_bias-run1-prior1	rw_positive_bias	run1	1.0	none	False	sub-113	computer	f0	11.727735332022586	2.04062294392726	7.2916593802632494	11.61619780445	16.17655421933499
fit-rw_positive_bias-run1-prior1	rw_positive_bias	run1	1.0	none	False	sub-113	computer	epsilon	0.05705479713757126	0.02722178867310206	0.0014055426698675	0.05911723550425	0.10861350273294999
fit-rw_positive_bias-run1-prior1	rw_positive_bias	run1	1.0	none	False	sub-113	all	acceptance_bias	0.6390097949416829	2.0063202533377504	-3.442207080358	0.6778148886955	4.498143633884
fit-rw_positive_bias-run1-prior1	rw_positive_bias	run1	1.0	none	False	sub-113	similar	alpha	2.583913110702445	2.9060987620640195	0.586226253496675	2.0114094262249997	8.066358891886242
fit-rw_positive_bias-run1-prior1	rw_positive_bias	run1	1.0	none	False	sub-113	similar	gamma	2.4736036404636423	3.2364856709866405	0.46521474601385	1.655817093845	9.286536855182495
fit-rw_positive_bias-run1-prior1	rw_positive_bias	run1	1.0	none	False	sub-113	similar	f0	11.346390512265343	2.5589199409875203	6.5862345927452495	11.266593026199999	16.827791158697497
fit-rw_positive_bias-run1-prior1	rw_positive_bias	run1	1.0	none	False	sub-113	similar	epsilon	0.0885742638888311	0.05586970262593135	0.00155754968532225	0.08469065016815	0.20966336519487486
fit-rw_positive_bias-run1-prior1	rw_positive_bias	run1	1.0	none	False	sub-113	dissimilar	alpha	2.682639612862378	2.874760426040314	0.606547440645975	2.14705334512	7.89290715783873
fit-rw_positive_bias-run1-prior1	rw_positive_bias	run1	1.0	none	False	sub-113	dissimilar	gamma	2.585715765264351	3.268711953810328	0.450388982989675	1.742731590445	9.731689460451493
fit-rw_positive_bias-run1-prior1	rw_positive_bias	run1	1.0	none	False	sub-113	dissimilar	f0	10.991110049480282	2.499873165753301	6.46931357162175	10.847864812600001	16.66801002817749
fit-rw_positive_bias-run1-prior1	rw_positive_bias	run1	1.0	none	False	sub-113	dissimilar	epsilon	0.11064453198501197	0.08039816897651214	0.001644297029569	0.09395393999845	0.300846940924225
fit-rw_positive_bias-run1-prior1	rw_positive_bias	run1	1.0	none	False	sub-115	computer	alpha	1.9262592876870428	1.4599948492775905	0.209006867082025	1.6270808854999999	5.405483240901243
fit-rw_positive_bias-run1-prior1	rw_positive_bias	run1	1.0	none	False	sub-115	computer	gamma	0.12562153240566928	0.0733696903773612	0.029000874006185	0.1100067230125	0.30808956445782476
fit-rw_positive_bias-run1-prior1	rw_positive_bias	run1	1.0	none	False	sub-115	computer	f0	5.7423546721446375	5.033986016055945	0.263916377209875	3.9672287643199997	17.108990146159986
fit-rw_positive_bias-run1-prior1	rw_positive_bias	run1	1.0	none	False	sub-115	computer	epsilon	0.07406698909681529	0.18211740091768347	5.76146783432225e-05	0.003935650778445	0.7238898132724743
fit-rw_positive_bias-run1-prior1	rw_positive_bias	run1	1.0	none	False	sub-115	all	acceptance_bias	-0.2520112275982583	0.6860090083006924	-1.4038668480410001	-0.331979007548	1.4059641095819986
fit-rw_positive_bias-run1-prior1	rw_positive_bias	run1	1.0	none	False	sub-115	similar	alpha	1.4743938229593907	1.0467317084178085	0.18867558942002502	1.2943618049249999	3.8980694937997433
fit-rw_positive_bias-run1-prior1	rw_positive_bias	run1	1.0	none	False	sub-115	similar	gamma	0.12418064041971036	0.059680391332944706	0.03320405072702	0.1155842754475	0.2610206731935247
fit-rw_positive_bias-run1-prior1	rw_positive_bias	run1	1.0	none	False	sub-115	similar	f0	6.3243250448019515	5.240212558655718	0.337759637079275	4.586327135445	17.512920894999997
fit-rw_positive_bias-run1-prior1	rw_positive_bias	run1	1.0	none	False	sub-115	similar	epsilon	0.08066951398384961	0.1913420723583512	7.405513197134002e-05	0.004925202146820001	0.7570933750900496
fit-rw_positive_bias-run1-prior1	rw_positive_bias	run1	1.0	none	False	sub-115	dissimilar	alpha	1.5265321146327466	1.055952154887827	0.190394098425675	1.3528583789600002	3.9547758889707487
fit-rw_positive_bias-run1-prior1	rw_positive_bias	run1	1.0	none	False	sub-115	dissimilar	gamma	0.17797234675733767	0.09862726298211251	0.035361446415855	0.1639868884835	0.3995953912784749
fit-rw_positive_bias-run1-prior1	rw_positive_bias	run1	1.0	none	False	sub-115	dissimilar	f0	6.103793252287557	5.1651301046923646	0.3093968974059	4.387357617545	17.462018491414995
fit-rw_positive_bias-run1-prior1	rw_positive_bias	run1	1.0	none	False	sub-115	dissimilar	epsilon	0.0926881974483956	0.21125819540875934	8.92021712352425e-05	0.00578577203525	0.8027797631262994
fit-rw_positive_bias-run1-prior1	rw_positive_bias	run1	1.0	none	False	sub-116	computer	alpha	2.7903085762327247	2.1479032361199573	0.685829220900975	2.266578888225	8.045930367797236
fit-rw_positive_bias-run1-prior1	rw_positive_bias	run1	1.0	none	False	sub-116	computer	gamma	1.6126775745262147	1.314391999392542	0.39069540487930005	1.2732707908399998	4.819480929615497
fit-rw_positive_bias-run1-prior1	rw_positive_bias	run1	1.0	none	False	sub-116	computer	f0	10.055613443856137	2.2636113025815634	7.106058477813	9.537118395764999	16.10381893245499
fit-rw_positive_bias-run1-prior1	rw_positive_bias	run1	1.0	none	False	sub-116	computer	epsilon	0.0014178501482829506	0.002337768122364095	1.94063819919775e-05	0.000680944054442	0.007112909170272992
fit-rw_positive_bias-run1-prior1	rw_positive_bias	run1	1.0	none	False	sub-116	all	acceptance_bias	1.0889382213421046	1.9199244343525186	-2.7797966944602504	1.1128325327950002	4.905575726195749
fit-rw_positive_bias-run1-prior1	rw_positive_bias	run1	1.0	none	False	sub-116	similar	alpha	2.039829840247103	1.5926466636241057	0.5898146028761749	1.644153424085	5.9563568678294985
fit-rw_positive_bias-run1-prior1	rw_positive_bias	run1	1.0	none	False	sub-116	similar	gamma	1.7390542417409391	1.26559981147492	0.449279761619775	1.413498470695	4.960906038744745
fit-rw_positive_bias-run1-prior1	rw_positive_bias	run1	1.0	none	False	sub-116	similar	f0	10.635673481426496	2.3890155597681826	7.09668697841725	10.233657479000001	16.64428676494749
fit-rw_positive_bias-run1-prior1	rw_positive_bias	run1	1.0	none	False	sub-116	similar	epsilon	0.0017201310993414378	0.002780662377433034	2.6144581065572502e-05	0.0008512276372675	0.008519164708919247
fit-rw_positive_bias-run1-prior1	rw_positive_bias	run1	1.0	none	False	sub-116	dissimilar	alpha	2.182611495282345	1.5488137158499604	0.6532332986514	1.831731021375	5.907483746076248
fit-rw_positive_bias-run1-prior1	rw_positive_bias	run1	1.0	none	False	sub-116	dissimilar	gamma	1.8287057529152784	1.3072199484204974	0.48282760763515004	1.496356925785	5.175071663330738
fit-rw_positive_bias-run1-prior1	rw_positive_bias	run1	1.0	none	False	sub-116	dissimilar	f0	10.514006833980371	2.2444296053552852	7.3391293561807505	10.0805985636	16.3217476560425
fit-rw_positive_bias-run1-prior1	rw_positive_bias	run1	1.0	none	False	sub-116	dissimilar	epsilon	0.0018254014493384897	0.002892519722903662	3.2496912142247505e-05	0.00100885527059	0.008244590508609985
fit-rw_positive_bias-run1-prior1	rw_positive_bias	run1	1.0	none	False	sub-117	computer	alpha	2.102140633975639	1.592715125747846	0.2982509898272	1.769137303825	5.848341702416498
fit-rw_positive_bias-run1-prior1	rw_positive_bias	run1	1.0	none	False	sub-117	computer	gamma	1.8821033677876764	1.6823509728835557	0.449146154069775	1.494007374985	5.523898506106247
fit-rw_positive_bias-run1-prior1	rw_positive_bias	run1	1.0	none	False	sub-117	computer	f0	3.729569121838387	2.1211083675557894	0.754300133452375	3.3015363773899997	9.67865553894398
fit-rw_positive_bias-run1-prior1	rw_positive_bias	run1	1.0	none	False	sub-117	computer	epsilon	0.1223806797451283	0.18418697681925525	9.03266825175075e-05	0.011168876314	0.5948014265514994
fit-rw_positive_bias-run1-prior1	rw_positive_bias	run1	1.0	none	False	sub-117	all	acceptance_bias	1.3457611776205392	1.7078201204860026	-2.0601848553647497	1.34313600598	4.814569621361499
fit-rw_positive_bias-run1-prior1	rw_positive_bias	run1	1.0	none	False	sub-117	similar	alpha	1.5429286615711204	1.1976039503807907	0.27534999704482505	1.310876783495	4.240442175959247
fit-rw_positive_bias-run1-prior1	rw_positive_bias	run1	1.0	none	False	sub-117	similar	gamma	2.2177862564635253	2.3790083745352537	0.5176441229159	1.7048308624500002	6.888015939377489
fit-rw_positive_bias-run1-prior1	rw_positive_bias	run1	1.0	none	False	sub-117	similar	f0	4.219303653790976	2.2317485454232555	0.985229445404775	3.7633584715849997	10.241721233104997
fit-rw_positive_bias-run1-prior1	rw_positive_bias	run1	1.0	none	False	sub-117	similar	epsilon	0.1409295121746817	0.21326119137264837	0.00012248401165465	0.013510615738649999	0.6853915155686747
fit-rw_positive_bias-run1-prior1	rw_positive_bias	run1	1.0	none	False	sub-117	dissimilar	alpha	1.6510226307664133	1.121583726787781	0.2729175443111	1.45524886186	4.198162115075248
fit-rw_positive_bias-run1-prior1	rw_positive_bias	run1	1.0	none	False	sub-117	dissimilar	gamma	2.3524466970530598	2.532772748079058	0.454302478535025	1.75650054286	7.69558340752171
fit-rw_positive_bias-run1-prior1	rw_positive_bias	run1	1.0	none	False	sub-117	dissimilar	f0	4.069973032676023	2.194015854338238	0.8788544523926001	3.637459428785	10.134189340879928
fit-rw_positive_bias-run1-prior1	rw_positive_bias	run1	1.0	none	False	sub-117	dissimilar	epsilon	0.15909785350981168	0.23364025652005949	0.0001396850250493	0.0171683892845	0.7296528513725498
fit-rw_positive_bias-run1-prior1	rw_positive_bias	run1	1.0	none	False	sub-118	computer	alpha	1.9711021750722995	1.2917090941690206	0.4261234393556	1.678142241215	5.230801528214992
fit-rw_positive_bias-run1-prior1	rw_positive_bias	run1	1.0	none	False	sub-118	computer	gamma	0.18308110726433136	0.08212180640443671	0.0649587712205125	0.1691849726355	0.38119393529474943
fit-rw_positive_bias-run1-prior1	rw_positive_bias	run1	1.0	none	False	sub-118	computer	f0	9.218711986365522	3.8768995784473734	2.3016975701815	9.102391420145	17.41601448125
fit-rw_positive_bias-run1-prior1	rw_positive_bias	run1	1.0	none	False	sub-118	computer	epsilon	0.018789412713022077	0.04948415991266853	7.351405595282751e-05	0.00508408827569	0.1271762843000245
fit-rw_positive_bias-run1-prior1	rw_positive_bias	run1	1.0	none	False	sub-118	all	acceptance_bias	0.30843824138396597	0.8620365487761418	-1.4898078479145	0.314945839673	2.031372922592247
fit-rw_positive_bias-run1-prior1	rw_positive_bias	run1	1.0	none	False	sub-118	similar	alpha	1.5062219060521858	0.9142507089980143	0.374356592477225	1.3411884836499999	3.708255286357746
fit-rw_positive_bias-run1-prior1	rw_positive_bias	run1	1.0	none	False	sub-118	similar	gamma	0.19277581362587926	0.09082369321318333	0.0630131439355225	0.1764131363575	0.41379859120134976
fit-rw_positive_bias-run1-prior1	rw_positive_bias	run1	1.0	none	False	sub-118	similar	f0	9.972484605961087	3.721698084465239	3.03894853030425	9.78835223706	17.667369079912497
fit-rw_positive_bias-run1-prior1	rw_positive_bias	run1	1.0	none	False	sub-118	similar	epsilon	0.023045480619017514	0.0579688681796333	9.4473437435665e-05	0.006447307078169999	0.16359261454442342
fit-rw_positive_bias-run1-prior1	rw_positive_bias	run1	1.0	none	False	sub-118	dissimilar	alpha	1.675037197974767	0.9881313230670125	0.43504992793527497	1.492152763705	4.077811781930497
fit-rw_positive_bias-run1-prior1	rw_positive_bias	run1	1.0	none	False	sub-118	dissimilar	gamma	0.4528021961980165	0.21193143069186635	0.163289496390825	0.41235504265	0.9803323098297732
fit-rw_positive_bias-run1-prior1	rw_positive_bias	run1	1.0	none	False	sub-118	dissimilar	f0	9.845944602253923	3.5402260582055414	3.2038325543237502	9.490781667675	17.523587623092496
fit-rw_positive_bias-run1-prior1	rw_positive_bias	run1	1.0	none	False	sub-118	dissimilar	epsilon	0.02175804212226156	0.05109023900868248	0.0001151167920507	0.008077881288325	0.11693025665174893
fit-rw_positive_bias-run1-prior1	rw_positive_bias	run1	1.0	none	False	sub-121	computer	alpha	2.2508038914304436	1.478434557737862	0.49727999105825	1.93030839282	5.7931028802177496
fit-rw_positive_bias-run1-prior1	rw_positive_bias	run1	1.0	none	False	sub-121	computer	gamma	0.6490160039325064	0.3836542994734714	0.22789181573835	0.5703677564625	1.5454959196114992
fit-rw_positive_bias-run1-prior1	rw_positive_bias	run1	1.0	none	False	sub-121	computer	f0	10.705595359346187	3.362936873749099	2.7340066722075	10.771846175250001	17.378745827404995
fit-rw_positive_bias-run1-prior1	rw_positive_bias	run1	1.0	none	False	sub-121	computer	epsilon	0.029872784023481803	0.044294767775874266	0.0002250280503516	0.02177725743135	0.10263810729472486
fit-rw_positive_bias-run1-prior1	rw_positive_bias	run1	1.0	none	False	sub-121	all	acceptance_bias	1.349618478347764	2.026422781719	-3.2183529237165	1.46492360087	5.1160174931430005
fit-rw_positive_bias-run1-prior1	rw_positive_bias	run1	1.0	none	False	sub-121	similar	alpha	1.524403910355771	1.0426609568175533	0.3420069501893	1.33297720934	3.926575909736247
fit-rw_positive_bias-run1-prior1	rw_positive_bias	run1	1.0	none	False	sub-121	similar	gamma	0.7328196337713694	0.38011313920338696	0.23718893908402502	0.6518110758319999	1.67143679477025
fit-rw_positive_bias-run1-prior1	rw_positive_bias	run1	1.0	none	False	sub-121	similar	f0	10.420643738477388	3.6859161156619966	2.9758182463575	10.428743567449999	17.8163351456475
fit-rw_positive_bias-run1-prior1	rw_positive_bias	run1	1.0	none	False	sub-121	similar	epsilon	0.04697949067346436	0.06216245297069599	0.00025985745904577503	0.029066384500549998	0.19119687583122474
fit-rw_positive_bias-run1-prior1	rw_positive_bias	run1	1.0	none	False	sub-121	dissimilar	alpha	1.6056917684048206	1.0410594241421713	0.35319031411775	1.423370839365	3.9685393446537427
fit-rw_positive_bias-run1-prior1	rw_positive_bias	run1	1.0	none	False	sub-121	dissimilar	gamma	0.6086054792703064	0.3246253294244624	0.196129722707125	0.5338921715610001	1.4487362886284993
fit-rw_positive_bias-run1-prior1	rw_positive_bias	run1	1.0	none	False	sub-121	dissimilar	f0	10.182066542988744	3.7191506535390815	2.8369985516485	10.1845731525	17.743401852949994
fit-rw_positive_bias-run1-prior1	rw_positive_bias	run1	1.0	none	False	sub-121	dissimilar	epsilon	0.05694072398542251	0.08290688014755447	0.00032515211694645	0.0302105722854	0.2804595654118745
fit-rw_positive_bias-run1-prior1	rw_positive_bias	run1	1.0	none	False	sub-122	computer	alpha	1.9251831211114303	1.3611316680716108	0.27344756454575	1.64494272159	5.192941011930493
fit-rw_positive_bias-run1-prior1	rw_positive_bias	run1	1.0	none	False	sub-122	computer	gamma	0.34239315112602087	0.20346906872411663	0.085991079538635	0.295175266733	0.8563858187908248
fit-rw_positive_bias-run1-prior1	rw_positive_bias	run1	1.0	none	False	sub-122	computer	f0	6.398530039474687	4.0100073629131385	0.3350972736819	5.910046665875	15.666975589597483
fit-rw_positive_bias-run1-prior1	rw_positive_bias	run1	1.0	none	False	sub-122	computer	epsilon	0.031084379719964392	0.08566569677425732	6.60072822915925e-05	0.00495941266132	0.24357545437489955
fit-rw_positive_bias-run1-prior1	rw_positive_bias	run1	1.0	none	False	sub-122	all	acceptance_bias	2.7263711635199033	1.4162520004111252	-0.09295663667097495	2.757857521355	5.5916571106065
fit-rw_positive_bias-run1-prior1	rw_positive_bias	run1	1.0	none	False	sub-122	similar	alpha	1.430486781315428	0.9653423090233251	0.22987453357095	1.263275025465	3.716798274035244
fit-rw_positive_bias-run1-prior1	rw_positive_bias	run1	1.0	none	False	sub-122	similar	gamma	0.4367388063491244	0.48839397773116766	0.0698509492332	0.29476099416449997	1.7828968622939987
fit-rw_positive_bias-run1-prior1	rw_positive_bias	run1	1.0	none	False	sub-122	similar	f0	6.953452430552904	4.127623047815659	0.4235032063768	6.55362792608	16.233916571169956
fit-rw_positive_bias-run1-prior1	rw_positive_bias	run1	1.0	none	False	sub-122	similar	epsilon	0.039450584018602505	0.10107710733926417	8.135080174099751e-05	0.0061608132718	0.3199520741583749
fit-rw_positive_bias-run1-prior1	rw_positive_bias	run1	1.0	none	False	sub-122	dissimilar	alpha	1.6284321304390017	1.071235906027474	0.264581257458825	1.45247623573	4.103985119053249
fit-rw_positive_bias-run1-prior1	rw_positive_bias	run1	1.0	none	False	sub-122	dissimilar	gamma	0.6779824225588202	0.47961744111179905	0.15361251045965	0.5580069438605	1.8904900740914987
fit-rw_positive_bias-run1-prior1	rw_positive_bias	run1	1.0	none	False	sub-122	dissimilar	f0	6.934354432176118	4.011158445845811	0.392901252404475	6.582173520325	15.952379323627499
fit-rw_positive_bias-run1-prior1	rw_positive_bias	run1	1.0	none	False	sub-122	dissimilar	epsilon	0.039212984130179596	0.08843920931336854	0.0001011975591068	0.007434872826755	0.2839182084429988
fit-rw_positive_bias-run1-prior1	rw_positive_bias	run1	1.0	none	False	sub-124	computer	alpha	2.5623330972666505	2.7134016774637355	0.41373256819702503	2.015723568195	7.882115431023999
fit-rw_positive_bias-run1-prior1	rw_positive_bias	run1	1.0	none	False	sub-124	computer	gamma	2.9542491071204453	3.8670080309498864	0.40480439740767504	1.9096870884100001	11.89453618292998
fit-rw_positive_bias-run1-prior1	rw_positive_bias	run1	1.0	none	False	sub-124	computer	f0	1.7423947827591149	1.6907082797322643	0.2601003421686	1.291146671085	6.209192081186998
fit-rw_positive_bias-run1-prior1	rw_positive_bias	run1	1.0	none	False	sub-124	computer	epsilon	0.027313200478347868	0.04030615750180348	0.00057686118794195	0.015416068311	0.1374088458327248
fit-rw_positive_bias-run1-prior1	rw_positive_bias	run1	1.0	none	False	sub-124	all	acceptance_bias	2.3151472803256308	1.8281802142271804	-1.2238116160564998	2.261787468025	6.0474711359194995
fit-rw_positive_bias-run1-prior1	rw_positive_bias	run1	1.0	none	False	sub-124	similar	alpha	2.035325062717344	2.297656622444406	0.39754090410435	1.61874736212	6.172963037349747
fit-rw_positive_bias-run1-prior1	rw_positive_bias	run1	1.0	none	False	sub-124	similar	gamma	4.028593508129196	5.240162586290504	0.6516860159361	2.72312869838	14.986471715617485
fit-rw_positive_bias-run1-prior1	rw_positive_bias	run1	1.0	none	False	sub-124	similar	f0	2.1081664068312755	1.8041589555300226	0.314025531561025	1.642199798275	6.9348790437857275
fit-rw_positive_bias-run1-prior1	rw_positive_bias	run1	1.0	none	False	sub-124	similar	epsilon	0.03585905449187653	0.04294553369595655	0.0006518292921956749	0.0231220366256	0.15766247320252455
fit-rw_positive_bias-run1-prior1	rw_positive_bias	run1	1.0	none	False	sub-124	dissimilar	alpha	2.0649104335137842	2.082425729871924	0.3625775656454	1.68085203403	6.176328376210996
fit-rw_positive_bias-run1-prior1	rw_positive_bias	run1	1.0	none	False	sub-124	dissimilar	gamma	3.5492310363795196	5.092222959929364	0.37592738177795	2.1017861582300004	15.127429862322485
fit-rw_positive_bias-run1-prior1	rw_positive_bias	run1	1.0	none	False	sub-124	dissimilar	f0	1.9433939948042513	1.7558218278256097	0.30225159735895	1.470536953245	6.544674472684475
fit-rw_positive_bias-run1-prior1	rw_positive_bias	run1	1.0	none	False	sub-124	dissimilar	epsilon	0.0419442922539218	0.0562476829658575	0.00077079743105905	0.02416915290165	0.19500550855744928
fit-rw_positive_bias-run1-prior1	rw_positive_bias	run1	1.0	none	False	sub-125	computer	alpha	2.298382138074103	1.6465267227358413	0.468624330793475	1.93740146715	6.30310679676999
fit-rw_positive_bias-run1-prior1	rw_positive_bias	run1	1.0	none	False	sub-125	computer	gamma	0.4089484755809569	0.1814009919218176	0.1459799060141	0.3784759193005	0.8407023393914747
fit-rw_positive_bias-run1-prior1	rw_positive_bias	run1	1.0	none	False	sub-125	computer	f0	9.291405883158872	3.4290737414713757	3.9036792902595003	8.832949357435	17.090373504509998
fit-rw_positive_bias-run1-prior1	rw_positive_bias	run1	1.0	none	False	sub-125	computer	epsilon	0.02606534813322217	0.03983786678761735	0.000142324175032525	0.01394339944975	0.11691033412497495
fit-rw_positive_bias-run1-prior1	rw_positive_bias	run1	1.0	none	False	sub-125	all	acceptance_bias	0.3409691793560496	1.4907906913984679	-2.6338005451439996	0.3104490105065	3.414463091991
fit-rw_positive_bias-run1-prior1	rw_positive_bias	run1	1.0	none	False	sub-125	similar	alpha	1.7478737435629874	1.1392428356317998	0.431555459257975	1.519616381645	4.5682023533855
fit-rw_positive_bias-run1-prior1	rw_positive_bias	run1	1.0	none	False	sub-125	similar	gamma	0.4811708180422343	0.21239064875975694	0.174792545552075	0.44379387475950005	0.9942745718310998
fit-rw_positive_bias-run1-prior1	rw_positive_bias	run1	1.0	none	False	sub-125	similar	f0	10.472935993728074	3.341349245155719	4.30094738755275	10.3243073905	17.434914456314996
fit-rw_positive_bias-run1-prior1	rw_positive_bias	run1	1.0	none	False	sub-125	similar	epsilon	0.03325860298762189	0.04459015544517536	0.000178569945236325	0.0195691174527	0.1382492931407499
fit-rw_positive_bias-run1-prior1	rw_positive_bias	run1	1.0	none	False	sub-125	dissimilar	alpha	1.8722987184485849	1.1203286661525058	0.47185787019195	1.6688931261	4.561664336046248
fit-rw_positive_bias-run1-prior1	rw_positive_bias	run1	1.0	none	False	sub-125	dissimilar	gamma	0.41424330700312917	0.17198094901846941	0.15784357879842498	0.387278478347	0.8195811506403247
fit-rw_positive_bias-run1-prior1	rw_positive_bias	run1	1.0	none	False	sub-125	dissimilar	f0	10.348608956625046	3.324168805929632	3.9973734727115002	10.2447353528	17.332347435852498
fit-rw_positive_bias-run1-prior1	rw_positive_bias	run1	1.0	none	False	sub-125	dissimilar	epsilon	0.039293102266866047	0.054688979385590156	0.00020840871794217502	0.02148698557585	0.1730421092273498
fit-rw_positive_bias-run1-prior1	rw_positive_bias	run1	1.0	none	False	sub-126	computer	alpha	1.855018550000254	1.4554295714631749	0.157273489872225	1.564567635245	5.309199725519489
fit-rw_positive_bias-run1-prior1	rw_positive_bias	run1	1.0	none	False	sub-126	computer	gamma	1.1223922120198413	2.1678510296511395	0.0739076125935425	0.5723513960905	5.588028168314497
fit-rw_positive_bias-run1-prior1	rw_positive_bias	run1	1.0	none	False	sub-126	computer	f0	3.141869641043452	3.2884498823890347	0.20066375306355	1.9202618937	12.490955588429987
fit-rw_positive_bias-run1-prior1	rw_positive_bias	run1	1.0	none	False	sub-126	computer	epsilon	0.045894679602710854	0.15056236467493705	4.8550282987085e-05	0.002657254484815	0.6393105791295992
fit-rw_positive_bias-run1-prior1	rw_positive_bias	run1	1.0	none	False	sub-126	all	acceptance_bias	3.77027388112856	1.7895482425657263	0.40053608534265	3.7025019102299996	7.512941334509001
fit-rw_positive_bias-run1-prior1	rw_positive_bias	run1	1.0	none	False	sub-126	similar	alpha	1.3866154777864916	1.0653477558263313	0.140505975749675	1.220969605985	3.725954221315
fit-rw_positive_bias-run1-prior1	rw_positive_bias	run1	1.0	none	False	sub-126	similar	gamma	1.3883818034578124	2.6292117434709352	0.0862528688829625	0.7017239992515	6.818939218569243
fit-rw_positive_bias-run1-prior1	rw_positive_bias	run1	1.0	none	False	sub-126	similar	f0	3.50930145941791	3.4657878456974314	0.254847913922075	2.2117815366949998	13.160536728864999
fit-rw_positive_bias-run1-prior1	rw_positive_bias	run1	1.0	none	False	sub-126	similar	epsilon	0.04962956536365425	0.15611491489687518	6.0924867019599997e-05	0.003330596935855	0.6802859413446993
fit-rw_positive_bias-run1-prior1	rw_positive_bias	run1	1.0	none	False	sub-126	dissimilar	alpha	1.467091193075441	1.0494296864717252	0.140955243246725	1.30773387583	3.8513022843787494
fit-rw_positive_bias-run1-prior1	rw_positive_bias	run1	1.0	none	False	sub-126	dissimilar	gamma	1.466209833039319	2.8707298443356954	0.0909338659157475	0.7133103284615	7.27586780947825
fit-rw_positive_bias-run1-prior1	rw_positive_bias	run1	1.0	none	False	sub-126	dissimilar	f0	3.376723015517173	3.396835661341765	0.23791092664184998	2.098278969875	12.955209190429995
fit-rw_positive_bias-run1-prior1	rw_positive_bias	run1	1.0	none	False	sub-126	dissimilar	epsilon	0.05492971623377624	0.16541602593389532	7.67286217267475e-05	0.0038233137343699998	0.7275836241055991
fit-rw_positive_bias-run1-prior1	rw_positive_bias	run1	1.0	none	False	sub-127	computer	alpha	2.954109464601342	2.2220067170431976	0.8394210232035	2.422403046855	8.273963573620748
fit-rw_positive_bias-run1-prior1	rw_positive_bias	run1	1.0	none	False	sub-127	computer	gamma	1.3425261837192324	0.9852599124278975	0.35888965105764997	1.08988784755	3.8237458858514985
fit-rw_positive_bias-run1-prior1	rw_positive_bias	run1	1.0	none	False	sub-127	computer	f0	11.667190609931245	2.245210195333111	8.500178783109499	11.20127656605	17.266147700682502
fit-rw_positive_bias-run1-prior1	rw_positive_bias	run1	1.0	none	False	sub-127	computer	epsilon	0.002097297816598155	0.002879067854354214	2.84554769972175e-05	0.00109142137901	0.010006248904737494
fit-rw_positive_bias-run1-prior1	rw_positive_bias	run1	1.0	none	False	sub-127	all	acceptance_bias	1.5676080796512608	1.9451791987772784	-2.5521335675734997	1.62389486974	5.327183638495244
fit-rw_positive_bias-run1-prior1	rw_positive_bias	run1	1.0	none	False	sub-127	similar	alpha	2.270292940732012	1.7482343983758852	0.802924550717825	1.883865280445	6.171560752680998
fit-rw_positive_bias-run1-prior1	rw_positive_bias	run1	1.0	none	False	sub-127	similar	gamma	1.9637327187613236	1.698168024840508	0.448309237410925	1.4931995440849999	6.3071196846099875
fit-rw_positive_bias-run1-prior1	rw_positive_bias	run1	1.0	none	False	sub-127	similar	f0	12.51797747003965	2.1547779708339565	9.00538106918925	12.26451647275	17.503589540632497
fit-rw_positive_bias-run1-prior1	rw_positive_bias	run1	1.0	none	False	sub-127	similar	epsilon	0.002371841634106212	0.0030014304289979403	3.6425495027522504e-05	0.0013453184614450001	0.010161782991644984
fit-rw_positive_bias-run1-prior1	rw_positive_bias	run1	1.0	none	False	sub-127	dissimilar	alpha	2.1849024351629556	1.9486437630919795	0.694036721087525	1.809342487415	5.961202923691239
fit-rw_positive_bias-run1-prior1	rw_positive_bias	run1	1.0	none	False	sub-127	dissimilar	gamma	0.9469034139607829	0.5151716274359986	0.282581378050425	0.8356546715335	2.235263059856494
fit-rw_positive_bias-run1-prior1	rw_positive_bias	run1	1.0	none	False	sub-127	dissimilar	f0	11.891228282491674	2.3992280728480404	7.9437677241027504	11.5862821546	17.448279853985
fit-rw_positive_bias-run1-prior1	rw_positive_bias	run1	1.0	none	False	sub-127	dissimilar	epsilon	0.003225008009666921	0.004869421100383863	4.4010880350435e-05	0.0016274875973399999	0.015466915786717461
fit-rw_positive_bias-run1-prior1	rw_positive_bias	run1	1.0	none	False	sub-128	computer	alpha	4.0309606163386045	4.9981848333327825	1.131734345028	2.8124512821799996	14.711126740249998
fit-rw_positive_bias-run1-prior1	rw_positive_bias	run1	1.0	none	False	sub-128	computer	gamma	2.46971911778539	3.1796552597908487	0.35373101885170005	1.613023952815	9.568031236679234
fit-rw_positive_bias-run1-prior1	rw_positive_bias	run1	1.0	none	False	sub-128	computer	f0	14.119066832780256	2.2706251296090794	10.40895578879	13.8805857658	18.899178557109998
fit-rw_positive_bias-run1-prior1	rw_positive_bias	run1	1.0	none	False	sub-128	computer	epsilon	0.0021948602776143927	0.0026913619360064488	3.18684632431425e-05	0.0012528382388649999	0.009761953088005986
fit-rw_positive_bias-run1-prior1	rw_positive_bias	run1	1.0	none	False	sub-128	all	acceptance_bias	1.129955170430487	2.140294033889295	-3.3693335748482496	1.1917121430300002	5.244854842771241
fit-rw_positive_bias-run1-prior1	rw_positive_bias	run1	1.0	none	False	sub-128	similar	alpha	3.139909915004222	4.296101998591223	1.020815999258	2.042614780755	12.289531474097444
fit-rw_positive_bias-run1-prior1	rw_positive_bias	run1	1.0	none	False	sub-128	similar	gamma	2.9262765234204515	3.7610452729868493	0.34663067917604995	1.84936833538	11.74803905678249
fit-rw_positive_bias-run1-prior1	rw_positive_bias	run1	1.0	none	False	sub-128	similar	f0	14.834070743389839	2.311660028286517	10.473912278285	14.90401450625	19.088354063184998
fit-rw_positive_bias-run1-prior1	rw_positive_bias	run1	1.0	none	False	sub-128	similar	epsilon	0.0024562025009324524	0.00286864926416937	4.0244060143645004e-05	0.00155797195224	0.009495247631082246
fit-rw_positive_bias-run1-prior1	rw_positive_bias	run1	1.0	none	False	sub-128	dissimilar	alpha	3.465083439626956	4.00753017039909	1.235657278834	2.5297379113150003	11.537403360727476
fit-rw_positive_bias-run1-prior1	rw_positive_bias	run1	1.0	none	False	sub-128	dissimilar	gamma	3.334915112476721	4.54086539824059	0.413762567948625	2.109817783525	13.542085199004974
fit-rw_positive_bias-run1-prior1	rw_positive_bias	run1	1.0	none	False	sub-128	dissimilar	f0	15.053440182799765	1.9441513210634342	11.439016200492501	14.98706605345	18.953542964209994
fit-rw_positive_bias-run1-prior1	rw_positive_bias	run1	1.0	none	False	sub-128	dissimilar	epsilon	0.003064269176391768	0.003687354403070333	5.21300203143025e-05	0.00182490086228	0.012962802707737487
fit-rw_positive_bias-run1-prior1	rw_positive_bias	run1	1.0	none	False	sub-129	computer	alpha	2.4359304417537913	1.8886009954043959	0.493503835258275	1.9747922466649999	7.206597958377491
fit-rw_positive_bias-run1-prior1	rw_positive_bias	run1	1.0	none	False	sub-129	computer	gamma	0.7504992931140675	0.34401611819878986	0.282341465973875	0.684756935047	1.5948102059147484
fit-rw_positive_bias-run1-prior1	rw_positive_bias	run1	1.0	none	False	sub-129	computer	f0	7.8892205060487175	3.017174937651263	3.3022287032222497	7.541737981480001	15.2273178335925
fit-rw_positive_bias-run1-prior1	rw_positive_bias	run1	1.0	none	False	sub-129	computer	epsilon	0.0160727222509949	0.025788067679880722	6.950444513241e-05	0.006004406856085	0.08936096700773741
fit-rw_positive_bias-run1-prior1	rw_positive_bias	run1	1.0	none	False	sub-129	all	acceptance_bias	0.4213958063341535	1.832822297198773	-3.2721796087012502	0.430483357349	4.057375838346494
fit-rw_positive_bias-run1-prior1	rw_positive_bias	run1	1.0	none	False	sub-129	similar	alpha	1.8381577396143547	1.447893805277743	0.422812846131175	1.520543430885	5.279563212289749
fit-rw_positive_bias-run1-prior1	rw_positive_bias	run1	1.0	none	False	sub-129	similar	gamma	1.1155930876256452	0.6523616519474138	0.359699037115225	0.96103564601	2.7830598312444983
fit-rw_positive_bias-run1-prior1	rw_positive_bias	run1	1.0	none	False	sub-129	similar	f0	8.395061456519903	2.9977590902948563	3.8962444970925003	7.921129242859999	15.789598007082494
fit-rw_positive_bias-run1-prior1	rw_positive_bias	run1	1.0	none	False	sub-129	similar	epsilon	0.015754345314633118	0.02300271516082306	9.620957491771501e-05	0.0074234069248200005	0.07478798953721744
fit-rw_positive_bias-run1-prior1	rw_positive_bias	run1	1.0	none	False	sub-129	dissimilar	alpha	1.9559415769777762	1.3758854237235307	0.4495709424886	1.6747218142	5.325890206654244
fit-rw_positive_bias-run1-prior1	rw_positive_bias	run1	1.0	none	False	sub-129	dissimilar	gamma	1.1940315634685295	0.7952995485740575	0.349167439297375	1.00611602219	3.1400827018304946
fit-rw_positive_bias-run1-prior1	rw_positive_bias	run1	1.0	none	False	sub-129	dissimilar	f0	8.230036108888823	2.925004814046176	3.8560798691652503	7.720161744845	15.577091858694997
fit-rw_positive_bias-run1-prior1	rw_positive_bias	run1	1.0	none	False	sub-129	dissimilar	epsilon	0.023408520116712576	0.03491398380939007	0.00010966720619610001	0.00915879781278	0.12330843820504953
fit-rw_positive_bias-run1-prior1	rw_positive_bias	run1	1.0	none	False	sub-130	computer	alpha	1.8642294168149638	1.4117101001749635	0.180531240452325	1.5767685872950001	5.274945273347995
fit-rw_positive_bias-run1-prior1	rw_positive_bias	run1	1.0	none	False	sub-130	computer	gamma	0.2594307725461732	0.1803915901782439	0.0419629694459975	0.2158948507215	0.7264780912753995
fit-rw_positive_bias-run1-prior1	rw_positive_bias	run1	1.0	none	False	sub-130	computer	f0	4.144151387286233	4.2475040429204	0.21570563535067502	2.408414273305	15.651531147427484
fit-rw_positive_bias-run1-prior1	rw_positive_bias	run1	1.0	none	False	sub-130	computer	epsilon	0.051285416376946974	0.1493690247299481	5.176205813595e-05	0.003527532097675	0.6238236415734248
fit-rw_positive_bias-run1-prior1	rw_positive_bias	run1	1.0	none	False	sub-130	all	acceptance_bias	3.2855701173742355	1.1580028002153369	1.1936263168352501	3.227897677955	5.755018281952243
fit-rw_positive_bias-run1-prior1	rw_positive_bias	run1	1.0	none	False	sub-130	similar	alpha	1.3946088794220093	0.9976399975044685	0.1650873593519	1.236489664325	3.6959421200447453
fit-rw_positive_bias-run1-prior1	rw_positive_bias	run1	1.0	none	False	sub-130	similar	gamma	0.41611332481247193	0.4189091613967704	0.049040829112672504	0.300091509694	1.4899162622167417
fit-rw_positive_bias-run1-prior1	rw_positive_bias	run1	1.0	none	False	sub-130	similar	f0	4.5239173937971495	4.350062457598173	0.277358657309825	2.8209052179949996	16.143212284177494
fit-rw_positive_bias-run1-prior1	rw_positive_bias	run1	1.0	none	False	sub-130	similar	epsilon	0.057009937392349226	0.15853462582241476	6.73141532793825e-05	0.004462368409075	0.6749553629014492
fit-rw_positive_bias-run1-prior1	rw_positive_bias	run1	1.0	none	False	sub-130	dissimilar	alpha	1.482802691058604	1.0255662987970922	0.166624123090375	1.32423076787	3.85633489089024
fit-rw_positive_bias-run1-prior1	rw_positive_bias	run1	1.0	none	False	sub-130	dissimilar	gamma	0.4465982219764031	0.43293695874861043	0.05564119751544	0.324146461436	1.5678790073704973
fit-rw_positive_bias-run1-prior1	rw_positive_bias	run1	1.0	none	False	sub-130	dissimilar	f0	4.390409147066069	4.291341697062782	0.258507197124825	2.6931564545400004	15.928560121447491
fit-rw_positive_bias-run1-prior1	rw_positive_bias	run1	1.0	none	False	sub-130	dissimilar	epsilon	0.06296363311090492	0.16759264253788825	8.267219491298751e-05	0.00527879403753	0.7216622237213491
fit-rw_positive_bias-run1-prior1	rw_positive_bias	run1	1.0	none	False	sub-132	computer	alpha	1.8763278657463514	1.4564046246445996	0.170526330777425	1.574531438915	5.429049375782744
fit-rw_positive_bias-run1-prior1	rw_positive_bias	run1	1.0	none	False	sub-132	computer	gamma	0.9461995983796347	0.9415592113073683	0.10675016066435	0.678476974297	3.3209100593002456
fit-rw_positive_bias-run1-prior1	rw_positive_bias	run1	1.0	none	False	sub-132	computer	f0	3.7507013595907006	3.5616749424340273	0.2294521060311	2.484385537425	13.711763378617484
fit-rw_positive_bias-run1-prior1	rw_positive_bias	run1	1.0	none	False	sub-132	computer	epsilon	0.039444693001899775	0.1294402563662309	5.6092546081032496e-05	0.00318629706043	0.46706658688697356
fit-rw_positive_bias-run1-prior1	rw_positive_bias	run1	1.0	none	False	sub-132	all	acceptance_bias	2.963624726418823	1.663116581144756	-0.15825422390364993	2.8989737954550003	6.553732595079996
fit-rw_positive_bias-run1-prior1	rw_positive_bias	run1	1.0	none	False	sub-132	similar	alpha	1.3724975542923519	1.0071628273438362	0.14615626983032498	1.19998109016	3.7182528799352417
fit-rw_positive_bias-run1-prior1	rw_positive_bias	run1	1.0	none	False	sub-132	similar	gamma	1.239999555475879	1.5695941476385877	0.11388413191527501	0.7744142961405001	5.188549960177994
fit-rw_positive_bias-run1-prior1	rw_positive_bias	run1	1.0	none	False	sub-132	similar	f0	4.022347712245328	3.7026977145004927	0.29672231541489996	2.724141290995	14.251831377699995
fit-rw_positive_bias-run1-prior1	rw_positive_bias	run1	1.0	none	False	sub-132	similar	epsilon	0.046467311970936315	0.1406133059567131	7.04453400285075e-05	0.0040239391667450004	0.5804898310713248
fit-rw_positive_bias-run1-prior1	rw_positive_bias	run1	1.0	none	False	sub-132	dissimilar	alpha	1.465229295482899	1.0370792440968732	0.15324835085507502	1.299355423795	3.886316494451494
fit-rw_positive_bias-run1-prior1	rw_positive_bias	run1	1.0	none	False	sub-132	dissimilar	gamma	1.2819796279461013	1.5517740414477041	0.12094514375885	0.8222659995635	5.223461649460497
fit-rw_positive_bias-run1-prior1	rw_positive_bias	run1	1.0	none	False	sub-132	dissimilar	f0	3.902714897793774	3.633581228071949	0.274277422073325	2.6044663500549996	13.996466037579987
fit-rw_positive_bias-run1-prior1	rw_positive_bias	run1	1.0	none	False	sub-132	dissimilar	epsilon	0.050808136746920134	0.1487898801410606	8.5746517690315e-05	0.00482005011999	0.6203259190476997
fit-rw_positive_bias-run1-prior1	rw_positive_bias	run1	1.0	none	False	sub-133	computer	alpha	1.7789238463278956	1.3738502918462567	0.194811916999875	1.48611445755	5.1017933606789985
fit-rw_positive_bias-run1-prior1	rw_positive_bias	run1	1.0	none	False	sub-133	computer	gamma	0.9010891990748826	1.076846736846166	0.12146363940257501	0.6033670903305	3.4743683838912376
fit-rw_positive_bias-run1-prior1	rw_positive_bias	run1	1.0	none	False	sub-133	computer	f0	5.243116049834313	4.476510935630741	0.453477203199575	3.50172936826	16.313725924619998
fit-rw_positive_bias-run1-prior1	rw_positive_bias	run1	1.0	none	False	sub-133	computer	epsilon	0.05478401180562629	0.12264433548422822	5.1024616154490004e-05	0.00426892043703	0.43952546190449937
fit-rw_positive_bias-run1-prior1	rw_positive_bias	run1	1.0	none	False	sub-133	all	acceptance_bias	3.079698953256553	1.7641935398494617	-0.058956385698672495	2.951426159665	6.9111506958155
fit-rw_positive_bias-run1-prior1	rw_positive_bias	run1	1.0	none	False	sub-133	similar	alpha	1.3859015876149257	0.9916811580765216	0.191709015457125	1.219058411445	3.6631926282387464
fit-rw_positive_bias-run1-prior1	rw_positive_bias	run1	1.0	none	False	sub-133	similar	gamma	1.13133522073652	1.2741125066062167	0.18034104727660002	0.8134772469125	3.9779914031929975
fit-rw_positive_bias-run1-prior1	rw_positive_bias	run1	1.0	none	False	sub-133	similar	f0	5.985255353183395	4.586823112705785	0.5535343727389751	4.385888940485	16.788135929962497
fit-rw_positive_bias-run1-prior1	rw_positive_bias	run1	1.0	none	False	sub-133	similar	epsilon	0.05170057822176087	0.10808851513481263	6.743292342313001e-05	0.00553406677991	0.3382775436548736
fit-rw_positive_bias-run1-prior1	rw_positive_bias	run1	1.0	none	False	sub-133	dissimilar	alpha	1.4801555912806776	1.0282408157188203	0.19700129034642502	1.3082546265950001	3.839531506606
fit-rw_positive_bias-run1-prior1	rw_positive_bias	run1	1.0	none	False	sub-133	dissimilar	gamma	1.2444271129015032	1.4245743476740507	0.17633226034137503	0.874698756774	4.4977103904839995
fit-rw_positive_bias-run1-prior1	rw_positive_bias	run1	1.0	none	False	sub-133	dissimilar	f0	5.791567124476959	4.5088316423576345	0.534221098485725	4.17993125993	16.47773299451499
fit-rw_positive_bias-run1-prior1	rw_positive_bias	run1	1.0	none	False	sub-133	dissimilar	epsilon	0.06400359118014703	0.126900463855895	7.964478831263502e-05	0.006807910584515	0.4474567284274998
fit-rw_positive_bias-run1-prior1	rw_positive_bias	run1	1.0	none	False	sub-134	computer	alpha	2.4234390613022896	2.088837253905048	0.270411719469125	1.9595559016	7.423998492780242
fit-rw_positive_bias-run1-prior1	rw_positive_bias	run1	1.0	none	False	sub-134	computer	gamma	0.5561334697842151	0.2770977813043521	0.14836346638892497	0.511428195517	1.2056050319119997
fit-rw_positive_bias-run1-prior1	rw_positive_bias	run1	1.0	none	False	sub-134	computer	f0	3.283078757449162	2.7159370490823695	0.8157319735706501	2.442675939325	11.744005263177488
fit-rw_positive_bias-run1-prior1	rw_positive_bias	run1	1.0	none	False	sub-134	computer	epsilon	0.017411288002614208	0.07471281135480366	4.54901783926475e-05	0.002619558425315	0.13846428262499938
fit-rw_positive_bias-run1-prior1	rw_positive_bias	run1	1.0	none	False	sub-134	all	acceptance_bias	1.5428451563907244	1.1853275137329724	-0.7218073555219	1.51630752132	3.9766658272884974
fit-rw_positive_bias-run1-prior1	rw_positive_bias	run1	1.0	none	False	sub-134	similar	alpha	1.8955593167643632	1.6783034852474918	0.243482882098625	1.544524466575	5.821391654968992
fit-rw_positive_bias-run1-prior1	rw_positive_bias	run1	1.0	none	False	sub-134	similar	gamma	1.112728033339438	0.8876191271679958	0.21324327287105	0.8904369804900001	3.335873584327746
fit-rw_positive_bias-run1-prior1	rw_positive_bias	run1	1.0	none	False	sub-134	similar	f0	3.767269069712461	2.756952335432975	1.13208278031475	2.8951721565949997	12.188815273042472
fit-rw_positive_bias-run1-prior1	rw_positive_bias	run1	1.0	none	False	sub-134	similar	epsilon	0.018891230971989564	0.07450565017875817	5.89535673744675e-05	0.003361804027175	0.13886419476514986
fit-rw_positive_bias-run1-prior1	rw_positive_bias	run1	1.0	none	False	sub-134	dissimilar	alpha	1.9745068690250627	1.6324968845983092	0.256119843453775	1.6668008354050001	5.658654123425246
fit-rw_positive_bias-run1-prior1	rw_positive_bias	run1	1.0	none	False	sub-134	dissimilar	gamma	0.9111889297774731	0.6159066146769028	0.21547055418755	0.7636449068295	2.481112126382497
fit-rw_positive_bias-run1-prior1	rw_positive_bias	run1	1.0	none	False	sub-134	dissimilar	f0	3.6540448465549464	2.7316965905753188	1.073422297434	2.799172398845	12.056265668074985
fit-rw_positive_bias-run1-prior1	rw_positive_bias	run1	1.0	none	False	sub-134	dissimilar	epsilon	0.021549758363790687	0.07784872313148977	6.95413229573e-05	0.00395096066277	0.1606202100568737
fit-rw_positive_bias-run1-prior1	rw_positive_bias	run1	1.0	none	False	sub-135	computer	alpha	2.5741725978339716	1.5827042164946292	0.54932105324805	2.235775326375	6.452762870548249
fit-rw_positive_bias-run1-prior1	rw_positive_bias	run1	1.0	none	False	sub-135	computer	gamma	0.22051642543709135	0.1102620880751279	0.0686624964822225	0.2002301936185	0.4909974251486749
fit-rw_positive_bias-run1-prior1	rw_positive_bias	run1	1.0	none	False	sub-135	computer	f0	13.495091765101611	4.290607303777973	1.3023980715220003	14.380159792850002	19.060418109847497
fit-rw_positive_bias-run1-prior1	rw_positive_bias	run1	1.0	none	False	sub-135	computer	epsilon	0.016142476305216688	0.08386306911557673	2.55024290271375e-05	0.00104170478147	0.18570103782329872
fit-rw_positive_bias-run1-prior1	rw_positive_bias	run1	1.0	none	False	sub-135	all	acceptance_bias	0.102457970505111	1.4941946019593915	-3.35275139515275	0.344014308596	2.5463343766274997
fit-rw_positive_bias-run1-prior1	rw_positive_bias	run1	1.0	none	False	sub-135	similar	alpha	2.01544254751837	1.1896990356278614	0.4730005392895	1.7782594923550001	4.845216648618497
fit-rw_positive_bias-run1-prior1	rw_positive_bias	run1	1.0	none	False	sub-135	similar	gamma	0.45154087533707055	0.41499987063676563	0.0954351013763875	0.331452895543	1.5489079817544988
fit-rw_positive_bias-run1-prior1	rw_positive_bias	run1	1.0	none	False	sub-135	similar	f0	14.140927720388595	4.255923462652878	1.4845418839505	15.15089377915	19.185984406612498
fit-rw_positive_bias-run1-prior1	rw_positive_bias	run1	1.0	none	False	sub-135	similar	epsilon	0.017464097511652107	0.08639523923182862	3.0179835717872503e-05	0.001335388556255	0.2114999429233497
fit-rw_positive_bias-run1-prior1	rw_positive_bias	run1	1.0	none	False	sub-135	dissimilar	alpha	1.9380106493004514	1.089036719728568	0.4789636318583	1.745056826385	4.54192004031475
fit-rw_positive_bias-run1-prior1	rw_positive_bias	run1	1.0	none	False	sub-135	dissimilar	gamma	0.1530187157454953	0.0927443713707146	0.0455072710089325	0.12919247035300002	0.41689314585582293
fit-rw_positive_bias-run1-prior1	rw_positive_bias	run1	1.0	none	False	sub-135	dissimilar	f0	13.85090519483465	4.359863870111283	1.3499925839477502	14.90168859765	19.12940007593
fit-rw_positive_bias-run1-prior1	rw_positive_bias	run1	1.0	none	False	sub-135	dissimilar	epsilon	0.021325989556200246	0.09996521050902771	3.80120743021475e-05	0.0016074938896	0.2984842457921716
fit-rw_positive_bias-run1-prior1	rw_positive_bias	run1	1.0	none	False	sub-136	computer	alpha	3.132947262949851	3.1870870789940207	0.5655168995703	2.42005775137	9.797477529222974
fit-rw_positive_bias-run1-prior1	rw_positive_bias	run1	1.0	none	False	sub-136	computer	gamma	2.898343632527566	3.401097998370218	0.575657109376075	2.0798350411	10.025927987087469
fit-rw_positive_bias-run1-prior1	rw_positive_bias	run1	1.0	none	False	sub-136	computer	f0	4.877885346335559	1.7479841374586604	2.9340320219557503	4.465420815605	9.760999277304489
fit-rw_positive_bias-run1-prior1	rw_positive_bias	run1	1.0	none	False	sub-136	computer	epsilon	0.013661859050102825	0.022598293774364623	8.01539673751875e-05	0.0065621342453100005	0.07019933997875742
fit-rw_positive_bias-run1-prior1	rw_positive_bias	run1	1.0	none	False	sub-136	all	acceptance_bias	1.296212353889126	1.9553118301293688	-2.66789101230975	1.2993110459100001	5.174062795365231
fit-rw_positive_bias-run1-prior1	rw_positive_bias	run1	1.0	none	False	sub-136	similar	alpha	2.5451635065671856	2.6295103878034825	0.55858833121605	1.9546447744600002	8.12850036978425
fit-rw_positive_bias-run1-prior1	rw_positive_bias	run1	1.0	none	False	sub-136	similar	gamma	4.087561322975141	4.44152338633406	0.803869236098575	2.938159900715	14.27181007253249
fit-rw_positive_bias-run1-prior1	rw_positive_bias	run1	1.0	none	False	sub-136	similar	f0	6.057972569215142	1.7594887012456741	3.83356687038975	5.717433742995	10.721342967682494
fit-rw_positive_bias-run1-prior1	rw_positive_bias	run1	1.0	none	False	sub-136	similar	epsilon	0.013023319324752348	0.015069030524534911	0.00010959866290055001	0.00778192664739	0.05389396816586992
fit-rw_positive_bias-run1-prior1	rw_positive_bias	run1	1.0	none	False	sub-136	dissimilar	alpha	2.603718528817438	2.6469887095126476	0.5447923100759501	2.06153677027	7.986004764610746
fit-rw_positive_bias-run1-prior1	rw_positive_bias	run1	1.0	none	False	sub-136	dissimilar	gamma	3.939343671550592	4.453757604062981	0.6973302172826	2.75522753642	14.747561455897484
fit-rw_positive_bias-run1-prior1	rw_positive_bias	run1	1.0	none	False	sub-136	dissimilar	f0	5.695202335651195	1.796396106370174	3.4580522885197498	5.343840484555	10.662970963674995
fit-rw_positive_bias-run1-prior1	rw_positive_bias	run1	1.0	none	False	sub-136	dissimilar	epsilon	0.01666063970426328	0.01983424444950921	0.00013321190783172502	0.00939670839425	0.07139551211289989
fit-rw_positive_bias-run1-prior1	rw_positive_bias	run1	1.0	none	False	sub-137	computer	alpha	2.8621486370445735	3.0147161964482425	0.6852463585414501	2.199749149	8.939383566544999
fit-rw_positive_bias-run1-prior1	rw_positive_bias	run1	1.0	none	False	sub-137	computer	gamma	1.2799468321840983	0.9432448844048662	0.344627186242675	1.04521601058	3.6631736671334982
fit-rw_positive_bias-run1-prior1	rw_positive_bias	run1	1.0	none	False	sub-137	computer	f0	10.367553580975677	2.434920591087265	6.8832947613575	9.89145779825	16.664829045134997
fit-rw_positive_bias-run1-prior1	rw_positive_bias	run1	1.0	none	False	sub-137	computer	epsilon	0.0025030141235455675	0.004092070864378446	3.33301347947275e-05	0.0012718714081100002	0.012466716571005
fit-rw_positive_bias-run1-prior1	rw_positive_bias	run1	1.0	none	False	sub-137	all	acceptance_bias	1.3730803260267705	1.7637462327719151	-2.28469253365	1.419869103215	4.840764079578998
fit-rw_positive_bias-run1-prior1	rw_positive_bias	run1	1.0	none	False	sub-137	similar	alpha	2.1348192500576673	3.044160006174158	0.5717276218247	1.58638686035	7.121748701264242
fit-rw_positive_bias-run1-prior1	rw_positive_bias	run1	1.0	none	False	sub-137	similar	gamma	0.9780178789600293	0.4951769719786153	0.31867227537575005	0.875936309264	2.2051305294349994
fit-rw_positive_bias-run1-prior1	rw_positive_bias	run1	1.0	none	False	sub-137	similar	f0	10.944577352893731	2.55158449386554	6.356084605662	10.63698011955	17.0242644818375
fit-rw_positive_bias-run1-prior1	rw_positive_bias	run1	1.0	none	False	sub-137	similar	epsilon	0.003424537130017772	0.005953845633285904	4.1262370249392505e-05	0.001621601762575	0.01779818719271744
fit-rw_positive_bias-run1-prior1	rw_positive_bias	run1	1.0	none	False	sub-137	dissimilar	alpha	2.3300228552668933	2.604431833387044	0.659525419877775	1.82744004951	7.1109897860964955
fit-rw_positive_bias-run1-prior1	rw_positive_bias	run1	1.0	none	False	sub-137	dissimilar	gamma	2.2054200199047345	1.9063529703869366	0.5182578563125501	1.7351913623100002	6.720681062454749
fit-rw_positive_bias-run1-prior1	rw_positive_bias	run1	1.0	none	False	sub-137	dissimilar	f0	10.880864911242405	2.3212802308020013	7.373076701111501	10.4623277533	16.865312693072493
fit-rw_positive_bias-run1-prior1	rw_positive_bias	run1	1.0	none	False	sub-137	dissimilar	epsilon	0.0029730965925122478	0.0039428501126702094	5.14391651287475e-05	0.001887231348615	0.011653557876104979
fit-rw_positive_bias-run1-prior1	rw_positive_bias	run1	1.0	none	False	sub-138	computer	alpha	2.1262763019521365	1.4623912644834776	0.4078386450811	1.82016169046	5.642722520342746
fit-rw_positive_bias-run1-prior1	rw_positive_bias	run1	1.0	none	False	sub-138	computer	gamma	0.32982148221688984	0.4747842497232202	0.0660135162701325	0.231763496262	1.2516136619764988
fit-rw_positive_bias-run1-prior1	rw_positive_bias	run1	1.0	none	False	sub-138	computer	f0	7.0774873950551935	4.278896617235882	0.502792717144825	6.67675461923	16.56099826889
fit-rw_positive_bias-run1-prior1	rw_positive_bias	run1	1.0	none	False	sub-138	computer	epsilon	0.05318567632269041	0.11971317368572654	6.32024916892725e-05	0.00556317373417	0.4340280670840959
fit-rw_positive_bias-run1-prior1	rw_positive_bias	run1	1.0	none	False	sub-138	all	acceptance_bias	1.9291764487523286	1.564184592785248	-1.243028621457	1.873522173335	5.126893577014995
fit-rw_positive_bias-run1-prior1	rw_positive_bias	run1	1.0	none	False	sub-138	similar	alpha	1.8053677977296738	1.1636359470524427	0.42570973998977496	1.584951334735	4.529847674839998
fit-rw_positive_bias-run1-prior1	rw_positive_bias	run1	1.0	none	False	sub-138	similar	gamma	0.37947189877531295	0.1787400830684201	0.129939402335375	0.346220973217	0.8156209772320994
fit-rw_positive_bias-run1-prior1	rw_positive_bias	run1	1.0	none	False	sub-138	similar	f0	8.460834483773802	4.366898822397076	0.60505468600795	8.70920619298	16.87965913207
fit-rw_positive_bias-run1-prior1	rw_positive_bias	run1	1.0	none	False	sub-138	similar	epsilon	0.059314180640890904	0.11573972392809978	7.851957340243251e-05	0.006856029148695	0.4058158596545495
fit-rw_positive_bias-run1-prior1	rw_positive_bias	run1	1.0	none	False	sub-138	dissimilar	alpha	1.93409897238822	1.1945909330631452	0.452201026236275	1.72374575487	4.76382986941775
fit-rw_positive_bias-run1-prior1	rw_positive_bias	run1	1.0	none	False	sub-138	dissimilar	gamma	0.42346370009954354	0.1824033201621635	0.153506867838125	0.392994824257	0.8574302632911
fit-rw_positive_bias-run1-prior1	rw_positive_bias	run1	1.0	none	False	sub-138	dissimilar	f0	8.229918293024275	4.331187940528624	0.567500070767575	8.366186572305	16.821584335084996
fit-rw_positive_bias-run1-prior1	rw_positive_bias	run1	1.0	none	False	sub-138	dissimilar	epsilon	0.06085848200834071	0.11460244438650574	0.00010311920928212502	0.007841763003705	0.38194783599124993
fit-rw_positive_bias-run1-prior1	rw_positive_bias	run1	1.0	none	False	sub-140	computer	alpha	1.8682050436597877	1.3393613169609566	0.245589547210775	1.579516003405	5.136626431748749
fit-rw_positive_bias-run1-prior1	rw_positive_bias	run1	1.0	none	False	sub-140	computer	gamma	0.3305818296494104	0.20322226701203375	0.0831675039940425	0.283373401077	0.8483438167058222
fit-rw_positive_bias-run1-prior1	rw_positive_bias	run1	1.0	none	False	sub-140	computer	f0	5.813039606709742	3.948128013696196	0.386039992604225	5.2055458066549996	15.153116787132497
fit-rw_positive_bias-run1-prior1	rw_positive_bias	run1	1.0	none	False	sub-140	computer	epsilon	0.06910826985087899	0.14251236070349244	6.895368059974501e-05	0.00578324332595	0.5187872703415999
fit-rw_positive_bias-run1-prior1	rw_positive_bias	run1	1.0	none	False	sub-140	all	acceptance_bias	0.7348859632833801	1.041363988319378	-1.1304147896049999	0.6615498628450001	2.9865432217577483
fit-rw_positive_bias-run1-prior1	rw_positive_bias	run1	1.0	none	False	sub-140	similar	alpha	1.4311361970851477	0.950078841668228	0.22617215892165	1.266675823255	3.6777610128204987
fit-rw_positive_bias-run1-prior1	rw_positive_bias	run1	1.0	none	False	sub-140	similar	gamma	0.42601410017093594	0.2309937276508258	0.12285646653535	0.3814660120995	0.9961986032603249
fit-rw_positive_bias-run1-prior1	rw_positive_bias	run1	1.0	none	False	sub-140	similar	f0	6.56692113237554	4.159267225946449	0.468384317290875	6.145628201485	15.756365065007484
fit-rw_positive_bias-run1-prior1	rw_positive_bias	run1	1.0	none	False	sub-140	similar	epsilon	0.08104869367579996	0.15762453729898748	8.904047888225751e-05	0.0070232439525299995	0.5645896483398994
fit-rw_positive_bias-run1-prior1	rw_positive_bias	run1	1.0	none	False	sub-140	dissimilar	alpha	1.4850866971979524	0.9369453209961683	0.229145557449525	1.3373283975399999	3.6272351315267497
fit-rw_positive_bias-run1-prior1	rw_positive_bias	run1	1.0	none	False	sub-140	dissimilar	gamma	0.27806934026851693	0.12321680061229498	0.0980653573595925	0.2575403847655	0.5673630367052748
fit-rw_positive_bias-run1-prior1	rw_positive_bias	run1	1.0	none	False	sub-140	dissimilar	f0	6.400257952969348	4.140052498362654	0.45291880932045003	5.929765458155	15.56333915338249
fit-rw_positive_bias-run1-prior1	rw_positive_bias	run1	1.0	none	False	sub-140	dissimilar	epsilon	0.09008191636600647	0.17373389289217694	0.000114233075326725	0.008290333647494999	0.634120849338925
fit-rw_positive_bias-run1-prior1	rw_positive_bias	run1	1.0	none	False	sub-141	computer	alpha	1.899956943280305	1.4538476049049471	0.193252026909375	1.588592876755	5.406655294431997
fit-rw_positive_bias-run1-prior1	rw_positive_bias	run1	1.0	none	False	sub-141	computer	gamma	0.23693417583500836	0.1613835540785857	0.038453665242084996	0.1998224114625	0.647010148353975
fit-rw_positive_bias-run1-prior1	rw_positive_bias	run1	1.0	none	False	sub-141	computer	f0	4.082504959837133	4.0839279512343625	0.240371794241025	2.5008248541249998	15.43980890867749
fit-rw_positive_bias-run1-prior1	rw_positive_bias	run1	1.0	none	False	sub-141	computer	epsilon	0.05014886264774963	0.14663585958040506	5.29159593479525e-05	0.003785824757005	0.6146517171871239
fit-rw_positive_bias-run1-prior1	rw_positive_bias	run1	1.0	none	False	sub-141	all	acceptance_bias	3.374512564365727	1.0743054818940359	1.407126211023	3.312018364275	5.65309058598175
fit-rw_positive_bias-run1-prior1	rw_positive_bias	run1	1.0	none	False	sub-141	similar	alpha	1.433969932739483	1.0437679231671009	0.1739711898961	1.2600201175499999	3.852678690142981
fit-rw_positive_bias-run1-prior1	rw_positive_bias	run1	1.0	none	False	sub-141	similar	gamma	0.3848876810877438	0.3696537378947531	0.04687552946277	0.28067566206149996	1.3551548575182497
fit-rw_positive_bias-run1-prior1	rw_positive_bias	run1	1.0	none	False	sub-141	similar	f0	4.504141147443463	4.2040669781774085	0.29836735284285004	2.947165991585	15.892299080344998
fit-rw_positive_bias-run1-prior1	rw_positive_bias	run1	1.0	none	False	sub-141	similar	epsilon	0.05570970149357431	0.15531651813281375	6.826030603857e-05	0.004833038146985	0.6506218246815997
fit-rw_positive_bias-run1-prior1	rw_positive_bias	run1	1.0	none	False	sub-141	dissimilar	alpha	1.5300333103718307	1.06474822700469	0.18127837567462501	1.35658068447	4.004872081395247
fit-rw_positive_bias-run1-prior1	rw_positive_bias	run1	1.0	none	False	sub-141	dissimilar	gamma	0.4040021087441112	0.3788426182812363	0.049323012957367504	0.29936284210950004	1.3740289508219996
fit-rw_positive_bias-run1-prior1	rw_positive_bias	run1	1.0	none	False	sub-141	dissimilar	f0	4.368581230315656	4.135197636034037	0.280994993886775	2.838902718445	15.640434149227488
fit-rw_positive_bias-run1-prior1	rw_positive_bias	run1	1.0	none	False	sub-141	dissimilar	epsilon	0.061923306492097444	0.16489066826374368	8.527362576230251e-05	0.005692990710829999	0.7060636496286228
fit-rw_positive_bias-run1-prior1	rw_positive_bias	run1	1.0	none	False	sub-142	computer	alpha	1.7708220059858444	1.3588055806498527	0.2108690311918	1.463675732805	5.107451884477747
fit-rw_positive_bias-run1-prior1	rw_positive_bias	run1	1.0	none	False	sub-142	computer	gamma	0.9772229157548405	1.5999449416408622	0.11752635611315	0.5780447131465001	4.289284796140997
fit-rw_positive_bias-run1-prior1	rw_positive_bias	run1	1.0	none	False	sub-142	computer	f0	6.737330957321909	5.032578479468167	0.72388942579485	5.63029735172	17.4170132590875
fit-rw_positive_bias-run1-prior1	rw_positive_bias	run1	1.0	none	False	sub-142	computer	epsilon	0.08210028172373882	0.1419476729438965	6.267398774945752e-05	0.0141124367215	0.5179385721209245
fit-rw_positive_bias-run1-prior1	rw_positive_bias	run1	1.0	none	False	sub-142	all	acceptance_bias	3.6117669276654905	1.9077486539087227	0.030130663860577507	3.5352937602649996	7.559078005816999
fit-rw_positive_bias-run1-prior1	rw_positive_bias	run1	1.0	none	False	sub-142	similar	alpha	1.4528159254711281	1.0375235882975546	0.220545325458425	1.2650817667549998	3.849586560678748
fit-rw_positive_bias-run1-prior1	rw_positive_bias	run1	1.0	none	False	sub-142	similar	gamma	1.4931868013218788	2.0148755055353607	0.23257289217139998	1.016344991405	5.433687773821498
fit-rw_positive_bias-run1-prior1	rw_positive_bias	run1	1.0	none	False	sub-142	similar	f0	7.654728253604234	4.992647386977685	1.12587743891475	6.91412554994	17.6859671985025
fit-rw_positive_bias-run1-prior1	rw_positive_bias	run1	1.0	none	False	sub-142	similar	epsilon	0.0733514192454366	0.10829013239187141	8.08224473453925e-05	0.02069048157655	0.3557889136091988
fit-rw_positive_bias-run1-prior1	rw_positive_bias	run1	1.0	none	False	sub-142	dissimilar	alpha	1.5015740115351297	1.0241512915066346	0.21607565067909998	1.3272078123000002	3.908652003256499
fit-rw_positive_bias-run1-prior1	rw_positive_bias	run1	1.0	none	False	sub-142	dissimilar	gamma	1.2806013687330993	1.767712972969146	0.165225744925425	0.8297293242095	5.058476741666997
fit-rw_positive_bias-run1-prior1	rw_positive_bias	run1	1.0	none	False	sub-142	dissimilar	f0	7.399503095061151	4.985708631866789	1.0277903421210002	6.526322012185	17.576323399864997
fit-rw_positive_bias-run1-prior1	rw_positive_bias	run1	1.0	none	False	sub-142	dissimilar	epsilon	0.09328723105973619	0.13640818319948378	0.00010008528611566751	0.0222665357898	0.4651765095254499
fit-rw_positive_bias-run1-prior1	rw_positive_bias	run1	1.0	none	False	sub-143	computer	alpha	2.1213893919590863	1.6149746761107018	0.2497996023414	1.7804821309749999	6.090780261221738
fit-rw_positive_bias-run1-prior1	rw_positive_bias	run1	1.0	none	False	sub-143	computer	gamma	1.2126149675274982	0.9329256925960736	0.29618575894215	0.976608298737	3.5111392224639983
fit-rw_positive_bias-run1-prior1	rw_positive_bias	run1	1.0	none	False	sub-143	computer	f0	3.648884060937795	2.3121227675043228	0.8820414665651	3.056403746945	10.368305867847463
fit-rw_positive_bias-run1-prior1	rw_positive_bias	run1	1.0	none	False	sub-143	computer	epsilon	0.009607758331557786	0.02592480281142474	6.19448315609375e-05	0.0038262540429749997	0.049532315373017236
fit-rw_positive_bias-run1-prior1	rw_positive_bias	run1	1.0	none	False	sub-143	all	acceptance_bias	1.6727245930170467	1.5021228703903657	-1.240059943288	1.629715815575	4.772558090112996
fit-rw_positive_bias-run1-prior1	rw_positive_bias	run1	1.0	none	False	sub-143	similar	alpha	1.5362262671257958	1.0938884453829252	0.227509056500825	1.345947919125	4.098798993562998
fit-rw_positive_bias-run1-prior1	rw_positive_bias	run1	1.0	none	False	sub-143	similar	gamma	0.9668924967711671	0.50859653731793	0.2997479933044	0.8577089191875	2.246096635879498
fit-rw_positive_bias-run1-prior1	rw_positive_bias	run1	1.0	none	False	sub-143	similar	f0	4.201054433085785	2.4311193753832034	0.990567555842525	3.66281987186	10.80698014716999
fit-rw_positive_bias-run1-prior1	rw_positive_bias	run1	1.0	none	False	sub-143	similar	epsilon	0.012252678832751336	0.02921706959649512	7.8061422082055e-05	0.00484671688518	0.06520879944218747
fit-rw_positive_bias-run1-prior1	rw_positive_bias	run1	1.0	none	False	sub-143	dissimilar	alpha	1.6779616730432196	1.1456601664581096	0.240159467238625	1.4903265754200001	4.318923515668748
fit-rw_positive_bias-run1-prior1	rw_positive_bias	run1	1.0	none	False	sub-143	dissimilar	gamma	1.4484105485443257	1.1169752338720338	0.335651574993375	1.1743574594	4.220790001036243
fit-rw_positive_bias-run1-prior1	rw_positive_bias	run1	1.0	none	False	sub-143	dissimilar	f0	4.095827464009576	2.390646263508072	0.965046814432825	3.568201518695	10.849503652454999
fit-rw_positive_bias-run1-prior1	rw_positive_bias	run1	1.0	none	False	sub-143	dissimilar	epsilon	0.015175806253992397	0.033571583666680796	9.018028203372001e-05	0.00582305704436	0.08141751166739498
fit-rw_positive_bias-run1-prior1	rw_positive_bias	run1	1.0	none	False	sub-144	computer	alpha	3.2294080816901434	3.037798926838276	0.8714633147243249	2.5007827320200002	10.227925332527494
fit-rw_positive_bias-run1-prior1	rw_positive_bias	run1	1.0	none	False	sub-144	computer	gamma	1.956079122234065	1.6943065870368867	0.43433544418767506	1.497019950585	6.250725062573998
fit-rw_positive_bias-run1-prior1	rw_positive_bias	run1	1.0	none	False	sub-144	computer	f0	11.745502419833317	2.2555931093771475	8.49462807478575	11.31792993065	17.366692381262492
fit-rw_positive_bias-run1-prior1	rw_positive_bias	run1	1.0	none	False	sub-144	computer	epsilon	0.002229942887899489	0.002592959312479972	3.476981632281001e-05	0.001309645547115	0.009320765866980975
fit-rw_positive_bias-run1-prior1	rw_positive_bias	run1	1.0	none	False	sub-144	all	acceptance_bias	1.009729966441172	1.9947463110541634	-3.1032456366725	1.062834993595	4.914540211589246
fit-rw_positive_bias-run1-prior1	rw_positive_bias	run1	1.0	none	False	sub-144	similar	alpha	2.4954965979595176	2.7408471284272435	0.784218679581025	1.86393268298	8.197681068412981
fit-rw_positive_bias-run1-prior1	rw_positive_bias	run1	1.0	none	False	sub-144	similar	gamma	2.5975118304728047	2.546013326101661	0.49916868439035	1.9034211166350001	8.947449127268246
fit-rw_positive_bias-run1-prior1	rw_positive_bias	run1	1.0	none	False	sub-144	similar	f0	12.552103640784805	2.2807677598933394	8.7344321409345	12.343572944	17.676571716442492
fit-rw_positive_bias-run1-prior1	rw_positive_bias	run1	1.0	none	False	sub-144	similar	epsilon	0.003056691547638034	0.0038501608379733136	4.15822544934175e-05	0.001668014275235	0.013847078939362498
fit-rw_positive_bias-run1-prior1	rw_positive_bias	run1	1.0	none	False	sub-144	dissimilar	alpha	2.6005530422221375	2.278212519084378	0.869707495018475	2.067031206475	7.6662351787592495
fit-rw_positive_bias-run1-prior1	rw_positive_bias	run1	1.0	none	False	sub-144	dissimilar	gamma	2.135451664103234	1.8422040096876025	0.471869608585025	1.65446962014	6.54477394438149
fit-rw_positive_bias-run1-prior1	rw_positive_bias	run1	1.0	none	False	sub-144	dissimilar	f0	12.462105644184078	2.1092083778692094	9.09407605590425	12.18492340265	17.46623560648749
fit-rw_positive_bias-run1-prior1	rw_positive_bias	run1	1.0	none	False	sub-144	dissimilar	epsilon	0.0034359194209217883	0.004265290042220612	5.29093809958475e-05	0.00194420121098	0.01534434865784747
fit-rw_positive_bias-run1-prior1	rw_positive_bias	run1	1.0	none	False	sub-147	computer	alpha	2.3181367189874478	1.6317311415889502	0.33195341472857504	1.9887230279249999	6.362471505868244
fit-rw_positive_bias-run1-prior1	rw_positive_bias	run1	1.0	none	False	sub-147	computer	gamma	0.3264683544708499	0.14108190929177167	0.11421082351495	0.3052070551975	0.6582078740695245
fit-rw_positive_bias-run1-prior1	rw_positive_bias	run1	1.0	none	False	sub-147	computer	f0	4.426326969830782	2.725879012088981	0.6710823294157	3.9470496119850003	12.002249518145
fit-rw_positive_bias-run1-prior1	rw_positive_bias	run1	1.0	none	False	sub-147	computer	epsilon	0.011207722458335432	0.039773786071234954	5.1509231293902506e-05	0.003546133048165	0.054771789233695
fit-rw_positive_bias-run1-prior1	rw_positive_bias	run1	1.0	none	False	sub-147	all	acceptance_bias	1.2925347191883803	1.0183275680289323	-0.6383141729465001	1.268370579065	3.4092325742687493
fit-rw_positive_bias-run1-prior1	rw_positive_bias	run1	1.0	none	False	sub-147	similar	alpha	1.8486429104652415	1.3409647541016858	0.30775768758432503	1.59458304534	5.042261521095743
fit-rw_positive_bias-run1-prior1	rw_positive_bias	run1	1.0	none	False	sub-147	similar	gamma	0.7030451848318506	0.4448403339368663	0.193556225957	0.6002121930135	1.8608196587304988
fit-rw_positive_bias-run1-prior1	rw_positive_bias	run1	1.0	none	False	sub-147	similar	f0	5.03221406160585	2.7300237219403725	0.8253502612812251	4.57083936901	12.29338492706248
fit-rw_positive_bias-run1-prior1	rw_positive_bias	run1	1.0	none	False	sub-147	similar	epsilon	0.013517643810078504	0.04088995354333848	6.221614316064e-05	0.00438022723889	0.06504668283955001
fit-rw_positive_bias-run1-prior1	rw_positive_bias	run1	1.0	none	False	sub-147	dissimilar	alpha	1.8374508272632244	1.260758421624219	0.295663652453875	1.624269417955	4.783497065177749
fit-rw_positive_bias-run1-prior1	rw_positive_bias	run1	1.0	none	False	sub-147	dissimilar	gamma	0.4792536621535306	0.3378086735566463	0.10710241765135001	0.3961246442975	1.3271619813814983
fit-rw_positive_bias-run1-prior1	rw_positive_bias	run1	1.0	none	False	sub-147	dissimilar	f0	4.716197233964823	2.731293441508943	0.8037925236528001	4.213113188605	12.168224925272492
fit-rw_positive_bias-run1-prior1	rw_positive_bias	run1	1.0	none	False	sub-147	dissimilar	epsilon	0.015822328692327196	0.045711911669647345	7.875265337016e-05	0.005163795018895	0.08270097600014739
fit-rw_positive_bias-run1-prior1	rw_positive_bias	run1	1.0	none	False	sub-149	computer	alpha	2.36805331305165	2.3022379358054126	0.25164567393704995	1.87129875485	7.5056076782564976
fit-rw_positive_bias-run1-prior1	rw_positive_bias	run1	1.0	none	False	sub-149	computer	gamma	2.4353914140577326	2.6622998312603516	0.35720544141905	1.72775370463	8.824851407396997
fit-rw_positive_bias-run1-prior1	rw_positive_bias	run1	1.0	none	False	sub-149	computer	f0	3.626373164566057	2.600976263134274	1.32809551823	2.732689141105	11.451619527904981
fit-rw_positive_bias-run1-prior1	rw_positive_bias	run1	1.0	none	False	sub-149	computer	epsilon	0.015150702465162166	0.0702972641038299	3.9282543641525e-05	0.0019486247114349998	0.11416044956672484
fit-rw_positive_bias-run1-prior1	rw_positive_bias	run1	1.0	none	False	sub-149	all	acceptance_bias	1.817909431348893	2.0198048482013107	-2.15873421678175	1.809158138265	5.81934439598525
fit-rw_positive_bias-run1-prior1	rw_positive_bias	run1	1.0	none	False	sub-149	similar	alpha	1.8027431269819991	1.8180754485307047	0.226783334723075	1.4399321599600001	5.732780772020231
fit-rw_positive_bias-run1-prior1	rw_positive_bias	run1	1.0	none	False	sub-149	similar	gamma	2.9985969619994473	3.7647389898439068	0.38922724728264996	1.983281233695	11.7968288273975
fit-rw_positive_bias-run1-prior1	rw_positive_bias	run1	1.0	none	False	sub-149	similar	f0	4.253376291729893	2.6841263921004552	1.56756320954425	3.3875034197850002	11.988105623942497
fit-rw_positive_bias-run1-prior1	rw_positive_bias	run1	1.0	none	False	sub-149	similar	epsilon	0.016842303832761744	0.06892887533191928	4.8920983578727504e-05	0.002520289024115	0.13076805665057437
fit-rw_positive_bias-run1-prior1	rw_positive_bias	run1	1.0	none	False	sub-149	dissimilar	alpha	1.9720565455655743	1.6961088227187415	0.2665171073481	1.66434598572	5.606600043115736
fit-rw_positive_bias-run1-prior1	rw_positive_bias	run1	1.0	none	False	sub-149	dissimilar	gamma	2.8441868590739285	3.1974925857497243	0.4428399899825	1.940524054315	10.831498239624972
fit-rw_positive_bias-run1-prior1	rw_positive_bias	run1	1.0	none	False	sub-149	dissimilar	f0	4.323876681209561	2.541296684676838	1.43416032817275	3.5662923544550003	11.7936559954225
fit-rw_positive_bias-run1-prior1	rw_positive_bias	run1	1.0	none	False	sub-149	dissimilar	epsilon	0.018353513160522	0.06871368232606215	5.940173326635e-05	0.003028811065005	0.14337741776869967
fit-rw_positive_bias-run1-prior1	rw_positive_bias	run1	1.0	none	False	sub-150	computer	alpha	2.2139456679866902	1.5407364862574116	0.413625238478075	1.87908745149	5.95107812742124
fit-rw_positive_bias-run1-prior1	rw_positive_bias	run1	1.0	none	False	sub-150	computer	gamma	0.768427017844541	0.48625352574091263	0.2323811638204	0.6547616964325	1.9758987169135
fit-rw_positive_bias-run1-prior1	rw_positive_bias	run1	1.0	none	False	sub-150	computer	f0	6.408884319708713	2.7033053620923893	2.8548726085347504	5.755477536825	13.369352935282485
fit-rw_positive_bias-run1-prior1	rw_positive_bias	run1	1.0	none	False	sub-150	computer	epsilon	0.022051509572625624	0.04782185988520725	7.345205625283e-05	0.006170615545625	0.14129536176684998
fit-rw_positive_bias-run1-prior1	rw_positive_bias	run1	1.0	none	False	sub-150	all	acceptance_bias	0.9292428824220768	1.4191372835791745	-1.867827399954	0.9008676562305	3.811526035936497
fit-rw_positive_bias-run1-prior1	rw_positive_bias	run1	1.0	none	False	sub-150	similar	alpha	1.6503964478736195	1.0754311517892996	0.37566436366440004	1.444052042275	4.244254355580993
fit-rw_positive_bias-run1-prior1	rw_positive_bias	run1	1.0	none	False	sub-150	similar	gamma	0.5695700962508725	0.24435899161122113	0.215479514676575	0.5270243229905001	1.1657491814229997
fit-rw_positive_bias-run1-prior1	rw_positive_bias	run1	1.0	none	False	sub-150	similar	f0	7.242674867175359	2.851074081867848	3.2772768898030002	6.78766924078	14.208464654394996
fit-rw_positive_bias-run1-prior1	rw_positive_bias	run1	1.0	none	False	sub-150	similar	epsilon	0.02495014416825983	0.05465078174330611	9.2078839171965e-05	0.00775433311781	0.15013912331339974
fit-rw_positive_bias-run1-prior1	rw_positive_bias	run1	1.0	none	False	sub-150	dissimilar	alpha	1.7900604355173813	1.0931818062715022	0.41202978246442495	1.603008141815	4.320530390782249
fit-rw_positive_bias-run1-prior1	rw_positive_bias	run1	1.0	none	False	sub-150	dissimilar	gamma	1.213361332822948	0.8653777789813372	0.364584618335	1.001076651575	3.3239974270577486
fit-rw_positive_bias-run1-prior1	rw_positive_bias	run1	1.0	none	False	sub-150	dissimilar	f0	7.052617106470986	2.711644983799792	3.40234130635675	6.4575812079	13.867234241835
fit-rw_positive_bias-run1-prior1	rw_positive_bias	run1	1.0	none	False	sub-150	dissimilar	epsilon	0.02716559140635982	0.05091409312201493	0.000113364941107875	0.00948557963043	0.14968079010737498
fit-rw_positive_bias-run1-prior1	rw_positive_bias	run1	1.0	none	False	sub-151	computer	alpha	2.7429277127985747	2.348679663823311	0.564811303908275	2.2194926918649998	8.05951569592773
fit-rw_positive_bias-run1-prior1	rw_positive_bias	run1	1.0	none	False	sub-151	computer	gamma	1.233912479979003	0.963830054714465	0.318258441626575	0.9856726969730001	3.672760597485492
fit-rw_positive_bias-run1-prior1	rw_positive_bias	run1	1.0	none	False	sub-151	computer	f0	8.00758821482801	2.3784311066583603	5.04753018491875	7.43659740943	14.453644770692497
fit-rw_positive_bias-run1-prior1	rw_positive_bias	run1	1.0	none	False	sub-151	computer	epsilon	0.0018648179775994842	0.003328571327456615	2.28450370113675e-05	0.0008418439146065	0.009921462935121481
fit-rw_positive_bias-run1-prior1	rw_positive_bias	run1	1.0	none	False	sub-151	all	acceptance_bias	1.0032284347299627	1.9666957107440917	-3.019907577771	1.02124845573	4.803351346072741
fit-rw_positive_bias-run1-prior1	rw_positive_bias	run1	1.0	none	False	sub-151	similar	alpha	2.217772981858235	1.8581045706474786	0.6175249301103	1.839296246915	6.128003589420996
fit-rw_positive_bias-run1-prior1	rw_positive_bias	run1	1.0	none	False	sub-151	similar	gamma	1.4110666440537278	0.9592527477766879	0.41141424417164996	1.1654856633800001	3.881394382172991
fit-rw_positive_bias-run1-prior1	rw_positive_bias	run1	1.0	none	False	sub-151	similar	f0	9.672024471567681	2.1522849113370897	6.5898724151425006	9.274729135880001	15.174992119495
fit-rw_positive_bias-run1-prior1	rw_positive_bias	run1	1.0	none	False	sub-151	similar	epsilon	0.002081221489988794	0.0032375514324366125	2.8952488688104997e-05	0.001050402175805	0.010168349307387489
fit-rw_positive_bias-run1-prior1	rw_positive_bias	run1	1.0	none	False	sub-151	dissimilar	alpha	2.2516517350582537	1.8237147269562937	0.5868938526429	1.887241773595	6.29098834645175
fit-rw_positive_bias-run1-prior1	rw_positive_bias	run1	1.0	none	False	sub-151	dissimilar	gamma	1.4285721760402241	0.9777042511063075	0.408953231470825	1.18691157138	3.8989052388864973
fit-rw_positive_bias-run1-prior1	rw_positive_bias	run1	1.0	none	False	sub-151	dissimilar	f0	9.15752840866244	2.24916686753637	6.09409746372625	8.68828729362	15.104431906179995
fit-rw_positive_bias-run1-prior1	rw_positive_bias	run1	1.0	none	False	sub-151	dissimilar	epsilon	0.0023555901936095818	0.0034764756927212113	3.523399577802e-05	0.00124235077272	0.011210829730609953
fit-rw_positive_bias-run1-prior1	rw_positive_bias	run1	1.0	none	False	sub-152	computer	alpha	1.895495990912527	1.487144169251983	0.167292558946575	1.58494671598	5.436196837272244
fit-rw_positive_bias-run1-prior1	rw_positive_bias	run1	1.0	none	False	sub-152	computer	gamma	1.17822109636333	1.8406219650457682	0.07809000868917	0.6498203981605	5.71553658016099
fit-rw_positive_bias-run1-prior1	rw_positive_bias	run1	1.0	none	False	sub-152	computer	f0	3.0188707093524014	3.210007552779046	0.20244131915490002	1.814733640095	12.476261685082497
fit-rw_positive_bias-run1-prior1	rw_positive_bias	run1	1.0	none	False	sub-152	computer	epsilon	0.045883935771324644	0.14523770552471418	5.42121187488925e-05	0.003920039765725	0.6045781702322982
fit-rw_positive_bias-run1-prior1	rw_positive_bias	run1	1.0	none	False	sub-152	all	acceptance_bias	3.5751617514427827	1.7788146489739687	0.25641753584255	3.516302595165	7.277219117137497
fit-rw_positive_bias-run1-prior1	rw_positive_bias	run1	1.0	none	False	sub-152	similar	alpha	1.4216539885324055	1.0329830998666845	0.14773755769559999	1.2570334004350001	3.8403245928552487
fit-rw_positive_bias-run1-prior1	rw_positive_bias	run1	1.0	none	False	sub-152	similar	gamma	1.4589726391463447	2.3651775268377193	0.09407987994645249	0.774721447234	7.172507044924243
fit-rw_positive_bias-run1-prior1	rw_positive_bias	run1	1.0	none	False	sub-152	similar	f0	3.3918417548402093	3.3891263828257956	0.25010283859135	2.136680163635	13.127483554679985
fit-rw_positive_bias-run1-prior1	rw_positive_bias	run1	1.0	none	False	sub-152	similar	epsilon	0.05025637151447809	0.14983019804276412	6.899199043978251e-05	0.00507274589637	0.6398626477535477
fit-rw_positive_bias-run1-prior1	rw_positive_bias	run1	1.0	none	False	sub-152	dissimilar	alpha	1.520578166460749	1.071361520200094	0.154123968156325	1.351226517235	3.996033662374239
fit-rw_positive_bias-run1-prior1	rw_positive_bias	run1	1.0	none	False	sub-152	dissimilar	gamma	1.561115436114313	2.5447324611082296	0.0998235570174975	0.8450638920955	7.484061345792989
fit-rw_positive_bias-run1-prior1	rw_positive_bias	run1	1.0	none	False	sub-152	dissimilar	f0	3.27403363266464	3.315856243606598	0.24267659387722498	2.04255937573	12.846901506502498
fit-rw_positive_bias-run1-prior1	rw_positive_bias	run1	1.0	none	False	sub-152	dissimilar	epsilon	0.05546220492551246	0.15819104846099874	8.3990769418915e-05	0.00588819662477	0.6863638373756993
fit-rw_positive_bias-run1-prior1	rw_positive_bias	run1	1.0	none	False	sub-153	computer	alpha	2.356714006033871	1.7144762712213244	0.43956448346455	1.9959539772400001	6.382997619011742
fit-rw_positive_bias-run1-prior1	rw_positive_bias	run1	1.0	none	False	sub-153	computer	gamma	1.4960635756104008	1.1091078648852115	0.413005384979725	1.20629381057	4.2726964381632495
fit-rw_positive_bias-run1-prior1	rw_positive_bias	run1	1.0	none	False	sub-153	computer	f0	6.936625476950035	2.3631528701104165	3.03677973643	6.458429253745	13.300935416217486
fit-rw_positive_bias-run1-prior1	rw_positive_bias	run1	1.0	none	False	sub-153	computer	epsilon	0.015749732820577168	0.036846982454086324	6.16611173286425e-05	0.00418346598769	0.10420020823869972
fit-rw_positive_bias-run1-prior1	rw_positive_bias	run1	1.0	none	False	sub-153	all	acceptance_bias	1.1641343650373122	2.1177121282805786	-3.29685692638675	1.2470540352150001	5.197177341355497
fit-rw_positive_bias-run1-prior1	rw_positive_bias	run1	1.0	none	False	sub-153	similar	alpha	1.6781052457452286	1.3105478828690815	0.31323518033185	1.43249528716	4.6327667987962435
fit-rw_positive_bias-run1-prior1	rw_positive_bias	run1	1.0	none	False	sub-153	similar	gamma	2.1136752508864043	1.7871775767815268	0.49764439839587504	1.65581131006	6.508779486653998
fit-rw_positive_bias-run1-prior1	rw_positive_bias	run1	1.0	none	False	sub-153	similar	f0	6.6592108134342585	2.6386619543350975	3.204163639887	6.063446598115	13.774718144692494
fit-rw_positive_bias-run1-prior1	rw_positive_bias	run1	1.0	none	False	sub-153	similar	epsilon	0.020598704585580434	0.04916437503870383	8.11574485888325e-05	0.00517843738449	0.1378990619309997
fit-rw_positive_bias-run1-prior1	rw_positive_bias	run1	1.0	none	False	sub-153	dissimilar	alpha	1.7360907813978252	1.3060849939370118	0.30994112048305	1.5126966717700001	4.6808422689049936
fit-rw_positive_bias-run1-prior1	rw_positive_bias	run1	1.0	none	False	sub-153	dissimilar	gamma	1.812419984982178	1.2927970636570119	0.47732898972615	1.49309469844	5.024954694753748
fit-rw_positive_bias-run1-prior1	rw_positive_bias	run1	1.0	none	False	sub-153	dissimilar	f0	6.326902224889503	2.6689796041565885	3.0779022991752503	5.641240402899999	13.656647030842496
fit-rw_positive_bias-run1-prior1	rw_positive_bias	run1	1.0	none	False	sub-153	dissimilar	epsilon	0.022998305038006144	0.052713527472663835	9.590518087543e-05	0.00633572514384	0.15071334042977477
fit-rw_positive_bias-run1-prior1	rw_positive_bias	run1	1.0	none	False	sub-154	computer	alpha	2.304616427173379	1.484553808523199	0.6015688129341751	1.9518105006450002	6.016022479676494
fit-rw_positive_bias-run1-prior1	rw_positive_bias	run1	1.0	none	False	sub-154	computer	gamma	0.37519674299650935	0.1750191388246455	0.12809436711035	0.344920987098	0.7982392076221496
fit-rw_positive_bias-run1-prior1	rw_positive_bias	run1	1.0	none	False	sub-154	computer	f0	11.549354881220248	2.825999535352822	6.8112374187165	11.17491213615	17.896496685764998
fit-rw_positive_bias-run1-prior1	rw_positive_bias	run1	1.0	none	False	sub-154	computer	epsilon	0.0052572652724000735	0.027778765929159496	3.52598866784275e-05	0.001595194617045	0.02139799120654
fit-rw_positive_bias-run1-prior1	rw_positive_bias	run1	1.0	none	False	sub-154	all	acceptance_bias	-0.2539832021930937	1.2791836833807135	-2.91916326341725	-0.245511207046	2.2424061039727405
fit-rw_positive_bias-run1-prior1	rw_positive_bias	run1	1.0	none	False	sub-154	similar	alpha	1.778573275815718	0.9867329838481511	0.559764726369375	1.574011814975	4.287384304303247
fit-rw_positive_bias-run1-prior1	rw_positive_bias	run1	1.0	none	False	sub-154	similar	gamma	0.25424170331259444	0.10784987980725672	0.0959961566316325	0.236476721043	0.5133378862409246
fit-rw_positive_bias-run1-prior1	rw_positive_bias	run1	1.0	none	False	sub-154	similar	f0	12.831466050144765	2.702390908299353	7.70177302031075	12.765169451350001	18.161943391244996
fit-rw_positive_bias-run1-prior1	rw_positive_bias	run1	1.0	none	False	sub-154	similar	epsilon	0.006323937029724846	0.03213534995160103	4.47891568479975e-05	0.00196015682967	0.024816337011922374
fit-rw_positive_bias-run1-prior1	rw_positive_bias	run1	1.0	none	False	sub-154	dissimilar	alpha	1.9541291042667692	1.0926323023430045	0.628466679838225	1.731620719115	4.604920541479491
fit-rw_positive_bias-run1-prior1	rw_positive_bias	run1	1.0	none	False	sub-154	dissimilar	gamma	0.7086963164920422	0.5249614691590391	0.192382086532175	0.5734139079280001	1.9942306758439972
fit-rw_positive_bias-run1-prior1	rw_positive_bias	run1	1.0	none	False	sub-154	dissimilar	f0	12.61086234720532	2.6148151720168067	8.264447773905749	12.4127697874	18.051448609477493
fit-rw_positive_bias-run1-prior1	rw_positive_bias	run1	1.0	none	False	sub-154	dissimilar	epsilon	0.007550625446452699	0.03286767769482727	5.522403085077e-05	0.002396654576055	0.03381956122815486
fit-rw_positive_bias-run1-prior1	rw_positive_bias	run1	1.0	none	False	sub-155	computer	alpha	4.249477491378295	4.865886175633711	1.134428549373	2.9714740634199996	15.486191880557483
fit-rw_positive_bias-run1-prior1	rw_positive_bias	run1	1.0	none	False	sub-155	computer	gamma	3.2024853777971134	3.5425823723971965	0.519641707239125	2.2536922987150003	11.369689984962498
fit-rw_positive_bias-run1-prior1	rw_positive_bias	run1	1.0	none	False	sub-155	computer	f0	13.428419808170958	2.1097366168089917	10.25888383062	13.0942256258	18.333787291237496
fit-rw_positive_bias-run1-prior1	rw_positive_bias	run1	1.0	none	False	sub-155	computer	epsilon	0.0016188603184497156	0.0016629297334366934	3.0001114302202502e-05	0.0010624134381250002	0.006067114850084748
fit-rw_positive_bias-run1-prior1	rw_positive_bias	run1	1.0	none	False	sub-155	all	acceptance_bias	1.1264113459658731	2.0384376630609715	-3.0874255263355	1.1667954331	5.095021064716247
fit-rw_positive_bias-run1-prior1	rw_positive_bias	run1	1.0	none	False	sub-155	similar	alpha	3.3688597798111624	4.628956071274557	1.095487804365	2.25172109758	12.717346930317474
fit-rw_positive_bias-run1-prior1	rw_positive_bias	run1	1.0	none	False	sub-155	similar	gamma	3.8716378762360972	4.803960528131627	0.527999215588025	2.57195227171	14.942209538634984
fit-rw_positive_bias-run1-prior1	rw_positive_bias	run1	1.0	none	False	sub-155	similar	f0	14.381092080290488	2.117696152319854	10.528254925979999	14.353896828	18.607240851505
fit-rw_positive_bias-run1-prior1	rw_positive_bias	run1	1.0	none	False	sub-155	similar	epsilon	0.0023127720074953306	0.0028304758273516263	3.63660843466975e-05	0.001317130959225	0.010206063871882495
fit-rw_positive_bias-run1-prior1	rw_positive_bias	run1	1.0	none	False	sub-155	dissimilar	alpha	3.53872997881663	3.933327067756228	1.187966354295	2.54466211608	12.253155676767483
fit-rw_positive_bias-run1-prior1	rw_positive_bias	run1	1.0	none	False	sub-155	dissimilar	gamma	4.157065261017656	5.415124592363894	0.58333728783375	2.731594106825	16.202015277544973
fit-rw_positive_bias-run1-prior1	rw_positive_bias	run1	1.0	none	False	sub-155	dissimilar	f0	14.32729756052764	1.9682545696149034	10.802407582134999	14.2249394298	18.4635559566775
fit-rw_positive_bias-run1-prior1	rw_positive_bias	run1	1.0	none	False	sub-155	dissimilar	epsilon	0.002621492997116135	0.0030663140571980715	4.2698810089295e-05	0.00155740188109	0.011123424266609982
fit-rw_positive_bias-run1-prior1	rw_positive_bias	run1	1.0	none	False	sub-156	computer	alpha	1.8496006924974935	1.4317433197205824	0.15206368641735	1.55917589604	5.392395554987748
fit-rw_positive_bias-run1-prior1	rw_positive_bias	run1	1.0	none	False	sub-156	computer	gamma	1.085928939349893	1.761953364517065	0.07314954185207749	0.5841805159294999	5.337109915420465
fit-rw_positive_bias-run1-prior1	rw_positive_bias	run1	1.0	none	False	sub-156	computer	f0	3.1633923488897295	3.367349520915729	0.19008593048937503	1.8619833190550001	12.875951214624994
fit-rw_positive_bias-run1-prior1	rw_positive_bias	run1	1.0	none	False	sub-156	computer	epsilon	0.04598822278289864	0.1504993495012481	5.17010349515625e-05	0.0027974491188249998	0.6493715890893745
fit-rw_positive_bias-run1-prior1	rw_positive_bias	run1	1.0	none	False	sub-156	all	acceptance_bias	3.736092691854639	1.7858143508398157	0.37416445560257505	3.680844902445	7.415434697872249
fit-rw_positive_bias-run1-prior1	rw_positive_bias	run1	1.0	none	False	sub-156	similar	alpha	1.3889893893318397	1.0114758093808942	0.140428944716475	1.2336685433349999	3.720303090376499
fit-rw_positive_bias-run1-prior1	rw_positive_bias	run1	1.0	none	False	sub-156	similar	gamma	1.3648953183947494	2.4679004131378774	0.08685690101949001	0.7225729092675	6.365047104655736
fit-rw_positive_bias-run1-prior1	rw_positive_bias	run1	1.0	none	False	sub-156	similar	f0	3.5387553693649947	3.5349114315678754	0.235631781048525	2.208320797645	13.566078429779997
fit-rw_positive_bias-run1-prior1	rw_positive_bias	run1	1.0	none	False	sub-156	similar	epsilon	0.04952744812308019	0.15513660701402515	6.521658704475999e-05	0.00359255003503	0.668027928543944
fit-rw_positive_bias-run1-prior1	rw_positive_bias	run1	1.0	none	False	sub-156	dissimilar	alpha	1.473391997467946	1.0328666668093744	0.145051738486025	1.326599393635	3.8630676262189962
fit-rw_positive_bias-run1-prior1	rw_positive_bias	run1	1.0	none	False	sub-156	dissimilar	gamma	1.437856440930456	2.445968374314364	0.09314130093502751	0.7569562759235	6.964444591757993
fit-rw_positive_bias-run1-prior1	rw_positive_bias	run1	1.0	none	False	sub-156	dissimilar	f0	3.417331025187368	3.4748562036858544	0.224776807641	2.0963785918199997	13.297333052182482
fit-rw_positive_bias-run1-prior1	rw_positive_bias	run1	1.0	none	False	sub-156	dissimilar	epsilon	0.0544697302612243	0.16382196299709254	7.938961924587e-05	0.004189756240275	0.7226054414833997
fit-rw_positive_bias-run1-prior1	rw_positive_bias	run1	1.0	none	False	sub-157	computer	alpha	2.209002112100975	1.5516962090336732	0.367923994541375	1.887120746625	6.053613322750996
fit-rw_positive_bias-run1-prior1	rw_positive_bias	run1	1.0	none	False	sub-157	computer	gamma	0.8941442687311034	0.540841518770488	0.25355731278507504	0.7659319739129999	2.283851852400248
fit-rw_positive_bias-run1-prior1	rw_positive_bias	run1	1.0	none	False	sub-157	computer	f0	4.098796931669718	2.2244619862224932	1.3467682142035	3.5944548380550003	10.299855356082485
fit-rw_positive_bias-run1-prior1	rw_positive_bias	run1	1.0	none	False	sub-157	computer	epsilon	0.02566742884464179	0.051082842853325226	8.124980428121501e-05	0.00694682672147	0.15888922447512488
fit-rw_positive_bias-run1-prior1	rw_positive_bias	run1	1.0	none	False	sub-157	all	acceptance_bias	1.7034015458509864	1.526741475329254	-1.1615082032445	1.62210762157	4.934062431252747
fit-rw_positive_bias-run1-prior1	rw_positive_bias	run1	1.0	none	False	sub-157	similar	alpha	1.777014132832996	1.1547741635247788	0.384665534289475	1.5548526423	4.594300809407997
fit-rw_positive_bias-run1-prior1	rw_positive_bias	run1	1.0	none	False	sub-157	similar	gamma	1.0101903338430642	0.5546859390553867	0.30291453417402503	0.891119413193	2.4176086836939965
fit-rw_positive_bias-run1-prior1	rw_positive_bias	run1	1.0	none	False	sub-157	similar	f0	5.171252740727603	2.293285076396597	1.6974689883820002	4.7902028867999995	11.074949821132497
fit-rw_positive_bias-run1-prior1	rw_positive_bias	run1	1.0	none	False	sub-157	similar	epsilon	0.029683880997423213	0.04886088168866435	9.2782155493725e-05	0.008938135189325	0.16564018683694945
fit-rw_positive_bias-run1-prior1	rw_positive_bias	run1	1.0	none	False	sub-157	dissimilar	alpha	1.941792333135669	1.2241289219247034	0.384609306719175	1.73027505101	4.858320021411749
fit-rw_positive_bias-run1-prior1	rw_positive_bias	run1	1.0	none	False	sub-157	dissimilar	gamma	1.7341389075515217	1.2101956650628747	0.469501619773225	1.426620824745	4.920955128769
fit-rw_positive_bias-run1-prior1	rw_positive_bias	run1	1.0	none	False	sub-157	dissimilar	f0	4.945926535640843	2.256333646996923	1.6303335657917501	4.529545382009999	11.177818329254999
fit-rw_positive_bias-run1-prior1	rw_positive_bias	run1	1.0	none	False	sub-157	dissimilar	epsilon	0.034431387091098185	0.05522931627329749	0.00012010364966900002	0.0104190057363	0.19908144384514986
fit-rw_positive_bias-run1-prior1	rw_positive_bias	run1	1.0	none	False	sub-158	computer	alpha	2.5669317056525314	1.669726296991369	0.7851308043805499	2.17066750972	6.672970415565747
fit-rw_positive_bias-run1-prior1	rw_positive_bias	run1	1.0	none	False	sub-158	computer	gamma	0.7365880228354187	0.43531197296641233	0.22716788861092502	0.6374324670005	1.8427982685692483
fit-rw_positive_bias-run1-prior1	rw_positive_bias	run1	1.0	none	False	sub-158	computer	f0	12.523298809973916	2.376149110160009	8.766138572621	12.1939359298	17.9712593524675
fit-rw_positive_bias-run1-prior1	rw_positive_bias	run1	1.0	none	False	sub-158	computer	epsilon	0.003544934636486919	0.00535985278978096	4.80732158327425e-05	0.0019485108160699999	0.016035121501424915
fit-rw_positive_bias-run1-prior1	rw_positive_bias	run1	1.0	none	False	sub-158	all	acceptance_bias	0.8936400426531133	1.781259554859308	-2.8103171122014996	0.938042959044	4.286313129254749
fit-rw_positive_bias-run1-prior1	rw_positive_bias	run1	1.0	none	False	sub-158	similar	alpha	1.8683303271512341	1.2534811625426046	0.65649130137165	1.592318682765	4.743021484658
fit-rw_positive_bias-run1-prior1	rw_positive_bias	run1	1.0	none	False	sub-158	similar	gamma	0.771088584885547	0.37501888722014215	0.25693460285242503	0.702124041077	1.6927561248827498
fit-rw_positive_bias-run1-prior1	rw_positive_bias	run1	1.0	none	False	sub-158	similar	f0	13.065206941180882	2.420297817689451	8.915763223169499	12.882735821	18.260339393455
fit-rw_positive_bias-run1-prior1	rw_positive_bias	run1	1.0	none	False	sub-158	similar	epsilon	0.004809526177111203	0.006754626955245103	5.6263448658765e-05	0.00252342922425	0.022641790223199988
fit-rw_positive_bias-run1-prior1	rw_positive_bias	run1	1.0	none	False	sub-158	dissimilar	alpha	2.039423491346876	1.1986695565511958	0.7559792205079501	1.78111125409	4.810858868928243
fit-rw_positive_bias-run1-prior1	rw_positive_bias	run1	1.0	none	False	sub-158	dissimilar	gamma	0.9078492765266382	0.44372567082067293	0.312763715638875	0.821353029642	2.0040933515667456
fit-rw_positive_bias-run1-prior1	rw_positive_bias	run1	1.0	none	False	sub-158	dissimilar	f0	13.007362307327375	2.2787316927617063	9.221440623480749	12.76613974125	18.088508318629994
fit-rw_positive_bias-run1-prior1	rw_positive_bias	run1	1.0	none	False	sub-158	dissimilar	epsilon	0.0047465940584620605	0.005879233600271892	7.37410449049725e-05	0.00299663701437	0.01830441257537747
fit-rw_positive_bias-run1-prior1	rw_positive_bias	run1	1.0	none	False	sub-159	computer	alpha	2.719092821542279	1.8460576872748526	0.743914921206125	2.27184231974	7.409508402514998
fit-rw_positive_bias-run1-prior1	rw_positive_bias	run1	1.0	none	False	sub-159	computer	gamma	0.744399713242306	0.5800133120003556	0.20306049549615	0.6108773075364999	2.084952303451999
fit-rw_positive_bias-run1-prior1	rw_positive_bias	run1	1.0	none	False	sub-159	computer	f0	11.525216543207547	2.4510344212160207	8.084098497307501	11.044663072950001	17.561544241629996
fit-rw_positive_bias-run1-prior1	rw_positive_bias	run1	1.0	none	False	sub-159	computer	epsilon	0.0013866973310482256	0.004948177720452027	2.1316792436555005e-05	0.000657654176435	0.0064346353140112365
fit-rw_positive_bias-run1-prior1	rw_positive_bias	run1	1.0	none	False	sub-159	all	acceptance_bias	0.07554205004224285	1.6425115408078281	-3.2164934663732496	0.0540055090941	3.3604477936267423
fit-rw_positive_bias-run1-prior1	rw_positive_bias	run1	1.0	none	False	sub-159	similar	alpha	2.122399616799277	1.2417555424799234	0.74806719608865	1.843369751265	5.233168377499499
fit-rw_positive_bias-run1-prior1	rw_positive_bias	run1	1.0	none	False	sub-159	similar	gamma	0.5166558465543715	0.2249624554996459	0.181544021351325	0.48110351501299997	1.0526606573062496
fit-rw_positive_bias-run1-prior1	rw_positive_bias	run1	1.0	none	False	sub-159	similar	f0	12.9968252285856	2.191362861653738	9.37548211949825	12.812276067700001	17.816873203702496
fit-rw_positive_bias-run1-prior1	rw_positive_bias	run1	1.0	none	False	sub-159	similar	epsilon	0.0014929694696847135	0.005015038647045759	2.8088598391185e-05	0.0008077909835575001	0.006094176579015246
fit-rw_positive_bias-run1-prior1	rw_positive_bias	run1	1.0	none	False	sub-159	dissimilar	alpha	2.2669508659582056	1.3169077565949874	0.805036309022575	1.97684057671	5.5649269216762445
fit-rw_positive_bias-run1-prior1	rw_positive_bias	run1	1.0	none	False	sub-159	dissimilar	gamma	1.0224939971492202	0.6422054915163136	0.30458625864129996	0.8667155842430001	2.6807404351719994
fit-rw_positive_bias-run1-prior1	rw_positive_bias	run1	1.0	none	False	sub-159	dissimilar	f0	12.68759616699694	2.17147653714171	9.37078620208675	12.3649939743	17.837489233764998
fit-rw_positive_bias-run1-prior1	rw_positive_bias	run1	1.0	none	False	sub-159	dissimilar	epsilon	0.0018337859984162786	0.005840064794117394	3.21474604850825e-05	0.0010051868514249999	0.007488212139481741
