job	model	stage	prior_scale	age_mode	inference_eligible	subject	partner	run	offer_bin	n	observed_rate	mean	sd	q025	median	q975
fit-rw_positive-full-prior1	rw_positive	full	1.0	none	False	sub-104	computer	1	all	32	1.0	0.9933352119203376	0.00835018859977237	0.9707322390701545	0.9965222833506766	0.999999957375797
fit-rw_positive-full-prior1	rw_positive	full	1.0	none	False	sub-104	computer	1	offer_1	3	1.0	0.9334302390764636	0.07984386418775247	0.7217235578754114	0.9631691559619564	0.9999995453419023
fit-rw_positive-full-prior1	rw_positive	full	1.0	none	False	sub-104	computer	1	offer_1_to_3	8	1.0	0.9735967679404551	0.03263512142703376	0.8854574853378513	0.9860896589815626	0.999999829503188
fit-rw_positive-full-prior1	rw_positive	full	1.0	none	False	sub-104	computer	2	all	16	1.0	0.9984512798730297	0.003969215589640406	0.9871241251817088	0.9999085104826078	0.9999999999999997
fit-rw_positive-full-prior1	rw_positive	full	1.0	none	False	sub-104	computer	2	offer_1_to_3	5	1.0	0.9951808904299342	0.0119661750263922	0.9599997533703221	0.9997073261298512	0.9999999999999989
fit-rw_positive-full-prior1	rw_positive	full	1.0	none	False	sub-104	similar	1	all	24	1.0	0.993750369436558	0.010015949050875776	0.9647406527699669	0.9981338334176795	0.9999999998181625
fit-rw_positive-full-prior1	rw_positive	full	1.0	none	False	sub-104	similar	1	offer_1	3	1.0	0.9569370221298023	0.06284992302686852	0.7808155554532995	0.9852770848328841	0.9999999985453003
fit-rw_positive-full-prior1	rw_positive	full	1.0	none	False	sub-104	similar	1	offer_1_to_3	11	1.0	0.9864075956876862	0.021644387930617612	0.9234140439880713	0.9959283654442679	0.9999999996032637
fit-rw_positive-full-prior1	rw_positive	full	1.0	none	False	sub-104	similar	2	all	24	1.0	0.9990591824746046	0.003032346065821991	0.991324093002449	0.9999840354034224	1.0
fit-rw_positive-full-prior1	rw_positive	full	1.0	none	False	sub-104	similar	2	offer_1_to_3	6	1.0	0.9963241742979279	0.011521815724314908	0.9658901759627242	0.999936144657837	1.0
fit-rw_positive-full-prior1	rw_positive	full	1.0	none	False	sub-104	dissimilar	1	all	16	1.0	0.9962845141255422	0.005937693243040068	0.9793793029959135	0.9988310457818166	0.9999999999028153
fit-rw_positive-full-prior1	rw_positive	full	1.0	none	False	sub-104	dissimilar	1	offer_1	1	1.0	0.948952014927504	0.07348643355292878	0.745649939380712	0.9815422804098237	0.9999999984450444
fit-rw_positive-full-prior1	rw_positive	full	1.0	none	False	sub-104	dissimilar	1	offer_1_to_3	4	1.0	0.9853756319281148	0.02274359339214715	0.9196537077324632	0.9953242356027496	0.9999999996112611
fit-rw_positive-full-prior1	rw_positive	full	1.0	none	False	sub-104	dissimilar	2	all	32	1.0	0.9965646873202532	0.005979306074415259	0.9789835222440082	0.9990742956436991	0.9999999997428135
fit-rw_positive-full-prior1	rw_positive	full	1.0	none	False	sub-104	dissimilar	2	offer_1	1	1.0	0.9274750047933938	0.10852129300496445	0.6253175428787278	0.9726276734572534	0.9999999917700321
fit-rw_positive-full-prior1	rw_positive	full	1.0	none	False	sub-104	dissimilar	2	offer_1_to_3	9	1.0	0.9879630708933332	0.020444495581997905	0.9265432229753021	0.9967086253857389	0.9999999990855593
fit-rw_positive-full-prior1	rw_positive	full	1.0	none	False	sub-105	computer	1	all	15	0.6	0.6466480956742312	0.032938598775875086	0.5739850405753418	0.6491793310686893	0.7053020270641752
fit-rw_positive-full-prior1	rw_positive	full	1.0	none	False	sub-105	computer	1	offer_1	3	0.0	0.0603557302601196	0.04287269782443851	0.006589304540849045	0.050507182500876546	0.16863653265032244
fit-rw_positive-full-prior1	rw_positive	full	1.0	none	False	sub-105	computer	1	offer_1_to_3	5	0.0	0.08468997887102565	0.055338689553736185	0.009674427535685816	0.07411363313629607	0.21800275865886187
fit-rw_positive-full-prior1	rw_positive	full	1.0	none	False	sub-105	computer	2	all	32	0.6875	0.6897203509612921	0.03296233582186198	0.6252397188267531	0.6895678123011768	0.7550229568791889
fit-rw_positive-full-prior1	rw_positive	full	1.0	none	False	sub-105	computer	2	offer_1	5	0.0	0.08806375055252463	0.0516288182394808	0.015744986619010717	0.07865082924863812	0.21266004421216475
fit-rw_positive-full-prior1	rw_positive	full	1.0	none	False	sub-105	computer	2	offer_1_to_3	12	0.25	0.2554056071909756	0.07043574538081221	0.1262033338695086	0.25260978367787645	0.3999688796563389
fit-rw_positive-full-prior1	rw_positive	full	1.0	none	False	sub-105	similar	1	all	24	0.7083333333333334	0.7563682555819978	0.03542672144906334	0.6826887448432036	0.7577847781939422	0.8221094825752616
fit-rw_positive-full-prior1	rw_positive	full	1.0	none	False	sub-105	similar	1	offer_1_to_3	6	0.3333333333333333	0.21935248375337588	0.09369765990223343	0.0596426232920603	0.2128752762882411	0.41565861262311044
fit-rw_positive-full-prior1	rw_positive	full	1.0	none	False	sub-105	similar	2	all	24	0.625	0.636881322190688	0.041527486907373436	0.5554556228491236	0.6368193862913284	0.7172627627203984
fit-rw_positive-full-prior1	rw_positive	full	1.0	none	False	sub-105	similar	2	offer_1	3	0.0	0.07535321864249502	0.05404160468983819	0.00876368052443105	0.062321949253283986	0.2119309496800299
fit-rw_positive-full-prior1	rw_positive	full	1.0	none	False	sub-105	similar	2	offer_1_to_3	10	0.1	0.2426049028959377	0.07751450943003672	0.10560171663063314	0.23826196178803527	0.40264462063525147
fit-rw_positive-full-prior1	rw_positive	full	1.0	none	False	sub-105	dissimilar	1	all	32	0.6875	0.6842508988739753	0.028255899472034742	0.6287065900421337	0.6839366930091417	0.7421585211787296
fit-rw_positive-full-prior1	rw_positive	full	1.0	none	False	sub-105	dissimilar	1	offer_1	2	0.0	0.0406319733486437	0.03904443101905359	0.001686836866125597	0.028778119630213896	0.1446581022097776
fit-rw_positive-full-prior1	rw_positive	full	1.0	none	False	sub-105	dissimilar	1	offer_1_to_3	10	0.1	0.10653635131390138	0.06298521258299078	0.017638119113369977	0.09564247152728142	0.2552092386312754
fit-rw_positive-full-prior1	rw_positive	full	1.0	none	False	sub-105	dissimilar	2	all	16	0.875	0.7998541051952097	0.038085609432847244	0.7194653711901697	0.80225488723148	0.8657165571078564
fit-rw_positive-full-prior1	rw_positive	full	1.0	none	False	sub-105	dissimilar	2	offer_1	2	0.0	0.05743482878619907	0.053176328533020574	0.002557527785442352	0.041359474429879785	0.20087253782343048
fit-rw_positive-full-prior1	rw_positive	full	1.0	none	False	sub-105	dissimilar	2	offer_1_to_3	4	0.5	0.3176656047087305	0.08697918426986893	0.15555151688203578	0.31514336879185056	0.49067176579069327
fit-rw_positive-full-prior1	rw_positive	full	1.0	none	False	sub-106	computer	1	all	16	0.4375	0.4179820715252534	0.02433849323015608	0.3642987775666546	0.4203989043474191	0.46042516204780365
fit-rw_positive-full-prior1	rw_positive	full	1.0	none	False	sub-106	computer	1	offer_1	3	0.0	2.3649304962302146e-05	0.00020074107323106498	1.4980734434738702e-20	1.5544861097483847e-08	0.00018554021533891132
fit-rw_positive-full-prior1	rw_positive	full	1.0	none	False	sub-106	computer	1	offer_1_to_3	5	0.0	5.516076493335581e-05	0.0003717556968971945	1.6944109025389555e-17	1.6584222313151094e-07	0.00048483517920721713
fit-rw_positive-full-prior1	rw_positive	full	1.0	none	False	sub-106	computer	2	all	32	0.40625	0.4259562114051902	0.021756852777823823	0.37898957790637994	0.4274978403120279	0.4662587910104543
fit-rw_positive-full-prior1	rw_positive	full	1.0	none	False	sub-106	computer	2	offer_1	5	0.0	2.7011393656139213e-05	0.00022507041251545266	2.319406907048293e-20	1.9796890332174273e-08	0.00021825715909372967
fit-rw_positive-full-prior1	rw_positive	full	1.0	none	False	sub-106	computer	2	offer_1_to_3	12	0.0	0.00015022994562665122	0.0007614103422188214	2.6763423310055133e-14	2.173979149364722e-06	0.0013739018442006673
fit-rw_positive-full-prior1	rw_positive	full	1.0	none	False	sub-106	similar	1	all	24	0.5416666666666666	0.5352021349826976	0.016514336050689304	0.49282705772906266	0.5393367530577189	0.5616914400971518
fit-rw_positive-full-prior1	rw_positive	full	1.0	none	False	sub-106	similar	1	offer_1	3	0.0	3.918584465639182e-06	6.574017170765565e-05	2.9898052853807517e-47	3.048853544359347e-14	9.484253153017574e-06
fit-rw_positive-full-prior1	rw_positive	full	1.0	none	False	sub-106	similar	1	offer_1_to_3	6	0.0	2.567429094674896e-05	0.0002514221902715593	6.019780492661417e-31	4.823735192030322e-10	0.0001662339469135317
fit-rw_positive-full-prior1	rw_positive	full	1.0	none	False	sub-106	similar	2	all	24	0.3333333333333333	0.34019466826801265	0.01838210533227974	0.3054911623305136	0.33668380705574563	0.38294510917403746
fit-rw_positive-full-prior1	rw_positive	full	1.0	none	False	sub-106	similar	2	offer_1	2	0.0	4.317020506723027e-06	6.992466553769709e-05	9.627238963919407e-47	4.302492288979374e-14	1.1113803046048121e-05
fit-rw_positive-full-prior1	rw_positive	full	1.0	none	False	sub-106	similar	2	offer_1_to_3	7	0.0	4.364523305189477e-05	0.00039238926429179866	3.0077706730606712e-30	1.0967843927512911e-09	0.00030615545585537614
fit-rw_positive-full-prior1	rw_positive	full	1.0	none	False	sub-106	dissimilar	1	all	32	0.46875	0.43710825442674606	0.018235941421841637	0.40111180120280787	0.43704106539313314	0.4739403651261578
fit-rw_positive-full-prior1	rw_positive	full	1.0	none	False	sub-106	dissimilar	1	offer_1	3	0.0	0.00012847264726701475	0.0006450975889763319	5.695719059638484e-14	2.933928971400482e-06	0.0011279148082128606
fit-rw_positive-full-prior1	rw_positive	full	1.0	none	False	sub-106	dissimilar	1	offer_1_to_3	10	0.0	0.0008064146920501373	0.0022330128391130992	2.1081073401326006e-09	0.00010795431951858602	0.0063661537562121435
fit-rw_positive-full-prior1	rw_positive	full	1.0	none	False	sub-106	dissimilar	2	all	16	0.375	0.42110979319641106	0.020563731157577626	0.3763422724349867	0.4230501191369357	0.4603367068505137
fit-rw_positive-full-prior1	rw_positive	full	1.0	none	False	sub-106	dissimilar	2	offer_1	2	0.0	0.00013597439400533665	0.0006762641318498681	6.373329993455179e-14	3.195429455964492e-06	0.0011901303674816438
fit-rw_positive-full-prior1	rw_positive	full	1.0	none	False	sub-106	dissimilar	2	offer_1_to_3	5	0.0	0.0010622267265667344	0.0027419090135450755	3.779879723854884e-09	0.0001640715153043962	0.008135996056520448
fit-rw_positive-full-prior1	rw_positive	full	1.0	none	False	sub-107	computer	1	all	32	0.375	0.45000187080492043	0.04751063508449196	0.35177524904021684	0.4515946962909517	0.5381002978439474
fit-rw_positive-full-prior1	rw_positive	full	1.0	none	False	sub-107	computer	1	offer_1	4	0.0	0.013905127872341836	0.018213130589590378	4.2490819445185625e-05	0.00729280420090429	0.0655933277233427
fit-rw_positive-full-prior1	rw_positive	full	1.0	none	False	sub-107	computer	1	offer_1_to_3	12	0.0	0.08323878329797416	0.05687734620000003	0.009492409726950677	0.06945071264672864	0.2179085250105448
fit-rw_positive-full-prior1	rw_positive	full	1.0	none	False	sub-107	computer	2	all	16	0.4375	0.46974394890130877	0.03767099894451266	0.39376432220645413	0.4709395882640975	0.5401073226227847
fit-rw_positive-full-prior1	rw_positive	full	1.0	none	False	sub-107	computer	2	offer_1	5	0.0	0.017737391089702133	0.02096286971463063	0.00017439069336331516	0.010440339648713534	0.0759435243342094
fit-rw_positive-full-prior1	rw_positive	full	1.0	none	False	sub-107	computer	2	offer_1_to_3	6	0.0	0.027817254358109243	0.027222971786980823	0.0006536559331122806	0.01951523379024349	0.10063143643762483
fit-rw_positive-full-prior1	rw_positive	full	1.0	none	False	sub-107	similar	1	all	24	0.5416666666666666	0.4669307934893809	0.04143204956007199	0.3854103517720563	0.46761115942636466	0.5421408538728946
fit-rw_positive-full-prior1	rw_positive	full	1.0	none	False	sub-107	similar	1	offer_1	2	0.0	0.01115978668704588	0.015269321935096072	1.2065342789891247e-06	0.005440823416493891	0.054068436453757696
fit-rw_positive-full-prior1	rw_positive	full	1.0	none	False	sub-107	similar	1	offer_1_to_3	10	0.0	0.036949212614495366	0.03323448827532825	0.0004750932266727188	0.028404889032335005	0.12153172469879128
fit-rw_positive-full-prior1	rw_positive	full	1.0	none	False	sub-107	similar	2	all	23	0.6956521739130435	0.674497426048544	0.03374749731822716	0.6023263239393198	0.6766571872377212	0.7338548559710045
fit-rw_positive-full-prior1	rw_positive	full	1.0	none	False	sub-107	similar	2	offer_1	4	0.0	0.013837463915775113	0.01809705840665134	5.874652829339082e-06	0.007298187547031292	0.06457506154188966
fit-rw_positive-full-prior1	rw_positive	full	1.0	none	False	sub-107	similar	2	offer_1_to_3	5	0.0	0.06312255608413996	0.04755144910999835	0.00719488434074128	0.04713321933484782	0.16772219015668838
fit-rw_positive-full-prior1	rw_positive	full	1.0	none	False	sub-107	dissimilar	1	all	16	0.4375	0.49811430116907407	0.03881682327917827	0.4210242882040143	0.49739520061598286	0.5751983746080681
fit-rw_positive-full-prior1	rw_positive	full	1.0	none	False	sub-107	dissimilar	1	offer_1	1	0.0	0.00832963697776358	0.01331216941740267	7.94651985458513e-08	0.0032361409591677684	0.04609125866827122
fit-rw_positive-full-prior1	rw_positive	full	1.0	none	False	sub-107	dissimilar	1	offer_1_to_3	4	0.0	0.022182742310521125	0.027605084887254577	2.0059472139304565e-07	0.012670562161377595	0.09742508646719636
fit-rw_positive-full-prior1	rw_positive	full	1.0	none	False	sub-107	dissimilar	2	all	31	0.5161290322580645	0.5138073596737153	0.033477028796774465	0.44407739894630704	0.5158114304039545	0.5761672958819092
fit-rw_positive-full-prior1	rw_positive	full	1.0	none	False	sub-107	dissimilar	2	offer_1	3	0.0	0.009801037893441653	0.015116228532784425	3.011207155513579e-07	0.00405164157622859	0.05263791175062049
fit-rw_positive-full-prior1	rw_positive	full	1.0	none	False	sub-107	dissimilar	2	offer_1_to_3	11	0.0	0.04071386800104358	0.0329237550134588	0.002850591586538825	0.03224210886522605	0.1253886263410812
fit-rw_positive-full-prior1	rw_positive	full	1.0	none	False	sub-108	computer	1	all	32	0.53125	0.5682631766922642	0.03101417396443283	0.5058399133643446	0.5685171729275621	0.629441735918589
fit-rw_positive-full-prior1	rw_positive	full	1.0	none	False	sub-108	computer	1	offer_1	2	0.0	0.015135893020440614	0.017682195852050046	0.0001598818963862842	0.009104425446522933	0.0644088181513592
fit-rw_positive-full-prior1	rw_positive	full	1.0	none	False	sub-108	computer	1	offer_1_to_3	11	0.0	0.06433596017403848	0.04398637270166926	0.006252555244039977	0.055475365644815464	0.17084798176439606
fit-rw_positive-full-prior1	rw_positive	full	1.0	none	False	sub-108	computer	2	all	16	0.5625	0.5733489355069957	0.03844911276955734	0.4995311867185723	0.572743460856405	0.6507376172946084
fit-rw_positive-full-prior1	rw_positive	full	1.0	none	False	sub-108	computer	2	offer_1	2	0.0	0.017446169491729394	0.020607035160786255	0.00014209368886114034	0.010391072195588769	0.07507705870878427
fit-rw_positive-full-prior1	rw_positive	full	1.0	none	False	sub-108	computer	2	offer_1_to_3	5	0.0	0.08320296007892432	0.05132798215035986	0.009981472727610257	0.0749632479022107	0.20256214494674676
fit-rw_positive-full-prior1	rw_positive	full	1.0	none	False	sub-108	similar	1	all	24	0.6666666666666666	0.5503086734759134	0.050462166881625935	0.4606267467530173	0.5470797472932238	0.6572863236681189
fit-rw_positive-full-prior1	rw_positive	full	1.0	none	False	sub-108	similar	1	offer_1	2	0.0	0.05606337724001764	0.039006893889478846	0.006502409233097995	0.04742430942134813	0.15375602123573287
fit-rw_positive-full-prior1	rw_positive	full	1.0	none	False	sub-108	similar	1	offer_1_to_3	10	0.2	0.18909045349718553	0.06353340014365551	0.08257891347743095	0.18312034343797745	0.3282558128085641
fit-rw_positive-full-prior1	rw_positive	full	1.0	none	False	sub-108	similar	2	all	24	0.7083333333333334	0.6844601748273362	0.032020221768048696	0.6198379754765299	0.6846003480945999	0.7478881685447741
fit-rw_positive-full-prior1	rw_positive	full	1.0	none	False	sub-108	similar	2	offer_1	2	0.5	0.06789232082314599	0.04638421077939462	0.007884846171115713	0.058157492859750436	0.18155671556508746
fit-rw_positive-full-prior1	rw_positive	full	1.0	none	False	sub-108	similar	2	offer_1_to_3	8	0.25	0.18697317270471905	0.06384731780277807	0.08086892559672314	0.18081873844291557	0.3262932837596454
fit-rw_positive-full-prior1	rw_positive	full	1.0	none	False	sub-108	dissimilar	1	all	16	0.5625	0.5973663608152915	0.04151187001143024	0.5201895088324507	0.593445122684972	0.6883756738042125
fit-rw_positive-full-prior1	rw_positive	full	1.0	none	False	sub-108	dissimilar	1	offer_1	1	0.0	0.002147796890748434	0.005901930853645332	3.2246966261272637e-07	0.00034120881536769834	0.016804904813526752
fit-rw_positive-full-prior1	rw_positive	full	1.0	none	False	sub-108	dissimilar	1	offer_1_to_3	2	0.0	0.018046981270763464	0.022247498041435446	0.00026162746104462436	0.010238168792519714	0.08099005671299447
fit-rw_positive-full-prior1	rw_positive	full	1.0	none	False	sub-108	dissimilar	2	all	32	0.5625	0.5761791144888899	0.027640217179053038	0.5229977698989233	0.5751659736399559	0.6333298897480923
fit-rw_positive-full-prior1	rw_positive	full	1.0	none	False	sub-108	dissimilar	2	offer_1	5	0.0	0.002922062643422087	0.007313396948287985	8.113262624134848e-07	0.0005636123474290464	0.021616902213283037
fit-rw_positive-full-prior1	rw_positive	full	1.0	none	False	sub-108	dissimilar	2	offer_1_to_3	9	0.0	0.01401354892775152	0.017494226627868547	0.00029300542301503667	0.008082904561037205	0.06268653632783137
fit-rw_positive-full-prior1	rw_positive	full	1.0	none	False	sub-109	computer	1	all	13	1.0	0.9627447309537436	0.023237016158330626	0.9069453075814595	0.9672523732869296	0.9940058370374693
fit-rw_positive-full-prior1	rw_positive	full	1.0	none	False	sub-109	computer	1	offer_1_to_3	3	1.0	0.8543074389840534	0.08711932273436135	0.6403387572589355	0.8704534482838773	0.9743671765101933
fit-rw_positive-full-prior1	rw_positive	full	1.0	none	False	sub-109	computer	2	all	28	0.8928571428571429	0.9037168676762073	0.02076563565388941	0.8612404382075745	0.9039283952970499	0.9438031519244103
fit-rw_positive-full-prior1	rw_positive	full	1.0	none	False	sub-109	computer	2	offer_1	3	0.3333333333333333	0.3053312886457412	0.13630171820626358	0.06284538792057404	0.30180525262773733	0.5795802962142486
fit-rw_positive-full-prior1	rw_positive	full	1.0	none	False	sub-109	computer	2	offer_1_to_3	8	0.75	0.6730628912718553	0.06724801193373141	0.5410202525575944	0.6720461497120693	0.8067169446241919
fit-rw_positive-full-prior1	rw_positive	full	1.0	none	False	sub-109	similar	1	all	22	0.9545454545454546	0.9243179194202255	0.014914445415922236	0.8952959624167031	0.9235515445805833	0.9548054792599355
fit-rw_positive-full-prior1	rw_positive	full	1.0	none	False	sub-109	similar	1	offer_1	2	0.5	0.2681625884713787	0.14157203455509476	0.03954845489689281	0.2551429786866672	0.5661158682116755
fit-rw_positive-full-prior1	rw_positive	full	1.0	none	False	sub-109	similar	1	offer_1_to_3	5	0.8	0.6736904880840214	0.061521071994367946	0.563193685588607	0.6690989664951941	0.8033487415578214
fit-rw_positive-full-prior1	rw_positive	full	1.0	none	False	sub-109	similar	2	all	20	0.75	0.7997962759831079	0.03540134818005376	0.7411781648398419	0.7964868448018173	0.8756319501084009
fit-rw_positive-full-prior1	rw_positive	full	1.0	none	False	sub-109	similar	2	offer_1	5	0.0	0.2576331165715094	0.14028845095459916	0.03397163191059038	0.24430725100906284	0.5511731920440633
fit-rw_positive-full-prior1	rw_positive	full	1.0	none	False	sub-109	similar	2	offer_1_to_3	8	0.375	0.5033339102790088	0.08846707704811484	0.3587297524551144	0.49493346853310305	0.6920989420051847
fit-rw_positive-full-prior1	rw_positive	full	1.0	none	False	sub-109	dissimilar	1	all	29	0.9655172413793104	0.9549882157375545	0.020864084199689284	0.9023098697981303	0.9599092935387172	0.9857844761253242
fit-rw_positive-full-prior1	rw_positive	full	1.0	none	False	sub-109	dissimilar	1	offer_1	1	0.0	0.30606486084285767	0.20626974298282633	0.007536565667283921	0.2842849886440012	0.7526342435072098
fit-rw_positive-full-prior1	rw_positive	full	1.0	none	False	sub-109	dissimilar	1	offer_1_to_3	11	0.9090909090909091	0.8827415270221822	0.05291442949789454	0.7501215120438736	0.8947876539982771	0.9625724708642198
fit-rw_positive-full-prior1	rw_positive	full	1.0	none	False	sub-109	dissimilar	2	all	14	0.8571428571428571	0.8725638080325607	0.024488917270829	0.8280543436575936	0.868999123794636	0.9260660933475955
fit-rw_positive-full-prior1	rw_positive	full	1.0	none	False	sub-109	dissimilar	2	offer_1	2	0.0	0.1943442181174449	0.15652904424050065	0.0013441025009521279	0.16236500212897131	0.5455277636703497
fit-rw_positive-full-prior1	rw_positive	full	1.0	none	False	sub-109	dissimilar	2	offer_1_to_3	5	0.6	0.6446907332889237	0.068258633339195	0.5210609979959908	0.6344422223321183	0.793658944860991
fit-rw_positive-full-prior1	rw_positive	full	1.0	none	False	sub-110	computer	1	all	16	0.75	0.6793884007639321	0.03329401751182751	0.6122051703793844	0.6797804849281175	0.7444300225650256
fit-rw_positive-full-prior1	rw_positive	full	1.0	none	False	sub-110	computer	1	offer_1	2	0.5	0.0666223905999656	0.04075793822473591	0.012224691725246933	0.05841883709446359	0.16701622783034775
fit-rw_positive-full-prior1	rw_positive	full	1.0	none	False	sub-110	computer	1	offer_1_to_3	4	0.75	0.1474589731885111	0.05440241251078056	0.05794489367512108	0.1420737345257846	0.268483123009713
fit-rw_positive-full-prior1	rw_positive	full	1.0	none	False	sub-110	computer	2	all	32	0.625	0.6406606594902824	0.029054545195400655	0.5837360960816365	0.6403610872594075	0.6987893631887693
fit-rw_positive-full-prior1	rw_positive	full	1.0	none	False	sub-110	computer	2	offer_1	5	0.0	0.07624277605466243	0.04415508336662761	0.015181174595194384	0.06830575569464803	0.18403115543452775
fit-rw_positive-full-prior1	rw_positive	full	1.0	none	False	sub-110	computer	2	offer_1_to_3	11	0.09090909090909091	0.1539898958194341	0.05600975312759579	0.06140523234613852	0.14870818607809927	0.2785782847353532
fit-rw_positive-full-prior1	rw_positive	full	1.0	none	False	sub-110	similar	1	all	24	0.6666666666666666	0.7269974897858192	0.034644587993392865	0.6573019767198964	0.7278436069087773	0.7930865753695362
fit-rw_positive-full-prior1	rw_positive	full	1.0	none	False	sub-110	similar	1	offer_1	1	0.0	0.0212741387534983	0.026689782630752317	0.00024182167092504493	0.011722184402889892	0.09736146662404235
fit-rw_positive-full-prior1	rw_positive	full	1.0	none	False	sub-110	similar	1	offer_1_to_3	5	0.0	0.12941969977540657	0.07280346851169486	0.0211216415488501	0.11877363723317194	0.294853678380769
fit-rw_positive-full-prior1	rw_positive	full	1.0	none	False	sub-110	similar	2	all	24	0.5416666666666666	0.5453250478901652	0.03391061584365486	0.48156938709922115	0.5445273139811886	0.6145372582298755
fit-rw_positive-full-prior1	rw_positive	full	1.0	none	False	sub-110	similar	2	offer_1	6	0.0	0.024703573089882667	0.02951232351238389	0.0003381808530379076	0.014298250945182063	0.10880478612221041
fit-rw_positive-full-prior1	rw_positive	full	1.0	none	False	sub-110	similar	2	offer_1_to_3	10	0.1	0.0851834754367454	0.0514036882776966	0.013915824998104549	0.07566140777777389	0.2090422537138374
fit-rw_positive-full-prior1	rw_positive	full	1.0	none	False	sub-110	dissimilar	1	all	32	0.65625	0.629665710017788	0.030434123346827994	0.5731718208751526	0.6287957284710697	0.6922985441930612
fit-rw_positive-full-prior1	rw_positive	full	1.0	none	False	sub-110	dissimilar	1	offer_1	4	0.0	0.05578522154680059	0.03870359710137519	0.007365546801382597	0.04696263275583226	0.15298021710722515
fit-rw_positive-full-prior1	rw_positive	full	1.0	none	False	sub-110	dissimilar	1	offer_1_to_3	13	0.15384615384615385	0.18047123513454222	0.06014461408779122	0.07680779961159707	0.17589129696449762	0.311683762481505
fit-rw_positive-full-prior1	rw_positive	full	1.0	none	False	sub-110	dissimilar	2	all	16	0.6875	0.6625590426562896	0.03824974980124935	0.5930024801864459	0.660681439014002	0.7422326864560789
fit-rw_positive-full-prior1	rw_positive	full	1.0	none	False	sub-110	dissimilar	2	offer_1_to_3	6	0.3333333333333333	0.22606535235142095	0.07639994963954115	0.09565601183952667	0.21990527800615217	0.3920211575879915
fit-rw_positive-full-prior1	rw_positive	full	1.0	none	False	sub-111	computer	1	all	16	0.5625	0.5519459152063878	0.031458404714227374	0.503114026159731	0.5479366977501761	0.6238303575664366
fit-rw_positive-full-prior1	rw_positive	full	1.0	none	False	sub-111	computer	1	offer_1	3	0.0	0.00033304105863798884	0.001307774953745842	1.077491002848504e-09	1.9534259415429343e-05	0.0028530067079126976
fit-rw_positive-full-prior1	rw_positive	full	1.0	none	False	sub-111	computer	1	offer_1_to_3	5	0.0	0.004308652454082112	0.007143359572472069	1.6534175338309414e-05	0.0017744090724053435	0.02436857363268017
fit-rw_positive-full-prior1	rw_positive	full	1.0	none	False	sub-111	computer	2	all	32	0.75	0.7432074446111819	0.015946938193658992	0.7033696868297699	0.746459428039266	0.7690440893317567
fit-rw_positive-full-prior1	rw_positive	full	1.0	none	False	sub-111	computer	2	offer_1	6	0.0	0.022657386427608544	0.026393764679278797	0.00021354935281363017	0.013465824726864684	0.09628228216263027
fit-rw_positive-full-prior1	rw_positive	full	1.0	none	False	sub-111	computer	2	offer_1_to_3	8	0.0	0.034072259432620836	0.03447622806328218	0.0006137047431665129	0.023130905591153553	0.12754947342938566
fit-rw_positive-full-prior1	rw_positive	full	1.0	none	False	sub-111	similar	1	all	24	0.5416666666666666	0.5746366575635017	0.034705542254175215	0.5072895246090271	0.5749181283126231	0.6422749915037655
fit-rw_positive-full-prior1	rw_positive	full	1.0	none	False	sub-111	similar	1	offer_1	4	0.0	0.0004896716703656258	0.0021811936026030305	5.798490158610283e-13	7.583877543122338e-06	0.004552247435511966
fit-rw_positive-full-prior1	rw_positive	full	1.0	none	False	sub-111	similar	1	offer_1_to_3	6	0.0	0.00218697917291066	0.006444743181352341	1.0774049269587742e-09	0.0001560427499217932	0.019019946381097712
fit-rw_positive-full-prior1	rw_positive	full	1.0	none	False	sub-111	similar	2	all	24	0.625	0.632794881937769	0.03341897441506386	0.5635022791820148	0.6342233083224993	0.6930522117081704
fit-rw_positive-full-prior1	rw_positive	full	1.0	none	False	sub-111	similar	2	offer_1	4	0.0	0.0075040470083179165	0.016670190945664215	6.371865203851234e-08	0.0011756571814008757	0.056558087375065555
fit-rw_positive-full-prior1	rw_positive	full	1.0	none	False	sub-111	similar	2	offer_1_to_3	8	0.0	0.05836060548746049	0.039848838442396464	0.006907462998071958	0.050758456186042564	0.1617062517214499
fit-rw_positive-full-prior1	rw_positive	full	1.0	none	False	sub-111	dissimilar	1	all	31	0.6129032258064516	0.6192333224908887	0.03265528499709951	0.5610396354101713	0.6164677812235958	0.689952719760286
fit-rw_positive-full-prior1	rw_positive	full	1.0	none	False	sub-111	dissimilar	1	offer_1	4	0.0	0.025894010844415335	0.027559913840571038	0.0008044277606090054	0.016813223577351974	0.10223272012470914
fit-rw_positive-full-prior1	rw_positive	full	1.0	none	False	sub-111	dissimilar	1	offer_1_to_3	13	0.15384615384615385	0.16227356336843884	0.0677798028566012	0.05883296581115994	0.1518865309961155	0.3184471578256488
fit-rw_positive-full-prior1	rw_positive	full	1.0	none	False	sub-111	dissimilar	2	all	16	0.9375	0.8345098428931252	0.03046710489517043	0.7607411136279527	0.8398922259921184	0.8758024472008006
fit-rw_positive-full-prior1	rw_positive	full	1.0	none	False	sub-111	dissimilar	2	offer_1	2	0.5	0.07903644878423097	0.053798122595075513	0.007495879696860618	0.06831015633068373	0.2085965761351001
fit-rw_positive-full-prior1	rw_positive	full	1.0	none	False	sub-111	dissimilar	2	offer_1_to_3	6	0.8333333333333334	0.5681161247852584	0.07209578708288755	0.39774616310694977	0.579501221334294	0.6695899992925759
fit-rw_positive-full-prior1	rw_positive	full	1.0	none	False	sub-112	computer	1	all	32	0.84375	0.8456484899032565	0.02872031226740111	0.7822765646358555	0.8491632249754106	0.8942361868572575
fit-rw_positive-full-prior1	rw_positive	full	1.0	none	False	sub-112	computer	1	offer_1	2	0.5	0.13715393184604174	0.1377416040336111	0.003223232317028281	0.08647965927080817	0.4899145209843321
fit-rw_positive-full-prior1	rw_positive	full	1.0	none	False	sub-112	computer	1	offer_1_to_3	9	0.4444444444444444	0.4590966453279317	0.09819835101690988	0.24506528778324688	0.4699973516977682	0.6282941666881149
fit-rw_positive-full-prior1	rw_positive	full	1.0	none	False	sub-112	computer	2	all	15	0.9333333333333333	0.8438731960037388	0.044791698803443566	0.7507923576863261	0.8478639811177628	0.9199154065151587
fit-rw_positive-full-prior1	rw_positive	full	1.0	none	False	sub-112	computer	2	offer_1	1	0.0	0.0026449876097017593	0.01176374487028107	1.3330344275461338e-08	0.00011802070109781404	0.022564227546490574
fit-rw_positive-full-prior1	rw_positive	full	1.0	none	False	sub-112	computer	2	offer_1_to_3	2	0.5	0.1488889647709775	0.11110192313455569	0.012876348759056782	0.12090658185532759	0.4267936719463951
fit-rw_positive-full-prior1	rw_positive	full	1.0	none	False	sub-112	similar	1	all	24	0.75	0.7667419801356707	0.02150822031176493	0.7266932428851267	0.7642819382873036	0.8119491662494516
fit-rw_positive-full-prior1	rw_positive	full	1.0	none	False	sub-112	similar	1	offer_1	3	0.0	0.023373917930045042	0.04401354463144063	5.705927521654389e-09	0.0029989321291850526	0.16488838553044194
fit-rw_positive-full-prior1	rw_positive	full	1.0	none	False	sub-112	similar	1	offer_1_to_3	7	0.14285714285714285	0.21034123086068265	0.0728790333310819	0.08809940251504417	0.20029517182680856	0.3696100212454699
fit-rw_positive-full-prior1	rw_positive	full	1.0	none	False	sub-112	similar	2	all	24	0.75	0.7649327152959238	0.021021635962599927	0.7258740418166002	0.7627118734394107	0.8104539299329657
fit-rw_positive-full-prior1	rw_positive	full	1.0	none	False	sub-112	similar	2	offer_1	2	0.0	0.001248998985673363	0.005545782330138569	8.936740865445684e-15	1.1098924812708383e-05	0.012189006665720866
fit-rw_positive-full-prior1	rw_positive	full	1.0	none	False	sub-112	similar	2	offer_1_to_3	6	0.0	0.09249568351860343	0.07017992013563183	0.001238907826670704	0.08072372849104655	0.25504979162210595
fit-rw_positive-full-prior1	rw_positive	full	1.0	none	False	sub-112	dissimilar	1	all	16	0.875	0.8644512580076711	0.023214349296154662	0.789424915755275	0.8734681030503482	0.8832456956524388
fit-rw_positive-full-prior1	rw_positive	full	1.0	none	False	sub-112	dissimilar	1	offer_1	2	0.0	0.01786012364160248	0.037472275811997455	1.1803961745778494e-09	0.00210356473432477	0.13427430953538574
fit-rw_positive-full-prior1	rw_positive	full	1.0	none	False	sub-112	dissimilar	1	offer_1_to_3	5	0.6	0.5694853770277104	0.06980033819788173	0.34182559607136137	0.595911748846635	0.6291488940155864
fit-rw_positive-full-prior1	rw_positive	full	1.0	none	False	sub-112	dissimilar	2	all	32	0.75	0.775610760938724	0.02571904539798658	0.7292909633508188	0.7737168304943294	0.8289673418518814
fit-rw_positive-full-prior1	rw_positive	full	1.0	none	False	sub-112	dissimilar	2	offer_1	2	0.0	0.0012119010278305502	0.0065299800434980146	1.8088105426613562e-16	2.70843866003629e-06	0.011500647631688704
fit-rw_positive-full-prior1	rw_positive	full	1.0	none	False	sub-112	dissimilar	2	offer_1_to_3	8	0.0	0.14562914613591188	0.09277504542613181	0.005769486131716728	0.13600022640719595	0.3422696520537657
fit-rw_positive-full-prior1	rw_positive	full	1.0	none	False	sub-113	computer	1	all	32	0.46875	0.48153867022694713	0.026878705200648084	0.4279418831992406	0.48162731776116885	0.5341727225763644
fit-rw_positive-full-prior1	rw_positive	full	1.0	none	False	sub-113	computer	1	offer_1	6	0.0	0.0011116960790904958	0.0029019736599108846	1.7372535790162861e-07	0.00022865347997274113	0.008048702251632274
fit-rw_positive-full-prior1	rw_positive	full	1.0	none	False	sub-113	computer	1	offer_1_to_3	10	0.0	0.0034352536735857983	0.005928118862787805	8.895116811406612e-06	0.001394850414034242	0.01945731986077963
fit-rw_positive-full-prior1	rw_positive	full	1.0	none	False	sub-113	computer	2	all	16	0.4375	0.4731349797374941	0.030024933969071486	0.4168294977654079	0.47195554291302416	0.5352961692997407
fit-rw_positive-full-prior1	rw_positive	full	1.0	none	False	sub-113	computer	2	offer_1	3	0.0	0.0013885225255692404	0.0034581118461647726	4.1957841777163127e-07	0.0003111556016901675	0.009795731398283498
fit-rw_positive-full-prior1	rw_positive	full	1.0	none	False	sub-113	computer	2	offer_1_to_3	5	0.0	0.005965014648411072	0.008604864289179372	6.01368576631723e-05	0.0030055687342097495	0.029747813600764884
fit-rw_positive-full-prior1	rw_positive	full	1.0	none	False	sub-113	similar	1	all	24	0.4583333333333333	0.41383880677644924	0.02655702630612675	0.3608153968359212	0.4136703999988024	0.4673289039429489
fit-rw_positive-full-prior1	rw_positive	full	1.0	none	False	sub-113	similar	1	offer_1	4	0.0	0.0012190564264397822	0.0032980471781233135	2.538859339164302e-08	0.00016955580889991087	0.009328860471754392
fit-rw_positive-full-prior1	rw_positive	full	1.0	none	False	sub-113	similar	1	offer_1_to_3	10	0.0	0.0045784822859771005	0.008176316771082631	5.034528923366626e-06	0.00154990609679301	0.026898810265134146
fit-rw_positive-full-prior1	rw_positive	full	1.0	none	False	sub-113	similar	2	all	24	0.5833333333333334	0.6393732576127604	0.020176983812799868	0.5924020184306883	0.6424449818695783	0.6701880711254533
fit-rw_positive-full-prior1	rw_positive	full	1.0	none	False	sub-113	similar	2	offer_1	3	0.0	0.001419915585206522	0.0037619970198004967	2.6421965389807056e-08	0.00020066005216011558	0.01087760604226917
fit-rw_positive-full-prior1	rw_positive	full	1.0	none	False	sub-113	similar	2	offer_1_to_3	7	0.0	0.006250096207723684	0.010280961903930354	9.29441800084252e-06	0.002385061986652423	0.035507379581910456
fit-rw_positive-full-prior1	rw_positive	full	1.0	none	False	sub-113	dissimilar	1	all	16	0.5625	0.5268421095156023	0.025978182854586092	0.4772515011966339	0.5260758596865271	0.5786013165280065
fit-rw_positive-full-prior1	rw_positive	full	1.0	none	False	sub-113	dissimilar	1	offer_1	2	0.0	0.00030498515559369924	0.001244311206567591	2.2363086475547873e-12	1.047087270960634e-05	0.0026252397998318597
fit-rw_positive-full-prior1	rw_positive	full	1.0	none	False	sub-113	dissimilar	1	offer_1_to_3	4	0.0	0.002325097942722349	0.004743298897119596	1.8563653382531945e-07	0.0006136493156775245	0.014961407454861943
fit-rw_positive-full-prior1	rw_positive	full	1.0	none	False	sub-113	dissimilar	2	all	32	0.53125	0.527471476707996	0.020438207078835414	0.4888451003713811	0.5269518929397587	0.5685011505267509
fit-rw_positive-full-prior1	rw_positive	full	1.0	none	False	sub-113	dissimilar	2	offer_1	4	0.0	0.00039362884280934335	0.001535808316128298	3.2342233771593157e-12	1.570633867444385e-05	0.003392699546044375
fit-rw_positive-full-prior1	rw_positive	full	1.0	none	False	sub-113	dissimilar	2	offer_1_to_3	11	0.0	0.005807043022289063	0.010060708548263032	8.773617175218323e-07	0.0019672767303273485	0.033654507421243623
fit-rw_positive-full-prior1	rw_positive	full	1.0	none	False	sub-115	computer	1	all	15	0.5333333333333333	0.5740595009772993	0.04490209679266554	0.4819245148211756	0.5747673213656412	0.6604066272277798
fit-rw_positive-full-prior1	rw_positive	full	1.0	none	False	sub-115	computer	1	offer_1	1	1.0	0.4427183278975623	0.06822489193272085	0.2822640397444154	0.4572323463022254	0.5283411713512967
fit-rw_positive-full-prior1	rw_positive	full	1.0	none	False	sub-115	computer	1	offer_1_to_3	6	0.5	0.48393258045639065	0.059850139717486386	0.344605493346714	0.49558284637279526	0.567678884111389
fit-rw_positive-full-prior1	rw_positive	full	1.0	none	False	sub-115	computer	2	all	31	0.6129032258064516	0.5975449453609384	0.039395228780658126	0.5239730186589046	0.5961467686421789	0.67971229904754
fit-rw_positive-full-prior1	rw_positive	full	1.0	none	False	sub-115	computer	2	offer_1	3	1.0	0.44734431843565803	0.05997751226202266	0.3047537125828594	0.45909324074680224	0.5263164166340328
fit-rw_positive-full-prior1	rw_positive	full	1.0	none	False	sub-115	computer	2	offer_1_to_3	10	0.5	0.4814386272293503	0.05412774341392853	0.3536227048816745	0.4923369802064833	0.5568262007553533
fit-rw_positive-full-prior1	rw_positive	full	1.0	none	False	sub-115	similar	1	all	24	0.4166666666666667	0.612707615902438	0.04426109934950513	0.5299734102115303	0.6110263492280199	0.7033615389909208
fit-rw_positive-full-prior1	rw_positive	full	1.0	none	False	sub-115	similar	1	offer_1	1	0.0	0.4339922579993677	0.08063374709595375	0.23669336002007546	0.45319062098115304	0.5291377977880425
fit-rw_positive-full-prior1	rw_positive	full	1.0	none	False	sub-115	similar	1	offer_1_to_3	7	0.2857142857142857	0.49329044348240964	0.063453038775636	0.3405507251377634	0.5060409840306188	0.5817226524329827
fit-rw_positive-full-prior1	rw_positive	full	1.0	none	False	sub-115	similar	2	all	23	0.6521739130434783	0.5842290941572953	0.03893961787440804	0.5095974464236984	0.5833927347348966	0.662196038604628
fit-rw_positive-full-prior1	rw_positive	full	1.0	none	False	sub-115	similar	2	offer_1	3	1.0	0.4484860828913007	0.06370862426300031	0.2915885034240631	0.46478401305389005	0.5262996809870982
fit-rw_positive-full-prior1	rw_positive	full	1.0	none	False	sub-115	similar	2	offer_1_to_3	9	0.7777777777777778	0.48820875171467365	0.054430529599263644	0.35540768469152884	0.5002236195430528	0.5632803666103673
fit-rw_positive-full-prior1	rw_positive	full	1.0	none	False	sub-115	dissimilar	1	all	32	0.65625	0.6080298116625357	0.05110034567646693	0.512127323457204	0.6066312599820702	0.7097704500199271
fit-rw_positive-full-prior1	rw_positive	full	1.0	none	False	sub-115	dissimilar	1	offer_1	6	0.6666666666666666	0.43487745700858366	0.07567505458127154	0.26873206465225175	0.4466005642202644	0.53794877366716
fit-rw_positive-full-prior1	rw_positive	full	1.0	none	False	sub-115	dissimilar	1	offer_1_to_3	11	0.6363636363636364	0.47434167929986976	0.0652352674384089	0.3318401905640047	0.4832469318068998	0.5725203359673475
fit-rw_positive-full-prior1	rw_positive	full	1.0	none	False	sub-115	dissimilar	2	all	16	0.625	0.6182385154520896	0.048984991685878346	0.5268865746167261	0.6166866025124935	0.7156284379959622
fit-rw_positive-full-prior1	rw_positive	full	1.0	none	False	sub-115	dissimilar	2	offer_1	2	1.0	0.4474377609337685	0.06556210094134668	0.2950121444813534	0.46111356923165214	0.535838820464029
fit-rw_positive-full-prior1	rw_positive	full	1.0	none	False	sub-115	dissimilar	2	offer_1_to_3	6	0.8333333333333334	0.4994633067820364	0.05699704128240545	0.37041923167741186	0.5092907966551217	0.5872945847013497
fit-rw_positive-full-prior1	rw_positive	full	1.0	none	False	sub-116	computer	1	all	16	0.4375	0.4392375659965622	0.023033363577165414	0.3856202501500955	0.4388100268203172	0.4864156774301906
fit-rw_positive-full-prior1	rw_positive	full	1.0	none	False	sub-116	computer	1	offer_1	4	0.0	6.486507828089886e-07	2.7429346565053535e-05	1.9059906302697373e-41	2.053462427359018e-15	4.402166974840698e-07
fit-rw_positive-full-prior1	rw_positive	full	1.0	none	False	sub-116	computer	1	offer_1_to_3	4	0.0	6.486507828089886e-07	2.7429346565053535e-05	1.9059906302697373e-41	2.053462427359018e-15	4.402166974840698e-07
fit-rw_positive-full-prior1	rw_positive	full	1.0	none	False	sub-116	computer	2	all	32	0.4375	0.44353498593593516	0.016111329243983695	0.41109929717028126	0.4410523027770027	0.47985744388447477
fit-rw_positive-full-prior1	rw_positive	full	1.0	none	False	sub-116	computer	2	offer_1	2	0.0	7.274729902898445e-07	3.232161947615391e-05	4.158847553857148e-41	2.7330572749061145e-15	5.285879128748203e-07
fit-rw_positive-full-prior1	rw_positive	full	1.0	none	False	sub-116	computer	2	offer_1_to_3	10	0.0	8.277641117180295e-06	0.00017334448621225427	4.8863084311477084e-27	1.5521729339517253e-10	3.429653055326748e-05
fit-rw_positive-full-prior1	rw_positive	full	1.0	none	False	sub-116	similar	1	all	24	0.5833333333333334	0.5593369857345474	0.017292121703269103	0.5287675740391342	0.5569691889352004	0.5971645725237309
fit-rw_positive-full-prior1	rw_positive	full	1.0	none	False	sub-116	similar	1	offer_1	1	0.0	1.3328457986433972e-06	4.457188191036325e-05	3.5975047811162323e-47	3.371671587727641e-16	7.032101456687404e-07
fit-rw_positive-full-prior1	rw_positive	full	1.0	none	False	sub-116	similar	1	offer_1_to_3	6	0.0	3.5417152931075e-05	0.00047900402337046165	6.093492210121497e-29	2.3350308077266097e-10	0.00014633162643083898
fit-rw_positive-full-prior1	rw_positive	full	1.0	none	False	sub-116	similar	2	all	24	0.3333333333333333	0.3553837339736332	0.01803153664995583	0.32458522292446695	0.3533218129994858	0.39363628297850545
fit-rw_positive-full-prior1	rw_positive	full	1.0	none	False	sub-116	similar	2	offer_1	5	0.0	1.4722494181293432e-06	5.108012595644172e-05	5.598740071009588e-47	4.2004113672341827e-16	7.744445983740492e-07
fit-rw_positive-full-prior1	rw_positive	full	1.0	none	False	sub-116	similar	2	offer_1_to_3	12	0.0	1.193675594266349e-05	0.000201702841640792	1.9022206911251276e-29	6.315725250018426e-11	4.016218439045285e-05
fit-rw_positive-full-prior1	rw_positive	full	1.0	none	False	sub-116	dissimilar	1	all	31	0.4838709677419355	0.47387218864488156	0.021733089509487317	0.4379713714516519	0.4703800199185218	0.5243863761546058
fit-rw_positive-full-prior1	rw_positive	full	1.0	none	False	sub-116	dissimilar	1	offer_1	1	0.0	1.5063075220893523e-06	4.032760916111475e-05	7.20815421037952e-48	5.336562813112166e-16	8.855170045532852e-07
fit-rw_positive-full-prior1	rw_positive	full	1.0	none	False	sub-116	dissimilar	1	offer_1_to_3	11	0.0	2.420022020583977e-05	0.00035773663821199073	1.1299746116719114e-29	1.6654202445475563e-10	9.370676429767304e-05
fit-rw_positive-full-prior1	rw_positive	full	1.0	none	False	sub-116	dissimilar	2	all	16	0.4375	0.45141834768269623	0.012022626227914232	0.4330302634881789	0.4494260214833965	0.47876936794197833
fit-rw_positive-full-prior1	rw_positive	full	1.0	none	False	sub-116	dissimilar	2	offer_1	4	0.0	1.6673627518664618e-06	4.35597710444958e-05	1.109907215812377e-47	7.790651449087696e-16	1.0975747938621299e-06
fit-rw_positive-full-prior1	rw_positive	full	1.0	none	False	sub-116	dissimilar	2	offer_1_to_3	6	0.0	1.1185471141339887e-05	0.00016767596653775532	6.77756203661988e-30	8.838017438942548e-11	4.29925630788615e-05
fit-rw_positive-full-prior1	rw_positive	full	1.0	none	False	sub-117	computer	1	all	32	0.8125	0.8177075272273048	0.021658216281058976	0.7706835681830628	0.8197054424741159	0.8564905272541317
fit-rw_positive-full-prior1	rw_positive	full	1.0	none	False	sub-117	computer	1	offer_1	5	0.0	0.04274449218957538	0.05589314274703033	1.0664097571762608e-05	0.020780804754646075	0.2024985831593737
fit-rw_positive-full-prior1	rw_positive	full	1.0	none	False	sub-117	computer	1	offer_1_to_3	11	0.45454545454545453	0.4700153516302716	0.0629820863954095	0.33370861844989796	0.47581032549466706	0.5829891199217054
fit-rw_positive-full-prior1	rw_positive	full	1.0	none	False	sub-117	computer	2	all	16	0.875	0.8694234425249939	0.014973287735872844	0.8398690510435802	0.8699448993312833	0.9025254613134429
fit-rw_positive-full-prior1	rw_positive	full	1.0	none	False	sub-117	computer	2	offer_1	2	0.0	0.0592904367067535	0.07517237980738803	2.2463021790671523e-05	0.030976495454329345	0.2719073204526263
fit-rw_positive-full-prior1	rw_positive	full	1.0	none	False	sub-117	computer	2	offer_1_to_3	5	0.6	0.5825395134361886	0.04758889792611541	0.48881046558052943	0.5840249320967389	0.6881149571567647
fit-rw_positive-full-prior1	rw_positive	full	1.0	none	False	sub-117	similar	1	all	24	0.7916666666666666	0.8037561004161389	0.02529996155005419	0.7454960074718768	0.8078464921075412	0.8438984372840621
fit-rw_positive-full-prior1	rw_positive	full	1.0	none	False	sub-117	similar	1	offer_1	4	0.0	0.032210382727859366	0.05221790092166088	3.0182276031132644e-08	0.009269673192069158	0.18776921049376308
fit-rw_positive-full-prior1	rw_positive	full	1.0	none	False	sub-117	similar	1	offer_1_to_3	9	0.4444444444444444	0.47698713007263566	0.06749403762466843	0.32174294737548603	0.48799103318013126	0.584575793510902
fit-rw_positive-full-prior1	rw_positive	full	1.0	none	False	sub-117	similar	2	all	24	0.875	0.863656649315282	0.016079421173528292	0.8248144425691174	0.8671915937668544	0.8896252971495318
fit-rw_positive-full-prior1	rw_positive	full	1.0	none	False	sub-117	similar	2	offer_1	3	0.0	0.03785280009874144	0.05715509938649725	1.6151262523999105e-07	0.013399460120940372	0.2064807798579253
fit-rw_positive-full-prior1	rw_positive	full	1.0	none	False	sub-117	similar	2	offer_1_to_3	6	0.5	0.45489652398622177	0.06417301618118124	0.2997164094221949	0.468973708789178	0.5588365294725999
fit-rw_positive-full-prior1	rw_positive	full	1.0	none	False	sub-117	dissimilar	1	all	16	0.9375	0.9505835076155564	0.032601952496589884	0.8749174234238399	0.956432080747754	0.995633961834571
fit-rw_positive-full-prior1	rw_positive	full	1.0	none	False	sub-117	dissimilar	1	offer_1_to_3	5	0.8	0.8422462897858983	0.10409404147825312	0.6004231333973524	0.860925875255331	0.9860659642171766
fit-rw_positive-full-prior1	rw_positive	full	1.0	none	False	sub-117	dissimilar	2	all	32	0.84375	0.8342621779977378	0.015429701493418189	0.8004865781920202	0.8361066168791691	0.8657217322240973
fit-rw_positive-full-prior1	rw_positive	full	1.0	none	False	sub-117	dissimilar	2	offer_1	5	0.0	0.041705095831409675	0.0626066792706038	1.9369070967766076e-07	0.01417571753978962	0.2261346880600731
fit-rw_positive-full-prior1	rw_positive	full	1.0	none	False	sub-117	dissimilar	2	offer_1_to_3	12	0.5833333333333334	0.5582097369050582	0.04105282301895038	0.46830679644856654	0.563072438748923	0.6420875613384105
fit-rw_positive-full-prior1	rw_positive	full	1.0	none	False	sub-118	computer	1	all	16	0.5	0.6586739212792148	0.06297796760319865	0.5359990053752318	0.6593411007944017	0.7773972830226418
fit-rw_positive-full-prior1	rw_positive	full	1.0	none	False	sub-118	computer	1	offer_1	2	0.0	0.3501740524909724	0.12987133857816766	0.11993639474947695	0.34559729838127456	0.5620303938076407
fit-rw_positive-full-prior1	rw_positive	full	1.0	none	False	sub-118	computer	1	offer_1_to_3	7	0.42857142857142855	0.4671796128059461	0.09485538489097521	0.2869610204800849	0.46438773779863873	0.6292603467429696
fit-rw_positive-full-prior1	rw_positive	full	1.0	none	False	sub-118	computer	2	all	32	0.9375	0.7330363972319291	0.039156218662401106	0.6554316244510727	0.7337038588584883	0.8072732245203369
fit-rw_positive-full-prior1	rw_positive	full	1.0	none	False	sub-118	computer	2	offer_1	4	0.75	0.43675985241482407	0.06668278376518622	0.3072421987708738	0.43502227503517077	0.5588400173190267
fit-rw_positive-full-prior1	rw_positive	full	1.0	none	False	sub-118	computer	2	offer_1_to_3	10	0.9	0.5244187675596743	0.05202649993744887	0.423047386547845	0.5228234523706754	0.6256778817781924
fit-rw_positive-full-prior1	rw_positive	full	1.0	none	False	sub-118	similar	1	all	24	0.6666666666666666	0.7396383923743606	0.05301816436822015	0.6342490003922794	0.7403448104895323	0.8401902212011069
fit-rw_positive-full-prior1	rw_positive	full	1.0	none	False	sub-118	similar	1	offer_1	3	0.3333333333333333	0.3981062223470927	0.09516127889654659	0.2167347409550691	0.39504205108768486	0.5659404128146583
fit-rw_positive-full-prior1	rw_positive	full	1.0	none	False	sub-118	similar	1	offer_1_to_3	4	0.25	0.4164585578581226	0.09408446005125028	0.23715059080351902	0.413139438045741	0.5838609378103753
fit-rw_positive-full-prior1	rw_positive	full	1.0	none	False	sub-118	similar	2	all	24	0.875	0.6941520708530406	0.040589173954089924	0.613050641087311	0.6946498503337202	0.771829973378385
fit-rw_positive-full-prior1	rw_positive	full	1.0	none	False	sub-118	similar	2	offer_1	5	1.0	0.4431648310679155	0.06372886084950893	0.3167539300000468	0.4415503891911897	0.5642870531909399
fit-rw_positive-full-prior1	rw_positive	full	1.0	none	False	sub-118	similar	2	offer_1_to_3	11	0.8181818181818182	0.5259119591784286	0.05248771352612217	0.4216883286895539	0.5251207164955305	0.6286764578691962
fit-rw_positive-full-prior1	rw_positive	full	1.0	none	False	sub-118	dissimilar	1	all	32	0.5625	0.7189240002049232	0.052495416649589996	0.6108680269680463	0.7214246487965925	0.8143019937653003
fit-rw_positive-full-prior1	rw_positive	full	1.0	none	False	sub-118	dissimilar	1	offer_1	2	0.0	0.3726222254973197	0.1231302125291542	0.12864081321098056	0.38092857423400944	0.5602261842304007
fit-rw_positive-full-prior1	rw_positive	full	1.0	none	False	sub-118	dissimilar	1	offer_1_to_3	11	0.09090909090909091	0.4962479364068346	0.10974117491175939	0.26317685011679637	0.5090753833265715	0.6639263390830595
fit-rw_positive-full-prior1	rw_positive	full	1.0	none	False	sub-118	dissimilar	2	all	16	0.875	0.7507430647088	0.04015293179918389	0.6663486017652592	0.753195090831468	0.8217758977303571
fit-rw_positive-full-prior1	rw_positive	full	1.0	none	False	sub-118	dissimilar	2	offer_1	2	1.0	0.3908149833691779	0.1034188927862031	0.1785640948596985	0.39664892498236415	0.558336136991323
fit-rw_positive-full-prior1	rw_positive	full	1.0	none	False	sub-118	dissimilar	2	offer_1_to_3	4	1.0	0.5029791987590374	0.07151521514623405	0.34781959538855206	0.5086272613324364	0.6223336022153994
fit-rw_positive-full-prior1	rw_positive	full	1.0	none	False	sub-121	computer	1	all	32	0.46875	0.5674532353217672	0.04524002378358008	0.47845258894266557	0.5674092972958905	0.6533955907365431
fit-rw_positive-full-prior1	rw_positive	full	1.0	none	False	sub-121	computer	1	offer_1	2	0.0	0.026854824182001268	0.02916467163010733	0.00030920666306342385	0.01724155903161407	0.10677949134069564
fit-rw_positive-full-prior1	rw_positive	full	1.0	none	False	sub-121	computer	1	offer_1_to_3	13	0.0	0.08093096261043102	0.06665598431112991	0.0016433040785795345	0.06509048837857354	0.2411070763017286
fit-rw_positive-full-prior1	rw_positive	full	1.0	none	False	sub-121	computer	2	all	16	0.75	0.6897019569516321	0.04375158933473669	0.5999459258121356	0.6916716014595135	0.770073678699201
fit-rw_positive-full-prior1	rw_positive	full	1.0	none	False	sub-121	computer	2	offer_1	2	0.0	0.034185621213443526	0.034401413983967136	0.0006914400204423812	0.023358218521253776	0.12799943578024697
fit-rw_positive-full-prior1	rw_positive	full	1.0	none	False	sub-121	computer	2	offer_1_to_3	5	0.2	0.17673561536489527	0.0768637586172839	0.04729713080310042	0.17064984165829267	0.3408731837506763
fit-rw_positive-full-prior1	rw_positive	full	1.0	none	False	sub-121	similar	1	all	24	0.5833333333333334	0.5497106463281471	0.03131598599291839	0.487110446493193	0.5494177615920477	0.6125515990085518
fit-rw_positive-full-prior1	rw_positive	full	1.0	none	False	sub-121	similar	1	offer_1	6	0.0	0.02358338816673722	0.02623732863927408	0.000413437363193212	0.01474377804878376	0.09545432761077487
fit-rw_positive-full-prior1	rw_positive	full	1.0	none	False	sub-121	similar	1	offer_1_to_3	11	0.09090909090909091	0.08474212613030449	0.0498338411636016	0.01360749936042211	0.07670232878040548	0.20197856702155925
fit-rw_positive-full-prior1	rw_positive	full	1.0	none	False	sub-121	similar	2	all	24	0.7916666666666666	0.7781454836861935	0.030615454975156272	0.7183745310579666	0.7780977528314958	0.8376792667430425
fit-rw_positive-full-prior1	rw_positive	full	1.0	none	False	sub-121	similar	2	offer_1	3	0.0	0.032343535597624866	0.034994663715211684	0.0005661444138000093	0.020785032072668727	0.12851421267774593
fit-rw_positive-full-prior1	rw_positive	full	1.0	none	False	sub-121	similar	2	offer_1_to_3	7	0.2857142857142857	0.28549548685954546	0.08468952229802232	0.1280250085585499	0.2822448676028955	0.45815856100385294
fit-rw_positive-full-prior1	rw_positive	full	1.0	none	False	sub-121	dissimilar	1	all	16	0.6875	0.6343203189417455	0.04158237170450691	0.5549763643836828	0.6340007570320636	0.7182054533400201
fit-rw_positive-full-prior1	rw_positive	full	1.0	none	False	sub-121	dissimilar	1	offer_1	3	0.0	0.013043524275995177	0.018091241866858593	0.00010811729706781836	0.006586415643824192	0.06489887918097709
fit-rw_positive-full-prior1	rw_positive	full	1.0	none	False	sub-121	dissimilar	1	offer_1_to_3	6	0.3333333333333333	0.11703520773676802	0.06986566666052468	0.017618284975795897	0.10568580057256632	0.2799383663146669
fit-rw_positive-full-prior1	rw_positive	full	1.0	none	False	sub-121	dissimilar	2	all	32	0.65625	0.6645531357519928	0.027307435884990145	0.6107218085273542	0.6644265301173868	0.7199083821449317
fit-rw_positive-full-prior1	rw_positive	full	1.0	none	False	sub-121	dissimilar	2	offer_1	3	0.0	0.02471471266002845	0.030622191279608593	0.00021677031955332813	0.013719140957540774	0.11125048895841416
fit-rw_positive-full-prior1	rw_positive	full	1.0	none	False	sub-121	dissimilar	2	offer_1_to_3	11	0.0	0.11704435919612367	0.0590635996505138	0.029941796850866963	0.10757699353284882	0.2553092016276739
fit-rw_positive-full-prior1	rw_positive	full	1.0	none	False	sub-122	computer	1	all	32	0.90625	0.8958248442823813	0.02422095100163509	0.8433583732143383	0.8974264596049143	0.9375487360830529
fit-rw_positive-full-prior1	rw_positive	full	1.0	none	False	sub-122	computer	1	offer_1	6	0.8333333333333334	0.6187613147435347	0.06474767168728515	0.4750695094893802	0.6263201382717062	0.7284148761448268
fit-rw_positive-full-prior1	rw_positive	full	1.0	none	False	sub-122	computer	1	offer_1_to_3	12	0.75	0.7448443206826223	0.05030265498827393	0.6406685159550377	0.7466199483753061	0.8372266146982228
fit-rw_positive-full-prior1	rw_positive	full	1.0	none	False	sub-122	computer	2	all	16	0.9375	0.8893643000624821	0.023918770308094212	0.8380727937782592	0.8907301466763843	0.9316944732572546
fit-rw_positive-full-prior1	rw_positive	full	1.0	none	False	sub-122	computer	2	offer_1	3	0.6666666666666666	0.6075207430762385	0.06897371413987514	0.453864592359941	0.6156929263198916	0.7232167498154762
fit-rw_positive-full-prior1	rw_positive	full	1.0	none	False	sub-122	computer	2	offer_1_to_3	5	0.8	0.6824619717387943	0.05709515549610706	0.5637568687750886	0.6848301115688489	0.7882317878425018
fit-rw_positive-full-prior1	rw_positive	full	1.0	none	False	sub-122	similar	1	all	24	1.0	0.9269197930680267	0.031751923561067805	0.8548760286075516	0.9305269466780386	0.9779832399736839
fit-rw_positive-full-prior1	rw_positive	full	1.0	none	False	sub-122	similar	1	offer_1	4	1.0	0.7071318633798431	0.09817719079520923	0.48585916163557696	0.7134097327980414	0.8816811916227949
fit-rw_positive-full-prior1	rw_positive	full	1.0	none	False	sub-122	similar	1	offer_1_to_3	11	1.0	0.8451106156637803	0.06389489631710754	0.7042650016931356	0.8508193586746287	0.9519654040920937
fit-rw_positive-full-prior1	rw_positive	full	1.0	none	False	sub-122	similar	2	all	24	0.875	0.9152163780951066	0.027540068376403642	0.8560768836860516	0.9172402720619717	0.9637133115671686
fit-rw_positive-full-prior1	rw_positive	full	1.0	none	False	sub-122	similar	2	offer_1	6	0.5	0.6753544174612977	0.10226516253458638	0.4503762375563861	0.6835309998771568	0.8552597620289237
fit-rw_positive-full-prior1	rw_positive	full	1.0	none	False	sub-122	similar	2	offer_1_to_3	7	0.5714285714285714	0.7161240979034531	0.08971219893343291	0.5222122622694806	0.722190160730213	0.8756975918727185
fit-rw_positive-full-prior1	rw_positive	full	1.0	none	False	sub-122	dissimilar	1	all	15	0.8	0.909667530047248	0.026213503067632336	0.8513569599798996	0.9121783038126294	0.9535058127839762
fit-rw_positive-full-prior1	rw_positive	full	1.0	none	False	sub-122	dissimilar	1	offer_1	1	0.0	0.6245254017575179	0.06757816484887179	0.46088440460348795	0.6335466186061369	0.7291785828670412
fit-rw_positive-full-prior1	rw_positive	full	1.0	none	False	sub-122	dissimilar	1	offer_1_to_3	5	0.4	0.7638096307965131	0.05511715372138561	0.6534285708398342	0.7652635632130671	0.86568711739426
fit-rw_positive-full-prior1	rw_positive	full	1.0	none	False	sub-122	dissimilar	2	all	32	0.9375	0.9241854829174381	0.028097103284218113	0.8585789211766027	0.9278812831751151	0.9684415269569613
fit-rw_positive-full-prior1	rw_positive	full	1.0	none	False	sub-122	dissimilar	2	offer_1	1	1.0	0.5798437901235531	0.08772129722457041	0.36313868799163956	0.5946856623234894	0.7111700304663267
fit-rw_positive-full-prior1	rw_positive	full	1.0	none	False	sub-122	dissimilar	2	offer_1_to_3	9	0.7777777777777778	0.7994981375774785	0.05477674734361609	0.6869627756372544	0.8019094350541633	0.8992757912328249
fit-rw_positive-full-prior1	rw_positive	full	1.0	none	False	sub-124	computer	1	all	31	0.9354838709677419	0.9305671497606751	0.011576258437562948	0.8994628598942211	0.934203250269765	0.9504524323563468
fit-rw_positive-full-prior1	rw_positive	full	1.0	none	False	sub-124	computer	1	offer_1	4	0.5	0.4681380268766557	0.08503190776999874	0.23782622983920276	0.49296717956454705	0.6202801291408248
fit-rw_positive-full-prior1	rw_positive	full	1.0	none	False	sub-124	computer	1	offer_1_to_3	12	0.8333333333333334	0.8206438849135408	0.029882750581552635	0.7403405329954551	0.8300266314181228	0.872020328613437
fit-rw_positive-full-prior1	rw_positive	full	1.0	none	False	sub-124	computer	2	all	16	0.875	0.8795550162051451	0.014812192083961943	0.8515360003818786	0.8756831202316783	0.9175875059904203
fit-rw_positive-full-prior1	rw_positive	full	1.0	none	False	sub-124	computer	2	offer_1	2	0.0	0.06760377137274357	0.10257024303249816	8.582247255047792e-11	0.01936576615169554	0.3693019527107686
fit-rw_positive-full-prior1	rw_positive	full	1.0	none	False	sub-124	computer	2	offer_1_to_3	6	0.6666666666666666	0.678830596975012	0.03947746711424211	0.6041610599320721	0.6684888741834372	0.7802342366787008
fit-rw_positive-full-prior1	rw_positive	full	1.0	none	False	sub-124	similar	1	all	24	0.875	0.8916418118945579	0.019860497321379286	0.8750000007449429	0.8835667050350487	0.9444798499639544
fit-rw_positive-full-prior1	rw_positive	full	1.0	none	False	sub-124	similar	1	offer_1	3	0.0	0.1350093696912541	0.16049978474966137	8.986517421048982e-08	0.06983934406220493	0.5608674149507573
fit-rw_positive-full-prior1	rw_positive	full	1.0	none	False	sub-124	similar	1	offer_1_to_3	10	0.7	0.739965744082039	0.04768654606413274	0.7000000020071109	0.7205632490931089	0.8670078291729039
fit-rw_positive-full-prior1	rw_positive	full	1.0	none	False	sub-124	similar	2	all	24	0.9583333333333334	0.9530912697737003	0.011395952543171564	0.9182162575204128	0.9580363584311073	0.9618924297029748
fit-rw_positive-full-prior1	rw_positive	full	1.0	none	False	sub-124	similar	2	offer_1	1	0.0	0.017686774946772836	0.05161018064087955	7.913064428720685e-24	0.00020374274798965982	0.1776045095108229
fit-rw_positive-full-prior1	rw_positive	full	1.0	none	False	sub-124	similar	2	offer_1_to_3	6	0.8333333333333334	0.8123992286252187	0.045516500607460195	0.6732125491292972	0.8321454337244296	0.8476205124435992
fit-rw_positive-full-prior1	rw_positive	full	1.0	none	False	sub-124	dissimilar	1	all	16	1.0	0.9905006454621464	0.01708848833653723	0.9361210928967904	0.9983136369661958	0.9999999999981848
fit-rw_positive-full-prior1	rw_positive	full	1.0	none	False	sub-124	dissimilar	1	offer_1	2	1.0	0.9251166988128868	0.13452916077246238	0.49504215996844025	0.9865338389097832	0.9999999999854777
fit-rw_positive-full-prior1	rw_positive	full	1.0	none	False	sub-124	dissimilar	1	offer_1_to_3	5	1.0	0.9696306837666947	0.05461120278381652	0.7961858422206073	0.994603639049378	0.9999999999941912
fit-rw_positive-full-prior1	rw_positive	full	1.0	none	False	sub-124	dissimilar	2	all	32	0.875	0.8729773288931609	0.010160793230759368	0.8470303309713625	0.8749635785724796	0.8928329261608756
fit-rw_positive-full-prior1	rw_positive	full	1.0	none	False	sub-124	dissimilar	2	offer_1	4	0.0	0.018487201091132017	0.049383037866307156	4.0995552284506075e-21	0.0004634591269974361	0.1629369113651074
fit-rw_positive-full-prior1	rw_positive	full	1.0	none	False	sub-124	dissimilar	2	offer_1_to_3	12	0.6666666666666666	0.6612891687411533	0.027080407357820867	0.5920849548141882	0.6665700153052885	0.7143045119712665
fit-rw_positive-full-prior1	rw_positive	full	1.0	none	False	sub-125	computer	1	all	32	0.5625	0.5360509628538261	0.03648395089263756	0.4648058187339445	0.5360421368511965	0.6085192917474868
fit-rw_positive-full-prior1	rw_positive	full	1.0	none	False	sub-125	computer	1	offer_1	5	0.0	0.04255316920307604	0.031752914177298135	0.003118861732055923	0.035399248227043704	0.12165112429622965
fit-rw_positive-full-prior1	rw_positive	full	1.0	none	False	sub-125	computer	1	offer_1_to_3	11	0.0	0.0892316965125121	0.0458827694129652	0.01923602415653608	0.08299855563369415	0.19438247962132954
fit-rw_positive-full-prior1	rw_positive	full	1.0	none	False	sub-125	computer	2	all	16	0.5625	0.586401323480879	0.04538719334323088	0.5006394289528334	0.5847200964935855	0.6777706713445208
fit-rw_positive-full-prior1	rw_positive	full	1.0	none	False	sub-125	computer	2	offer_1	2	0.0	0.059950715264285095	0.042495638193696804	0.00525219905785134	0.050846081333582455	0.1660927104663366
fit-rw_positive-full-prior1	rw_positive	full	1.0	none	False	sub-125	computer	2	offer_1_to_3	5	0.2	0.12252243026137642	0.06281838732580729	0.02937140949541128	0.11261781734357917	0.2754864605581353
fit-rw_positive-full-prior1	rw_positive	full	1.0	none	False	sub-125	similar	1	all	23	0.4782608695652174	0.4566930778345183	0.043327566937375925	0.3762488601608232	0.4550488901438553	0.5468911002119607
fit-rw_positive-full-prior1	rw_positive	full	1.0	none	False	sub-125	similar	1	offer_1	5	0.0	0.028707848393450745	0.027182016626368568	0.0009818987300128292	0.020730725366516902	0.10137547109010098
fit-rw_positive-full-prior1	rw_positive	full	1.0	none	False	sub-125	similar	1	offer_1_to_3	9	0.1111111111111111	0.07794651136233544	0.043479662747675674	0.016461816233525304	0.07028943101175729	0.1819357065636409
fit-rw_positive-full-prior1	rw_positive	full	1.0	none	False	sub-125	similar	2	all	24	0.5833333333333334	0.6308785294247053	0.030127466762264837	0.5681639158810594	0.6321262734207131	0.6881143594928678
fit-rw_positive-full-prior1	rw_positive	full	1.0	none	False	sub-125	similar	2	offer_1	4	0.0	0.03525187601221542	0.032675769619344666	0.0006527767892573759	0.025980487468824084	0.12093709845254534
fit-rw_positive-full-prior1	rw_positive	full	1.0	none	False	sub-125	similar	2	offer_1_to_3	8	0.0	0.09058632536501636	0.049922392628209265	0.018108079415872783	0.08236336151068482	0.2084724822444304
fit-rw_positive-full-prior1	rw_positive	full	1.0	none	False	sub-125	dissimilar	1	all	15	0.4666666666666667	0.5321394135525194	0.05140599221603337	0.41717179025534656	0.5358697561769652	0.6237590146815338
fit-rw_positive-full-prior1	rw_positive	full	1.0	none	False	sub-125	dissimilar	1	offer_1	1	0.0	0.022662190165670105	0.024300172589824358	0.0004985736312866009	0.014792110831456623	0.08901450804691716
fit-rw_positive-full-prior1	rw_positive	full	1.0	none	False	sub-125	dissimilar	1	offer_1_to_3	5	0.2	0.10085141079127338	0.05904501141940492	0.014653425696496542	0.0916551059511401	0.23702655109593213
fit-rw_positive-full-prior1	rw_positive	full	1.0	none	False	sub-125	dissimilar	2	all	32	0.5625	0.5487810011980939	0.03723972358704277	0.47666281951790523	0.5481051528257341	0.6228990264810793
fit-rw_positive-full-prior1	rw_positive	full	1.0	none	False	sub-125	dissimilar	2	offer_1	7	0.0	0.032926574321122976	0.030468496024022903	0.001634860602326361	0.024102124735165452	0.11435353245237216
fit-rw_positive-full-prior1	rw_positive	full	1.0	none	False	sub-125	dissimilar	2	offer_1_to_3	11	0.0	0.055483075611235146	0.03876564586474791	0.00776255392369518	0.0466057450285374	0.15355333917187075
fit-rw_positive-full-prior1	rw_positive	full	1.0	none	False	sub-126	computer	1	all	16	1.0	0.9986328297552732	0.0037777575394525535	0.9881479431528241	0.9999410298747506	1.0
fit-rw_positive-full-prior1	rw_positive	full	1.0	none	False	sub-126	computer	1	offer_1_to_3	5	1.0	0.9957555992771624	0.01134894796054344	0.9632973085783452	0.9998113160721757	1.0
fit-rw_positive-full-prior1	rw_positive	full	1.0	none	False	sub-126	computer	2	all	32	1.0	0.997304586401513	0.004219423701848481	0.9855016515911652	0.9989547057539543	0.9999999969693066
fit-rw_positive-full-prior1	rw_positive	full	1.0	none	False	sub-126	computer	2	offer_1	1	1.0	0.9372315061850734	0.08221813472424659	0.723312427471093	0.9685393162430116	0.9999999030178122
fit-rw_positive-full-prior1	rw_positive	full	1.0	none	False	sub-126	computer	2	offer_1_to_3	6	1.0	0.9860470067252531	0.020689209560593304	0.9265729871201359	0.9944258004371422	0.999999983836302
fit-rw_positive-full-prior1	rw_positive	full	1.0	none	False	sub-126	similar	1	all	23	1.0	0.9957054018724459	0.007042029188163517	0.9754035982125971	0.9988556803984434	0.9999999999911661
fit-rw_positive-full-prior1	rw_positive	full	1.0	none	False	sub-126	similar	1	offer_1	2	1.0	0.9567291599515353	0.0655015941224837	0.7719129855654707	0.986990086427594	0.9999999998984108
fit-rw_positive-full-prior1	rw_positive	full	1.0	none	False	sub-126	similar	1	offer_1_to_3	6	1.0	0.9836392788464018	0.026531308174798072	0.9069877573664523	0.9956134515121651	0.999999999966137
fit-rw_positive-full-prior1	rw_positive	full	1.0	none	False	sub-126	similar	2	all	24	1.0	0.9965604638695298	0.005948405175609462	0.9797351841175361	0.9990409951536883	0.9999999999598624
fit-rw_positive-full-prior1	rw_positive	full	1.0	none	False	sub-126	similar	2	offer_1	1	1.0	0.9339985279376448	0.10293341408118888	0.6525206633102119	0.9776024663106153	0.9999999990367006
fit-rw_positive-full-prior1	rw_positive	full	1.0	none	False	sub-126	similar	2	offer_1_to_3	8	1.0	0.9898697394506536	0.01696832104020956	0.9410568751795754	0.9971231461894858	0.9999999998795875
fit-rw_positive-full-prior1	rw_positive	full	1.0	none	False	sub-126	dissimilar	1	all	32	1.0	0.9933151113283918	0.010193390877345563	0.9638813952476738	0.9978062629502742	0.9999999998339788
fit-rw_positive-full-prior1	rw_positive	full	1.0	none	False	sub-126	dissimilar	1	offer_1	5	1.0	0.9597263811158445	0.058913325613123735	0.7926731279190043	0.9860448415193512	0.999999998937465
fit-rw_positive-full-prior1	rw_positive	full	1.0	none	False	sub-126	dissimilar	1	offer_1_to_3	11	1.0	0.9806018670407554	0.029445584590652225	0.8952114263735098	0.9936182195973364	0.9999999995170296
fit-rw_positive-full-prior1	rw_positive	full	1.0	none	False	sub-126	dissimilar	2	all	15	1.0	0.9939029106272125	0.009456947512324678	0.966798826330685	0.9980162222989581	0.9999999998692811
fit-rw_positive-full-prior1	rw_positive	full	1.0	none	False	sub-126	dissimilar	2	offer_1	2	1.0	0.9579269186544236	0.06176330564701811	0.7827586013424176	0.9852645510576352	0.9999999990196086
fit-rw_positive-full-prior1	rw_positive	full	1.0	none	False	sub-126	dissimilar	2	offer_1_to_3	5	1.0	0.981774546132231	0.02808511957402814	0.9009010330522921	0.994048675158228	0.9999999996078435
fit-rw_positive-full-prior1	rw_positive	full	1.0	none	False	sub-127	computer	1	all	31	0.3548387096774194	0.3584782598233515	0.020972691225956058	0.3140932057717873	0.35756196863512724	0.4014866541110794
fit-rw_positive-full-prior1	rw_positive	full	1.0	none	False	sub-127	computer	1	offer_1	3	0.0	6.045159547612452e-07	1.4193484343988896e-05	2.2192724060459544e-32	7.086425899418672e-14	9.437098627788972e-07
fit-rw_positive-full-prior1	rw_positive	full	1.0	none	False	sub-127	computer	1	offer_1_to_3	9	0.0	5.084247129562305e-06	6.780755294216341e-05	3.827555924001763e-23	2.3479168010003675e-10	2.3478807948082167e-05
fit-rw_positive-full-prior1	rw_positive	full	1.0	none	False	sub-127	computer	2	all	16	0.375	0.37788587654794736	0.018563267146954384	0.33687237421378885	0.37771663188359283	0.4134853332452505
fit-rw_positive-full-prior1	rw_positive	full	1.0	none	False	sub-127	computer	2	offer_1_to_3	4	0.0	1.0681110004995225e-05	0.00012881020335656822	1.2871790051258437e-22	6.420825768487922e-10	5.449290822337126e-05
fit-rw_positive-full-prior1	rw_positive	full	1.0	none	False	sub-127	similar	1	all	24	0.20833333333333334	0.2112140523449393	0.011887804627625873	0.18909199029143936	0.2088548372183675	0.24237441981660945
fit-rw_positive-full-prior1	rw_positive	full	1.0	none	False	sub-127	similar	1	offer_1	6	0.0	7.355342284286154e-08	5.758266811668124e-06	2.389343021642461e-75	8.243372904031083e-23	4.2164901049926564e-09
fit-rw_positive-full-prior1	rw_positive	full	1.0	none	False	sub-127	similar	1	offer_1_to_3	10	0.0	4.586906438542344e-07	1.897181584913281e-05	6.220067903838182e-53	1.0828124513657981e-16	3.555105290427725e-07
fit-rw_positive-full-prior1	rw_positive	full	1.0	none	False	sub-127	similar	2	all	24	0.375	0.38241397765511753	0.01868019205455669	0.34974351842618273	0.3774656205759377	0.4305721095474035
fit-rw_positive-full-prior1	rw_positive	full	1.0	none	False	sub-127	similar	2	offer_1	1	0.0	7.867115868297423e-08	5.924895542189162e-06	8.839942389187335e-75	1.2788702410395334e-22	5.0104576873072015e-09
fit-rw_positive-full-prior1	rw_positive	full	1.0	none	False	sub-127	similar	2	offer_1_to_3	5	0.0	6.02652385177717e-07	2.4682347181502563e-05	1.0656803961902973e-52	1.3579021794514624e-16	4.2144849177147855e-07
fit-rw_positive-full-prior1	rw_positive	full	1.0	none	False	sub-127	dissimilar	1	all	16	0.4375	0.35480183066760645	0.031162321626928304	0.29479249953382397	0.35412754201311475	0.4157083630852127
fit-rw_positive-full-prior1	rw_positive	full	1.0	none	False	sub-127	dissimilar	1	offer_1	2	0.0	7.24214889987534e-06	8.782326421335663e-05	3.347887745055215e-17	2.423842928848298e-09	4.6070750198417484e-05
fit-rw_positive-full-prior1	rw_positive	full	1.0	none	False	sub-127	dissimilar	1	offer_1_to_3	3	0.0	1.4745375625061581e-05	0.00014031982710163512	5.664212839816188e-15	2.221138889418592e-08	0.0001102457817878736
fit-rw_positive-full-prior1	rw_positive	full	1.0	none	False	sub-127	dissimilar	2	all	32	0.375	0.39495464307882816	0.021642158856523225	0.3475823242457431	0.3961785567770475	0.43276085852592006
fit-rw_positive-full-prior1	rw_positive	full	1.0	none	False	sub-127	dissimilar	2	offer_1	3	0.0	8.406264012046236e-06	0.0001002429190513313	4.4127669791755576e-17	3.04154254106482e-09	5.1044789947606474e-05
fit-rw_positive-full-prior1	rw_positive	full	1.0	none	False	sub-127	dissimilar	2	offer_1_to_3	10	0.0	8.279543627355447e-05	0.0005133690505313112	4.915410220271887e-12	8.877290316823521e-07	0.0007349136371890368
fit-rw_positive-full-prior1	rw_positive	full	1.0	none	False	sub-128	computer	1	all	32	0.0625	0.06120657704615354	0.009439841891099386	0.03819625800193561	0.06247540761141322	0.08119406838559819
fit-rw_positive-full-prior1	rw_positive	full	1.0	none	False	sub-128	computer	1	offer_1	7	0.0	3.8725524371462903e-10	4.580036427997324e-08	6.880647377219349e-281	5.288387991815996e-50	1.9899338700537917e-15
fit-rw_positive-full-prior1	rw_positive	full	1.0	none	False	sub-128	computer	1	offer_1_to_3	12	0.0	2.0957823598132914e-09	1.9621926013424232e-07	4.646723520204483e-218	1.790542410497576e-39	9.478081671533465e-13
fit-rw_positive-full-prior1	rw_positive	full	1.0	none	False	sub-128	computer	2	all	16	0.0625	0.06414701516152471	0.008989315830898736	0.048094720626176375	0.06250075407541733	0.08929634429998858
fit-rw_positive-full-prior1	rw_positive	full	1.0	none	False	sub-128	computer	2	offer_1_to_3	5	0.0	3.3698834714248185e-09	3.090797368098054e-07	4.6915472042873656e-240	1.881109283956996e-42	3.3765962834606617e-13
fit-rw_positive-full-prior1	rw_positive	full	1.0	none	False	sub-128	similar	1	all	24	0.08333333333333333	0.07422281296191356	0.014782092096115893	0.0299374288368162	0.08161906916705505	0.08434883819444688
fit-rw_positive-full-prior1	rw_positive	full	1.0	none	False	sub-128	similar	1	offer_1_to_3	8	0.0	5.7485114642895e-10	4.2553264446512136e-08	7.052866518029037e-284	2.880292179181929e-48	1.6792890917220257e-14
fit-rw_positive-full-prior1	rw_positive	full	1.0	none	False	sub-128	similar	2	all	24	0.125	0.13179121525155926	0.01684860985238973	0.11367398139747213	0.12530688093035675	0.18293577593104404
fit-rw_positive-full-prior1	rw_positive	full	1.0	none	False	sub-128	similar	2	offer_1	3	0.0	3.1707791735245547e-11	2.550769155529439e-09	0.0	2.0287808870972392e-61	5.036406112093202e-18
fit-rw_positive-full-prior1	rw_positive	full	1.0	none	False	sub-128	similar	2	offer_1_to_3	5	0.0	3.460120909606583e-10	2.384229656667864e-08	2.318269812501867e-280	9.392167663173389e-48	1.2292789264850526e-14
fit-rw_positive-full-prior1	rw_positive	full	1.0	none	False	sub-128	dissimilar	1	all	16	0.0	0.03406080291485206	0.033359064344944254	9.279145083751017e-08	0.024104643459266942	0.10887954200716816
fit-rw_positive-full-prior1	rw_positive	full	1.0	none	False	sub-128	dissimilar	1	offer_1	4	0.0	8.906044877218597e-09	6.881072136925352e-07	0.0	1.613077446969329e-63	1.3934731382279521e-14
fit-rw_positive-full-prior1	rw_positive	full	1.0	none	False	sub-128	dissimilar	1	offer_1_to_3	4	0.0	8.906044877218597e-09	6.881072136925352e-07	0.0	1.613077446969329e-63	1.3934731382279521e-14
fit-rw_positive-full-prior1	rw_positive	full	1.0	none	False	sub-128	dissimilar	2	all	32	0.125	0.1114592280626847	0.01684732943698846	0.06562496578610512	0.11802196732279745	0.12499999999999996
fit-rw_positive-full-prior1	rw_positive	full	1.0	none	False	sub-128	dissimilar	2	offer_1	5	0.0	1.0623958135709931e-08	7.87740845741479e-07	0.0	3.012832976770203e-60	4.613235087073921e-14
fit-rw_positive-full-prior1	rw_positive	full	1.0	none	False	sub-128	dissimilar	2	offer_1_to_3	10	0.0	5.875428960755079e-08	3.7654018228294867e-06	2.4695510816298087e-301	7.691169237052065e-47	2.5761991806157383e-11
fit-rw_positive-full-prior1	rw_positive	full	1.0	none	False	sub-129	computer	1	all	31	0.5483870967741935	0.5502725222666078	0.020763023906076525	0.5082083860464405	0.5506886580496799	0.5905337326624304
fit-rw_positive-full-prior1	rw_positive	full	1.0	none	False	sub-129	computer	1	offer_1	5	0.0	0.0038560000893820843	0.00674232585624325	1.0870658845934695e-06	0.0013877701312975848	0.022527040422317963
fit-rw_positive-full-prior1	rw_positive	full	1.0	none	False	sub-129	computer	1	offer_1_to_3	12	0.0	0.019540546795876246	0.01916801477772331	0.0005723340406541005	0.013840515241072323	0.07063216476999659
fit-rw_positive-full-prior1	rw_positive	full	1.0	none	False	sub-129	computer	2	all	16	0.5625	0.568589633636913	0.0229199013938715	0.5247673334733638	0.5681607313836697	0.6153487473590603
fit-rw_positive-full-prior1	rw_positive	full	1.0	none	False	sub-129	computer	2	offer_1	4	0.0	0.004585157265540463	0.007749288641295108	1.5486298507276927e-06	0.0017304059370608282	0.026273835181266064
fit-rw_positive-full-prior1	rw_positive	full	1.0	none	False	sub-129	computer	2	offer_1_to_3	6	0.0	0.028988742091973316	0.02440629502516782	0.001270238357327514	0.02274716162030852	0.09177739106446128
fit-rw_positive-full-prior1	rw_positive	full	1.0	none	False	sub-129	similar	1	all	24	0.5	0.477641447510314	0.023212210773589315	0.437775430477209	0.4749721755377586	0.5296741742827062
fit-rw_positive-full-prior1	rw_positive	full	1.0	none	False	sub-129	similar	1	offer_1	2	0.0	0.0008723342292145752	0.002821161479248235	6.335066256381021e-11	6.141032680524295e-05	0.007537042123593763
fit-rw_positive-full-prior1	rw_positive	full	1.0	none	False	sub-129	similar	1	offer_1_to_3	11	0.0	0.01863501198906475	0.02295344258117117	6.443195982238958e-05	0.010477816942318315	0.08194464842413716
fit-rw_positive-full-prior1	rw_positive	full	1.0	none	False	sub-129	similar	2	all	24	0.6666666666666666	0.6747643028120482	0.015715995831804285	0.6433418030223101	0.6744272883393605	0.7070624538039868
fit-rw_positive-full-prior1	rw_positive	full	1.0	none	False	sub-129	similar	2	offer_1	2	0.0	0.001025191533047154	0.003229756209352366	7.071083358645358e-11	7.779912103362688e-05	0.00878087749923741
fit-rw_positive-full-prior1	rw_positive	full	1.0	none	False	sub-129	similar	2	offer_1_to_3	7	0.0	0.01890989025451791	0.02324853836292933	4.8173454671599295e-05	0.010617552648232543	0.08273259650102137
fit-rw_positive-full-prior1	rw_positive	full	1.0	none	False	sub-129	dissimilar	1	all	16	0.625	0.5874710759052708	0.03800167026525077	0.5167853116198914	0.5858993296147014	0.6663750060806676
fit-rw_positive-full-prior1	rw_positive	full	1.0	none	False	sub-129	dissimilar	1	offer_1	1	0.0	0.0035833055597005404	0.007025184316314334	1.1390612939086049e-07	0.0010440122652708907	0.02302907387091991
fit-rw_positive-full-prior1	rw_positive	full	1.0	none	False	sub-129	dissimilar	1	offer_1_to_3	3	0.0	0.0227709519624746	0.02334551273300443	0.0004617649825029895	0.015425641043913297	0.08667390760891441
fit-rw_positive-full-prior1	rw_positive	full	1.0	none	False	sub-129	dissimilar	2	all	32	0.53125	0.5718611785679693	0.022409532708260155	0.5281032199553486	0.5712170531801009	0.6178742400937448
fit-rw_positive-full-prior1	rw_positive	full	1.0	none	False	sub-129	dissimilar	2	offer_1	3	0.0	0.004360713879463456	0.008193222780369444	2.3653739249698908e-07	0.0013745764215651838	0.027145943353560353
fit-rw_positive-full-prior1	rw_positive	full	1.0	none	False	sub-129	dissimilar	2	offer_1_to_3	11	0.0	0.02571457904383248	0.025487829537265045	0.0005940267834327808	0.018042275900252515	0.094251589145796
fit-rw_positive-full-prior1	rw_positive	full	1.0	none	False	sub-130	computer	1	all	15	0.9333333333333333	0.9344416060492972	0.022511581350303556	0.8840189627344901	0.9367105751617228	0.9722126536204914
fit-rw_positive-full-prior1	rw_positive	full	1.0	none	False	sub-130	computer	1	offer_1	3	1.0	0.7585429231678252	0.059751266964368915	0.6415889576344618	0.7584719504317242	0.8753016611964837
fit-rw_positive-full-prior1	rw_positive	full	1.0	none	False	sub-130	computer	1	offer_1_to_3	7	1.0	0.8610668908507065	0.045906701264495184	0.7610200982154159	0.864908729724527	0.9404651884033977
fit-rw_positive-full-prior1	rw_positive	full	1.0	none	False	sub-130	computer	2	all	32	1.0	0.964344517830738	0.01653745807877885	0.9243357234677338	0.9671036403226395	0.9884588894598558
fit-rw_positive-full-prior1	rw_positive	full	1.0	none	False	sub-130	computer	2	offer_1	2	1.0	0.7578554195791953	0.05959243858564713	0.6414039705150472	0.7575475685811965	0.8740708793083363
fit-rw_positive-full-prior1	rw_positive	full	1.0	none	False	sub-130	computer	2	offer_1_to_3	9	1.0	0.8826525340541166	0.04714244920060004	0.7768688023653701	0.8880148734016748	0.9591840751852477
fit-rw_positive-full-prior1	rw_positive	full	1.0	none	False	sub-130	similar	1	all	24	1.0	0.9735189504217716	0.01689988608333811	0.9354938681140264	0.9758011974722685	0.9983844913453904
fit-rw_positive-full-prior1	rw_positive	full	1.0	none	False	sub-130	similar	1	offer_1	4	1.0	0.855475094647409	0.0833960982845639	0.6861462054787183	0.8613413048635385	0.9903286272739
fit-rw_positive-full-prior1	rw_positive	full	1.0	none	False	sub-130	similar	1	offer_1_to_3	6	1.0	0.8959354587345142	0.0640359326691543	0.7568832117104841	0.903419024768763	0.9935379684255186
fit-rw_positive-full-prior1	rw_positive	full	1.0	none	False	sub-130	similar	2	all	24	1.0	0.9757898057323348	0.017579750613282822	0.9326188193080334	0.9792892047727648	0.9986561868939787
fit-rw_positive-full-prior1	rw_positive	full	1.0	none	False	sub-130	similar	2	offer_1	3	1.0	0.8480786311276414	0.08823986787651063	0.6671297118124455	0.8547827477851486	0.9893126893205691
fit-rw_positive-full-prior1	rw_positive	full	1.0	none	False	sub-130	similar	2	offer_1_to_3	8	1.0	0.9299662004232975	0.047693318773677267	0.8176117518968942	0.9382697603096162	0.9959685651866973
fit-rw_positive-full-prior1	rw_positive	full	1.0	none	False	sub-130	dissimilar	1	all	32	1.0	0.9791831154970687	0.015428129702217132	0.9412849341501072	0.9824308493503306	0.9987334425367191
fit-rw_positive-full-prior1	rw_positive	full	1.0	none	False	sub-130	dissimilar	1	offer_1	3	1.0	0.8436874641887433	0.08475985752012487	0.6757603311004855	0.8468582994125988	0.9866145489930896
fit-rw_positive-full-prior1	rw_positive	full	1.0	none	False	sub-130	dissimilar	1	offer_1_to_3	10	1.0	0.9356424606296098	0.04481523046377884	0.8289116191368109	0.9441233042782362	0.9959470294668914
fit-rw_positive-full-prior1	rw_positive	full	1.0	none	False	sub-130	dissimilar	2	all	16	1.0	0.9740620226725921	0.017220505917100136	0.9331546818207616	0.9769038692532083	0.9980982005122566
fit-rw_positive-full-prior1	rw_positive	full	1.0	none	False	sub-130	dissimilar	2	offer_1	2	1.0	0.8281064088775667	0.09765341040306057	0.6220782278235961	0.8349824492993845	0.9848986694838131
fit-rw_positive-full-prior1	rw_positive	full	1.0	none	False	sub-130	dissimilar	2	offer_1_to_3	4	1.0	0.9003642011717535	0.06181322887941076	0.7621598270241561	0.9083776401209169	0.9923928436472917
fit-rw_positive-full-prior1	rw_positive	full	1.0	none	False	sub-132	computer	1	all	31	0.967741935483871	0.9894178225449317	0.00852863965513723	0.9672783973923019	0.9915508659109801	0.9991925686224837
fit-rw_positive-full-prior1	rw_positive	full	1.0	none	False	sub-132	computer	1	offer_1	2	0.5	0.8619167364646152	0.10331473648998848	0.5897272211186474	0.8830341210758726	0.9876122898942822
fit-rw_positive-full-prior1	rw_positive	full	1.0	none	False	sub-132	computer	1	offer_1_to_3	9	0.8888888888888888	0.9640388393610424	0.028219889274503033	0.8901309660017428	0.9709628960133112	0.9972188582171219
fit-rw_positive-full-prior1	rw_positive	full	1.0	none	False	sub-132	computer	2	all	16	1.0	0.9869536975113115	0.01106186209959494	0.9583031743519009	0.9898515639658286	0.9993294645891547
fit-rw_positive-full-prior1	rw_positive	full	1.0	none	False	sub-132	computer	2	offer_1	1	1.0	0.8457621436223629	0.12132801041686005	0.5238713479927365	0.8728120642974052	0.9895818685967775
fit-rw_positive-full-prior1	rw_positive	full	1.0	none	False	sub-132	computer	2	offer_1_to_3	5	1.0	0.9586824922555346	0.034352952008030124	0.8700708863286079	0.9675779742090233	0.997854291461881
fit-rw_positive-full-prior1	rw_positive	full	1.0	none	False	sub-132	similar	1	all	24	1.0	0.9871950340784537	0.013957324539773565	0.9489706770043641	0.9917665363396087	0.9999739367311491
fit-rw_positive-full-prior1	rw_positive	full	1.0	none	False	sub-132	similar	1	offer_1	4	1.0	0.9292072706281554	0.07214006670753652	0.7424488232405608	0.9515635207743909	0.9998436326199226
fit-rw_positive-full-prior1	rw_positive	full	1.0	none	False	sub-132	similar	1	offer_1_to_3	10	1.0	0.9694397572946469	0.03295322462347889	0.879446685802276	0.9802408551229839	0.9999374481547579
fit-rw_positive-full-prior1	rw_positive	full	1.0	none	False	sub-132	similar	2	all	24	1.0	0.9927389487985607	0.008033914780680588	0.9709786808368562	0.9953813489945277	0.9999846385603834
fit-rw_positive-full-prior1	rw_positive	full	1.0	none	False	sub-132	similar	2	offer_1	2	1.0	0.9231581624972082	0.07732421763208659	0.7273358526283696	0.9466759814635555	0.9998156719285776
fit-rw_positive-full-prior1	rw_positive	full	1.0	none	False	sub-132	similar	2	offer_1_to_3	6	1.0	0.9711427947698252	0.03150820803884754	0.8855286190043585	0.98152724951621	0.9999385542415339
fit-rw_positive-full-prior1	rw_positive	full	1.0	none	False	sub-132	dissimilar	1	all	16	1.0	0.9937586203883698	0.007675619624247594	0.9724689331725362	0.9963596480262946	0.9999858845640407
fit-rw_positive-full-prior1	rw_positive	full	1.0	none	False	sub-132	dissimilar	1	offer_1	1	1.0	0.9257409746262707	0.07359036501049926	0.7377234890703399	0.9475483761775472	0.9997743021216845
fit-rw_positive-full-prior1	rw_positive	full	1.0	none	False	sub-132	dissimilar	1	offer_1_to_3	6	1.0	0.9834395938838787	0.02010268595854629	0.927414801865033	0.9902932017285835	0.9999623588374426
fit-rw_positive-full-prior1	rw_positive	full	1.0	none	False	sub-132	dissimilar	2	all	32	1.0	0.9870292378967463	0.013331497348540555	0.9519074193387628	0.9911951097214016	0.9999589917092817
fit-rw_positive-full-prior1	rw_positive	full	1.0	none	False	sub-132	dissimilar	2	offer_1	5	1.0	0.9238145248178486	0.07365574626834952	0.7348616778775058	0.9452994092544054	0.9997375487319797
fit-rw_positive-full-prior1	rw_positive	full	1.0	none	False	sub-132	dissimilar	2	offer_1_to_3	11	1.0	0.9623768993220958	0.03843941781244752	0.8611402186199745	0.9743859645184623	0.999880703154274
fit-rw_positive-full-prior1	rw_positive	full	1.0	none	False	sub-133	computer	1	all	32	1.0	0.9775186907083175	0.012991032739061908	0.9484120251173884	0.9786580397762148	0.9980368159330987
fit-rw_positive-full-prior1	rw_positive	full	1.0	none	False	sub-133	computer	1	offer_1	3	1.0	0.7965023237748392	0.10708245606318705	0.574318085465643	0.8027407499435952	0.9793656752348353
fit-rw_positive-full-prior1	rw_positive	full	1.0	none	False	sub-133	computer	1	offer_1_to_3	10	1.0	0.9288176999798722	0.040186426906483705	0.8396116126691752	0.9319243509745627	0.9937178407649243
fit-rw_positive-full-prior1	rw_positive	full	1.0	none	False	sub-133	computer	2	all	16	1.0	0.9797932833442801	0.017217049081332654	0.9389044021370162	0.9833232933014168	0.9999779279018606
fit-rw_positive-full-prior1	rw_positive	full	1.0	none	False	sub-133	computer	2	offer_1	2	1.0	0.8654262046217015	0.10414482014915188	0.6315536238562166	0.8785343288966159	0.9998234236557848
fit-rw_positive-full-prior1	rw_positive	full	1.0	none	False	sub-133	computer	2	offer_1_to_3	6	1.0	0.946430621152945	0.04523505154164695	0.8397583393949909	0.9555350615104719	0.999941141071628
fit-rw_positive-full-prior1	rw_positive	full	1.0	none	False	sub-133	similar	1	all	24	0.9166666666666666	0.9410982676315834	0.028809833462707612	0.8809716422247934	0.9435311781151818	0.9879352689739626
fit-rw_positive-full-prior1	rw_positive	full	1.0	none	False	sub-133	similar	1	offer_1	6	0.6666666666666666	0.7738897867971385	0.11103380819377824	0.5390444577671764	0.7856390052966139	0.9521022770919355
fit-rw_positive-full-prior1	rw_positive	full	1.0	none	False	sub-133	similar	1	offer_1_to_3	11	0.8181818181818182	0.871892389213317	0.06242556266036939	0.7413365603183942	0.877070137979614	0.9736781170244232
fit-rw_positive-full-prior1	rw_positive	full	1.0	none	False	sub-133	similar	2	all	24	1.0	0.9785971666453002	0.015492658016200176	0.9428240966384926	0.9806912705550391	0.9999052852974817
fit-rw_positive-full-prior1	rw_positive	full	1.0	none	False	sub-133	similar	2	offer_1	3	1.0	0.8430615653223261	0.10839997761929208	0.5991559945183815	0.853580850035452	0.9992422823798546
fit-rw_positive-full-prior1	rw_positive	full	1.0	none	False	sub-133	similar	2	offer_1_to_3	5	1.0	0.898401403390975	0.07234985200184356	0.7360356857284446	0.9074570229167132	0.9995453694279115
fit-rw_positive-full-prior1	rw_positive	full	1.0	none	False	sub-133	dissimilar	1	all	14	0.9285714285714286	0.9581560848386762	0.027439193458017357	0.8927703884164956	0.963675593064046	0.9958337072995368
fit-rw_positive-full-prior1	rw_positive	full	1.0	none	False	sub-133	dissimilar	1	offer_1	2	0.5	0.7255881475068877	0.18625025765294867	0.261900114463062	0.7700021523670504	0.9709778727559509
fit-rw_positive-full-prior1	rw_positive	full	1.0	none	False	sub-133	dissimilar	1	offer_1_to_3	6	0.8333333333333334	0.9027360127786896	0.06369809222868052	0.7505906806829759	0.9155508436243887	0.9902787659834892
fit-rw_positive-full-prior1	rw_positive	full	1.0	none	False	sub-133	dissimilar	2	all	32	1.0	0.9932235968682712	0.0073542513986060805	0.9744814359146774	0.9953236920128026	0.9999976704960507
fit-rw_positive-full-prior1	rw_positive	full	1.0	none	False	sub-133	dissimilar	2	offer_1	1	1.0	0.849095634511152	0.12999219163176134	0.5283153416204592	0.8723012084600049	0.9999254558821731
fit-rw_positive-full-prior1	rw_positive	full	1.0	none	False	sub-133	dissimilar	2	offer_1_to_3	6	1.0	0.9659729752472342	0.03339291914625745	0.8805990353009274	0.9751962504179413	0.9999875759789366
fit-rw_positive-full-prior1	rw_positive	full	1.0	none	False	sub-134	computer	1	all	31	0.967741935483871	0.9664862432825645	0.01988474247233289	0.9177382217397574	0.9703128570279981	0.9933612900251774
fit-rw_positive-full-prior1	rw_positive	full	1.0	none	False	sub-134	computer	1	offer_1_to_3	8	1.0	0.9039829059591432	0.0480197024326873	0.7927846416340474	0.9106186833609595	0.976981613383447
fit-rw_positive-full-prior1	rw_positive	full	1.0	none	False	sub-134	computer	2	all	15	0.8666666666666667	0.8780440824046373	0.026643864433009052	0.8237594951604232	0.8788503473568514	0.9278987366778939
fit-rw_positive-full-prior1	rw_positive	full	1.0	none	False	sub-134	computer	2	offer_1	3	0.3333333333333333	0.4315822054821395	0.1322722464871957	0.15049290515588057	0.43912473480197567	0.6700928310015444
fit-rw_positive-full-prior1	rw_positive	full	1.0	none	False	sub-134	computer	2	offer_1_to_3	3	0.3333333333333333	0.4315822054821395	0.1322722464871957	0.15049290515588057	0.43912473480197567	0.6700928310015444
fit-rw_positive-full-prior1	rw_positive	full	1.0	none	False	sub-134	similar	1	all	23	0.9130434782608695	0.9222096303752525	0.026171603530425292	0.8631929424623883	0.9238027387962867	0.9677605488602282
fit-rw_positive-full-prior1	rw_positive	full	1.0	none	False	sub-134	similar	1	offer_1	2	0.0	0.4168856407731693	0.1881566752160421	0.04206980215653272	0.43305308150454586	0.7426745812761254
fit-rw_positive-full-prior1	rw_positive	full	1.0	none	False	sub-134	similar	1	offer_1_to_3	11	0.8181818181818182	0.8389547899716211	0.05303057538559365	0.7211572926715908	0.8415214521198745	0.9326827645953013
fit-rw_positive-full-prior1	rw_positive	full	1.0	none	False	sub-134	similar	2	all	22	0.9545454545454546	0.9545233146790904	0.014491130223227145	0.9211562849911058	0.9555786923194726	0.9796599962649203
fit-rw_positive-full-prior1	rw_positive	full	1.0	none	False	sub-134	similar	2	offer_1	1	0.0	0.34847373825534395	0.19300276220610332	0.012051518722081914	0.35468414995953723	0.6997376666875708
fit-rw_positive-full-prior1	rw_positive	full	1.0	none	False	sub-134	similar	2	offer_1_to_3	4	0.75	0.7600286298639318	0.07030221041579034	0.6060402591996242	0.7617596245050366	0.8890474852927779
fit-rw_positive-full-prior1	rw_positive	full	1.0	none	False	sub-134	dissimilar	1	all	15	0.8666666666666667	0.8829357457995367	0.0329963198069187	0.8207545389736567	0.8822790369004107	0.9477696420301492
fit-rw_positive-full-prior1	rw_positive	full	1.0	none	False	sub-134	dissimilar	1	offer_1	3	0.3333333333333333	0.48181909035887477	0.1464457577997353	0.1971110005137488	0.4811658251669466	0.7608836771635493
fit-rw_positive-full-prior1	rw_positive	full	1.0	none	False	sub-134	dissimilar	1	offer_1_to_3	4	0.5	0.5754900149135979	0.1193351468688065	0.34534229260836957	0.5736367337783175	0.8063594714594153
fit-rw_positive-full-prior1	rw_positive	full	1.0	none	False	sub-134	dissimilar	2	all	29	0.9310344827586207	0.8997092472171407	0.02556456070979117	0.8483627579316269	0.899860189137885	0.9484492099660731
fit-rw_positive-full-prior1	rw_positive	full	1.0	none	False	sub-134	dissimilar	2	offer_1	4	0.5	0.4013975051658037	0.14238988655250095	0.12826955410552623	0.40149839008742993	0.6785285092629257
fit-rw_positive-full-prior1	rw_positive	full	1.0	none	False	sub-134	dissimilar	2	offer_1_to_3	10	0.8	0.7205853648830083	0.06606351352653106	0.597306791902864	0.7190186689543259	0.853146502503431
fit-rw_positive-full-prior1	rw_positive	full	1.0	none	False	sub-135	computer	1	all	28	0.17857142857142858	0.16736759332646137	0.035573757478765525	0.1022205418168437	0.16592078964742957	0.2408752735024939
fit-rw_positive-full-prior1	rw_positive	full	1.0	none	False	sub-135	computer	1	offer_1	2	0.0	0.002162475330473163	0.004736016864104786	1.1122040760438976e-06	0.000509880813198648	0.014761671709160007
fit-rw_positive-full-prior1	rw_positive	full	1.0	none	False	sub-135	computer	1	offer_1_to_3	10	0.0	0.0059961980933637676	0.009523396834913416	2.259387956531046e-05	0.002441215125475262	0.03257570425698426
fit-rw_positive-full-prior1	rw_positive	full	1.0	none	False	sub-135	computer	2	all	13	0.15384615384615385	0.17682323795605961	0.030229865003000265	0.11832488250209014	0.17665441009445254	0.23655225431261512
fit-rw_positive-full-prior1	rw_positive	full	1.0	none	False	sub-135	computer	2	offer_1	2	0.0	0.002331537202929574	0.005014003641137877	1.2601365116726528e-06	0.000560722397699681	0.015784055729177016
fit-rw_positive-full-prior1	rw_positive	full	1.0	none	False	sub-135	computer	2	offer_1_to_3	5	0.0	0.004200443639304506	0.007407224938994387	1.0005982618037618e-05	0.0014695369793134485	0.02474165590642718
fit-rw_positive-full-prior1	rw_positive	full	1.0	none	False	sub-135	similar	1	all	21	0.09523809523809523	0.10132857488785418	0.028412949015102867	0.04781172133555821	0.10016305907155501	0.1608780026552773
fit-rw_positive-full-prior1	rw_positive	full	1.0	none	False	sub-135	similar	1	offer_1	3	0.0	9.622639094850376e-05	0.0008241916673085199	2.1909874087547235e-27	2.2462239841171365e-09	0.0007565603145266306
fit-rw_positive-full-prior1	rw_positive	full	1.0	none	False	sub-135	similar	1	offer_1_to_3	8	0.0	0.0002581204015640525	0.0015700059071749222	2.4893831754055264e-21	1.3104830861594963e-07	0.0024097850529642417
fit-rw_positive-full-prior1	rw_positive	full	1.0	none	False	sub-135	similar	2	all	24	0.125	0.1312331843231054	0.030522675612694533	0.0731333998217765	0.1295742110803479	0.19738107837775878
fit-rw_positive-full-prior1	rw_positive	full	1.0	none	False	sub-135	similar	2	offer_1	2	0.0	0.00010330380687595625	0.0008653231415777979	4.129321723719284e-27	2.774776383634017e-09	0.0008194689802741189
fit-rw_positive-full-prior1	rw_positive	full	1.0	none	False	sub-135	similar	2	offer_1_to_3	5	0.0	0.00020720761718901127	0.0013553276745953441	1.860762706012179e-21	7.503545402338202e-08	0.0019062001412667783
fit-rw_positive-full-prior1	rw_positive	full	1.0	none	False	sub-135	dissimilar	1	all	15	0.4	0.2129098212368674	0.0343055452591097	0.14984440632161328	0.21133435636162484	0.2855241317241056
fit-rw_positive-full-prior1	rw_positive	full	1.0	none	False	sub-135	dissimilar	1	offer_1	4	0.25	0.02360092052213028	0.021912468328828216	0.0016794281740043144	0.017009800157484108	0.0832884149655048
fit-rw_positive-full-prior1	rw_positive	full	1.0	none	False	sub-135	dissimilar	1	offer_1_to_3	7	0.42857142857142855	0.032841027242442	0.026179900362535865	0.0036130465564902436	0.025748183848976196	0.10232243529024741
fit-rw_positive-full-prior1	rw_positive	full	1.0	none	False	sub-135	dissimilar	2	all	31	0.12903225806451613	0.22645658643422178	0.03775311119996624	0.15668080020992942	0.2249029243873917	0.30625781241638383
fit-rw_positive-full-prior1	rw_positive	full	1.0	none	False	sub-135	dissimilar	2	offer_1	5	0.0	0.025023413930621147	0.022883758837279097	0.0018602187731986478	0.01824755084257199	0.08681372070014257
fit-rw_positive-full-prior1	rw_positive	full	1.0	none	False	sub-135	dissimilar	2	offer_1_to_3	9	0.0	0.03206253625506602	0.026210742086188076	0.0032665895561639507	0.024965371043642666	0.10150952442219453
fit-rw_positive-full-prior1	rw_positive	full	1.0	none	False	sub-136	computer	1	all	32	0.71875	0.737945536090651	0.028395535520939007	0.6822230065343554	0.737774945957602	0.79424130515715
fit-rw_positive-full-prior1	rw_positive	full	1.0	none	False	sub-136	computer	1	offer_1	4	0.0	0.1065222311423567	0.057596847153118934	0.022355390740975714	0.09718050569929351	0.24092040199201828
fit-rw_positive-full-prior1	rw_positive	full	1.0	none	False	sub-136	computer	1	offer_1_to_3	10	0.1	0.25615160265306425	0.06875987884030386	0.13401049963221334	0.2523256583235344	0.40084080103868114
fit-rw_positive-full-prior1	rw_positive	full	1.0	none	False	sub-136	computer	2	all	16	0.875	0.8135356273327323	0.026594168890763232	0.7539846273608063	0.8160505041169388	0.8587286305446798
fit-rw_positive-full-prior1	rw_positive	full	1.0	none	False	sub-136	computer	2	offer_1	3	0.6666666666666666	0.21244062773566888	0.08386744305485883	0.062804638042213	0.20897229011862622	0.38051336031032684
fit-rw_positive-full-prior1	rw_positive	full	1.0	none	False	sub-136	computer	2	offer_1_to_3	6	0.6666666666666666	0.5209771326011509	0.06280224768973576	0.3834429200538574	0.5252686497101773	0.6312189193585932
fit-rw_positive-full-prior1	rw_positive	full	1.0	none	False	sub-136	similar	1	all	24	0.5833333333333334	0.6773985056325421	0.04292340489105967	0.5973153187035569	0.6761080670370596	0.7648034596329368
fit-rw_positive-full-prior1	rw_positive	full	1.0	none	False	sub-136	similar	1	offer_1	3	0.0	0.012313658428829062	0.027502730616883905	6.965509688722056e-07	0.0019965072335236915	0.09298541894741613
fit-rw_positive-full-prior1	rw_positive	full	1.0	none	False	sub-136	similar	1	offer_1_to_3	10	0.0	0.26436943873917423	0.09321880266819495	0.1029770989728159	0.25768429261091796	0.46102105262489695
fit-rw_positive-full-prior1	rw_positive	full	1.0	none	False	sub-136	similar	2	all	24	0.875	0.826813897344912	0.022702933386121945	0.7789423059698168	0.8278750104357577	0.8697006762330358
fit-rw_positive-full-prior1	rw_positive	full	1.0	none	False	sub-136	similar	2	offer_1	3	0.0	0.08087081119923098	0.07648702545018926	0.0016249851171650004	0.05693149010586969	0.28092501732472663
fit-rw_positive-full-prior1	rw_positive	full	1.0	none	False	sub-136	similar	2	offer_1_to_3	7	0.5714285714285714	0.4151308761036809	0.07492181337520266	0.2625800839534707	0.41638943647666615	0.5603549086428136
fit-rw_positive-full-prior1	rw_positive	full	1.0	none	False	sub-136	dissimilar	1	all	16	0.6875	0.7697736136258205	0.04352221584479147	0.6822886668194993	0.771080209395727	0.8521741991995588
fit-rw_positive-full-prior1	rw_positive	full	1.0	none	False	sub-136	dissimilar	1	offer_1	1	0.0	0.08118938705545031	0.062434134438084904	0.006775920409393468	0.06545889313396269	0.23960387584844503
fit-rw_positive-full-prior1	rw_positive	full	1.0	none	False	sub-136	dissimilar	1	offer_1_to_3	5	0.0	0.3980806668852329	0.09177215544196839	0.23003842765564592	0.39480874924436493	0.5892089736174742
fit-rw_positive-full-prior1	rw_positive	full	1.0	none	False	sub-136	dissimilar	2	all	32	0.9375	0.8311188190775349	0.02893939037562916	0.7688290270504653	0.8326731205647411	0.8833978338627047
fit-rw_positive-full-prior1	rw_positive	full	1.0	none	False	sub-136	dissimilar	2	offer_1	4	0.5	0.22560713811750527	0.08974831439016458	0.06898191000005514	0.2210649157265997	0.41163555283868086
fit-rw_positive-full-prior1	rw_positive	full	1.0	none	False	sub-136	dissimilar	2	offer_1_to_3	11	0.8181818181818182	0.532209457566389	0.07084866745685715	0.38902379216738314	0.5336046605629338	0.6681707362839409
fit-rw_positive-full-prior1	rw_positive	full	1.0	none	False	sub-137	computer	1	all	16	0.4375	0.45700482184164215	0.020141357499624483	0.41468165508518	0.45743767019147574	0.4949839985977693
fit-rw_positive-full-prior1	rw_positive	full	1.0	none	False	sub-137	computer	1	offer_1	2	0.0	2.5443906133774026e-05	0.00017899708249175572	1.180505596806062e-16	6.099009570570967e-08	0.00019661561180894473
fit-rw_positive-full-prior1	rw_positive	full	1.0	none	False	sub-137	computer	1	offer_1_to_3	4	0.0	0.0003887429100151684	0.0013819681793374886	8.712119285103844e-11	2.0820628518481324e-05	0.003343208802056607
fit-rw_positive-full-prior1	rw_positive	full	1.0	none	False	sub-137	computer	2	all	32	0.46875	0.46203652927876376	0.019397238232832275	0.42267376577149607	0.4624179841278092	0.4990292556326257
fit-rw_positive-full-prior1	rw_positive	full	1.0	none	False	sub-137	computer	2	offer_1	4	0.0	3.2890248150916996e-05	0.00024034542021887615	2.54780338985897e-16	9.18387552296697e-08	0.0002606808715875651
fit-rw_positive-full-prior1	rw_positive	full	1.0	none	False	sub-137	computer	2	offer_1_to_3	10	0.0	0.0003899461980444414	0.001435607115678569	9.645019202390691e-11	2.0857262234749236e-05	0.0033678371891269735
fit-rw_positive-full-prior1	rw_positive	full	1.0	none	False	sub-137	similar	1	all	23	0.6086956521739131	0.5885513333503006	0.03248702396895687	0.5203927368723854	0.5903762699456758	0.644486592141266
fit-rw_positive-full-prior1	rw_positive	full	1.0	none	False	sub-137	similar	1	offer_1	1	0.0	0.00026134608544942464	0.0009849625146028465	1.5281559182937053e-09	1.4066043669974863e-05	0.002308018409874524
fit-rw_positive-full-prior1	rw_positive	full	1.0	none	False	sub-137	similar	1	offer_1_to_3	4	0.0	0.002012539771133911	0.00428176058650751	1.980569949722583e-06	0.0005097743570687761	0.013721347492321758
fit-rw_positive-full-prior1	rw_positive	full	1.0	none	False	sub-137	similar	2	all	23	0.391304347826087	0.3786725716683733	0.018826503227614456	0.3409858287802618	0.3788439819425986	0.41699711273434387
fit-rw_positive-full-prior1	rw_positive	full	1.0	none	False	sub-137	similar	2	offer_1	3	0.0	0.0003238403550566669	0.0012067226786970494	2.597790045418513e-09	2.0264288674087883e-05	0.0028361455459032527
fit-rw_positive-full-prior1	rw_positive	full	1.0	none	False	sub-137	similar	2	offer_1_to_3	11	0.0	0.002825398139888025	0.005649134190782787	3.55531096697954e-06	0.0008018714441049023	0.01849737902775601
fit-rw_positive-full-prior1	rw_positive	full	1.0	none	False	sub-137	dissimilar	1	all	32	0.4375	0.4392684814469226	0.023054054902777413	0.3853770114231233	0.4391755451607926	0.48415404304329845
fit-rw_positive-full-prior1	rw_positive	full	1.0	none	False	sub-137	dissimilar	1	offer_1	6	0.0	4.4009603284148394e-06	9.752689376490642e-05	9.643858365912584e-43	2.178977287833511e-14	8.09334849986376e-06
fit-rw_positive-full-prior1	rw_positive	full	1.0	none	False	sub-137	dissimilar	1	offer_1_to_3	13	0.0	4.281724192280378e-05	0.00044863504982196114	9.651522386067411e-28	8.387817537004345e-10	0.00027124462238533627
fit-rw_positive-full-prior1	rw_positive	full	1.0	none	False	sub-137	dissimilar	2	all	16	0.4375	0.45370640849024435	0.01437491246925185	0.43753641646159397	0.4500959975918587	0.48758487270725887
fit-rw_positive-full-prior1	rw_positive	full	1.0	none	False	sub-137	dissimilar	2	offer_1	1	0.0	6.073824826854049e-06	0.00013413176071329735	7.245101302035399e-42	4.320638067617065e-14	1.1812257549078057e-05
fit-rw_positive-full-prior1	rw_positive	full	1.0	none	False	sub-137	dissimilar	2	offer_1_to_3	5	0.0	5.1303759923401136e-05	0.0005767930517436247	4.983034621384431e-27	1.1292971021430754e-09	0.000304930522029861
fit-rw_positive-full-prior1	rw_positive	full	1.0	none	False	sub-138	computer	1	all	15	1.0	0.7542736295212711	0.0434872998086062	0.6663547442508604	0.7550670521510897	0.8334710957955557
fit-rw_positive-full-prior1	rw_positive	full	1.0	none	False	sub-138	computer	1	offer_1	3	1.0	0.3654235246212462	0.08719373196318533	0.19178042983953136	0.36730437433876284	0.5292950121675909
fit-rw_positive-full-prior1	rw_positive	full	1.0	none	False	sub-138	computer	1	offer_1_to_3	6	1.0	0.5024712973120111	0.08469359297340388	0.3279645852774565	0.5079832758924541	0.6425793290361493
fit-rw_positive-full-prior1	rw_positive	full	1.0	none	False	sub-138	computer	2	all	28	0.5357142857142857	0.7253653612215324	0.033677897577075185	0.6572401725132249	0.7258785924425274	0.7909067596876888
fit-rw_positive-full-prior1	rw_positive	full	1.0	none	False	sub-138	computer	2	offer_1	5	0.0	0.32919792944726506	0.08689203871071402	0.151946457304511	0.3322150106984753	0.48873343944698344
fit-rw_positive-full-prior1	rw_positive	full	1.0	none	False	sub-138	computer	2	offer_1_to_3	11	0.0	0.44157862435959516	0.07201519690476355	0.29305141300255594	0.4445853317029552	0.5747738062823216
fit-rw_positive-full-prior1	rw_positive	full	1.0	none	False	sub-138	similar	1	all	22	0.7272727272727273	0.771548073718113	0.03864937544835232	0.6940835084841672	0.7723525514518218	0.8448410398125302
fit-rw_positive-full-prior1	rw_positive	full	1.0	none	False	sub-138	similar	1	offer_1	1	0.0	0.3389660133990057	0.09295233237742725	0.15867646496128626	0.33910328498376485	0.5185196130340131
fit-rw_positive-full-prior1	rw_positive	full	1.0	none	False	sub-138	similar	1	offer_1_to_3	6	0.3333333333333333	0.4071776006579509	0.09150763512628203	0.22357670102551142	0.41100519437741256	0.5827383787022754
fit-rw_positive-full-prior1	rw_positive	full	1.0	none	False	sub-138	similar	2	all	22	0.8181818181818182	0.7593738317234113	0.04133655082194741	0.6734988406767705	0.7615410842098139	0.8330258618075288
fit-rw_positive-full-prior1	rw_positive	full	1.0	none	False	sub-138	similar	2	offer_1	3	0.6666666666666666	0.3395288735423683	0.08153446211532547	0.17743953148962394	0.34185752821853455	0.49272570639886226
fit-rw_positive-full-prior1	rw_positive	full	1.0	none	False	sub-138	similar	2	offer_1_to_3	7	0.5714285714285714	0.4796086145737485	0.06601741185233334	0.3391262143900173	0.4834053700890968	0.6010175773650595
fit-rw_positive-full-prior1	rw_positive	full	1.0	none	False	sub-138	dissimilar	1	all	31	0.7096774193548387	0.7855554306344101	0.037472254133059456	0.7090962896411703	0.7865610373822263	0.8562260604090521
fit-rw_positive-full-prior1	rw_positive	full	1.0	none	False	sub-138	dissimilar	1	offer_1	3	0.0	0.25570017629729636	0.1056175488325652	0.07128041397032782	0.24955928716133396	0.471143135249639
fit-rw_positive-full-prior1	rw_positive	full	1.0	none	False	sub-138	dissimilar	1	offer_1_to_3	10	0.4	0.49351264819507606	0.07870568890903357	0.3374232452142942	0.4932227248249852	0.6482522128264852
fit-rw_positive-full-prior1	rw_positive	full	1.0	none	False	sub-138	dissimilar	2	all	16	1.0	0.8169974751216409	0.04011005555655603	0.7362371088912115	0.8181586555428308	0.892004224897387
fit-rw_positive-full-prior1	rw_positive	full	1.0	none	False	sub-138	dissimilar	2	offer_1_to_3	5	1.0	0.566963496876948	0.08154034706814176	0.4039559278479478	0.5678241704689884	0.7233795653423974
fit-rw_positive-full-prior1	rw_positive	full	1.0	none	False	sub-140	computer	1	all	16	0.8125	0.7883817505015838	0.04010756506080356	0.7076888939627942	0.7889534374333569	0.8638401965595668
fit-rw_positive-full-prior1	rw_positive	full	1.0	none	False	sub-140	computer	1	offer_1	1	1.0	0.4042146827907374	0.114944162981496	0.1949111418107877	0.3943627799630314	0.609260599644901
fit-rw_positive-full-prior1	rw_positive	full	1.0	none	False	sub-140	computer	1	offer_1_to_3	6	0.5	0.5359757111337617	0.08336003380769978	0.36658942746614986	0.5385209788771796	0.6842285946106178
fit-rw_positive-full-prior1	rw_positive	full	1.0	none	False	sub-140	computer	2	all	31	0.8064516129032258	0.7853038979971416	0.03245878919274576	0.7195297302002734	0.7859294833108064	0.8473479115445078
fit-rw_positive-full-prior1	rw_positive	full	1.0	none	False	sub-140	computer	2	offer_1	3	0.3333333333333333	0.33792463623328234	0.09066110651961783	0.15130423614590396	0.3423505828053539	0.5043285199976124
fit-rw_positive-full-prior1	rw_positive	full	1.0	none	False	sub-140	computer	2	offer_1_to_3	11	0.5454545454545454	0.5226359577246122	0.06299443337778095	0.3960718564689526	0.5241536896419843	0.6437923568239272
fit-rw_positive-full-prior1	rw_positive	full	1.0	none	False	sub-140	similar	1	all	24	0.7916666666666666	0.840861062528216	0.03339108979912897	0.7739677361773196	0.8415541516533735	0.9024028546385691
fit-rw_positive-full-prior1	rw_positive	full	1.0	none	False	sub-140	similar	1	offer_1	2	0.5	0.35595810787390353	0.14313603823940532	0.10450609174293306	0.3446184823440772	0.6096557007558083
fit-rw_positive-full-prior1	rw_positive	full	1.0	none	False	sub-140	similar	1	offer_1_to_3	6	0.3333333333333333	0.4703191498268481	0.11303590449570976	0.23954300537344414	0.47737095951742664	0.6633888160512393
fit-rw_positive-full-prior1	rw_positive	full	1.0	none	False	sub-140	similar	2	all	24	0.7916666666666666	0.7793397227963361	0.04000319296714812	0.6979135046525777	0.7805370228414814	0.853618242565166
fit-rw_positive-full-prior1	rw_positive	full	1.0	none	False	sub-140	similar	2	offer_1	3	0.3333333333333333	0.2796690295118198	0.11063392894316397	0.0798340079123155	0.277153757210966	0.5001078457757152
fit-rw_positive-full-prior1	rw_positive	full	1.0	none	False	sub-140	similar	2	offer_1_to_3	9	0.4444444444444444	0.51266143493593	0.08195905158943326	0.3449090404037709	0.5152196596147267	0.6660971548728581
fit-rw_positive-full-prior1	rw_positive	full	1.0	none	False	sub-140	dissimilar	1	all	31	0.7096774193548387	0.7323016949705743	0.034435024881659275	0.6645855147829678	0.7326505587133105	0.7997697006136992
fit-rw_positive-full-prior1	rw_positive	full	1.0	none	False	sub-140	dissimilar	1	offer_1	6	0.6666666666666666	0.3543781506318275	0.07957807456430771	0.1930892410908117	0.35770427781279207	0.5045766178297779
fit-rw_positive-full-prior1	rw_positive	full	1.0	none	False	sub-140	dissimilar	1	offer_1_to_3	11	0.45454545454545453	0.42529171731606813	0.07054753479048802	0.2814095990480715	0.4284328477655291	0.5611243823037753
fit-rw_positive-full-prior1	rw_positive	full	1.0	none	False	sub-140	dissimilar	2	all	16	0.8125	0.7967746032729606	0.035156971272448836	0.7232402803115933	0.7983715981513029	0.8611683681394945
fit-rw_positive-full-prior1	rw_positive	full	1.0	none	False	sub-140	dissimilar	2	offer_1	1	0.0	0.355446777475622	0.0833362365470613	0.179960656742771	0.3602452031430352	0.5055760321232369
fit-rw_positive-full-prior1	rw_positive	full	1.0	none	False	sub-140	dissimilar	2	offer_1_to_3	5	0.4	0.5515551537092338	0.05623551140624598	0.4362663032010808	0.5534190045463643	0.658585178749751
fit-rw_positive-full-prior1	rw_positive	full	1.0	none	False	sub-141	computer	1	all	31	0.967741935483871	0.9321502352235336	0.01982254355540609	0.8880824756671449	0.9340636850107913	0.9653267193385324
fit-rw_positive-full-prior1	rw_positive	full	1.0	none	False	sub-141	computer	1	offer_1	7	1.0	0.7364033104744675	0.05860579707396248	0.6201774368436362	0.7364819366210846	0.849787160836848
fit-rw_positive-full-prior1	rw_positive	full	1.0	none	False	sub-141	computer	1	offer_1_to_3	11	1.0	0.8160296749617848	0.047949068212079914	0.7149132586978848	0.8184718487921769	0.9025494178933974
fit-rw_positive-full-prior1	rw_positive	full	1.0	none	False	sub-141	computer	2	all	15	1.0	0.9501867756926461	0.019049946906264045	0.9051515637323035	0.95317429540445	0.9783451765577263
fit-rw_positive-full-prior1	rw_positive	full	1.0	none	False	sub-141	computer	2	offer_1	2	1.0	0.7329903541248637	0.06075866503486306	0.6098315210920032	0.7337425148692698	0.8486314333827171
fit-rw_positive-full-prior1	rw_positive	full	1.0	none	False	sub-141	computer	2	offer_1_to_3	6	1.0	0.8813633027256222	0.04042222664467116	0.7902024469768686	0.8862670210642127	0.946064399098778
fit-rw_positive-full-prior1	rw_positive	full	1.0	none	False	sub-141	similar	1	all	24	1.0	0.9729034553485637	0.02095519855368893	0.9202412935256719	0.9777068423666189	0.9985438449334235
fit-rw_positive-full-prior1	rw_positive	full	1.0	none	False	sub-141	similar	1	offer_1	2	1.0	0.8322172745011779	0.0845234937868555	0.6688715288235165	0.8329583694061564	0.9831767454583662
fit-rw_positive-full-prior1	rw_positive	full	1.0	none	False	sub-141	similar	1	offer_1_to_3	11	1.0	0.9423070727085997	0.042910182040416495	0.836423450795531	0.9516065817538428	0.9968229498081301
fit-rw_positive-full-prior1	rw_positive	full	1.0	none	False	sub-141	similar	2	all	24	1.0	0.985826325532692	0.011254259185501915	0.9573175609723527	0.988435698187357	0.9991649143981121
fit-rw_positive-full-prior1	rw_positive	full	1.0	none	False	sub-141	similar	2	offer_1	1	1.0	0.816612536774612	0.09687457295499866	0.621623706734498	0.8207143668480279	0.9806415118125988
fit-rw_positive-full-prior1	rw_positive	full	1.0	none	False	sub-141	similar	2	offer_1_to_3	6	1.0	0.9458141491913069	0.03985264399310459	0.8476691932364312	0.9542418475340115	0.9966596686267857
fit-rw_positive-full-prior1	rw_positive	full	1.0	none	False	sub-141	dissimilar	1	all	16	1.0	0.9815263744448304	0.014264558588248408	0.9451240304974026	0.9849254481530647	0.9988921219239322
fit-rw_positive-full-prior1	rw_positive	full	1.0	none	False	sub-141	dissimilar	1	offer_1	1	1.0	0.8301107927851842	0.08893198882731546	0.6528506639973526	0.8337373621168442	0.9828043287504906
fit-rw_positive-full-prior1	rw_positive	full	1.0	none	False	sub-141	dissimilar	1	offer_1_to_3	4	1.0	0.9308469051259441	0.04834429002630172	0.8149504897504285	0.9406262963801555	0.9955685570456096
fit-rw_positive-full-prior1	rw_positive	full	1.0	none	False	sub-141	dissimilar	2	all	32	1.0	0.9745371935104264	0.018241418877592955	0.9291705312662758	0.9783790391154104	0.9982731586215984
fit-rw_positive-full-prior1	rw_positive	full	1.0	none	False	sub-141	dissimilar	2	offer_1	3	1.0	0.8302036170343913	0.08628039581232287	0.6607538498473047	0.8321858999595997	0.9821007649454642
fit-rw_positive-full-prior1	rw_positive	full	1.0	none	False	sub-141	dissimilar	2	offer_1_to_3	12	1.0	0.9336966387564353	0.04552990378656688	0.8240038106847571	0.9426005235556224	0.995395107335318
fit-rw_positive-full-prior1	rw_positive	full	1.0	none	False	sub-142	computer	1	all	31	1.0	0.9549707157613513	0.02511098620402568	0.9008270760702825	0.9569165316844945	0.9956559566315861
fit-rw_positive-full-prior1	rw_positive	full	1.0	none	False	sub-142	computer	1	offer_1	7	1.0	0.8145830937624596	0.09815048878221025	0.6087379350826456	0.8195226336136205	0.9808143256713582
fit-rw_positive-full-prior1	rw_positive	full	1.0	none	False	sub-142	computer	1	offer_1_to_3	12	1.0	0.8839928370549848	0.0644459160086463	0.7454816002715524	0.8887750106693505	0.9887779079412979
fit-rw_positive-full-prior1	rw_positive	full	1.0	none	False	sub-142	computer	2	all	16	1.0	0.9804300587018738	0.016271275864455544	0.9414422508633877	0.9840605032269258	0.999765651289873
fit-rw_positive-full-prior1	rw_positive	full	1.0	none	False	sub-142	computer	2	offer_1	2	1.0	0.8677336499186136	0.09815140317039829	0.6518415651196254	0.8814635495893411	0.9981252333971669
fit-rw_positive-full-prior1	rw_positive	full	1.0	none	False	sub-142	computer	2	offer_1_to_3	6	1.0	0.948139921211255	0.042670987503408045	0.8472536722072498	0.9575040419855365	0.9993750701063282
fit-rw_positive-full-prior1	rw_positive	full	1.0	none	False	sub-142	similar	1	all	24	0.875	0.9226240535323014	0.033965182641909945	0.8631070123827178	0.9248243100218201	0.9794374475716977
fit-rw_positive-full-prior1	rw_positive	full	1.0	none	False	sub-142	similar	1	offer_1	5	0.4	0.6472080119027305	0.166416642245553	0.3537561498269127	0.6725064375138878	0.9058190743832708
fit-rw_positive-full-prior1	rw_positive	full	1.0	none	False	sub-142	similar	1	offer_1_to_3	9	0.6666666666666666	0.7947903231795054	0.0904197172510713	0.6358797768696138	0.8020024179486331	0.9452048499806158
fit-rw_positive-full-prior1	rw_positive	full	1.0	none	False	sub-142	similar	2	all	24	1.0	0.9883439834991347	0.010128987525852744	0.9636156075523374	0.9903541829964757	0.9999673421166619
fit-rw_positive-full-prior1	rw_positive	full	1.0	none	False	sub-142	similar	2	offer_1	1	1.0	0.8104714167285996	0.13872624071523054	0.477893059768415	0.8228640440857252	0.999216210799886
fit-rw_positive-full-prior1	rw_positive	full	1.0	none	False	sub-142	similar	2	offer_1_to_3	6	1.0	0.9544048429371332	0.0380042431330264	0.8630955416119306	0.9614904939916133	0.9998693684666476
fit-rw_positive-full-prior1	rw_positive	full	1.0	none	False	sub-142	dissimilar	1	all	16	0.9375	0.9484645462555044	0.02875117763439823	0.8819496863427257	0.9532720423187961	0.990466921336106
fit-rw_positive-full-prior1	rw_positive	full	1.0	none	False	sub-142	dissimilar	1	offer_1	3	0.6666666666666666	0.7350478159370468	0.1495374119325565	0.3833262115356044	0.7620714646133264	0.9499444496576557
fit-rw_positive-full-prior1	rw_positive	full	1.0	none	False	sub-142	dissimilar	1	offer_1_to_3	5	0.8	0.8358728999382311	0.09143978213624292	0.6236687854240137	0.8510125320967123	0.969495421180234
fit-rw_positive-full-prior1	rw_positive	full	1.0	none	False	sub-142	dissimilar	2	all	32	0.96875	0.9661826182034234	0.019410453551065698	0.9200146761800965	0.9693811134248838	0.9944888655472239
fit-rw_positive-full-prior1	rw_positive	full	1.0	none	False	sub-142	dissimilar	2	offer_1	5	0.8	0.8000106979354705	0.10921147910477484	0.5422658701250843	0.815490560986708	0.9648644898865941
fit-rw_positive-full-prior1	rw_positive	full	1.0	none	False	sub-142	dissimilar	2	offer_1_to_3	13	0.9230769230769231	0.9170028470633926	0.04732676427886131	0.8050836425252427	0.9246793370506854	0.9864341305830368
fit-rw_positive-full-prior1	rw_positive	full	1.0	none	False	sub-143	computer	1	all	32	0.90625	0.8867797861651799	0.02478835385829011	0.8345875276419951	0.8883825042354385	0.9315843635300679
fit-rw_positive-full-prior1	rw_positive	full	1.0	none	False	sub-143	computer	1	offer_1	3	0.0	0.2644145208622258	0.12979474656024612	0.038577808458101666	0.2586099197966464	0.5260987682058422
fit-rw_positive-full-prior1	rw_positive	full	1.0	none	False	sub-143	computer	1	offer_1_to_3	11	0.7272727272727273	0.676841010446623	0.06979915104252324	0.5303954628611391	0.6810411909453454	0.8036851506728447
fit-rw_positive-full-prior1	rw_positive	full	1.0	none	False	sub-143	computer	2	all	16	0.875	0.9156099387451118	0.019632829210616317	0.8714168173463833	0.917592355162209	0.9489919788565233
fit-rw_positive-full-prior1	rw_positive	full	1.0	none	False	sub-143	computer	2	offer_1	1	0.0	0.20746855705927775	0.1293509198252828	0.011686856874743768	0.19218896001142266	0.48425281304963924
fit-rw_positive-full-prior1	rw_positive	full	1.0	none	False	sub-143	computer	2	offer_1_to_3	5	0.6	0.7390513941495798	0.05656282848758958	0.6146708313579998	0.7431793225904465	0.8392553298113353
fit-rw_positive-full-prior1	rw_positive	full	1.0	none	False	sub-143	similar	1	all	24	0.8333333333333334	0.8098393988278024	0.04316182480193725	0.7336696820322236	0.8067931256726719	0.9025885993387766
fit-rw_positive-full-prior1	rw_positive	full	1.0	none	False	sub-143	similar	1	offer_1	6	0.5	0.34218167397032456	0.1444220089090952	0.10346953612758533	0.3266414735953167	0.6690174053075194
fit-rw_positive-full-prior1	rw_positive	full	1.0	none	False	sub-143	similar	1	offer_1_to_3	12	0.6666666666666666	0.6219236031678361	0.08570013089047106	0.47124743112332246	0.6157768810649463	0.8066599501784011
fit-rw_positive-full-prior1	rw_positive	full	1.0	none	False	sub-143	similar	2	all	24	1.0	0.9779053995798938	0.015264113091060894	0.9398896329443011	0.9812400382056246	0.9973416338829765
fit-rw_positive-full-prior1	rw_positive	full	1.0	none	False	sub-143	similar	2	offer_1_to_3	4	1.0	0.8847645026709064	0.07038977201209433	0.7186737873332613	0.8966209925331726	0.9843710898076701
fit-rw_positive-full-prior1	rw_positive	full	1.0	none	False	sub-143	dissimilar	1	all	16	0.9375	0.94735467295163	0.02125949487456474	0.9001926992365493	0.9496096205358684	0.9820035651281964
fit-rw_positive-full-prior1	rw_positive	full	1.0	none	False	sub-143	dissimilar	1	offer_1_to_3	3	0.6666666666666666	0.7483304485301421	0.09502388064630682	0.532921388474895	0.7566666070717551	0.9089396435698999
fit-rw_positive-full-prior1	rw_positive	full	1.0	none	False	sub-143	dissimilar	2	all	32	0.84375	0.8736320274873676	0.02521250543458899	0.8226595676905791	0.8744225125921431	0.9204994292351968
fit-rw_positive-full-prior1	rw_positive	full	1.0	none	False	sub-143	dissimilar	2	offer_1	3	0.3333333333333333	0.17713056800002258	0.12981458543311336	0.007461271432543279	0.15114454332719884	0.4695374810110109
fit-rw_positive-full-prior1	rw_positive	full	1.0	none	False	sub-143	dissimilar	2	offer_1_to_3	9	0.4444444444444444	0.5640608907526621	0.0877729709315516	0.38844855711333964	0.5665754429921863	0.7269697695235641
fit-rw_positive-full-prior1	rw_positive	full	1.0	none	False	sub-144	computer	1	all	32	0.28125	0.28070825331720245	0.010942425276772314	0.25939250392241686	0.2808560210807467	0.3075109110483362
fit-rw_positive-full-prior1	rw_positive	full	1.0	none	False	sub-144	computer	1	offer_1	3	0.0	2.9523136780400216e-08	1.1821662588253602e-06	1.1877132454246895e-66	2.2099012144662293e-21	2.9856881940777277e-09
fit-rw_positive-full-prior1	rw_positive	full	1.0	none	False	sub-144	computer	1	offer_1_to_3	11	0.0	3.905182958319792e-07	1.0212588075999284e-05	1.7812612596972067e-47	1.1529108616362463e-15	3.8972089697192853e-07
fit-rw_positive-full-prior1	rw_positive	full	1.0	none	False	sub-144	computer	2	all	16	0.25	0.2524007502376733	0.0189508538638691	0.21703102386711398	0.25003809298518387	0.3005368952127243
fit-rw_positive-full-prior1	rw_positive	full	1.0	none	False	sub-144	computer	2	offer_1	1	0.0	3.943424822143792e-08	1.7536382579719582e-06	3.5960895490525683e-66	4.680479136210395e-21	4.867434738634156e-09
fit-rw_positive-full-prior1	rw_positive	full	1.0	none	False	sub-144	computer	2	offer_1_to_3	5	0.0	7.232639197487766e-07	1.8387298219594735e-05	7.034054213662281e-47	3.415954657366759e-15	8.448077564424529e-07
fit-rw_positive-full-prior1	rw_positive	full	1.0	none	False	sub-144	similar	1	all	23	0.21739130434782608	0.21563656282457794	0.012075691414562096	0.18681683347178493	0.2172095721632627	0.24199555839725742
fit-rw_positive-full-prior1	rw_positive	full	1.0	none	False	sub-144	similar	1	offer_1	5	0.0	9.748979238968583e-08	1.0000974510439652e-05	4.0721057361326094e-113	1.038188114896421e-29	6.878264705419531e-11
fit-rw_positive-full-prior1	rw_positive	full	1.0	none	False	sub-144	similar	1	offer_1_to_3	11	0.0	5.645473249791952e-07	4.113236386282986e-05	2.917787631496514e-79	3.55145618074839e-21	3.685881233238471e-08
fit-rw_positive-full-prior1	rw_positive	full	1.0	none	False	sub-144	similar	2	all	24	0.4583333333333333	0.4568191309667358	0.012787549868001633	0.424977551310302	0.4582886275884508	0.4835451706711164
fit-rw_positive-full-prior1	rw_positive	full	1.0	none	False	sub-144	similar	2	offer_1_to_3	4	0.0	1.1170176450298236e-06	7.391987184998649e-05	5.214507252906923e-78	1.3189224180050659e-20	1.0072508758499299e-07
fit-rw_positive-full-prior1	rw_positive	full	1.0	none	False	sub-144	dissimilar	1	all	16	0.1875	0.20621621261773032	0.027999042218453937	0.1495474447652827	0.2080390766189159	0.25673056153799534
fit-rw_positive-full-prior1	rw_positive	full	1.0	none	False	sub-144	dissimilar	1	offer_1_to_3	3	0.0	2.4180106546489148e-06	7.45597056652293e-05	2.641283158879909e-56	1.0379321957496828e-15	2.3090454464936882e-06
fit-rw_positive-full-prior1	rw_positive	full	1.0	none	False	sub-144	dissimilar	2	all	32	0.375	0.36970448364887853	0.022729937293424953	0.31651608331070674	0.37328581751965784	0.40267693909097885
fit-rw_positive-full-prior1	rw_positive	full	1.0	none	False	sub-144	dissimilar	2	offer_1	3	0.0	4.421270247901882e-07	2.439930574663208e-05	3.60969654062097e-77	8.409923436791385e-21	6.168099350026485e-08
fit-rw_positive-full-prior1	rw_positive	full	1.0	none	False	sub-144	dissimilar	2	offer_1_to_3	9	0.0	2.8408080297037063e-06	8.757269453881319e-05	1.837825420011712e-55	2.4344640162000142e-15	3.44973593767274e-06
fit-rw_positive-full-prior1	rw_positive	full	1.0	none	False	sub-147	computer	1	all	32	0.84375	0.827959876971746	0.029080363107594962	0.7645946976558406	0.8301403115916857	0.8779448563796913
fit-rw_positive-full-prior1	rw_positive	full	1.0	none	False	sub-147	computer	1	offer_1	3	0.3333333333333333	0.16971981552204246	0.09100884641642007	0.02916665498355498	0.15807227585948436	0.3725418975419944
fit-rw_positive-full-prior1	rw_positive	full	1.0	none	False	sub-147	computer	1	offer_1_to_3	10	0.6	0.5532600958448799	0.062421562488504924	0.41708271874602176	0.557586319032653	0.6627085340897741
fit-rw_positive-full-prior1	rw_positive	full	1.0	none	False	sub-147	computer	2	all	16	0.75	0.7467626180094855	0.035990006187584335	0.675496205754182	0.7470626673742528	0.8167202384765918
fit-rw_positive-full-prior1	rw_positive	full	1.0	none	False	sub-147	computer	2	offer_1	2	0.0	0.15175374381786896	0.09371401458306222	0.015599174717983015	0.13701645570273008	0.3643665411640988
fit-rw_positive-full-prior1	rw_positive	full	1.0	none	False	sub-147	computer	2	offer_1_to_3	6	0.3333333333333333	0.40137647816980626	0.08519926472093003	0.23671779508434806	0.4011212576197981	0.566852438353924
fit-rw_positive-full-prior1	rw_positive	full	1.0	none	False	sub-147	similar	1	all	24	0.7916666666666666	0.8115885347620678	0.03899609852300894	0.7338789595962236	0.8122004413528834	0.8854718747877968
fit-rw_positive-full-prior1	rw_positive	full	1.0	none	False	sub-147	similar	1	offer_1_to_3	8	0.375	0.54099410256608	0.10065555643205486	0.32917546207905013	0.5460653136632837	0.723376556523247
fit-rw_positive-full-prior1	rw_positive	full	1.0	none	False	sub-147	similar	2	all	24	0.7916666666666666	0.8156334217668737	0.030012258462978756	0.7505635514295064	0.817661459842457	0.868834497427904
fit-rw_positive-full-prior1	rw_positive	full	1.0	none	False	sub-147	similar	2	offer_1	2	0.0	0.11978730845912064	0.10049915205407754	0.0019517409033073566	0.09428210352649596	0.35902299364307383
fit-rw_positive-full-prior1	rw_positive	full	1.0	none	False	sub-147	similar	2	offer_1_to_3	6	0.3333333333333333	0.3747739550785795	0.10139314020205391	0.16504434552803782	0.37925348933151737	0.5595348164313555
fit-rw_positive-full-prior1	rw_positive	full	1.0	none	False	sub-147	dissimilar	1	all	14	1.0	0.9127185157923047	0.021404304575764893	0.8602623191743709	0.9167237531771166	0.9446483456701125
fit-rw_positive-full-prior1	rw_positive	full	1.0	none	False	sub-147	dissimilar	1	offer_1	1	1.0	0.15398446113436856	0.11592557326980962	0.008187448980821134	0.12769844864382926	0.43194086675583837
fit-rw_positive-full-prior1	rw_positive	full	1.0	none	False	sub-147	dissimilar	1	offer_1_to_3	3	1.0	0.6432344221894293	0.06405559734956821	0.49540667140637734	0.6491008268032913	0.7597028311571102
fit-rw_positive-full-prior1	rw_positive	full	1.0	none	False	sub-147	dissimilar	2	all	31	0.8064516129032258	0.8219531277788173	0.033315476245605324	0.7524354862461143	0.8229189286759329	0.8847845585453554
fit-rw_positive-full-prior1	rw_positive	full	1.0	none	False	sub-147	dissimilar	2	offer_1	2	0.0	0.0752625930214744	0.080829303270029	0.00040013114173135015	0.047296771766226736	0.29133516898425094
fit-rw_positive-full-prior1	rw_positive	full	1.0	none	False	sub-147	dissimilar	2	offer_1_to_3	11	0.45454545454545453	0.52345153188911	0.08526776316689849	0.35113103073262075	0.5254584816737895	0.6868205016048663
fit-rw_positive-full-prior1	rw_positive	full	1.0	none	False	sub-149	computer	1	all	31	0.9354838709677419	0.9235333398912688	0.017868205211239333	0.8763101140289952	0.9287274205470518	0.948959006347284
fit-rw_positive-full-prior1	rw_positive	full	1.0	none	False	sub-149	computer	1	offer_1	2	0.0	0.05930175049957751	0.09517355324730487	1.2832860739000916e-08	0.015862111547037275	0.3438693983539189
fit-rw_positive-full-prior1	rw_positive	full	1.0	none	False	sub-149	computer	1	offer_1_to_3	11	0.8181818181818182	0.7846059509304618	0.050224617633074946	0.6520914656104303	0.7991525599041036	0.8562241954632764
fit-rw_positive-full-prior1	rw_positive	full	1.0	none	False	sub-149	computer	2	all	16	0.9375	0.9392733057739054	0.009528334773854171	0.9223378567106814	0.9375020787727122	0.9645408812095835
fit-rw_positive-full-prior1	rw_positive	full	1.0	none	False	sub-149	computer	2	offer_1	1	0.0	0.09146502676105944	0.12876644567140857	1.2162956567957654e-07	0.035796781049241055	0.4656178083060516
fit-rw_positive-full-prior1	rw_positive	full	1.0	none	False	sub-149	computer	2	offer_1_to_3	4	0.75	0.7574507042701735	0.03768422260724546	0.6917658362289429	0.750016904205882	0.8581803910260256
fit-rw_positive-full-prior1	rw_positive	full	1.0	none	False	sub-149	similar	1	all	23	0.9565217391304348	0.949090572816683	0.01529427468436212	0.9064537150682987	0.954499544493723	0.970020618612669
fit-rw_positive-full-prior1	rw_positive	full	1.0	none	False	sub-149	similar	1	offer_1	1	0.0	0.05886057873424621	0.11395764399410199	2.6725664863465946e-12	0.0073513023874872754	0.4133190941548019
fit-rw_positive-full-prior1	rw_positive	full	1.0	none	False	sub-149	similar	1	offer_1_to_3	5	0.8	0.766188106149034	0.06987408041729114	0.5710765504478797	0.7908064342308061	0.8623069762219635
fit-rw_positive-full-prior1	rw_positive	full	1.0	none	False	sub-149	similar	2	all	24	0.9583333333333334	0.9543321573710909	0.009951199778034013	0.926322435512472	0.9576310181539179	0.9688576665029625
fit-rw_positive-full-prior1	rw_positive	full	1.0	none	False	sub-149	similar	2	offer_1	1	0.0	0.04671385111112119	0.09114580766123861	1.4231166728702543e-12	0.005561998651014317	0.32682001890367146
fit-rw_positive-full-prior1	rw_positive	full	1.0	none	False	sub-149	similar	2	offer_1_to_3	5	0.8	0.7809457266112089	0.047443446105146864	0.6472585716853346	0.7966410580092792	0.850572497006542
fit-rw_positive-full-prior1	rw_positive	full	1.0	none	False	sub-149	dissimilar	1	all	12	0.8333333333333334	0.9214285622600825	0.05102994664798147	0.799283509558746	0.9325657696079284	0.9903185174259266
fit-rw_positive-full-prior1	rw_positive	full	1.0	none	False	sub-149	dissimilar	1	offer_1_to_3	4	0.5	0.764449851430705	0.1531154056070708	0.3978505299234544	0.7980141308532116	0.9709555522777797
fit-rw_positive-full-prior1	rw_positive	full	1.0	none	False	sub-149	dissimilar	2	all	32	0.84375	0.8318231739167347	0.01902348502850669	0.7911815423113331	0.8336554133042489	0.8712003761414492
fit-rw_positive-full-prior1	rw_positive	full	1.0	none	False	sub-149	dissimilar	2	offer_1	5	0.0	0.04326641402939191	0.07374486478001745	7.207758908642392e-11	0.008862009604134394	0.2688346349612557
fit-rw_positive-full-prior1	rw_positive	full	1.0	none	False	sub-149	dissimilar	2	offer_1_to_3	12	0.5833333333333334	0.5518204309328727	0.05074513005566989	0.4438883263027372	0.5565676051233452	0.6574737357519913
fit-rw_positive-full-prior1	rw_positive	full	1.0	none	False	sub-150	computer	1	all	16	0.75	0.7855707673010608	0.038845981456065236	0.7054772739495361	0.7873158330561305	0.8575731226909059
fit-rw_positive-full-prior1	rw_positive	full	1.0	none	False	sub-150	computer	1	offer_1	1	0.0	0.04212254081517566	0.047106036544211256	0.0005930644167024245	0.0258950865343757	0.17557624202722064
fit-rw_positive-full-prior1	rw_positive	full	1.0	none	False	sub-150	computer	1	offer_1_to_3	5	0.2	0.3833520568666449	0.09012273444473166	0.2160877884883849	0.37995627511559815	0.5713183740354058
fit-rw_positive-full-prior1	rw_positive	full	1.0	none	False	sub-150	computer	2	all	32	0.8125	0.7769785439612636	0.026502926490944982	0.72587041200436	0.7763438350065283	0.8293332246485525
fit-rw_positive-full-prior1	rw_positive	full	1.0	none	False	sub-150	computer	2	offer_1	6	0.0	0.1423012415449035	0.07651280987766365	0.023612237957250464	0.1333528327388869	0.31277931290956523
fit-rw_positive-full-prior1	rw_positive	full	1.0	none	False	sub-150	computer	2	offer_1_to_3	11	0.45454545454545453	0.36762549581661663	0.07101840508908744	0.23866765434009451	0.3638745506169504	0.5136002510479193
fit-rw_positive-full-prior1	rw_positive	full	1.0	none	False	sub-150	similar	1	all	23	0.782608695652174	0.7949893857665192	0.03513542661191336	0.7252374922373223	0.7952104480571659	0.8628654207791122
fit-rw_positive-full-prior1	rw_positive	full	1.0	none	False	sub-150	similar	1	offer_1	2	0.0	0.09833994374217998	0.06311684519791574	0.014648301742625467	0.0851894139847097	0.25321803772225293
fit-rw_positive-full-prior1	rw_positive	full	1.0	none	False	sub-150	similar	1	offer_1_to_3	5	0.2	0.25802670877059536	0.0886889869776241	0.10582171173854894	0.2506710490129217	0.4502245723181111
fit-rw_positive-full-prior1	rw_positive	full	1.0	none	False	sub-150	similar	2	all	24	0.9166666666666666	0.8225420743283879	0.04310025169490551	0.7320620512408919	0.82518886479603	0.8978814985727626
fit-rw_positive-full-prior1	rw_positive	full	1.0	none	False	sub-150	similar	2	offer_1	2	0.5	0.2219320457067563	0.09137525479780702	0.06197508882382134	0.21735642939380162	0.40690070800833716
fit-rw_positive-full-prior1	rw_positive	full	1.0	none	False	sub-150	similar	2	offer_1_to_3	10	0.8	0.6013416599282235	0.08688494909737805	0.42572867647319196	0.6043425382832981	0.7591767754999723
fit-rw_positive-full-prior1	rw_positive	full	1.0	none	False	sub-150	dissimilar	1	all	32	0.65625	0.7124289373951884	0.0334490008765319	0.6510364363957087	0.7104640070294783	0.7809534652795257
fit-rw_positive-full-prior1	rw_positive	full	1.0	none	False	sub-150	dissimilar	1	offer_1	4	0.0	0.021262675301730646	0.03593375039283168	1.2737911250917423e-05	0.006875055816197772	0.12603923588497196
fit-rw_positive-full-prior1	rw_positive	full	1.0	none	False	sub-150	dissimilar	1	offer_1_to_3	12	0.08333333333333333	0.2549228455800894	0.08188542021403446	0.11824323414474446	0.24653205336912365	0.4317190884709284
fit-rw_positive-full-prior1	rw_positive	full	1.0	none	False	sub-150	dissimilar	2	all	16	0.8125	0.7644872060958251	0.027202795864805614	0.7044532173761854	0.766392850249511	0.8127378902787827
fit-rw_positive-full-prior1	rw_positive	full	1.0	none	False	sub-150	dissimilar	2	offer_1	3	0.0	0.04945596946401709	0.0577903459929317	0.00020459685030008168	0.028099174545245187	0.20974651881184353
fit-rw_positive-full-prior1	rw_positive	full	1.0	none	False	sub-150	dissimilar	2	offer_1_to_3	6	0.5	0.3762187109878646	0.0699653916614799	0.22540776418393332	0.37983347296796666	0.5048277518890999
fit-rw_positive-full-prior1	rw_positive	full	1.0	none	False	sub-151	computer	1	all	16	0.5625	0.4920133868170944	0.026680289235798158	0.4486581818279603	0.48930335195619795	0.5502390144437489
fit-rw_positive-full-prior1	rw_positive	full	1.0	none	False	sub-151	computer	1	offer_1_to_3	5	0.0	0.005594375182452859	0.009679253132496853	3.998834807464611e-06	0.0019721354752344888	0.03268575500889321
fit-rw_positive-full-prior1	rw_positive	full	1.0	none	False	sub-151	computer	2	all	32	0.5	0.5240394177226232	0.017934655140608557	0.48861374373779426	0.5238749997923698	0.5593634646951471
fit-rw_positive-full-prior1	rw_positive	full	1.0	none	False	sub-151	computer	2	offer_1	2	0.0	0.00021855601313149078	0.000839950752633231	6.862579279320266e-11	1.1161953385945176e-05	0.0018572344137426427
fit-rw_positive-full-prior1	rw_positive	full	1.0	none	False	sub-151	computer	2	offer_1_to_3	12	0.0	0.004266695307230229	0.007468503673859188	3.0110089856155943e-06	0.001483421512256537	0.02508409203646765
fit-rw_positive-full-prior1	rw_positive	full	1.0	none	False	sub-151	similar	1	all	24	0.5833333333333334	0.6197216157966597	0.01934203992380599	0.5759556320736203	0.62171837610164	0.6541907367792029
fit-rw_positive-full-prior1	rw_positive	full	1.0	none	False	sub-151	similar	1	offer_1_to_3	5	0.0	0.0031912388548347615	0.007679240455103904	3.6171919800199554e-07	0.0005630384643729798	0.023807031672762827
fit-rw_positive-full-prior1	rw_positive	full	1.0	none	False	sub-151	similar	2	all	24	0.375	0.36742342721689797	0.023558461623588243	0.3334971887908695	0.36406332250771645	0.4209872138280482
fit-rw_positive-full-prior1	rw_positive	full	1.0	none	False	sub-151	similar	2	offer_1	3	0.0	0.0001605904388518733	0.0010049303205476028	6.103532006818574e-12	2.2908202760319327e-06	0.0013685289148957585
fit-rw_positive-full-prior1	rw_positive	full	1.0	none	False	sub-151	similar	2	offer_1_to_3	10	0.0	0.00162548813416045	0.004266352497020329	1.789900179935964e-07	0.0002665887172667627	0.01218784054702463
fit-rw_positive-full-prior1	rw_positive	full	1.0	none	False	sub-151	dissimilar	1	all	32	0.5	0.49911554530822105	0.022130607474719878	0.46352973173132034	0.49661480642314587	0.5472965552528473
fit-rw_positive-full-prior1	rw_positive	full	1.0	none	False	sub-151	dissimilar	1	offer_1	4	0.0	8.902469910112824e-05	0.000567434287599794	3.276360809212739e-17	2.3589121966708665e-07	0.0008008089819621211
fit-rw_positive-full-prior1	rw_positive	full	1.0	none	False	sub-151	dissimilar	1	offer_1_to_3	10	0.0	0.0011683885133755452	0.0032552998736279375	8.912359150310309e-10	0.00010684872283057368	0.009881237530441586
fit-rw_positive-full-prior1	rw_positive	full	1.0	none	False	sub-151	dissimilar	2	all	16	0.5625	0.5530437221313435	0.011443221827429958	0.5216291415779685	0.5572094050124792	0.5624999417456271
fit-rw_positive-full-prior1	rw_positive	full	1.0	none	False	sub-151	dissimilar	2	offer_1_to_3	7	0.0	0.0024310660730262126	0.006420003754168904	2.114105985468616e-09	0.00023996459124525605	0.01997525406661676
fit-rw_positive-full-prior1	rw_positive	full	1.0	none	False	sub-152	computer	1	all	31	1.0	0.9791427447587575	0.01399395320175599	0.9434952726459718	0.9824718891610833	0.9963961436274583
fit-rw_positive-full-prior1	rw_positive	full	1.0	none	False	sub-152	computer	1	offer_1	1	1.0	0.7805022755363609	0.07760358448569639	0.6165373845581431	0.7843363810484291	0.9196576183110684
fit-rw_positive-full-prior1	rw_positive	full	1.0	none	False	sub-152	computer	1	offer_1_to_3	9	1.0	0.933871982889225	0.039587541841043336	0.8375634161304844	0.941888251331596	0.9876044327376527
fit-rw_positive-full-prior1	rw_positive	full	1.0	none	False	sub-152	computer	2	all	14	0.9285714285714286	0.9604841401305231	0.01746789321438263	0.9194403599098833	0.9629700626831487	0.9876472747864836
fit-rw_positive-full-prior1	rw_positive	full	1.0	none	False	sub-152	computer	2	offer_1	2	1.0	0.7556095754677772	0.09633588382598335	0.5283111285147494	0.7652438929529808	0.9146415679746959
fit-rw_positive-full-prior1	rw_positive	full	1.0	none	False	sub-152	computer	2	offer_1_to_3	4	0.75	0.8658717538728324	0.056307663901740385	0.738450450687066	0.8725275400416206	0.9567760145278519
fit-rw_positive-full-prior1	rw_positive	full	1.0	none	False	sub-152	similar	1	all	21	1.0	0.9752087474189104	0.018549583525316733	0.9294626273436298	0.9789986460946546	0.9989252984681612
fit-rw_positive-full-prior1	rw_positive	full	1.0	none	False	sub-152	similar	1	offer_1	3	1.0	0.8526459081802898	0.09287380032852229	0.6528887035141122	0.8627888644268219	0.9924964355042658
fit-rw_positive-full-prior1	rw_positive	full	1.0	none	False	sub-152	similar	1	offer_1_to_3	6	1.0	0.9172049826890061	0.0571626196730649	0.7842498826462948	0.9269627976018109	0.9962385479097915
fit-rw_positive-full-prior1	rw_positive	full	1.0	none	False	sub-152	similar	2	all	21	1.0	0.9888830324890012	0.00898236205330005	0.9663755207103836	0.9909895690978521	0.9995572004026738
fit-rw_positive-full-prior1	rw_positive	full	1.0	none	False	sub-152	similar	2	offer_1	1	1.0	0.82412645243162	0.11915461298882268	0.5464410884953914	0.8407804547183431	0.9907712818870866
fit-rw_positive-full-prior1	rw_positive	full	1.0	none	False	sub-152	similar	2	offer_1_to_3	3	1.0	0.9257344726973039	0.05561845649564017	0.7907222252825389	0.9374023892276047	0.9969004060970548
fit-rw_positive-full-prior1	rw_positive	full	1.0	none	False	sub-152	dissimilar	1	all	16	1.0	0.985204127498324	0.012651087058269794	0.9525178931728685	0.9884157428558341	0.9994228729903121
fit-rw_positive-full-prior1	rw_positive	full	1.0	none	False	sub-152	dissimilar	1	offer_1	1	1.0	0.8448321830899647	0.09358785210646149	0.647098595396702	0.8514471543678934	0.9908502989070943
fit-rw_positive-full-prior1	rw_positive	full	1.0	none	False	sub-152	dissimilar	1	offer_1_to_3	5	1.0	0.9546733566800782	0.0360904787637713	0.8637787151615922	0.9632070324027381	0.9981531937809918
fit-rw_positive-full-prior1	rw_positive	full	1.0	none	False	sub-152	dissimilar	2	all	25	1.0	0.9854644741604911	0.013094161783531372	0.9513768466973948	0.9889862674976384	0.999492616227424
fit-rw_positive-full-prior1	rw_positive	full	1.0	none	False	sub-152	dissimilar	2	offer_1	1	1.0	0.8110656773160226	0.12527416232324762	0.5056840335860293	0.8275122410861954	0.9877356234746925
fit-rw_positive-full-prior1	rw_positive	full	1.0	none	False	sub-152	dissimilar	2	offer_1_to_3	8	1.0	0.9564710956297174	0.03678559304775664	0.8623046882195731	0.9658488635940226	0.9984144345261953
fit-rw_positive-full-prior1	rw_positive	full	1.0	none	False	sub-153	computer	1	all	15	0.6	0.6533496268126414	0.05914831681553411	0.548437333225535	0.6538637224263248	0.7687286547238166
fit-rw_positive-full-prior1	rw_positive	full	1.0	none	False	sub-153	computer	1	offer_1_to_3	4	0.0	0.04804679037106459	0.06500132264417453	0.00010185642216706741	0.02295668156856362	0.23297438867360257
fit-rw_positive-full-prior1	rw_positive	full	1.0	none	False	sub-153	computer	2	all	32	0.59375	0.595069754575314	0.017344964860521807	0.5687401903013298	0.5923826949232205	0.6371639721859191
fit-rw_positive-full-prior1	rw_positive	full	1.0	none	False	sub-153	computer	2	offer_1	3	0.0	0.0007293436838848253	0.003385216688756482	6.501679368152936e-16	5.676340349904057e-06	0.0066880372637682555
fit-rw_positive-full-prior1	rw_positive	full	1.0	none	False	sub-153	computer	2	offer_1_to_3	13	0.0	0.037873257496308724	0.03736342131967835	0.0003340256823110609	0.026571380305552887	0.1345602269178995
fit-rw_positive-full-prior1	rw_positive	full	1.0	none	False	sub-153	similar	1	all	24	0.8333333333333334	0.826762741782965	0.014556296926673252	0.7846367624654578	0.8320959152917773	0.8449454850565993
fit-rw_positive-full-prior1	rw_positive	full	1.0	none	False	sub-153	similar	1	offer_1	2	0.0	0.0013555998691414696	0.005037446804593656	3.8964761285111566e-14	2.9937366690608696e-05	0.012817820787249901
fit-rw_positive-full-prior1	rw_positive	full	1.0	none	False	sub-153	similar	1	offer_1_to_3	4	0.0	0.014801343415235155	0.028896071770701907	5.232143492328461e-08	0.0031336681844141238	0.10072703782311865
fit-rw_positive-full-prior1	rw_positive	full	1.0	none	False	sub-153	similar	2	all	24	0.5833333333333334	0.5663660140761314	0.02465777158878231	0.5217602550360695	0.564032703096898	0.6173526962486673
fit-rw_positive-full-prior1	rw_positive	full	1.0	none	False	sub-153	similar	2	offer_1	6	0.0	0.0005785600745373124	0.0028715105895651366	4.80437749870479e-16	3.5125867972336616e-06	0.005270381034687606
fit-rw_positive-full-prior1	rw_positive	full	1.0	none	False	sub-153	similar	2	offer_1_to_3	11	0.09090909090909091	0.07374967889446703	0.04459326519241288	0.007604462424787215	0.0676379709545866	0.1696299364633927
fit-rw_positive-full-prior1	rw_positive	full	1.0	none	False	sub-153	dissimilar	1	all	32	0.78125	0.73168845258154	0.03534062413150124	0.6525751730390188	0.7368790577521493	0.7885092135984949
fit-rw_positive-full-prior1	rw_positive	full	1.0	none	False	sub-153	dissimilar	1	offer_1	4	0.0	0.0028959725283042364	0.008729460080021439	8.102168780121055e-12	9.205768696987358e-05	0.02620280820352561
fit-rw_positive-full-prior1	rw_positive	full	1.0	none	False	sub-153	dissimilar	1	offer_1_to_3	10	0.3	0.19177390833450722	0.07440307843543661	0.054555478481186415	0.1935676449034563	0.3355594353250618
fit-rw_positive-full-prior1	rw_positive	full	1.0	none	False	sub-153	dissimilar	2	all	16	0.5625	0.6615912351555778	0.05342041424141593	0.5751146441069882	0.656062969459742	0.7714901865288079
fit-rw_positive-full-prior1	rw_positive	full	1.0	none	False	sub-153	dissimilar	2	offer_1_to_3	4	0.0	0.04558175523770918	0.06912073352045994	2.13498563601204e-06	0.012148863092140472	0.24569085499501417
fit-rw_positive-full-prior1	rw_positive	full	1.0	none	False	sub-154	computer	1	all	31	0.3548387096774194	0.28775034782570036	0.03353396353471234	0.22272162654024968	0.28756946833162156	0.3537180046214818
fit-rw_positive-full-prior1	rw_positive	full	1.0	none	False	sub-154	computer	1	offer_1	4	0.0	0.0008612844071222788	0.0022999923913541586	3.758821736757449e-07	0.0001655381227349896	0.006330605289817609
fit-rw_positive-full-prior1	rw_positive	full	1.0	none	False	sub-154	computer	1	offer_1_to_3	10	0.0	0.0018620080289105249	0.0038257203325619657	4.396638149141228e-06	0.0005670846228433668	0.012043647215242748
fit-rw_positive-full-prior1	rw_positive	full	1.0	none	False	sub-154	computer	2	all	16	0.1875	0.2491814207137677	0.03628412119462792	0.1822761637333362	0.24758049698618814	0.32510421851497107
fit-rw_positive-full-prior1	rw_positive	full	1.0	none	False	sub-154	computer	2	offer_1	3	0.0	0.0009307944351213385	0.00245787655353447	4.225549796375816e-07	0.00018266918717649825	0.006833800577852771
fit-rw_positive-full-prior1	rw_positive	full	1.0	none	False	sub-154	computer	2	offer_1_to_3	6	0.0	0.002676373863996293	0.004874953895713691	1.1125069719402388e-05	0.0009822677029765942	0.015954258765092294
fit-rw_positive-full-prior1	rw_positive	full	1.0	none	False	sub-154	similar	1	all	23	0.17391304347826086	0.17568836549104705	0.03569255501829071	0.10907242850134742	0.17451641135176238	0.24993972855383112
fit-rw_positive-full-prior1	rw_positive	full	1.0	none	False	sub-154	similar	1	offer_1	2	0.0	0.00607861877200275	0.009735794410809587	4.995374839478449e-05	0.0025828028297765265	0.03384986734356225
fit-rw_positive-full-prior1	rw_positive	full	1.0	none	False	sub-154	similar	1	offer_1_to_3	10	0.1	0.014010745521926276	0.016725094182941276	0.00039369711896497056	0.008265945610378292	0.06192716818521812
fit-rw_positive-full-prior1	rw_positive	full	1.0	none	False	sub-154	similar	2	all	20	0.25	0.32620462706062237	0.045926653668425466	0.2345389292993303	0.32676556712276794	0.4154959118851798
fit-rw_positive-full-prior1	rw_positive	full	1.0	none	False	sub-154	similar	2	offer_1	3	0.0	0.006314156480050571	0.010029598175786738	5.401392388128219e-05	0.002722150062833705	0.03488693410129767
fit-rw_positive-full-prior1	rw_positive	full	1.0	none	False	sub-154	similar	2	offer_1_to_3	5	0.0	0.010468490184554985	0.013608689327826783	0.00023677190074758146	0.005721270769997497	0.04931531101393287
fit-rw_positive-full-prior1	rw_positive	full	1.0	none	False	sub-154	dissimilar	1	all	16	0.25	0.24237435438556823	0.01768951861425454	0.2008305963619694	0.2449270683447721	0.27656949872041114
fit-rw_positive-full-prior1	rw_positive	full	1.0	none	False	sub-154	dissimilar	1	offer_1	1	0.0	3.0295790418132883e-05	0.00029145363243402984	3.0648731403755717e-19	7.639345874343555e-09	0.00019610399997340984
fit-rw_positive-full-prior1	rw_positive	full	1.0	none	False	sub-154	dissimilar	1	offer_1_to_3	5	0.0	0.00010334617963089972	0.0006996789003730408	8.024164802468364e-15	3.2874228262646206e-07	0.0008347352052003221
fit-rw_positive-full-prior1	rw_positive	full	1.0	none	False	sub-154	dissimilar	2	all	32	0.1875	0.19872201182240729	0.036806565375406795	0.130015678616467	0.19765145804189244	0.2729507195934328
fit-rw_positive-full-prior1	rw_positive	full	1.0	none	False	sub-154	dissimilar	2	offer_1	5	0.0	3.350274875203523e-05	0.00031107251920450656	4.631747700410166e-19	9.43437407852968e-09	0.00022083788599686015
fit-rw_positive-full-prior1	rw_positive	full	1.0	none	False	sub-154	dissimilar	2	offer_1_to_3	11	0.0	9.784480923545381e-05	0.0006465438235880741	1.268372562729167e-14	3.6392313489211975e-07	0.0008249394156330832
fit-rw_positive-full-prior1	rw_positive	full	1.0	none	False	sub-155	computer	1	all	32	0.1875	0.18415879026111254	0.013419984268016421	0.14711713233770599	0.18743409775864178	0.20606290322205806
fit-rw_positive-full-prior1	rw_positive	full	1.0	none	False	sub-155	computer	1	offer_1	3	0.0	2.8176811009967466e-11	2.497255198657832e-09	3.7961069063643243e-247	1.468999443158479e-49	8.41984566313986e-18
fit-rw_positive-full-prior1	rw_positive	full	1.0	none	False	sub-155	computer	1	offer_1_to_3	10	0.0	4.2906784236212807e-10	3.125521840613346e-08	1.5821499630281706e-190	1.0252862302376451e-38	2.5573745729119484e-14
fit-rw_positive-full-prior1	rw_positive	full	1.0	none	False	sub-155	computer	2	all	16	0.0625	0.06756670842318765	0.012401490300917471	0.05561665592164525	0.06275681789647798	0.10431565858114075
fit-rw_positive-full-prior1	rw_positive	full	1.0	none	False	sub-155	computer	2	offer_1	1	0.0	3.362474235090965e-11	2.6762840397575153e-09	1.0630737851958617e-245	4.557256069333656e-49	1.2903662238333684e-17
fit-rw_positive-full-prior1	rw_positive	full	1.0	none	False	sub-155	computer	2	offer_1_to_3	4	0.0	7.527082023150344e-10	4.966310661771023e-08	4.64760955173907e-188	4.972512522659714e-38	6.497686253651461e-14
fit-rw_positive-full-prior1	rw_positive	full	1.0	none	False	sub-155	similar	1	all	24	0.041666666666666664	0.04007553194365551	0.006901135483354622	0.019707704059838703	0.04166387699449847	0.050968506821624834
fit-rw_positive-full-prior1	rw_positive	full	1.0	none	False	sub-155	similar	1	offer_1	3	0.0	7.0511970277983476e-12	5.294627503543991e-10	0.0	1.1065102241582984e-61	5.578318992095193e-19
fit-rw_positive-full-prior1	rw_positive	full	1.0	none	False	sub-155	similar	1	offer_1_to_3	11	0.0	2.0217049681918957e-10	1.2303231700449421e-08	1.1332067109514985e-265	8.020319968936777e-48	3.688228222894603e-15
fit-rw_positive-full-prior1	rw_positive	full	1.0	none	False	sub-155	similar	2	all	24	0.041666666666666664	0.04504508385920053	0.011552606743257948	0.030389074879573073	0.041685775489702454	0.07937834335957031
fit-rw_positive-full-prior1	rw_positive	full	1.0	none	False	sub-155	similar	2	offer_1	2	0.0	8.359796712678817e-12	6.02857799172047e-10	0.0	8.383112464086383e-61	8.910137787702136e-19
fit-rw_positive-full-prior1	rw_positive	full	1.0	none	False	sub-155	similar	2	offer_1_to_3	6	0.0	4.2058390348340344e-11	2.7979267938466124e-09	9.599568787011537e-305	2.4345810288593785e-54	6.133294553588803e-17
fit-rw_positive-full-prior1	rw_positive	full	1.0	none	False	sub-155	dissimilar	1	all	16	0.0	0.0024211112920082085	0.007133866917918511	1.688728761623144e-25	2.8404405065148715e-05	0.02329888192380684
fit-rw_positive-full-prior1	rw_positive	full	1.0	none	False	sub-155	dissimilar	1	offer_1	1	0.0	4.87532378177142e-10	4.959184716310011e-08	0.0	2.073371052190713e-59	2.2347535383905836e-17
fit-rw_positive-full-prior1	rw_positive	full	1.0	none	False	sub-155	dissimilar	1	offer_1_to_3	5	0.0	6.886758579019654e-09	6.120913555300442e-07	1.437372961557555e-249	7.570431018208994e-46	1.1326608998087597e-13
fit-rw_positive-full-prior1	rw_positive	full	1.0	none	False	sub-155	dissimilar	2	all	32	0.03125	0.03018716605033715	0.007110795475545821	0.011074250521076068	0.031249677523379087	0.044710210716659225
fit-rw_positive-full-prior1	rw_positive	full	1.0	none	False	sub-155	dissimilar	2	offer_1	7	0.0	6.426786752639375e-10	5.891698861545352e-08	0.0	5.47172304254535e-58	5.265308397414883e-17
fit-rw_positive-full-prior1	rw_positive	full	1.0	none	False	sub-155	dissimilar	2	offer_1_to_3	11	0.0	4.600088131766456e-09	3.637167729948221e-07	5.547116252335647e-244	7.286259310930774e-45	1.0608000399243312e-13
fit-rw_positive-full-prior1	rw_positive	full	1.0	none	False	sub-156	computer	1	all	16	1.0	0.9950265906923905	0.007307829758168367	0.9743038567103313	0.9980813414484965	0.9999999965996036
fit-rw_positive-full-prior1	rw_positive	full	1.0	none	False	sub-156	computer	1	offer_1	2	1.0	0.9623861091930491	0.05295524807969515	0.8132398180653151	0.9847629960033313	0.9999999727968288
fit-rw_positive-full-prior1	rw_positive	full	1.0	none	False	sub-156	computer	1	offer_1_to_3	4	1.0	0.9802048665554789	0.028832164020630536	0.8979617529427147	0.9923253873450406	0.9999999863984143
fit-rw_positive-full-prior1	rw_positive	full	1.0	none	False	sub-156	computer	2	all	32	1.0	0.9958034329263689	0.00596366516679112	0.9789674458272212	0.998214404899463	0.9999999939314921
fit-rw_positive-full-prior1	rw_positive	full	1.0	none	False	sub-156	computer	2	offer_1	3	1.0	0.9571376863027012	0.058724981129043397	0.7936902190106316	0.9810240180588348	0.9999999352692485
fit-rw_positive-full-prior1	rw_positive	full	1.0	none	False	sub-156	computer	2	offer_1_to_3	7	1.0	0.9809473702207275	0.026759006148903447	0.9052297259939961	0.9918373542977714	0.9999999722582494
fit-rw_positive-full-prior1	rw_positive	full	1.0	none	False	sub-156	similar	1	all	24	1.0	0.9985769408057236	0.0029511774753636926	0.9902145000685448	0.9997421459760425	0.9999999999976112
fit-rw_positive-full-prior1	rw_positive	full	1.0	none	False	sub-156	similar	1	offer_1	1	1.0	0.9741833639601284	0.043505703047339694	0.8447573115084268	0.9939032976237638	0.99999999994267
fit-rw_positive-full-prior1	rw_positive	full	1.0	none	False	sub-156	similar	1	offer_1_to_3	7	1.0	0.9951340789744852	0.010016311609659111	0.9665488794835316	0.9991159290615932	0.99999999999181
fit-rw_positive-full-prior1	rw_positive	full	1.0	none	False	sub-156	similar	2	all	24	1.0	0.9931210340657715	0.011687930856638055	0.9582620091191844	0.9983474167062268	0.9999999999813316
fit-rw_positive-full-prior1	rw_positive	full	1.0	none	False	sub-156	similar	2	offer_1	6	1.0	0.9735979105053163	0.04346283549689203	0.8443512932188186	0.9934031552391815	0.9999999999253272
fit-rw_positive-full-prior1	rw_positive	full	1.0	none	False	sub-156	similar	2	offer_1_to_3	12	1.0	0.9862510945050681	0.02332929575892068	0.9165454812669901	0.9966948334567883	0.9999999999626635
fit-rw_positive-full-prior1	rw_positive	full	1.0	none	False	sub-156	dissimilar	1	all	32	1.0	0.9968033511779508	0.005779023363832581	0.9796996940268147	0.9993069896110724	0.9999999999944473
fit-rw_positive-full-prior1	rw_positive	full	1.0	none	False	sub-156	dissimilar	1	offer_1	3	1.0	0.9705633155451384	0.047823226948169796	0.8271878467933127	0.9926619955121554	0.9999999999407704
fit-rw_positive-full-prior1	rw_positive	full	1.0	none	False	sub-156	dissimilar	1	offer_1_to_3	12	1.0	0.9914940113656336	0.015307747566347837	0.9460152855984176	0.9981519725412515	0.9999999999851927
fit-rw_positive-full-prior1	rw_positive	full	1.0	none	False	sub-156	dissimilar	2	all	16	1.0	0.9945063103196056	0.009532253645159439	0.9663866399562389	0.9986321336732576	0.9999999999690383
fit-rw_positive-full-prior1	rw_positive	full	1.0	none	False	sub-156	dissimilar	2	offer_1	2	1.0	0.960097558878691	0.06703416406275857	0.7727356519120602	0.9891610401167574	0.9999999997523066
fit-rw_positive-full-prior1	rw_positive	full	1.0	none	False	sub-156	dissimilar	2	offer_1_to_3	7	1.0	0.9874479734091449	0.021763737104844905	0.9232576933306873	0.9968734484028867	0.9999999999292305
fit-rw_positive-full-prior1	rw_positive	full	1.0	none	False	sub-157	computer	1	all	16	0.875	0.8007688941074094	0.04843860717668942	0.6963599092706381	0.8050529276063081	0.8844695204492815
fit-rw_positive-full-prior1	rw_positive	full	1.0	none	False	sub-157	computer	1	offer_1	3	0.3333333333333333	0.27223523120304066	0.13441049984903994	0.06147369306786374	0.2556541983749221	0.5485716024726147
fit-rw_positive-full-prior1	rw_positive	full	1.0	none	False	sub-157	computer	1	offer_1_to_3	7	0.7142857142857143	0.558251345498038	0.10702394664759426	0.3254461694968443	0.5676081364134073	0.7411980268642699
fit-rw_positive-full-prior1	rw_positive	full	1.0	none	False	sub-157	computer	2	all	32	0.75	0.7548058770897663	0.02940085785033977	0.6992872748412525	0.7540040516241441	0.8155150912052459
fit-rw_positive-full-prior1	rw_positive	full	1.0	none	False	sub-157	computer	2	offer_1	3	0.0	0.0799910664283902	0.057342412709545154	0.0096276349487261	0.0661346501920937	0.2249496631054453
fit-rw_positive-full-prior1	rw_positive	full	1.0	none	False	sub-157	computer	2	offer_1_to_3	9	0.2222222222222222	0.24384051355135336	0.08154787295237778	0.110404688690349	0.2356622234193752	0.42546499733217563
fit-rw_positive-full-prior1	rw_positive	full	1.0	none	False	sub-157	similar	1	all	24	0.875	0.8596267320744249	0.02700574466685516	0.8035954976867342	0.8608786577328235	0.9090067322207722
fit-rw_positive-full-prior1	rw_positive	full	1.0	none	False	sub-157	similar	1	offer_1_to_3	5	0.4	0.39846777586466714	0.10545322547965695	0.19131724894794871	0.3997055963875217	0.5996785882494601
fit-rw_positive-full-prior1	rw_positive	full	1.0	none	False	sub-157	similar	2	all	23	0.6521739130434783	0.682436673207064	0.043046335878598393	0.6025220819504247	0.680719058432554	0.7702649642179136
fit-rw_positive-full-prior1	rw_positive	full	1.0	none	False	sub-157	similar	2	offer_1	2	0.0	0.02643928407828283	0.03919671399530173	0.0002482818629240942	0.011691636712033819	0.14377069955847804
fit-rw_positive-full-prior1	rw_positive	full	1.0	none	False	sub-157	similar	2	offer_1_to_3	9	0.1111111111111111	0.2552720035008773	0.09375119155875965	0.09479721082094505	0.24794907353641132	0.4537580447669731
fit-rw_positive-full-prior1	rw_positive	full	1.0	none	False	sub-157	dissimilar	1	all	31	0.8064516129032258	0.8241213937481559	0.025979300748610396	0.7600251222787617	0.8274393152388617	0.8667762723887902
fit-rw_positive-full-prior1	rw_positive	full	1.0	none	False	sub-157	dissimilar	1	offer_1	3	0.0	0.1216765728834323	0.07694936769370293	0.009603467101943866	0.11198070419827062	0.2899391137435255
fit-rw_positive-full-prior1	rw_positive	full	1.0	none	False	sub-157	dissimilar	1	offer_1_to_3	9	0.3333333333333333	0.4282674167804717	0.07594068903680293	0.25333202445990355	0.43443994715130163	0.5628993451992964
fit-rw_positive-full-prior1	rw_positive	full	1.0	none	False	sub-157	dissimilar	2	all	16	0.75	0.7781611716699455	0.032512117196071416	0.7101448177884065	0.779499965630561	0.8387756447200085
fit-rw_positive-full-prior1	rw_positive	full	1.0	none	False	sub-157	dissimilar	2	offer_1	1	0.0	0.03339662793353992	0.04344138760625183	0.00016449969319436213	0.016899137577023892	0.1595423834843947
fit-rw_positive-full-prior1	rw_positive	full	1.0	none	False	sub-157	dissimilar	2	offer_1_to_3	4	0.25	0.24435880310932992	0.08801942125108522	0.08765363549670048	0.23878423475373042	0.4315401319098348
fit-rw_positive-full-prior1	rw_positive	full	1.0	none	False	sub-158	computer	1	all	16	0.3125	0.3706251336940276	0.03161676929859714	0.3017824798316475	0.37284310227173556	0.42629907095827185
fit-rw_positive-full-prior1	rw_positive	full	1.0	none	False	sub-158	computer	1	offer_1	4	0.0	0.0005881079082786574	0.0016756250840632687	2.806432678761179e-07	0.00010538421043039088	0.0043848569587366755
fit-rw_positive-full-prior1	rw_positive	full	1.0	none	False	sub-158	computer	1	offer_1_to_3	6	0.0	0.0016126053758283943	0.003154632434450173	7.770103651387314e-06	0.0005581702217957571	0.009813225559627593
fit-rw_positive-full-prior1	rw_positive	full	1.0	none	False	sub-158	computer	2	all	32	0.46875	0.42964793623606523	0.01997643618142647	0.3878721021017958	0.4304647309897485	0.46942521434571927
fit-rw_positive-full-prior1	rw_positive	full	1.0	none	False	sub-158	computer	2	offer_1	5	0.0	0.0009505427865230797	0.0022303105520374606	1.6921721320668e-06	0.0002461752473021714	0.0064170018849126695
fit-rw_positive-full-prior1	rw_positive	full	1.0	none	False	sub-158	computer	2	offer_1_to_3	11	0.09090909090909091	0.003137501713414856	0.005069737004953833	3.593682900068064e-05	0.0013604632626280744	0.017093843602554448
fit-rw_positive-full-prior1	rw_positive	full	1.0	none	False	sub-158	similar	1	all	24	0.4583333333333333	0.44887021066016225	0.0363188820151534	0.3775883007049462	0.4486535637803136	0.5182934945913195
fit-rw_positive-full-prior1	rw_positive	full	1.0	none	False	sub-158	similar	1	offer_1	2	0.0	0.00017831474576033497	0.0009569444353439131	1.3679417826199805e-10	5.068815062105684e-06	0.001478043417465756
fit-rw_positive-full-prior1	rw_positive	full	1.0	none	False	sub-158	similar	1	offer_1_to_3	7	0.0	0.00041785844262738023	0.0016975602406744973	3.2033620912150183e-09	2.48333695434423e-05	0.003460825940400007
fit-rw_positive-full-prior1	rw_positive	full	1.0	none	False	sub-158	similar	2	all	24	0.3333333333333333	0.3294636741493069	0.0291633756642159	0.2744666561702041	0.3279691746850697	0.3919412705026119
fit-rw_positive-full-prior1	rw_positive	full	1.0	none	False	sub-158	similar	2	offer_1	3	0.0	0.0003029167704774738	0.0014314544835541284	6.571698243827718e-10	1.2697118333261478e-05	0.0025161038594317233
fit-rw_positive-full-prior1	rw_positive	full	1.0	none	False	sub-158	similar	2	offer_1_to_3	10	0.0	0.0014411784653199792	0.004001125628996237	2.4213335978054316e-07	0.00022767118345756856	0.010886591732824295
fit-rw_positive-full-prior1	rw_positive	full	1.0	none	False	sub-158	dissimilar	1	all	31	0.3225806451612903	0.34705722960112356	0.03302157069654395	0.2793113780310852	0.3479962037618852	0.40954779286810494
fit-rw_positive-full-prior1	rw_positive	full	1.0	none	False	sub-158	dissimilar	1	offer_1	1	0.0	0.0001573845034872808	0.0009024378574581498	1.532743815068042e-12	1.7748862696601192e-06	0.001336784108157282
fit-rw_positive-full-prior1	rw_positive	full	1.0	none	False	sub-158	dissimilar	1	offer_1_to_3	8	0.0	0.0007327898075446417	0.002635509147038604	2.0871655011084176e-09	4.453506021263861e-05	0.006159807785515622
fit-rw_positive-full-prior1	rw_positive	full	1.0	none	False	sub-158	dissimilar	2	all	16	0.4375	0.42976491389634125	0.03274318883147719	0.36805156747901263	0.4290956398842003	0.49686015427678315
fit-rw_positive-full-prior1	rw_positive	full	1.0	none	False	sub-158	dissimilar	2	offer_1	5	0.0	0.0002503321978738546	0.0012654130248934093	1.2654438788935793e-11	4.415213847746411e-06	0.002208512683676226
fit-rw_positive-full-prior1	rw_positive	full	1.0	none	False	sub-158	dissimilar	2	offer_1_to_3	6	0.0	0.0006392193490859732	0.0021919588674261773	8.84683855525743e-09	5.5911938790513115e-05	0.005275917250244036
fit-rw_positive-full-prior1	rw_positive	full	1.0	none	False	sub-159	computer	1	all	16	0.375	0.2982530859207856	0.04468986505298094	0.20840234562272747	0.29920587645126545	0.3831312043050472
fit-rw_positive-full-prior1	rw_positive	full	1.0	none	False	sub-159	computer	1	offer_1	1	0.0	0.0005009438463075176	0.001419704705939754	1.8917155362124756e-08	7.497185568174634e-05	0.0037389711873236607
fit-rw_positive-full-prior1	rw_positive	full	1.0	none	False	sub-159	computer	1	offer_1_to_3	4	0.0	0.0020391035593699367	0.003966633299683588	1.3462861537829507e-06	0.0006284121429617233	0.012665122329921522
fit-rw_positive-full-prior1	rw_positive	full	1.0	none	False	sub-159	computer	2	all	32	0.34375	0.3759987638117436	0.0309016179001864	0.3119346145748426	0.37743326300623914	0.4328522126894416
fit-rw_positive-full-prior1	rw_positive	full	1.0	none	False	sub-159	computer	2	offer_1	3	0.0	0.0010612098073186772	0.0024720450795507514	1.2540002333778806e-07	0.00022893103885549714	0.007286345258175333
fit-rw_positive-full-prior1	rw_positive	full	1.0	none	False	sub-159	computer	2	offer_1_to_3	11	0.0	0.004913033829537979	0.007467672010598786	1.1488439209084191e-05	0.002149299663480362	0.02548817507145352
fit-rw_positive-full-prior1	rw_positive	full	1.0	none	False	sub-159	similar	1	all	24	0.20833333333333334	0.34297574453340757	0.04530355317572095	0.2551270614544129	0.34269216342076037	0.43257191820552293
fit-rw_positive-full-prior1	rw_positive	full	1.0	none	False	sub-159	similar	1	offer_1	1	0.0	0.003732995415324269	0.0063676582136764906	2.4589115702416792e-05	0.0014547877200820135	0.021758181307163692
fit-rw_positive-full-prior1	rw_positive	full	1.0	none	False	sub-159	similar	1	offer_1_to_3	6	0.0	0.015564247579304885	0.016418246376683935	0.0007382128799784152	0.010209203677694213	0.06146143942728888
fit-rw_positive-full-prior1	rw_positive	full	1.0	none	False	sub-159	similar	2	all	24	0.4583333333333333	0.31781765880942614	0.041977929094154105	0.2434701299907977	0.31497703903920155	0.409000199430225
fit-rw_positive-full-prior1	rw_positive	full	1.0	none	False	sub-159	similar	2	offer_1	2	0.0	0.008516379267504197	0.010912273476257632	0.00022998931815915028	0.004759587642617191	0.03985040848731516
fit-rw_positive-full-prior1	rw_positive	full	1.0	none	False	sub-159	similar	2	offer_1_to_3	6	0.0	0.023303104849008254	0.02033563242625659	0.0021809601131149757	0.017405806976134072	0.07849785897030088
fit-rw_positive-full-prior1	rw_positive	full	1.0	none	False	sub-159	dissimilar	1	all	32	0.21875	0.25922018095899096	0.037194517268085626	0.18788750033122675	0.2585363183620129	0.33345889064826184
fit-rw_positive-full-prior1	rw_positive	full	1.0	none	False	sub-159	dissimilar	1	offer_1	2	0.0	4.767921633217783e-05	0.0003983807721975668	4.0585955647145227e-16	4.463913037518328e-08	0.0003550717016482855
fit-rw_positive-full-prior1	rw_positive	full	1.0	none	False	sub-159	dissimilar	1	offer_1_to_3	7	0.0	0.0003364557487118754	0.0015531314008259886	2.494877518837048e-11	6.282216357315524e-06	0.0030525239555904216
fit-rw_positive-full-prior1	rw_positive	full	1.0	none	False	sub-159	dissimilar	2	all	16	0.4375	0.3723562997372857	0.04417152248506853	0.2722769151070926	0.3787362003329182	0.43679052992636747
fit-rw_positive-full-prior1	rw_positive	full	1.0	none	False	sub-159	dissimilar	2	offer_1	1	0.0	0.00016599762805542706	0.0010248388643814893	7.886173696131691e-14	7.584130219794258e-07	0.001417240329770332
fit-rw_positive-full-prior1	rw_positive	full	1.0	none	False	sub-159	dissimilar	2	offer_1_to_3	6	0.0	0.000934960642728764	0.003500858170373193	5.20297940548528e-10	3.895732032079627e-05	0.008333647745059456
fit-rw_positive-run1-prior1	rw_positive	run1	1.0	none	False	sub-104	computer	1	all	32	1.0	0.9914545370149154	0.011887686169516043	0.9588779414676706	0.9961673435376144	0.999999995499604
fit-rw_positive-run1-prior1	rw_positive	run1	1.0	none	False	sub-104	computer	1	offer_1	3	1.0	0.922797140812206	0.09290145531355327	0.6837227594282143	0.9596923822740611	0.9999999519957776
fit-rw_positive-run1-prior1	rw_positive	run1	1.0	none	False	sub-104	computer	1	offer_1_to_3	8	1.0	0.967213279219485	0.042664645897570685	0.8486519427896458	0.9846705829255368	0.9999999819984164
fit-rw_positive-run1-prior1	rw_positive	run1	1.0	none	False	sub-104	computer	2	all	16	1.0	0.9960858441904792	0.01030818113639573	0.9675734365536205	0.9997984660183921	1.0
fit-rw_positive-run1-prior1	rw_positive	run1	1.0	none	False	sub-104	computer	2	offer_1_to_3	5	1.0	0.9882545548142765	0.02970547360765963	0.9046115723749352	0.9993555348041252	1.0
fit-rw_positive-run1-prior1	rw_positive	run1	1.0	none	False	sub-104	similar	1	all	24	1.0	0.9894748392852462	0.016063371904591964	0.9432129887360501	0.9962970253531753	0.999999999437157
fit-rw_positive-run1-prior1	rw_positive	run1	1.0	none	False	sub-104	similar	1	offer_1	3	1.0	0.9342530959297669	0.08622659595422734	0.7019296340230338	0.9713196558477322	0.9999999954972559
fit-rw_positive-run1-prior1	rw_positive	run1	1.0	none	False	sub-104	similar	1	offer_1_to_3	11	1.0	0.9772792178848371	0.03400188568022349	0.8785062575983587	0.9919208495014054	0.9999999987719789
fit-rw_positive-run1-prior1	rw_positive	run1	1.0	none	False	sub-104	similar	2	all	24	1.0	0.9946782247048336	0.019729905303768214	0.9491564020335815	0.9998847759937183	1.0
fit-rw_positive-run1-prior1	rw_positive	run1	1.0	none	False	sub-104	similar	2	offer_1_to_3	6	1.0	0.9792210724338691	0.07799452074558799	0.8139355637991974	0.9995391901166911	1.0
fit-rw_positive-run1-prior1	rw_positive	run1	1.0	none	False	sub-104	dissimilar	1	all	16	1.0	0.9922726637608439	0.012572442184120795	0.9573777755518315	0.9975169092964716	0.9999999997389709
fit-rw_positive-run1-prior1	rw_positive	run1	1.0	none	False	sub-104	dissimilar	1	offer_1	1	1.0	0.907055455666537	0.12843425447806311	0.5513123136639883	0.9614828607877457	0.9999999958235344
fit-rw_positive-run1-prior1	rw_positive	run1	1.0	none	False	sub-104	dissimilar	1	offer_1_to_3	4	1.0	0.9709330824248893	0.04291868378923612	0.8455707012831628	0.9900687423097925	0.9999999989558837
fit-rw_positive-run1-prior1	rw_positive	run1	1.0	none	False	sub-104	dissimilar	2	all	32	1.0	0.9869024896593105	0.0247332281668058	0.9182516957450385	0.9966625204429901	0.9999999986027992
fit-rw_positive-run1-prior1	rw_positive	run1	1.0	none	False	sub-104	dissimilar	2	offer_1	1	1.0	0.785314240008147	0.2924801675105713	0.0009444199164629664	0.9185298792096097	0.9999999552895961
fit-rw_positive-run1-prior1	rw_positive	run1	1.0	none	False	sub-104	dissimilar	2	offer_1_to_3	9	1.0	0.9547979217913228	0.08502018025974101	0.7285288808042099	0.9881435568503742	0.9999999950321761
fit-rw_positive-run1-prior1	rw_positive	run1	1.0	none	False	sub-105	computer	1	all	15	0.6	0.6209924982305846	0.0360406788696477	0.54347018276103	0.6208250946732772	0.6907768272021112
fit-rw_positive-run1-prior1	rw_positive	run1	1.0	none	False	sub-105	computer	1	offer_1	3	0.0	0.025131825954021088	0.04341028529116541	4.41748721911897e-10	0.005783269151920404	0.1558388470251838
fit-rw_positive-run1-prior1	rw_positive	run1	1.0	none	False	sub-105	computer	1	offer_1_to_3	5	0.0	0.03934361924433304	0.05805496214747956	2.699034307258019e-08	0.013599282363038836	0.20809651434586252
fit-rw_positive-run1-prior1	rw_positive	run1	1.0	none	False	sub-105	computer	2	all	32	0.6875	0.6107981425637568	0.051608583938697786	0.5139186036090483	0.6085105322577997	0.7180649341945322
fit-rw_positive-run1-prior1	rw_positive	run1	1.0	none	False	sub-105	computer	2	offer_1	5	0.0	0.028698889254838725	0.04700077906435915	1.6354997574310766e-09	0.007536350580346357	0.17026721855922616
fit-rw_positive-run1-prior1	rw_positive	run1	1.0	none	False	sub-105	computer	2	offer_1_to_3	12	0.25	0.10483102179983227	0.0949667356668452	7.186099851627478e-05	0.0799208859627197	0.33447364235207816
fit-rw_positive-run1-prior1	rw_positive	run1	1.0	none	False	sub-105	similar	1	all	24	0.7083333333333334	0.7302060854218286	0.04367491369274991	0.6404814861737327	0.7315536027598897	0.8119959681419258
fit-rw_positive-run1-prior1	rw_positive	run1	1.0	none	False	sub-105	similar	1	offer_1_to_3	6	0.3333333333333333	0.22823273499605853	0.10520068333537083	0.04969769899838379	0.2212189292774161	0.4456838262219114
fit-rw_positive-run1-prior1	rw_positive	run1	1.0	none	False	sub-105	similar	2	all	24	0.625	0.5937681326443346	0.06267647621079027	0.47194689319887745	0.5936491925759138	0.7149262927289824
fit-rw_positive-run1-prior1	rw_positive	run1	1.0	none	False	sub-105	similar	2	offer_1	3	0.0	0.0959167616876441	0.07640169470157361	0.005890197867798687	0.07587918591513114	0.2874278614596149
fit-rw_positive-run1-prior1	rw_positive	run1	1.0	none	False	sub-105	similar	2	offer_1_to_3	10	0.1	0.22339809569277938	0.10373491013652085	0.049380326288669806	0.21638911210874506	0.43760130251101476
fit-rw_positive-run1-prior1	rw_positive	run1	1.0	none	False	sub-105	dissimilar	1	all	32	0.6875	0.661663970615478	0.03690827748391307	0.5860805584598329	0.6628580336847443	0.7337914136603532
fit-rw_positive-run1-prior1	rw_positive	run1	1.0	none	False	sub-105	dissimilar	1	offer_1	2	0.0	0.03656206635896392	0.041331288606492426	0.0005835399021450791	0.02215408413891435	0.15112093232974574
fit-rw_positive-run1-prior1	rw_positive	run1	1.0	none	False	sub-105	dissimilar	1	offer_1_to_3	10	0.1	0.09631205007278387	0.07000708720281698	0.008026005736662657	0.0805952452058846	0.2701398764872794
fit-rw_positive-run1-prior1	rw_positive	run1	1.0	none	False	sub-105	dissimilar	2	all	16	0.875	0.739907411999643	0.05450021829483679	0.6271784430074747	0.7418212872135925	0.8404406887113176
fit-rw_positive-run1-prior1	rw_positive	run1	1.0	none	False	sub-105	dissimilar	2	offer_1	2	0.0	0.04318753848927908	0.048495193235849325	0.0007004005219673583	0.026243333353780117	0.17986853393847088
fit-rw_positive-run1-prior1	rw_positive	run1	1.0	none	False	sub-105	dissimilar	2	offer_1_to_3	4	0.5	0.2208749976184776	0.09566279124578571	0.06292167400956612	0.21150187562518757	0.4273325655392466
fit-rw_positive-run1-prior1	rw_positive	run1	1.0	none	False	sub-106	computer	1	all	16	0.4375	0.4429851849762855	0.028918891344642244	0.3753855360882192	0.438795901855815	0.4985462482417165
fit-rw_positive-run1-prior1	rw_positive	run1	1.0	none	False	sub-106	computer	1	offer_1	3	0.0	7.896166291203796e-05	0.0014461164740312193	5.327881565862813e-120	3.431735022146723e-17	0.0001533322412529343
fit-rw_positive-run1-prior1	rw_positive	run1	1.0	none	False	sub-106	computer	1	offer_1_to_3	5	0.0	0.00013709297868069406	0.0020174085692976434	5.633013005824086e-99	1.5095101149785916e-14	0.0004483910487323614
fit-rw_positive-run1-prior1	rw_positive	run1	1.0	none	False	sub-106	computer	2	all	32	0.40625	0.458159930081215	0.03025773846432243	0.3976141432867672	0.45334184072840167	0.507712427315782
fit-rw_positive-run1-prior1	rw_positive	run1	1.0	none	False	sub-106	computer	2	offer_1	5	0.0	9.902987112932664e-05	0.001617024378401708	1.2806160052539358e-115	1.4467574022475056e-16	0.00023219111333592853
fit-rw_positive-run1-prior1	rw_positive	run1	1.0	none	False	sub-106	computer	2	offer_1_to_3	12	0.0	0.00031372635869051296	0.0031999936893476306	2.311687072591752e-74	2.1180983527310267e-11	0.0018612764985869363
fit-rw_positive-run1-prior1	rw_positive	run1	1.0	none	False	sub-106	similar	1	all	24	0.5416666666666666	0.546079079414523	0.02057997168923072	0.49901810518300627	0.5428228744654786	0.5863544971267853
fit-rw_positive-run1-prior1	rw_positive	run1	1.0	none	False	sub-106	similar	1	offer_1	3	0.0	3.849521824246559e-05	0.0006993687192906093	1.8201681503727613e-104	8.677037005125742e-17	7.582918426117215e-05
fit-rw_positive-run1-prior1	rw_positive	run1	1.0	none	False	sub-106	similar	1	offer_1_to_3	6	0.0	0.00014333917936522708	0.0015938951397971317	1.0680163224660465e-67	1.4382749337542672e-11	0.0008805628828917892
fit-rw_positive-run1-prior1	rw_positive	run1	1.0	none	False	sub-106	similar	2	all	24	0.3333333333333333	0.3776251367730054	0.04620715808138982	0.316875994592966	0.373290721579646	0.4717957896221847
fit-rw_positive-run1-prior1	rw_positive	run1	1.0	none	False	sub-106	similar	2	offer_1	2	0.0	5.828020053414985e-05	0.0010839858858316008	1.8870302314749567e-99	5.259580881680426e-16	0.00014683648992984953
fit-rw_positive-run1-prior1	rw_positive	run1	1.0	none	False	sub-106	similar	2	offer_1_to_3	7	0.0	0.0003560605095854356	0.0033927198503322085	6.611341052131689e-63	1.3184775211147423e-10	0.002542653237586349
fit-rw_positive-run1-prior1	rw_positive	run1	1.0	none	False	sub-106	dissimilar	1	all	32	0.46875	0.46525381454149406	0.015657212670205783	0.43557711289017725	0.4675300105754577	0.500895495741564
fit-rw_positive-run1-prior1	rw_positive	run1	1.0	none	False	sub-106	dissimilar	1	offer_1	3	0.0	3.427502668119291e-05	0.0004846433920533302	7.871503328125688e-94	4.507312566658941e-15	0.00011251072560206515
fit-rw_positive-run1-prior1	rw_positive	run1	1.0	none	False	sub-106	dissimilar	1	offer_1_to_3	10	0.0	0.0001874534567937049	0.0014829265165656417	1.4959437285167833e-55	9.702786777608241e-10	0.0015407921684888017
fit-rw_positive-run1-prior1	rw_positive	run1	1.0	none	False	sub-106	dissimilar	2	all	16	0.375	0.46226610940184953	0.040098570931548734	0.4296597685582669	0.4421863729672656	0.5661419763965077
fit-rw_positive-run1-prior1	rw_positive	run1	1.0	none	False	sub-106	dissimilar	2	offer_1	2	0.0	4.523805679706965e-05	0.0006118060603925447	1.0000277516810329e-91	1.1027783611709108e-14	0.00015897146532205193
fit-rw_positive-run1-prior1	rw_positive	run1	1.0	none	False	sub-106	dissimilar	2	offer_1_to_3	5	0.0	0.0005837910326101194	0.003949752613825547	2.630466884987694e-50	1.2789042474866704e-08	0.0052246491890953015
fit-rw_positive-run1-prior1	rw_positive	run1	1.0	none	False	sub-107	computer	1	all	32	0.375	0.4123340514505528	0.055348048376466306	0.30193630634316104	0.41261612140874177	0.5213424347146707
fit-rw_positive-run1-prior1	rw_positive	run1	1.0	none	False	sub-107	computer	1	offer_1	4	0.0	0.018466761279592635	0.026055049693006146	0.0001688926019440316	0.009117526287926024	0.09232056273737414
fit-rw_positive-run1-prior1	rw_positive	run1	1.0	none	False	sub-107	computer	1	offer_1_to_3	12	0.0	0.055922699818586656	0.049331863096360166	0.003053764513924494	0.0419097404050688	0.18754707759274336
fit-rw_positive-run1-prior1	rw_positive	run1	1.0	none	False	sub-107	computer	2	all	16	0.4375	0.4598883327306074	0.05227299279531924	0.35538443371328604	0.46042097794202996	0.559461082532858
fit-rw_positive-run1-prior1	rw_positive	run1	1.0	none	False	sub-107	computer	2	offer_1	5	0.0	0.025115907743201528	0.032314380203371976	0.00027555700023294827	0.01336070270917569	0.11795751310172989
fit-rw_positive-run1-prior1	rw_positive	run1	1.0	none	False	sub-107	computer	2	offer_1_to_3	6	0.0	0.036798994080713666	0.03859520272472157	0.0011934180961666815	0.02406019141208914	0.14438322829857367
fit-rw_positive-run1-prior1	rw_positive	run1	1.0	none	False	sub-107	similar	1	all	24	0.5416666666666666	0.4674526323405385	0.05445458843816187	0.3608515581457502	0.4672317084547398	0.5754348260439965
fit-rw_positive-run1-prior1	rw_positive	run1	1.0	none	False	sub-107	similar	1	offer_1	2	0.0	0.029900933392214158	0.033534172574313854	0.0003483320375219467	0.018519580023737853	0.12262022218322392
fit-rw_positive-run1-prior1	rw_positive	run1	1.0	none	False	sub-107	similar	1	offer_1_to_3	10	0.0	0.07421643158105357	0.05379599410913578	0.006772972465688675	0.061838040019964756	0.20851749805425
fit-rw_positive-run1-prior1	rw_positive	run1	1.0	none	False	sub-107	similar	2	all	23	0.6956521739130435	0.6876930686980568	0.055378908181934264	0.5672117722142607	0.6918885490291247	0.7853563958192536
fit-rw_positive-run1-prior1	rw_positive	run1	1.0	none	False	sub-107	similar	2	offer_1	4	0.0	0.04227670601809181	0.045184367284622516	0.0006112165139391292	0.026979729939137637	0.16732438998727855
fit-rw_positive-run1-prior1	rw_positive	run1	1.0	none	False	sub-107	similar	2	offer_1_to_3	5	0.0	0.08238443311195064	0.06039403570442074	0.008909350511537462	0.06660679058352094	0.23070371959356387
fit-rw_positive-run1-prior1	rw_positive	run1	1.0	none	False	sub-107	dissimilar	1	all	16	0.4375	0.47190394199400354	0.04797317307912227	0.3816784695930006	0.46728304016347444	0.5769868779685144
fit-rw_positive-run1-prior1	rw_positive	run1	1.0	none	False	sub-107	dissimilar	1	offer_1	1	0.0	0.005322080980974277	0.01707761723176742	1.8333394138145674e-13	0.00017350550822630388	0.04989306976907636
fit-rw_positive-run1-prior1	rw_positive	run1	1.0	none	False	sub-107	dissimilar	1	offer_1_to_3	4	0.0	0.011899844349723625	0.027397718711577368	2.8303229606298865e-10	0.0013403380295506306	0.09571691211406817
fit-rw_positive-run1-prior1	rw_positive	run1	1.0	none	False	sub-107	dissimilar	2	all	31	0.5161290322580645	0.5018410651584607	0.061738020021034366	0.3855587428352193	0.4961536099950482	0.6315687192148562
fit-rw_positive-run1-prior1	rw_positive	run1	1.0	none	False	sub-107	dissimilar	2	offer_1	3	0.0	0.008357155488530981	0.022860089364067464	4.566327821405489e-12	0.0004643500209942017	0.07453544434260825
fit-rw_positive-run1-prior1	rw_positive	run1	1.0	none	False	sub-107	dissimilar	2	offer_1_to_3	11	0.0	0.028677783663378885	0.04883145003255658	5.4451219938906365e-08	0.007333707242727563	0.17809206530743601
fit-rw_positive-run1-prior1	rw_positive	run1	1.0	none	False	sub-108	computer	1	all	32	0.53125	0.5736447565628329	0.039588998372927765	0.49643591339858717	0.5724154667768938	0.65502274607376
fit-rw_positive-run1-prior1	rw_positive	run1	1.0	none	False	sub-108	computer	1	offer_1	2	0.0	0.018727989618190794	0.02945592234162109	1.5317240072158912e-05	0.007567889324112718	0.10513771026118929
fit-rw_positive-run1-prior1	rw_positive	run1	1.0	none	False	sub-108	computer	1	offer_1_to_3	11	0.0	0.06889913629562314	0.06142797119174461	0.0019092700725434706	0.051876494826693056	0.23159529596822978
fit-rw_positive-run1-prior1	rw_positive	run1	1.0	none	False	sub-108	computer	2	all	16	0.5625	0.5774971631534163	0.05041632694038985	0.48354028391853765	0.5758329804400051	0.6796882840785502
fit-rw_positive-run1-prior1	rw_positive	run1	1.0	none	False	sub-108	computer	2	offer_1	2	0.0	0.019846844815115165	0.03148523170603474	9.888441066034047e-06	0.00773126112081753	0.11147469333677282
fit-rw_positive-run1-prior1	rw_positive	run1	1.0	none	False	sub-108	computer	2	offer_1_to_3	5	0.0	0.08805280080664575	0.0704227277580482	0.0028971955142264964	0.07144088792933705	0.2624146351488729
fit-rw_positive-run1-prior1	rw_positive	run1	1.0	none	False	sub-108	similar	1	all	24	0.6666666666666666	0.597404570052254	0.05473658431429823	0.48873144930726387	0.5979640933686208	0.7034125719264555
fit-rw_positive-run1-prior1	rw_positive	run1	1.0	none	False	sub-108	similar	1	offer_1	2	0.0	0.027264549092873097	0.03682599883078832	2.666197759843392e-05	0.012907967911223298	0.13349040808855697
fit-rw_positive-run1-prior1	rw_positive	run1	1.0	none	False	sub-108	similar	1	offer_1_to_3	10	0.2	0.17692734435494833	0.08091233010860124	0.04782853237536117	0.16765442523129753	0.35453958583260925
fit-rw_positive-run1-prior1	rw_positive	run1	1.0	none	False	sub-108	similar	2	all	24	0.7083333333333334	0.7182924954561644	0.037903330574444685	0.652857687464436	0.7135401237437704	0.8032207680283768
fit-rw_positive-run1-prior1	rw_positive	run1	1.0	none	False	sub-108	similar	2	offer_1	2	0.5	0.04641582861567765	0.05926846721449766	5.211999645587869e-05	0.0236883221358672	0.21795563743963686
fit-rw_positive-run1-prior1	rw_positive	run1	1.0	none	False	sub-108	similar	2	offer_1_to_3	8	0.25	0.1970995061184496	0.10142095042399348	0.04711596569772315	0.18098400125682668	0.43090814399587757
fit-rw_positive-run1-prior1	rw_positive	run1	1.0	none	False	sub-108	dissimilar	1	all	16	0.5625	0.6309195981700694	0.06471126854753038	0.5103791662459459	0.6282841101134369	0.7594076793598223
fit-rw_positive-run1-prior1	rw_positive	run1	1.0	none	False	sub-108	dissimilar	1	offer_1	1	0.0	0.022269013955205617	0.04171832274125142	5.323364777189973e-06	0.0051354974428589484	0.15397722001765807
fit-rw_positive-run1-prior1	rw_positive	run1	1.0	none	False	sub-108	dissimilar	1	offer_1_to_3	2	0.0	0.06834890431873802	0.07319362800737574	0.0009220045114004905	0.04234784993287652	0.2723078045797851
fit-rw_positive-run1-prior1	rw_positive	run1	1.0	none	False	sub-108	dissimilar	2	all	32	0.5625	0.6048490550601429	0.05316646960036526	0.499209649065744	0.6054244402196327	0.7048401270566914
fit-rw_positive-run1-prior1	rw_positive	run1	1.0	none	False	sub-108	dissimilar	2	offer_1	5	0.0	0.03132410300514254	0.05047156831524939	1.806441495596274e-05	0.009851310534642166	0.1863318199988312
fit-rw_positive-run1-prior1	rw_positive	run1	1.0	none	False	sub-108	dissimilar	2	offer_1_to_3	9	0.0	0.06861055666420385	0.07096512627634888	0.0012164036693571053	0.044364216020464184	0.26524086812008
fit-rw_positive-run1-prior1	rw_positive	run1	1.0	none	False	sub-109	computer	1	all	13	1.0	0.9856241187066833	0.021821942004468322	0.9232963616841053	0.9947594858817196	0.9999999959832856
fit-rw_positive-run1-prior1	rw_positive	run1	1.0	none	False	sub-109	computer	1	offer_1_to_3	3	1.0	0.9460572583779867	0.07318271252828044	0.7475686545451038	0.9776139978301719	0.9999999825942375
fit-rw_positive-run1-prior1	rw_positive	run1	1.0	none	False	sub-109	computer	2	all	28	0.8928571428571429	0.9311306609243206	0.03909971940158754	0.8548928966068483	0.9298912091958693	0.9974415038671547
fit-rw_positive-run1-prior1	rw_positive	run1	1.0	none	False	sub-109	computer	2	offer_1	3	0.3333333333333333	0.4473318112105809	0.3061478212092954	7.881810016658488e-05	0.4549304761329418	0.9762807995051812
fit-rw_positive-run1-prior1	rw_positive	run1	1.0	none	False	sub-109	computer	2	offer_1_to_3	8	0.75	0.7643602857983556	0.13243685509227116	0.5176557734850946	0.7611232447470593	0.9910452714556458
fit-rw_positive-run1-prior1	rw_positive	run1	1.0	none	False	sub-109	similar	1	all	22	0.9545454545454546	0.9438051745716336	0.024304053076949078	0.8999320246079795	0.9428582548476325	0.9894092936711175
fit-rw_positive-run1-prior1	rw_positive	run1	1.0	none	False	sub-109	similar	1	offer_1	2	0.5	0.4517218822597021	0.233773861026601	0.048744301807375004	0.4457159327852461	0.8892605001074583
fit-rw_positive-run1-prior1	rw_positive	run1	1.0	none	False	sub-109	similar	1	offer_1_to_3	5	0.8	0.7594297060738794	0.10090732730565395	0.5875651845944001	0.7544539410739368	0.9534577954134397
fit-rw_positive-run1-prior1	rw_positive	run1	1.0	none	False	sub-109	similar	2	all	20	0.75	0.8482091721542224	0.06122266016441617	0.7496608794009029	0.8440113972414716	0.9684988496036957
fit-rw_positive-run1-prior1	rw_positive	run1	1.0	none	False	sub-109	similar	2	offer_1	5	0.0	0.4308515039391232	0.23435401219611807	0.040216501954182124	0.4203548500400146	0.8787098599838594
fit-rw_positive-run1-prior1	rw_positive	run1	1.0	none	False	sub-109	similar	2	offer_1_to_3	8	0.375	0.6243164819829973	0.15196178254724446	0.3767239772706947	0.615170357419079	0.9212654826707024
fit-rw_positive-run1-prior1	rw_positive	run1	1.0	none	False	sub-109	dissimilar	1	all	29	0.9655172413793104	0.9684688343957356	0.018492835029655794	0.9213283950902768	0.9696249922756546	0.9957616885794311
fit-rw_positive-run1-prior1	rw_positive	run1	1.0	none	False	sub-109	dissimilar	1	offer_1	1	0.0	0.4146168483894609	0.2884340261588357	0.0002437147272266449	0.4143340716959273	0.9072005427148975
fit-rw_positive-run1-prior1	rw_positive	run1	1.0	none	False	sub-109	dissimilar	1	offer_1_to_3	11	0.9090909090909091	0.9179131932514033	0.04659914857390818	0.7999346282561465	0.9201911234681501	0.9888321190937726
fit-rw_positive-run1-prior1	rw_positive	run1	1.0	none	False	sub-109	dissimilar	2	all	14	0.8571428571428571	0.8887984445911391	0.04453720678380745	0.805601570064926	0.8781121127112173	0.9801608986613589
fit-rw_positive-run1-prior1	rw_positive	run1	1.0	none	False	sub-109	dissimilar	2	offer_1	2	0.0	0.28645115576815716	0.279381208922724	8.564563742143609e-07	0.19530743057362018	0.8702036231736958
fit-rw_positive-run1-prior1	rw_positive	run1	1.0	none	False	sub-109	dissimilar	2	offer_1_to_3	5	0.6	0.6897696844711997	0.12475624482103519	0.45629810377347896	0.6602890866238129	0.9445311428225804
fit-rw_positive-run1-prior1	rw_positive	run1	1.0	none	False	sub-110	computer	1	all	16	0.75	0.6906553265845699	0.05949263121210478	0.5744353623485691	0.6901543651879417	0.8094964169119162
fit-rw_positive-run1-prior1	rw_positive	run1	1.0	none	False	sub-110	computer	1	offer_1	2	0.5	0.13720619506513654	0.08894554888319825	0.015934522740082675	0.12021011110212784	0.34550821694047723
fit-rw_positive-run1-prior1	rw_positive	run1	1.0	none	False	sub-110	computer	1	offer_1_to_3	4	0.75	0.23834050449288793	0.10459188354251091	0.07002515757262459	0.22626345009554955	0.4721089769923066
fit-rw_positive-run1-prior1	rw_positive	run1	1.0	none	False	sub-110	computer	2	all	32	0.625	0.6508809589964776	0.05421618587218064	0.5469904622673075	0.6491177089500284	0.7639339941086997
fit-rw_positive-run1-prior1	rw_positive	run1	1.0	none	False	sub-110	computer	2	offer_1	5	0.0	0.14494892503630707	0.08891462096229084	0.018754009631918204	0.12964743353011032	0.3483579909090801
fit-rw_positive-run1-prior1	rw_positive	run1	1.0	none	False	sub-110	computer	2	offer_1_to_3	11	0.09090909090909091	0.24043283714182917	0.10279181083684155	0.07064508998345585	0.23019958995657508	0.46453382237298174
fit-rw_positive-run1-prior1	rw_positive	run1	1.0	none	False	sub-110	similar	1	all	24	0.6666666666666666	0.7048388254045289	0.044286349172719605	0.6229950309140593	0.7025653238581266	0.7963467207037962
fit-rw_positive-run1-prior1	rw_positive	run1	1.0	none	False	sub-110	similar	1	offer_1	1	0.0	0.014896206831162592	0.03434641197278838	8.314808000029288e-11	0.0014357061562688751	0.1201317402764167
fit-rw_positive-run1-prior1	rw_positive	run1	1.0	none	False	sub-110	similar	1	offer_1_to_3	5	0.0	0.08142528824287003	0.09123750902256118	3.720171794285824e-05	0.04704198517516253	0.3279252481162981
fit-rw_positive-run1-prior1	rw_positive	run1	1.0	none	False	sub-110	similar	2	all	24	0.5416666666666666	0.523598823989959	0.04789067808738117	0.44615254741001614	0.5193586463883648	0.6280945484337249
fit-rw_positive-run1-prior1	rw_positive	run1	1.0	none	False	sub-110	similar	2	offer_1	6	0.0	0.017896413048208496	0.03874413232845642	2.5370284382499487e-10	0.002030668780912905	0.13963814706537211
fit-rw_positive-run1-prior1	rw_positive	run1	1.0	none	False	sub-110	similar	2	offer_1_to_3	10	0.1	0.05571311682986051	0.06707259590430106	3.0481999380619982e-05	0.030232332669423847	0.244580811148457
fit-rw_positive-run1-prior1	rw_positive	run1	1.0	none	False	sub-110	dissimilar	1	all	32	0.65625	0.6332175086692334	0.03749100454901636	0.5630785242888929	0.6315568197149735	0.7112032730657057
fit-rw_positive-run1-prior1	rw_positive	run1	1.0	none	False	sub-110	dissimilar	1	offer_1	4	0.0	0.03629721073881554	0.040849220381610346	0.0005684836852742169	0.022361799001421285	0.15058514178460328
fit-rw_positive-run1-prior1	rw_positive	run1	1.0	none	False	sub-110	dissimilar	1	offer_1_to_3	13	0.15384615384615385	0.16682028131304139	0.07566898982138312	0.04599616007669043	0.15787491431514977	0.33671637480036387
fit-rw_positive-run1-prior1	rw_positive	run1	1.0	none	False	sub-110	dissimilar	2	all	16	0.6875	0.6605292530031704	0.04436374196541305	0.5789366917281181	0.6581530394522719	0.7543533598778883
fit-rw_positive-run1-prior1	rw_positive	run1	1.0	none	False	sub-110	dissimilar	2	offer_1_to_3	6	0.3333333333333333	0.1955241464530854	0.09259392109378609	0.05120627608016762	0.18431882827713053	0.407997238216205
fit-rw_positive-run1-prior1	rw_positive	run1	1.0	none	False	sub-111	computer	1	all	16	0.5625	0.5434568056746405	0.04073704746384102	0.4698183652290996	0.5408260033146037	0.628873218112431
fit-rw_positive-run1-prior1	rw_positive	run1	1.0	none	False	sub-111	computer	1	offer_1	3	0.0	0.002052249092594357	0.008720194506912683	1.3021787961763508e-21	1.4499696688942293e-05	0.02056457188948108
fit-rw_positive-run1-prior1	rw_positive	run1	1.0	none	False	sub-111	computer	1	offer_1_to_3	5	0.0	0.00904198773471863	0.019045863550996668	1.4580931462032727e-09	0.001808592638821758	0.06334984217686661
fit-rw_positive-run1-prior1	rw_positive	run1	1.0	none	False	sub-111	computer	2	all	32	0.75	0.6488199090228877	0.06288047829270475	0.5334667844678508	0.6511152552595008	0.7491932010236603
fit-rw_positive-run1-prior1	rw_positive	run1	1.0	none	False	sub-111	computer	2	offer_1	6	0.0	0.010556823377263207	0.025748469598823872	8.721532643415592e-17	0.0006489624510048247	0.08720038385699427
fit-rw_positive-run1-prior1	rw_positive	run1	1.0	none	False	sub-111	computer	2	offer_1_to_3	8	0.0	0.013973516503643113	0.03049052295052625	1.6814679004036303e-13	0.0015106705644814156	0.10612422763984881
fit-rw_positive-run1-prior1	rw_positive	run1	1.0	none	False	sub-111	similar	1	all	24	0.5416666666666666	0.5770100672682188	0.043350842771008986	0.49507637409466815	0.5762584081379755	0.6656887081762859
fit-rw_positive-run1-prior1	rw_positive	run1	1.0	none	False	sub-111	similar	1	offer_1	4	0.0	0.0031340097770813113	0.012135560244283297	2.4850626761054882e-20	3.47112391581383e-05	0.03066079584957807
fit-rw_positive-run1-prior1	rw_positive	run1	1.0	none	False	sub-111	similar	1	offer_1_to_3	6	0.0	0.009894343964810797	0.02400120360884257	4.031174790223065e-14	0.0007204054919587798	0.08256013677225568
fit-rw_positive-run1-prior1	rw_positive	run1	1.0	none	False	sub-111	similar	2	all	24	0.625	0.571555578210222	0.06243145744515306	0.4583592408441245	0.5747647881812512	0.682774152796012
fit-rw_positive-run1-prior1	rw_positive	run1	1.0	none	False	sub-111	similar	2	offer_1	4	0.0	0.014832377572785422	0.032986181123286044	5.265822519097075e-14	0.0013246817675566648	0.11769955484196865
fit-rw_positive-run1-prior1	rw_positive	run1	1.0	none	False	sub-111	similar	2	offer_1_to_3	8	0.0	0.043808574741675224	0.05699679658336522	5.66154129270693e-07	0.02144878728989401	0.20909495292229557
fit-rw_positive-run1-prior1	rw_positive	run1	1.0	none	False	sub-111	dissimilar	1	all	31	0.6129032258064516	0.6027819034244902	0.03435878662738307	0.5298574593897868	0.6032309643433615	0.6707994243947492
fit-rw_positive-run1-prior1	rw_positive	run1	1.0	none	False	sub-111	dissimilar	1	offer_1	4	0.0	0.01425744894258554	0.022725885409391324	3.389470121291858e-07	0.005204314693878207	0.08042790617782633
fit-rw_positive-run1-prior1	rw_positive	run1	1.0	none	False	sub-111	dissimilar	1	offer_1_to_3	13	0.15384615384615385	0.13854296074969868	0.06376330372017316	0.03392598892920217	0.13152081797951937	0.28163872788452854
fit-rw_positive-run1-prior1	rw_positive	run1	1.0	none	False	sub-111	dissimilar	2	all	16	0.9375	0.6680933038725619	0.08642966536454845	0.5036147825828188	0.6660239803209613	0.8370525165430563
fit-rw_positive-run1-prior1	rw_positive	run1	1.0	none	False	sub-111	dissimilar	2	offer_1	2	0.5	0.02222270502692299	0.0375951439925282	2.555709516902273e-10	0.005249034254805516	0.13516056268352517
fit-rw_positive-run1-prior1	rw_positive	run1	1.0	none	False	sub-111	dissimilar	2	offer_1_to_3	6	0.8333333333333334	0.21216642635683441	0.16126782741303464	0.0006399589560740852	0.18454029303133818	0.5705186738605037
fit-rw_positive-run1-prior1	rw_positive	run1	1.0	none	False	sub-112	computer	1	all	32	0.84375	0.846509900282821	0.020434774105785737	0.8025869945565277	0.8445842582691927	0.8888440962805818
fit-rw_positive-run1-prior1	rw_positive	run1	1.0	none	False	sub-112	computer	1	offer_1	2	0.5	0.34994405618185853	0.16168078366346575	0.022903391067979676	0.4220285916277846	0.5115143665793438
fit-rw_positive-run1-prior1	rw_positive	run1	1.0	none	False	sub-112	computer	1	offer_1_to_3	9	0.4444444444444444	0.46073559022881805	0.06834900547781186	0.3307443647344029	0.4499444868165682	0.6112602329591758
fit-rw_positive-run1-prior1	rw_positive	run1	1.0	none	False	sub-112	computer	2	all	15	0.9333333333333333	0.6985178224993001	0.11316343075677161	0.5333318377655405	0.7144768022033368	0.9281246736002248
fit-rw_positive-run1-prior1	rw_positive	run1	1.0	none	False	sub-112	computer	2	offer_1	1	0.0	0.009232721854952032	0.03938375942185107	2.4132500572919802e-101	1.212545530075895e-13	0.13522870148929822
fit-rw_positive-run1-prior1	rw_positive	run1	1.0	none	False	sub-112	computer	2	offer_1_to_3	2	0.5	0.059422011762880325	0.13771130445749513	5.771556772052576e-38	6.956568750644671e-05	0.49989352286575767
fit-rw_positive-run1-prior1	rw_positive	run1	1.0	none	False	sub-112	similar	1	all	24	0.75	0.7666371022246364	0.02397024693065906	0.7224948173146528	0.7626895408016492	0.8191355832927562
fit-rw_positive-run1-prior1	rw_positive	run1	1.0	none	False	sub-112	similar	1	offer_1	3	0.0	0.035249481223193345	0.05557832520195824	3.840063513925283e-13	0.007588334397758487	0.19697884566623292
fit-rw_positive-run1-prior1	rw_positive	run1	1.0	none	False	sub-112	similar	1	offer_1_to_3	7	0.14285714285714285	0.22059472682153666	0.07516253231386101	0.1333578436666099	0.2044291627409754	0.39759202810463656
fit-rw_positive-run1-prior1	rw_positive	run1	1.0	none	False	sub-112	similar	2	all	24	0.75	0.7675976523892988	0.04087376909842013	0.6826010475519552	0.7769116429178329	0.8469678160179774
fit-rw_positive-run1-prior1	rw_positive	run1	1.0	none	False	sub-112	similar	2	offer_1	2	0.0	0.004244878706167145	0.020059276707408234	2.875537743914183e-48	2.3772450586687228e-07	0.04644829414197691
fit-rw_positive-run1-prior1	rw_positive	run1	1.0	none	False	sub-112	similar	2	offer_1_to_3	6	0.0	0.1368940484760768	0.1033645005219774	2.0091015534628583e-07	0.15065940269234152	0.39402195201458334
fit-rw_positive-run1-prior1	rw_positive	run1	1.0	none	False	sub-112	dissimilar	1	all	16	0.875	0.8692931028887506	0.016693556428166955	0.8219302636714958	0.8746486837760925	0.8928264575697976
fit-rw_positive-run1-prior1	rw_positive	run1	1.0	none	False	sub-112	dissimilar	1	offer_1	2	0.0	0.029963691492096843	0.06488270829916816	1.0233960149066984e-20	0.0016622810053279118	0.22929377048412386
fit-rw_positive-run1-prior1	rw_positive	run1	1.0	none	False	sub-112	dissimilar	1	offer_1_to_3	5	0.6	0.5893118213726419	0.04098211233904856	0.4871921564963833	0.5993158696895242	0.6629254719285733
fit-rw_positive-run1-prior1	rw_positive	run1	1.0	none	False	sub-112	dissimilar	2	all	32	0.75	0.7716908347208669	0.06919327652455985	0.6368734376489724	0.7810499289497241	0.89349065167528
fit-rw_positive-run1-prior1	rw_positive	run1	1.0	none	False	sub-112	dissimilar	2	offer_1	2	0.0	0.00468266982376973	0.02327801544606685	2.997738103611393e-56	5.4165230182641674e-08	0.05259867253517587
fit-rw_positive-run1-prior1	rw_positive	run1	1.0	none	False	sub-112	dissimilar	2	offer_1_to_3	8	0.0	0.22642407717234536	0.16725784449660386	1.2821544538843243e-08	0.24558739895072387	0.5794146601853138
fit-rw_positive-run1-prior1	rw_positive	run1	1.0	none	False	sub-113	computer	1	all	32	0.46875	0.4819451601377876	0.02621936117078165	0.43554602459832814	0.4765303816312812	0.5441512761453126
fit-rw_positive-run1-prior1	rw_positive	run1	1.0	none	False	sub-113	computer	1	offer_1	6	0.0	0.0005928769074074142	0.0041089106062112395	1.6849665299624754e-83	4.2821410367146274e-11	0.005431042746139684
fit-rw_positive-run1-prior1	rw_positive	run1	1.0	none	False	sub-113	computer	1	offer_1_to_3	10	0.0	0.001389845384034207	0.0069079908870471754	3.555366581800397e-58	3.0568488308317196e-08	0.014821265540360229
fit-rw_positive-run1-prior1	rw_positive	run1	1.0	none	False	sub-113	computer	2	all	16	0.4375	0.5452248331372369	0.056080966563879155	0.4396510227174149	0.5422694177144969	0.6548272984343962
fit-rw_positive-run1-prior1	rw_positive	run1	1.0	none	False	sub-113	computer	2	offer_1	3	0.0	0.0015406894025092003	0.007502397472732212	1.105888785042948e-75	4.6709005691284986e-09	0.017313332855446742
fit-rw_positive-run1-prior1	rw_positive	run1	1.0	none	False	sub-113	computer	2	offer_1_to_3	5	0.0	0.007932741565083893	0.018814389916983667	2.3494900909987353e-31	0.00023569459357717667	0.06394240011934159
fit-rw_positive-run1-prior1	rw_positive	run1	1.0	none	False	sub-113	similar	1	all	24	0.4583333333333333	0.4551553249226409	0.019894676590802792	0.4119817196837115	0.4581090048005543	0.49763906784373346
fit-rw_positive-run1-prior1	rw_positive	run1	1.0	none	False	sub-113	similar	1	offer_1	4	0.0	0.002059746966279428	0.007738552202757303	1.3803808763565108e-36	5.348442892734469e-06	0.021376389950059665
fit-rw_positive-run1-prior1	rw_positive	run1	1.0	none	False	sub-113	similar	1	offer_1_to_3	10	0.0	0.004999175363467767	0.015096621490626422	2.5324289169204927e-27	8.176786626779096e-05	0.046795421628470835
fit-rw_positive-run1-prior1	rw_positive	run1	1.0	none	False	sub-113	similar	2	all	24	0.5833333333333334	0.6899250028337618	0.03063612719947169	0.6437861911767397	0.6803315237646994	0.7568718988354449
fit-rw_positive-run1-prior1	rw_positive	run1	1.0	none	False	sub-113	similar	2	offer_1	3	0.0	0.0027224396748291887	0.010987916620653158	7.45085522751774e-48	1.9686373933457035e-06	0.029581368794588572
fit-rw_positive-run1-prior1	rw_positive	run1	1.0	none	False	sub-113	similar	2	offer_1_to_3	7	0.0	0.03635352235793092	0.05468634143341132	1.6807040211188852e-18	0.008480077830592058	0.18656899459057588
fit-rw_positive-run1-prior1	rw_positive	run1	1.0	none	False	sub-113	dissimilar	1	all	16	0.5625	0.5596796818085265	0.03736256364414628	0.4770272406703869	0.5624967321968036	0.634669703292302
fit-rw_positive-run1-prior1	rw_positive	run1	1.0	none	False	sub-113	dissimilar	1	offer_1	2	0.0	0.0014675745857968164	0.00934559738481015	2.0237471120045846e-58	1.1025820241511402e-08	0.014193311856552756
fit-rw_positive-run1-prior1	rw_positive	run1	1.0	none	False	sub-113	dissimilar	1	offer_1_to_3	4	0.0	0.0016044585302598762	0.008488916132835303	1.4257993247244975e-56	3.994857058359773e-08	0.016969306407654483
fit-rw_positive-run1-prior1	rw_positive	run1	1.0	none	False	sub-113	dissimilar	2	all	32	0.53125	0.6200793012543826	0.07726348276368959	0.48586811406119296	0.610103175550404	0.7817847280744206
fit-rw_positive-run1-prior1	rw_positive	run1	1.0	none	False	sub-113	dissimilar	2	offer_1	4	0.0	0.008204735696327537	0.026932385743141652	1.8281927391426368e-35	1.882476689486586e-05	0.08825828289742552
fit-rw_positive-run1-prior1	rw_positive	run1	1.0	none	False	sub-113	dissimilar	2	offer_1_to_3	11	0.0	0.13660181876906502	0.13306703403409795	2.0576611334923987e-10	0.09836335549922891	0.412974247079053
fit-rw_positive-run1-prior1	rw_positive	run1	1.0	none	False	sub-115	computer	1	all	15	0.5333333333333333	0.5674519444580346	0.06475903281137103	0.4280368772039132	0.5673145043878067	0.6962391977652304
fit-rw_positive-run1-prior1	rw_positive	run1	1.0	none	False	sub-115	computer	1	offer_1	1	1.0	0.41662553286248266	0.09902484844740052	0.17932593672548	0.44049907054205284	0.5360020862585673
fit-rw_positive-run1-prior1	rw_positive	run1	1.0	none	False	sub-115	computer	1	offer_1_to_3	6	0.5	0.4701067029881563	0.08728834172788943	0.2521074178909826	0.49354536250289216	0.5880430411653014
fit-rw_positive-run1-prior1	rw_positive	run1	1.0	none	False	sub-115	computer	2	all	31	0.6129032258064516	0.5829298942887039	0.05924920814361992	0.4691961275750924	0.5791742319996291	0.7083621869708255
fit-rw_positive-run1-prior1	rw_positive	run1	1.0	none	False	sub-115	computer	2	offer_1	3	1.0	0.404191016360593	0.09915165610664983	0.17153784599338057	0.423399216859471	0.5324987908332431
fit-rw_positive-run1-prior1	rw_positive	run1	1.0	none	False	sub-115	computer	2	offer_1_to_3	10	0.5	0.4568709552907684	0.0839997715660203	0.24928498218934356	0.4763348432938873	0.570206712566611
fit-rw_positive-run1-prior1	rw_positive	run1	1.0	none	False	sub-115	similar	1	all	24	0.4166666666666667	0.5925954454493453	0.053758330177681696	0.4837015981161387	0.5913267696882128	0.7001611704956255
fit-rw_positive-run1-prior1	rw_positive	run1	1.0	none	False	sub-115	similar	1	offer_1	1	0.0	0.42320747237757617	0.10161486620746848	0.15417107453763124	0.457465915855393	0.5284320696804431
fit-rw_positive-run1-prior1	rw_positive	run1	1.0	none	False	sub-115	similar	1	offer_1_to_3	7	0.2857142857142857	0.4810480457534198	0.08472624150276786	0.24725043173815248	0.5087547255597118	0.5801462210203701
fit-rw_positive-run1-prior1	rw_positive	run1	1.0	none	False	sub-115	similar	2	all	23	0.6521739130434783	0.5593559089678785	0.051568160178195384	0.4353368723697387	0.5615645973933592	0.6533408049510521
fit-rw_positive-run1-prior1	rw_positive	run1	1.0	none	False	sub-115	similar	2	offer_1	3	1.0	0.4213552729452261	0.09075530232032888	0.17602127236264964	0.4482720021447704	0.5229623719900353
fit-rw_positive-run1-prior1	rw_positive	run1	1.0	none	False	sub-115	similar	2	offer_1_to_3	9	0.7777777777777778	0.4640072736666805	0.0805803465817374	0.24031337504220346	0.4878794445553263	0.5579735646302071
fit-rw_positive-run1-prior1	rw_positive	run1	1.0	none	False	sub-115	dissimilar	1	all	32	0.65625	0.6042616330213727	0.06482338331450681	0.48032741276302415	0.60295022204436	0.7326682322259808
fit-rw_positive-run1-prior1	rw_positive	run1	1.0	none	False	sub-115	dissimilar	1	offer_1	6	0.6666666666666666	0.42035921909056695	0.09208051670271648	0.21226642607923674	0.4371995825249344	0.5440688044210638
fit-rw_positive-run1-prior1	rw_positive	run1	1.0	none	False	sub-115	dissimilar	1	offer_1_to_3	11	0.6363636363636364	0.46259755367379135	0.08180870272183884	0.2748730871968866	0.476835321624413	0.5822371265073676
fit-rw_positive-run1-prior1	rw_positive	run1	1.0	none	False	sub-115	dissimilar	2	all	16	0.625	0.610755136992351	0.06283432218227548	0.4924775063700792	0.6093695964689894	0.735691432578154
fit-rw_positive-run1-prior1	rw_positive	run1	1.0	none	False	sub-115	dissimilar	2	offer_1	2	1.0	0.4202455071951896	0.08336413958111931	0.22706054596374167	0.4345433387836144	0.5394990804797601
fit-rw_positive-run1-prior1	rw_positive	run1	1.0	none	False	sub-115	dissimilar	2	offer_1_to_3	6	0.8333333333333334	0.4842590000025314	0.07285885467518957	0.30967858222874667	0.4972367328482603	0.5956834056426474
fit-rw_positive-run1-prior1	rw_positive	run1	1.0	none	False	sub-116	computer	1	all	16	0.4375	0.44324595223700664	0.042663903486859174	0.34462487667263786	0.44028361473756716	0.5285761930676556
fit-rw_positive-run1-prior1	rw_positive	run1	1.0	none	False	sub-116	computer	1	offer_1	4	0.0	0.000157915947320405	0.002475348578065015	5.735901153736492e-53	1.0140946732296199e-12	0.0004697816345896412
fit-rw_positive-run1-prior1	rw_positive	run1	1.0	none	False	sub-116	computer	1	offer_1_to_3	4	0.0	0.000157915947320405	0.002475348578065015	5.735901153736492e-53	1.0140946732296199e-12	0.0004697816345896412
fit-rw_positive-run1-prior1	rw_positive	run1	1.0	none	False	sub-116	computer	2	all	32	0.4375	0.4509258565750316	0.031171070285091754	0.38845525161346794	0.44520302510528054	0.5180800042427393
fit-rw_positive-run1-prior1	rw_positive	run1	1.0	none	False	sub-116	computer	2	offer_1	2	0.0	0.00017201806311508157	0.002589023461102093	9.63622013813607e-53	1.4581118364974238e-12	0.0005524240422758113
fit-rw_positive-run1-prior1	rw_positive	run1	1.0	none	False	sub-116	computer	2	offer_1_to_3	10	0.0	0.0006130795810272291	0.005230671374424641	4.200578403433385e-34	9.284173812715514e-09	0.004255854193225158
fit-rw_positive-run1-prior1	rw_positive	run1	1.0	none	False	sub-116	similar	1	all	24	0.5833333333333334	0.5791386500795058	0.029721652397889656	0.5165638709792969	0.5802395550000299	0.6302179328767633
fit-rw_positive-run1-prior1	rw_positive	run1	1.0	none	False	sub-116	similar	1	offer_1	1	0.0	0.00016428197652062807	0.0014084924041315177	7.857762005604941e-32	2.0655062087814014e-09	0.0012353553293334139
fit-rw_positive-run1-prior1	rw_positive	run1	1.0	none	False	sub-116	similar	1	offer_1_to_3	6	0.0	0.001785737754110785	0.007786128450293211	1.4873434366247738e-19	5.04894382932716e-06	0.018302340454956073
fit-rw_positive-run1-prior1	rw_positive	run1	1.0	none	False	sub-116	similar	2	all	24	0.3333333333333333	0.3791346560448957	0.028898769090403717	0.3182052554045019	0.3815484256294439	0.42713355406554093
fit-rw_positive-run1-prior1	rw_positive	run1	1.0	none	False	sub-116	similar	2	offer_1	5	0.0	0.00019109612823659178	0.001606470410237811	1.257626794781715e-31	2.778586495569563e-09	0.0014477830017228367
fit-rw_positive-run1-prior1	rw_positive	run1	1.0	none	False	sub-116	similar	2	offer_1_to_3	12	0.0	0.0008365311848184794	0.004402547465426634	6.000506181435946e-20	1.6756402523979198e-06	0.00813736009469879
fit-rw_positive-run1-prior1	rw_positive	run1	1.0	none	False	sub-116	dissimilar	1	all	31	0.4838709677419355	0.4865713449168765	0.030058364473974444	0.4299558276439079	0.4846086055431045	0.5472898724849106
fit-rw_positive-run1-prior1	rw_positive	run1	1.0	none	False	sub-116	dissimilar	1	offer_1	1	0.0	7.797140666572241e-05	0.0008258388487605874	1.7686665563857323e-34	1.0874281442506913e-10	0.0004368687443484524
fit-rw_positive-run1-prior1	rw_positive	run1	1.0	none	False	sub-116	dissimilar	1	offer_1_to_3	11	0.0	0.0006607839215941361	0.0037940605630736183	1.6030415711992586e-21	3.783535006179649e-07	0.006277642464353979
fit-rw_positive-run1-prior1	rw_positive	run1	1.0	none	False	sub-116	dissimilar	2	all	16	0.4375	0.46351386935584893	0.020057093289089896	0.43165511666318973	0.4614060678819471	0.5078721678025648
fit-rw_positive-run1-prior1	rw_positive	run1	1.0	none	False	sub-116	dissimilar	2	offer_1	4	0.0	0.000112334628251113	0.0011664440049502312	5.586876394810824e-34	2.038977465702029e-10	0.0006461291774740617
fit-rw_positive-run1-prior1	rw_positive	run1	1.0	none	False	sub-116	dissimilar	2	offer_1_to_3	6	0.0	0.00041926771938591734	0.0026539077422507206	1.5213768751162844e-21	2.519377746260809e-07	0.0037416540584843077
fit-rw_positive-run1-prior1	rw_positive	run1	1.0	none	False	sub-117	computer	1	all	32	0.8125	0.8168761311358059	0.024446889723270356	0.7637252522415668	0.8166259431872036	0.864786396314588
fit-rw_positive-run1-prior1	rw_positive	run1	1.0	none	False	sub-117	computer	1	offer_1	5	0.0	0.057945866209886156	0.0819290271658185	7.838495275195648e-08	0.022679205059660253	0.29771030156403067
fit-rw_positive-run1-prior1	rw_positive	run1	1.0	none	False	sub-117	computer	1	offer_1_to_3	11	0.45454545454545453	0.47219983212656264	0.06915987348143618	0.32334736557124055	0.4702658596401956	0.6125030680047286
fit-rw_positive-run1-prior1	rw_positive	run1	1.0	none	False	sub-117	computer	2	all	16	0.875	0.7971617480053225	0.06409209979268402	0.6877545732641521	0.8153156032078797	0.8850037059288415
fit-rw_positive-run1-prior1	rw_positive	run1	1.0	none	False	sub-117	computer	2	offer_1	2	0.0	0.04244327957467961	0.07284835389900707	1.5924590335076974e-11	0.008741384863743477	0.2650285634515558
fit-rw_positive-run1-prior1	rw_positive	run1	1.0	none	False	sub-117	computer	2	offer_1_to_3	5	0.6	0.3556392969301851	0.20548753939187764	0.001347750162877332	0.415311375147608	0.6367802019970293
fit-rw_positive-run1-prior1	rw_positive	run1	1.0	none	False	sub-117	similar	1	all	24	0.7916666666666666	0.7828036429484343	0.0345110784817337	0.7157589150379828	0.7816680539561565	0.851139614884442
fit-rw_positive-run1-prior1	rw_positive	run1	1.0	none	False	sub-117	similar	1	offer_1	4	0.0	0.10620585126422069	0.10404302257556879	6.911315127790488e-05	0.07587338479630096	0.3676128824161392
fit-rw_positive-run1-prior1	rw_positive	run1	1.0	none	False	sub-117	similar	1	offer_1_to_3	9	0.4444444444444444	0.42572087222152466	0.09011292159975402	0.2549114423560563	0.422296232536077	0.6083045181337131
fit-rw_positive-run1-prior1	rw_positive	run1	1.0	none	False	sub-117	similar	2	all	24	0.875	0.8370124809821176	0.036355560306235414	0.754736958043651	0.845106929991146	0.8813030541722668
fit-rw_positive-run1-prior1	rw_positive	run1	1.0	none	False	sub-117	similar	2	offer_1	3	0.0	0.0450443878569309	0.06805184779243142	2.124765444776317e-06	0.016181977109835308	0.24659772866205118
fit-rw_positive-run1-prior1	rw_positive	run1	1.0	none	False	sub-117	similar	2	offer_1_to_3	6	0.5	0.35349010808140596	0.1421364085242666	0.02697514566911917	0.38590176336505455	0.5306035397438801
fit-rw_positive-run1-prior1	rw_positive	run1	1.0	none	False	sub-117	dissimilar	1	all	16	0.9375	0.9360951975232172	0.03642957450871892	0.8519159327657229	0.9399584113595256	0.992194148618708
fit-rw_positive-run1-prior1	rw_positive	run1	1.0	none	False	sub-117	dissimilar	1	offer_1_to_3	5	0.8	0.8013151062534084	0.10997487042010827	0.5512827437897421	0.8107212394663694	0.9750698193150088
fit-rw_positive-run1-prior1	rw_positive	run1	1.0	none	False	sub-117	dissimilar	2	all	32	0.84375	0.8123350798015335	0.057133544715158496	0.678586297281544	0.8153681975176525	0.9135851443041842
fit-rw_positive-run1-prior1	rw_positive	run1	1.0	none	False	sub-117	dissimilar	2	offer_1	5	0.0	0.23245604085290864	0.2196176268640078	1.1972575090874764e-05	0.16400161736552382	0.6447928322996841
fit-rw_positive-run1-prior1	rw_positive	run1	1.0	none	False	sub-117	dissimilar	2	offer_1_to_3	12	0.5833333333333334	0.5101951136692338	0.1450830651731082	0.17313494726175616	0.5183373483667018	0.7706389495752838
fit-rw_positive-run1-prior1	rw_positive	run1	1.0	none	False	sub-118	computer	1	all	16	0.5	0.5249338424565156	0.05998275414859794	0.39936655239372165	0.5268779218195584	0.6386829046933394
fit-rw_positive-run1-prior1	rw_positive	run1	1.0	none	False	sub-118	computer	1	offer_1	2	0.0	0.2057170356877972	0.0946571592062832	0.04565954237858785	0.2004823567010549	0.3976628989331669
fit-rw_positive-run1-prior1	rw_positive	run1	1.0	none	False	sub-118	computer	1	offer_1_to_3	7	0.42857142857142855	0.2853325198414175	0.09366342911049769	0.1052913208543144	0.2869473552487399	0.4591273739802448
fit-rw_positive-run1-prior1	rw_positive	run1	1.0	none	False	sub-118	computer	2	all	32	0.9375	0.5666398171361505	0.05670233813334197	0.45351543409696554	0.5657673784619468	0.6788862661868036
fit-rw_positive-run1-prior1	rw_positive	run1	1.0	none	False	sub-118	computer	2	offer_1	4	0.75	0.22149165085628078	0.09172663150324684	0.059870268920258395	0.2187063340060531	0.4020504028170209
fit-rw_positive-run1-prior1	rw_positive	run1	1.0	none	False	sub-118	computer	2	offer_1_to_3	10	0.9	0.2999767348488576	0.08771756727479613	0.12522668256497996	0.3031326161733222	0.45738586163694545
fit-rw_positive-run1-prior1	rw_positive	run1	1.0	none	False	sub-118	similar	1	all	24	0.6666666666666666	0.6269080268302561	0.05291859359537093	0.5248261849477154	0.6267809912675375	0.7307770068943883
fit-rw_positive-run1-prior1	rw_positive	run1	1.0	none	False	sub-118	similar	1	offer_1	3	0.3333333333333333	0.2152111290152127	0.08613230082274945	0.06052330636057801	0.21258178378520173	0.3850583659743719
fit-rw_positive-run1-prior1	rw_positive	run1	1.0	none	False	sub-118	similar	1	offer_1_to_3	4	0.25	0.23100543998090173	0.08579482512062883	0.0727890051276765	0.22988035024376008	0.397431360892765
fit-rw_positive-run1-prior1	rw_positive	run1	1.0	none	False	sub-118	similar	2	all	24	0.875	0.5317114140191993	0.05265805230880068	0.4290401578059447	0.5307023222272552	0.6390648668815327
fit-rw_positive-run1-prior1	rw_positive	run1	1.0	none	False	sub-118	similar	2	offer_1	5	1.0	0.2341612836462118	0.08686124117819524	0.07131264964914329	0.23303314095894118	0.4008394514906958
fit-rw_positive-run1-prior1	rw_positive	run1	1.0	none	False	sub-118	similar	2	offer_1_to_3	11	0.8181818181818182	0.30913303137528153	0.08211266403550008	0.14238226773062757	0.3127580120041622	0.456141010723947
fit-rw_positive-run1-prior1	rw_positive	run1	1.0	none	False	sub-118	dissimilar	1	all	32	0.5625	0.5781613628192782	0.049211873667765686	0.48720243497781024	0.5763393247552981	0.6803107185868905
fit-rw_positive-run1-prior1	rw_positive	run1	1.0	none	False	sub-118	dissimilar	1	offer_1	2	0.0	0.03788805604662081	0.049153109124451276	0.00030956712048591466	0.019506228508712968	0.18154706351508265
fit-rw_positive-run1-prior1	rw_positive	run1	1.0	none	False	sub-118	dissimilar	1	offer_1_to_3	11	0.09090909090909091	0.12707071340476964	0.0862385826260562	0.013591113128077904	0.10946380669141187	0.33775020570145536
fit-rw_positive-run1-prior1	rw_positive	run1	1.0	none	False	sub-118	dissimilar	2	all	16	0.875	0.6041191631001024	0.06596307692824337	0.4778461851589002	0.604006830199679	0.7346028184854192
fit-rw_positive-run1-prior1	rw_positive	run1	1.0	none	False	sub-118	dissimilar	2	offer_1	2	1.0	0.04029586044378328	0.04992809579574809	0.0003434498975858111	0.02153794989204806	0.18561043234558125
fit-rw_positive-run1-prior1	rw_positive	run1	1.0	none	False	sub-118	dissimilar	2	offer_1_to_3	4	1.0	0.12363641239352459	0.08125963529427589	0.013631423611750909	0.10829942265113762	0.31873408381174784
fit-rw_positive-run1-prior1	rw_positive	run1	1.0	none	False	sub-121	computer	1	all	32	0.46875	0.5069564904348992	0.044827309182430095	0.42286109524790655	0.5055012623796861	0.6009098804809894
fit-rw_positive-run1-prior1	rw_positive	run1	1.0	none	False	sub-121	computer	1	offer_1	2	0.0	0.015633883878274996	0.027071536243798062	7.31947056242881e-08	0.004692858726153052	0.09355207621220128
fit-rw_positive-run1-prior1	rw_positive	run1	1.0	none	False	sub-121	computer	1	offer_1_to_3	13	0.0	0.03810674984757653	0.05118031774635628	2.259963544369024e-06	0.017872940612731883	0.1856015129000551
fit-rw_positive-run1-prior1	rw_positive	run1	1.0	none	False	sub-121	computer	2	all	16	0.75	0.6506099773122589	0.07717013717602535	0.4935163255380123	0.6617454084684893	0.7731294906780547
fit-rw_positive-run1-prior1	rw_positive	run1	1.0	none	False	sub-121	computer	2	offer_1	2	0.0	0.022846190389220367	0.036640498481470996	4.954023999817213e-07	0.007862982456428275	0.13277279202175815
fit-rw_positive-run1-prior1	rw_positive	run1	1.0	none	False	sub-121	computer	2	offer_1_to_3	5	0.2	0.12521109109745027	0.0951513484097299	0.004378763005219097	0.10557255625800085	0.347588664093485
fit-rw_positive-run1-prior1	rw_positive	run1	1.0	none	False	sub-121	similar	1	all	24	0.5833333333333334	0.549175621841995	0.03954676412160266	0.46747733297705496	0.5498724653946687	0.6260085708396552
fit-rw_positive-run1-prior1	rw_positive	run1	1.0	none	False	sub-121	similar	1	offer_1	6	0.0	0.05239408741867322	0.052339231322547156	0.0009511500790543557	0.03586056816562804	0.19183909373290872
fit-rw_positive-run1-prior1	rw_positive	run1	1.0	none	False	sub-121	similar	1	offer_1_to_3	11	0.09090909090909091	0.10411106027186512	0.06130235112364858	0.017205572189155627	0.09328090881294773	0.2511908236009783
fit-rw_positive-run1-prior1	rw_positive	run1	1.0	none	False	sub-121	similar	2	all	24	0.7916666666666666	0.785779822382208	0.049812696456799165	0.6859953805512865	0.7872087439286598	0.8749008713910116
fit-rw_positive-run1-prior1	rw_positive	run1	1.0	none	False	sub-121	similar	2	offer_1	3	0.0	0.06668969088772106	0.06657816329504214	0.0010596041317892672	0.045013735258571594	0.24755256421357016
fit-rw_positive-run1-prior1	rw_positive	run1	1.0	none	False	sub-121	similar	2	offer_1_to_3	7	0.2857142857142857	0.3357337471447586	0.12573501336939708	0.09942534358510102	0.3345296435995836	0.5776449398892017
fit-rw_positive-run1-prior1	rw_positive	run1	1.0	none	False	sub-121	dissimilar	1	all	16	0.6875	0.6371648761087109	0.04951187237855178	0.5404404647504901	0.6367606524133789	0.7353970769263962
fit-rw_positive-run1-prior1	rw_positive	run1	1.0	none	False	sub-121	dissimilar	1	offer_1	3	0.0	0.05671986685260786	0.055330593630169865	0.0009976829184098787	0.03941321477753075	0.2039626929681961
fit-rw_positive-run1-prior1	rw_positive	run1	1.0	none	False	sub-121	dissimilar	1	offer_1_to_3	6	0.3333333333333333	0.16992138803573634	0.08604633832039149	0.03460005468765054	0.16050267953500336	0.35926881382568376
fit-rw_positive-run1-prior1	rw_positive	run1	1.0	none	False	sub-121	dissimilar	2	all	32	0.65625	0.6872275225868087	0.05961923429250103	0.5765128388441669	0.683418777950662	0.812520780863016
fit-rw_positive-run1-prior1	rw_positive	run1	1.0	none	False	sub-121	dissimilar	2	offer_1	3	0.0	0.11938320094342848	0.09883157131528898	0.0018848156003245604	0.09509885714881026	0.3433088555493261
fit-rw_positive-run1-prior1	rw_positive	run1	1.0	none	False	sub-121	dissimilar	2	offer_1_to_3	11	0.0	0.24134564558820376	0.1268364515434339	0.04036736935307113	0.22849093027001782	0.5071529512195702
fit-rw_positive-run1-prior1	rw_positive	run1	1.0	none	False	sub-122	computer	1	all	32	0.90625	0.8910402577325499	0.034213390842723096	0.8127545324987288	0.8953162669141781	0.9458331854174262
fit-rw_positive-run1-prior1	rw_positive	run1	1.0	none	False	sub-122	computer	1	offer_1	6	0.8333333333333334	0.6333465215203857	0.0723803697180471	0.45345348826440984	0.6396308661537244	0.7562409174289998
fit-rw_positive-run1-prior1	rw_positive	run1	1.0	none	False	sub-122	computer	1	offer_1_to_3	12	0.75	0.7449277684532719	0.06134609334414399	0.6201998575949204	0.7470794278796491	0.8578858046352964
fit-rw_positive-run1-prior1	rw_positive	run1	1.0	none	False	sub-122	computer	2	all	16	0.9375	0.8829833210571801	0.03556261782013151	0.8023712005890085	0.8872311671316921	0.9405237059499097
fit-rw_positive-run1-prior1	rw_positive	run1	1.0	none	False	sub-122	computer	2	offer_1	3	0.6666666666666666	0.6132863000618888	0.09585075822000072	0.35425576918343704	0.6311777720117313	0.7527131371335641
fit-rw_positive-run1-prior1	rw_positive	run1	1.0	none	False	sub-122	computer	2	offer_1_to_3	5	0.8	0.6818212878070304	0.07551685135863173	0.5084022205155694	0.6865417527163582	0.8143486588595228
fit-rw_positive-run1-prior1	rw_positive	run1	1.0	none	False	sub-122	similar	1	all	24	1.0	0.9379925166182436	0.04147004736873765	0.8410605546557545	0.9449952874850991	0.995900170014403
fit-rw_positive-run1-prior1	rw_positive	run1	1.0	none	False	sub-122	similar	1	offer_1	4	1.0	0.7600962872914175	0.12114824979575316	0.5057929387341982	0.761207111805669	0.9759512367854972
fit-rw_positive-run1-prior1	rw_positive	run1	1.0	none	False	sub-122	similar	1	offer_1_to_3	11	1.0	0.8706300485552559	0.08054041681030329	0.6943559157914777	0.8811151460066897	0.9910549812992029
fit-rw_positive-run1-prior1	rw_positive	run1	1.0	none	False	sub-122	similar	2	all	24	0.875	0.9199350728095063	0.047030107882503946	0.8093204273447753	0.9270744144652061	0.9923141278110784
fit-rw_positive-run1-prior1	rw_positive	run1	1.0	none	False	sub-122	similar	2	offer_1	6	0.5	0.6973660479914922	0.17393614712981142	0.2676721923530965	0.7190991882608508	0.9692565131528692
fit-rw_positive-run1-prior1	rw_positive	run1	1.0	none	False	sub-122	similar	2	offer_1_to_3	7	0.5714285714285714	0.7350884424452395	0.1521214659541868	0.3659861127707266	0.7540852874599849	0.9736484382161024
fit-rw_positive-run1-prior1	rw_positive	run1	1.0	none	False	sub-122	dissimilar	1	all	15	0.8	0.9063579329028001	0.04178330093333901	0.8064727562885468	0.9126408762909437	0.9690952982129659
fit-rw_positive-run1-prior1	rw_positive	run1	1.0	none	False	sub-122	dissimilar	1	offer_1	1	0.0	0.6317830721894887	0.10011871862476167	0.37270459853337373	0.6404550368104832	0.7811353255328912
fit-rw_positive-run1-prior1	rw_positive	run1	1.0	none	False	sub-122	dissimilar	1	offer_1_to_3	5	0.4	0.7675180152068758	0.07698909254398974	0.6209277747718123	0.768563337962325	0.9089270883584247
fit-rw_positive-run1-prior1	rw_positive	run1	1.0	none	False	sub-122	dissimilar	2	all	32	0.9375	0.9125534635936986	0.05067689878768911	0.7866222832812834	0.922816193774068	0.979431974188715
fit-rw_positive-run1-prior1	rw_positive	run1	1.0	none	False	sub-122	dissimilar	2	offer_1	1	1.0	0.5243469314338741	0.18172871625803838	0.039250713105430164	0.5813017872512267	0.7574791731393715
fit-rw_positive-run1-prior1	rw_positive	run1	1.0	none	False	sub-122	dissimilar	2	offer_1_to_3	9	0.7777777777777778	0.7792034151829436	0.10817670335471438	0.5133110627245291	0.7938258113134185	0.9312802796525065
fit-rw_positive-run1-prior1	rw_positive	run1	1.0	none	False	sub-124	computer	1	all	31	0.9354838709677419	0.9293012854141905	0.01737475132875188	0.8856247640346004	0.933716510615115	0.9628987781520432
fit-rw_positive-run1-prior1	rw_positive	run1	1.0	none	False	sub-124	computer	1	offer_1	4	0.5	0.4927195347074963	0.0922071584967359	0.29108901548869454	0.4966664056373993	0.7265075224712172
fit-rw_positive-run1-prior1	rw_positive	run1	1.0	none	False	sub-124	computer	1	offer_1_to_3	12	0.8333333333333334	0.8177052621753075	0.044126286152966106	0.7066804157354105	0.828786504837629	0.9043116023603008
fit-rw_positive-run1-prior1	rw_positive	run1	1.0	none	False	sub-124	computer	2	all	16	0.875	0.8521928505577578	0.050875341935459256	0.7170625461899752	0.8714584593946759	0.9363267148607101
fit-rw_positive-run1-prior1	rw_positive	run1	1.0	none	False	sub-124	computer	2	offer_1	2	0.0	0.07511360819742648	0.1489189758051709	7.850545298183071e-18	0.004962559915590973	0.563899497861928
fit-rw_positive-run1-prior1	rw_positive	run1	1.0	none	False	sub-124	computer	2	offer_1_to_3	6	0.6666666666666666	0.6063067965011713	0.13549461034582627	0.2465515060353005	0.6574043689443112	0.830800068245974
fit-rw_positive-run1-prior1	rw_positive	run1	1.0	none	False	sub-124	similar	1	all	24	0.875	0.8855829133601172	0.020096778860176117	0.8570726824701556	0.8775362051692122	0.9408785724987275
fit-rw_positive-run1-prior1	rw_positive	run1	1.0	none	False	sub-124	similar	1	offer_1	3	0.0	0.11219208745322734	0.1584888819050964	1.759758090915309e-11	0.03525427442511911	0.5650183251255659
fit-rw_positive-run1-prior1	rw_positive	run1	1.0	none	False	sub-124	similar	1	offer_1_to_3	10	0.7	0.7259497402074259	0.048141750802532295	0.6593344796307603	0.70633202934778	0.8584313104055338
fit-rw_positive-run1-prior1	rw_positive	run1	1.0	none	False	sub-124	similar	2	all	24	0.9583333333333334	0.8902472764867826	0.05926582748125321	0.7916668695392511	0.8950910516284915	0.9636621560055872
fit-rw_positive-run1-prior1	rw_positive	run1	1.0	none	False	sub-124	similar	2	offer_1	1	0.0	0.029649972022527078	0.0919841581394979	8.642815059693939e-32	5.025440748682332e-05	0.34000802096870236
fit-rw_positive-run1-prior1	rw_positive	run1	1.0	none	False	sub-124	similar	2	offer_1_to_3	6	0.8333333333333334	0.5621237399520523	0.23636536752071313	0.16673561534971718	0.5820828358767454	0.85524450051015
fit-rw_positive-run1-prior1	rw_positive	run1	1.0	none	False	sub-124	dissimilar	1	all	16	1.0	0.9828585465744905	0.023280347235164645	0.9169451689197632	0.9929141534436066	0.9999999980613308
fit-rw_positive-run1-prior1	rw_positive	run1	1.0	none	False	sub-124	dissimilar	1	offer_1	2	1.0	0.8769256347801261	0.15845954297709586	0.43474489290634855	0.9441947035765484	0.9999999844906459
fit-rw_positive-run1-prior1	rw_positive	run1	1.0	none	False	sub-124	dissimilar	1	offer_1_to_3	5	1.0	0.946284856553061	0.07113548690020981	0.7454364543713039	0.9773279790986551	0.9999999937962584
fit-rw_positive-run1-prior1	rw_positive	run1	1.0	none	False	sub-124	dissimilar	2	all	32	0.875	0.8163408756419309	0.07190793505218938	0.6333798037315417	0.8147544830767831	0.9487933217599287
fit-rw_positive-run1-prior1	rw_positive	run1	1.0	none	False	sub-124	dissimilar	2	offer_1	4	0.0	0.05422797600406297	0.15834668848395855	2.1921406147397706e-40	1.4645606745775678e-05	0.6161994462688846
fit-rw_positive-run1-prior1	rw_positive	run1	1.0	none	False	sub-124	dissimilar	2	offer_1_to_3	12	0.6666666666666666	0.5121029453844029	0.18855882400639812	0.031680783859281914	0.5063324240701472	0.8634523574753991
fit-rw_positive-run1-prior1	rw_positive	run1	1.0	none	False	sub-125	computer	1	all	32	0.5625	0.5515477344165497	0.043533441252490035	0.4624402892132408	0.5523966441098346	0.6365044677843131
fit-rw_positive-run1-prior1	rw_positive	run1	1.0	none	False	sub-125	computer	1	offer_1	5	0.0	0.029164296675423165	0.033827092179466944	0.0003300243873837967	0.017390834330810467	0.1222621113593845
fit-rw_positive-run1-prior1	rw_positive	run1	1.0	none	False	sub-125	computer	1	offer_1_to_3	11	0.0	0.07094734315796658	0.05224774013252026	0.006851671021382942	0.058499726031318255	0.2012038829139295
fit-rw_positive-run1-prior1	rw_positive	run1	1.0	none	False	sub-125	computer	2	all	16	0.5625	0.6113287484191438	0.05624872600147243	0.5006529908006478	0.6101068481917358	0.7237527216261459
fit-rw_positive-run1-prior1	rw_positive	run1	1.0	none	False	sub-125	computer	2	offer_1	2	0.0	0.048004409079552904	0.053958847301188495	0.00047415798971110583	0.029005555784305415	0.19938870888288424
fit-rw_positive-run1-prior1	rw_positive	run1	1.0	none	False	sub-125	computer	2	offer_1_to_3	5	0.2	0.10847227443090031	0.08159677979643774	0.00885366839047495	0.08862940293116636	0.31450916936924583
fit-rw_positive-run1-prior1	rw_positive	run1	1.0	none	False	sub-125	similar	1	all	23	0.4782608695652174	0.47598685925299744	0.051827483590198724	0.37835005938410937	0.4744874334428492	0.5807374366909678
fit-rw_positive-run1-prior1	rw_positive	run1	1.0	none	False	sub-125	similar	1	offer_1	5	0.0	0.038202990282315274	0.04308430683884386	0.0006546210986763029	0.023068323782555772	0.15818616594237464
fit-rw_positive-run1-prior1	rw_positive	run1	1.0	none	False	sub-125	similar	1	offer_1_to_3	9	0.1111111111111111	0.09645928321294701	0.062394735651199316	0.013128116763892894	0.08395623318383078	0.2512578784363197
fit-rw_positive-run1-prior1	rw_positive	run1	1.0	none	False	sub-125	similar	2	all	24	0.5833333333333334	0.6604053359787583	0.04881201118727268	0.5556945246913059	0.6631072716135595	0.7486588530277154
fit-rw_positive-run1-prior1	rw_positive	run1	1.0	none	False	sub-125	similar	2	offer_1	4	0.0	0.053634076444255746	0.054249241339030065	0.001063139502191686	0.03595677564525693	0.20186157010595632
fit-rw_positive-run1-prior1	rw_positive	run1	1.0	none	False	sub-125	similar	2	offer_1_to_3	8	0.0	0.13586644744448997	0.08233168039420777	0.0173499431796684	0.12322466762985329	0.3229366276450367
fit-rw_positive-run1-prior1	rw_positive	run1	1.0	none	False	sub-125	dissimilar	1	all	15	0.4666666666666667	0.5297741755597905	0.06594432524720154	0.39183008582630013	0.5317388087797146	0.6544115351464572
fit-rw_positive-run1-prior1	rw_positive	run1	1.0	none	False	sub-125	dissimilar	1	offer_1	1	0.0	0.05015631667033329	0.05794399522304771	0.00042303729164695623	0.028925679687269116	0.2157593567548046
fit-rw_positive-run1-prior1	rw_positive	run1	1.0	none	False	sub-125	dissimilar	1	offer_1_to_3	5	0.2	0.1448531091307941	0.09501397774048972	0.011387572880178665	0.12824916260198058	0.3611017439384074
fit-rw_positive-run1-prior1	rw_positive	run1	1.0	none	False	sub-125	dissimilar	2	all	32	0.5625	0.5702489444601122	0.06821140221742705	0.4305015244836037	0.5733114990629697	0.6894430781838127
fit-rw_positive-run1-prior1	rw_positive	run1	1.0	none	False	sub-125	dissimilar	2	offer_1	7	0.0	0.07861330842004291	0.07159712782006354	0.0022060358682613173	0.057121592051238276	0.26558684525888027
fit-rw_positive-run1-prior1	rw_positive	run1	1.0	none	False	sub-125	dissimilar	2	offer_1_to_3	11	0.0	0.1123781085373947	0.0824230462097659	0.007143690120373187	0.0944269955658868	0.3105556195466142
fit-rw_positive-run1-prior1	rw_positive	run1	1.0	none	False	sub-126	computer	1	all	16	1.0	0.9951984793324072	0.011578110776115178	0.9618800930417659	0.9997115683768378	1.0
fit-rw_positive-run1-prior1	rw_positive	run1	1.0	none	False	sub-126	computer	1	offer_1_to_3	5	1.0	0.9859825622453336	0.03098789403387601	0.890427974511544	0.999077920551547	1.0
fit-rw_positive-run1-prior1	rw_positive	run1	1.0	none	False	sub-126	computer	2	all	32	1.0	0.9937672870440989	0.011341198445975618	0.9643525061987157	0.9981818504335873	0.9999999990917677
fit-rw_positive-run1-prior1	rw_positive	run1	1.0	none	False	sub-126	computer	2	offer_1	1	1.0	0.8973178108469098	0.14485297634962938	0.5304197362716887	0.9494305036574505	0.9999999709365683
fit-rw_positive-run1-prior1	rw_positive	run1	1.0	none	False	sub-126	computer	2	offer_1_to_3	6	1.0	0.9708735293823193	0.04529719897618597	0.8387186985315587	0.9903108450376263	0.9999999951560943
fit-rw_positive-run1-prior1	rw_positive	run1	1.0	none	False	sub-126	similar	1	all	23	1.0	0.9919927814287551	0.012234359576261232	0.9572427310749274	0.9971933344075802	0.9999999997289366
fit-rw_positive-run1-prior1	rw_positive	run1	1.0	none	False	sub-126	similar	1	offer_1	2	1.0	0.9284113152408278	0.09301832156003952	0.6864997023931187	0.9686894794704467	0.9999999968827715
fit-rw_positive-run1-prior1	rw_positive	run1	1.0	none	False	sub-126	similar	1	offer_1_to_3	6	1.0	0.9701060170557444	0.04360248731949636	0.8444052574815535	0.9892414744544115	0.9999999989609238
fit-rw_positive-run1-prior1	rw_positive	run1	1.0	none	False	sub-126	similar	2	all	24	1.0	0.9899994508282912	0.016563092457776554	0.9509999953119214	0.9968779732947202	0.9999999970703691
fit-rw_positive-run1-prior1	rw_positive	run1	1.0	none	False	sub-126	similar	2	offer_1	1	1.0	0.8328279334782281	0.24510987978554857	0.008400248861969275	0.9326958687405992	0.9999999296888674
fit-rw_positive-run1-prior1	rw_positive	run1	1.0	none	False	sub-126	similar	2	offer_1_to_3	8	1.0	0.9712993040340856	0.04608766355374468	0.8668487603992078	0.9906432819756308	0.999999991211107
fit-rw_positive-run1-prior1	rw_positive	run1	1.0	none	False	sub-126	dissimilar	1	all	32	1.0	0.988682246770466	0.016123663943476415	0.9425132217901848	0.9955702747358194	0.9999999990481205
fit-rw_positive-run1-prior1	rw_positive	run1	1.0	none	False	sub-126	dissimilar	1	offer_1	5	1.0	0.9345655087321331	0.08755899817977073	0.689733236861906	0.972044775173412	0.9999999939079708
fit-rw_positive-run1-prior1	rw_positive	run1	1.0	none	False	sub-126	dissimilar	1	offer_1_to_3	11	1.0	0.9673583780450398	0.04587809676293427	0.8352627588224185	0.9871136235168787	0.9999999972308959
fit-rw_positive-run1-prior1	rw_positive	run1	1.0	none	False	sub-126	dissimilar	2	all	15	1.0	0.9884933017864017	0.01660143245466751	0.9405867917451629	0.9955251199519847	0.999999998729905
fit-rw_positive-run1-prior1	rw_positive	run1	1.0	none	False	sub-126	dissimilar	2	offer_1	2	1.0	0.9241511398559223	0.10407570056147451	0.6342878238751227	0.9671343152769344	0.9999999904742871
fit-rw_positive-run1-prior1	rw_positive	run1	1.0	none	False	sub-126	dissimilar	2	offer_1_to_3	5	1.0	0.9658494360988057	0.048562222761361816	0.8246285366246424	0.9865753725829076	0.9999999961897149
fit-rw_positive-run1-prior1	rw_positive	run1	1.0	none	False	sub-127	computer	1	all	31	0.3548387096774194	0.35784762517272006	0.027598057668293766	0.2967637794220213	0.35623264088718787	0.4156377013987706
fit-rw_positive-run1-prior1	rw_positive	run1	1.0	none	False	sub-127	computer	1	offer_1	3	0.0	2.657618648581494e-05	0.00048295727533759957	2.798846051184871e-53	2.9161897306996623e-14	6.255838491270554e-05
fit-rw_positive-run1-prior1	rw_positive	run1	1.0	none	False	sub-127	computer	1	offer_1_to_3	9	0.0	9.611348646590186e-05	0.0011380144939554628	4.188949010553999e-37	1.4897958119056393e-10	0.0005217106430975216
fit-rw_positive-run1-prior1	rw_positive	run1	1.0	none	False	sub-127	computer	2	all	16	0.375	0.3823276165993201	0.0281247936922912	0.32182774627701605	0.37954287422763133	0.43764872447034653
fit-rw_positive-run1-prior1	rw_positive	run1	1.0	none	False	sub-127	computer	2	offer_1_to_3	4	0.0	0.0001867880843890329	0.001991860945618166	2.2667118770346374e-36	4.710949338955756e-10	0.0011521889421765104
fit-rw_positive-run1-prior1	rw_positive	run1	1.0	none	False	sub-127	similar	1	all	24	0.20833333333333334	0.22198198327516783	0.030023828931604435	0.17261636671275696	0.21486138164650176	0.2947511798039865
fit-rw_positive-run1-prior1	rw_positive	run1	1.0	none	False	sub-127	similar	1	offer_1	6	0.0	6.95511485579782e-05	0.0010568541318447466	2.558748075584297e-53	3.697791954723368e-13	0.00017193249326919038
fit-rw_positive-run1-prior1	rw_positive	run1	1.0	none	False	sub-127	similar	1	offer_1_to_3	10	0.0	0.00016591558845238715	0.001805779504940376	1.3160186048038747e-37	5.742137136123341e-10	0.0008333341472302969
fit-rw_positive-run1-prior1	rw_positive	run1	1.0	none	False	sub-127	similar	2	all	24	0.375	0.41148266120825777	0.052559292347792344	0.32339855670870826	0.3999179413866194	0.5262935524493577
fit-rw_positive-run1-prior1	rw_positive	run1	1.0	none	False	sub-127	similar	2	offer_1	1	0.0	8.668872855314768e-05	0.0012436433033124377	1.6378155910140831e-52	7.241400579675769e-13	0.00022589008346970334
fit-rw_positive-run1-prior1	rw_positive	run1	1.0	none	False	sub-127	similar	2	offer_1_to_3	5	0.0	0.0002557864209265879	0.0026385153463059385	4.472542830200578e-37	8.812074189677516e-10	0.0013150064177039067
fit-rw_positive-run1-prior1	rw_positive	run1	1.0	none	False	sub-127	dissimilar	1	all	16	0.4375	0.4014529495754631	0.0495737581833547	0.2958025648720348	0.40562629619865476	0.4898668419015721
fit-rw_positive-run1-prior1	rw_positive	run1	1.0	none	False	sub-127	dissimilar	1	offer_1	2	0.0	0.00045572422813967427	0.002914183241379238	3.543524591664663e-14	1.2809048977957764e-06	0.004030348150386045
fit-rw_positive-run1-prior1	rw_positive	run1	1.0	none	False	sub-127	dissimilar	1	offer_1_to_3	3	0.0	0.0006875157801663998	0.0037120906923856513	2.7397210085119924e-12	5.638575306500168e-06	0.006340244993269762
fit-rw_positive-run1-prior1	rw_positive	run1	1.0	none	False	sub-127	dissimilar	2	all	32	0.375	0.4350796135840678	0.042671555451073685	0.3466557811598101	0.43505216262948465	0.5211621503528043
fit-rw_positive-run1-prior1	rw_positive	run1	1.0	none	False	sub-127	dissimilar	2	offer_1	3	0.0	0.0005824746488220329	0.003605678601987329	7.123749837200031e-14	2.0433964252099916e-06	0.005358864780036311
fit-rw_positive-run1-prior1	rw_positive	run1	1.0	none	False	sub-127	dissimilar	2	offer_1_to_3	10	0.0	0.0029011133587535445	0.010358993222730727	1.8154045497474034e-09	0.00013227689327091345	0.027005162544334885
fit-rw_positive-run1-prior1	rw_positive	run1	1.0	none	False	sub-128	computer	1	all	32	0.0625	0.060393755192291204	0.01781755157517464	0.021184367226865015	0.06241271756169572	0.10213400344354252
fit-rw_positive-run1-prior1	rw_positive	run1	1.0	none	False	sub-128	computer	1	offer_1	7	0.0	2.2839152852926445e-06	9.042078145526614e-05	9.01026413680693e-213	9.176492236639045e-33	6.61491895644913e-08
fit-rw_positive-run1-prior1	rw_positive	run1	1.0	none	False	sub-128	computer	1	offer_1_to_3	12	0.0	4.199984932135343e-06	0.00013812416040952146	5.264108100290435e-165	3.563434874389086e-26	5.801326408401502e-07
fit-rw_positive-run1-prior1	rw_positive	run1	1.0	none	False	sub-128	computer	2	all	16	0.0625	0.06295408186377716	0.01860698639666118	0.024165467073724856	0.0624999090016644	0.11495291258904362
fit-rw_positive-run1-prior1	rw_positive	run1	1.0	none	False	sub-128	computer	2	offer_1_to_3	5	0.0	6.261145750290699e-06	0.0002462721227427222	3.684827864301139e-183	4.223936436597884e-28	8.139711978981035e-07
fit-rw_positive-run1-prior1	rw_positive	run1	1.0	none	False	sub-128	similar	1	all	24	0.08333333333333333	0.0795985688171362	0.021204466261043747	0.027946432895799338	0.0831642768878463	0.11975175168721157
fit-rw_positive-run1-prior1	rw_positive	run1	1.0	none	False	sub-128	similar	1	offer_1_to_3	8	0.0	4.5374817226928486e-05	0.0006717397202241371	3.5716766464187464e-152	1.434333939139175e-21	7.138392279250618e-05
fit-rw_positive-run1-prior1	rw_positive	run1	1.0	none	False	sub-128	similar	2	all	24	0.125	0.21410363127670837	0.10335367429873982	0.08534529291060922	0.17791753447292635	0.4166525070564422
fit-rw_positive-run1-prior1	rw_positive	run1	1.0	none	False	sub-128	similar	2	offer_1	3	0.0	2.1157986888207593e-05	0.0003959294644601207	4.598814453601692e-195	3.671332476547917e-27	9.84099770606195e-06
fit-rw_positive-run1-prior1	rw_positive	run1	1.0	none	False	sub-128	similar	2	offer_1_to_3	5	0.0	4.553617987315025e-05	0.0007421604180212661	1.9495780730278938e-150	2.063015590106265e-21	5.5450652672285e-05
fit-rw_positive-run1-prior1	rw_positive	run1	1.0	none	False	sub-128	dissimilar	1	all	16	0.0	0.016088950028873058	0.026607075188395658	5.963809760452958e-22	0.002433905587382959	0.09329952515084368
fit-rw_positive-run1-prior1	rw_positive	run1	1.0	none	False	sub-128	dissimilar	1	offer_1	4	0.0	8.03652892027999e-06	0.00030726613475477656	8.8782008502262e-262	2.300884153581864e-37	1.2736711061994435e-07
fit-rw_positive-run1-prior1	rw_positive	run1	1.0	none	False	sub-128	dissimilar	1	offer_1_to_3	4	0.0	8.03652892027999e-06	0.00030726613475477656	8.8782008502262e-262	2.300884153581864e-37	1.2736711061994435e-07
fit-rw_positive-run1-prior1	rw_positive	run1	1.0	none	False	sub-128	dissimilar	2	all	32	0.125	0.050809718021886434	0.055683496813303354	4.2170751830600103e-16	0.030854063964110445	0.1590234786382543
fit-rw_positive-run1-prior1	rw_positive	run1	1.0	none	False	sub-128	dissimilar	2	offer_1	5	0.0	1.5313537639546284e-05	0.0008322394047883851	9.034712025844248e-252	1.3465279498364348e-35	3.608894273869645e-07
fit-rw_positive-run1-prior1	rw_positive	run1	1.0	none	False	sub-128	dissimilar	2	offer_1_to_3	10	0.0	3.1056633937633353e-05	0.0012611059348656328	4.8365791526020566e-197	2.552562264884064e-28	5.140206257559822e-06
fit-rw_positive-run1-prior1	rw_positive	run1	1.0	none	False	sub-129	computer	1	all	31	0.5483870967741935	0.5594355982719924	0.030762082144453237	0.49917598930099766	0.5585270889321909	0.6218930466162919
fit-rw_positive-run1-prior1	rw_positive	run1	1.0	none	False	sub-129	computer	1	offer_1	5	0.0	0.007132120218991517	0.014763710741170168	1.0533909370770078e-06	0.0016573487345676423	0.04862566019956154
fit-rw_positive-run1-prior1	rw_positive	run1	1.0	none	False	sub-129	computer	1	offer_1_to_3	12	0.0	0.031682997996118095	0.03491741662586112	0.0006278129780463789	0.01996474665339127	0.1286943078520944
fit-rw_positive-run1-prior1	rw_positive	run1	1.0	none	False	sub-129	computer	2	all	16	0.5625	0.5888264179256987	0.0378784761126554	0.5203120357222614	0.5864683614347888	0.6711845110847587
fit-rw_positive-run1-prior1	rw_positive	run1	1.0	none	False	sub-129	computer	2	offer_1	4	0.0	0.009373808835277657	0.01774043410530138	3.24952500214159e-06	0.002592311315013674	0.059975248425641364
fit-rw_positive-run1-prior1	rw_positive	run1	1.0	none	False	sub-129	computer	2	offer_1_to_3	6	0.0	0.05330131769189823	0.04929796970606226	0.0016585775262322282	0.0386429302126145	0.18235156621120022
fit-rw_positive-run1-prior1	rw_positive	run1	1.0	none	False	sub-129	similar	1	all	24	0.5	0.49899705058196187	0.03558694768604346	0.43975454064795844	0.49519637682544193	0.580074776351526
fit-rw_positive-run1-prior1	rw_positive	run1	1.0	none	False	sub-129	similar	1	offer_1	2	0.0	0.0038609224874537568	0.011099760973258297	8.765317180459165e-10	0.00031753765886868574	0.0322752093425449
fit-rw_positive-run1-prior1	rw_positive	run1	1.0	none	False	sub-129	similar	1	offer_1_to_3	11	0.0	0.0472645171611982	0.050504046276803556	0.00030811907278955795	0.030208015331816624	0.1853017334707712
fit-rw_positive-run1-prior1	rw_positive	run1	1.0	none	False	sub-129	similar	2	all	24	0.6666666666666666	0.6959787093048305	0.02991550105346545	0.6435666954505564	0.6931433118885838	0.7673807445880476
fit-rw_positive-run1-prior1	rw_positive	run1	1.0	none	False	sub-129	similar	2	offer_1	2	0.0	0.005917384016485443	0.015856028257399447	1.6118688939482753e-09	0.0005503354012551843	0.05022856426574609
fit-rw_positive-run1-prior1	rw_positive	run1	1.0	none	False	sub-129	similar	2	offer_1_to_3	7	0.0	0.06149980003823087	0.06783243153693355	0.0003549618477645184	0.03785638118176106	0.25186560800031677
fit-rw_positive-run1-prior1	rw_positive	run1	1.0	none	False	sub-129	dissimilar	1	all	16	0.625	0.6280592846412868	0.05241218033926742	0.5343904060841533	0.6243862785050058	0.7380669302272944
fit-rw_positive-run1-prior1	rw_positive	run1	1.0	none	False	sub-129	dissimilar	1	offer_1	1	0.0	0.0041797122211938795	0.014514725569945186	4.9490015149412915e-14	8.510912016051586e-05	0.04038593936494115
fit-rw_positive-run1-prior1	rw_positive	run1	1.0	none	False	sub-129	dissimilar	1	offer_1_to_3	3	0.0	0.022735008619438418	0.03810667714206478	6.128489799910071e-07	0.006771282697648208	0.13732148533836147
fit-rw_positive-run1-prior1	rw_positive	run1	1.0	none	False	sub-129	dissimilar	2	all	32	0.53125	0.6181219544047647	0.04748491202914259	0.5469734073266506	0.6087900567404683	0.7306399050777718
fit-rw_positive-run1-prior1	rw_positive	run1	1.0	none	False	sub-129	dissimilar	2	offer_1	3	0.0	0.007095944173011015	0.0199605029075565	3.450588596625225e-11	0.0003631584858814458	0.06281459777252565
fit-rw_positive-run1-prior1	rw_positive	run1	1.0	none	False	sub-129	dissimilar	2	offer_1_to_3	11	0.0	0.056927255184394066	0.0719647590916779	8.155122779397152e-05	0.026354088019512268	0.253586472229609
fit-rw_positive-run1-prior1	rw_positive	run1	1.0	none	False	sub-130	computer	1	all	15	0.9333333333333333	0.8839598416985193	0.04352653433484627	0.7810307257583121	0.890009170547671	0.951430843205524
fit-rw_positive-run1-prior1	rw_positive	run1	1.0	none	False	sub-130	computer	1	offer_1	3	1.0	0.6712325476218468	0.06365474087065294	0.5599242075695104	0.6677833780625493	0.8039967810857099
fit-rw_positive-run1-prior1	rw_positive	run1	1.0	none	False	sub-130	computer	1	offer_1_to_3	7	1.0	0.771034737143607	0.06778545415301218	0.6369138247713482	0.7729919208938316	0.8960893617540773
fit-rw_positive-run1-prior1	rw_positive	run1	1.0	none	False	sub-130	computer	2	all	32	1.0	0.9204544953361783	0.04089723565633426	0.8185163145533919	0.9284993871832731	0.9764027867258934
fit-rw_positive-run1-prior1	rw_positive	run1	1.0	none	False	sub-130	computer	2	offer_1	2	1.0	0.6691725142213192	0.06492142768486327	0.5536907410506401	0.6662252612684589	0.802805409589921
fit-rw_positive-run1-prior1	rw_positive	run1	1.0	none	False	sub-130	computer	2	offer_1_to_3	9	1.0	0.7847397396959874	0.07246976349415331	0.6415142043178613	0.7866072456344437	0.9178776092877644
fit-rw_positive-run1-prior1	rw_positive	run1	1.0	none	False	sub-130	similar	1	all	24	1.0	0.9628526304849844	0.02748999841576708	0.8980187818864632	0.9671278301210148	0.9991748495695607
fit-rw_positive-run1-prior1	rw_positive	run1	1.0	none	False	sub-130	similar	1	offer_1	4	1.0	0.8134527913810377	0.11489306273488356	0.5889181434093143	0.8168883051252773	0.995055280479113
fit-rw_positive-run1-prior1	rw_positive	run1	1.0	none	False	sub-130	similar	1	offer_1_to_3	6	1.0	0.8605631574371103	0.09243171287915886	0.6665680855547162	0.8693098926426797	0.9966993984807196
fit-rw_positive-run1-prior1	rw_positive	run1	1.0	none	False	sub-130	similar	2	all	24	1.0	0.9592847005418039	0.03363688128688315	0.8761973812025267	0.9673732168682054	0.99917668659907
fit-rw_positive-run1-prior1	rw_positive	run1	1.0	none	False	sub-130	similar	2	offer_1	3	1.0	0.7726349853113763	0.15882955488228473	0.3760652381799657	0.7893271069547431	0.9934428262471712
fit-rw_positive-run1-prior1	rw_positive	run1	1.0	none	False	sub-130	similar	2	offer_1_to_3	8	1.0	0.8883307940440703	0.08319347446127216	0.6927466655343827	0.9040898096406844	0.9975300609850442
fit-rw_positive-run1-prior1	rw_positive	run1	1.0	none	False	sub-130	dissimilar	1	all	32	1.0	0.9744402589965911	0.02172981715597005	0.9190972334337197	0.9796379151373575	0.9995336883725948
fit-rw_positive-run1-prior1	rw_positive	run1	1.0	none	False	sub-130	dissimilar	1	offer_1	3	1.0	0.8208666291771407	0.11102257568839037	0.5955965375363742	0.8264142103375397	0.9950373009370308
fit-rw_positive-run1-prior1	rw_positive	run1	1.0	none	False	sub-130	dissimilar	1	offer_1_to_3	10	1.0	0.9229191725794544	0.05961052185736513	0.7788227591608826	0.9353720513850519	0.9985078030318254
fit-rw_positive-run1-prior1	rw_positive	run1	1.0	none	False	sub-130	dissimilar	2	all	16	1.0	0.9619600723193118	0.030525261624415823	0.8846542048413634	0.9691811916983708	0.9991641424116289
fit-rw_positive-run1-prior1	rw_positive	run1	1.0	none	False	sub-130	dissimilar	2	offer_1	2	1.0	0.7500727620924104	0.1965600983829284	0.18949807033216634	0.7889820435356913	0.9933357970619029
fit-rw_positive-run1-prior1	rw_positive	run1	1.0	none	False	sub-130	dissimilar	2	offer_1_to_3	4	1.0	0.8562552271498868	0.11142609699256872	0.5608220241241463	0.8790307825216668	0.9966565711693288
fit-rw_positive-run1-prior1	rw_positive	run1	1.0	none	False	sub-132	computer	1	all	31	0.967741935483871	0.9792538650720747	0.01670906642643193	0.9379216719324711	0.9833711037000488	0.9984465950267306
fit-rw_positive-run1-prior1	rw_positive	run1	1.0	none	False	sub-132	computer	1	offer_1	2	0.5	0.7883189707823824	0.1393066323057997	0.41946906799546047	0.8080550827435968	0.9765040800646401
fit-rw_positive-run1-prior1	rw_positive	run1	1.0	none	False	sub-132	computer	1	offer_1_to_3	9	0.8888888888888888	0.9329097740086345	0.048698010458094375	0.8138572698250616	0.9436120376086873	0.9946495337380507
fit-rw_positive-run1-prior1	rw_positive	run1	1.0	none	False	sub-132	computer	2	all	16	1.0	0.9692157230831326	0.025588229310952927	0.9069067477380447	0.9752192037473774	0.9982163483567815
fit-rw_positive-run1-prior1	rw_positive	run1	1.0	none	False	sub-132	computer	2	offer_1	1	1.0	0.7087071942286229	0.22515594321916835	0.07961968589549262	0.7713941861632203	0.9734710160395518
fit-rw_positive-run1-prior1	rw_positive	run1	1.0	none	False	sub-132	computer	2	offer_1_to_3	5	1.0	0.9053857923001981	0.07587842534982013	0.7305027142452151	0.9217347948859675	0.994292531486782
fit-rw_positive-run1-prior1	rw_positive	run1	1.0	none	False	sub-132	similar	1	all	24	1.0	0.9783085317169616	0.022741365605865302	0.9180766435386074	0.98533146366787	0.9999686464795091
fit-rw_positive-run1-prior1	rw_positive	run1	1.0	none	False	sub-132	similar	1	offer_1	4	1.0	0.8891270589448897	0.10316824116717653	0.635060519285335	0.9157549977732912	0.9998118965818552
fit-rw_positive-run1-prior1	rw_positive	run1	1.0	none	False	sub-132	similar	1	offer_1_to_3	10	1.0	0.9489615850694864	0.05170296594800562	0.8107982730814486	0.9648079006102805	0.9999247515508227
fit-rw_positive-run1-prior1	rw_positive	run1	1.0	none	False	sub-132	similar	2	all	24	1.0	0.9812497918238261	0.022317644403389045	0.9192835417484481	0.9886715256771876	0.9999677304771294
fit-rw_positive-run1-prior1	rw_positive	run1	1.0	none	False	sub-132	similar	2	offer_1	2	1.0	0.8123347126487309	0.21061418460517925	0.1158444127610529	0.8775946136958976	0.9996129126008562
fit-rw_positive-run1-prior1	rw_positive	run1	1.0	none	False	sub-132	similar	2	offer_1_to_3	6	1.0	0.9262016961583324	0.0871033643522306	0.6832959198561301	0.9547565599045882	0.9998709219085254
fit-rw_positive-run1-prior1	rw_positive	run1	1.0	none	False	sub-132	dissimilar	1	all	16	1.0	0.9829101114916039	0.02008125095156239	0.9299686180706493	0.9896966983522226	0.9999864357097569
fit-rw_positive-run1-prior1	rw_positive	run1	1.0	none	False	sub-132	dissimilar	1	offer_1	1	1.0	0.8355318316332984	0.16072664541902257	0.40287402979950293	0.8770238465111795	0.9997831125582997
fit-rw_positive-run1-prior1	rw_positive	run1	1.0	none	False	sub-132	dissimilar	1	offer_1_to_3	6	1.0	0.9557372155990455	0.04925439848375941	0.8251634962328661	0.97257235578956	0.9999638285593523
fit-rw_positive-run1-prior1	rw_positive	run1	1.0	none	False	sub-132	dissimilar	2	all	32	1.0	0.9626598174840035	0.03891699337393203	0.8597685638743849	0.9739488734361645	0.999924883839269
fit-rw_positive-run1-prior1	rw_positive	run1	1.0	none	False	sub-132	dissimilar	2	offer_1	5	1.0	0.8020194410385081	0.18730402775294275	0.2863513081737587	0.8492666216020157	0.9995193848109218
fit-rw_positive-run1-prior1	rw_positive	run1	1.0	none	False	sub-132	dissimilar	2	offer_1_to_3	11	1.0	0.8930018387951939	0.1104645377938825	0.6013192341260843	0.9243329643910208	0.9997814802596989
fit-rw_positive-run1-prior1	rw_positive	run1	1.0	none	False	sub-133	computer	1	all	32	1.0	0.9749951855965616	0.021052316369865483	0.9226021733176427	0.9797480440471287	0.9997001268374746
fit-rw_positive-run1-prior1	rw_positive	run1	1.0	none	False	sub-133	computer	1	offer_1	3	1.0	0.815480254716734	0.12646444461127238	0.5220640403138666	0.8284726170257148	0.9968015654739588
fit-rw_positive-run1-prior1	rw_positive	run1	1.0	none	False	sub-133	computer	1	offer_1_to_3	10	1.0	0.9234832107755055	0.060123978558049296	0.7809431021212577	0.9355884204360703	0.9990404058799275
fit-rw_positive-run1-prior1	rw_positive	run1	1.0	none	False	sub-133	computer	2	all	16	1.0	0.9643228819319601	0.02808161489442664	0.8959691659966387	0.9701442324459284	0.9995381010874402
fit-rw_positive-run1-prior1	rw_positive	run1	1.0	none	False	sub-133	computer	2	offer_1	2	1.0	0.7765076550358506	0.17013373047430386	0.3335921433155181	0.8062476561036549	0.9963106812061833
fit-rw_positive-run1-prior1	rw_positive	run1	1.0	none	False	sub-133	computer	2	offer_1_to_3	6	1.0	0.9064731608259764	0.0721219000963135	0.7347955946955308	0.920641102335948	0.9987682695968015
fit-rw_positive-run1-prior1	rw_positive	run1	1.0	none	False	sub-133	similar	1	all	24	0.9166666666666666	0.921160629556651	0.03812175321557427	0.8366497026071994	0.925608776415576	0.9812093151652771
fit-rw_positive-run1-prior1	rw_positive	run1	1.0	none	False	sub-133	similar	1	offer_1	6	0.6666666666666666	0.7233156075424524	0.1279587851837212	0.42437233819637843	0.7388259654947817	0.9267059023359802
fit-rw_positive-run1-prior1	rw_positive	run1	1.0	none	False	sub-133	similar	1	offer_1_to_3	11	0.8181818181818182	0.8313838253610716	0.07896913618197335	0.6601950276246418	0.8394304134602666	0.9590097035901843
fit-rw_positive-run1-prior1	rw_positive	run1	1.0	none	False	sub-133	similar	2	all	24	1.0	0.9510780669846904	0.025020097888255675	0.8947058651508394	0.9543864383851555	0.9895013112213372
fit-rw_positive-run1-prior1	rw_positive	run1	1.0	none	False	sub-133	similar	2	offer_1	3	1.0	0.6689552471163822	0.16372048649940948	0.28287748873798624	0.6951725094055817	0.9200781180745912
fit-rw_positive-run1-prior1	rw_positive	run1	1.0	none	False	sub-133	similar	2	offer_1_to_3	5	1.0	0.7746847739494818	0.1100701298365613	0.52848110137407	0.7868375917997845	0.949640825824305
fit-rw_positive-run1-prior1	rw_positive	run1	1.0	none	False	sub-133	dissimilar	1	all	14	0.9285714285714286	0.9472983066155661	0.03250636249690866	0.8728275517872209	0.952452264051815	0.9935088794131428
fit-rw_positive-run1-prior1	rw_positive	run1	1.0	none	False	sub-133	dissimilar	1	offer_1	2	0.5	0.7059960492252677	0.17313576421116142	0.2625000960341725	0.7346162350838463	0.9553509627784571
fit-rw_positive-run1-prior1	rw_positive	run1	1.0	none	False	sub-133	dissimilar	1	offer_1_to_3	6	0.8333333333333334	0.8805515836463953	0.07012876585578486	0.722817017800561	0.8901767511634193	0.984854852576873
fit-rw_positive-run1-prior1	rw_positive	run1	1.0	none	False	sub-133	dissimilar	2	all	32	1.0	0.9757949587694329	0.020697067524036005	0.9164622122878823	0.9804983657287848	0.998197903980835
fit-rw_positive-run1-prior1	rw_positive	run1	1.0	none	False	sub-133	dissimilar	2	offer_1	1	1.0	0.5752385611261112	0.2649168076970971	0.006004610293839928	0.6410187812609133	0.9474336277403321
fit-rw_positive-run1-prior1	rw_positive	run1	1.0	none	False	sub-133	dissimilar	2	offer_1_to_3	6	1.0	0.8880974747387044	0.08320571423040028	0.6628107175728677	0.9030296446335135	0.9903953033408331
fit-rw_positive-run1-prior1	rw_positive	run1	1.0	none	False	sub-134	computer	1	all	31	0.967741935483871	0.9510845292528217	0.030736635402776987	0.8751787916476831	0.9573450492904023	0.9919527170037701
fit-rw_positive-run1-prior1	rw_positive	run1	1.0	none	False	sub-134	computer	1	offer_1_to_3	8	1.0	0.8775057729373839	0.060286739839178594	0.7454629781852223	0.8841283724373739	0.9733813992878422
fit-rw_positive-run1-prior1	rw_positive	run1	1.0	none	False	sub-134	computer	2	all	15	0.8666666666666667	0.8636802780914845	0.036688737218992414	0.7984777652447564	0.8631280996262392	0.9346422988583516
fit-rw_positive-run1-prior1	rw_positive	run1	1.0	none	False	sub-134	computer	2	offer_1	3	0.3333333333333333	0.3995623273372395	0.17692593702702075	0.0521604784058261	0.4096896492630321	0.7025741143222446
fit-rw_positive-run1-prior1	rw_positive	run1	1.0	none	False	sub-134	computer	2	offer_1_to_3	3	0.3333333333333333	0.3995623273372395	0.17692593702702075	0.0521604784058261	0.4096896492630321	0.7025741143222446
fit-rw_positive-run1-prior1	rw_positive	run1	1.0	none	False	sub-134	similar	1	all	23	0.9130434782608695	0.9087463064372393	0.03380774519957554	0.8274745594176945	0.9131595489448345	0.9653015411423185
fit-rw_positive-run1-prior1	rw_positive	run1	1.0	none	False	sub-134	similar	1	offer_1	2	0.0	0.32386738780318425	0.2114580237512833	0.004293562991617886	0.31046517372264937	0.7421440294232643
fit-rw_positive-run1-prior1	rw_positive	run1	1.0	none	False	sub-134	similar	1	offer_1_to_3	11	0.8181818181818182	0.8124571979685614	0.06635639155367483	0.658824153421156	0.8192292398421861	0.9275536276347774
fit-rw_positive-run1-prior1	rw_positive	run1	1.0	none	False	sub-134	similar	2	all	22	0.9545454545454546	0.9432672662031998	0.022511963448788162	0.8877798767976677	0.9484977238617555	0.9775479273802853
fit-rw_positive-run1-prior1	rw_positive	run1	1.0	none	False	sub-134	similar	2	offer_1	1	0.0	0.22850114416224668	0.21023773689434616	5.187481945373053e-05	0.17314448164115048	0.7062228436723748
fit-rw_positive-run1-prior1	rw_positive	run1	1.0	none	False	sub-134	similar	2	offer_1_to_3	4	0.75	0.7072539438010967	0.10324059212634935	0.4568116651717542	0.7262850619674596	0.8785796479153182
fit-rw_positive-run1-prior1	rw_positive	run1	1.0	none	False	sub-134	dissimilar	1	all	15	0.8666666666666667	0.8672610489712682	0.04126850480071228	0.7937251092173836	0.8659199294027609	0.9489852147836056
fit-rw_positive-run1-prior1	rw_positive	run1	1.0	none	False	sub-134	dissimilar	1	offer_1	3	0.3333333333333333	0.4167668356230348	0.1886679142180973	0.06647158505646712	0.4183585948918297	0.7671318766014225
fit-rw_positive-run1-prior1	rw_positive	run1	1.0	none	False	sub-134	dissimilar	1	offer_1_to_3	4	0.5	0.5277705986770055	0.14704633120479654	0.25875027821078905	0.527665455721291	0.8114875041871802
fit-rw_positive-run1-prior1	rw_positive	run1	1.0	none	False	sub-134	dissimilar	2	all	29	0.9310344827586207	0.8700029020081905	0.04360130538941184	0.7622922543950471	0.8713853873100702	0.9474671407806806
fit-rw_positive-run1-prior1	rw_positive	run1	1.0	none	False	sub-134	dissimilar	2	offer_1	4	0.5	0.25967356490443616	0.20268171956893782	0.00020687988495509744	0.23135020773474582	0.6954584463651147
fit-rw_positive-run1-prior1	rw_positive	run1	1.0	none	False	sub-134	dissimilar	2	offer_1_to_3	10	0.8	0.643150362739619	0.11441248273996474	0.3641347561040589	0.643066457075801	0.8512968369840643
fit-rw_positive-run1-prior1	rw_positive	run1	1.0	none	False	sub-135	computer	1	all	28	0.17857142857142858	0.18998928192362674	0.054114785408533574	0.09270336149820987	0.18661110305413453	0.3040893800007153
fit-rw_positive-run1-prior1	rw_positive	run1	1.0	none	False	sub-135	computer	1	offer_1	2	0.0	0.00982120550875898	0.017770353340289893	4.446310992278396e-06	0.0030168557594232276	0.061126434867087645
fit-rw_positive-run1-prior1	rw_positive	run1	1.0	none	False	sub-135	computer	1	offer_1_to_3	10	0.0	0.020082138975816614	0.027434307265900144	7.122280663993283e-05	0.009732637367307333	0.09848993055853619
fit-rw_positive-run1-prior1	rw_positive	run1	1.0	none	False	sub-135	computer	2	all	13	0.15384615384615385	0.19227881838054095	0.047147523538446146	0.10196455258467108	0.19171857834954603	0.2849089567549936
fit-rw_positive-run1-prior1	rw_positive	run1	1.0	none	False	sub-135	computer	2	offer_1	2	0.0	0.010916587629901765	0.01926493901476881	5.465237318901266e-06	0.0034301917184849655	0.06624711174445554
fit-rw_positive-run1-prior1	rw_positive	run1	1.0	none	False	sub-135	computer	2	offer_1_to_3	5	0.0	0.01623711519129708	0.024368114061396478	3.3732091873304694e-05	0.006824989028993217	0.08610442639237374
fit-rw_positive-run1-prior1	rw_positive	run1	1.0	none	False	sub-135	similar	1	all	21	0.09523809523809523	0.14002389381566707	0.05783640567994567	0.04393580319413238	0.13457787857623307	0.2704771748667426
fit-rw_positive-run1-prior1	rw_positive	run1	1.0	none	False	sub-135	similar	1	offer_1	3	0.0	0.006842435523005264	0.019098288899646116	6.930708485737143e-16	0.0003132216437122997	0.0594359656248044
fit-rw_positive-run1-prior1	rw_positive	run1	1.0	none	False	sub-135	similar	1	offer_1_to_3	8	0.0	0.011876374808548891	0.026384585796797092	1.6684735273352957e-12	0.0013711813864706471	0.08942451901529937
fit-rw_positive-run1-prior1	rw_positive	run1	1.0	none	False	sub-135	similar	2	all	24	0.125	0.20247315638023314	0.08335238651680477	0.06864500473179062	0.1917214925724675	0.39255945627873046
fit-rw_positive-run1-prior1	rw_positive	run1	1.0	none	False	sub-135	similar	2	offer_1	2	0.0	0.0077519370241511155	0.020813242629069674	1.586734832895343e-15	0.00041051505271523373	0.06666586245706323
fit-rw_positive-run1-prior1	rw_positive	run1	1.0	none	False	sub-135	similar	2	offer_1_to_3	5	0.0	0.01127956345523222	0.02586068327935049	1.552429062653015e-12	0.0011577772014234483	0.08765051767818978
fit-rw_positive-run1-prior1	rw_positive	run1	1.0	none	False	sub-135	dissimilar	1	all	15	0.4	0.30695631479622126	0.05874726786741777	0.19722959921706765	0.30502135953079706	0.42446148920833665
fit-rw_positive-run1-prior1	rw_positive	run1	1.0	none	False	sub-135	dissimilar	1	offer_1	4	0.25	0.1051230471883639	0.06769371890735652	0.013414452709697528	0.09186397705168173	0.2677606684055316
fit-rw_positive-run1-prior1	rw_positive	run1	1.0	none	False	sub-135	dissimilar	1	offer_1_to_3	7	0.42857142857142855	0.12415483671157981	0.07036680817341677	0.021692856184158782	0.11295159097122259	0.2872161958323432
fit-rw_positive-run1-prior1	rw_positive	run1	1.0	none	False	sub-135	dissimilar	2	all	31	0.12903225806451613	0.33583582584649724	0.06458564688145037	0.2140053056230295	0.3344353270031275	0.46561189301919775
fit-rw_positive-run1-prior1	rw_positive	run1	1.0	none	False	sub-135	dissimilar	2	offer_1	5	0.0	0.11575972176322978	0.0716461113561482	0.01591411505343157	0.10276078883758921	0.2854470653992829
fit-rw_positive-run1-prior1	rw_positive	run1	1.0	none	False	sub-135	dissimilar	2	offer_1_to_3	9	0.0	0.13157178282154747	0.07377945628427214	0.022831027973902525	0.12030345484058165	0.3010832202746775
fit-rw_positive-run1-prior1	rw_positive	run1	1.0	none	False	sub-136	computer	1	all	32	0.71875	0.7156451903640331	0.01821739492622116	0.6795601188099737	0.7176459191385112	0.749217326344306
fit-rw_positive-run1-prior1	rw_positive	run1	1.0	none	False	sub-136	computer	1	offer_1	4	0.0	0.0009470778796188755	0.00576580018940633	7.689466174383963e-45	8.314919827149974e-08	0.00893412706280956
fit-rw_positive-run1-prior1	rw_positive	run1	1.0	none	False	sub-136	computer	1	offer_1_to_3	10	0.1	0.09844122977390574	0.05139949691015687	0.009729792301591432	0.09921945835425686	0.20158959486989178
fit-rw_positive-run1-prior1	rw_positive	run1	1.0	none	False	sub-136	computer	2	all	16	0.875	0.6811260014041192	0.056402902799855624	0.5894044294525819	0.6711391407957652	0.7979489986497258
fit-rw_positive-run1-prior1	rw_positive	run1	1.0	none	False	sub-136	computer	2	offer_1	3	0.6666666666666666	0.0008977352575995486	0.00578149024984549	6.331885788984542e-52	2.6559154403145668e-08	0.008241329564962896
fit-rw_positive-run1-prior1	rw_positive	run1	1.0	none	False	sub-136	computer	2	offer_1_to_3	6	0.6666666666666666	0.1596970353992959	0.141978322294062	3.809933597063824e-09	0.1303031427606543	0.4628681118702614
fit-rw_positive-run1-prior1	rw_positive	run1	1.0	none	False	sub-136	similar	1	all	24	0.5833333333333334	0.590007534577196	0.02555002852781945	0.541380834273019	0.5839117856418148	0.6571364994969494
fit-rw_positive-run1-prior1	rw_positive	run1	1.0	none	False	sub-136	similar	1	offer_1	3	0.0	0.00018372353002519718	0.0026189257378009157	9.96213187842022e-60	1.3573935316825589e-11	0.0007748187926506743
fit-rw_positive-run1-prior1	rw_positive	run1	1.0	none	False	sub-136	similar	1	offer_1_to_3	10	0.0	0.03389173999464216	0.05401001196072785	5.993314521898334e-12	0.009058715098928962	0.19404220515403475
fit-rw_positive-run1-prior1	rw_positive	run1	1.0	none	False	sub-136	similar	2	all	24	0.875	0.7172444813787165	0.017859130898106392	0.6985536026671879	0.7097376007464127	0.7713317429630618
fit-rw_positive-run1-prior1	rw_positive	run1	1.0	none	False	sub-136	similar	2	offer_1	3	0.0	0.0002607186216046467	0.003268279392145142	3.343285878296632e-58	5.89579929210405e-11	0.0012673850853982152
fit-rw_positive-run1-prior1	rw_positive	run1	1.0	none	False	sub-136	similar	2	offer_1_to_3	7	0.5714285714285714	0.03691344961071095	0.06006969823839357	1.665162436518567e-12	0.009343469218861044	0.22113043948758362
fit-rw_positive-run1-prior1	rw_positive	run1	1.0	none	False	sub-136	dissimilar	1	all	16	0.6875	0.6885133094387749	0.026530270347777638	0.6270817755643758	0.6875013519460796	0.7503956757631164
fit-rw_positive-run1-prior1	rw_positive	run1	1.0	none	False	sub-136	dissimilar	1	offer_1	1	0.0	0.0005276897304610838	0.004834627703728306	1.2250734833165831e-67	3.0661527369900665e-11	0.0032789664299975475
fit-rw_positive-run1-prior1	rw_positive	run1	1.0	none	False	sub-136	dissimilar	1	offer_1_to_3	5	0.0	0.03766740394634763	0.061028624866346214	1.1683684538793195e-13	0.008017367020019974	0.2195413689903709
fit-rw_positive-run1-prior1	rw_positive	run1	1.0	none	False	sub-136	dissimilar	2	all	32	0.9375	0.6683517553237389	0.030280048359771192	0.6173405425565984	0.6580984974105801	0.7544550248121696
fit-rw_positive-run1-prior1	rw_positive	run1	1.0	none	False	sub-136	dissimilar	2	offer_1	4	0.5	0.000821316013425187	0.006559827957705448	2.7651038294720243e-58	3.489823430843045e-10	0.006018201318190152
fit-rw_positive-run1-prior1	rw_positive	run1	1.0	none	False	sub-136	dissimilar	2	offer_1_to_3	11	0.8181818181818182	0.0527465619237515	0.07856437267146393	1.3375854440826065e-12	0.014774642691356626	0.29099631259028497
fit-rw_positive-run1-prior1	rw_positive	run1	1.0	none	False	sub-137	computer	1	all	16	0.4375	0.4441313384963729	0.0352666360675774	0.3660597869878978	0.44212051107492434	0.5121923997901149
fit-rw_positive-run1-prior1	rw_positive	run1	1.0	none	False	sub-137	computer	1	offer_1	2	0.0	0.00020392188444367235	0.001998472004254426	2.263207264598767e-40	6.072948096994907e-10	0.0011703930708470791
fit-rw_positive-run1-prior1	rw_positive	run1	1.0	none	False	sub-137	computer	1	offer_1_to_3	4	0.0	0.0011243825974523905	0.005886584520961108	5.286900331302321e-26	9.726186749518423e-07	0.01085029105388519
fit-rw_positive-run1-prior1	rw_positive	run1	1.0	none	False	sub-137	computer	2	all	32	0.46875	0.44968932278195833	0.034131338344017964	0.37683022465062177	0.4470132901682492	0.5172066254266066
fit-rw_positive-run1-prior1	rw_positive	run1	1.0	none	False	sub-137	computer	2	offer_1	4	0.0	0.0002450991281732489	0.002303622036672808	2.7023210480313462e-39	1.0434999228940618e-09	0.0014694347336542703
fit-rw_positive-run1-prior1	rw_positive	run1	1.0	none	False	sub-137	computer	2	offer_1_to_3	10	0.0	0.0011524706455557769	0.006110706910708717	1.2119447800079063e-25	1.0119581881730621e-06	0.011080644362436902
fit-rw_positive-run1-prior1	rw_positive	run1	1.0	none	False	sub-137	similar	1	all	23	0.6086956521739131	0.593199896399928	0.0397285784840978	0.5079217776549162	0.5963252717176493	0.6595715166322859
fit-rw_positive-run1-prior1	rw_positive	run1	1.0	none	False	sub-137	similar	1	offer_1	1	0.0	0.0008025816683965387	0.003813613248988927	6.739949905513534e-12	1.1649582298617724e-05	0.007447544183157928
fit-rw_positive-run1-prior1	rw_positive	run1	1.0	none	False	sub-137	similar	1	offer_1_to_3	4	0.0	0.004169423943002963	0.010804156269834149	8.81534570073103e-08	0.0005383257960831294	0.03280823434054493
fit-rw_positive-run1-prior1	rw_positive	run1	1.0	none	False	sub-137	similar	2	all	23	0.391304347826087	0.38691205247363525	0.028375637032012093	0.33624981315411523	0.38488506513115484	0.45269529954934856
fit-rw_positive-run1-prior1	rw_positive	run1	1.0	none	False	sub-137	similar	2	offer_1	3	0.0	0.001124107193369231	0.004883402598947259	2.1071371096535413e-11	2.158267410843281e-05	0.01065055459830431
fit-rw_positive-run1-prior1	rw_positive	run1	1.0	none	False	sub-137	similar	2	offer_1_to_3	11	0.0	0.00636244619401411	0.015276353890616124	2.0431081383544156e-07	0.0009623891749291516	0.04961603029393851
fit-rw_positive-run1-prior1	rw_positive	run1	1.0	none	False	sub-137	dissimilar	1	all	32	0.4375	0.4421622002807843	0.027814556527555684	0.3795611419757394	0.4406107603808703	0.4972238722720491
fit-rw_positive-run1-prior1	rw_positive	run1	1.0	none	False	sub-137	dissimilar	1	offer_1	6	0.0	7.702184158097557e-05	0.0011012873274586913	5.886976672140558e-48	3.5872533277943126e-13	0.0002725671551644105
fit-rw_positive-run1-prior1	rw_positive	run1	1.0	none	False	sub-137	dissimilar	1	offer_1_to_3	13	0.0	0.0003882679559090591	0.003040673168965209	5.877007287918867e-31	5.325322158612765e-09	0.003027150018837637
fit-rw_positive-run1-prior1	rw_positive	run1	1.0	none	False	sub-137	dissimilar	2	all	16	0.4375	0.46334770821516275	0.023381424750834726	0.4375163041943394	0.4582625068691674	0.5154121478582776
fit-rw_positive-run1-prior1	rw_positive	run1	1.0	none	False	sub-137	dissimilar	2	offer_1	1	0.0	0.00013305464427668755	0.001655159688049841	1.1561067170371407e-46	1.0236035989722849e-12	0.0005111343813981258
fit-rw_positive-run1-prior1	rw_positive	run1	1.0	none	False	sub-137	dissimilar	2	offer_1_to_3	5	0.0	0.0006388858410749643	0.004949647749868642	5.8223517634583095e-30	1.0381357532420403e-08	0.005168524560278886
fit-rw_positive-run1-prior1	rw_positive	run1	1.0	none	False	sub-138	computer	1	all	15	1.0	0.8289413012363813	0.07025388484110559	0.6872764275313004	0.8293616425170761	0.9635129058993217
fit-rw_positive-run1-prior1	rw_positive	run1	1.0	none	False	sub-138	computer	1	offer_1	3	1.0	0.4611925258140138	0.1647883130396165	0.1802504701503756	0.4455248256150491	0.8254701618361276
fit-rw_positive-run1-prior1	rw_positive	run1	1.0	none	False	sub-138	computer	1	offer_1_to_3	6	1.0	0.6348060442765154	0.12424543962475565	0.4101454279983259	0.6222202761804774	0.908869989478222
fit-rw_positive-run1-prior1	rw_positive	run1	1.0	none	False	sub-138	computer	2	all	28	0.5357142857142857	0.7478295655774941	0.07435944031595865	0.6197342651562908	0.7404401702497786	0.9130980406274067
fit-rw_positive-run1-prior1	rw_positive	run1	1.0	none	False	sub-138	computer	2	offer_1	5	0.0	0.25607170676006946	0.17570632193296426	0.003772680050753183	0.24058079094953047	0.6508637100642661
fit-rw_positive-run1-prior1	rw_positive	run1	1.0	none	False	sub-138	computer	2	offer_1_to_3	11	0.0	0.4371782777516889	0.1595349771569259	0.16665867554361138	0.42772892601718804	0.7846688881556881
fit-rw_positive-run1-prior1	rw_positive	run1	1.0	none	False	sub-138	similar	1	all	22	0.7272727272727273	0.7663611282555923	0.05238260693876225	0.6666015726568706	0.7649868293765265	0.8713449450852145
fit-rw_positive-run1-prior1	rw_positive	run1	1.0	none	False	sub-138	similar	1	offer_1	1	0.0	0.2813917714670825	0.1353417730273088	0.0543347012752067	0.2703237385750555	0.5591499844023984
fit-rw_positive-run1-prior1	rw_positive	run1	1.0	none	False	sub-138	similar	1	offer_1_to_3	6	0.3333333333333333	0.379987279963612	0.13653473025077567	0.13427962658719086	0.3715541550007013	0.6496721005473038
fit-rw_positive-run1-prior1	rw_positive	run1	1.0	none	False	sub-138	similar	2	all	22	0.8181818181818182	0.7560325570826587	0.053530296779768956	0.6437206340395514	0.759739899324011	0.8484685273318081
fit-rw_positive-run1-prior1	rw_positive	run1	1.0	none	False	sub-138	similar	2	offer_1	3	0.6666666666666666	0.2747433875983102	0.12196099949563666	0.06404354179207332	0.26726333268653457	0.5442225477396885
fit-rw_positive-run1-prior1	rw_positive	run1	1.0	none	False	sub-138	similar	2	offer_1_to_3	7	0.5714285714285714	0.4468906834816393	0.09870173047328928	0.2386066523063321	0.4507570038970199	0.6339551062510885
fit-rw_positive-run1-prior1	rw_positive	run1	1.0	none	False	sub-138	dissimilar	1	all	31	0.7096774193548387	0.7639288279053926	0.04681657831219421	0.6709617320619304	0.7642841878724969	0.8541016266515908
fit-rw_positive-run1-prior1	rw_positive	run1	1.0	none	False	sub-138	dissimilar	1	offer_1	3	0.0	0.18679283504149638	0.1416955353411918	0.00857152490946773	0.15505402169009147	0.5413564256452876
fit-rw_positive-run1-prior1	rw_positive	run1	1.0	none	False	sub-138	dissimilar	1	offer_1_to_3	10	0.4	0.45092014494593236	0.11083549929605999	0.2420126106874705	0.44647409264545657	0.6683344119206153
fit-rw_positive-run1-prior1	rw_positive	run1	1.0	none	False	sub-138	dissimilar	2	all	16	1.0	0.7718802805270725	0.055886266687245875	0.6585939687584949	0.7731014842865098	0.8778285374228999
fit-rw_positive-run1-prior1	rw_positive	run1	1.0	none	False	sub-138	dissimilar	2	offer_1_to_3	5	1.0	0.46945688273939595	0.13501345487548558	0.19625800268524093	0.4716605925227144	0.724264798264606
fit-rw_positive-run1-prior1	rw_positive	run1	1.0	none	False	sub-140	computer	1	all	16	0.8125	0.7939930476127952	0.06024066635468458	0.6652231774823733	0.7984319317862447	0.8989637043309326
fit-rw_positive-run1-prior1	rw_positive	run1	1.0	none	False	sub-140	computer	1	offer_1	1	1.0	0.43609826876215085	0.15639384314810872	0.10262938824630424	0.4656967824175545	0.6658078000284458
fit-rw_positive-run1-prior1	rw_positive	run1	1.0	none	False	sub-140	computer	1	offer_1_to_3	6	0.5	0.5625816835206956	0.10876978148312322	0.31692273416756317	0.5719985027514999	0.7536092218931629
fit-rw_positive-run1-prior1	rw_positive	run1	1.0	none	False	sub-140	computer	2	all	31	0.8064516129032258	0.757572975762893	0.06458341340019842	0.6352112321326614	0.7561130162070713	0.8838894660905842
fit-rw_positive-run1-prior1	rw_positive	run1	1.0	none	False	sub-140	computer	2	offer_1	3	0.3333333333333333	0.24979109214701384	0.1795605319036935	0.0021348305966971365	0.2308736638891669	0.6029852300461204
fit-rw_positive-run1-prior1	rw_positive	run1	1.0	none	False	sub-140	computer	2	offer_1_to_3	11	0.5454545454545454	0.4590515351419819	0.15021237228641332	0.1646113549902089	0.46270643567711867	0.7276231664115078
fit-rw_positive-run1-prior1	rw_positive	run1	1.0	none	False	sub-140	similar	1	all	24	0.7916666666666666	0.8234281768124538	0.045042714372035705	0.7270212473126318	0.8267326530471286	0.9028450930311821
fit-rw_positive-run1-prior1	rw_positive	run1	1.0	none	False	sub-140	similar	1	offer_1	2	0.5	0.40682908772833315	0.14515981989887505	0.09800888985593285	0.43294316865874183	0.6177566032357975
fit-rw_positive-run1-prior1	rw_positive	run1	1.0	none	False	sub-140	similar	1	offer_1_to_3	6	0.3333333333333333	0.491706876293986	0.11876028327888805	0.21895318281928103	0.5097339139716495	0.6859608282548338
fit-rw_positive-run1-prior1	rw_positive	run1	1.0	none	False	sub-140	similar	2	all	24	0.7916666666666666	0.7391054977724808	0.06387208717326014	0.6089942153950665	0.7409375492960626	0.8583822210046607
fit-rw_positive-run1-prior1	rw_positive	run1	1.0	none	False	sub-140	similar	2	offer_1	3	0.3333333333333333	0.2682213717515959	0.15916916660884503	0.012607791129624665	0.25636121196463846	0.59099791585109
fit-rw_positive-run1-prior1	rw_positive	run1	1.0	none	False	sub-140	similar	2	offer_1_to_3	9	0.4444444444444444	0.47926926730136377	0.12298377119879655	0.2229778128424662	0.4851149853161629	0.6988184664620253
fit-rw_positive-run1-prior1	rw_positive	run1	1.0	none	False	sub-140	dissimilar	1	all	31	0.7096774193548387	0.7062774220759366	0.05109565410433597	0.6084131575060653	0.7054616574833571	0.8106263415338367
fit-rw_positive-run1-prior1	rw_positive	run1	1.0	none	False	sub-140	dissimilar	1	offer_1	6	0.6666666666666666	0.3643202447684675	0.10622450496080946	0.16694075485521337	0.3593770699830413	0.5756604506872008
fit-rw_positive-run1-prior1	rw_positive	run1	1.0	none	False	sub-140	dissimilar	1	offer_1_to_3	11	0.45454545454545453	0.4289336853851556	0.09498949147671713	0.25000944377883605	0.4248391312279264	0.6152341797504685
fit-rw_positive-run1-prior1	rw_positive	run1	1.0	none	False	sub-140	dissimilar	2	all	16	0.8125	0.7622307538098515	0.0507319431341463	0.6563556262478093	0.7649102531999071	0.8568709150156051
fit-rw_positive-run1-prior1	rw_positive	run1	1.0	none	False	sub-140	dissimilar	2	offer_1	1	0.0	0.3443393875481947	0.11099577914634824	0.1385308468340314	0.339532982490814	0.5700808923901454
fit-rw_positive-run1-prior1	rw_positive	run1	1.0	none	False	sub-140	dissimilar	2	offer_1_to_3	5	0.4	0.5355603972664779	0.07108793092783469	0.39639288763061575	0.5325823504589398	0.6806476123954456
fit-rw_positive-run1-prior1	rw_positive	run1	1.0	none	False	sub-141	computer	1	all	31	0.967741935483871	0.9027750649185885	0.03043591850852147	0.8329921369086374	0.9066210815622352	0.9511059543340228
fit-rw_positive-run1-prior1	rw_positive	run1	1.0	none	False	sub-141	computer	1	offer_1	7	1.0	0.6740446364760541	0.05975945044297662	0.5586904204814416	0.6722173710122602	0.7945879097469811
fit-rw_positive-run1-prior1	rw_positive	run1	1.0	none	False	sub-141	computer	1	offer_1_to_3	11	1.0	0.7552107105024194	0.057256404235468183	0.6417510596740281	0.7561009146273401	0.8634834969356503
fit-rw_positive-run1-prior1	rw_positive	run1	1.0	none	False	sub-141	computer	2	all	15	1.0	0.9184461538278595	0.03324227595851505	0.8400781053619505	0.923691698646044	0.9675396186797662
fit-rw_positive-run1-prior1	rw_positive	run1	1.0	none	False	sub-141	computer	2	offer_1	2	1.0	0.6677205100786308	0.06645175523980115	0.5246282792097836	0.6685170351899241	0.7933626503497213
fit-rw_positive-run1-prior1	rw_positive	run1	1.0	none	False	sub-141	computer	2	offer_1_to_3	6	1.0	0.82074970846011	0.057840143496389086	0.6991624445927571	0.8250979369499998	0.9198766212817542
fit-rw_positive-run1-prior1	rw_positive	run1	1.0	none	False	sub-141	similar	1	all	24	1.0	0.9678077054167038	0.02853288851386353	0.8937352312958804	0.9752184212926375	0.9994111460479231
fit-rw_positive-run1-prior1	rw_positive	run1	1.0	none	False	sub-141	similar	1	offer_1	2	1.0	0.8130569731593164	0.11337078890396556	0.5798750984239953	0.8177009746420486	0.9930566492155322
fit-rw_positive-run1-prior1	rw_positive	run1	1.0	none	False	sub-141	similar	1	offer_1_to_3	11	1.0	0.9325137207717161	0.056466142128327984	0.7908353437555866	0.9462752148471495	0.9987152281769915
fit-rw_positive-run1-prior1	rw_positive	run1	1.0	none	False	sub-141	similar	2	all	24	1.0	0.980496378449475	0.01721502206948868	0.9364455726197136	0.9848712126443577	0.9995812267111367
fit-rw_positive-run1-prior1	rw_positive	run1	1.0	none	False	sub-141	similar	2	offer_1	1	1.0	0.7448398835152824	0.19027653066380798	0.19211563106713708	0.7778628951212863	0.9901406122827804
fit-rw_positive-run1-prior1	rw_positive	run1	1.0	none	False	sub-141	similar	2	offer_1_to_3	6	1.0	0.9270274273458499	0.058579592600087334	0.7862105463680896	0.9403331057495424	0.9983249101091465
fit-rw_positive-run1-prior1	rw_positive	run1	1.0	none	False	sub-141	dissimilar	1	all	16	1.0	0.9710125397169627	0.02719740391249956	0.9002017494936294	0.9783383809971782	0.9996007915188937
fit-rw_positive-run1-prior1	rw_positive	run1	1.0	none	False	sub-141	dissimilar	1	offer_1	1	1.0	0.7808452532201727	0.13544731536821938	0.48337183192004696	0.787733702950894	0.9936762312847308
fit-rw_positive-run1-prior1	rw_positive	run1	1.0	none	False	sub-141	dissimilar	1	offer_1_to_3	4	1.0	0.9010140137800574	0.07565736335788022	0.7263207623935249	0.9160615588455401	0.9984031661450306
fit-rw_positive-run1-prior1	rw_positive	run1	1.0	none	False	sub-141	dissimilar	2	all	32	1.0	0.9592598489104348	0.0335992250378631	0.8758896053318553	0.9668661665129442	0.9992268210567512
fit-rw_positive-run1-prior1	rw_positive	run1	1.0	none	False	sub-141	dissimilar	2	offer_1	3	1.0	0.7595928148547207	0.1507243768767421	0.4000869544600777	0.7698418418089181	0.9918498818656607
fit-rw_positive-run1-prior1	rw_positive	run1	1.0	none	False	sub-141	dissimilar	2	offer_1_to_3	12	1.0	0.898041170482729	0.07651662443840175	0.722082976082561	0.9125812069316378	0.9979381902316509
fit-rw_positive-run1-prior1	rw_positive	run1	1.0	none	False	sub-142	computer	1	all	31	1.0	0.9645110275056447	0.03011696757695526	0.8908508943714878	0.9714509357305026	0.9997902363807141
fit-rw_positive-run1-prior1	rw_positive	run1	1.0	none	False	sub-142	computer	1	offer_1	7	1.0	0.8594620954479972	0.10981554918733806	0.6089840856837961	0.8791305825050779	0.9990710469644251
fit-rw_positive-run1-prior1	rw_positive	run1	1.0	none	False	sub-142	computer	1	offer_1_to_3	12	1.0	0.9094606815159714	0.0751345517762571	0.7276465282416831	0.9262638485431332	0.999458110650178
fit-rw_positive-run1-prior1	rw_positive	run1	1.0	none	False	sub-142	computer	2	all	16	1.0	0.9756576271148251	0.022919656547847316	0.917248921840586	0.98189886285594	0.9999233765830116
fit-rw_positive-run1-prior1	rw_positive	run1	1.0	none	False	sub-142	computer	2	offer_1	2	1.0	0.846134515813475	0.1247251380198657	0.5499596413163383	0.869560357497541	0.9993873795565169
fit-rw_positive-run1-prior1	rw_positive	run1	1.0	none	False	sub-142	computer	2	offer_1_to_3	6	1.0	0.9362949148014286	0.0578490058756635	0.7890273462641116	0.9517765443432091	0.9997956708880541
fit-rw_positive-run1-prior1	rw_positive	run1	1.0	none	False	sub-142	similar	1	all	24	0.875	0.9105837886571884	0.03754642578072329	0.8299433691812134	0.9141222568110321	0.9725739086484032
fit-rw_positive-run1-prior1	rw_positive	run1	1.0	none	False	sub-142	similar	1	offer_1	5	0.4	0.6267000760890461	0.1724385394216286	0.2177999949298312	0.6646994562600644	0.8777885312151171
fit-rw_positive-run1-prior1	rw_positive	run1	1.0	none	False	sub-142	similar	1	offer_1_to_3	9	0.6666666666666666	0.7684082502477849	0.0959363819095066	0.5557521489657222	0.7773823374727917	0.92700316063736
fit-rw_positive-run1-prior1	rw_positive	run1	1.0	none	False	sub-142	similar	2	all	24	1.0	0.9710008362916523	0.016897715764838877	0.926709980482147	0.9737990280881796	0.9941084717038654
fit-rw_positive-run1-prior1	rw_positive	run1	1.0	none	False	sub-142	similar	2	offer_1	1	1.0	0.5930729415573929	0.19730238183080692	0.14428318644170524	0.6329713921882587	0.8891027777562875
fit-rw_positive-run1-prior1	rw_positive	run1	1.0	none	False	sub-142	similar	2	offer_1_to_3	6	1.0	0.8910457419597382	0.05395062991492838	0.7623929164922157	0.8970684999229912	0.9764648067496767
fit-rw_positive-run1-prior1	rw_positive	run1	1.0	none	False	sub-142	dissimilar	1	all	16	0.9375	0.939911788709945	0.03452836384074491	0.8622490295680932	0.9450667467959861	0.9917876600394957
fit-rw_positive-run1-prior1	rw_positive	run1	1.0	none	False	sub-142	dissimilar	1	offer_1	3	0.6666666666666666	0.7114101268924651	0.16393333966156545	0.3139668087497776	0.736985076569924	0.9566762930031313
fit-rw_positive-run1-prior1	rw_positive	run1	1.0	none	False	sub-142	dissimilar	1	offer_1_to_3	5	0.8	0.8132223163167197	0.10399031446570008	0.5783853874690855	0.8267545685301749	0.9737221958754382
fit-rw_positive-run1-prior1	rw_positive	run1	1.0	none	False	sub-142	dissimilar	2	all	32	0.96875	0.9249473624514054	0.04516941184461503	0.8300474702174335	0.9316229517436694	0.9916375622302143
fit-rw_positive-run1-prior1	rw_positive	run1	1.0	none	False	sub-142	dissimilar	2	offer_1	5	0.8	0.5843545456839512	0.248233235698653	0.02729389202371015	0.6353552906822496	0.9474548126134844
fit-rw_positive-run1-prior1	rw_positive	run1	1.0	none	False	sub-142	dissimilar	2	offer_1_to_3	13	0.9230769230769231	0.8177776049672503	0.10863748982656882	0.5911824386482286	0.833169829243781	0.9794155495019243
fit-rw_positive-run1-prior1	rw_positive	run1	1.0	none	False	sub-143	computer	1	all	32	0.90625	0.9057076976780801	0.024952021901408945	0.8491208080135381	0.9068234132893018	0.952502197854456
fit-rw_positive-run1-prior1	rw_positive	run1	1.0	none	False	sub-143	computer	1	offer_1	3	0.0	0.24310252591292625	0.18337551667703866	0.0011206823704854071	0.21757638098027585	0.6575908776155336
fit-rw_positive-run1-prior1	rw_positive	run1	1.0	none	False	sub-143	computer	1	offer_1_to_3	11	0.7272727272727273	0.7321536618156192	0.06743766591758517	0.5841488630588794	0.7322021775727194	0.8637092907026169
fit-rw_positive-run1-prior1	rw_positive	run1	1.0	none	False	sub-143	computer	2	all	16	0.875	0.9212201379292014	0.026277191071427612	0.8575937128496982	0.9276537608057034	0.9604850089485832
fit-rw_positive-run1-prior1	rw_positive	run1	1.0	none	False	sub-143	computer	2	offer_1	1	0.0	0.13777413096158458	0.16699638811505604	2.993715242674037e-06	0.06812279758802578	0.5933648976621606
fit-rw_positive-run1-prior1	rw_positive	run1	1.0	none	False	sub-143	computer	2	offer_1_to_3	5	0.6	0.7569753129204435	0.07513367256718509	0.5812759114975863	0.7738172828541909	0.8761892905965185
fit-rw_positive-run1-prior1	rw_positive	run1	1.0	none	False	sub-143	similar	1	all	24	0.8333333333333334	0.8132381176572595	0.047735721342977315	0.7224434723161224	0.8115000643257533	0.9094170555594246
fit-rw_positive-run1-prior1	rw_positive	run1	1.0	none	False	sub-143	similar	1	offer_1	6	0.5	0.39202827692208014	0.15236628529279742	0.12065335721457068	0.38475912590631484	0.6943346153445037
fit-rw_positive-run1-prior1	rw_positive	run1	1.0	none	False	sub-143	similar	1	offer_1_to_3	12	0.6666666666666666	0.6353131242192877	0.09118906912286957	0.46424868393432195	0.6315570897909835	0.820333750433628
fit-rw_positive-run1-prior1	rw_positive	run1	1.0	none	False	sub-143	similar	2	all	24	1.0	0.9609752395229769	0.031035431463496934	0.8788954857890922	0.9686008911088503	0.9969735671588522
fit-rw_positive-run1-prior1	rw_positive	run1	1.0	none	False	sub-143	similar	2	offer_1_to_3	4	1.0	0.8236065085078996	0.12549238111346026	0.4916694852155849	0.8495950021535825	0.9826134764742441
fit-rw_positive-run1-prior1	rw_positive	run1	1.0	none	False	sub-143	dissimilar	1	all	16	0.9375	0.9510129865684521	0.03227054713416405	0.8777604974189714	0.9566487338588747	0.9952484988053724
fit-rw_positive-run1-prior1	rw_positive	run1	1.0	none	False	sub-143	dissimilar	1	offer_1_to_3	3	0.6666666666666666	0.7784197603458777	0.13763184194545353	0.4520365924690353	0.801301272466387	0.9754118284331177
fit-rw_positive-run1-prior1	rw_positive	run1	1.0	none	False	sub-143	dissimilar	2	all	32	0.84375	0.8606789213489217	0.04984869349415027	0.7487946028608161	0.8680429350062066	0.9428194229090419
fit-rw_positive-run1-prior1	rw_positive	run1	1.0	none	False	sub-143	dissimilar	2	offer_1	3	0.3333333333333333	0.14588511656460246	0.1752320000770628	9.846938416197846e-09	0.06697240015803876	0.59040012688824
fit-rw_positive-run1-prior1	rw_positive	run1	1.0	none	False	sub-143	dissimilar	2	offer_1_to_3	9	0.4444444444444444	0.5247538307059297	0.17244246412322417	0.12929978029016873	0.5536465651171742	0.8055116155574592
fit-rw_positive-run1-prior1	rw_positive	run1	1.0	none	False	sub-144	computer	1	all	32	0.28125	0.2814233849815434	0.0188712298173374	0.24901759419494746	0.28114129717293634	0.32802812028920075
fit-rw_positive-run1-prior1	rw_positive	run1	1.0	none	False	sub-144	computer	1	offer_1	3	0.0	3.058900256721009e-06	7.913887961631844e-05	5.595949263626716e-87	2.9463008004127173e-19	2.122201472705393e-06
fit-rw_positive-run1-prior1	rw_positive	run1	1.0	none	False	sub-144	computer	1	offer_1_to_3	11	0.0	1.483704500466656e-05	0.00024607981964301786	2.52619917701529e-61	3.2890119262545035e-14	3.969438583746853e-05
fit-rw_positive-run1-prior1	rw_positive	run1	1.0	none	False	sub-144	computer	2	all	16	0.25	0.2623913252394808	0.044486154008312954	0.19481052581911837	0.25094271432020565	0.39556522207880634
fit-rw_positive-run1-prior1	rw_positive	run1	1.0	none	False	sub-144	computer	2	offer_1	1	0.0	5.031856626397191e-06	0.00013691533715957043	1.2539866999875421e-85	8.626964462469769e-19	3.4447785231499297e-06
fit-rw_positive-run1-prior1	rw_positive	run1	1.0	none	False	sub-144	computer	2	offer_1_to_3	5	0.0	2.97126373215248e-05	0.00047075522153837836	6.215906683040955e-60	1.2780141136095915e-13	9.35640983751229e-05
fit-rw_positive-run1-prior1	rw_positive	run1	1.0	none	False	sub-144	similar	1	all	23	0.21739130434782608	0.21705625597058667	0.02596665121636508	0.1614180481232964	0.2173631543106933	0.2768109219506822
fit-rw_positive-run1-prior1	rw_positive	run1	1.0	none	False	sub-144	similar	1	offer_1	5	0.0	1.8423600784299144e-05	0.00045791529096025663	2.6462245491496066e-84	1.0569802567637106e-18	1.1851096082721536e-05
fit-rw_positive-run1-prior1	rw_positive	run1	1.0	none	False	sub-144	similar	1	offer_1_to_3	11	0.0	6.849062043177904e-05	0.0010441499800961612	8.759942460503344e-59	2.0585034091042598e-13	0.00021001794530089524
fit-rw_positive-run1-prior1	rw_positive	run1	1.0	none	False	sub-144	similar	2	all	24	0.4583333333333333	0.464477364443496	0.037536117466601515	0.38283338660104815	0.4592887896715745	0.5409940642500827
fit-rw_positive-run1-prior1	rw_positive	run1	1.0	none	False	sub-144	similar	2	offer_1_to_3	4	0.0	0.00016074674340214675	0.0019996018537103044	3.095055068797372e-57	1.0620351220264668e-12	0.0006461269593992775
fit-rw_positive-run1-prior1	rw_positive	run1	1.0	none	False	sub-144	dissimilar	1	all	16	0.1875	0.19427773426597575	0.04171041091933697	0.12554156627458593	0.19322894961885048	0.27725483398555884
fit-rw_positive-run1-prior1	rw_positive	run1	1.0	none	False	sub-144	dissimilar	1	offer_1_to_3	3	0.0	6.849955014031771e-05	0.001061086370091052	5.096700836468007e-49	2.097770246334265e-12	0.00020295237678434166
fit-rw_positive-run1-prior1	rw_positive	run1	1.0	none	False	sub-144	dissimilar	2	all	32	0.375	0.36587362789684463	0.0467796915455694	0.2636365030488205	0.376241206532674	0.4376977500830369
fit-rw_positive-run1-prior1	rw_positive	run1	1.0	none	False	sub-144	dissimilar	2	offer_1	3	0.0	3.176612171771478e-05	0.000662374860912098	5.985012593639742e-66	1.0671304257934887e-15	4.182671917661148e-05
fit-rw_positive-run1-prior1	rw_positive	run1	1.0	none	False	sub-144	dissimilar	2	offer_1_to_3	9	0.0	0.00011481804424465777	0.0014924234954069695	4.877317182866091e-47	1.5162191123170496e-11	0.0004609158588908333
fit-rw_positive-run1-prior1	rw_positive	run1	1.0	none	False	sub-147	computer	1	all	32	0.84375	0.8294361295628314	0.04201689955683207	0.7368357059918654	0.8330226598461936	0.9013361439992809
fit-rw_positive-run1-prior1	rw_positive	run1	1.0	none	False	sub-147	computer	1	offer_1	3	0.3333333333333333	0.33210635304015645	0.13840611027545321	0.08175209191361633	0.3276518933368214	0.6037721106337964
fit-rw_positive-run1-prior1	rw_positive	run1	1.0	none	False	sub-147	computer	1	offer_1_to_3	10	0.6	0.6110156883970291	0.07336787383940341	0.45309882132475504	0.6149621618314659	0.7469413904649802
fit-rw_positive-run1-prior1	rw_positive	run1	1.0	none	False	sub-147	computer	2	all	16	0.75	0.7772128313955594	0.050797791413351716	0.6726980581233003	0.7792397178656827	0.8708388917180233
fit-rw_positive-run1-prior1	rw_positive	run1	1.0	none	False	sub-147	computer	2	offer_1	2	0.0	0.3081817536539385	0.1445137267180884	0.05270179883149749	0.30229663085130953	0.5995767307252005
fit-rw_positive-run1-prior1	rw_positive	run1	1.0	none	False	sub-147	computer	2	offer_1_to_3	6	0.3333333333333333	0.5242544334368323	0.10654652047143738	0.29383882002761924	0.5315916443600488	0.7094491344128953
fit-rw_positive-run1-prior1	rw_positive	run1	1.0	none	False	sub-147	similar	1	all	24	0.7916666666666666	0.8321068574286414	0.04919196622123622	0.7366426659714506	0.8323722902829751	0.9252410831026423
fit-rw_positive-run1-prior1	rw_positive	run1	1.0	none	False	sub-147	similar	1	offer_1_to_3	8	0.375	0.5591034073744703	0.14354020451620847	0.27622327570094674	0.5672162549092703	0.8092387886190201
fit-rw_positive-run1-prior1	rw_positive	run1	1.0	none	False	sub-147	similar	2	all	24	0.7916666666666666	0.8400589363059743	0.041299499752940075	0.7507109298702985	0.8425710800878989	0.9182417893161805
fit-rw_positive-run1-prior1	rw_positive	run1	1.0	none	False	sub-147	similar	2	offer_1	2	0.0	0.15901512126702516	0.1822327172078404	3.6904117392038556e-06	0.08009290344456999	0.6060916981430334
fit-rw_positive-run1-prior1	rw_positive	run1	1.0	none	False	sub-147	similar	2	offer_1_to_3	6	0.3333333333333333	0.42751436155643324	0.16260225804572143	0.08015767218367595	0.42543390323798036	0.7284674049398474
fit-rw_positive-run1-prior1	rw_positive	run1	1.0	none	False	sub-147	dissimilar	1	all	14	1.0	0.9095497809649769	0.04208728596404238	0.805884986839935	0.9174820388081244	0.9769487138324054
fit-rw_positive-run1-prior1	rw_positive	run1	1.0	none	False	sub-147	dissimilar	1	offer_1	1	1.0	0.3186098650312426	0.19043889925943663	0.03409839944709844	0.2907079715367097	0.7468458613459144
fit-rw_positive-run1-prior1	rw_positive	run1	1.0	none	False	sub-147	dissimilar	1	offer_1_to_3	3	1.0	0.6796111894576283	0.09907651743478775	0.48859526358708294	0.6737511849998425	0.8980911114913867
fit-rw_positive-run1-prior1	rw_positive	run1	1.0	none	False	sub-147	dissimilar	2	all	31	0.8064516129032258	0.8486213092266722	0.06312984696994486	0.7167694193525772	0.8517154712936357	0.9588781461251443
fit-rw_positive-run1-prior1	rw_positive	run1	1.0	none	False	sub-147	dissimilar	2	offer_1	2	0.0	0.24109091268664384	0.18056143466819452	0.006323144264977275	0.2083395339003578	0.6856526582015755
fit-rw_positive-run1-prior1	rw_positive	run1	1.0	none	False	sub-147	dissimilar	2	offer_1_to_3	11	0.45454545454545453	0.6249884482746015	0.14196969889794211	0.33575225580468393	0.6270393723573389	0.8875703362616644
fit-rw_positive-run1-prior1	rw_positive	run1	1.0	none	False	sub-149	computer	1	all	31	0.9354838709677419	0.9275755141080848	0.02192949039445106	0.8682821222345762	0.9337352983118434	0.9638057394695904
fit-rw_positive-run1-prior1	rw_positive	run1	1.0	none	False	sub-149	computer	1	offer_1	2	0.0	0.13251921871742714	0.17772393534270314	9.882683227619915e-11	0.04782696794534965	0.6327065431666633
fit-rw_positive-run1-prior1	rw_positive	run1	1.0	none	False	sub-149	computer	1	offer_1_to_3	11	0.8181818181818182	0.7970809312314574	0.05996839370382583	0.636551483911923	0.8134957224501396	0.8981995917937053
fit-rw_positive-run1-prior1	rw_positive	run1	1.0	none	False	sub-149	computer	2	all	16	0.9375	0.9340442446955728	0.01527074218953626	0.8922761345851145	0.9368592211836958	0.9627823922824099
fit-rw_positive-run1-prior1	rw_positive	run1	1.0	none	False	sub-149	computer	2	offer_1	1	0.0	0.09113716361359074	0.15110273536221486	4.0971258841380025e-15	0.015665953441314325	0.5532523928075826
fit-rw_positive-run1-prior1	rw_positive	run1	1.0	none	False	sub-149	computer	2	offer_1_to_3	4	0.75	0.739939713568855	0.05697330009348039	0.5891321728085901	0.7480880937941201	0.8553347566063556
fit-rw_positive-run1-prior1	rw_positive	run1	1.0	none	False	sub-149	similar	1	all	23	0.9565217391304348	0.9414654273761428	0.024556585440956475	0.8751154242348022	0.9504276860572429	0.9737959603630377
fit-rw_positive-run1-prior1	rw_positive	run1	1.0	none	False	sub-149	similar	1	offer_1	1	0.0	0.10839359269361243	0.16739801485396938	8.798023003235244e-14	0.02286520416114971	0.5971086103134123
fit-rw_positive-run1-prior1	rw_positive	run1	1.0	none	False	sub-149	similar	1	offer_1_to_3	5	0.8	0.73676427576643	0.10546656998885144	0.4527095373555571	0.7741328159201464	0.8814347908634553
fit-rw_positive-run1-prior1	rw_positive	run1	1.0	none	False	sub-149	similar	2	all	24	0.9583333333333334	0.9224870952274417	0.043491752488790086	0.8291835339952529	0.939110789518281	0.9690710646386649
fit-rw_positive-run1-prior1	rw_positive	run1	1.0	none	False	sub-149	similar	2	offer_1	1	0.0	0.06994349192043202	0.1326099631361295	7.722256349601873e-21	0.005320004503593826	0.4891021193947194
fit-rw_positive-run1-prior1	rw_positive	run1	1.0	none	False	sub-149	similar	2	offer_1_to_3	5	0.8	0.6321923273095026	0.2040521021985551	0.1860391879208468	0.7105306354053342	0.853313893576524
fit-rw_positive-run1-prior1	rw_positive	run1	1.0	none	False	sub-149	dissimilar	1	all	12	0.8333333333333334	0.888683914465239	0.059957181405015984	0.7674013502629126	0.8965376611474152	0.9816711519210568
fit-rw_positive-run1-prior1	rw_positive	run1	1.0	none	False	sub-149	dissimilar	1	offer_1_to_3	4	0.5	0.6710455759133165	0.1795165303036365	0.3031492844463552	0.6989854755521694	0.9453139241498432
fit-rw_positive-run1-prior1	rw_positive	run1	1.0	none	False	sub-149	dissimilar	2	all	32	0.84375	0.7916436207660011	0.04892804484230354	0.692556730631492	0.7882477735241695	0.8913686802368159
fit-rw_positive-run1-prior1	rw_positive	run1	1.0	none	False	sub-149	dissimilar	2	offer_1	5	0.0	0.08211037661348672	0.14427811933676965	3.0007170821110892e-24	0.0040058601974563715	0.5055201744535445
fit-rw_positive-run1-prior1	rw_positive	run1	1.0	none	False	sub-149	dissimilar	2	offer_1_to_3	12	0.5833333333333334	0.45099607326606245	0.13081642050582606	0.19537844983888172	0.4409103553817611	0.7184680210984179
fit-rw_positive-run1-prior1	rw_positive	run1	1.0	none	False	sub-150	computer	1	all	16	0.75	0.7430751539713968	0.0530548226970515	0.6367300901550661	0.7427379204621853	0.8442086773439713
fit-rw_positive-run1-prior1	rw_positive	run1	1.0	none	False	sub-150	computer	1	offer_1	1	0.0	0.028164705994159996	0.04970611381759151	1.2698135926212594e-07	0.00692631579542297	0.1793448184086087
fit-rw_positive-run1-prior1	rw_positive	run1	1.0	none	False	sub-150	computer	1	offer_1_to_3	5	0.2	0.27509241682695545	0.13263245929089806	0.04839280821403077	0.267480185074114	0.5489250616527668
fit-rw_positive-run1-prior1	rw_positive	run1	1.0	none	False	sub-150	computer	2	all	32	0.8125	0.6917924132454926	0.03343248227841668	0.6248877625589124	0.6917993504910606	0.7567706585536359
fit-rw_positive-run1-prior1	rw_positive	run1	1.0	none	False	sub-150	computer	2	offer_1	6	0.0	0.03030454277528834	0.050969018657336565	2.174789856444333e-07	0.008239139698685926	0.18546663734291507
fit-rw_positive-run1-prior1	rw_positive	run1	1.0	none	False	sub-150	computer	2	offer_1_to_3	11	0.45454545454545453	0.16323279054686762	0.0834838853388619	0.030826704077017694	0.15400525454475927	0.3537455982550014
fit-rw_positive-run1-prior1	rw_positive	run1	1.0	none	False	sub-150	similar	1	all	23	0.782608695652174	0.7762528899025772	0.0385674800275119	0.6948689117074655	0.7789335950376434	0.8452444954674712
fit-rw_positive-run1-prior1	rw_positive	run1	1.0	none	False	sub-150	similar	1	offer_1	2	0.0	0.08658701305005999	0.07096010914440803	0.004148445877965616	0.06779653436331354	0.2676256511380547
fit-rw_positive-run1-prior1	rw_positive	run1	1.0	none	False	sub-150	similar	1	offer_1_to_3	5	0.2	0.2241090280362892	0.09374541123233711	0.06473758668863373	0.21677083840477018	0.4243457296930681
fit-rw_positive-run1-prior1	rw_positive	run1	1.0	none	False	sub-150	similar	2	all	24	0.9166666666666666	0.6733707816410986	0.058707441608807795	0.5592745801278665	0.6723710798938216	0.7912360169637093
fit-rw_positive-run1-prior1	rw_positive	run1	1.0	none	False	sub-150	similar	2	offer_1	2	0.5	0.09073997101098431	0.07419104444134338	0.003830378066162099	0.07178593418972791	0.2787708943563018
fit-rw_positive-run1-prior1	rw_positive	run1	1.0	none	False	sub-150	similar	2	offer_1_to_3	10	0.8	0.32986152996626866	0.11068357436061073	0.11552400431267426	0.33035405797042483	0.5470139036696567
fit-rw_positive-run1-prior1	rw_positive	run1	1.0	none	False	sub-150	dissimilar	1	all	32	0.65625	0.6655933663148293	0.03321774992120609	0.6070040399092229	0.6630759217472358	0.7360242751350556
fit-rw_positive-run1-prior1	rw_positive	run1	1.0	none	False	sub-150	dissimilar	1	offer_1	4	0.0	0.012871499776109028	0.027487211805581686	1.8965142681534208e-08	0.002165902200016472	0.09355573809009887
fit-rw_positive-run1-prior1	rw_positive	run1	1.0	none	False	sub-150	dissimilar	1	offer_1_to_3	12	0.08333333333333333	0.1466061594874277	0.08099239805845948	0.021665274481984305	0.13676011200303173	0.3286196753899639
fit-rw_positive-run1-prior1	rw_positive	run1	1.0	none	False	sub-150	dissimilar	2	all	16	0.8125	0.6668127895371931	0.03435771154729386	0.6070661212000164	0.6636808298259615	0.7400247005905336
fit-rw_positive-run1-prior1	rw_positive	run1	1.0	none	False	sub-150	dissimilar	2	offer_1	3	0.0	0.013465124970425374	0.028749806305677444	1.8462205070244796e-08	0.0022403657067891214	0.0981528922817103
fit-rw_positive-run1-prior1	rw_positive	run1	1.0	none	False	sub-150	dissimilar	2	offer_1_to_3	6	0.5	0.14623496993771118	0.082248853443329	0.0219182702816125	0.13524542253153163	0.3284084282416788
fit-rw_positive-run1-prior1	rw_positive	run1	1.0	none	False	sub-151	computer	1	all	16	0.5625	0.546004697471464	0.04218002523280205	0.46016303865573766	0.5517369491658553	0.6320725586869022
fit-rw_positive-run1-prior1	rw_positive	run1	1.0	none	False	sub-151	computer	1	offer_1_to_3	5	0.0	0.011726768045367878	0.027851984142275195	3.4833092019798256e-13	0.0010639472329249063	0.09323865940791955
fit-rw_positive-run1-prior1	rw_positive	run1	1.0	none	False	sub-151	computer	2	all	32	0.5	0.5544527690822849	0.02578592562386289	0.49673467011788575	0.55851934599817	0.6037369494294278
fit-rw_positive-run1-prior1	rw_positive	run1	1.0	none	False	sub-151	computer	2	offer_1	2	0.0	0.0008289637775614637	0.0053440757841527135	3.270270354836531e-28	4.6030206357080383e-07	0.0075839661975838114
fit-rw_positive-run1-prior1	rw_positive	run1	1.0	none	False	sub-151	computer	2	offer_1_to_3	12	0.0	0.008742618467406692	0.02134147376876967	3.130474543440282e-13	0.0007810799897175209	0.06995863248491072
fit-rw_positive-run1-prior1	rw_positive	run1	1.0	none	False	sub-151	similar	1	all	24	0.5833333333333334	0.6016568241512531	0.030140951672434663	0.5435072600188295	0.6034724312900699	0.6619990431315951
fit-rw_positive-run1-prior1	rw_positive	run1	1.0	none	False	sub-151	similar	1	offer_1_to_3	5	0.0	0.004496988649382644	0.014658585234844843	1.2270674628879765e-16	7.495489837477472e-05	0.04346158990444145
fit-rw_positive-run1-prior1	rw_positive	run1	1.0	none	False	sub-151	similar	2	all	24	0.375	0.3546697292224361	0.03210892230253178	0.3167260919645836	0.3422732859519764	0.440738186557133
fit-rw_positive-run1-prior1	rw_positive	run1	1.0	none	False	sub-151	similar	2	offer_1	3	0.0	0.00046004989307036405	0.0028745624709822864	7.559985231122188e-27	1.504377920622013e-07	0.004216672841744366
fit-rw_positive-run1-prior1	rw_positive	run1	1.0	none	False	sub-151	similar	2	offer_1_to_3	10	0.0	0.002600175236322828	0.0091069052921636	8.746440369416406e-17	3.876770099265911e-05	0.02543606889244238
fit-rw_positive-run1-prior1	rw_positive	run1	1.0	none	False	sub-151	dissimilar	1	all	32	0.5	0.49982045043854534	0.026257754690664086	0.45512568388842606	0.4973782373641291	0.5552525052436935
fit-rw_positive-run1-prior1	rw_positive	run1	1.0	none	False	sub-151	dissimilar	1	offer_1	4	0.0	0.00023862201498107462	0.0015030018136107696	3.7572009670492116e-22	2.021899381184241e-07	0.0021447278885597188
fit-rw_positive-run1-prior1	rw_positive	run1	1.0	none	False	sub-151	dissimilar	1	offer_1_to_3	10	0.0	0.002004121519302523	0.006219503293158752	3.876834323147893e-12	0.00010187792126406707	0.01765021430841686
fit-rw_positive-run1-prior1	rw_positive	run1	1.0	none	False	sub-151	dissimilar	2	all	16	0.5625	0.5522985743139426	0.015074780779452752	0.5092546354618112	0.5582415953900404	0.5646469545048008
fit-rw_positive-run1-prior1	rw_positive	run1	1.0	none	False	sub-151	dissimilar	2	offer_1_to_3	7	0.0	0.004104743551698209	0.01196248277497304	8.69473435613068e-12	0.00022885659745496372	0.036367799241713426
fit-rw_positive-run1-prior1	rw_positive	run1	1.0	none	False	sub-152	computer	1	all	31	1.0	0.9936678942286733	0.010560720779483912	0.9628344837813788	0.9980162434158468	0.9999999968013792
fit-rw_positive-run1-prior1	rw_positive	run1	1.0	none	False	sub-152	computer	1	offer_1	1	1.0	0.9132788528872381	0.10278968734663697	0.6634784044440493	0.9511936054054811	0.9999999219470594
fit-rw_positive-run1-prior1	rw_positive	run1	1.0	none	False	sub-152	computer	1	offer_1_to_3	9	1.0	0.9794663948808492	0.0318582579239035	0.884507254328516	0.9931711807204049	0.9999999889825286
fit-rw_positive-run1-prior1	rw_positive	run1	1.0	none	False	sub-152	computer	2	all	14	0.9285714285714286	0.9613538925829817	0.047226700745633045	0.8571428571428571	0.9827017826574168	0.9999998074060964
fit-rw_positive-run1-prior1	rw_positive	run1	1.0	none	False	sub-152	computer	2	offer_1	2	1.0	0.7371467849828626	0.32600136398623053	5.7443056792520475e-06	0.8811450016525916	0.9999986518426758
fit-rw_positive-run1-prior1	rw_positive	run1	1.0	none	False	sub-152	computer	2	offer_1_to_3	4	0.75	0.8656871152581161	0.16460884374757054	0.5	0.9395489792367031	0.9999993259213378
fit-rw_positive-run1-prior1	rw_positive	run1	1.0	none	False	sub-152	similar	1	all	21	1.0	0.9867783305710541	0.018166063778969194	0.9359996423196458	0.9942019203603639	0.99999999644798
fit-rw_positive-run1-prior1	rw_positive	run1	1.0	none	False	sub-152	similar	1	offer_1	3	1.0	0.918777242580682	0.10056923713934386	0.6579820023340878	0.9599097543826876	0.9999999751358601
fit-rw_positive-run1-prior1	rw_positive	run1	1.0	none	False	sub-152	similar	1	offer_1_to_3	6	1.0	0.955608817545496	0.057574268754425624	0.7967984228607777	0.9797097441513964	0.99999998756793
fit-rw_positive-run1-prior1	rw_positive	run1	1.0	none	False	sub-152	similar	2	all	21	1.0	0.9839214852096253	0.02132782079738991	0.9221873763845014	0.9937619860504558	0.9999999782568211
fit-rw_positive-run1-prior1	rw_positive	run1	1.0	none	False	sub-152	similar	2	offer_1	1	1.0	0.7202127284204896	0.3408134099078919	6.847575438376427e-07	0.8806725973679371	0.9999995433934452
fit-rw_positive-run1-prior1	rw_positive	run1	1.0	none	False	sub-152	similar	2	offer_1_to_3	3	1.0	0.8892562614154073	0.14717117952973074	0.46561506457210644	0.9564464873205221	0.9999998477977473
fit-rw_positive-run1-prior1	rw_positive	run1	1.0	none	False	sub-152	dissimilar	1	all	16	1.0	0.9915469976154382	0.013540279641899853	0.9538079120108729	0.9971021115021244	0.9999999996001808
fit-rw_positive-run1-prior1	rw_positive	run1	1.0	none	False	sub-152	dissimilar	1	offer_1	1	1.0	0.9039984520682618	0.12574047033209895	0.5693886854222486	0.9556394042315882	0.9999999936028943
fit-rw_positive-run1-prior1	rw_positive	run1	1.0	none	False	sub-152	dissimilar	1	offer_1_to_3	5	1.0	0.9742490205333112	0.038031698399179435	0.8622805095298667	0.9907363163156131	0.9999999987205788
fit-rw_positive-run1-prior1	rw_positive	run1	1.0	none	False	sub-152	dissimilar	2	all	25	1.0	0.9816826083231005	0.025274639591584058	0.91947806823564	0.9924952824982307	0.9999999900557927
fit-rw_positive-run1-prior1	rw_positive	run1	1.0	none	False	sub-152	dissimilar	2	offer_1	1	1.0	0.6900947551783311	0.35826670755932727	1.8952368482458838e-08	0.8588562925438625	0.9999997513949994
fit-rw_positive-run1-prior1	rw_positive	run1	1.0	none	False	sub-152	dissimilar	2	offer_1_to_3	8	1.0	0.944028204782783	0.07630444647557112	0.7499997351858738	0.9766159635245406	0.9999999689243523
fit-rw_positive-run1-prior1	rw_positive	run1	1.0	none	False	sub-153	computer	1	all	15	0.6	0.6453689353690923	0.0642570332196571	0.5404684298977175	0.6417292265451938	0.7816671083892054
fit-rw_positive-run1-prior1	rw_positive	run1	1.0	none	False	sub-153	computer	1	offer_1_to_3	4	0.0	0.06028671839300165	0.09977619590904815	1.762412787469235e-08	0.01419562575021414	0.37397070681435624
fit-rw_positive-run1-prior1	rw_positive	run1	1.0	none	False	sub-153	computer	2	all	32	0.59375	0.5980750782999845	0.03625920429439847	0.5581045905453214	0.5875909881572832	0.6982768598485171
fit-rw_positive-run1-prior1	rw_positive	run1	1.0	none	False	sub-153	computer	2	offer_1	3	0.0	0.006900370029915345	0.028110862156780755	2.0911934529228612e-23	1.3366460860166127e-05	0.07793916076893483
fit-rw_positive-run1-prior1	rw_positive	run1	1.0	none	False	sub-153	computer	2	offer_1_to_3	13	0.0	0.054817255833592655	0.08528334700053206	1.994205181406264e-08	0.015119674195780933	0.3101424072264222
fit-rw_positive-run1-prior1	rw_positive	run1	1.0	none	False	sub-153	similar	1	all	24	0.8333333333333334	0.8268142896935887	0.01889206097915799	0.7743774054338725	0.8324478686762142	0.8566538138373831
fit-rw_positive-run1-prior1	rw_positive	run1	1.0	none	False	sub-153	similar	1	offer_1	2	0.0	0.006667672438657337	0.021498844030911613	8.400009577189283e-20	0.00010182969581365923	0.06528220543909583
fit-rw_positive-run1-prior1	rw_positive	run1	1.0	none	False	sub-153	similar	1	offer_1_to_3	4	0.0	0.03158036983490686	0.055049662024585284	1.2132312604859373e-11	0.0063924962837616575	0.1991887061834602
fit-rw_positive-run1-prior1	rw_positive	run1	1.0	none	False	sub-153	similar	2	all	24	0.5833333333333334	0.6038444318123176	0.04835679006140864	0.5264023587158102	0.6040739766093808	0.6912529762940223
fit-rw_positive-run1-prior1	rw_positive	run1	1.0	none	False	sub-153	similar	2	offer_1	6	0.0	0.009299481192720086	0.0297133420950662	9.657780003435753e-20	0.0001495000209331247	0.08946813326257386
fit-rw_positive-run1-prior1	rw_positive	run1	1.0	none	False	sub-153	similar	2	offer_1_to_3	11	0.09090909090909091	0.14832339544631976	0.09913938113381396	0.0001554723120291044	0.14886154832386816	0.3329776912115717
fit-rw_positive-run1-prior1	rw_positive	run1	1.0	none	False	sub-153	dissimilar	1	all	32	0.78125	0.7673338371555548	0.02944975821623495	0.7044269692976755	0.7700587569529878	0.8145461387015575
fit-rw_positive-run1-prior1	rw_positive	run1	1.0	none	False	sub-153	dissimilar	1	offer_1	4	0.0	0.009341189123616981	0.024385251183922835	3.4412037908824255e-13	0.0005639328521408986	0.082858500532975
fit-rw_positive-run1-prior1	rw_positive	run1	1.0	none	False	sub-153	dissimilar	1	offer_1_to_3	10	0.3	0.27388693786201396	0.08207733165614495	0.1053669367205219	0.278957033967284	0.416555002038032
fit-rw_positive-run1-prior1	rw_positive	run1	1.0	none	False	sub-153	dissimilar	2	all	16	0.5625	0.8110636347537482	0.04988048008757046	0.7001239713763401	0.8165562364205048	0.8925530430526387
fit-rw_positive-run1-prior1	rw_positive	run1	1.0	none	False	sub-153	dissimilar	2	offer_1_to_3	4	0.0	0.2922619259437851	0.15523406535776937	0.004274599014850134	0.29887051341549276	0.5849676084728594
fit-rw_positive-run1-prior1	rw_positive	run1	1.0	none	False	sub-154	computer	1	all	31	0.3548387096774194	0.33491586295427295	0.04716335364807157	0.23702848462797402	0.33647462139250855	0.423928697576984
fit-rw_positive-run1-prior1	rw_positive	run1	1.0	none	False	sub-154	computer	1	offer_1	4	0.0	0.004633179154222873	0.010335218998251563	1.3109677030947013e-06	0.0009672516990682804	0.032803808013123055
fit-rw_positive-run1-prior1	rw_positive	run1	1.0	none	False	sub-154	computer	1	offer_1_to_3	10	0.0	0.008280403503490292	0.014845807187104577	1.3660855443497773e-05	0.0026738060032623833	0.0508943056719126
fit-rw_positive-run1-prior1	rw_positive	run1	1.0	none	False	sub-154	computer	2	all	16	0.1875	0.3161626369668196	0.05702930894291061	0.20796088050440975	0.3147325843493912	0.4301386143952199
fit-rw_positive-run1-prior1	rw_positive	run1	1.0	none	False	sub-154	computer	2	offer_1	3	0.0	0.005490375949972711	0.011948780331418496	1.7105244495745376e-06	0.0011948123165299563	0.03905776946093154
fit-rw_positive-run1-prior1	rw_positive	run1	1.0	none	False	sub-154	computer	2	offer_1_to_3	6	0.0	0.012298570722507472	0.019641598332467612	3.879879875497683e-05	0.004837408056194951	0.06882509496302265
fit-rw_positive-run1-prior1	rw_positive	run1	1.0	none	False	sub-154	similar	1	all	23	0.17391304347826086	0.23575676795964098	0.058795758730239976	0.12782788357514324	0.23352320730980763	0.35636208632036437
fit-rw_positive-run1-prior1	rw_positive	run1	1.0	none	False	sub-154	similar	1	offer_1	2	0.0	0.03258815186410851	0.03662100671166824	0.0007645308383254957	0.020165697783074178	0.13262194106627795
fit-rw_positive-run1-prior1	rw_positive	run1	1.0	none	False	sub-154	similar	1	offer_1_to_3	10	0.1	0.05553488663714501	0.04824666504039259	0.0032755411047321213	0.041715602282731995	0.18206584666250328
fit-rw_positive-run1-prior1	rw_positive	run1	1.0	none	False	sub-154	similar	2	all	20	0.25	0.39684835482468617	0.07418047697472074	0.2536901406470676	0.3964184343510218	0.5433317239076164
fit-rw_positive-run1-prior1	rw_positive	run1	1.0	none	False	sub-154	similar	2	offer_1	3	0.0	0.03627595417528714	0.03993253543977044	0.0009043814340315848	0.0228339924469491	0.14607647414340164
fit-rw_positive-run1-prior1	rw_positive	run1	1.0	none	False	sub-154	similar	2	offer_1_to_3	5	0.0	0.049521322900670975	0.046516379699607126	0.002405244193514512	0.03539984794364785	0.17374050203277358
fit-rw_positive-run1-prior1	rw_positive	run1	1.0	none	False	sub-154	dissimilar	1	all	16	0.25	0.26209207361213815	0.048734242374884794	0.16817748894097756	0.2565389172751351	0.3704092974923078
fit-rw_positive-run1-prior1	rw_positive	run1	1.0	none	False	sub-154	dissimilar	1	offer_1	1	0.0	0.0020428441017881446	0.008478168612293308	4.224470136955519e-18	9.99651669808183e-06	0.020990634707205885
fit-rw_positive-run1-prior1	rw_positive	run1	1.0	none	False	sub-154	dissimilar	1	offer_1_to_3	5	0.0	0.004093611552281369	0.013308937565487344	5.860005149536235e-14	8.774242879238084e-05	0.03960633341958186
fit-rw_positive-run1-prior1	rw_positive	run1	1.0	none	False	sub-154	dissimilar	2	all	32	0.1875	0.28158468607196174	0.0925535184205689	0.1156162962942673	0.2779488440874146	0.4751724838870555
fit-rw_positive-run1-prior1	rw_positive	run1	1.0	none	False	sub-154	dissimilar	2	offer_1	5	0.0	0.0029431066307149395	0.011322076035371872	2.4013753550283533e-17	2.0848262213780736e-05	0.030253076158124413
fit-rw_positive-run1-prior1	rw_positive	run1	1.0	none	False	sub-154	dissimilar	2	offer_1_to_3	11	0.0	0.005426867488595839	0.01647899500149214	5.000354122955627e-13	0.00017877612798748396	0.05192943297344101
fit-rw_positive-run1-prior1	rw_positive	run1	1.0	none	False	sub-155	computer	1	all	32	0.1875	0.18571307470064263	0.01960752729948759	0.1370073866240589	0.18749762408134965	0.22773729923239805
fit-rw_positive-run1-prior1	rw_positive	run1	1.0	none	False	sub-155	computer	1	offer_1	3	0.0	1.5052846753036653e-06	0.0001580337497367112	4.5534339700286845e-256	1.802435344669391e-43	7.341746386329342e-12
fit-rw_positive-run1-prior1	rw_positive	run1	1.0	none	False	sub-155	computer	1	offer_1_to_3	10	0.0	2.770524101695534e-06	0.0002690099210163711	1.7663127457765063e-197	5.028851007061652e-34	1.00928013407644e-09
fit-rw_positive-run1-prior1	rw_positive	run1	1.0	none	False	sub-155	computer	2	all	16	0.0625	0.08270661311787487	0.034789329758004195	0.05425095874730075	0.06529328357670709	0.18505590078608566
fit-rw_positive-run1-prior1	rw_positive	run1	1.0	none	False	sub-155	computer	2	offer_1	1	0.0	1.7879910244016553e-06	0.00018263781532504633	3.920891409123627e-253	7.899880876600323e-43	1.1484503003847834e-11
fit-rw_positive-run1-prior1	rw_positive	run1	1.0	none	False	sub-155	computer	2	offer_1_to_3	4	0.0	3.7861840585413233e-06	0.0003446246867589879	2.739019529495258e-194	3.346114082284266e-33	2.3661614362116934e-09
fit-rw_positive-run1-prior1	rw_positive	run1	1.0	none	False	sub-155	similar	1	all	24	0.041666666666666664	0.04346991883165695	0.016724947857125572	0.011100668428465745	0.04166666668291341	0.08954641307500182
fit-rw_positive-run1-prior1	rw_positive	run1	1.0	none	False	sub-155	similar	1	offer_1	3	0.0	1.5026490863546711e-06	6.788063487591538e-05	1.584078359272171e-230	6.682683617636009e-38	6.229013045186068e-09
fit-rw_positive-run1-prior1	rw_positive	run1	1.0	none	False	sub-155	similar	1	offer_1_to_3	11	0.0	4.3224475022571025e-06	0.00015686056388970285	6.07855052269372e-176	2.1165711187968375e-29	2.2482476741224567e-07
fit-rw_positive-run1-prior1	rw_positive	run1	1.0	none	False	sub-155	similar	2	all	24	0.041666666666666664	0.10641763318890964	0.09665773695933784	0.020578989192971724	0.057024728648571166	0.3785371528634015
fit-rw_positive-run1-prior1	rw_positive	run1	1.0	none	False	sub-155	similar	2	offer_1	2	0.0	1.8517601964741873e-06	7.933734745955449e-05	1.01106535376097e-224	1.2459298296234133e-36	1.2100332462350784e-08
fit-rw_positive-run1-prior1	rw_positive	run1	1.0	none	False	sub-155	similar	2	offer_1_to_3	6	0.0	2.9984139446494347e-06	0.00011812513392373045	6.985204662440263e-201	5.0078690421428994e-33	6.099558363642351e-08
fit-rw_positive-run1-prior1	rw_positive	run1	1.0	none	False	sub-155	dissimilar	1	all	16	0.0	0.006480011632322814	0.016963088867004542	4.598074089475441e-38	3.881488836483864e-05	0.06004700384466025
fit-rw_positive-run1-prior1	rw_positive	run1	1.0	none	False	sub-155	dissimilar	1	offer_1	1	0.0	3.3488298443730185e-07	1.8367662928955676e-05	2.238700153937593e-280	6.061144234324038e-45	3.2892171757256534e-10
fit-rw_positive-run1-prior1	rw_positive	run1	1.0	none	False	sub-155	dissimilar	1	offer_1_to_3	5	0.0	1.6720786005682015e-06	6.528673382293987e-05	2.313046382322916e-218	5.090431334605312e-35	3.781705040407755e-08
fit-rw_positive-run1-prior1	rw_positive	run1	1.0	none	False	sub-155	dissimilar	2	all	32	0.03125	0.027069874399067984	0.028485719158141416	3.3609366178132633e-15	0.029914939442836568	0.0949671515996194
fit-rw_positive-run1-prior1	rw_positive	run1	1.0	none	False	sub-155	dissimilar	2	offer_1	7	0.0	7.295623518320277e-07	4.478606405076161e-05	1.8423758218115056e-262	5.815377319160973e-42	1.1993225745107997e-09
fit-rw_positive-run1-prior1	rw_positive	run1	1.0	none	False	sub-155	dissimilar	2	offer_1_to_3	11	0.0	2.049750333184199e-06	0.00010741809947063165	7.44066192106293e-206	8.282364028686554e-33	5.439937815482908e-08
fit-rw_positive-run1-prior1	rw_positive	run1	1.0	none	False	sub-156	computer	1	all	16	1.0	0.9876898636664818	0.017147403204965203	0.9401401164249932	0.9946018022816872	0.999999997158963
fit-rw_positive-run1-prior1	rw_positive	run1	1.0	none	False	sub-156	computer	1	offer_1	2	1.0	0.9183255618315591	0.09816068467766374	0.6679145757909192	0.9577327255995913	0.9999999772717046
fit-rw_positive-run1-prior1	rw_positive	run1	1.0	none	False	sub-156	computer	1	offer_1_to_3	4	1.0	0.953188908076947	0.0603382722886729	0.7851832993727526	0.9784091698566152	0.9999999886358523
fit-rw_positive-run1-prior1	rw_positive	run1	1.0	none	False	sub-156	computer	2	all	32	1.0	0.9882461976196873	0.016988232670772402	0.938657463986847	0.9949108165178808	0.999999994238228
fit-rw_positive-run1-prior1	rw_positive	run1	1.0	none	False	sub-156	computer	2	offer_1	3	1.0	0.8938463515282462	0.14399819541959366	0.5037499406672725	0.9467908819926312	0.9999999385410986
fit-rw_positive-run1-prior1	rw_positive	run1	1.0	none	False	sub-156	computer	2	offer_1_to_3	7	1.0	0.9494158827234925	0.06892814338772911	0.7537147154590307	0.9767393946524763	0.9999999736604708
fit-rw_positive-run1-prior1	rw_positive	run1	1.0	none	False	sub-156	similar	1	all	24	1.0	0.9931817561147547	0.011082415574005978	0.9616816610324116	0.9978504656603406	0.9999999992554388
fit-rw_positive-run1-prior1	rw_positive	run1	1.0	none	False	sub-156	similar	1	offer_1	1	1.0	0.9039630586292617	0.12714114273356086	0.5556175418584112	0.9550035492879616	0.9999999821305309
fit-rw_positive-run1-prior1	rw_positive	run1	1.0	none	False	sub-156	similar	1	offer_1_to_3	7	1.0	0.9771631399682622	0.03550167541791394	0.8728730338389208	0.9926304810189843	0.9999999974472186
fit-rw_positive-run1-prior1	rw_positive	run1	1.0	none	False	sub-156	similar	2	all	24	1.0	0.9695414331228855	0.04091558137113558	0.8528922368875173	0.986303656110524	0.9999999911094999
fit-rw_positive-run1-prior1	rw_positive	run1	1.0	none	False	sub-156	similar	2	offer_1	6	1.0	0.8879055445779622	0.15069314905383255	0.4458666225746434	0.9464782042061451	0.9999999644379998
fit-rw_positive-run1-prior1	rw_positive	run1	1.0	none	False	sub-156	similar	2	offer_1_to_3	12	1.0	0.9394178728046466	0.08108745256515319	0.7078383026204873	0.9726082774823672	0.9999999822189999
fit-rw_positive-run1-prior1	rw_positive	run1	1.0	none	False	sub-156	dissimilar	1	all	32	1.0	0.9915600003924794	0.01253124349941252	0.9549016388557571	0.9969053203662381	0.9999999993776654
fit-rw_positive-run1-prior1	rw_positive	run1	1.0	none	False	sub-156	dissimilar	1	offer_1	3	1.0	0.9289868119242176	0.09425228636309346	0.6725298302045964	0.9682032001472809	0.9999999933617644
fit-rw_positive-run1-prior1	rw_positive	run1	1.0	none	False	sub-156	dissimilar	1	offer_1_to_3	12	1.0	0.9776858276910613	0.032654267294128264	0.8814502244812007	0.9917475427208486	0.9999999983404411
fit-rw_positive-run1-prior1	rw_positive	run1	1.0	none	False	sub-156	dissimilar	2	all	16	1.0	0.9773369621090467	0.03241150339512361	0.8774332809631585	0.991710202277921	0.9999999938647012
fit-rw_positive-run1-prior1	rw_positive	run1	1.0	none	False	sub-156	dissimilar	2	offer_1	2	1.0	0.8369114267418508	0.24092280271695526	0.04506277935087587	0.9381511519190828	0.9999999509176123
fit-rw_positive-run1-prior1	rw_positive	run1	1.0	none	False	sub-156	dissimilar	2	offer_1_to_3	7	1.0	0.9482732344621719	0.0739421642480072	0.7200000544573463	0.9810520535309653	0.9999999859764596
fit-rw_positive-run1-prior1	rw_positive	run1	1.0	none	False	sub-157	computer	1	all	16	0.875	0.8180132878669205	0.04496532374166933	0.7269357697781756	0.817421340937996	0.9096923408432533
fit-rw_positive-run1-prior1	rw_positive	run1	1.0	none	False	sub-157	computer	1	offer_1	3	0.3333333333333333	0.2280036496755832	0.1531396493801598	0.019300215323363134	0.20117685842214528	0.5936233450300576
fit-rw_positive-run1-prior1	rw_positive	run1	1.0	none	False	sub-157	computer	1	offer_1_to_3	7	0.7142857142857143	0.5922427021646695	0.09614233667163388	0.4047656697033931	0.588277000578942	0.794693086188594
fit-rw_positive-run1-prior1	rw_positive	run1	1.0	none	False	sub-157	computer	2	all	32	0.75	0.8275038432447251	0.062148056293309106	0.6964467968024675	0.8346089693221638	0.9263891029188417
fit-rw_positive-run1-prior1	rw_positive	run1	1.0	none	False	sub-157	computer	2	offer_1	3	0.0	0.1160858244924679	0.11735866097140882	0.000222400590110509	0.07946969225000933	0.40920866557788194
fit-rw_positive-run1-prior1	rw_positive	run1	1.0	none	False	sub-157	computer	2	offer_1_to_3	9	0.2222222222222222	0.43421393954176546	0.18502000551710085	0.07645296585448307	0.45368421143034	0.7420853729377849
fit-rw_positive-run1-prior1	rw_positive	run1	1.0	none	False	sub-157	similar	1	all	24	0.875	0.8808940725934343	0.03324032320891655	0.8131764137694778	0.8816017318338015	0.9443812809690395
fit-rw_positive-run1-prior1	rw_positive	run1	1.0	none	False	sub-157	similar	1	offer_1_to_3	5	0.4	0.48029103866758766	0.13889644999542716	0.21126927129354103	0.47770279887532596	0.756696949659736
fit-rw_positive-run1-prior1	rw_positive	run1	1.0	none	False	sub-157	similar	2	all	23	0.6521739130434783	0.7460016097534135	0.06598884435410253	0.602721375440519	0.7543415119271528	0.8580717783227633
fit-rw_positive-run1-prior1	rw_positive	run1	1.0	none	False	sub-157	similar	2	offer_1	2	0.0	0.055498267403236295	0.07740324824108896	6.292855816089842e-05	0.022538446398605992	0.28352030849814214
fit-rw_positive-run1-prior1	rw_positive	run1	1.0	none	False	sub-157	similar	2	offer_1_to_3	9	0.1111111111111111	0.3885985395276524	0.14674993726849764	0.08557715986665823	0.40184541064799356	0.6510733068063116
fit-rw_positive-run1-prior1	rw_positive	run1	1.0	none	False	sub-157	dissimilar	1	all	31	0.8064516129032258	0.8215906584154247	0.024865599815947995	0.7732853300591964	0.8191411707653045	0.8744457449958749
fit-rw_positive-run1-prior1	rw_positive	run1	1.0	none	False	sub-157	dissimilar	1	offer_1	3	0.0	0.04101504798931228	0.06540077207647092	1.0317818964506443e-08	0.009939265680469924	0.232152392056901
fit-rw_positive-run1-prior1	rw_positive	run1	1.0	none	False	sub-157	dissimilar	1	offer_1_to_3	9	0.3333333333333333	0.3949580828118326	0.08435115695405944	0.2401654114183008	0.38472675958129876	0.5794916013110359
fit-rw_positive-run1-prior1	rw_positive	run1	1.0	none	False	sub-157	dissimilar	2	all	16	0.75	0.8052428031424856	0.04642193261745299	0.6852281018750052	0.8120523387480314	0.8847077699884096
fit-rw_positive-run1-prior1	rw_positive	run1	1.0	none	False	sub-157	dissimilar	2	offer_1	1	0.0	0.019703411288973988	0.04723739096985184	1.9432728840191425e-12	0.0012704153420606055	0.16390271954090965
fit-rw_positive-run1-prior1	rw_positive	run1	1.0	none	False	sub-157	dissimilar	2	offer_1_to_3	4	0.25	0.26950735384105745	0.13277371111200195	0.013293061733380464	0.2594426713189559	0.5562497467885182
fit-rw_positive-run1-prior1	rw_positive	run1	1.0	none	False	sub-158	computer	1	all	16	0.3125	0.3231420263610378	0.05005123751902122	0.21368161453788506	0.32787234578713986	0.40936009864381007
fit-rw_positive-run1-prior1	rw_positive	run1	1.0	none	False	sub-158	computer	1	offer_1	4	0.0	0.0006526069631299982	0.0043327493247490335	1.8737169998830304e-22	2.2746912243863617e-07	0.005660187431386647
fit-rw_positive-run1-prior1	rw_positive	run1	1.0	none	False	sub-158	computer	1	offer_1_to_3	6	0.0	0.001202504145178524	0.006010664546755876	6.039302089662896e-17	4.456705116069368e-06	0.011385181113361051
fit-rw_positive-run1-prior1	rw_positive	run1	1.0	none	False	sub-158	computer	2	all	32	0.46875	0.39338631613056924	0.0375446006647872	0.30499146312622244	0.40044181583648475	0.4440239359300773
fit-rw_positive-run1-prior1	rw_positive	run1	1.0	none	False	sub-158	computer	2	offer_1	5	0.0	0.0008164560109604081	0.005033294962231021	1.1195410786097113e-21	4.1847223754283533e-07	0.007378007190288641
fit-rw_positive-run1-prior1	rw_positive	run1	1.0	none	False	sub-158	computer	2	offer_1_to_3	11	0.09090909090909091	0.001678841526558525	0.007794409541195125	1.9481585580863739e-16	6.9364152600052085e-06	0.016612443023081826
fit-rw_positive-run1-prior1	rw_positive	run1	1.0	none	False	sub-158	similar	1	all	24	0.4583333333333333	0.4448384484546258	0.04500884832061649	0.35361906190037884	0.44561817644867174	0.5298345185722143
fit-rw_positive-run1-prior1	rw_positive	run1	1.0	none	False	sub-158	similar	1	offer_1	2	0.0	0.0009398264566011294	0.004287537461259989	3.542411418376897e-11	1.56345831610034e-05	0.008706621766295396
fit-rw_positive-run1-prior1	rw_positive	run1	1.0	none	False	sub-158	similar	1	offer_1_to_3	7	0.0	0.0017459614417535251	0.006466780095871307	1.0531057313137707e-09	6.746222007397018e-05	0.015932760666923274
fit-rw_positive-run1-prior1	rw_positive	run1	1.0	none	False	sub-158	similar	2	all	24	0.3333333333333333	0.31880976909142456	0.04925558907136971	0.23432691169077383	0.31387623617067256	0.4371065082211167
fit-rw_positive-run1-prior1	rw_positive	run1	1.0	none	False	sub-158	similar	2	offer_1	3	0.0	0.0014264527799907568	0.0060751277228525075	8.22303714712419e-11	2.8700806542153014e-05	0.013621520516593452
fit-rw_positive-run1-prior1	rw_positive	run1	1.0	none	False	sub-158	similar	2	offer_1_to_3	10	0.0	0.004492142762188607	0.013762131587569943	4.258926209142445e-08	0.0003471572605287083	0.039101656798932564
fit-rw_positive-run1-prior1	rw_positive	run1	1.0	none	False	sub-158	dissimilar	1	all	31	0.3225806451612903	0.32933598855135243	0.03919229590034576	0.25027077332940084	0.3295498739408058	0.4059454840185252
fit-rw_positive-run1-prior1	rw_positive	run1	1.0	none	False	sub-158	dissimilar	1	offer_1	1	0.0	0.00024503472187650024	0.0017078261592812173	5.368457737101409e-15	4.844397754723637e-07	0.002117570368486637
fit-rw_positive-run1-prior1	rw_positive	run1	1.0	none	False	sub-158	dissimilar	1	offer_1_to_3	8	0.0	0.0009070265508937108	0.0039302598343005845	3.91282020729397e-11	1.6849401983524424e-05	0.008607049099081584
fit-rw_positive-run1-prior1	rw_positive	run1	1.0	none	False	sub-158	dissimilar	2	all	16	0.4375	0.4066214045614344	0.04524398698592693	0.32769287744523	0.40154989997493695	0.5100372758418362
fit-rw_positive-run1-prior1	rw_positive	run1	1.0	none	False	sub-158	dissimilar	2	offer_1	5	0.0	0.00038050711676057634	0.0023553738734524753	2.1298260681801738e-14	1.088876140342766e-06	0.0033298284362486084
fit-rw_positive-run1-prior1	rw_positive	run1	1.0	none	False	sub-158	dissimilar	2	offer_1_to_3	6	0.0	0.0008081960712072532	0.0035746841964775324	7.863559047593904e-11	1.8050318222131715e-05	0.0072873621833534725
fit-rw_positive-run1-prior1	rw_positive	run1	1.0	none	False	sub-159	computer	1	all	16	0.375	0.3524327953981461	0.04945049241721135	0.24365677215151604	0.35866595606160034	0.44113808792650794
fit-rw_positive-run1-prior1	rw_positive	run1	1.0	none	False	sub-159	computer	1	offer_1	1	0.0	0.0003558456023388587	0.0024156031086478066	1.0503507381580489e-27	9.186463687536556e-08	0.003152460163878172
fit-rw_positive-run1-prior1	rw_positive	run1	1.0	none	False	sub-159	computer	1	offer_1_to_3	4	0.0	0.0012392877325988606	0.005506994661357034	9.711631841556394e-20	6.846948910101765e-06	0.012280611158353456
fit-rw_positive-run1-prior1	rw_positive	run1	1.0	none	False	sub-159	computer	2	all	32	0.34375	0.3493957790483716	0.04887766445233187	0.23840525697464307	0.3575747081283539	0.42703320356337293
fit-rw_positive-run1-prior1	rw_positive	run1	1.0	none	False	sub-159	computer	2	offer_1	3	0.0	0.0003813637974187549	0.0025545086710442844	1.8216640222063944e-27	1.1078206988126116e-07	0.003413410344054544
fit-rw_positive-run1-prior1	rw_positive	run1	1.0	none	False	sub-159	computer	2	offer_1_to_3	11	0.0	0.0012880506156301424	0.0056634223363223515	1.718977585012195e-19	7.81481348324831e-06	0.013030109843254254
fit-rw_positive-run1-prior1	rw_positive	run1	1.0	none	False	sub-159	similar	1	all	24	0.20833333333333334	0.24486104392140234	0.05952258184024976	0.13600519018122909	0.24250563198924296	0.3688895573557188
fit-rw_positive-run1-prior1	rw_positive	run1	1.0	none	False	sub-159	similar	1	offer_1	1	0.0	0.0015476132670626099	0.0058007286743822365	1.2826691149708352e-08	7.925603717423601e-05	0.013977223231627062
fit-rw_positive-run1-prior1	rw_positive	run1	1.0	none	False	sub-159	similar	1	offer_1_to_3	6	0.0	0.004971177402486665	0.01221005431925756	1.4576577667009436e-06	0.0008408368006757574	0.038329326469433427
fit-rw_positive-run1-prior1	rw_positive	run1	1.0	none	False	sub-159	similar	2	all	24	0.4583333333333333	0.20481184766820465	0.03686521527047823	0.13526331388174875	0.20341007142540485	0.2846734943555992
fit-rw_positive-run1-prior1	rw_positive	run1	1.0	none	False	sub-159	similar	2	offer_1	2	0.0	0.0017887735051834632	0.0065633921483072635	1.8044692789909523e-08	9.905024797428574e-05	0.01622136661216959
fit-rw_positive-run1-prior1	rw_positive	run1	1.0	none	False	sub-159	similar	2	offer_1_to_3	6	0.0	0.004163582906464549	0.010945365266068032	1.0337013084822421e-06	0.0006319756421488132	0.03283622824724454
fit-rw_positive-run1-prior1	rw_positive	run1	1.0	none	False	sub-159	dissimilar	1	all	32	0.21875	0.2218040977203975	0.03923774975281967	0.14736901858033127	0.2210576232587617	0.3007424794496278
fit-rw_positive-run1-prior1	rw_positive	run1	1.0	none	False	sub-159	dissimilar	1	offer_1	2	0.0	8.70868224465672e-05	0.0008741002047052747	6.425314811201661e-25	3.782788691806371e-09	0.0005550587038974731
fit-rw_positive-run1-prior1	rw_positive	run1	1.0	none	False	sub-159	dissimilar	1	offer_1_to_3	7	0.0	0.00028317886108375934	0.0019224662583681021	2.0214498234706716e-18	3.415203573696675e-07	0.0024479479600589566
fit-rw_positive-run1-prior1	rw_positive	run1	1.0	none	False	sub-159	dissimilar	2	all	16	0.4375	0.19129831796979313	0.05712287683912982	0.09935084448606737	0.18563711768667981	0.3257133601037929
fit-rw_positive-run1-prior1	rw_positive	run1	1.0	none	False	sub-159	dissimilar	2	offer_1	1	0.0	0.00011331710775550789	0.0011259293998991107	2.7848131250791555e-24	6.6717371335095555e-09	0.0007430260080581138
fit-rw_positive-run1-prior1	rw_positive	run1	1.0	none	False	sub-159	dissimilar	2	offer_1_to_3	6	0.0	0.00042991776738781235	0.002713522877159472	6.6938483868765465e-18	7.501485916602043e-07	0.0038550374656371716
fit-rw_positive_bias-full-prior1	rw_positive_bias	full	1.0	none	False	sub-104	computer	1	all	32	1.0	0.9952748337592463	0.005596129248727942	0.9796136681786168	0.9971919425672675	0.9999352715756455
fit-rw_positive_bias-full-prior1	rw_positive_bias	full	1.0	none	False	sub-104	computer	1	offer_1	3	1.0	0.9689858144019439	0.042888160298443063	0.8474540316889149	0.9836422045562125	0.9995757289230726
fit-rw_positive_bias-full-prior1	rw_positive_bias	full	1.0	none	False	sub-104	computer	1	offer_1_to_3	8	1.0	0.9848771346874161	0.019026848271495225	0.9325712119744622	0.9913673934253564	0.9997848649941207
fit-rw_positive_bias-full-prior1	rw_positive_bias	full	1.0	none	False	sub-104	computer	2	all	16	1.0	0.996675126961229	0.004527256278134646	0.9839616432413225	0.9983377500132321	0.9999951731463438
fit-rw_positive_bias-full-prior1	rw_positive_bias	full	1.0	none	False	sub-104	computer	2	offer_1_to_3	5	1.0	0.9919607505559622	0.010945180888053957	0.9621453276608655	0.9958386266230046	0.9999848659791927
fit-rw_positive_bias-full-prior1	rw_positive_bias	full	1.0	none	False	sub-104	similar	1	all	24	1.0	0.9937273142156319	0.008280303439561024	0.9706507655682983	0.996653922913229	0.9999551975909364
fit-rw_positive_bias-full-prior1	rw_positive_bias	full	1.0	none	False	sub-104	similar	1	offer_1	3	1.0	0.9699352687862203	0.04658954105948334	0.8389234727938594	0.9859540683689749	0.9997598667896002
fit-rw_positive_bias-full-prior1	rw_positive_bias	full	1.0	none	False	sub-104	similar	1	offer_1_to_3	11	1.0	0.9873831580383843	0.017114800753428024	0.9396580906339395	0.9934092755178019	0.9999057943073253
fit-rw_positive_bias-full-prior1	rw_positive_bias	full	1.0	none	False	sub-104	similar	2	all	24	1.0	0.9971668934977572	0.004371794618320192	0.9855441730756854	0.9987297007952558	0.9999994329567866
fit-rw_positive_bias-full-prior1	rw_positive_bias	full	1.0	none	False	sub-104	similar	2	offer_1_to_3	6	1.0	0.9911052577860714	0.014443772144620563	0.9559443120747897	0.9959280973361679	0.9999977643930998
fit-rw_positive_bias-full-prior1	rw_positive_bias	full	1.0	none	False	sub-104	dissimilar	1	all	16	1.0	0.995829162053589	0.005537704400351652	0.9805782535028366	0.9977636323370999	0.9999675393943527
fit-rw_positive_bias-full-prior1	rw_positive_bias	full	1.0	none	False	sub-104	dissimilar	1	offer_1	1	1.0	0.9669316233331932	0.05227325404319603	0.8234629014090459	0.9846141887050031	0.9996984669012607
fit-rw_positive_bias-full-prior1	rw_positive_bias	full	1.0	none	False	sub-104	dissimilar	1	offer_1_to_3	4	1.0	0.9868103674479192	0.018673888109667868	0.9357268029484435	0.99307502712487	0.999885889163306
fit-rw_positive_bias-full-prior1	rw_positive_bias	full	1.0	none	False	sub-104	dissimilar	2	all	32	1.0	0.995803481130084	0.005367059435574405	0.9809116665232277	0.9977007295451816	0.9999700444002523
fit-rw_positive_bias-full-prior1	rw_positive_bias	full	1.0	none	False	sub-104	dissimilar	2	offer_1	1	1.0	0.9563098720754744	0.07417534446359751	0.7467231905072872	0.981387338999905	0.9996290201313561
fit-rw_positive_bias-full-prior1	rw_positive_bias	full	1.0	none	False	sub-104	dissimilar	2	offer_1_to_3	9	1.0	0.987741844673607	0.01631243542969061	0.9425535473120505	0.9933722112572672	0.9999053497618766
fit-rw_positive_bias-full-prior1	rw_positive_bias	full	1.0	none	False	sub-105	computer	1	all	15	0.6	0.6416193645640826	0.030926236903650275	0.5750698937220236	0.6433704149329644	0.6989421749414578
fit-rw_positive_bias-full-prior1	rw_positive_bias	full	1.0	none	False	sub-105	computer	1	offer_1	3	0.0	0.049684035969763174	0.03664754144421375	0.005648348074293287	0.04102851228343535	0.14384410778433004
fit-rw_positive_bias-full-prior1	rw_positive_bias	full	1.0	none	False	sub-105	computer	1	offer_1_to_3	5	0.0	0.06923150570220026	0.049129871040217654	0.007644282965883436	0.05836581988032628	0.19246952756706226
fit-rw_positive_bias-full-prior1	rw_positive_bias	full	1.0	none	False	sub-105	computer	2	all	32	0.6875	0.6805343811396928	0.033755917165715424	0.616875987111548	0.6798823240023296	0.7490986184621752
fit-rw_positive_bias-full-prior1	rw_positive_bias	full	1.0	none	False	sub-105	computer	2	offer_1	5	0.0	0.07043248286819531	0.04641483408654615	0.011016147398961229	0.06029882834471046	0.18724685323504098
fit-rw_positive_bias-full-prior1	rw_positive_bias	full	1.0	none	False	sub-105	computer	2	offer_1_to_3	12	0.25	0.23379806336191586	0.06948333018604613	0.11689725741187146	0.22742973624663804	0.38717281521964486
fit-rw_positive_bias-full-prior1	rw_positive_bias	full	1.0	none	False	sub-105	similar	1	all	24	0.7083333333333334	0.7524569787215185	0.03344499181241813	0.6843317313751169	0.7530533627182425	0.8168442072128475
fit-rw_positive_bias-full-prior1	rw_positive_bias	full	1.0	none	False	sub-105	similar	1	offer_1_to_3	6	0.3333333333333333	0.1972042215347335	0.08947330733361106	0.04661286286815934	0.19103751993903983	0.3895761499190123
fit-rw_positive_bias-full-prior1	rw_positive_bias	full	1.0	none	False	sub-105	similar	2	all	24	0.625	0.6374556870627562	0.044682102279784884	0.5492483931752613	0.6377801435734032	0.7234937404601796
fit-rw_positive_bias-full-prior1	rw_positive_bias	full	1.0	none	False	sub-105	similar	2	offer_1	3	0.0	0.06448276559595854	0.048445004612731574	0.005597306597905491	0.0532702171336643	0.18802515165483022
fit-rw_positive_bias-full-prior1	rw_positive_bias	full	1.0	none	False	sub-105	similar	2	offer_1_to_3	10	0.1	0.23693085231650365	0.07826138696864392	0.09684163304201204	0.23240514777574095	0.4027230080651172
fit-rw_positive_bias-full-prior1	rw_positive_bias	full	1.0	none	False	sub-105	dissimilar	1	all	32	0.6875	0.6837949235289901	0.03230970299738737	0.6227362029686039	0.6827813445970201	0.7532230818469328
fit-rw_positive_bias-full-prior1	rw_positive_bias	full	1.0	none	False	sub-105	dissimilar	1	offer_1	2	0.0	0.04542247508996966	0.04606458330945713	0.0017712713330116008	0.03100459621251664	0.17348879557064795
fit-rw_positive_bias-full-prior1	rw_positive_bias	full	1.0	none	False	sub-105	dissimilar	1	offer_1_to_3	10	0.1	0.12214974860340412	0.07354743656928309	0.022097079118145277	0.10782926724572106	0.3029665268503588
fit-rw_positive_bias-full-prior1	rw_positive_bias	full	1.0	none	False	sub-105	dissimilar	2	all	16	0.875	0.7899371352208533	0.037437056393876844	0.7121804820741847	0.7915875308689413	0.8575842076228305
fit-rw_positive_bias-full-prior1	rw_positive_bias	full	1.0	none	False	sub-105	dissimilar	2	offer_1	2	0.0	0.0607492826413837	0.06221945689111191	0.0022580142925646435	0.04053593718333253	0.23561286402007747
fit-rw_positive_bias-full-prior1	rw_positive_bias	full	1.0	none	False	sub-105	dissimilar	2	offer_1_to_3	4	0.5	0.31060116599830506	0.0835318716046104	0.15675231559674666	0.3084141976832015	0.47776104392476093
fit-rw_positive_bias-full-prior1	rw_positive_bias	full	1.0	none	False	sub-106	computer	1	all	16	0.4375	0.4194491461483115	0.02337786351439016	0.36665659574554077	0.42185334855371187	0.45997458938721836
fit-rw_positive_bias-full-prior1	rw_positive_bias	full	1.0	none	False	sub-106	computer	1	offer_1	3	0.0	9.005570620638754e-06	7.30692528009685e-05	7.606601910201766e-22	6.6618428927340256e-09	6.862084717788645e-05
fit-rw_positive_bias-full-prior1	rw_positive_bias	full	1.0	none	False	sub-106	computer	1	offer_1_to_3	5	0.0	2.4093104851839455e-05	0.00015476080088138968	1.6654370561967105e-18	8.29157180926544e-08	0.00020793845106073492
fit-rw_positive_bias-full-prior1	rw_positive_bias	full	1.0	none	False	sub-106	computer	2	all	32	0.40625	0.42718098246254577	0.02084959727444335	0.38191686354670684	0.42842798210864996	0.46590103117499504
fit-rw_positive_bias-full-prior1	rw_positive_bias	full	1.0	none	False	sub-106	computer	2	offer_1	5	0.0	1.037694096005006e-05	8.266780865592738e-05	1.2806943574245639e-21	8.449507880191314e-09	8.063479660755866e-05
fit-rw_positive_bias-full-prior1	rw_positive_bias	full	1.0	none	False	sub-106	computer	2	offer_1_to_3	12	0.0	7.672849485202317e-05	0.0003674451700520517	4.908825836898038e-15	1.255334897843339e-06	0.0006967813010988069
fit-rw_positive_bias-full-prior1	rw_positive_bias	full	1.0	none	False	sub-106	similar	1	all	24	0.5416666666666666	0.5332687050389582	0.017389933451527066	0.48775012271349916	0.537817377866588	0.5603694662674769
fit-rw_positive_bias-full-prior1	rw_positive_bias	full	1.0	none	False	sub-106	similar	1	offer_1	3	0.0	2.928118175663402e-06	6.26250492295508e-05	3.869775405203739e-44	9.878872726961553e-14	6.459858760698833e-06
fit-rw_positive_bias-full-prior1	rw_positive_bias	full	1.0	none	False	sub-106	similar	1	offer_1_to_3	6	0.0	2.042293708347542e-05	0.00023718145183419272	3.59696877544034e-29	9.053602370524329e-10	0.0001287802518142237
fit-rw_positive_bias-full-prior1	rw_positive_bias	full	1.0	none	False	sub-106	similar	2	all	24	0.3333333333333333	0.33925452946681706	0.01870426918882316	0.30226133041260017	0.33627580266390966	0.3815359937837407
fit-rw_positive_bias-full-prior1	rw_positive_bias	full	1.0	none	False	sub-106	similar	2	offer_1	2	0.0	3.322015273400302e-06	6.943821847667345e-05	8.748906241751116e-44	1.4323816835417232e-13	7.78549468365604e-06
fit-rw_positive_bias-full-prior1	rw_positive_bias	full	1.0	none	False	sub-106	similar	2	offer_1_to_3	7	0.0	3.5638909394593185e-05	0.0003805601960891537	1.3430423988491634e-28	2.1911912913463584e-09	0.00024495353146938864
fit-rw_positive_bias-full-prior1	rw_positive_bias	full	1.0	none	False	sub-106	dissimilar	1	all	32	0.46875	0.4400914136329975	0.01788952990227957	0.4038147942623085	0.439924495851044	0.47588328128848745
fit-rw_positive_bias-full-prior1	rw_positive_bias	full	1.0	none	False	sub-106	dissimilar	1	offer_1	3	0.0	7.199550610734338e-05	0.0004279996181681229	3.001102514396915e-17	8.649620480740239e-07	0.0005950319913374847
fit-rw_positive_bias-full-prior1	rw_positive_bias	full	1.0	none	False	sub-106	dissimilar	1	offer_1_to_3	10	0.0	0.000550977880578398	0.0017644433022441515	3.1855633210643656e-11	5.116741629611839e-05	0.004437384608773858
fit-rw_positive_bias-full-prior1	rw_positive_bias	full	1.0	none	False	sub-106	dissimilar	2	all	16	0.375	0.4251622501663258	0.01936333026459716	0.3815625718309756	0.4272304005412894	0.4628346178021458
fit-rw_positive_bias-full-prior1	rw_positive_bias	full	1.0	none	False	sub-106	dissimilar	2	offer_1	2	0.0	7.643225952694941e-05	0.00045123731173450356	3.869291509615083e-17	9.428241739308369e-07	0.0006349460712972052
fit-rw_positive_bias-full-prior1	rw_positive_bias	full	1.0	none	False	sub-106	dissimilar	2	offer_1_to_3	5	0.0	0.0007423547524982279	0.002204457624228172	5.2224665302072614e-11	8.0320454313722e-05	0.005876867087837723
fit-rw_positive_bias-full-prior1	rw_positive_bias	full	1.0	none	False	sub-107	computer	1	all	32	0.375	0.44139206733120456	0.045353109311445074	0.34968815916661344	0.4424128849786948	0.5282298955521679
fit-rw_positive_bias-full-prior1	rw_positive_bias	full	1.0	none	False	sub-107	computer	1	offer_1	4	0.0	0.0017840288179733382	0.0036707561703634584	1.8025430398904384e-05	0.0006837695319546257	0.01033880234802719
fit-rw_positive_bias-full-prior1	rw_positive_bias	full	1.0	none	False	sub-107	computer	1	offer_1_to_3	12	0.0	0.07995027125140187	0.03829549460043819	0.020150830293656316	0.07469735699899968	0.16811787740181972
fit-rw_positive_bias-full-prior1	rw_positive_bias	full	1.0	none	False	sub-107	computer	2	all	16	0.4375	0.4209987777216996	0.03808836652206879	0.3463002457580542	0.4206312766547219	0.49653230653870944
fit-rw_positive_bias-full-prior1	rw_positive_bias	full	1.0	none	False	sub-107	computer	2	offer_1	5	0.0	0.007771606141842714	0.008940121643533064	0.00014070133908835719	0.0048586745273450985	0.03257018868058624
fit-rw_positive_bias-full-prior1	rw_positive_bias	full	1.0	none	False	sub-107	computer	2	offer_1_to_3	6	0.0	0.01425101636628203	0.013797190455176777	0.0005819585150758699	0.010153884609860107	0.05134557923599443
fit-rw_positive_bias-full-prior1	rw_positive_bias	full	1.0	none	False	sub-107	similar	1	all	24	0.5416666666666666	0.49949431469379246	0.03259016280049519	0.42820428665941235	0.5021996865262992	0.5547994908486956
fit-rw_positive_bias-full-prior1	rw_positive_bias	full	1.0	none	False	sub-107	similar	1	offer_1	2	0.0	0.003093058658010858	0.007221588936609705	1.2963694038844528e-06	0.000617308092470896	0.021847840215688266
fit-rw_positive_bias-full-prior1	rw_positive_bias	full	1.0	none	False	sub-107	similar	1	offer_1_to_3	10	0.0	0.014085784833500597	0.017552242839355147	0.0005518886546324505	0.008679122256646653	0.06499707004289058
fit-rw_positive_bias-full-prior1	rw_positive_bias	full	1.0	none	False	sub-107	similar	2	all	23	0.6956521739130435	0.688626707969294	0.03172262060568726	0.6219456028418479	0.6895710019906588	0.7486798623368477
fit-rw_positive_bias-full-prior1	rw_positive_bias	full	1.0	none	False	sub-107	similar	2	offer_1	4	0.0	0.00320995891459674	0.006374908105008718	8.934871448853259e-06	0.0012465384378907603	0.017663135716801337
fit-rw_positive_bias-full-prior1	rw_positive_bias	full	1.0	none	False	sub-107	similar	2	offer_1_to_3	5	0.0	0.08914897361882848	0.03456969004580821	0.01523138248210436	0.09011498046005158	0.1534703410454466
fit-rw_positive_bias-full-prior1	rw_positive_bias	full	1.0	none	False	sub-107	dissimilar	1	all	16	0.4375	0.48702782124164773	0.036580891482917245	0.4082207542199753	0.48908875347743497	0.5545566394492492
fit-rw_positive_bias-full-prior1	rw_positive_bias	full	1.0	none	False	sub-107	dissimilar	1	offer_1	1	0.0	0.0076664608417165445	0.01035824435739115	1.353335074683475e-05	0.00401729654813261	0.036787849009006626
fit-rw_positive_bias-full-prior1	rw_positive_bias	full	1.0	none	False	sub-107	dissimilar	1	offer_1_to_3	4	0.0	0.008357505421948503	0.011206878285086418	2.6836199742815937e-05	0.004521692072695805	0.03906244811157056
fit-rw_positive_bias-full-prior1	rw_positive_bias	full	1.0	none	False	sub-107	dissimilar	2	all	31	0.5161290322580645	0.5005835947582564	0.03621426014856767	0.42443619473511074	0.5021826712548476	0.5674154016076373
fit-rw_positive_bias-full-prior1	rw_positive_bias	full	1.0	none	False	sub-107	dissimilar	2	offer_1	3	0.0	0.004196579258344035	0.006214152052079978	1.2934159206078173e-05	0.0020062878256783337	0.02138080755124521
fit-rw_positive_bias-full-prior1	rw_positive_bias	full	1.0	none	False	sub-107	dissimilar	2	offer_1_to_3	11	0.0	0.0469515185657609	0.02563074320623133	0.007737953079829227	0.04356602136944658	0.10614639184035869
fit-rw_positive_bias-full-prior1	rw_positive_bias	full	1.0	none	False	sub-108	computer	1	all	32	0.53125	0.5770925992926491	0.027964957253897492	0.5228701871271438	0.5766149137557929	0.6334289002610413
fit-rw_positive_bias-full-prior1	rw_positive_bias	full	1.0	none	False	sub-108	computer	1	offer_1	2	0.0	0.011117347120988233	0.013641166409177242	8.112869945383459e-05	0.006384600149003892	0.04846371916308151
fit-rw_positive_bias-full-prior1	rw_positive_bias	full	1.0	none	False	sub-108	computer	1	offer_1_to_3	11	0.0	0.057727127959451195	0.04050557115142157	0.004805779645828018	0.049455225793733334	0.15707281103860457
fit-rw_positive_bias-full-prior1	rw_positive_bias	full	1.0	none	False	sub-108	computer	2	all	16	0.5625	0.5818127019008348	0.03671035992847178	0.5117319578134969	0.5814476388220445	0.6558985924954862
fit-rw_positive_bias-full-prior1	rw_positive_bias	full	1.0	none	False	sub-108	computer	2	offer_1	2	0.0	0.012458561761218952	0.015735817941664124	6.469006820638807e-05	0.006977786069197514	0.05608952642267846
fit-rw_positive_bias-full-prior1	rw_positive_bias	full	1.0	none	False	sub-108	computer	2	offer_1_to_3	5	0.0	0.07747817017229786	0.048663550980606755	0.008071471093134296	0.06954384435431589	0.1925913994095248
fit-rw_positive_bias-full-prior1	rw_positive_bias	full	1.0	none	False	sub-108	similar	1	all	24	0.6666666666666666	0.5756578103454721	0.052716672473103784	0.4784833145513848	0.5741803652778703	0.683056606846796
fit-rw_positive_bias-full-prior1	rw_positive_bias	full	1.0	none	False	sub-108	similar	1	offer_1	2	0.0	0.06718746874936335	0.051259287823650586	0.007396571448281291	0.05443186226005886	0.20022383137887123
fit-rw_positive_bias-full-prior1	rw_positive_bias	full	1.0	none	False	sub-108	similar	1	offer_1_to_3	10	0.2	0.21351253175775028	0.08081994324538683	0.08235604814001005	0.20494543701622223	0.39426368574464776
fit-rw_positive_bias-full-prior1	rw_positive_bias	full	1.0	none	False	sub-108	similar	2	all	24	0.7083333333333334	0.7059510820887085	0.03549061185703151	0.6394869987409868	0.704399587232894	0.7791600582326763
fit-rw_positive_bias-full-prior1	rw_positive_bias	full	1.0	none	False	sub-108	similar	2	offer_1	2	0.5	0.08609784490625275	0.06098091253206264	0.010207570958931584	0.07247575974785524	0.24174260210785495
fit-rw_positive_bias-full-prior1	rw_positive_bias	full	1.0	none	False	sub-108	similar	2	offer_1_to_3	8	0.25	0.2215496776227648	0.0843775109188297	0.083820115169525	0.21273850668707694	0.4080850385889544
fit-rw_positive_bias-full-prior1	rw_positive_bias	full	1.0	none	False	sub-108	dissimilar	1	all	16	0.5625	0.5812919716737442	0.038786720943052334	0.508238746644418	0.5777513511217702	0.6674098541184657
fit-rw_positive_bias-full-prior1	rw_positive_bias	full	1.0	none	False	sub-108	dissimilar	1	offer_1	1	0.0	0.0009942972255057817	0.0031450073309552402	4.1783218291280735e-08	0.0001040012108179633	0.008252536092869321
fit-rw_positive_bias-full-prior1	rw_positive_bias	full	1.0	none	False	sub-108	dissimilar	1	offer_1_to_3	2	0.0	0.010692798606011283	0.015707654202784836	7.062176918600695e-05	0.0049608952366977516	0.05581708693919043
fit-rw_positive_bias-full-prior1	rw_positive_bias	full	1.0	none	False	sub-108	dissimilar	2	all	32	0.5625	0.5684810831457223	0.026001651924974112	0.5182936731707033	0.5675327437826365	0.6230356052137653
fit-rw_positive_bias-full-prior1	rw_positive_bias	full	1.0	none	False	sub-108	dissimilar	2	offer_1	5	0.0	0.0015030408481965353	0.0042752781993682645	1.023920334591903e-07	0.0002005398328959027	0.011925735313951724
fit-rw_positive_bias-full-prior1	rw_positive_bias	full	1.0	none	False	sub-108	dissimilar	2	offer_1_to_3	9	0.0	0.008860881316976266	0.01262885255464404	0.00010251601397767217	0.004389079465022663	0.04490590047437099
fit-rw_positive_bias-full-prior1	rw_positive_bias	full	1.0	none	False	sub-109	computer	1	all	13	1.0	0.9749647962194307	0.018686963156309872	0.9281856862533364	0.9794499973953187	0.9976798331163292
fit-rw_positive_bias-full-prior1	rw_positive_bias	full	1.0	none	False	sub-109	computer	1	offer_1_to_3	3	1.0	0.906089609135266	0.07110455113975402	0.7263090557293634	0.923994786144686	0.991183972331063
fit-rw_positive_bias-full-prior1	rw_positive_bias	full	1.0	none	False	sub-109	computer	2	all	28	0.8928571428571429	0.907537387185489	0.020866855821874905	0.8676274997097517	0.9065828859314911	0.9504739104669079
fit-rw_positive_bias-full-prior1	rw_positive_bias	full	1.0	none	False	sub-109	computer	2	offer_1	3	0.3333333333333333	0.28637617732697684	0.15455858627396554	0.04450637566821573	0.26851638669360334	0.6283379057310633
fit-rw_positive_bias-full-prior1	rw_positive_bias	full	1.0	none	False	sub-109	computer	2	offer_1_to_3	8	0.75	0.6857927270913818	0.07001865653191511	0.5581643860378566	0.6812727071725819	0.8329536915159694
fit-rw_positive_bias-full-prior1	rw_positive_bias	full	1.0	none	False	sub-109	similar	1	all	22	0.9545454545454546	0.9223787960571964	0.01412006108419017	0.895622821263876	0.9214436688821617	0.9519636108398861
fit-rw_positive_bias-full-prior1	rw_positive_bias	full	1.0	none	False	sub-109	similar	1	offer_1	2	0.5	0.2416105785916243	0.136495426315848	0.032553410810700456	0.2239811586272638	0.5482796281037305
fit-rw_positive_bias-full-prior1	rw_positive_bias	full	1.0	none	False	sub-109	similar	1	offer_1_to_3	5	0.8	0.666685007156939	0.05913869480000612	0.5624410507913528	0.6609824901404799	0.7951980206890529
fit-rw_positive_bias-full-prior1	rw_positive_bias	full	1.0	none	False	sub-109	similar	2	all	20	0.75	0.7933800969166814	0.03450206316741272	0.7386135602715652	0.7890609908472657	0.8711068694710429
fit-rw_positive_bias-full-prior1	rw_positive_bias	full	1.0	none	False	sub-109	similar	2	offer_1	5	0.0	0.2283811857451286	0.13528182098014258	0.026790082487077857	0.20905547600054386	0.534948399189227
fit-rw_positive_bias-full-prior1	rw_positive_bias	full	1.0	none	False	sub-109	similar	2	offer_1_to_3	8	0.375	0.48804853564919826	0.08642364544456395	0.35362122961027426	0.47694006042098996	0.6833490241066031
fit-rw_positive_bias-full-prior1	rw_positive_bias	full	1.0	none	False	sub-109	dissimilar	1	all	29	0.9655172413793104	0.9542180734558134	0.019151540594470894	0.9057824996951146	0.9584068672280937	0.9826018508710387
fit-rw_positive_bias-full-prior1	rw_positive_bias	full	1.0	none	False	sub-109	dissimilar	1	offer_1	1	0.0	0.2909908942801515	0.2035439504663092	0.007424115967584461	0.2604111807453707	0.7406528803338994
fit-rw_positive_bias-full-prior1	rw_positive_bias	full	1.0	none	False	sub-109	dissimilar	1	offer_1_to_3	11	0.9090909090909091	0.8818663804782038	0.048515568654790404	0.760820600015282	0.8922284766684658	0.9549870683437043
fit-rw_positive_bias-full-prior1	rw_positive_bias	full	1.0	none	False	sub-109	dissimilar	2	all	14	0.8571428571428571	0.8700054754078048	0.023996773656946434	0.8273398087312062	0.8657016801716861	0.9251621213933874
fit-rw_positive_bias-full-prior1	rw_positive_bias	full	1.0	none	False	sub-109	dissimilar	2	offer_1	2	0.0	0.18237343116539934	0.15887076416471385	0.0014458566806901637	0.14173526174413842	0.5731733611019925
fit-rw_positive_bias-full-prior1	rw_positive_bias	full	1.0	none	False	sub-109	dissimilar	2	offer_1_to_3	5	0.6	0.638893290891149	0.06770568026588374	0.5202640749249421	0.6263210993975337	0.7960508752013036
fit-rw_positive_bias-full-prior1	rw_positive_bias	full	1.0	none	False	sub-110	computer	1	all	16	0.75	0.6898029103596083	0.03585847729014673	0.6196577857136416	0.6899205715500876	0.7609679101751196
fit-rw_positive_bias-full-prior1	rw_positive_bias	full	1.0	none	False	sub-110	computer	1	offer_1	2	0.5	0.06254650976162456	0.04097889104985928	0.010785223273608577	0.05359556852809128	0.16578929543500837
fit-rw_positive_bias-full-prior1	rw_positive_bias	full	1.0	none	False	sub-110	computer	1	offer_1_to_3	4	0.75	0.1484438062741852	0.05944445956111119	0.05505415540815776	0.140965959153265	0.28636633318665466
fit-rw_positive_bias-full-prior1	rw_positive_bias	full	1.0	none	False	sub-110	computer	2	all	32	0.625	0.6500302805182239	0.032894643705746844	0.5888154370971156	0.6486459745503453	0.7188961950884619
fit-rw_positive_bias-full-prior1	rw_positive_bias	full	1.0	none	False	sub-110	computer	2	offer_1	5	0.0	0.07380260420821237	0.04593315344571413	0.014130766742673653	0.06410255588354674	0.18775928703146622
fit-rw_positive_bias-full-prior1	rw_positive_bias	full	1.0	none	False	sub-110	computer	2	offer_1_to_3	11	0.09090909090909091	0.1568327049730706	0.062224691074206494	0.059339683085372914	0.14901831360923362	0.2991601163382664
fit-rw_positive_bias-full-prior1	rw_positive_bias	full	1.0	none	False	sub-110	similar	1	all	24	0.6666666666666666	0.7123924615802171	0.03660991907718561	0.6404567428279192	0.7128449992371859	0.7830947324291542
fit-rw_positive_bias-full-prior1	rw_positive_bias	full	1.0	none	False	sub-110	similar	1	offer_1	1	0.0	0.015094859711268832	0.0201868497019052	0.00020215828504475478	0.007629333787274364	0.0716720552175604
fit-rw_positive_bias-full-prior1	rw_positive_bias	full	1.0	none	False	sub-110	similar	1	offer_1_to_3	5	0.0	0.10532180565021582	0.06676578071248397	0.015412800699529657	0.09207875784700498	0.26461541898279434
fit-rw_positive_bias-full-prior1	rw_positive_bias	full	1.0	none	False	sub-110	similar	2	all	24	0.5416666666666666	0.5316379804087904	0.03536562473062418	0.46738211576851646	0.5303138566571138	0.6045864775448305
fit-rw_positive_bias-full-prior1	rw_positive_bias	full	1.0	none	False	sub-110	similar	2	offer_1	6	0.0	0.018242030721510184	0.02321334334761548	0.0002842074967880419	0.009774704344484289	0.08366436433292292
fit-rw_positive_bias-full-prior1	rw_positive_bias	full	1.0	none	False	sub-110	similar	2	offer_1_to_3	10	0.1	0.06948461900611368	0.04634071722859999	0.010265827638183475	0.059237150375642963	0.1836760759472001
fit-rw_positive_bias-full-prior1	rw_positive_bias	full	1.0	none	False	sub-110	dissimilar	1	all	32	0.65625	0.6414029542564657	0.03465571561624775	0.5796956800628682	0.6393336624824375	0.7150111727135048
fit-rw_positive_bias-full-prior1	rw_positive_bias	full	1.0	none	False	sub-110	dissimilar	1	offer_1	4	0.0	0.06815383829286416	0.0485945726145009	0.009730783430466792	0.05626743731635941	0.1951323252851121
fit-rw_positive_bias-full-prior1	rw_positive_bias	full	1.0	none	False	sub-110	dissimilar	1	offer_1_to_3	13	0.15384615384615385	0.2034759608485707	0.07295827102265592	0.08432222959976789	0.1958357946634119	0.3682735291412104
fit-rw_positive_bias-full-prior1	rw_positive_bias	full	1.0	none	False	sub-110	dissimilar	2	all	16	0.6875	0.6750100038000687	0.04170060639712669	0.6004360183760801	0.6726565862664403	0.7642725713540901
fit-rw_positive_bias-full-prior1	rw_positive_bias	full	1.0	none	False	sub-110	dissimilar	2	offer_1_to_3	6	0.3333333333333333	0.2517420188812644	0.08982174856743952	0.10409485433613754	0.24272379745450165	0.4494249871207462
fit-rw_positive_bias-full-prior1	rw_positive_bias	full	1.0	none	False	sub-111	computer	1	all	16	0.5625	0.550590346997055	0.031595152969463094	0.5015633434448761	0.5463256890011402	0.621201242671855
fit-rw_positive_bias-full-prior1	rw_positive_bias	full	1.0	none	False	sub-111	computer	1	offer_1	3	0.0	0.00048779323200579124	0.0017992613641817884	4.1121120764907564e-08	4.9229174286055266e-05	0.003849437338973576
fit-rw_positive_bias-full-prior1	rw_positive_bias	full	1.0	none	False	sub-111	computer	1	offer_1_to_3	5	0.0	0.005647479795481231	0.008344607175211809	7.139427928649313e-05	0.0027454338373176946	0.02870022983827345
fit-rw_positive_bias-full-prior1	rw_positive_bias	full	1.0	none	False	sub-111	computer	2	all	32	0.75	0.7438374648069376	0.019180024056969336	0.701817330870313	0.7452627268645173	0.7818766432338502
fit-rw_positive_bias-full-prior1	rw_positive_bias	full	1.0	none	False	sub-111	computer	2	offer_1	6	0.0	0.03476129160539099	0.03842258467517297	0.0007659574045661392	0.021816278656150084	0.14210546438058572
fit-rw_positive_bias-full-prior1	rw_positive_bias	full	1.0	none	False	sub-111	computer	2	offer_1_to_3	8	0.0	0.04415898702636782	0.0445682129846641	0.0014483918768651328	0.0299030007590457	0.1661432100790166
fit-rw_positive_bias-full-prior1	rw_positive_bias	full	1.0	none	False	sub-111	similar	1	all	24	0.5416666666666666	0.5633811517880766	0.03323635853226537	0.49848754603559425	0.5636271502339925	0.6260873067629728
fit-rw_positive_bias-full-prior1	rw_positive_bias	full	1.0	none	False	sub-111	similar	1	offer_1	4	0.0	7.615698470484751e-05	0.00042959071014009233	4.895621351085748e-13	9.359122185691944e-07	0.000676858949615315
fit-rw_positive_bias-full-prior1	rw_positive_bias	full	1.0	none	False	sub-111	similar	1	offer_1_to_3	6	0.0	0.0004985687627717102	0.0018126157140398054	9.540507002405251e-10	3.0857671580370436e-05	0.0043838770870260335
fit-rw_positive_bias-full-prior1	rw_positive_bias	full	1.0	none	False	sub-111	similar	2	all	24	0.625	0.627006291521683	0.032900649222177177	0.5606429497473033	0.6279984402436167	0.6878476014935038
fit-rw_positive_bias-full-prior1	rw_positive_bias	full	1.0	none	False	sub-111	similar	2	offer_1	4	0.0	0.003669787184296593	0.009500853631442475	5.7434617070941595e-08	0.00047219524266217964	0.029557461280134357
fit-rw_positive_bias-full-prior1	rw_positive_bias	full	1.0	none	False	sub-111	similar	2	offer_1_to_3	8	0.0	0.046022582117673703	0.03410883120098216	0.00299666336658316	0.03933543545011453	0.12838176954452232
fit-rw_positive_bias-full-prior1	rw_positive_bias	full	1.0	none	False	sub-111	dissimilar	1	all	31	0.6129032258064516	0.6239284992245799	0.03387088486757494	0.5633975208555545	0.621443135720781	0.6973353244169683
fit-rw_positive_bias-full-prior1	rw_positive_bias	full	1.0	none	False	sub-111	dissimilar	1	offer_1	4	0.0	0.04499547655808537	0.04151201126271091	0.0026761066937532815	0.03268477176747829	0.1577926760082442
fit-rw_positive_bias-full-prior1	rw_positive_bias	full	1.0	none	False	sub-111	dissimilar	1	offer_1_to_3	13	0.15384615384615385	0.16789583458967064	0.06701814442425406	0.06335637575655709	0.1591533016644086	0.32359302052366445
fit-rw_positive_bias-full-prior1	rw_positive_bias	full	1.0	none	False	sub-111	dissimilar	2	all	16	0.9375	0.8711972232610717	0.037113887102332	0.790247842347498	0.8737448410993922	0.9376203413355044
fit-rw_positive_bias-full-prior1	rw_positive_bias	full	1.0	none	False	sub-111	dissimilar	2	offer_1	2	0.5	0.26460617847635126	0.1478099393748921	0.039538484883545034	0.2461449722767256	0.5928000270877658
fit-rw_positive_bias-full-prior1	rw_positive_bias	full	1.0	none	False	sub-111	dissimilar	2	offer_1_to_3	6	0.8333333333333334	0.6658435172644238	0.09322377243531772	0.4658344965110916	0.670356080468187	0.8365528636812958
fit-rw_positive_bias-full-prior1	rw_positive_bias	full	1.0	none	False	sub-112	computer	1	all	32	0.84375	0.8396444141706679	0.030551448670662118	0.7783295835161004	0.8411382635209366	0.8957768445334275
fit-rw_positive_bias-full-prior1	rw_positive_bias	full	1.0	none	False	sub-112	computer	1	offer_1	2	0.5	0.09210455549283032	0.10636236753340543	0.0020727588823915917	0.05231855274585817	0.4005100867852442
fit-rw_positive_bias-full-prior1	rw_positive_bias	full	1.0	none	False	sub-112	computer	1	offer_1_to_3	9	0.4444444444444444	0.43716849037462224	0.10575031718397675	0.22579714498384135	0.44217125110808236	0.6342096927448688
fit-rw_positive_bias-full-prior1	rw_positive_bias	full	1.0	none	False	sub-112	computer	2	all	15	0.9333333333333333	0.8551946725114254	0.04327084163976971	0.7549319565927668	0.8625216730553242	0.9217083063664221
fit-rw_positive_bias-full-prior1	rw_positive_bias	full	1.0	none	False	sub-112	computer	2	offer_1	1	0.0	0.0031817732182102734	0.01378553310447684	6.845017798060266e-08	0.00019061536376628884	0.026685153555381154
fit-rw_positive_bias-full-prior1	rw_positive_bias	full	1.0	none	False	sub-112	computer	2	offer_1_to_3	2	0.5	0.16676858028846972	0.11757167267643692	0.013287382878431554	0.13978536786900947	0.435435593201657
fit-rw_positive_bias-full-prior1	rw_positive_bias	full	1.0	none	False	sub-112	similar	1	all	24	0.75	0.7648660330284759	0.018618224696819174	0.7306429376398941	0.7626105024906085	0.8049601891297319
fit-rw_positive_bias-full-prior1	rw_positive_bias	full	1.0	none	False	sub-112	similar	1	offer_1	3	0.0	0.015054340920165006	0.029205255521467893	2.1205602473751583e-07	0.002693384314209348	0.10582062213069182
fit-rw_positive_bias-full-prior1	rw_positive_bias	full	1.0	none	False	sub-112	similar	1	offer_1_to_3	7	0.14285714285714285	0.20326583519479702	0.06292028021649888	0.09820952713529296	0.19491578075517363	0.344283696813386
fit-rw_positive_bias-full-prior1	rw_positive_bias	full	1.0	none	False	sub-112	similar	2	all	24	0.75	0.7632127079707328	0.02295554659425158	0.7198594515384912	0.7607238647641497	0.8120421346789255
fit-rw_positive_bias-full-prior1	rw_positive_bias	full	1.0	none	False	sub-112	similar	2	offer_1	2	0.0	0.0011279815592070248	0.005021532662930649	2.3927766039571104e-12	1.6282280576818067e-05	0.010533616480042618
fit-rw_positive_bias-full-prior1	rw_positive_bias	full	1.0	none	False	sub-112	similar	2	offer_1_to_3	6	0.0	0.09008671856330877	0.07327124117024209	0.0014122231521811021	0.07388201768812375	0.26459910606172793
fit-rw_positive_bias-full-prior1	rw_positive_bias	full	1.0	none	False	sub-112	dissimilar	1	all	16	0.875	0.8629363415663944	0.02175308106694191	0.7954331213724654	0.8712296840291238	0.8820501417646897
fit-rw_positive_bias-full-prior1	rw_positive_bias	full	1.0	none	False	sub-112	dissimilar	1	offer_1	2	0.0	0.017787820582384057	0.037704924576284084	6.243224050777117e-08	0.0027932084456572456	0.1281006556567951
fit-rw_positive_bias-full-prior1	rw_positive_bias	full	1.0	none	False	sub-112	dissimilar	1	offer_1_to_3	5	0.6	0.5653662803010195	0.06581535163707729	0.3595600701244406	0.5898289186596835	0.6265948935411961
fit-rw_positive_bias-full-prior1	rw_positive_bias	full	1.0	none	False	sub-112	dissimilar	2	all	32	0.75	0.777093879162671	0.02745701896948883	0.7256497224144077	0.7754865981242876	0.8335496729044587
fit-rw_positive_bias-full-prior1	rw_positive_bias	full	1.0	none	False	sub-112	dissimilar	2	offer_1	2	0.0	0.0014394620166076357	0.007709578237811033	5.328675556289871e-13	1.1583363858949478e-05	0.013149265949255909
fit-rw_positive_bias-full-prior1	rw_positive_bias	full	1.0	none	False	sub-112	dissimilar	2	offer_1_to_3	8	0.0	0.15452750705713503	0.09495539161323734	0.011014717040330088	0.14328095832227103	0.361379229509339
fit-rw_positive_bias-full-prior1	rw_positive_bias	full	1.0	none	False	sub-113	computer	1	all	32	0.46875	0.48554728295827265	0.026456255476303245	0.43318854210486946	0.48526437110711595	0.5381935233230767
fit-rw_positive_bias-full-prior1	rw_positive_bias	full	1.0	none	False	sub-113	computer	1	offer_1	6	0.0	0.0005634301749583741	0.0015603904922972998	1.711661404065819e-11	9.815708107482852e-05	0.0040965029515431595
fit-rw_positive_bias-full-prior1	rw_positive_bias	full	1.0	none	False	sub-113	computer	1	offer_1_to_3	10	0.0	0.002095733652983092	0.003699592812565081	1.924659667261521e-07	0.0008217881214744343	0.011997428457065711
fit-rw_positive_bias-full-prior1	rw_positive_bias	full	1.0	none	False	sub-113	computer	2	all	16	0.4375	0.4700205122449284	0.02914535268228005	0.4137493126123841	0.46943555310875384	0.5288998870838889
fit-rw_positive_bias-full-prior1	rw_positive_bias	full	1.0	none	False	sub-113	computer	2	offer_1	3	0.0	0.0007183899680657523	0.0019660785123810968	1.676560576201372e-12	0.00013070358688324304	0.005218777432297914
fit-rw_positive_bias-full-prior1	rw_positive_bias	full	1.0	none	False	sub-113	computer	2	offer_1_to_3	5	0.0	0.003906317176067625	0.005858768576174852	2.448634158673854e-07	0.001874788609236381	0.019694100630359496
fit-rw_positive_bias-full-prior1	rw_positive_bias	full	1.0	none	False	sub-113	similar	1	all	24	0.4583333333333333	0.41204125035925554	0.02547162294968038	0.35965001935173435	0.41291134838576166	0.46003410486144897
fit-rw_positive_bias-full-prior1	rw_positive_bias	full	1.0	none	False	sub-113	similar	1	offer_1	4	0.0	0.0008015862493714789	0.002433614396199438	1.5202898155174652e-11	9.43961330725129e-05	0.006347500977716121
fit-rw_positive_bias-full-prior1	rw_positive_bias	full	1.0	none	False	sub-113	similar	1	offer_1_to_3	10	0.0	0.0032497572722819234	0.006336504923380302	4.156882041724236e-07	0.0010302644140005107	0.02025560966988497
fit-rw_positive_bias-full-prior1	rw_positive_bias	full	1.0	none	False	sub-113	similar	2	all	24	0.5833333333333334	0.6365762983458504	0.02158176829065187	0.5843597700201905	0.6402926786181047	0.6680430370692828
fit-rw_positive_bias-full-prior1	rw_positive_bias	full	1.0	none	False	sub-113	similar	2	offer_1	3	0.0	0.0009585148910859077	0.002917133408320552	5.025300296946509e-12	0.00010757950905232057	0.007600065002757737
fit-rw_positive_bias-full-prior1	rw_positive_bias	full	1.0	none	False	sub-113	similar	2	offer_1_to_3	7	0.0	0.004726430208914569	0.00863185126070091	3.282069974882507e-07	0.0016308097285375716	0.02853157776437144
fit-rw_positive_bias-full-prior1	rw_positive_bias	full	1.0	none	False	sub-113	dissimilar	1	all	16	0.5625	0.528605506423571	0.027928437055681616	0.4744743808242573	0.5278893627028756	0.5815518164248084
fit-rw_positive_bias-full-prior1	rw_positive_bias	full	1.0	none	False	sub-113	dissimilar	1	offer_1	2	0.0	0.0003580129307961176	0.0014758823129195115	2.9456060249054163e-17	1.2269695362648203e-05	0.003088161318892158
fit-rw_positive_bias-full-prior1	rw_positive_bias	full	1.0	none	False	sub-113	dissimilar	1	offer_1_to_3	4	0.0	0.0024886180298771495	0.005334403054005761	2.260931243501618e-09	0.0006058088128117976	0.016632461632271018
fit-rw_positive_bias-full-prior1	rw_positive_bias	full	1.0	none	False	sub-113	dissimilar	2	all	32	0.53125	0.5227637183174432	0.020455892715079305	0.48427838575282156	0.522019980167867	0.5640232355635788
fit-rw_positive_bias-full-prior1	rw_positive_bias	full	1.0	none	False	sub-113	dissimilar	2	offer_1	4	0.0	0.00046213148537798933	0.0018205343670032218	1.4621926160624102e-18	1.8309248396134042e-05	0.004036370641707664
fit-rw_positive_bias-full-prior1	rw_positive_bias	full	1.0	none	False	sub-113	dissimilar	2	offer_1_to_3	11	0.0	0.006118322748147619	0.011060748162076788	3.6692224467602575e-10	0.0019602480785685834	0.037295410878894326
fit-rw_positive_bias-full-prior1	rw_positive_bias	full	1.0	none	False	sub-115	computer	1	all	15	0.5333333333333333	0.5599120692039543	0.04707217895651393	0.4635964853670942	0.5608110959377395	0.6487378832743825
fit-rw_positive_bias-full-prior1	rw_positive_bias	full	1.0	none	False	sub-115	computer	1	offer_1	1	1.0	0.41270505552327486	0.07155724788976911	0.26816202053972665	0.41423757375524023	0.5470271235274276
fit-rw_positive_bias-full-prior1	rw_positive_bias	full	1.0	none	False	sub-115	computer	1	offer_1_to_3	6	0.5	0.4593022901545915	0.06273394963866927	0.33039099277996603	0.4611006914543588	0.575668873107582
fit-rw_positive_bias-full-prior1	rw_positive_bias	full	1.0	none	False	sub-115	computer	2	all	31	0.6129032258064516	0.584885024899398	0.04549204662287843	0.49448920068136604	0.5852490454712302	0.6732174202570645
fit-rw_positive_bias-full-prior1	rw_positive_bias	full	1.0	none	False	sub-115	computer	2	offer_1	3	1.0	0.409082010225258	0.07522538789644612	0.2561579618701102	0.4109234241642879	0.5499323612176772
fit-rw_positive_bias-full-prior1	rw_positive_bias	full	1.0	none	False	sub-115	computer	2	offer_1_to_3	10	0.5	0.4544778276866376	0.062461447118747605	0.3293125533546298	0.45527304057581075	0.5727820664698329
fit-rw_positive_bias-full-prior1	rw_positive_bias	full	1.0	none	False	sub-115	similar	1	all	24	0.4166666666666667	0.6058775412022792	0.04974976875668805	0.5030395070848374	0.6073502281071428	0.6992650043587805
fit-rw_positive_bias-full-prior1	rw_positive_bias	full	1.0	none	False	sub-115	similar	1	offer_1	1	0.0	0.38666636903894885	0.08985568942214239	0.18570512003718953	0.39484740275708874	0.5425333559891026
fit-rw_positive_bias-full-prior1	rw_positive_bias	full	1.0	none	False	sub-115	similar	1	offer_1_to_3	7	0.2857142857142857	0.4588080251390625	0.07370032471768588	0.29161827625265224	0.46534829441301995	0.5845761991921523
fit-rw_positive_bias-full-prior1	rw_positive_bias	full	1.0	none	False	sub-115	similar	2	all	23	0.6521739130434783	0.5719767181666181	0.0491354211026639	0.4709742794506243	0.5731889688316086	0.6643989901760884
fit-rw_positive_bias-full-prior1	rw_positive_bias	full	1.0	none	False	sub-115	similar	2	offer_1	3	1.0	0.40551833735553117	0.07882425199249803	0.23775785020365148	0.40972888623501835	0.5486377784368226
fit-rw_positive_bias-full-prior1	rw_positive_bias	full	1.0	none	False	sub-115	similar	2	offer_1_to_3	9	0.7777777777777778	0.4555896467782674	0.068426968361729	0.30757008843988637	0.4598823515941983	0.5783248988568328
fit-rw_positive_bias-full-prior1	rw_positive_bias	full	1.0	none	False	sub-115	dissimilar	1	all	32	0.65625	0.6033349354713657	0.048587095511464055	0.5089543062627988	0.6030553332111128	0.6992506294544161
fit-rw_positive_bias-full-prior1	rw_positive_bias	full	1.0	none	False	sub-115	dissimilar	1	offer_1	6	0.6666666666666666	0.40943825526700245	0.07512850865846427	0.2587845484863095	0.41080142186019386	0.5516151693973674
fit-rw_positive_bias-full-prior1	rw_positive_bias	full	1.0	none	False	sub-115	dissimilar	1	offer_1_to_3	11	0.6363636363636364	0.4533231517201576	0.06518114100004137	0.32346455192387075	0.45426336840540404	0.5767372986499625
fit-rw_positive_bias-full-prior1	rw_positive_bias	full	1.0	none	False	sub-115	dissimilar	2	all	16	0.625	0.6152606618848874	0.04898224936893128	0.5200858210467839	0.6151352987076677	0.7109754325582484
fit-rw_positive_bias-full-prior1	rw_positive_bias	full	1.0	none	False	sub-115	dissimilar	2	offer_1	2	1.0	0.42223411733709537	0.07366068703343175	0.27709803746018064	0.42275124067945613	0.5652060512350366
fit-rw_positive_bias-full-prior1	rw_positive_bias	full	1.0	none	False	sub-115	dissimilar	2	offer_1_to_3	6	0.8333333333333334	0.48138955622957313	0.06146392394678862	0.35896027510355283	0.48189019033665204	0.5999334585005663
fit-rw_positive_bias-full-prior1	rw_positive_bias	full	1.0	none	False	sub-116	computer	1	all	16	0.4375	0.4404745486513498	0.02237544195974159	0.38848113897920217	0.44015338676606813	0.4856274719397857
fit-rw_positive_bias-full-prior1	rw_positive_bias	full	1.0	none	False	sub-116	computer	1	offer_1	4	0.0	1.8811027524812226e-07	5.203318516282503e-06	8.180017977364005e-37	4.6948621205958585e-15	1.8456316215016498e-07
fit-rw_positive_bias-full-prior1	rw_positive_bias	full	1.0	none	False	sub-116	computer	1	offer_1_to_3	4	0.0	1.8811027524812226e-07	5.203318516282503e-06	8.180017977364005e-37	4.6948621205958585e-15	1.8456316215016498e-07
fit-rw_positive_bias-full-prior1	rw_positive_bias	full	1.0	none	False	sub-116	computer	2	all	32	0.4375	0.4442877652391441	0.015540703352476091	0.41317627634522713	0.44233024449395286	0.478654393524626
fit-rw_positive_bias-full-prior1	rw_positive_bias	full	1.0	none	False	sub-116	computer	2	offer_1	2	0.0	2.1511645259511739e-07	6.337722707371632e-06	1.3743698385312258e-36	6.112971857676024e-15	2.15902215967947e-07
fit-rw_positive_bias-full-prior1	rw_positive_bias	full	1.0	none	False	sub-116	computer	2	offer_1_to_3	10	0.0	4.0448664697988286e-06	5.810876170969858e-05	7.209872094845564e-24	2.558346057751602e-10	1.8417113430400672e-05
fit-rw_positive_bias-full-prior1	rw_positive_bias	full	1.0	none	False	sub-116	similar	1	all	24	0.5833333333333334	0.5586620641473913	0.016617905359191668	0.5297791345759536	0.5561895133622218	0.5952194776687079
fit-rw_positive_bias-full-prior1	rw_positive_bias	full	1.0	none	False	sub-116	similar	1	offer_1	1	0.0	4.657700185695485e-07	1.4577655487679566e-05	2.0228879930937587e-43	3.7273200974348884e-16	2.5305060211673926e-07
fit-rw_positive_bias-full-prior1	rw_positive_bias	full	1.0	none	False	sub-116	similar	1	offer_1_to_3	6	0.0	1.8995138302714157e-05	0.00024578035233048214	1.0283706338673183e-26	2.362533709357214e-10	7.861207282242196e-05
fit-rw_positive_bias-full-prior1	rw_positive_bias	full	1.0	none	False	sub-116	similar	2	all	24	0.3333333333333333	0.355022810139154	0.0173675800109431	0.32640451814409194	0.35289897754129496	0.3922132625569495
fit-rw_positive_bias-full-prior1	rw_positive_bias	full	1.0	none	False	sub-116	similar	2	offer_1	5	0.0	5.109858096257826e-07	1.5495887236048776e-05	3.1011407539764673e-43	4.62954691195988e-16	2.9472513215943634e-07
fit-rw_positive_bias-full-prior1	rw_positive_bias	full	1.0	none	False	sub-116	similar	2	offer_1_to_3	12	0.0	6.155101066567752e-06	9.420313712043402e-05	3.422015694774094e-27	6.90681097503319e-11	2.191673287296564e-05
fit-rw_positive_bias-full-prior1	rw_positive_bias	full	1.0	none	False	sub-116	dissimilar	1	all	31	0.4838709677419355	0.4742326335639776	0.02111839456215941	0.44067254173131265	0.4707282500294066	0.5236001718891344
fit-rw_positive_bias-full-prior1	rw_positive_bias	full	1.0	none	False	sub-116	dissimilar	1	offer_1	1	0.0	4.805354164201269e-07	1.5933283219165932e-05	4.107149985885713e-43	9.904013283253866e-16	3.0396390739795854e-07
fit-rw_positive_bias-full-prior1	rw_positive_bias	full	1.0	none	False	sub-116	dissimilar	1	offer_1_to_3	11	0.0	1.1620130811499198e-05	0.00017275727884463992	7.638099199459715e-27	2.4292204850292164e-10	4.8280368233705964e-05
fit-rw_positive_bias-full-prior1	rw_positive_bias	full	1.0	none	False	sub-116	dissimilar	2	all	16	0.4375	0.4514518678081745	0.011671451753749984	0.43396439664791764	0.44952806973415493	0.47831878503677133
fit-rw_positive_bias-full-prior1	rw_positive_bias	full	1.0	none	False	sub-116	dissimilar	2	offer_1	4	0.0	5.484921689069446e-07	1.7517479168291056e-05	7.126233515113786e-43	1.4372847199899995e-15	3.7409032820014717e-07
fit-rw_positive_bias-full-prior1	rw_positive_bias	full	1.0	none	False	sub-116	dissimilar	2	offer_1_to_3	6	0.0	5.360873633919725e-06	8.186010045084567e-05	4.552547524501113e-27	1.252739100488265e-10	2.2079905909978573e-05
fit-rw_positive_bias-full-prior1	rw_positive_bias	full	1.0	none	False	sub-117	computer	1	all	32	0.8125	0.8231585935060681	0.019857357907226966	0.7799270179704	0.8250612747868544	0.860304417179367
fit-rw_positive_bias-full-prior1	rw_positive_bias	full	1.0	none	False	sub-117	computer	1	offer_1	5	0.0	0.047053144272434975	0.05901908427878336	2.6684000961636292e-05	0.024598619767048777	0.2125730163187774
fit-rw_positive_bias-full-prior1	rw_positive_bias	full	1.0	none	False	sub-117	computer	1	offer_1_to_3	11	0.45454545454545453	0.48670952581342264	0.057577799184765674	0.36112589260253336	0.49222760592478554	0.5945228051104241
fit-rw_positive_bias-full-prior1	rw_positive_bias	full	1.0	none	False	sub-117	computer	2	all	16	0.875	0.8647783470564819	0.013917849552268666	0.8362660883135579	0.8653572030254093	0.893660753980301
fit-rw_positive_bias-full-prior1	rw_positive_bias	full	1.0	none	False	sub-117	computer	2	offer_1	2	0.0	0.0473718946524506	0.06225298363796792	1.9699904041242087e-05	0.023158831111464787	0.2256439399040713
fit-rw_positive_bias-full-prior1	rw_positive_bias	full	1.0	none	False	sub-117	computer	2	offer_1_to_3	5	0.6	0.5686777822166393	0.04357500763640172	0.4805329563932116	0.5700676546071076	0.660540681010112
fit-rw_positive_bias-full-prior1	rw_positive_bias	full	1.0	none	False	sub-117	similar	1	all	24	0.7916666666666666	0.8067765330184596	0.023408769799726042	0.7528940796263799	0.8101827776306942	0.8457137791206032
fit-rw_positive_bias-full-prior1	rw_positive_bias	full	1.0	none	False	sub-117	similar	1	offer_1	4	0.0	0.03678248210937789	0.05581761418296753	6.554706348915222e-07	0.013666734333803473	0.1991339538727719
fit-rw_positive_bias-full-prior1	rw_positive_bias	full	1.0	none	False	sub-117	similar	1	offer_1_to_3	9	0.4444444444444444	0.4856926988140352	0.062255026594308684	0.34278291174089476	0.4948082432555434	0.5893071350917185
fit-rw_positive_bias-full-prior1	rw_positive_bias	full	1.0	none	False	sub-117	similar	2	all	24	0.875	0.8559309226664512	0.01810789436810877	0.8148913920802374	0.8584888818829783	0.8855227510047625
fit-rw_positive_bias-full-prior1	rw_positive_bias	full	1.0	none	False	sub-117	similar	2	offer_1	3	0.0	0.03528164985368927	0.05425622069312827	6.491328646801408e-07	0.012729142164971747	0.1943009689193185
fit-rw_positive_bias-full-prior1	rw_positive_bias	full	1.0	none	False	sub-117	similar	2	offer_1_to_3	6	0.5	0.42467550496931594	0.07202320596320237	0.2612955256347062	0.43472985670835007	0.5427740466999446
fit-rw_positive_bias-full-prior1	rw_positive_bias	full	1.0	none	False	sub-117	dissimilar	1	all	16	0.9375	0.95950054185358	0.026571835652819592	0.8942883216213771	0.9649009725322553	0.9950179057116844
fit-rw_positive_bias-full-prior1	rw_positive_bias	full	1.0	none	False	sub-117	dissimilar	1	offer_1_to_3	5	0.8	0.8714393501492367	0.0845865156448576	0.6637419256786721	0.8887113273412903	0.984228814034664
fit-rw_positive_bias-full-prior1	rw_positive_bias	full	1.0	none	False	sub-117	dissimilar	2	all	32	0.84375	0.8300679880601174	0.017244279451517408	0.7945578116893885	0.8309117112283719	0.8664788348569153
fit-rw_positive_bias-full-prior1	rw_positive_bias	full	1.0	none	False	sub-117	dissimilar	2	offer_1	5	0.0	0.04430550762325385	0.06653451657496333	1.0420068033159833e-06	0.016756025721379034	0.23706368666254024
fit-rw_positive_bias-full-prior1	rw_positive_bias	full	1.0	none	False	sub-117	dissimilar	2	offer_1_to_3	12	0.5833333333333334	0.5473921171338471	0.04579988860284896	0.45338768196108636	0.5495272439753442	0.6442554349592116
fit-rw_positive_bias-full-prior1	rw_positive_bias	full	1.0	none	False	sub-118	computer	1	all	16	0.5	0.6517408644610831	0.06237980265945718	0.5236365613424434	0.6536491483069973	0.7676175116700985
fit-rw_positive_bias-full-prior1	rw_positive_bias	full	1.0	none	False	sub-118	computer	1	offer_1	2	0.0	0.3037942691973216	0.11793154301264698	0.10228897971538235	0.29467449397104767	0.5531472861529485
fit-rw_positive_bias-full-prior1	rw_positive_bias	full	1.0	none	False	sub-118	computer	1	offer_1_to_3	7	0.42857142857142855	0.46432329939346634	0.09247792333432245	0.2849446588201517	0.46430819307707877	0.6438356947456262
fit-rw_positive_bias-full-prior1	rw_positive_bias	full	1.0	none	False	sub-118	computer	2	all	32	0.9375	0.8080956111879128	0.042254538012531075	0.720656610141382	0.809770097687577	0.8865573262490449
fit-rw_positive_bias-full-prior1	rw_positive_bias	full	1.0	none	False	sub-118	computer	2	offer_1	4	0.75	0.5514202515846445	0.08618148136464177	0.37583853296636843	0.5530970399666082	0.714100618556471
fit-rw_positive_bias-full-prior1	rw_positive_bias	full	1.0	none	False	sub-118	computer	2	offer_1_to_3	10	0.9	0.6373987388269311	0.07223927008734393	0.4896235603440488	0.6389073350631596	0.7740623191692934
fit-rw_positive_bias-full-prior1	rw_positive_bias	full	1.0	none	False	sub-118	similar	1	all	24	0.6666666666666666	0.7592535006200651	0.046937044527531425	0.661167178371128	0.7613208154563382	0.8450590384289693
fit-rw_positive_bias-full-prior1	rw_positive_bias	full	1.0	none	False	sub-118	similar	1	offer_1	3	0.3333333333333333	0.4532073383032422	0.11760055843258894	0.2263431329305859	0.45311665008590085	0.6776789948837079
fit-rw_positive_bias-full-prior1	rw_positive_bias	full	1.0	none	False	sub-118	similar	1	offer_1_to_3	4	0.25	0.4693016349554188	0.11499990902267743	0.24455882485168987	0.4702002241236113	0.6870101140452879
fit-rw_positive_bias-full-prior1	rw_positive_bias	full	1.0	none	False	sub-118	similar	2	all	24	0.875	0.7904261588509544	0.047829394100578425	0.6901161741692754	0.7927205248998044	0.8761513971351659
fit-rw_positive_bias-full-prior1	rw_positive_bias	full	1.0	none	False	sub-118	similar	2	offer_1	5	1.0	0.59336176488978	0.09370246965425091	0.3985942417953384	0.5987830000395362	0.7626220340997064
fit-rw_positive_bias-full-prior1	rw_positive_bias	full	1.0	none	False	sub-118	similar	2	offer_1_to_3	11	0.8181818181818182	0.6636236519238169	0.07687923530068153	0.5016676864022513	0.6680208714765915	0.8011669418747024
fit-rw_positive_bias-full-prior1	rw_positive_bias	full	1.0	none	False	sub-118	dissimilar	1	all	32	0.5625	0.6530134190118331	0.05780425872216705	0.5413924184373166	0.6532747693158965	0.7648127708261387
fit-rw_positive_bias-full-prior1	rw_positive_bias	full	1.0	none	False	sub-118	dissimilar	1	offer_1	2	0.0	0.24423869563863415	0.10826990969196311	0.07541804472724567	0.2311189274599631	0.48789897687197953
fit-rw_positive_bias-full-prior1	rw_positive_bias	full	1.0	none	False	sub-118	dissimilar	1	offer_1_to_3	11	0.09090909090909091	0.352277755549827	0.10486361760653926	0.16993388847048801	0.3463735750938458	0.5725166644050724
fit-rw_positive_bias-full-prior1	rw_positive_bias	full	1.0	none	False	sub-118	dissimilar	2	all	16	0.875	0.7893789968243274	0.04331373145586886	0.6949035878845173	0.7927280690693536	0.8641606177185891
fit-rw_positive_bias-full-prior1	rw_positive_bias	full	1.0	none	False	sub-118	dissimilar	2	offer_1	2	1.0	0.3283256961080342	0.11402473840288273	0.12430753406900796	0.324033170701293	0.5572580514437872
fit-rw_positive_bias-full-prior1	rw_positive_bias	full	1.0	none	False	sub-118	dissimilar	2	offer_1_to_3	4	1.0	0.4891609156606999	0.09363352028670643	0.30236439777478097	0.491721267632241	0.6638494547219516
fit-rw_positive_bias-full-prior1	rw_positive_bias	full	1.0	none	False	sub-121	computer	1	all	32	0.46875	0.5750145199657242	0.03830711889462142	0.49593251170490327	0.5766077832990906	0.6458053997518122
fit-rw_positive_bias-full-prior1	rw_positive_bias	full	1.0	none	False	sub-121	computer	1	offer_1	2	0.0	0.022096059978038596	0.022562877213559478	0.0004158864040001525	0.015155809268862563	0.08355343497890858
fit-rw_positive_bias-full-prior1	rw_positive_bias	full	1.0	none	False	sub-121	computer	1	offer_1_to_3	13	0.0	0.08537402814704505	0.057377043170266984	0.0038086319578495556	0.07798677972506377	0.21371814571364636
fit-rw_positive_bias-full-prior1	rw_positive_bias	full	1.0	none	False	sub-121	computer	2	all	16	0.75	0.6886824484209898	0.04724891954891039	0.5943582573758869	0.6894729642676038	0.7765637141046343
fit-rw_positive_bias-full-prior1	rw_positive_bias	full	1.0	none	False	sub-121	computer	2	offer_1	2	0.0	0.02989368185988898	0.029754647182255938	0.0007053946381225404	0.020761770187693526	0.1106581581557398
fit-rw_positive_bias-full-prior1	rw_positive_bias	full	1.0	none	False	sub-121	computer	2	offer_1_to_3	5	0.2	0.1766242948657973	0.07672108105994316	0.053879265781263654	0.1671673843233706	0.34754818074778876
fit-rw_positive_bias-full-prior1	rw_positive_bias	full	1.0	none	False	sub-121	similar	1	all	24	0.5833333333333334	0.5434723229859145	0.03276096019776528	0.4796663186470443	0.5429312132617767	0.6090457938059611
fit-rw_positive_bias-full-prior1	rw_positive_bias	full	1.0	none	False	sub-121	similar	1	offer_1	6	0.0	0.024478843597173693	0.028015153380633644	0.0005433914873024834	0.015309492348194084	0.10164391612033918
fit-rw_positive_bias-full-prior1	rw_positive_bias	full	1.0	none	False	sub-121	similar	1	offer_1_to_3	11	0.09090909090909091	0.08373904086155633	0.0500251557144932	0.0128829933187942	0.0760493750588585	0.20231161343995552
fit-rw_positive_bias-full-prior1	rw_positive_bias	full	1.0	none	False	sub-121	similar	2	all	24	0.7916666666666666	0.7734153282851013	0.03518639478790339	0.7071386728680545	0.7725112028714726	0.8435180317217679
fit-rw_positive_bias-full-prior1	rw_positive_bias	full	1.0	none	False	sub-121	similar	2	offer_1	3	0.0	0.03674975235854762	0.04404830767536835	0.0004140171517966377	0.02156773302413797	0.16119690508161905
fit-rw_positive_bias-full-prior1	rw_positive_bias	full	1.0	none	False	sub-121	similar	2	offer_1_to_3	7	0.2857142857142857	0.2795392620598066	0.09650789494848512	0.11379074523315404	0.27210482874991593	0.4857688144956676
fit-rw_positive_bias-full-prior1	rw_positive_bias	full	1.0	none	False	sub-121	dissimilar	1	all	16	0.6875	0.6285275117634526	0.04501533351897978	0.5485723771504253	0.6270817467360337	0.7203805306631891
fit-rw_positive_bias-full-prior1	rw_positive_bias	full	1.0	none	False	sub-121	dissimilar	1	offer_1	3	0.0	0.01345546363570043	0.01700431613748962	0.0001844938008192697	0.007589402216089175	0.06106877873680856
fit-rw_positive_bias-full-prior1	rw_positive_bias	full	1.0	none	False	sub-121	dissimilar	1	offer_1_to_3	6	0.3333333333333333	0.1178052611572415	0.07510906801307549	0.015637040865124407	0.10399361828152809	0.29373017295549647
fit-rw_positive_bias-full-prior1	rw_positive_bias	full	1.0	none	False	sub-121	dissimilar	2	all	32	0.65625	0.6607178167382433	0.030803174060040916	0.6043654787307596	0.6588677368446437	0.7281031415890707
fit-rw_positive_bias-full-prior1	rw_positive_bias	full	1.0	none	False	sub-121	dissimilar	2	offer_1	3	0.0	0.02915512840652867	0.0359995935722349	0.0001887550843743999	0.016473073486660102	0.1309541259691443
fit-rw_positive_bias-full-prior1	rw_positive_bias	full	1.0	none	False	sub-121	dissimilar	2	offer_1_to_3	11	0.0	0.12033106271903055	0.06532152628396994	0.02864096891386122	0.1083813289589929	0.2806806641282399
fit-rw_positive_bias-full-prior1	rw_positive_bias	full	1.0	none	False	sub-122	computer	1	all	32	0.90625	0.9101539741485833	0.02551743249351177	0.8554116050317335	0.9120768640586927	0.954310421407708
fit-rw_positive_bias-full-prior1	rw_positive_bias	full	1.0	none	False	sub-122	computer	1	offer_1	6	0.8333333333333334	0.6926052251102874	0.09579028538895307	0.48492079894408924	0.6998193898189857	0.8572929966888256
fit-rw_positive_bias-full-prior1	rw_positive_bias	full	1.0	none	False	sub-122	computer	1	offer_1_to_3	12	0.75	0.7874553255755783	0.061791530049574904	0.6546956053551112	0.7920397549192002	0.8941311861035097
fit-rw_positive_bias-full-prior1	rw_positive_bias	full	1.0	none	False	sub-122	computer	2	all	16	0.9375	0.9129927734117557	0.027221848629865368	0.8550522353487321	0.9147353933957911	0.960681655673184
fit-rw_positive_bias-full-prior1	rw_positive_bias	full	1.0	none	False	sub-122	computer	2	offer_1	3	0.6666666666666666	0.7007292351615394	0.09903427408970682	0.4835698332605775	0.7090656295447917	0.867384034581419
fit-rw_positive_bias-full-prior1	rw_positive_bias	full	1.0	none	False	sub-122	computer	2	offer_1_to_3	5	0.8	0.7590437011831201	0.07841804568965811	0.5892295420263847	0.7648142038506789	0.8938174144065661
fit-rw_positive_bias-full-prior1	rw_positive_bias	full	1.0	none	False	sub-122	similar	1	all	24	1.0	0.911429867073585	0.031697412832894595	0.8432462537652565	0.9138968941835325	0.9665376062163966
fit-rw_positive_bias-full-prior1	rw_positive_bias	full	1.0	none	False	sub-122	similar	1	offer_1	4	1.0	0.6995223558206338	0.10849283918918018	0.45866216888933703	0.7098104008807378	0.8787619653259445
fit-rw_positive_bias-full-prior1	rw_positive_bias	full	1.0	none	False	sub-122	similar	1	offer_1_to_3	11	1.0	0.8207760029969168	0.06424135123909212	0.6814969629648654	0.8263474799875364	0.930192199681883
fit-rw_positive_bias-full-prior1	rw_positive_bias	full	1.0	none	False	sub-122	similar	2	all	24	0.875	0.9157974025311624	0.02790809828258143	0.8560611377957518	0.9178823118478704	0.9642692785021417
fit-rw_positive_bias-full-prior1	rw_positive_bias	full	1.0	none	False	sub-122	similar	2	offer_1	6	0.5	0.700722031640488	0.11089589902814373	0.45686281115837885	0.7108044742207116	0.8837119666952286
fit-rw_positive_bias-full-prior1	rw_positive_bias	full	1.0	none	False	sub-122	similar	2	offer_1_to_3	7	0.5714285714285714	0.7345026134783835	0.09591383169570998	0.5240954720277646	0.7425807829956785	0.8947515688870931
fit-rw_positive_bias-full-prior1	rw_positive_bias	full	1.0	none	False	sub-122	dissimilar	1	all	15	0.8	0.9086914963140398	0.03976228522553138	0.8109448890638353	0.9159786531215419	0.9662642154429777
fit-rw_positive_bias-full-prior1	rw_positive_bias	full	1.0	none	False	sub-122	dissimilar	1	offer_1	1	0.0	0.5954953419979385	0.19589586633622616	0.15466243945572858	0.6348175407609896	0.8835101899933667
fit-rw_positive_bias-full-prior1	rw_positive_bias	full	1.0	none	False	sub-122	dissimilar	1	offer_1_to_3	5	0.4	0.7531767055416955	0.11684775949778047	0.4599087860748291	0.7786288035817766	0.914210497588918
fit-rw_positive_bias-full-prior1	rw_positive_bias	full	1.0	none	False	sub-122	dissimilar	2	all	32	0.9375	0.9289740613073706	0.025828099969827698	0.8688260622293965	0.9323354301972191	0.9692482743651851
fit-rw_positive_bias-full-prior1	rw_positive_bias	full	1.0	none	False	sub-122	dissimilar	2	offer_1	1	1.0	0.5755552788388621	0.17296201899497654	0.18776765855341557	0.6037588798910808	0.8402253536025316
fit-rw_positive_bias-full-prior1	rw_positive_bias	full	1.0	none	False	sub-122	dissimilar	2	offer_1_to_3	9	0.7777777777777778	0.8034717900453038	0.07303302595299707	0.628265590644402	0.8150151000249488	0.9137752384362307
fit-rw_positive_bias-full-prior1	rw_positive_bias	full	1.0	none	False	sub-124	computer	1	all	31	0.9354838709677419	0.9287048578299182	0.013946347563086187	0.8950188124242582	0.9318958453246842	0.9550555360470506
fit-rw_positive_bias-full-prior1	rw_positive_bias	full	1.0	none	False	sub-124	computer	1	offer_1	4	0.5	0.4576073639001119	0.10288111368720923	0.20885693521243653	0.4792630637750157	0.6572093180389663
fit-rw_positive_bias-full-prior1	rw_positive_bias	full	1.0	none	False	sub-124	computer	1	offer_1_to_3	12	0.8333333333333334	0.8159259826754415	0.03596658047390522	0.7292747028421671	0.8241045005069585	0.8840061838010314
fit-rw_positive_bias-full-prior1	rw_positive_bias	full	1.0	none	False	sub-124	computer	2	all	16	0.875	0.8783128289351523	0.01748650593173881	0.8408556917973029	0.8754107510237494	0.9197187140773577
fit-rw_positive_bias-full-prior1	rw_positive_bias	full	1.0	none	False	sub-124	computer	2	offer_1	2	0.0	0.07525776086823009	0.11235915436664212	2.2126040141967483e-09	0.02298064661321287	0.4023325995270817
fit-rw_positive_bias-full-prior1	rw_positive_bias	full	1.0	none	False	sub-124	computer	2	offer_1_to_3	6	0.6666666666666666	0.6756375078585091	0.046585769946488435	0.5757724179521359	0.6677844953016752	0.7859600949928283
fit-rw_positive_bias-full-prior1	rw_positive_bias	full	1.0	none	False	sub-124	similar	1	all	24	0.875	0.8924652757977046	0.01996627411788412	0.8749999514623882	0.884988406860477	0.945383387756928
fit-rw_positive_bias-full-prior1	rw_positive_bias	full	1.0	none	False	sub-124	similar	1	offer_1	3	0.0	0.14269686892406605	0.16116192901535675	4.433523450916182e-06	0.08236767992822991	0.568310100631014
fit-rw_positive_bias-full-prior1	rw_positive_bias	full	1.0	none	False	sub-124	similar	1	offer_1_to_3	10	0.7	0.7419950065184042	0.0479546624420335	0.6999999859625607	0.7240400512950753	0.8691644486255852
fit-rw_positive_bias-full-prior1	rw_positive_bias	full	1.0	none	False	sub-124	similar	2	all	24	0.9583333333333334	0.9534570082501647	0.011173480908636903	0.9187356515669136	0.9579949145201629	0.9614422603213878
fit-rw_positive_bias-full-prior1	rw_positive_bias	full	1.0	none	False	sub-124	similar	2	offer_1	1	0.0	0.01634859038892624	0.04944764561986236	3.475228779185242e-19	0.00024140922932237743	0.1631029796628629
fit-rw_positive_bias-full-prior1	rw_positive_bias	full	1.0	none	False	sub-124	similar	2	offer_1_to_3	6	0.8333333333333334	0.8139335080684766	0.04460451577048207	0.6760672680206496	0.8319865807151794	0.8458681157008727
fit-rw_positive_bias-full-prior1	rw_positive_bias	full	1.0	none	False	sub-124	dissimilar	1	all	16	1.0	0.9833217882610225	0.020852884514831995	0.9231499113746545	0.9918558019449889	0.9999979068353
fit-rw_positive_bias-full-prior1	rw_positive_bias	full	1.0	none	False	sub-124	dissimilar	1	offer_1	2	1.0	0.8699175752715441	0.16355328307580788	0.39436265385851266	0.937127113575557	0.9999832618883335
fit-rw_positive_bias-full-prior1	rw_positive_bias	full	1.0	none	False	sub-124	dissimilar	1	offer_1_to_3	5	1.0	0.9468706270561079	0.06650111528154223	0.7552388412456736	0.9740416071329376	0.9999933018729643
fit-rw_positive_bias-full-prior1	rw_positive_bias	full	1.0	none	False	sub-124	dissimilar	2	all	32	0.875	0.873278189667716	0.01327011559803375	0.8430945437689988	0.8747782123663226	0.9048441521780776
fit-rw_positive_bias-full-prior1	rw_positive_bias	full	1.0	none	False	sub-124	dissimilar	2	offer_1	4	0.0	0.03465489986097685	0.07553646271849963	1.6314576097572657e-16	0.0025101576474547875	0.27291866548442345
fit-rw_positive_bias-full-prior1	rw_positive_bias	full	1.0	none	False	sub-124	dissimilar	2	offer_1_to_3	12	0.6666666666666666	0.6622295628462369	0.03537074473166968	0.5819178424120554	0.6660999986401179	0.7467941334590208
fit-rw_positive_bias-full-prior1	rw_positive_bias	full	1.0	none	False	sub-125	computer	1	all	32	0.5625	0.5207857162362142	0.03778171989361151	0.44739937935273927	0.5203921781248917	0.5961597331553233
fit-rw_positive_bias-full-prior1	rw_positive_bias	full	1.0	none	False	sub-125	computer	1	offer_1	5	0.0	0.02644995468045482	0.023673056273137996	0.001511831940354425	0.019696201190347654	0.08888294346223916
fit-rw_positive_bias-full-prior1	rw_positive_bias	full	1.0	none	False	sub-125	computer	1	offer_1_to_3	11	0.0	0.06520340341629287	0.038588902716523155	0.013163480506149537	0.057679325856101235	0.16025005966987113
fit-rw_positive_bias-full-prior1	rw_positive_bias	full	1.0	none	False	sub-125	computer	2	all	16	0.5625	0.5803765815766174	0.04681258145062508	0.48897169408461066	0.5795695376633335	0.6733160545517489
fit-rw_positive_bias-full-prior1	rw_positive_bias	full	1.0	none	False	sub-125	computer	2	offer_1	2	0.0	0.04435892453348879	0.03636762102609796	0.0022433904916869464	0.03537906546243684	0.13808164796302097
fit-rw_positive_bias-full-prior1	rw_positive_bias	full	1.0	none	False	sub-125	computer	2	offer_1_to_3	5	0.2	0.11338205757224963	0.06322348517201962	0.02270713582376168	0.10281036142513444	0.2630658768189609
fit-rw_positive_bias-full-prior1	rw_positive_bias	full	1.0	none	False	sub-125	similar	1	all	23	0.4782608695652174	0.4671330307656814	0.043751204959938325	0.3854649151195502	0.4654517863083686	0.5570621109764845
fit-rw_positive_bias-full-prior1	rw_positive_bias	full	1.0	none	False	sub-125	similar	1	offer_1	5	0.0	0.019524049393374394	0.020092878472649324	0.0006005102168378242	0.013317861414256883	0.07344504602430289
fit-rw_positive_bias-full-prior1	rw_positive_bias	full	1.0	none	False	sub-125	similar	1	offer_1_to_3	9	0.1111111111111111	0.07777254700001361	0.04258398378192195	0.015672365595350148	0.07053274553264956	0.17744694737340044
fit-rw_positive_bias-full-prior1	rw_positive_bias	full	1.0	none	False	sub-125	similar	2	all	24	0.5833333333333334	0.6290727481623484	0.03090251259346292	0.5604831812423907	0.6314931743002696	0.6833753817484477
fit-rw_positive_bias-full-prior1	rw_positive_bias	full	1.0	none	False	sub-125	similar	2	offer_1	4	0.0	0.021059710855649033	0.02370078870285117	0.00025503165192713724	0.013302921005973956	0.08542653292912566
fit-rw_positive_bias-full-prior1	rw_positive_bias	full	1.0	none	False	sub-125	similar	2	offer_1_to_3	8	0.0	0.07990385666192819	0.04406106929896024	0.015224728494022824	0.07345323887056429	0.18057020082024197
fit-rw_positive_bias-full-prior1	rw_positive_bias	full	1.0	none	False	sub-125	dissimilar	1	all	15	0.4666666666666667	0.5300908768912869	0.05242430845274997	0.4152589765660243	0.5339561635180007	0.624419102543178
fit-rw_positive_bias-full-prior1	rw_positive_bias	full	1.0	none	False	sub-125	dissimilar	1	offer_1	1	0.0	0.015062689129280318	0.017899023383933052	0.00029688357337970375	0.009027430214475402	0.0649949359714811
fit-rw_positive_bias-full-prior1	rw_positive_bias	full	1.0	none	False	sub-125	dissimilar	1	offer_1_to_3	5	0.2	0.09158001822235584	0.05517243559235563	0.013949038556644791	0.08201416384169652	0.22334798246643267
fit-rw_positive_bias-full-prior1	rw_positive_bias	full	1.0	none	False	sub-125	dissimilar	2	all	32	0.5625	0.5520957053747497	0.036200078930823026	0.4782329775891039	0.5529787916759292	0.6199525271601208
fit-rw_positive_bias-full-prior1	rw_positive_bias	full	1.0	none	False	sub-125	dissimilar	2	offer_1	7	0.0	0.023474521556005584	0.02386787297952265	0.0008099363736282983	0.01610444148852909	0.08789528011928954
fit-rw_positive_bias-full-prior1	rw_positive_bias	full	1.0	none	False	sub-125	dissimilar	2	offer_1_to_3	11	0.0	0.046725773469004174	0.03264071175994873	0.006738066441399724	0.03913126105679843	0.12957378867359218
fit-rw_positive_bias-full-prior1	rw_positive_bias	full	1.0	none	False	sub-126	computer	1	all	16	1.0	0.9968746361504127	0.004460905061078757	0.9846823535997533	0.9984903869276768	0.9999966797377761
fit-rw_positive_bias-full-prior1	rw_positive_bias	full	1.0	none	False	sub-126	computer	1	offer_1_to_3	5	1.0	0.9925445708001422	0.010638109735248633	0.9644559329817302	0.9962832322334414	0.9999898641229287
fit-rw_positive_bias-full-prior1	rw_positive_bias	full	1.0	none	False	sub-126	computer	2	all	32	1.0	0.9968317000150388	0.004009447473266469	0.9854699651646595	0.9982577302455988	0.9999683845199149
fit-rw_positive_bias-full-prior1	rw_positive_bias	full	1.0	none	False	sub-126	computer	2	offer_1	1	1.0	0.9734826184636379	0.03686556471829137	0.8759388622311608	0.9857166115482923	0.9996337339811062
fit-rw_positive_bias-full-prior1	rw_positive_bias	full	1.0	none	False	sub-126	computer	2	offer_1_to_3	6	1.0	0.9893172855896446	0.013039174505993319	0.95324824101905	0.9937768681882491	0.9998672219246267
fit-rw_positive_bias-full-prior1	rw_positive_bias	full	1.0	none	False	sub-126	similar	1	all	23	1.0	0.9958499366441479	0.0056729647326262235	0.9799052867556017	0.9978330090139602	0.9999726673020688
fit-rw_positive_bias-full-prior1	rw_positive_bias	full	1.0	none	False	sub-126	similar	1	offer_1	2	1.0	0.971992141143607	0.04521411354031101	0.8503423325403521	0.987023732154432	0.9997924817496309
fit-rw_positive_bias-full-prior1	rw_positive_bias	full	1.0	none	False	sub-126	similar	1	offer_1_to_3	6	1.0	0.9864055378747989	0.019596046529400193	0.9320117009735827	0.9931273103708711	0.9999039518016939
fit-rw_positive_bias-full-prior1	rw_positive_bias	full	1.0	none	False	sub-126	similar	2	all	24	1.0	0.9957989615533864	0.0054411108346504875	0.9803463494681696	0.9977217916704226	0.9999672663988866
fit-rw_positive_bias-full-prior1	rw_positive_bias	full	1.0	none	False	sub-126	similar	2	offer_1	1	1.0	0.9574903618110505	0.07325020788517647	0.7509804532123214	0.9817626813968325	0.9996280017133015
fit-rw_positive_bias-full-prior1	rw_positive_bias	full	1.0	none	False	sub-126	similar	2	offer_1_to_3	8	1.0	0.9897905188088624	0.013730602476444382	0.9510041551922364	0.9945732541102557	0.9999135814101016
fit-rw_positive_bias-full-prior1	rw_positive_bias	full	1.0	none	False	sub-126	dissimilar	1	all	32	1.0	0.9935046258911484	0.007907934617157148	0.9719327155776539	0.9962205265474218	0.9999306936387412
fit-rw_positive_bias-full-prior1	rw_positive_bias	full	1.0	none	False	sub-126	dissimilar	1	offer_1	5	1.0	0.9708962787394826	0.03991836956424945	0.8596856322653701	0.9848251725697228	0.9996876226832706
fit-rw_positive_bias-full-prior1	rw_positive_bias	full	1.0	none	False	sub-126	dissimilar	1	offer_1_to_3	11	1.0	0.982946351306819	0.02158431235987862	0.9236919765885605	0.990459948092276	0.9998119489651981
fit-rw_positive_bias-full-prior1	rw_positive_bias	full	1.0	none	False	sub-126	dissimilar	2	all	15	1.0	0.9942880112803633	0.0069246697604106525	0.9750500998277668	0.9966730728124058	0.9999368826121771
fit-rw_positive_bias-full-prior1	rw_positive_bias	full	1.0	none	False	sub-126	dissimilar	2	offer_1	2	1.0	0.9713165420905118	0.039377992865294274	0.8607944915616801	0.9851403606955935	0.9996802325209976
fit-rw_positive_bias-full-prior1	rw_positive_bias	full	1.0	none	False	sub-126	dissimilar	2	offer_1_to_3	5	1.0	0.9848349182443952	0.01908109007156039	0.9314907491534752	0.9915132653543302	0.9998252430110286
fit-rw_positive_bias-full-prior1	rw_positive_bias	full	1.0	none	False	sub-127	computer	1	all	31	0.3548387096774194	0.3571697848182807	0.020719392622202116	0.3128193998969398	0.35680788188362395	0.3991154328667344
fit-rw_positive_bias-full-prior1	rw_positive_bias	full	1.0	none	False	sub-127	computer	1	offer_1	3	0.0	3.329018290672368e-07	7.648402355766118e-06	5.198306045516493e-28	1.8074325601169982e-13	5.059430332931105e-07
fit-rw_positive_bias-full-prior1	rw_positive_bias	full	1.0	none	False	sub-127	computer	1	offer_1_to_3	9	0.0	3.290296103977717e-06	4.4302452819727776e-05	4.2409699772088506e-20	4.3330067243694303e-10	1.5689373892466994e-05
fit-rw_positive_bias-full-prior1	rw_positive_bias	full	1.0	none	False	sub-127	computer	2	all	16	0.375	0.3771113233898568	0.018293906252899134	0.33663512926260564	0.3772392044241748	0.41244982767525895
fit-rw_positive_bias-full-prior1	rw_positive_bias	full	1.0	none	False	sub-127	computer	2	offer_1_to_3	4	0.0	7.1081998293467246e-06	9.027470544374852e-05	1.4121079098706394e-19	1.2179110561083823e-09	3.788093578316461e-05
fit-rw_positive_bias-full-prior1	rw_positive_bias	full	1.0	none	False	sub-127	similar	1	all	24	0.20833333333333334	0.21046994621360557	0.011773322935535615	0.18827227379176303	0.20859388801482057	0.24048337135192138
fit-rw_positive_bias-full-prior1	rw_positive_bias	full	1.0	none	False	sub-127	similar	1	offer_1	6	0.0	3.227527588402319e-08	1.2024684888022638e-06	1.883306839766557e-67	1.194555456562032e-22	1.5790026186469254e-09
fit-rw_positive_bias-full-prior1	rw_positive_bias	full	1.0	none	False	sub-127	similar	1	offer_1_to_3	10	0.0	3.0783578426924196e-07	8.160642372705804e-06	1.7979777091381638e-47	1.3892609285314227e-16	1.79247288273688e-07
fit-rw_positive_bias-full-prior1	rw_positive_bias	full	1.0	none	False	sub-127	similar	2	all	24	0.375	0.38192109779528316	0.018535358410754193	0.35026393786150223	0.37706659272233833	0.4305276259371551
fit-rw_positive_bias-full-prior1	rw_positive_bias	full	1.0	none	False	sub-127	similar	2	offer_1	1	0.0	3.616574585855494e-08	1.2999314293665588e-06	7.080204870504582e-67	2.0197622993265945e-22	1.9227112664236358e-09
fit-rw_positive_bias-full-prior1	rw_positive_bias	full	1.0	none	False	sub-127	similar	2	offer_1_to_3	5	0.0	4.0814001940425126e-07	1.0749154032699915e-05	2.806893388851267e-47	1.8286549071164096e-16	2.258449886961067e-07
fit-rw_positive_bias-full-prior1	rw_positive_bias	full	1.0	none	False	sub-127	dissimilar	1	all	16	0.4375	0.3613365433189994	0.02991420810684562	0.3050628497835217	0.36055045317363454	0.4200476378517215
fit-rw_positive_bias-full-prior1	rw_positive_bias	full	1.0	none	False	sub-127	dissimilar	1	offer_1	2	0.0	7.96070254879532e-06	0.00018689671455085317	1.8420358877392325e-16	3.1038478090280158e-09	3.549829326151115e-05
fit-rw_positive_bias-full-prior1	rw_positive_bias	full	1.0	none	False	sub-127	dissimilar	1	offer_1_to_3	3	0.0	1.6031622769928613e-05	0.00026691444104589104	2.2179285981262644e-14	2.819319070231563e-08	9.111473198818786e-05
fit-rw_positive_bias-full-prior1	rw_positive_bias	full	1.0	none	False	sub-127	dissimilar	2	all	32	0.375	0.40000783140146645	0.019978292701583855	0.3587759434700288	0.4003965323109968	0.43743761508748463
fit-rw_positive_bias-full-prior1	rw_positive_bias	full	1.0	none	False	sub-127	dissimilar	2	offer_1	3	0.0	9.059332842167338e-06	0.00020003518818680513	2.542957741047328e-16	3.986004362117154e-09	4.2718851684825475e-05
fit-rw_positive_bias-full-prior1	rw_positive_bias	full	1.0	none	False	sub-127	dissimilar	2	offer_1_to_3	10	0.0	9.156923392253097e-05	0.0007253630653007341	1.49377647431639e-11	1.1358837234659595e-06	0.0007062727746281973
fit-rw_positive_bias-full-prior1	rw_positive_bias	full	1.0	none	False	sub-128	computer	1	all	32	0.0625	0.060156611094336745	0.00989555186920642	0.03548470794083728	0.06228945022662784	0.08017708201497627
fit-rw_positive_bias-full-prior1	rw_positive_bias	full	1.0	none	False	sub-128	computer	1	offer_1	7	0.0	3.329008383290233e-11	1.9589652575375064e-09	4.6413419506526816e-232	3.2204321371244014e-45	8.94845888963459e-15
fit-rw_positive_bias-full-prior1	rw_positive_bias	full	1.0	none	False	sub-128	computer	1	offer_1_to_3	12	0.0	3.6310049669829186e-10	1.694482033465225e-08	3.2177623081430415e-180	8.374282319054703e-36	2.8168578582186526e-12
fit-rw_positive_bias-full-prior1	rw_positive_bias	full	1.0	none	False	sub-128	computer	2	all	16	0.0625	0.06264835463757576	0.00866865575432588	0.04360720612429767	0.062499424183923895	0.08395303989080859
fit-rw_positive_bias-full-prior1	rw_positive_bias	full	1.0	none	False	sub-128	computer	2	offer_1_to_3	5	0.0	4.1540105280378587e-10	1.9048007790200023e-08	1.654442425397481e-197	1.8485641002641382e-38	1.183731568581821e-12
fit-rw_positive_bias-full-prior1	rw_positive_bias	full	1.0	none	False	sub-128	similar	1	all	24	0.08333333333333333	0.07148875054748874	0.01624074997165177	0.026244301097118023	0.07910602805843783	0.08420790005888654
fit-rw_positive_bias-full-prior1	rw_positive_bias	full	1.0	none	False	sub-128	similar	1	offer_1_to_3	8	0.0	7.861548959435509e-10	5.607113708024099e-08	4.1181356535508657e-222	2.4749982001109224e-40	3.0312656077577274e-13
fit-rw_positive_bias-full-prior1	rw_positive_bias	full	1.0	none	False	sub-128	similar	2	all	24	0.125	0.1337907095830064	0.0194443856060469	0.11175167457873858	0.12595364258909716	0.19100099292570663
fit-rw_positive_bias-full-prior1	rw_positive_bias	full	1.0	none	False	sub-128	similar	2	offer_1	3	0.0	5.7969969112156524e-11	4.9912158463313704e-09	6.710249617791344e-285	4.155807752715235e-51	2.0623612651885502e-16
fit-rw_positive_bias-full-prior1	rw_positive_bias	full	1.0	none	False	sub-128	similar	2	offer_1_to_3	5	0.0	5.808797183066314e-10	4.265237453836248e-08	1.132915024140688e-218	7.645688613982008e-40	2.3023220668728025e-13
fit-rw_positive_bias-full-prior1	rw_positive_bias	full	1.0	none	False	sub-128	dissimilar	1	all	16	0.0	0.04135952971982136	0.034973654460880514	7.351842253893667e-06	0.03440648877990597	0.11314701250870454
fit-rw_positive_bias-full-prior1	rw_positive_bias	full	1.0	none	False	sub-128	dissimilar	1	offer_1	4	0.0	2.723328689934268e-09	1.5648669739881702e-07	0.0	2.9036206129702e-55	4.697808255020684e-14
fit-rw_positive_bias-full-prior1	rw_positive_bias	full	1.0	none	False	sub-128	dissimilar	1	offer_1_to_3	4	0.0	2.723328689934268e-09	1.5648669739881702e-07	0.0	2.9036206129702e-55	4.697808255020684e-14
fit-rw_positive_bias-full-prior1	rw_positive_bias	full	1.0	none	False	sub-128	dissimilar	2	all	32	0.125	0.11020397793566877	0.016770222724738167	0.06531826746202148	0.11620182777522922	0.12499991578303735
fit-rw_positive_bias-full-prior1	rw_positive_bias	full	1.0	none	False	sub-128	dissimilar	2	offer_1	5	0.0	3.7088800839641693e-09	2.036988046104339e-07	3.8701714585211864e-306	4.1184925085275635e-53	1.188783810237837e-13
fit-rw_positive_bias-full-prior1	rw_positive_bias	full	1.0	none	False	sub-128	dissimilar	2	offer_1_to_3	10	0.0	2.7601463539061775e-08	1.2751094893563613e-06	2.0861481626488556e-236	1.9197565092707785e-41	5.018857596041821e-11
fit-rw_positive_bias-full-prior1	rw_positive_bias	full	1.0	none	False	sub-129	computer	1	all	31	0.5483870967741935	0.5495910301967197	0.01962002492038736	0.5078881205906886	0.5503375958659994	0.5867850854503244
fit-rw_positive_bias-full-prior1	rw_positive_bias	full	1.0	none	False	sub-129	computer	1	offer_1	5	0.0	0.001503186605542314	0.0037204999596339365	7.226572964388419e-10	0.00021176640043228125	0.011193807751435818
fit-rw_positive_bias-full-prior1	rw_positive_bias	full	1.0	none	False	sub-129	computer	1	offer_1_to_3	12	0.0	0.01089495755423561	0.013577476906514665	5.987006767687431e-05	0.006234640358732498	0.04835663410881233
fit-rw_positive_bias-full-prior1	rw_positive_bias	full	1.0	none	False	sub-129	computer	2	all	16	0.5625	0.5661202762690679	0.020869442397919567	0.5238314368373039	0.5660771552034979	0.60758592413391
fit-rw_positive_bias-full-prior1	rw_positive_bias	full	1.0	none	False	sub-129	computer	2	offer_1	4	0.0	0.0018365448461187496	0.004431352999587766	5.806577115896161e-10	0.0002665888449693821	0.013773900108550443
fit-rw_positive_bias-full-prior1	rw_positive_bias	full	1.0	none	False	sub-129	computer	2	offer_1_to_3	6	0.0	0.017837490247911206	0.01921510658680254	0.00011822814961527925	0.011771734449788445	0.06911475346903725
fit-rw_positive_bias-full-prior1	rw_positive_bias	full	1.0	none	False	sub-129	similar	1	all	24	0.5	0.47926334232934586	0.0223293071300285	0.4394551412629735	0.47712197582746946	0.527976844893408
fit-rw_positive_bias-full-prior1	rw_positive_bias	full	1.0	none	False	sub-129	similar	1	offer_1	2	0.0	0.000552998294433188	0.0022238464890894445	5.428519058962289e-14	1.3886413068242448e-05	0.0051311925970879664
fit-rw_positive_bias-full-prior1	rw_positive_bias	full	1.0	none	False	sub-129	similar	1	offer_1_to_3	11	0.0	0.014736163654908017	0.020266335919952916	1.115509367159156e-05	0.007093663566134643	0.07277064160275605
fit-rw_positive_bias-full-prior1	rw_positive_bias	full	1.0	none	False	sub-129	similar	2	all	24	0.6666666666666666	0.6726697251367044	0.01487532709967956	0.6409098676297664	0.6727665650692942	0.7015274309968933
fit-rw_positive_bias-full-prior1	rw_positive_bias	full	1.0	none	False	sub-129	similar	2	offer_1	2	0.0	0.00066402492088044	0.002609621481403807	4.501071386029127e-14	1.7070045454910863e-05	0.006139086151280414
fit-rw_positive_bias-full-prior1	rw_positive_bias	full	1.0	none	False	sub-129	similar	2	offer_1_to_3	7	0.0	0.013315902771974406	0.01972411254382575	3.077026488108867e-06	0.0057351792394439004	0.06951944756143608
fit-rw_positive_bias-full-prior1	rw_positive_bias	full	1.0	none	False	sub-129	dissimilar	1	all	16	0.625	0.5906502408485466	0.036977521740055044	0.5216016796847971	0.5889073581591714	0.668710247249321
fit-rw_positive_bias-full-prior1	rw_positive_bias	full	1.0	none	False	sub-129	dissimilar	1	offer_1	1	0.0	0.0013743061162819303	0.003828637791982272	1.1009441495483647e-10	0.0001421649339308416	0.011198463703754623
fit-rw_positive_bias-full-prior1	rw_positive_bias	full	1.0	none	False	sub-129	dissimilar	1	offer_1_to_3	3	0.0	0.013979992701681704	0.01719508593240992	8.350182849055753e-05	0.008058058890986299	0.0614160233717607
fit-rw_positive_bias-full-prior1	rw_positive_bias	full	1.0	none	False	sub-129	dissimilar	2	all	32	0.53125	0.5712659626628998	0.02244207643479828	0.5245851662022046	0.5715563007737237	0.6154007737394679
fit-rw_positive_bias-full-prior1	rw_positive_bias	full	1.0	none	False	sub-129	dissimilar	2	offer_1	3	0.0	0.0017262059389382787	0.004456248226619969	2.9620131364693465e-10	0.00021226893102052505	0.013536584668783914
fit-rw_positive_bias-full-prior1	rw_positive_bias	full	1.0	none	False	sub-129	dissimilar	2	offer_1_to_3	11	0.0	0.016224500365191973	0.01921227283774568	8.044844250170974e-05	0.009619611261612544	0.0688449564207177
fit-rw_positive_bias-full-prior1	rw_positive_bias	full	1.0	none	False	sub-130	computer	1	all	15	0.9333333333333333	0.9858090540880785	0.011380257007130462	0.9569002035474583	0.9888202516409522	0.9986141272787726
fit-rw_positive_bias-full-prior1	rw_positive_bias	full	1.0	none	False	sub-130	computer	1	offer_1	3	1.0	0.9654416510311048	0.030634535769927244	0.8845497417061938	0.9741876931993977	0.9969620817986538
fit-rw_positive_bias-full-prior1	rw_positive_bias	full	1.0	none	False	sub-130	computer	1	offer_1_to_3	7	1.0	0.9750829148780816	0.020963448769522792	0.9215934438197618	0.9807884944052705	0.9976556251360116
fit-rw_positive_bias-full-prior1	rw_positive_bias	full	1.0	none	False	sub-130	computer	2	all	32	1.0	0.9904166250296647	0.00776365133466459	0.9702394270617993	0.9925053460511339	0.999140568432213
fit-rw_positive_bias-full-prior1	rw_positive_bias	full	1.0	none	False	sub-130	computer	2	offer_1	2	1.0	0.9689495878038171	0.026923669725650384	0.8983286414853824	0.9766067172591459	0.9972016640607344
fit-rw_positive_bias-full-prior1	rw_positive_bias	full	1.0	none	False	sub-130	computer	2	offer_1_to_3	9	1.0	0.979500359804659	0.016745596398299867	0.9363227735119329	0.9839950300308448	0.9980757980445772
fit-rw_positive_bias-full-prior1	rw_positive_bias	full	1.0	none	False	sub-130	similar	1	all	24	1.0	0.9887514071018216	0.009462612652460954	0.9637592376865318	0.9913221576920855	0.9989889664115221
fit-rw_positive_bias-full-prior1	rw_positive_bias	full	1.0	none	False	sub-130	similar	1	offer_1	4	1.0	0.9586172707055937	0.04237762654225447	0.8428975993806973	0.97118407639374	0.9968301755937715
fit-rw_positive_bias-full-prior1	rw_positive_bias	full	1.0	none	False	sub-130	similar	1	offer_1_to_3	6	1.0	0.9674633459855508	0.031051243366660153	0.8840425443418094	0.9764521979996728	0.9973067857749216
fit-rw_positive_bias-full-prior1	rw_positive_bias	full	1.0	none	False	sub-130	similar	2	all	24	1.0	0.9891682935069294	0.008902877100966341	0.9654403357539545	0.9916058294945612	0.9990536563660696
fit-rw_positive_bias-full-prior1	rw_positive_bias	full	1.0	none	False	sub-130	similar	2	offer_1	3	1.0	0.9634104326475522	0.03637029697063377	0.8672371103339004	0.9741026423781287	0.997105075911827
fit-rw_positive_bias-full-prior1	rw_positive_bias	full	1.0	none	False	sub-130	similar	2	offer_1_to_3	8	1.0	0.9770806725417509	0.019792103080371107	0.9254963867530449	0.9825882518383178	0.9979390507208876
fit-rw_positive_bias-full-prior1	rw_positive_bias	full	1.0	none	False	sub-130	dissimilar	1	all	32	1.0	0.9895361503983633	0.008734317057357038	0.966541323141651	0.9918730465298704	0.9990749067821949
fit-rw_positive_bias-full-prior1	rw_positive_bias	full	1.0	none	False	sub-130	dissimilar	1	offer_1	3	1.0	0.9623727028289129	0.035939713805226	0.8679434278662561	0.972815704051389	0.9969246563729514
fit-rw_positive_bias-full-prior1	rw_positive_bias	full	1.0	none	False	sub-130	dissimilar	1	offer_1_to_3	10	1.0	0.9760849178403656	0.021485828493437647	0.9202832530859419	0.9820592660994703	0.9978900243601412
fit-rw_positive_bias-full-prior1	rw_positive_bias	full	1.0	none	False	sub-130	dissimilar	2	all	16	1.0	0.9893685336136256	0.008799696182528575	0.9662621581453927	0.9916920476784274	0.9990486810092049
fit-rw_positive_bias-full-prior1	rw_positive_bias	full	1.0	none	False	sub-130	dissimilar	2	offer_1	2	1.0	0.9608206922208766	0.04089606406205261	0.8555296438487202	0.9729360617383515	0.9969590133082055
fit-rw_positive_bias-full-prior1	rw_positive_bias	full	1.0	none	False	sub-130	dissimilar	2	offer_1_to_3	4	1.0	0.9716022875859675	0.02631142899240379	0.902718270534157	0.978999078302377	0.9975743130323731
fit-rw_positive_bias-full-prior1	rw_positive_bias	full	1.0	none	False	sub-132	computer	1	all	31	0.967741935483871	0.9919350799071823	0.0070508372284977154	0.9733617339311756	0.993872227432479	0.99935122475613
fit-rw_positive_bias-full-prior1	rw_positive_bias	full	1.0	none	False	sub-132	computer	1	offer_1	2	0.5	0.9350960793723294	0.06810014606565457	0.7513553160926711	0.9558566799542846	0.9952705099642074
fit-rw_positive_bias-full-prior1	rw_positive_bias	full	1.0	none	False	sub-132	computer	1	offer_1_to_3	9	0.8888888888888888	0.9768921837459568	0.020716432559242104	0.9215737751148465	0.9825306280842254	0.9980737191640074
fit-rw_positive_bias-full-prior1	rw_positive_bias	full	1.0	none	False	sub-132	computer	2	all	16	1.0	0.989919088083108	0.008825444442841059	0.9664181751428584	0.992379818456555	0.9992559442841077
fit-rw_positive_bias-full-prior1	rw_positive_bias	full	1.0	none	False	sub-132	computer	2	offer_1	1	1.0	0.9307222419031376	0.07817857783417938	0.7111621721791026	0.9560389091175019	0.9960177915428268
fit-rw_positive_bias-full-prior1	rw_positive_bias	full	1.0	none	False	sub-132	computer	2	offer_1_to_3	5	1.0	0.9720048402891199	0.02529164357679886	0.9044211655668097	0.9791929194122428	0.997860039434105
fit-rw_positive_bias-full-prior1	rw_positive_bias	full	1.0	none	False	sub-132	similar	1	all	24	1.0	0.9873941159397339	0.011734020869146437	0.9556652796594666	0.9908233201324472	0.999291540446956
fit-rw_positive_bias-full-prior1	rw_positive_bias	full	1.0	none	False	sub-132	similar	1	offer_1	4	1.0	0.9440389791147381	0.05821405141752267	0.7793944749727288	0.9622791706322344	0.9968840590420235
fit-rw_positive_bias-full-prior1	rw_positive_bias	full	1.0	none	False	sub-132	similar	1	offer_1_to_3	10	1.0	0.9722422893423996	0.026602026249262483	0.8993678857044736	0.980192811736738	0.9984179939864627
fit-rw_positive_bias-full-prior1	rw_positive_bias	full	1.0	none	False	sub-132	similar	2	all	24	1.0	0.9921715472977515	0.006982624236560952	0.9736181648269907	0.9941490314718009	0.9995396317829028
fit-rw_positive_bias-full-prior1	rw_positive_bias	full	1.0	none	False	sub-132	similar	2	offer_1	2	1.0	0.9389202299644385	0.06241122807976049	0.7683385152013633	0.9584216681134219	0.9964403778554217
fit-rw_positive_bias-full-prior1	rw_positive_bias	full	1.0	none	False	sub-132	similar	2	offer_1_to_3	6	1.0	0.9723633057104183	0.025349818355414	0.9040264416955107	0.9796214304070716	0.9983344700991338
fit-rw_positive_bias-full-prior1	rw_positive_bias	full	1.0	none	False	sub-132	dissimilar	1	all	16	1.0	0.9909436623317355	0.009106559001294194	0.9673484214742681	0.9935336129468385	0.9995201521003104
fit-rw_positive_bias-full-prior1	rw_positive_bias	full	1.0	none	False	sub-132	dissimilar	1	offer_1	1	1.0	0.9399521836605421	0.05869738343327748	0.7847217189847107	0.9575595973816272	0.9962711812896548
fit-rw_positive_bias-full-prior1	rw_positive_bias	full	1.0	none	False	sub-132	dissimilar	1	offer_1_to_3	6	1.0	0.9782026351882026	0.0223741938970884	0.9212075965709511	0.9844527089321604	0.998792233626146
fit-rw_positive_bias-full-prior1	rw_positive_bias	full	1.0	none	False	sub-132	dissimilar	2	all	32	1.0	0.9875547504546228	0.010690443402139083	0.9595347853876832	0.990503547403319	0.9991716862074972
fit-rw_positive_bias-full-prior1	rw_positive_bias	full	1.0	none	False	sub-132	dissimilar	2	offer_1	5	1.0	0.9416692182706151	0.05543925845241111	0.7931617106092138	0.9583474686513963	0.9963495975782655
fit-rw_positive_bias-full-prior1	rw_positive_bias	full	1.0	none	False	sub-132	dissimilar	2	offer_1_to_3	11	1.0	0.9664986588533858	0.02970520861129595	0.8877374351016323	0.9749466217639736	0.9977834255060405
fit-rw_positive_bias-full-prior1	rw_positive_bias	full	1.0	none	False	sub-133	computer	1	all	32	1.0	0.9807060504900605	0.01153964204531209	0.9534093003920934	0.9827456955746157	0.9968569896392764
fit-rw_positive_bias-full-prior1	rw_positive_bias	full	1.0	none	False	sub-133	computer	1	offer_1	3	1.0	0.8628970824201363	0.08588417550213738	0.6618266997954809	0.8803775259789907	0.9786888455050203
fit-rw_positive_bias-full-prior1	rw_positive_bias	full	1.0	none	False	sub-133	computer	1	offer_1_to_3	10	1.0	0.9429746611574388	0.034141997686951815	0.8627472679286784	0.9490324625860607	0.9906590212797488
fit-rw_positive_bias-full-prior1	rw_positive_bias	full	1.0	none	False	sub-133	computer	2	all	16	1.0	0.9871155878014821	0.011905585307272088	0.9562287671267564	0.9906592818225883	0.9995190581159517
fit-rw_positive_bias-full-prior1	rw_positive_bias	full	1.0	none	False	sub-133	computer	2	offer_1	2	1.0	0.9373486367325559	0.06671600838862643	0.7561343574592617	0.9597057950044142	0.997869445272388
fit-rw_positive_bias-full-prior1	rw_positive_bias	full	1.0	none	False	sub-133	computer	2	offer_1_to_3	6	1.0	0.9675141832995924	0.02995756501346586	0.8892272529584085	0.9763116701428511	0.9987327743433293
fit-rw_positive_bias-full-prior1	rw_positive_bias	full	1.0	none	False	sub-133	similar	1	all	24	0.9166666666666666	0.9410349277350445	0.03223239818037204	0.867623000554209	0.9458625140602375	0.9879318796874706
fit-rw_positive_bias-full-prior1	rw_positive_bias	full	1.0	none	False	sub-133	similar	1	offer_1	6	0.6666666666666666	0.7930998786630629	0.11389418631127952	0.5475622360482442	0.8092442848040773	0.9615907204347002
fit-rw_positive_bias-full-prior1	rw_positive_bias	full	1.0	none	False	sub-133	similar	1	offer_1_to_3	11	0.8181818181818182	0.8758706420937649	0.06761617308250799	0.7232668018158085	0.8854754903995319	0.9750128751091824
fit-rw_positive_bias-full-prior1	rw_positive_bias	full	1.0	none	False	sub-133	similar	2	all	24	1.0	0.9808348403777208	0.013093697651006334	0.9482932988785553	0.9835672209259467	0.9978163986643636
fit-rw_positive_bias-full-prior1	rw_positive_bias	full	1.0	none	False	sub-133	similar	2	offer_1	3	1.0	0.8690920741765297	0.09317434078453687	0.6312177807772127	0.8912555875815141	0.9845871063505338
fit-rw_positive_bias-full-prior1	rw_positive_bias	full	1.0	none	False	sub-133	similar	2	offer_1_to_3	5	1.0	0.9127441684515348	0.06080876239685652	0.7608416574759336	0.9262065090222771	0.9899178878842354
fit-rw_positive_bias-full-prior1	rw_positive_bias	full	1.0	none	False	sub-133	dissimilar	1	all	14	0.9285714285714286	0.9539020548762537	0.03200578654527204	0.8766486903001539	0.9619068658804961	0.9938232125795862
fit-rw_positive_bias-full-prior1	rw_positive_bias	full	1.0	none	False	sub-133	dissimilar	1	offer_1	2	0.5	0.7276193836101935	0.20051252655077142	0.2455531000788944	0.7817166351931806	0.9712716402126371
fit-rw_positive_bias-full-prior1	rw_positive_bias	full	1.0	none	False	sub-133	dissimilar	1	offer_1_to_3	6	0.8333333333333334	0.8953877490188661	0.07378574896200567	0.7156912165658346	0.9144681601407498	0.986890992984145
fit-rw_positive_bias-full-prior1	rw_positive_bias	full	1.0	none	False	sub-133	dissimilar	2	all	32	1.0	0.9928646817855554	0.006884764809325828	0.9743547773677925	0.9949772143611557	0.9997288897924228
fit-rw_positive_bias-full-prior1	rw_positive_bias	full	1.0	none	False	sub-133	dissimilar	2	offer_1	1	1.0	0.9019700019331018	0.11287993709080951	0.5714304412780464	0.9405977174499787	0.9957713970448209
fit-rw_positive_bias-full-prior1	rw_positive_bias	full	1.0	none	False	sub-133	dissimilar	2	offer_1_to_3	6	1.0	0.9697380502163898	0.028764334526419584	0.8925332642077137	0.9783344691290452	0.9986725014095803
fit-rw_positive_bias-full-prior1	rw_positive_bias	full	1.0	none	False	sub-134	computer	1	all	31	0.967741935483871	0.9793193642972019	0.014842649930014511	0.9414645590328989	0.9828747053984278	0.9972957020908187
fit-rw_positive_bias-full-prior1	rw_positive_bias	full	1.0	none	False	sub-134	computer	1	offer_1_to_3	8	1.0	0.9442005934377105	0.037456524262998114	0.8493172825685977	0.952532100283731	0.9919652767615176
fit-rw_positive_bias-full-prior1	rw_positive_bias	full	1.0	none	False	sub-134	computer	2	all	15	0.8666666666666667	0.8814462909185895	0.032731874829028784	0.8198589077522823	0.881312738535711	0.9441279311340451
fit-rw_positive_bias-full-prior1	rw_positive_bias	full	1.0	none	False	sub-134	computer	2	offer_1	3	0.3333333333333333	0.43652710464813216	0.16426803344895707	0.12538386006705776	0.43647330582385074	0.746971868016552
fit-rw_positive_bias-full-prior1	rw_positive_bias	full	1.0	none	False	sub-134	computer	2	offer_1_to_3	3	0.3333333333333333	0.43652710464813216	0.16426803344895707	0.12538386006705776	0.43647330582385074	0.746971868016552
fit-rw_positive_bias-full-prior1	rw_positive_bias	full	1.0	none	False	sub-134	similar	1	all	23	0.9130434782608695	0.914894982688034	0.025127620997241217	0.8583576024913752	0.9162512285914566	0.9591715537782506
fit-rw_positive_bias-full-prior1	rw_positive_bias	full	1.0	none	False	sub-134	similar	1	offer_1	2	0.0	0.32884437303300335	0.19897109327687268	0.011724174318232722	0.31975019990774656	0.7192232894942228
fit-rw_positive_bias-full-prior1	rw_positive_bias	full	1.0	none	False	sub-134	similar	1	offer_1_to_3	11	0.8181818181818182	0.8241508716711924	0.05195621345465274	0.7070974662104451	0.8265024453481677	0.9158844349709659
fit-rw_positive_bias-full-prior1	rw_positive_bias	full	1.0	none	False	sub-134	similar	2	all	22	0.9545454545454546	0.9494054496397224	0.013953944984403194	0.9172574144847762	0.9513050960330547	0.9736787579277065
fit-rw_positive_bias-full-prior1	rw_positive_bias	full	1.0	none	False	sub-134	similar	2	offer_1	1	0.0	0.25828011080287466	0.19350078262352305	0.0025595481547452167	0.22689161339254754	0.6734605692632326
fit-rw_positive_bias-full-prior1	rw_positive_bias	full	1.0	none	False	sub-134	similar	2	offer_1_to_3	4	0.75	0.7337242851558149	0.07344321900370332	0.5626711274400518	0.7415410661935303	0.8638925021929946
fit-rw_positive_bias-full-prior1	rw_positive_bias	full	1.0	none	False	sub-134	dissimilar	1	all	15	0.8666666666666667	0.8887673142089846	0.03348879527611168	0.8244395679854766	0.8889130406223864	0.9531311254271969
fit-rw_positive_bias-full-prior1	rw_positive_bias	full	1.0	none	False	sub-134	dissimilar	1	offer_1	3	0.3333333333333333	0.5045555181976984	0.1577783298365916	0.20270425906678433	0.5064710723132688	0.8045137800931623
fit-rw_positive_bias-full-prior1	rw_positive_bias	full	1.0	none	False	sub-134	dissimilar	1	offer_1_to_3	4	0.5	0.6003641409220547	0.12537214193520974	0.35960013433741056	0.6015729486932028	0.8393389726776359
fit-rw_positive_bias-full-prior1	rw_positive_bias	full	1.0	none	False	sub-134	dissimilar	2	all	29	0.9310344827586207	0.9015284044643763	0.02426539109472648	0.8549951002956407	0.9012088589020157	0.9492438878230542
fit-rw_positive_bias-full-prior1	rw_positive_bias	full	1.0	none	False	sub-134	dissimilar	2	offer_1	4	0.5	0.40293504643771877	0.1576095796321997	0.11483115429322667	0.3981781911896082	0.7146872173993412
fit-rw_positive_bias-full-prior1	rw_positive_bias	full	1.0	none	False	sub-134	dissimilar	2	offer_1_to_3	10	0.8	0.7280884161869573	0.06706582942636043	0.6050027253217217	0.7264002197248638	0.862634377531374
fit-rw_positive_bias-full-prior1	rw_positive_bias	full	1.0	none	False	sub-135	computer	1	all	28	0.17857142857142858	0.16093204970906766	0.03547053038823691	0.09710380763109394	0.15889216229749364	0.23560838008971988
fit-rw_positive_bias-full-prior1	rw_positive_bias	full	1.0	none	False	sub-135	computer	1	offer_1	2	0.0	0.0021505410738769434	0.004402167113910064	2.2863552104648887e-06	0.0005958930623994645	0.014227641228822117
fit-rw_positive_bias-full-prior1	rw_positive_bias	full	1.0	none	False	sub-135	computer	1	offer_1_to_3	10	0.0	0.005993794639891204	0.008900813083573647	3.763918773890566e-05	0.0027420574994917665	0.03150158066446545
fit-rw_positive_bias-full-prior1	rw_positive_bias	full	1.0	none	False	sub-135	computer	2	all	13	0.15384615384615385	0.17000963223120108	0.03100216906262388	0.10996211942228513	0.16979521359326893	0.2312040917550698
fit-rw_positive_bias-full-prior1	rw_positive_bias	full	1.0	none	False	sub-135	computer	2	offer_1	2	0.0	0.002310795567545815	0.004631549603888483	2.6089714832689456e-06	0.0006648007356727459	0.015110760255495221
fit-rw_positive_bias-full-prior1	rw_positive_bias	full	1.0	none	False	sub-135	computer	2	offer_1_to_3	5	0.0	0.00420553821616073	0.006923721957521943	1.702467980545604e-05	0.001670237599754629	0.023900588648967352
fit-rw_positive_bias-full-prior1	rw_positive_bias	full	1.0	none	False	sub-135	similar	1	all	21	0.09523809523809523	0.10384783296723402	0.03047748088392419	0.04796601237273603	0.10214457261126286	0.1676984316117158
fit-rw_positive_bias-full-prior1	rw_positive_bias	full	1.0	none	False	sub-135	similar	1	offer_1	3	0.0	0.00026446638162504763	0.0019598238231709766	4.5769961925757033e-23	3.671179348310644e-08	0.0020395064299426617
fit-rw_positive_bias-full-prior1	rw_positive_bias	full	1.0	none	False	sub-135	similar	1	offer_1_to_3	8	0.0	0.0006347239560792198	0.0035724638116784516	5.184724485008609e-18	1.114726914383678e-06	0.00567390752121461
fit-rw_positive_bias-full-prior1	rw_positive_bias	full	1.0	none	False	sub-135	similar	2	all	24	0.125	0.13540897689757017	0.03454134170347574	0.07276008829552572	0.13260722596184854	0.2130941623137295
fit-rw_positive_bias-full-prior1	rw_positive_bias	full	1.0	none	False	sub-135	similar	2	offer_1	2	0.0	0.0002701131184099253	0.001966390420019698	8.16318853970723e-23	4.509812606660599e-08	0.002105502161316439
fit-rw_positive_bias-full-prior1	rw_positive_bias	full	1.0	none	False	sub-135	similar	2	offer_1_to_3	5	0.0	0.0004896105737861398	0.0028402176702108438	3.455074614431559e-18	6.718872449693254e-07	0.004469529887543999
fit-rw_positive_bias-full-prior1	rw_positive_bias	full	1.0	none	False	sub-135	dissimilar	1	all	15	0.4	0.21354262653995815	0.04394969400173424	0.1324979274605718	0.211852003481186	0.30383110795152357
fit-rw_positive_bias-full-prior1	rw_positive_bias	full	1.0	none	False	sub-135	dissimilar	1	offer_1	4	0.25	0.02000952027053447	0.01918308555034976	0.0013428581992143223	0.014338833484404165	0.0722864246937267
fit-rw_positive_bias-full-prior1	rw_positive_bias	full	1.0	none	False	sub-135	dissimilar	1	offer_1_to_3	7	0.42857142857142855	0.028574928532595596	0.023325003947794933	0.0030704006736466376	0.022380234252047562	0.09101948194387202
fit-rw_positive_bias-full-prior1	rw_positive_bias	full	1.0	none	False	sub-135	dissimilar	2	all	31	0.12903225806451613	0.22694035766655696	0.047846661827890324	0.13925389233301516	0.22508142741279538	0.3255445983860264
fit-rw_positive_bias-full-prior1	rw_positive_bias	full	1.0	none	False	sub-135	dissimilar	2	offer_1	5	0.0	0.021249194075790467	0.02007837129975381	0.0014602744853690966	0.01532167882767834	0.07605213627728667
fit-rw_positive_bias-full-prior1	rw_positive_bias	full	1.0	none	False	sub-135	dissimilar	2	offer_1_to_3	9	0.0	0.02777993645189072	0.02330569855331989	0.002701893123511043	0.02145273744673171	0.0901246983408489
fit-rw_positive_bias-full-prior1	rw_positive_bias	full	1.0	none	False	sub-136	computer	1	all	32	0.71875	0.744956684105795	0.03266301383375622	0.6835471478434438	0.7440818644681899	0.8115869821204329
fit-rw_positive_bias-full-prior1	rw_positive_bias	full	1.0	none	False	sub-136	computer	1	offer_1	4	0.0	0.10748027172783571	0.06586732564468457	0.019450448919629465	0.09426044141664006	0.26979876776384504
fit-rw_positive_bias-full-prior1	rw_positive_bias	full	1.0	none	False	sub-136	computer	1	offer_1_to_3	10	0.1	0.26294872669538194	0.08247186695409381	0.12383610819174692	0.25559564303533555	0.4428031850113322
fit-rw_positive_bias-full-prior1	rw_positive_bias	full	1.0	none	False	sub-136	computer	2	all	16	0.875	0.8318284252044277	0.033165606240957414	0.7657430072739088	0.8312974917131322	0.8983011397549634
fit-rw_positive_bias-full-prior1	rw_positive_bias	full	1.0	none	False	sub-136	computer	2	offer_1	3	0.6666666666666666	0.24986848669093986	0.12190910736419328	0.0597238728780553	0.2348399411407785	0.5247279502865483
fit-rw_positive_bias-full-prior1	rw_positive_bias	full	1.0	none	False	sub-136	computer	2	offer_1_to_3	6	0.6666666666666666	0.564416428375262	0.083237866797747	0.4046932256758539	0.5616782736573694	0.7351716623496486
fit-rw_positive_bias-full-prior1	rw_positive_bias	full	1.0	none	False	sub-136	similar	1	all	24	0.5833333333333334	0.6485806798469343	0.042455502101153175	0.570865161117437	0.6462162957589979	0.7380536477784501
fit-rw_positive_bias-full-prior1	rw_positive_bias	full	1.0	none	False	sub-136	similar	1	offer_1	3	0.0	0.004207356666276464	0.0115935080540543	5.571625392212435e-07	0.000628500356872969	0.03332887411899291
fit-rw_positive_bias-full-prior1	rw_positive_bias	full	1.0	none	False	sub-136	similar	1	offer_1_to_3	10	0.0	0.20222712631089454	0.0847735041047637	0.06645179713326112	0.19232642645371556	0.3933633674308065
fit-rw_positive_bias-full-prior1	rw_positive_bias	full	1.0	none	False	sub-136	similar	2	all	24	0.875	0.819796068194985	0.024872482159912414	0.769081549636104	0.8205583850981388	0.86872780598101
fit-rw_positive_bias-full-prior1	rw_positive_bias	full	1.0	none	False	sub-136	similar	2	offer_1	3	0.0	0.05995018018070171	0.06354851893159727	0.001291854389817338	0.03837964231606236	0.23484269213079698
fit-rw_positive_bias-full-prior1	rw_positive_bias	full	1.0	none	False	sub-136	similar	2	offer_1_to_3	7	0.5714285714285714	0.3883615416654129	0.08237171991544578	0.22519572444979835	0.3895612512943817	0.5545176143752504
fit-rw_positive_bias-full-prior1	rw_positive_bias	full	1.0	none	False	sub-136	dissimilar	1	all	16	0.6875	0.7869484822115643	0.04797130594308464	0.6899469681963715	0.7883271983405638	0.8764376870547472
fit-rw_positive_bias-full-prior1	rw_positive_bias	full	1.0	none	False	sub-136	dissimilar	1	offer_1	1	0.0	0.1252818372603845	0.09775764568413531	0.011961871345855685	0.09961100614592727	0.375779769836747
fit-rw_positive_bias-full-prior1	rw_positive_bias	full	1.0	none	False	sub-136	dissimilar	1	offer_1_to_3	5	0.0	0.44401062842144345	0.1084645757509638	0.2426496143254858	0.4401726263747647	0.6618583945974581
fit-rw_positive_bias-full-prior1	rw_positive_bias	full	1.0	none	False	sub-136	dissimilar	2	all	32	0.9375	0.8641788566350812	0.033596504914393956	0.7959546631958548	0.8648059992241863	0.9279992173925328
fit-rw_positive_bias-full-prior1	rw_positive_bias	full	1.0	none	False	sub-136	dissimilar	2	offer_1	4	0.5	0.36171003021249126	0.13775983432005354	0.11861543414716835	0.3536408545184778	0.6450273176959868
fit-rw_positive_bias-full-prior1	rw_positive_bias	full	1.0	none	False	sub-136	dissimilar	2	offer_1_to_3	11	0.8181818181818182	0.6240562187789915	0.09146610234443531	0.4421902049517966	0.6245585615658363	0.8003968095116962
fit-rw_positive_bias-full-prior1	rw_positive_bias	full	1.0	none	False	sub-137	computer	1	all	16	0.4375	0.4573104440966293	0.019312014366617416	0.4178056472705962	0.4573592569112414	0.4943768517772308
fit-rw_positive_bias-full-prior1	rw_positive_bias	full	1.0	none	False	sub-137	computer	1	offer_1	2	0.0	1.617241573318999e-05	0.00012159258958184715	5.713220496984789e-15	5.587320293210238e-08	0.00012587327399570452
fit-rw_positive_bias-full-prior1	rw_positive_bias	full	1.0	none	False	sub-137	computer	1	offer_1_to_3	4	0.0	0.000306867325307907	0.0011177502317578387	8.64224014421715e-10	1.989162567456761e-05	0.0026112746280609438
fit-rw_positive_bias-full-prior1	rw_positive_bias	full	1.0	none	False	sub-137	computer	2	all	32	0.46875	0.46168833295685674	0.018515697536783914	0.424933468155705	0.4617082602020818	0.49769944065563204
fit-rw_positive_bias-full-prior1	rw_positive_bias	full	1.0	none	False	sub-137	computer	2	offer_1	4	0.0	2.0261015953607635e-05	0.00014778418467072804	1.1048549474665327e-14	8.195002938831616e-08	0.00016057882866403632
fit-rw_positive_bias-full-prior1	rw_positive_bias	full	1.0	none	False	sub-137	computer	2	offer_1_to_3	10	0.0	0.0003002888102280444	0.0011052145322358402	9.4736736950256e-10	1.9366390889660237e-05	0.002586015062468478
fit-rw_positive_bias-full-prior1	rw_positive_bias	full	1.0	none	False	sub-137	similar	1	all	23	0.6086956521739131	0.5997886373197132	0.030104684505929916	0.5352025065151684	0.601825953335956	0.6520246351963175
fit-rw_positive_bias-full-prior1	rw_positive_bias	full	1.0	none	False	sub-137	similar	1	offer_1	1	0.0	0.0002502222940564251	0.000998141748775006	1.2553418971414639e-09	1.3827418636366555e-05	0.0021594029256289736
fit-rw_positive_bias-full-prior1	rw_positive_bias	full	1.0	none	False	sub-137	similar	1	offer_1_to_3	4	0.0	0.002215650894775736	0.004837586521194475	1.730292855247253e-06	0.0005478574630469146	0.015264061825252771
fit-rw_positive_bias-full-prior1	rw_positive_bias	full	1.0	none	False	sub-137	similar	2	all	23	0.391304347826087	0.38512272540262016	0.018909278090478	0.3497730346043765	0.3842164205742008	0.42620011560162097
fit-rw_positive_bias-full-prior1	rw_positive_bias	full	1.0	none	False	sub-137	similar	2	offer_1	3	0.0	0.00031364630373614485	0.0011944072925516938	2.274137558362494e-09	2.001320959172143e-05	0.0026956260222868443
fit-rw_positive_bias-full-prior1	rw_positive_bias	full	1.0	none	False	sub-137	similar	2	offer_1_to_3	11	0.0	0.0031509839118031777	0.006434704316876327	3.0659204978422263e-06	0.0008679903773429132	0.020937417973919056
fit-rw_positive_bias-full-prior1	rw_positive_bias	full	1.0	none	False	sub-137	dissimilar	1	all	32	0.4375	0.43640578980403494	0.02388771131716001	0.380290971932292	0.4376868167035327	0.4818855721622717
fit-rw_positive_bias-full-prior1	rw_positive_bias	full	1.0	none	False	sub-137	dissimilar	1	offer_1	6	0.0	3.1087178761059465e-06	7.464749538933351e-05	1.048239747976638e-37	5.1404401068807544e-14	5.228128385031358e-06
fit-rw_positive_bias-full-prior1	rw_positive_bias	full	1.0	none	False	sub-137	dissimilar	1	offer_1_to_3	13	0.0	3.414688680797816e-05	0.0003760794384375218	1.2161742809446575e-24	1.3930956141202943e-09	0.00020592301288718681
fit-rw_positive_bias-full-prior1	rw_positive_bias	full	1.0	none	False	sub-137	dissimilar	2	all	16	0.4375	0.45280246596906226	0.014003874101436251	0.43755491828881893	0.4490122737985224	0.48660931115918526
fit-rw_positive_bias-full-prior1	rw_positive_bias	full	1.0	none	False	sub-137	dissimilar	2	offer_1	1	0.0	4.187150993946492e-06	8.876461430543594e-05	5.573999308636401e-37	1.1074147382824146e-13	7.784256412799817e-06
fit-rw_positive_bias-full-prior1	rw_positive_bias	full	1.0	none	False	sub-137	dissimilar	2	offer_1_to_3	5	0.0	4.1091771833102765e-05	0.0004446188006659487	3.8720566674692374e-24	1.961586788371186e-09	0.0002462288984914584
fit-rw_positive_bias-full-prior1	rw_positive_bias	full	1.0	none	False	sub-138	computer	1	all	15	1.0	0.7644512073381294	0.04877050232091753	0.6696475995878775	0.7644390602474265	0.8574080662899225
fit-rw_positive_bias-full-prior1	rw_positive_bias	full	1.0	none	False	sub-138	computer	1	offer_1	3	1.0	0.359199468061862	0.10193766096379565	0.17554401591304442	0.3537857086483176	0.5708881658473396
fit-rw_positive_bias-full-prior1	rw_positive_bias	full	1.0	none	False	sub-138	computer	1	offer_1_to_3	6	1.0	0.5178245196702523	0.10064428487220281	0.32554664706000336	0.5180799255782431	0.7099642775909097
fit-rw_positive_bias-full-prior1	rw_positive_bias	full	1.0	none	False	sub-138	computer	2	all	28	0.5357142857142857	0.7191987729581802	0.03884314771474975	0.6429228984697268	0.7195868647349457	0.7936469392462572
fit-rw_positive_bias-full-prior1	rw_positive_bias	full	1.0	none	False	sub-138	computer	2	offer_1	5	0.0	0.2926026834543667	0.09763808940101136	0.10866875330325747	0.2903334310855297	0.48922756406225404
fit-rw_positive_bias-full-prior1	rw_positive_bias	full	1.0	none	False	sub-138	computer	2	offer_1_to_3	11	0.0	0.4162425469529744	0.08461835453369512	0.24964345201972332	0.4166948467844144	0.5818281246640574
fit-rw_positive_bias-full-prior1	rw_positive_bias	full	1.0	none	False	sub-138	similar	1	all	22	0.7272727272727273	0.7587896512802892	0.040840855106638145	0.6800355552673883	0.7588707947682043	0.8375959511607044
fit-rw_positive_bias-full-prior1	rw_positive_bias	full	1.0	none	False	sub-138	similar	1	offer_1	1	0.0	0.33750736420363175	0.11275319282000404	0.1360583102573981	0.3321385156356317	0.5731087296186239
fit-rw_positive_bias-full-prior1	rw_positive_bias	full	1.0	none	False	sub-138	similar	1	offer_1_to_3	6	0.3333333333333333	0.37400662043584787	0.10031591983143984	0.18152462081003848	0.37331738858619484	0.5707229715104686
fit-rw_positive_bias-full-prior1	rw_positive_bias	full	1.0	none	False	sub-138	similar	2	all	22	0.8181818181818182	0.7743621224026515	0.04658859841191256	0.6744387724032992	0.7781003644395614	0.8538183450174569
fit-rw_positive_bias-full-prior1	rw_positive_bias	full	1.0	none	False	sub-138	similar	2	offer_1	3	0.6666666666666666	0.33343399625500053	0.09851370917955429	0.15544972433004467	0.3294079363961522	0.5369332958350737
fit-rw_positive_bias-full-prior1	rw_positive_bias	full	1.0	none	False	sub-138	similar	2	offer_1_to_3	7	0.5714285714285714	0.4942816013522782	0.08381676130886016	0.3280461482013828	0.49525210296185057	0.6555363169892057
fit-rw_positive_bias-full-prior1	rw_positive_bias	full	1.0	none	False	sub-138	dissimilar	1	all	31	0.7096774193548387	0.7751054621689298	0.036393908915933616	0.7014944388786459	0.7758063973366188	0.8444113399715221
fit-rw_positive_bias-full-prior1	rw_positive_bias	full	1.0	none	False	sub-138	dissimilar	1	offer_1	3	0.0	0.22679190502995622	0.10192640863216888	0.06160892652964286	0.2163824516568698	0.44757203194605677
fit-rw_positive_bias-full-prior1	rw_positive_bias	full	1.0	none	False	sub-138	dissimilar	1	offer_1_to_3	10	0.4	0.47875085939009854	0.07597688182845871	0.32975116868381116	0.47922390900219647	0.6265001319362793
fit-rw_positive_bias-full-prior1	rw_positive_bias	full	1.0	none	False	sub-138	dissimilar	2	all	16	1.0	0.804635739852601	0.03860626193504211	0.7267725954612746	0.805402360318132	0.8779782128532689
fit-rw_positive_bias-full-prior1	rw_positive_bias	full	1.0	none	False	sub-138	dissimilar	2	offer_1_to_3	5	1.0	0.544128852757952	0.08038524923737746	0.38575088156388404	0.5450683970597471	0.7004715763084333
fit-rw_positive_bias-full-prior1	rw_positive_bias	full	1.0	none	False	sub-140	computer	1	all	16	0.8125	0.789908048036283	0.03862929931042811	0.7118678073491373	0.7910932298396486	0.8632274066762483
fit-rw_positive_bias-full-prior1	rw_positive_bias	full	1.0	none	False	sub-140	computer	1	offer_1	1	1.0	0.41024321201366504	0.12160434987169916	0.19457138476198182	0.4026438696208223	0.6614673796564469
fit-rw_positive_bias-full-prior1	rw_positive_bias	full	1.0	none	False	sub-140	computer	1	offer_1_to_3	6	0.5	0.5406743098949276	0.0864102363895486	0.36918047391470926	0.5415924413337834	0.7042874229129604
fit-rw_positive_bias-full-prior1	rw_positive_bias	full	1.0	none	False	sub-140	computer	2	all	31	0.8064516129032258	0.786110455205367	0.03546014813944234	0.7147470374948333	0.786419955596509	0.8545503988408926
fit-rw_positive_bias-full-prior1	rw_positive_bias	full	1.0	none	False	sub-140	computer	2	offer_1	3	0.3333333333333333	0.33300511073842937	0.11363360211702493	0.12641209101425552	0.32887538030033725	0.56316768392708
fit-rw_positive_bias-full-prior1	rw_positive_bias	full	1.0	none	False	sub-140	computer	2	offer_1_to_3	11	0.5454545454545454	0.5242184318944728	0.0780996137928747	0.3744569596672357	0.5231155411689311	0.6798780216169307
fit-rw_positive_bias-full-prior1	rw_positive_bias	full	1.0	none	False	sub-140	similar	1	all	24	0.7916666666666666	0.8291187913795278	0.034416535097113614	0.7577350552969745	0.830669490891017	0.8917817768490499
fit-rw_positive_bias-full-prior1	rw_positive_bias	full	1.0	none	False	sub-140	similar	1	offer_1	2	0.5	0.32580910699789256	0.1409326275605866	0.08699810710651926	0.3152912550576454	0.6149032748608826
fit-rw_positive_bias-full-prior1	rw_positive_bias	full	1.0	none	False	sub-140	similar	1	offer_1_to_3	6	0.3333333333333333	0.43978154246228707	0.1164661489271052	0.2015703603817019	0.44688350951328415	0.6453648617676402
fit-rw_positive_bias-full-prior1	rw_positive_bias	full	1.0	none	False	sub-140	similar	2	all	24	0.7916666666666666	0.7650238016089677	0.04161257569611098	0.6790596601752642	0.7664463676352642	0.842652374897848
fit-rw_positive_bias-full-prior1	rw_positive_bias	full	1.0	none	False	sub-140	similar	2	offer_1	3	0.3333333333333333	0.25102513012433775	0.11240120016198055	0.06391066729461055	0.24143226998711423	0.49142874134548936
fit-rw_positive_bias-full-prior1	rw_positive_bias	full	1.0	none	False	sub-140	similar	2	offer_1_to_3	9	0.4444444444444444	0.4891150253525101	0.08953256660259047	0.3078157366481924	0.4927801163567381	0.6540052296239329
fit-rw_positive_bias-full-prior1	rw_positive_bias	full	1.0	none	False	sub-140	dissimilar	1	all	31	0.7096774193548387	0.7416593304688449	0.03940911298625174	0.6622528896305268	0.7423005563984882	0.817337834537578
fit-rw_positive_bias-full-prior1	rw_positive_bias	full	1.0	none	False	sub-140	dissimilar	1	offer_1	6	0.6666666666666666	0.3540393951947684	0.10079767242854784	0.1699685229396738	0.3496846123740147	0.5616101453227325
fit-rw_positive_bias-full-prior1	rw_positive_bias	full	1.0	none	False	sub-140	dissimilar	1	offer_1_to_3	11	0.45454545454545453	0.4319631811757795	0.09005958980773134	0.25920548093540774	0.4294372667907486	0.612714532563262
fit-rw_positive_bias-full-prior1	rw_positive_bias	full	1.0	none	False	sub-140	dissimilar	2	all	16	0.8125	0.8106042352933197	0.03840734967109924	0.7283944493845141	0.8129088788876054	0.8790180041096004
fit-rw_positive_bias-full-prior1	rw_positive_bias	full	1.0	none	False	sub-140	dissimilar	2	offer_1	1	0.0	0.35729478656168734	0.11160050389294768	0.15190258956848335	0.35407220745191226	0.5823081650125763
fit-rw_positive_bias-full-prior1	rw_positive_bias	full	1.0	none	False	sub-140	dissimilar	2	offer_1_to_3	5	0.4	0.5733835136530059	0.075889142892401	0.4204416832864566	0.5744514694351086	0.7191185005508917
fit-rw_positive_bias-full-prior1	rw_positive_bias	full	1.0	none	False	sub-141	computer	1	all	31	0.967741935483871	0.9871234007221318	0.00981135558215095	0.9621128626230867	0.9895561160394112	0.9986405784168078
fit-rw_positive_bias-full-prior1	rw_positive_bias	full	1.0	none	False	sub-141	computer	1	offer_1	7	1.0	0.9668645780450122	0.02854015838586485	0.8919571662140054	0.9747182219104851	0.996942153646913
fit-rw_positive_bias-full-prior1	rw_positive_bias	full	1.0	none	False	sub-141	computer	1	offer_1_to_3	11	1.0	0.9736341203854529	0.021520196607969243	0.9184393102940311	0.9792621206388992	0.9974347388220786
fit-rw_positive_bias-full-prior1	rw_positive_bias	full	1.0	none	False	sub-141	computer	2	all	15	1.0	0.9891521665300955	0.008473722793428744	0.967513103475531	0.9913249900535075	0.9989530837702436
fit-rw_positive_bias-full-prior1	rw_positive_bias	full	1.0	none	False	sub-141	computer	2	offer_1	2	1.0	0.9684153292525809	0.028471406174683807	0.8935335689190177	0.9763941438853438	0.9972649644578852
fit-rw_positive_bias-full-prior1	rw_positive_bias	full	1.0	none	False	sub-141	computer	2	offer_1_to_3	6	1.0	0.9805790098592597	0.015519338188004857	0.9406400433951635	0.9845923358246527	0.9981212013977376
fit-rw_positive_bias-full-prior1	rw_positive_bias	full	1.0	none	False	sub-141	similar	1	all	24	1.0	0.9879389325982517	0.010128071486059018	0.9613400861674948	0.99064235643048	0.9989048938148655
fit-rw_positive_bias-full-prior1	rw_positive_bias	full	1.0	none	False	sub-141	similar	1	offer_1	2	1.0	0.9619440619809766	0.038720930698892174	0.8593616336068653	0.9732059179554742	0.9967887537533278
fit-rw_positive_bias-full-prior1	rw_positive_bias	full	1.0	none	False	sub-141	similar	1	offer_1_to_3	11	1.0	0.9788475305083714	0.018752229533568088	0.9292466848493642	0.9839080482574837	0.998037763123093
fit-rw_positive_bias-full-prior1	rw_positive_bias	full	1.0	none	False	sub-141	similar	2	all	24	1.0	0.9921215028102285	0.006580804726754078	0.9749658925467992	0.9938986180854971	0.9993050362413997
fit-rw_positive_bias-full-prior1	rw_positive_bias	full	1.0	none	False	sub-141	similar	2	offer_1	1	1.0	0.9583998337243321	0.04660629676998613	0.8361541502739545	0.971935353760998	0.9968116106964915
fit-rw_positive_bias-full-prior1	rw_positive_bias	full	1.0	none	False	sub-141	similar	2	offer_1_to_3	6	1.0	0.9799743738351244	0.01708647669061192	0.9360446469638815	0.9844420347699191	0.9981212113590252
fit-rw_positive_bias-full-prior1	rw_positive_bias	full	1.0	none	False	sub-141	dissimilar	1	all	16	1.0	0.9895966931633743	0.009166927615052315	0.9659085196185038	0.9920706212477717	0.9990780920566283
fit-rw_positive_bias-full-prior1	rw_positive_bias	full	1.0	none	False	sub-141	dissimilar	1	offer_1	1	1.0	0.9574312447645692	0.04698683117358066	0.839784776197741	0.9708237028083455	0.9966417748730387
fit-rw_positive_bias-full-prior1	rw_positive_bias	full	1.0	none	False	sub-141	dissimilar	1	offer_1_to_3	4	1.0	0.9740340317176218	0.02620105247804715	0.9069894766624865	0.9811898147459721	0.9977235423878543
fit-rw_positive_bias-full-prior1	rw_positive_bias	full	1.0	none	False	sub-141	dissimilar	2	all	32	1.0	0.9892777092034639	0.008541390029620712	0.9671435299235356	0.9914872726754544	0.9989932763786122
fit-rw_positive_bias-full-prior1	rw_positive_bias	full	1.0	none	False	sub-141	dissimilar	2	offer_1	3	1.0	0.96400367514569	0.03438171364302823	0.8723021865167746	0.973878863752681	0.9969452001083132
fit-rw_positive_bias-full-prior1	rw_positive_bias	full	1.0	none	False	sub-141	dissimilar	2	offer_1_to_3	12	1.0	0.9788098210064902	0.0173212197310647	0.9336511419986676	0.9833173401738109	0.9979720302567836
fit-rw_positive_bias-full-prior1	rw_positive_bias	full	1.0	none	False	sub-142	computer	1	all	31	1.0	0.9626606224833822	0.020140273085361694	0.915646568134949	0.9658751704450964	0.992528443695615
fit-rw_positive_bias-full-prior1	rw_positive_bias	full	1.0	none	False	sub-142	computer	1	offer_1	7	1.0	0.8700151364926524	0.0739728092542617	0.6946978715905905	0.8829911206624963	0.9754923865989522
fit-rw_positive_bias-full-prior1	rw_positive_bias	full	1.0	none	False	sub-142	computer	1	offer_1_to_3	12	1.0	0.9059350115454485	0.051138537112141266	0.7859711703239914	0.9140774076778613	0.9811555026161645
fit-rw_positive_bias-full-prior1	rw_positive_bias	full	1.0	none	False	sub-142	computer	2	all	16	1.0	0.9860890194820583	0.01190308759972234	0.9554226579882219	0.9895849744680454	0.999151206552521
fit-rw_positive_bias-full-prior1	rw_positive_bias	full	1.0	none	False	sub-142	computer	2	offer_1	2	1.0	0.9261404147898843	0.06862071288914157	0.744433501372856	0.9492018896149932	0.9955510801522591
fit-rw_positive_bias-full-prior1	rw_positive_bias	full	1.0	none	False	sub-142	computer	2	offer_1_to_3	6	1.0	0.964924995885305	0.029885232319453527	0.8882841831747363	0.9737668966922872	0.9978113893232416
fit-rw_positive_bias-full-prior1	rw_positive_bias	full	1.0	none	False	sub-142	similar	1	all	24	0.875	0.9069660364136843	0.0381298657299542	0.8364199677326429	0.9050703167230298	0.9760744056484438
fit-rw_positive_bias-full-prior1	rw_positive_bias	full	1.0	none	False	sub-142	similar	1	offer_1	5	0.4	0.5943997353547804	0.1700327176316571	0.30347242021793625	0.582382127519927	0.9072381714272599
fit-rw_positive_bias-full-prior1	rw_positive_bias	full	1.0	none	False	sub-142	similar	1	offer_1_to_3	9	0.6666666666666666	0.7563110633371525	0.10023882051030739	0.5737819947045264	0.7502135092083212	0.9393841764471532
fit-rw_positive_bias-full-prior1	rw_positive_bias	full	1.0	none	False	sub-142	similar	2	all	24	1.0	0.9861113566407078	0.009937795742714715	0.9617112784607251	0.9883868626363235	0.9985662545826819
fit-rw_positive_bias-full-prior1	rw_positive_bias	full	1.0	none	False	sub-142	similar	2	offer_1	1	1.0	0.8024237022650571	0.15144599767861727	0.40564520236078433	0.8461024973018954	0.9768933995320151
fit-rw_positive_bias-full-prior1	rw_positive_bias	full	1.0	none	False	sub-142	similar	2	offer_1_to_3	6	1.0	0.9469129309513428	0.03789130612249038	0.8538562859359474	0.9556559773127995	0.9943473692944906
fit-rw_positive_bias-full-prior1	rw_positive_bias	full	1.0	none	False	sub-142	dissimilar	1	all	16	0.9375	0.9518184633636703	0.030351928426185785	0.87573256762688	0.958984075404391	0.9907149675232202
fit-rw_positive_bias-full-prior1	rw_positive_bias	full	1.0	none	False	sub-142	dissimilar	1	offer_1	3	0.6666666666666666	0.7827057230019723	0.1401216692869882	0.4286627646466108	0.8163858880792477	0.962443585171188
fit-rw_positive_bias-full-prior1	rw_positive_bias	full	1.0	none	False	sub-142	dissimilar	1	offer_1_to_3	5	0.8	0.8576769493918724	0.09006213913626317	0.6299805680749282	0.8787087862767811	0.9740737955003183
fit-rw_positive_bias-full-prior1	rw_positive_bias	full	1.0	none	False	sub-142	dissimilar	2	all	32	0.96875	0.9745325939108984	0.017496087125680255	0.9305450414022294	0.9786023630719867	0.9963785766403224
fit-rw_positive_bias-full-prior1	rw_positive_bias	full	1.0	none	False	sub-142	dissimilar	2	offer_1	5	0.8	0.8659245453582144	0.09924244455285042	0.6087285255110881	0.8917229826296202	0.9822343284797026
fit-rw_positive_bias-full-prior1	rw_positive_bias	full	1.0	none	False	sub-142	dissimilar	2	offer_1_to_3	13	0.9230769230769231	0.9392619455231425	0.04246128646318602	0.8311944431087386	0.9494116181569208	0.9914783034930322
fit-rw_positive_bias-full-prior1	rw_positive_bias	full	1.0	none	False	sub-143	computer	1	all	32	0.90625	0.8877469207108268	0.025410586673983018	0.8351870685330959	0.8887613418429212	0.9346414223537646
fit-rw_positive_bias-full-prior1	rw_positive_bias	full	1.0	none	False	sub-143	computer	1	offer_1	3	0.0	0.27901016546744084	0.136075680665714	0.053383550512275384	0.26748656389504566	0.5668324064827469
fit-rw_positive_bias-full-prior1	rw_positive_bias	full	1.0	none	False	sub-143	computer	1	offer_1_to_3	11	0.7272727272727273	0.6800222145979983	0.07245703238209573	0.5308764076726982	0.6828410939508242	0.8144041905006316
fit-rw_positive_bias-full-prior1	rw_positive_bias	full	1.0	none	False	sub-143	computer	2	all	16	0.875	0.916619801728596	0.02044144807705802	0.8718320171045433	0.9180995674006132	0.9528019088747355
fit-rw_positive_bias-full-prior1	rw_positive_bias	full	1.0	none	False	sub-143	computer	2	offer_1	1	0.0	0.22745223594043013	0.14522810988214307	0.016008347737836395	0.20641557550711653	0.552644741235396
fit-rw_positive_bias-full-prior1	rw_positive_bias	full	1.0	none	False	sub-143	computer	2	offer_1_to_3	5	0.6	0.7426215398599152	0.061039727065880504	0.6112531157021028	0.7455538851058353	0.854122743991592
fit-rw_positive_bias-full-prior1	rw_positive_bias	full	1.0	none	False	sub-143	similar	1	all	24	0.8333333333333334	0.8193923169017577	0.0441584665522839	0.7389113016723153	0.8175664967535066	0.9076445467058158
fit-rw_positive_bias-full-prior1	rw_positive_bias	full	1.0	none	False	sub-143	similar	1	offer_1	6	0.5	0.38106198435103444	0.1528472602735211	0.11566207940312612	0.37188709500167566	0.6917998755240135
fit-rw_positive_bias-full-prior1	rw_positive_bias	full	1.0	none	False	sub-143	similar	1	offer_1_to_3	12	0.6666666666666666	0.6415703882872752	0.08831836179930433	0.48064960400035556	0.637738825393594	0.8176861861898207
fit-rw_positive_bias-full-prior1	rw_positive_bias	full	1.0	none	False	sub-143	similar	2	all	24	1.0	0.9776092488829696	0.013063874521529692	0.9454786015253924	0.9801413860538533	0.9953000663906422
fit-rw_positive_bias-full-prior1	rw_positive_bias	full	1.0	none	False	sub-143	similar	2	offer_1_to_3	4	1.0	0.8854590962471771	0.061271412262031914	0.7376530750734558	0.8961051236096622	0.9731375033087661
fit-rw_positive_bias-full-prior1	rw_positive_bias	full	1.0	none	False	sub-143	dissimilar	1	all	16	0.9375	0.9403797499728671	0.024232307200486518	0.886613860212365	0.9432534847803224	0.9792182029112626
fit-rw_positive_bias-full-prior1	rw_positive_bias	full	1.0	none	False	sub-143	dissimilar	1	offer_1_to_3	3	0.6666666666666666	0.7017298252624196	0.12142279397149988	0.4310879021627499	0.717341178419299	0.8948663480030413
fit-rw_positive_bias-full-prior1	rw_positive_bias	full	1.0	none	False	sub-143	dissimilar	2	all	32	0.84375	0.8631495009484155	0.02581344193505519	0.8134232280168784	0.8629675376914241	0.9137972768769395
fit-rw_positive_bias-full-prior1	rw_positive_bias	full	1.0	none	False	sub-143	dissimilar	2	offer_1	3	0.3333333333333333	0.11571737892750483	0.1121317441683541	0.0029731567526779723	0.07914312197474167	0.4125712420475772
fit-rw_positive_bias-full-prior1	rw_positive_bias	full	1.0	none	False	sub-143	dissimilar	2	offer_1_to_3	9	0.4444444444444444	0.5221560451209776	0.09159998366444853	0.34883340035170557	0.5207793662180044	0.7058247815408314
fit-rw_positive_bias-full-prior1	rw_positive_bias	full	1.0	none	False	sub-144	computer	1	all	32	0.28125	0.27975469937712366	0.010698483313949535	0.25919967070697325	0.28011885071128517	0.3059229763198458
fit-rw_positive_bias-full-prior1	rw_positive_bias	full	1.0	none	False	sub-144	computer	1	offer_1	3	0.0	7.723727819424761e-09	2.5468573897207434e-07	2.2265432059011818e-60	2.1908289550503847e-20	2.0997855946671477e-09
fit-rw_positive_bias-full-prior1	rw_positive_bias	full	1.0	none	False	sub-144	computer	1	offer_1_to_3	11	0.0	1.6516783457858607e-07	3.5528366261720673e-06	5.396581785478475e-43	5.171571107939154e-15	2.848392701911907e-07
fit-rw_positive_bias-full-prior1	rw_positive_bias	full	1.0	none	False	sub-144	computer	2	all	16	0.25	0.25156584148131006	0.018896507660328497	0.21682551587365248	0.24986772652961453	0.300084313162007
fit-rw_positive_bias-full-prior1	rw_positive_bias	full	1.0	none	False	sub-144	computer	2	offer_1	1	0.0	1.1055970363818012e-08	3.4482101071875584e-07	7.348868673696696e-60	4.640158685762113e-20	3.2726462964253563e-09
fit-rw_positive_bias-full-prior1	rw_positive_bias	full	1.0	none	False	sub-144	computer	2	offer_1_to_3	5	0.0	3.402970696873077e-07	6.655045630863653e-06	3.057930255549487e-42	1.632170800032719e-14	6.611078392879095e-07
fit-rw_positive_bias-full-prior1	rw_positive_bias	full	1.0	none	False	sub-144	similar	1	all	23	0.21739130434782608	0.2147586983657891	0.012419576980605076	0.18571322495724152	0.21667191730731764	0.2421799894422828
fit-rw_positive_bias-full-prior1	rw_positive_bias	full	1.0	none	False	sub-144	similar	1	offer_1	5	0.0	3.3014463335652005e-08	2.7249292362166656e-06	3.4894578663887815e-97	2.1824871145944538e-26	2.1437344718251617e-10
fit-rw_positive_bias-full-prior1	rw_positive_bias	full	1.0	none	False	sub-144	similar	1	offer_1_to_3	11	0.0	4.1000729819829036e-07	2.3304948410910003e-05	4.470363729505209e-68	6.571897765257494e-19	8.135186024209832e-08
fit-rw_positive_bias-full-prior1	rw_positive_bias	full	1.0	none	False	sub-144	similar	2	all	24	0.4583333333333333	0.4559824987504935	0.013360718470991212	0.4226843370182559	0.45795770026226845	0.48370599180399204
fit-rw_positive_bias-full-prior1	rw_positive_bias	full	1.0	none	False	sub-144	similar	2	offer_1_to_3	4	0.0	9.426599223312998e-07	4.7797075172295285e-05	2.7264232391238663e-67	2.4249072061322817e-18	2.2626661981441574e-07
fit-rw_positive_bias-full-prior1	rw_positive_bias	full	1.0	none	False	sub-144	dissimilar	1	all	16	0.1875	0.20757673777114255	0.028178579793800344	0.1495692637182324	0.2095462940401127	0.25777657509302276
fit-rw_positive_bias-full-prior1	rw_positive_bias	full	1.0	none	False	sub-144	dissimilar	1	offer_1_to_3	3	0.0	1.6177698460354065e-06	6.257367321050321e-05	1.7001852147831065e-51	2.0387943214114526e-15	1.2181219602839903e-06
fit-rw_positive_bias-full-prior1	rw_positive_bias	full	1.0	none	False	sub-144	dissimilar	2	all	32	0.375	0.3724664609205608	0.02195472567951739	0.32068990966773453	0.37615764658946604	0.40368917494830037
fit-rw_positive_bias-full-prior1	rw_positive_bias	full	1.0	none	False	sub-144	dissimilar	2	offer_1	3	0.0	2.641555374431611e-07	1.4751465763693759e-05	1.9724351147057165e-70	2.3204023173795946e-20	2.4309987925477763e-08
fit-rw_positive_bias-full-prior1	rw_positive_bias	full	1.0	none	False	sub-144	dissimilar	2	offer_1_to_3	9	0.0	1.812903605373695e-06	6.196746814354792e-05	9.575919243199546e-51	5.3596880644287555e-15	1.8015760975324685e-06
fit-rw_positive_bias-full-prior1	rw_positive_bias	full	1.0	none	False	sub-147	computer	1	all	32	0.84375	0.8428405694831727	0.02735431959080804	0.7837548534466655	0.8449580351230922	0.8906735016234422
fit-rw_positive_bias-full-prior1	rw_positive_bias	full	1.0	none	False	sub-147	computer	1	offer_1	3	0.3333333333333333	0.14283796626327377	0.0897159127512748	0.019146280448031856	0.12656652472589175	0.3578124317869017
fit-rw_positive_bias-full-prior1	rw_positive_bias	full	1.0	none	False	sub-147	computer	1	offer_1_to_3	10	0.6	0.5757067118475984	0.06682691668012457	0.4368252671966913	0.5793480721589244	0.698089826035244
fit-rw_positive_bias-full-prior1	rw_positive_bias	full	1.0	none	False	sub-147	computer	2	all	16	0.75	0.7575062757055009	0.0360392326194615	0.6868018141802992	0.7574897033779877	0.8286808917919296
fit-rw_positive_bias-full-prior1	rw_positive_bias	full	1.0	none	False	sub-147	computer	2	offer_1	2	0.0	0.1280943262175174	0.09016710674548443	0.010580786218522327	0.10964963526266966	0.34886392306023095
fit-rw_positive_bias-full-prior1	rw_positive_bias	full	1.0	none	False	sub-147	computer	2	offer_1_to_3	6	0.3333333333333333	0.41310672785728647	0.08775223206728947	0.24694178967037467	0.41166308084513586	0.5899658166040714
fit-rw_positive_bias-full-prior1	rw_positive_bias	full	1.0	none	False	sub-147	similar	1	all	24	0.7916666666666666	0.8121975707714371	0.039934340539983224	0.735144159331994	0.8118176885814874	0.8893749599732252
fit-rw_positive_bias-full-prior1	rw_positive_bias	full	1.0	none	False	sub-147	similar	1	offer_1_to_3	8	0.375	0.5067233413858448	0.11577250510356064	0.2815469753820248	0.508534746482486	0.7242070805771751
fit-rw_positive_bias-full-prior1	rw_positive_bias	full	1.0	none	False	sub-147	similar	2	all	24	0.7916666666666666	0.8212076927162584	0.0262632829519847	0.7645818774844088	0.8226965729713467	0.8693791363284008
fit-rw_positive_bias-full-prior1	rw_positive_bias	full	1.0	none	False	sub-147	similar	2	offer_1	2	0.0	0.07960699431143539	0.08420338452137181	0.0004609935838879509	0.050500926309958234	0.30629657736190824
fit-rw_positive_bias-full-prior1	rw_positive_bias	full	1.0	none	False	sub-147	similar	2	offer_1_to_3	6	0.3333333333333333	0.3614944100626702	0.0948920283158644	0.1728421103766272	0.36137130088324365	0.5502046032762078
fit-rw_positive_bias-full-prior1	rw_positive_bias	full	1.0	none	False	sub-147	dissimilar	1	all	14	1.0	0.9033576893094096	0.020599101230092877	0.8558915902851351	0.9060837017979804	0.935796700773865
fit-rw_positive_bias-full-prior1	rw_positive_bias	full	1.0	none	False	sub-147	dissimilar	1	offer_1	1	1.0	0.13660379583240606	0.10754257313537299	0.008726845077569509	0.1094832613006743	0.40531746045691575
fit-rw_positive_bias-full-prior1	rw_positive_bias	full	1.0	none	False	sub-147	dissimilar	1	offer_1_to_3	3	1.0	0.6238719005627746	0.06679834056372719	0.4737696596642879	0.6312548569628034	0.7457263013931219
fit-rw_positive_bias-full-prior1	rw_positive_bias	full	1.0	none	False	sub-147	dissimilar	2	all	31	0.8064516129032258	0.8113783722587226	0.03155279669290003	0.746701228280639	0.8118978480010165	0.8712301659884286
fit-rw_positive_bias-full-prior1	rw_positive_bias	full	1.0	none	False	sub-147	dissimilar	2	offer_1	2	0.0	0.08363477464903778	0.0852922197851021	0.0013798728208378006	0.0551364751101308	0.31531802582243373
fit-rw_positive_bias-full-prior1	rw_positive_bias	full	1.0	none	False	sub-147	dissimilar	2	offer_1_to_3	11	0.45454545454545453	0.5068213284782938	0.08413553826754386	0.3399674276903388	0.5074866651417554	0.6696606093811389
fit-rw_positive_bias-full-prior1	rw_positive_bias	full	1.0	none	False	sub-149	computer	1	all	31	0.9354838709677419	0.9202190023487221	0.01907381588052958	0.8744891945550413	0.9240648400500562	0.9512233150675551
fit-rw_positive_bias-full-prior1	rw_positive_bias	full	1.0	none	False	sub-149	computer	1	offer_1	2	0.0	0.09354082633768047	0.12314696423220212	1.4654942202144747e-06	0.04214374608378342	0.44960745245229367
fit-rw_positive_bias-full-prior1	rw_positive_bias	full	1.0	none	False	sub-149	computer	1	offer_1_to_3	11	0.8181818181818182	0.7756844862413856	0.0534384767973276	0.64752886422591	0.786471762608308	0.8627754695285101
fit-rw_positive_bias-full-prior1	rw_positive_bias	full	1.0	none	False	sub-149	computer	2	all	16	0.9375	0.9368596321295785	0.011057153929479337	0.9167907342455863	0.936065151264093	0.9654190873488077
fit-rw_positive_bias-full-prior1	rw_positive_bias	full	1.0	none	False	sub-149	computer	2	offer_1	1	0.0	0.10091652382138043	0.13963328559853586	1.0831612542407332e-06	0.04179570484767292	0.5159182345974225
fit-rw_positive_bias-full-prior1	rw_positive_bias	full	1.0	none	False	sub-149	computer	2	offer_1_to_3	4	0.75	0.7490864207924718	0.04282017407973869	0.6752365818221744	0.7448138559381569	0.8625520076443267
fit-rw_positive_bias-full-prior1	rw_positive_bias	full	1.0	none	False	sub-149	similar	1	all	23	0.9565217391304348	0.9485650046956529	0.014486845575198545	0.9114750069536464	0.9522851021630159	0.9729640258592602
fit-rw_positive_bias-full-prior1	rw_positive_bias	full	1.0	none	False	sub-149	similar	1	offer_1	1	0.0	0.0995643716721887	0.1549720489120844	1.0168302560082675e-09	0.025594068302689434	0.5703635988777798
fit-rw_positive_bias-full-prior1	rw_positive_bias	full	1.0	none	False	sub-149	similar	1	offer_1_to_3	5	0.8	0.7648125737066324	0.06591838823597433	0.5973881622215088	0.781486712017484	0.87733651799586
fit-rw_positive_bias-full-prior1	rw_positive_bias	full	1.0	none	False	sub-149	similar	2	all	24	0.9583333333333334	0.9506529955419052	0.0125822762228632	0.9191602193374668	0.9539601583800406	0.9717005151349785
fit-rw_positive_bias-full-prior1	rw_positive_bias	full	1.0	none	False	sub-149	similar	2	offer_1	1	0.0	0.07551920419349856	0.13162632357948187	1.6964471067500814e-10	0.01455070511249668	0.4909586467114694
fit-rw_positive_bias-full-prior1	rw_positive_bias	full	1.0	none	False	sub-149	similar	2	offer_1_to_3	5	0.8	0.7638840836981285	0.059977519042277196	0.6131808635796613	0.7796202952677596	0.8656179018665727
fit-rw_positive_bias-full-prior1	rw_positive_bias	full	1.0	none	False	sub-149	dissimilar	1	all	12	0.8333333333333334	0.9418185199723201	0.04240844944703115	0.8301141256214298	0.952507872885053	0.993289424299205
fit-rw_positive_bias-full-prior1	rw_positive_bias	full	1.0	none	False	sub-149	dissimilar	1	offer_1_to_3	4	0.5	0.8259006555596505	0.12720738532703743	0.4903423770197671	0.858043027148857	0.9800170364651338
fit-rw_positive_bias-full-prior1	rw_positive_bias	full	1.0	none	False	sub-149	dissimilar	2	all	32	0.84375	0.8283876451129749	0.019631993999810797	0.7880599821324993	0.8294272655851622	0.8707200193083268
fit-rw_positive_bias-full-prior1	rw_positive_bias	full	1.0	none	False	sub-149	dissimilar	2	offer_1	5	0.0	0.04133524168162027	0.0706505267630117	4.669434092664819e-09	0.009399193436011866	0.2556056114160646
fit-rw_positive_bias-full-prior1	rw_positive_bias	full	1.0	none	False	sub-149	dissimilar	2	offer_1_to_3	12	0.5833333333333334	0.5430770698334266	0.052219235492766705	0.4365148679509983	0.5457626611006083	0.6561757788291676
fit-rw_positive_bias-full-prior1	rw_positive_bias	full	1.0	none	False	sub-150	computer	1	all	16	0.75	0.7785973216605265	0.0400060976537581	0.6955032534385213	0.7806667671512881	0.853042243397869
fit-rw_positive_bias-full-prior1	rw_positive_bias	full	1.0	none	False	sub-150	computer	1	offer_1	1	0.0	0.04625070393733148	0.05010719938427208	0.0013213923305628163	0.02927021147308102	0.18608353784923382
fit-rw_positive_bias-full-prior1	rw_positive_bias	full	1.0	none	False	sub-150	computer	1	offer_1_to_3	5	0.2	0.3726881762572311	0.09228823668587166	0.20384047761029972	0.3691200111804231	0.567024924331705
fit-rw_positive_bias-full-prior1	rw_positive_bias	full	1.0	none	False	sub-150	computer	2	all	32	0.8125	0.7917686290327157	0.03087556921190145	0.7353627804540375	0.7899261069378624	0.8571100110626947
fit-rw_positive_bias-full-prior1	rw_positive_bias	full	1.0	none	False	sub-150	computer	2	offer_1	6	0.0	0.18980188520335128	0.10279751826610432	0.03517255747418044	0.17468373464072012	0.42626302472522665
fit-rw_positive_bias-full-prior1	rw_positive_bias	full	1.0	none	False	sub-150	computer	2	offer_1_to_3	11	0.45454545454545453	0.40928113404169625	0.0858983343711716	0.25942086839252454	0.40297494779126836	0.5941676290201653
fit-rw_positive_bias-full-prior1	rw_positive_bias	full	1.0	none	False	sub-150	similar	1	all	23	0.782608695652174	0.8261408687153208	0.03628186130406958	0.7541509932004417	0.8265021123116274	0.8962066401821901
fit-rw_positive_bias-full-prior1	rw_positive_bias	full	1.0	none	False	sub-150	similar	1	offer_1	2	0.0	0.14908877367599005	0.1036197032339829	0.020264484418059822	0.12454097821949511	0.4083336291441851
fit-rw_positive_bias-full-prior1	rw_positive_bias	full	1.0	none	False	sub-150	similar	1	offer_1_to_3	5	0.2	0.34125408206611685	0.11579914692726394	0.14429508777090438	0.33154190843105913	0.5905110200636514
fit-rw_positive_bias-full-prior1	rw_positive_bias	full	1.0	none	False	sub-150	similar	2	all	24	0.9166666666666666	0.8659683326776406	0.04240215759000887	0.7755574400675224	0.8688911414616002	0.9397844065308023
fit-rw_positive_bias-full-prior1	rw_positive_bias	full	1.0	none	False	sub-150	similar	2	offer_1	2	0.5	0.34421299712342357	0.1479598151591656	0.09422022989610232	0.33353983856368996	0.6549429051092965
fit-rw_positive_bias-full-prior1	rw_positive_bias	full	1.0	none	False	sub-150	similar	2	offer_1_to_3	10	0.8	0.6942002008464839	0.09358989442379262	0.49802048516460157	0.6995092535101711	0.8601549204813156
fit-rw_positive_bias-full-prior1	rw_positive_bias	full	1.0	none	False	sub-150	dissimilar	1	all	32	0.65625	0.6899932352744252	0.03177608828631229	0.6298673306441019	0.6889375006823842	0.7561691885211648
fit-rw_positive_bias-full-prior1	rw_positive_bias	full	1.0	none	False	sub-150	dissimilar	1	offer_1	4	0.0	0.014055820803048237	0.023167867481630293	3.489871614902855e-05	0.0055034465258573095	0.07989343114197453
fit-rw_positive_bias-full-prior1	rw_positive_bias	full	1.0	none	False	sub-150	dissimilar	1	offer_1_to_3	12	0.08333333333333333	0.2075907051894845	0.07045019552157078	0.08969119314757147	0.20028625568774627	0.3673212681784211
fit-rw_positive_bias-full-prior1	rw_positive_bias	full	1.0	none	False	sub-150	dissimilar	2	all	16	0.8125	0.7542861513252662	0.028328421695466666	0.6944379448582565	0.7549690316157551	0.808838050498591
fit-rw_positive_bias-full-prior1	rw_positive_bias	full	1.0	none	False	sub-150	dissimilar	2	offer_1	3	0.0	0.037364729363174976	0.048180523683991214	0.0002315989413350465	0.019523502370910925	0.1765098828149436
fit-rw_positive_bias-full-prior1	rw_positive_bias	full	1.0	none	False	sub-150	dissimilar	2	offer_1_to_3	6	0.5	0.3488645651734872	0.07314011355368703	0.19889596721296918	0.3495482775654114	0.4938390116469793
fit-rw_positive_bias-full-prior1	rw_positive_bias	full	1.0	none	False	sub-151	computer	1	all	16	0.5625	0.48933883541015755	0.026134492375575413	0.4471799719721788	0.4863618125437146	0.5474912974958133
fit-rw_positive_bias-full-prior1	rw_positive_bias	full	1.0	none	False	sub-151	computer	1	offer_1_to_3	5	0.0	0.00491737981795677	0.008400088801036128	8.986255423393621e-06	0.0018303729017468025	0.028263800413356598
fit-rw_positive_bias-full-prior1	rw_positive_bias	full	1.0	none	False	sub-151	computer	2	all	32	0.5	0.5220626534842137	0.017811543866709495	0.4870259601882682	0.5217700271556585	0.5573725746413974
fit-rw_positive_bias-full-prior1	rw_positive_bias	full	1.0	none	False	sub-151	computer	2	offer_1	2	0.0	0.00016302142430173208	0.000666080116403307	3.7580909726144745e-10	1.0466879821132613e-05	0.0013460402224761167
fit-rw_positive_bias-full-prior1	rw_positive_bias	full	1.0	none	False	sub-151	computer	2	offer_1_to_3	12	0.0	0.0037858391424391985	0.0065764978745865505	6.9077318610160625e-06	0.001383956064816802	0.022141455920375412
fit-rw_positive_bias-full-prior1	rw_positive_bias	full	1.0	none	False	sub-151	similar	1	all	24	0.5833333333333334	0.6211381799499953	0.018419823072461167	0.5795508715056107	0.6228863434022046	0.6536610430014997
fit-rw_positive_bias-full-prior1	rw_positive_bias	full	1.0	none	False	sub-151	similar	1	offer_1_to_3	5	0.0	0.002317210087152348	0.005619731462413722	2.7179391926626285e-07	0.0003958251634423322	0.01694063236605926
fit-rw_positive_bias-full-prior1	rw_positive_bias	full	1.0	none	False	sub-151	similar	2	all	24	0.375	0.3679540665232116	0.023158560950123266	0.33438271351676824	0.3647445161476649	0.41930182397299964
fit-rw_positive_bias-full-prior1	rw_positive_bias	full	1.0	none	False	sub-151	similar	2	offer_1	3	0.0	8.640021963329995e-05	0.0005017064041172934	3.953636760847562e-12	1.135501386427969e-06	0.0007479100755073553
fit-rw_positive_bias-full-prior1	rw_positive_bias	full	1.0	none	False	sub-151	similar	2	offer_1_to_3	10	0.0	0.0011613639900850167	0.0029930784046699657	1.4081812887703692e-07	0.00018597324151383728	0.008668829696926427
fit-rw_positive_bias-full-prior1	rw_positive_bias	full	1.0	none	False	sub-151	dissimilar	1	all	32	0.5	0.49925111841035225	0.022163210277440913	0.46392170951702255	0.4966075045862385	0.5479426190009482
fit-rw_positive_bias-full-prior1	rw_positive_bias	full	1.0	none	False	sub-151	dissimilar	1	offer_1	4	0.0	9.97107517451086e-05	0.0006003147027162354	2.2753416232948445e-15	6.217251634631034e-07	0.0009394495455071819
fit-rw_positive_bias-full-prior1	rw_positive_bias	full	1.0	none	False	sub-151	dissimilar	1	offer_1_to_3	10	0.0	0.0013991397490095148	0.0037932791005261483	7.876194795583845e-09	0.0001744644627808446	0.011361047251694987
fit-rw_positive_bias-full-prior1	rw_positive_bias	full	1.0	none	False	sub-151	dissimilar	2	all	16	0.5625	0.5520379416863573	0.011257820372949192	0.5228092321729143	0.5554044495841561	0.5624997432876973
fit-rw_positive_bias-full-prior1	rw_positive_bias	full	1.0	none	False	sub-151	dissimilar	2	offer_1_to_3	7	0.0	0.002846373537609542	0.007470966066387392	1.7059939437649965e-08	0.00037484450783811617	0.022811505648865797
fit-rw_positive_bias-full-prior1	rw_positive_bias	full	1.0	none	False	sub-152	computer	1	all	31	1.0	0.9892686322095384	0.008920488581566676	0.96606483354812	0.991700771105521	0.9991221682063448
fit-rw_positive_bias-full-prior1	rw_positive_bias	full	1.0	none	False	sub-152	computer	1	offer_1	1	1.0	0.9487175831754996	0.04994179556217542	0.8121016401360673	0.9638341666138535	0.9964170094049595
fit-rw_positive_bias-full-prior1	rw_positive_bias	full	1.0	none	False	sub-152	computer	1	offer_1_to_3	9	1.0	0.9737245390793609	0.022231371033547897	0.915109351108948	0.979908842784541	0.997764422572185
fit-rw_positive_bias-full-prior1	rw_positive_bias	full	1.0	none	False	sub-152	computer	2	all	14	0.9285714285714286	0.9853705133107366	0.012713684405839623	0.9511169764024374	0.9888760659327938	0.9987690104301478
fit-rw_positive_bias-full-prior1	rw_positive_bias	full	1.0	none	False	sub-152	computer	2	offer_1	2	1.0	0.9351950306265316	0.07094725255016486	0.7389774732001391	0.9575370614122407	0.9961371648944247
fit-rw_positive_bias-full-prior1	rw_positive_bias	full	1.0	none	False	sub-152	computer	2	offer_1_to_3	4	0.75	0.9581140995471983	0.04033578055280515	0.8486858514365495	0.9699690727037776	0.996658240722282
fit-rw_positive_bias-full-prior1	rw_positive_bias	full	1.0	none	False	sub-152	similar	1	all	21	1.0	0.9867955385797436	0.011462638708637134	0.9559435547380121	0.9900192301956368	0.9990168376486435
fit-rw_positive_bias-full-prior1	rw_positive_bias	full	1.0	none	False	sub-152	similar	1	offer_1	3	1.0	0.9437670944235006	0.05508948642804565	0.7947137883647805	0.9604471216276452	0.9961181978576923
fit-rw_positive_bias-full-prior1	rw_positive_bias	full	1.0	none	False	sub-152	similar	1	offer_1_to_3	6	1.0	0.9646438196300915	0.032709085786351524	0.8768955720698189	0.9742053321772353	0.9974306234036369
fit-rw_positive_bias-full-prior1	rw_positive_bias	full	1.0	none	False	sub-152	similar	2	all	21	1.0	0.9910141053272485	0.008025448516656401	0.9690970318294859	0.9933209939634098	0.9993463534813902
fit-rw_positive_bias-full-prior1	rw_positive_bias	full	1.0	none	False	sub-152	similar	2	offer_1	1	1.0	0.9053785215735833	0.11102314256787447	0.571172051831381	0.9425735690499978	0.9945234250795842
fit-rw_positive_bias-full-prior1	rw_positive_bias	full	1.0	none	False	sub-152	similar	2	offer_1_to_3	3	1.0	0.953984519882354	0.04686651283577488	0.820790153557456	0.9685103091198497	0.9967766496334883
fit-rw_positive_bias-full-prior1	rw_positive_bias	full	1.0	none	False	sub-152	dissimilar	1	all	16	1.0	0.9899434967686415	0.009328968387001096	0.9652803886844276	0.9926034312450112	0.9993544937905182
fit-rw_positive_bias-full-prior1	rw_positive_bias	full	1.0	none	False	sub-152	dissimilar	1	offer_1	1	1.0	0.9441638817194068	0.060027215969529625	0.7820260768214374	0.962344392612474	0.9964147912087966
fit-rw_positive_bias-full-prior1	rw_positive_bias	full	1.0	none	False	sub-152	dissimilar	1	offer_1_to_3	5	1.0	0.9757233726706394	0.022860559445820734	0.9159325517045379	0.9822634428765866	0.9983321048177839
fit-rw_positive_bias-full-prior1	rw_positive_bias	full	1.0	none	False	sub-152	dissimilar	2	all	25	1.0	0.9885681717925949	0.009529710064843107	0.9637743229546204	0.9911426282082179	0.9991333311505816
fit-rw_positive_bias-full-prior1	rw_positive_bias	full	1.0	none	False	sub-152	dissimilar	2	offer_1	1	1.0	0.8956927958728667	0.1276682832167923	0.5041534894524807	0.9402477484906678	0.9944920713023647
fit-rw_positive_bias-full-prior1	rw_positive_bias	full	1.0	none	False	sub-152	dissimilar	2	offer_1_to_3	8	1.0	0.9712907364515116	0.025068421919411565	0.9030399294767112	0.9785092637030046	0.9977871967574055
fit-rw_positive_bias-full-prior1	rw_positive_bias	full	1.0	none	False	sub-153	computer	1	all	15	0.6	0.6972970000816886	0.055552964543982696	0.5799220301493508	0.7017849930656959	0.7990192013007075
fit-rw_positive_bias-full-prior1	rw_positive_bias	full	1.0	none	False	sub-153	computer	1	offer_1_to_3	4	0.0	0.10050156490581609	0.09068943490106393	0.0017661512967467416	0.07582683297034304	0.33493688430724605
fit-rw_positive_bias-full-prior1	rw_positive_bias	full	1.0	none	False	sub-153	computer	2	all	32	0.59375	0.5968329211656119	0.019012411083474387	0.5644530113090489	0.5950571264891407	0.6386330197801887
fit-rw_positive_bias-full-prior1	rw_positive_bias	full	1.0	none	False	sub-153	computer	2	offer_1	3	0.0	0.0007951205022435265	0.002487628552082377	1.0586437051327004e-10	5.958853586695694e-05	0.006858945695786237
fit-rw_positive_bias-full-prior1	rw_positive_bias	full	1.0	none	False	sub-153	computer	2	offer_1_to_3	13	0.0	0.05256948977580279	0.036926599218020696	0.0026399435924344783	0.04630164070520495	0.14058317601508574
fit-rw_positive_bias-full-prior1	rw_positive_bias	full	1.0	none	False	sub-153	similar	1	all	24	0.8333333333333334	0.8194588037568663	0.017682103679048412	0.7733646743037774	0.8248391951985989	0.8405222133976169
fit-rw_positive_bias-full-prior1	rw_positive_bias	full	1.0	none	False	sub-153	similar	1	offer_1	2	0.0	0.001904908758648311	0.006952212533203958	1.1217654485294715e-11	8.837036737496917e-05	0.01699063693817674
fit-rw_positive_bias-full-prior1	rw_positive_bias	full	1.0	none	False	sub-153	similar	1	offer_1_to_3	4	0.0	0.015040063890928143	0.02717298450672566	7.358325170954162e-07	0.0044866696171285934	0.09176898625439443
fit-rw_positive_bias-full-prior1	rw_positive_bias	full	1.0	none	False	sub-153	similar	2	all	24	0.5833333333333334	0.5625862912421294	0.02715334886956912	0.5116969029089465	0.5611353103040831	0.6156002895879891
fit-rw_positive_bias-full-prior1	rw_positive_bias	full	1.0	none	False	sub-153	similar	2	offer_1	6	0.0	0.000921710860900473	0.0037195403538238816	2.3257616724143508e-11	3.2838958355135436e-05	0.008078154816431676
fit-rw_positive_bias-full-prior1	rw_positive_bias	full	1.0	none	False	sub-153	similar	2	offer_1_to_3	11	0.09090909090909091	0.07761265141055215	0.044974902468889265	0.00883159924570055	0.07286661495783797	0.17050911104600397
fit-rw_positive_bias-full-prior1	rw_positive_bias	full	1.0	none	False	sub-153	dissimilar	1	all	32	0.78125	0.7154627933954568	0.030195081611332893	0.6540908176857739	0.7155429922572012	0.7725552955203976
fit-rw_positive_bias-full-prior1	rw_positive_bias	full	1.0	none	False	sub-153	dissimilar	1	offer_1	4	0.0	0.0026948112212401287	0.006987962220381207	1.699712120268155e-08	0.00039224948601449287	0.020633980250764506
fit-rw_positive_bias-full-prior1	rw_positive_bias	full	1.0	none	False	sub-153	dissimilar	1	offer_1_to_3	10	0.3	0.15747983445795116	0.06516930532855546	0.0489526274620945	0.15126288386406794	0.2963937245081757
fit-rw_positive_bias-full-prior1	rw_positive_bias	full	1.0	none	False	sub-153	dissimilar	2	all	16	0.5625	0.6656400667432969	0.04939364064761093	0.58169653230658	0.6620515852573512	0.7676110652312567
fit-rw_positive_bias-full-prior1	rw_positive_bias	full	1.0	none	False	sub-153	dissimilar	2	offer_1_to_3	4	0.0	0.05175185772731481	0.06034085808029698	0.00011479288192601276	0.029833356586818807	0.22051113878638734
fit-rw_positive_bias-full-prior1	rw_positive_bias	full	1.0	none	False	sub-154	computer	1	all	31	0.3548387096774194	0.27870005252676594	0.03402804307989097	0.21247755758901962	0.27848050474779656	0.3458214699662242
fit-rw_positive_bias-full-prior1	rw_positive_bias	full	1.0	none	False	sub-154	computer	1	offer_1	4	0.0	0.0007616441443674373	0.0020144760012757654	8.497296307293492e-07	0.00017540252567069487	0.005192579203840376
fit-rw_positive_bias-full-prior1	rw_positive_bias	full	1.0	none	False	sub-154	computer	1	offer_1_to_3	10	0.0	0.0016917444572001987	0.0033914642281648527	7.901325878944743e-06	0.0005842380712539166	0.010108612310661222
fit-rw_positive_bias-full-prior1	rw_positive_bias	full	1.0	none	False	sub-154	computer	2	all	16	0.1875	0.24042391502090504	0.03606238860148093	0.17414252866643223	0.23894564548256886	0.3161873546856016
fit-rw_positive_bias-full-prior1	rw_positive_bias	full	1.0	none	False	sub-154	computer	2	offer_1	3	0.0	0.0008221446142909435	0.0021326232952425844	9.415279390840556e-07	0.00019173055082715657	0.0056110894465609545
fit-rw_positive_bias-full-prior1	rw_positive_bias	full	1.0	none	False	sub-154	computer	2	offer_1_to_3	6	0.0	0.002482444491741849	0.00436206709519166	1.9461615602563245e-05	0.00099972425303038	0.0139328702691877
fit-rw_positive_bias-full-prior1	rw_positive_bias	full	1.0	none	False	sub-154	similar	1	all	23	0.17391304347826086	0.17294982386305938	0.03795547074771382	0.10332914232096758	0.17165364064555697	0.25307367890616544
fit-rw_positive_bias-full-prior1	rw_positive_bias	full	1.0	none	False	sub-154	similar	1	offer_1	2	0.0	0.004315040415174545	0.007449614478763248	2.963163771780069e-05	0.001713906776529303	0.02494400235541664
fit-rw_positive_bias-full-prior1	rw_positive_bias	full	1.0	none	False	sub-154	similar	1	offer_1_to_3	10	0.1	0.010644038719459705	0.013419339992233386	0.0002708906759708341	0.006073239221981557	0.04849089904900961
fit-rw_positive_bias-full-prior1	rw_positive_bias	full	1.0	none	False	sub-154	similar	2	all	20	0.25	0.3258034005866693	0.05404484384734934	0.22053899393959397	0.3254783931060405	0.43289583262545994
fit-rw_positive_bias-full-prior1	rw_positive_bias	full	1.0	none	False	sub-154	similar	2	offer_1	3	0.0	0.004496171072675888	0.00769764712610455	3.1878843351455716e-05	0.0018076016030101898	0.02593944545473857
fit-rw_positive_bias-full-prior1	rw_positive_bias	full	1.0	none	False	sub-154	similar	2	offer_1_to_3	5	0.0	0.007811610901190962	0.01076058605265266	0.00016063072104165413	0.004106468911473442	0.037901086661271496
fit-rw_positive_bias-full-prior1	rw_positive_bias	full	1.0	none	False	sub-154	dissimilar	1	all	16	0.25	0.24256627264545258	0.020616849765506356	0.19635226014402252	0.24471339491419603	0.2838114163068551
fit-rw_positive_bias-full-prior1	rw_positive_bias	full	1.0	none	False	sub-154	dissimilar	1	offer_1	1	0.0	7.541210036150175e-05	0.000636182071509429	7.785452138863286e-17	6.393787143273588e-08	0.0005488677504562951
fit-rw_positive_bias-full-prior1	rw_positive_bias	full	1.0	none	False	sub-154	dissimilar	1	offer_1_to_3	5	0.0	0.00021215715239186254	0.0012374424342216476	4.555465491427196e-13	1.6697263165725312e-06	0.0018869194655610016
fit-rw_positive_bias-full-prior1	rw_positive_bias	full	1.0	none	False	sub-154	dissimilar	2	all	32	0.1875	0.20327464526763883	0.03903983949630641	0.13031562626828316	0.20252636607907387	0.281594978010973
fit-rw_positive_bias-full-prior1	rw_positive_bias	full	1.0	none	False	sub-154	dissimilar	2	offer_1	5	0.0	7.865473210713431e-05	0.0006117159297373223	1.1006159496378556e-16	7.727670494301393e-08	0.0006023424462541516
fit-rw_positive_bias-full-prior1	rw_positive_bias	full	1.0	none	False	sub-154	dissimilar	2	offer_1_to_3	11	0.0	0.00022538277944488802	0.0012830220734831041	6.666472240245696e-13	1.795829187813741e-06	0.0020263283346610805
fit-rw_positive_bias-full-prior1	rw_positive_bias	full	1.0	none	False	sub-155	computer	1	all	32	0.1875	0.18295878353881717	0.013972140871860399	0.14373763135444295	0.1871544181747626	0.20447541694390672
fit-rw_positive_bias-full-prior1	rw_positive_bias	full	1.0	none	False	sub-155	computer	1	offer_1	3	0.0	7.0217957411801485e-12	7.471817583625174e-10	7.3555265613652415e-211	4.453660640622117e-46	2.2767971359094758e-17
fit-rw_positive_bias-full-prior1	rw_positive_bias	full	1.0	none	False	sub-155	computer	1	offer_1_to_3	10	0.0	1.5176425229122824e-10	1.3370102560618167e-08	5.952475658393039e-163	4.558541810162958e-36	5.659226225194296e-14
fit-rw_positive_bias-full-prior1	rw_positive_bias	full	1.0	none	False	sub-155	computer	2	all	16	0.0625	0.06690568844767154	0.011735586811233238	0.05470493712834308	0.06268589693743448	0.10201420017415777
fit-rw_positive_bias-full-prior1	rw_positive_bias	full	1.0	none	False	sub-155	computer	2	offer_1	1	0.0	7.891938263839608e-12	7.964817135425311e-10	1.7725007373178556e-209	1.2289691181207603e-45	3.3380190117485174e-17
fit-rw_positive_bias-full-prior1	rw_positive_bias	full	1.0	none	False	sub-155	computer	2	offer_1_to_3	4	0.0	2.596755716176073e-10	2.1166149801544482e-08	7.456360698370713e-161	2.069681075814484e-35	1.265746861078582e-13
fit-rw_positive_bias-full-prior1	rw_positive_bias	full	1.0	none	False	sub-155	similar	1	all	24	0.041666666666666664	0.04062918442245873	0.006498220143835573	0.022595239035165707	0.041665795180301564	0.052530043016476465
fit-rw_positive_bias-full-prior1	rw_positive_bias	full	1.0	none	False	sub-155	similar	1	offer_1	3	0.0	1.4131394869592443e-11	1.8685682452374445e-09	2.4626815175521126e-278	4.609494808837851e-56	6.905114327305981e-19
fit-rw_positive_bias-full-prior1	rw_positive_bias	full	1.0	none	False	sub-155	similar	1	offer_1_to_3	11	0.0	2.7337305546828273e-10	3.2612509908989246e-08	2.5934573159145334e-213	1.7986774760801126e-43	5.194002714694523e-15
fit-rw_positive_bias-full-prior1	rw_positive_bias	full	1.0	none	False	sub-155	similar	2	all	24	0.041666666666666664	0.04644241696636727	0.01289141638933957	0.033048740111369115	0.04183694935409065	0.0851692410617081
fit-rw_positive_bias-full-prior1	rw_positive_bias	full	1.0	none	False	sub-155	similar	2	offer_1	2	0.0	1.8609824103994907e-11	2.4854419110501146e-09	8.010566578328224e-274	3.1615413680674295e-55	1.1434919268743983e-18
fit-rw_positive_bias-full-prior1	rw_positive_bias	full	1.0	none	False	sub-155	similar	2	offer_1_to_3	6	0.0	7.505528925007775e-11	9.593071870706805e-09	2.2158232793854952e-243	2.3091173344427337e-49	7.58206526188319e-17
fit-rw_positive_bias-full-prior1	rw_positive_bias	full	1.0	none	False	sub-155	dissimilar	1	all	16	0.0	0.0029983506707701385	0.007786343678808299	1.0444391801295374e-21	7.632776086090475e-05	0.02667268436303127
fit-rw_positive_bias-full-prior1	rw_positive_bias	full	1.0	none	False	sub-155	dissimilar	1	offer_1	1	0.0	3.14619471234978e-11	4.205440735758882e-09	2.193718260591289e-273	5.189010898618524e-52	3.4791719492262854e-17
fit-rw_positive_bias-full-prior1	rw_positive_bias	full	1.0	none	False	sub-155	dissimilar	1	offer_1_to_3	5	0.0	7.758724306243632e-10	7.81883171049071e-08	5.311494453243494e-210	3.4358120798690093e-40	1.6444013629593884e-13
fit-rw_positive_bias-full-prior1	rw_positive_bias	full	1.0	none	False	sub-155	dissimilar	2	all	32	0.03125	0.030557230045655154	0.006899757829337198	0.012591512783048174	0.031248975030788995	0.045584483177797376
fit-rw_positive_bias-full-prior1	rw_positive_bias	full	1.0	none	False	sub-155	dissimilar	2	offer_1	7	0.0	5.1441024916135676e-11	6.523668852746171e-09	4.655817105374064e-265	7.66776895119478e-51	6.567537197394558e-17
fit-rw_positive_bias-full-prior1	rw_positive_bias	full	1.0	none	False	sub-155	dissimilar	2	offer_1_to_3	11	0.0	5.963013009317923e-10	5.7487165437713964e-08	1.4875531847273968e-202	1.6648732881810862e-39	1.4346543525561086e-13
fit-rw_positive_bias-full-prior1	rw_positive_bias	full	1.0	none	False	sub-156	computer	1	all	16	1.0	0.9955630855427571	0.0054203592668600345	0.9806247597946925	0.997397793474065	0.9999390531651957
fit-rw_positive_bias-full-prior1	rw_positive_bias	full	1.0	none	False	sub-156	computer	1	offer_1	2	1.0	0.9793963407173426	0.02684259705938939	0.9060825808514303	0.988542968380624	0.9996958775320707
fit-rw_positive_bias-full-prior1	rw_positive_bias	full	1.0	none	False	sub-156	computer	1	offer_1_to_3	4	1.0	0.9860991486481495	0.017843502393401402	0.9375917562118716	0.9920690585724211	0.9997974117518909
fit-rw_positive_bias-full-prior1	rw_positive_bias	full	1.0	none	False	sub-156	computer	2	all	32	1.0	0.9962403067524344	0.004467004519284228	0.9838295310451773	0.9977576303438118	0.999944252379438
fit-rw_positive_bias-full-prior1	rw_positive_bias	full	1.0	none	False	sub-156	computer	2	offer_1	3	1.0	0.9768969935910936	0.030987463896956682	0.8934927334021948	0.9873216379445936	0.999648685734409
fit-rw_positive_bias-full-prior1	rw_positive_bias	full	1.0	none	False	sub-156	computer	2	offer_1_to_3	7	1.0	0.9873809369983118	0.015572980288460131	0.9455276291298894	0.9926044842629572	0.9998041032014032
fit-rw_positive_bias-full-prior1	rw_positive_bias	full	1.0	none	False	sub-156	similar	1	all	24	1.0	0.9968971023938532	0.004267281621515054	0.9851753247852905	0.9983827654473488	0.999983736840652
fit-rw_positive_bias-full-prior1	rw_positive_bias	full	1.0	none	False	sub-156	similar	1	offer_1	1	1.0	0.9761379952420263	0.036318893162110934	0.8790747347745851	0.9881856630258913	0.9998037590772603
fit-rw_positive_bias-full-prior1	rw_positive_bias	full	1.0	none	False	sub-156	similar	1	offer_1_to_3	7	1.0	0.9913090245364562	0.011973939430795767	0.9590366803733349	0.9953607087442506	0.9999472141271599
fit-rw_positive_bias-full-prior1	rw_positive_bias	full	1.0	none	False	sub-156	similar	2	all	24	1.0	0.9928861277805663	0.009143090504148887	0.9675658168614778	0.99601806748007	0.999926948730275
fit-rw_positive_bias-full-prior1	rw_positive_bias	full	1.0	none	False	sub-156	similar	2	offer_1	6	1.0	0.9779885374415439	0.030797082102505518	0.8942484613015508	0.9884272204108325	0.9997713269350293
fit-rw_positive_bias-full-prior1	rw_positive_bias	full	1.0	none	False	sub-156	similar	2	offer_1_to_3	12	1.0	0.9866240420747023	0.01762914200224888	0.9379467578694988	0.9926801723286653	0.9998616485909475
fit-rw_positive_bias-full-prior1	rw_positive_bias	full	1.0	none	False	sub-156	dissimilar	1	all	32	1.0	0.9955781685539851	0.005634010723320243	0.9803128894834959	0.9975184658175109	0.9999637087110823
fit-rw_positive_bias-full-prior1	rw_positive_bias	full	1.0	none	False	sub-156	dissimilar	1	offer_1	3	1.0	0.9767798335569302	0.03218406021170305	0.8900444269904252	0.9877633415850902	0.9997520373963905
fit-rw_positive_bias-full-prior1	rw_positive_bias	full	1.0	none	False	sub-156	dissimilar	1	offer_1_to_3	12	1.0	0.9896311075270584	0.013522619686759475	0.953506315178083	0.9942371968127505	0.9999108204738841
fit-rw_positive_bias-full-prior1	rw_positive_bias	full	1.0	none	False	sub-156	dissimilar	2	all	16	1.0	0.9939056030044174	0.0077581502823458005	0.9723667322955554	0.9965750211579141	0.9999400924841199
fit-rw_positive_bias-full-prior1	rw_positive_bias	full	1.0	none	False	sub-156	dissimilar	2	offer_1	2	1.0	0.969657724092811	0.04602534077192435	0.8417228650005258	0.9852994743594043	0.9996885509550599
fit-rw_positive_bias-full-prior1	rw_positive_bias	full	1.0	none	False	sub-156	dissimilar	2	offer_1_to_3	7	1.0	0.9870120077161003	0.01705609019342925	0.9400113088954789	0.9928560303689027	0.9998723017658772
fit-rw_positive_bias-full-prior1	rw_positive_bias	full	1.0	none	False	sub-157	computer	1	all	16	0.875	0.8061043919654559	0.04726894004701797	0.7090637210713608	0.8075591920490828	0.8957388638417083
fit-rw_positive_bias-full-prior1	rw_positive_bias	full	1.0	none	False	sub-157	computer	1	offer_1	3	0.3333333333333333	0.2551169250473743	0.13520231961362655	0.055702124144016846	0.23319762516398507	0.5663738247084874
fit-rw_positive_bias-full-prior1	rw_positive_bias	full	1.0	none	False	sub-157	computer	1	offer_1_to_3	7	0.7142857142857143	0.5687969853110395	0.10528052572534376	0.35414100070941096	0.5714631443156557	0.7698899459942025
fit-rw_positive_bias-full-prior1	rw_positive_bias	full	1.0	none	False	sub-157	computer	2	all	32	0.75	0.7553085396836541	0.03047664877269956	0.6963391804210474	0.7546113091375863	0.81718606141145
fit-rw_positive_bias-full-prior1	rw_positive_bias	full	1.0	none	False	sub-157	computer	2	offer_1	3	0.0	0.0695991496558175	0.054931406721488475	0.007851322977129564	0.05510032939496597	0.2155226746574518
fit-rw_positive_bias-full-prior1	rw_positive_bias	full	1.0	none	False	sub-157	computer	2	offer_1_to_3	9	0.2222222222222222	0.23434072132985131	0.0827557864224875	0.10020609181114075	0.22546877054675785	0.42045459829465714
fit-rw_positive_bias-full-prior1	rw_positive_bias	full	1.0	none	False	sub-157	similar	1	all	24	0.875	0.8557409390415639	0.026603542884689645	0.8008860844027109	0.8568174992122616	0.9048810695538472
fit-rw_positive_bias-full-prior1	rw_positive_bias	full	1.0	none	False	sub-157	similar	1	offer_1_to_3	5	0.4	0.3804678625327613	0.10807153142345058	0.16740225906776754	0.38102862468944865	0.5924382174048338
fit-rw_positive_bias-full-prior1	rw_positive_bias	full	1.0	none	False	sub-157	similar	2	all	23	0.6521739130434783	0.6768967909059602	0.042716478772706463	0.5975783204214322	0.6753753818448989	0.764227192117589
fit-rw_positive_bias-full-prior1	rw_positive_bias	full	1.0	none	False	sub-157	similar	2	offer_1	2	0.0	0.020829384697376573	0.030474127894941413	0.0003059581836495355	0.010023174947284271	0.10727875491862467
fit-rw_positive_bias-full-prior1	rw_positive_bias	full	1.0	none	False	sub-157	similar	2	offer_1_to_3	9	0.1111111111111111	0.24517325476626686	0.09217443536058739	0.08809670069887365	0.2380363689576807	0.4418985332758975
fit-rw_positive_bias-full-prior1	rw_positive_bias	full	1.0	none	False	sub-157	dissimilar	1	all	31	0.8064516129032258	0.8267443345912382	0.024388785821953002	0.7701580699012652	0.8285700197685013	0.8695879157429575
fit-rw_positive_bias-full-prior1	rw_positive_bias	full	1.0	none	False	sub-157	dissimilar	1	offer_1	3	0.0	0.10847370549741209	0.07623381562779565	0.007020638106811698	0.09436872379755928	0.2873936101239564
fit-rw_positive_bias-full-prior1	rw_positive_bias	full	1.0	none	False	sub-157	dissimilar	1	offer_1_to_3	9	0.3333333333333333	0.43179445439748415	0.07466671780875189	0.273160749583347	0.4330386330789947	0.5746534559882382
fit-rw_positive_bias-full-prior1	rw_positive_bias	full	1.0	none	False	sub-157	dissimilar	2	all	16	0.75	0.7689022558543055	0.03425978266544214	0.6968972358841069	0.7706580061134228	0.8315755983045618
fit-rw_positive_bias-full-prior1	rw_positive_bias	full	1.0	none	False	sub-157	dissimilar	2	offer_1	1	0.0	0.02505553028280594	0.03790080215633665	7.196351519758396e-05	0.010433846556205505	0.13385582843716984
fit-rw_positive_bias-full-prior1	rw_positive_bias	full	1.0	none	False	sub-157	dissimilar	2	offer_1_to_3	4	0.25	0.2183716901687407	0.08991000040155342	0.06456051079048185	0.21063521168167176	0.41356906331759075
fit-rw_positive_bias-full-prior1	rw_positive_bias	full	1.0	none	False	sub-158	computer	1	all	16	0.3125	0.3743652112355123	0.03187099666291067	0.30355650707758697	0.3770872931156981	0.4301827117384115
fit-rw_positive_bias-full-prior1	rw_positive_bias	full	1.0	none	False	sub-158	computer	1	offer_1	4	0.0	0.00034565537827650875	0.0011976273075187795	1.512223956370524e-07	5.462057506227401e-05	0.0026387106801459537
fit-rw_positive_bias-full-prior1	rw_positive_bias	full	1.0	none	False	sub-158	computer	1	offer_1_to_3	6	0.0	0.0011014992362849006	0.002422995287221863	5.037971487353192e-06	0.00035283155885016716	0.00706353308714966
fit-rw_positive_bias-full-prior1	rw_positive_bias	full	1.0	none	False	sub-158	computer	2	all	32	0.46875	0.43163813437232956	0.019558875959860583	0.39197598605058215	0.43166335025462665	0.47287498948241796
fit-rw_positive_bias-full-prior1	rw_positive_bias	full	1.0	none	False	sub-158	computer	2	offer_1	5	0.0	0.0006064859090048618	0.001653055634806335	9.125629268471865e-07	0.00013949519247958314	0.0042619620089424425
fit-rw_positive_bias-full-prior1	rw_positive_bias	full	1.0	none	False	sub-158	computer	2	offer_1_to_3	11	0.09090909090909091	0.0023404197273041746	0.0042504934291884774	2.0561321687937656e-05	0.0009304622524582752	0.01353516561435769
fit-rw_positive_bias-full-prior1	rw_positive_bias	full	1.0	none	False	sub-158	similar	1	all	24	0.4583333333333333	0.44634002662844885	0.03596923088797076	0.37684978809124653	0.4463377105295472	0.5164916624443321
fit-rw_positive_bias-full-prior1	rw_positive_bias	full	1.0	none	False	sub-158	similar	1	offer_1	2	0.0	0.00021970800723378737	0.0009261614488327973	2.0328728862139378e-09	1.276801207516324e-05	0.001848859970756945
fit-rw_positive_bias-full-prior1	rw_positive_bias	full	1.0	none	False	sub-158	similar	1	offer_1_to_3	7	0.0	0.0005211582648318151	0.0017696899048752135	2.9028064751971476e-08	5.4103654566436705e-05	0.004185579881427903
fit-rw_positive_bias-full-prior1	rw_positive_bias	full	1.0	none	False	sub-158	similar	2	all	24	0.3333333333333333	0.3306040635122461	0.029514258576894922	0.2768030464250325	0.3285091321601721	0.3940847711241047
fit-rw_positive_bias-full-prior1	rw_positive_bias	full	1.0	none	False	sub-158	similar	2	offer_1	3	0.0	0.00039454570376348607	0.0014536823078398142	7.391368156848396e-09	3.174085539021373e-05	0.003193579153751208
fit-rw_positive_bias-full-prior1	rw_positive_bias	full	1.0	none	False	sub-158	similar	2	offer_1_to_3	10	0.0	0.0019446183021479904	0.0046367119238053325	1.2985982234850536e-06	0.0004364990210647594	0.013769224478976848
fit-rw_positive_bias-full-prior1	rw_positive_bias	full	1.0	none	False	sub-158	dissimilar	1	all	31	0.3225806451612903	0.34621758111978373	0.033429856851438115	0.2783333750096618	0.34686549088686686	0.40927060048086256
fit-rw_positive_bias-full-prior1	rw_positive_bias	full	1.0	none	False	sub-158	dissimilar	1	offer_1	1	0.0	0.0001185896566658739	0.0007278454173951114	1.101451496862087e-11	1.9371953560679544e-06	0.0010389220249173293
fit-rw_positive_bias-full-prior1	rw_positive_bias	full	1.0	none	False	sub-158	dissimilar	1	offer_1_to_3	8	0.0	0.0006130865791423751	0.0022150845860881116	8.209712659176913e-09	4.697502779567665e-05	0.005249694560310707
fit-rw_positive_bias-full-prior1	rw_positive_bias	full	1.0	none	False	sub-158	dissimilar	2	all	16	0.4375	0.4325666557807102	0.03258754730777616	0.3711143555038591	0.4320986708796067	0.4987870613217398
fit-rw_positive_bias-full-prior1	rw_positive_bias	full	1.0	none	False	sub-158	dissimilar	2	offer_1	5	0.0	0.00019700272823088713	0.0010030177333391899	9.716533714449536e-11	5.236684818610756e-06	0.0017704850894046731
fit-rw_positive_bias-full-prior1	rw_positive_bias	full	1.0	none	False	sub-158	dissimilar	2	offer_1_to_3	6	0.0	0.0005533303415245094	0.0018175757039537422	3.4666666356581496e-08	6.278887173756227e-05	0.004570117598105324
fit-rw_positive_bias-full-prior1	rw_positive_bias	full	1.0	none	False	sub-159	computer	1	all	16	0.375	0.2912896444559109	0.04472006433585571	0.20187567207577076	0.29186646960682927	0.37767046098472107
fit-rw_positive_bias-full-prior1	rw_positive_bias	full	1.0	none	False	sub-159	computer	1	offer_1	1	0.0	0.0004570320027868527	0.001177819395819635	1.8275215904197383e-07	9.41893796085683e-05	0.0032499694561811173
fit-rw_positive_bias-full-prior1	rw_positive_bias	full	1.0	none	False	sub-159	computer	1	offer_1_to_3	4	0.0	0.0019252100378227726	0.0034967418007122433	6.4241669419404654e-06	0.0007186306660053646	0.011384430321999248
fit-rw_positive_bias-full-prior1	rw_positive_bias	full	1.0	none	False	sub-159	computer	2	all	32	0.34375	0.37169958721119806	0.031263567304285124	0.30711654790220166	0.37313728581753697	0.43018931659344034
fit-rw_positive_bias-full-prior1	rw_positive_bias	full	1.0	none	False	sub-159	computer	2	offer_1	3	0.0	0.0010301019154572643	0.0022173831626677975	1.044603527655956e-06	0.00028567696950973276	0.006878079917620891
fit-rw_positive_bias-full-prior1	rw_positive_bias	full	1.0	none	False	sub-159	computer	2	offer_1_to_3	11	0.0	0.0049064074091349	0.007060541886315136	4.639020225688481e-05	0.0024327940508107027	0.024506217407786506
fit-rw_positive_bias-full-prior1	rw_positive_bias	full	1.0	none	False	sub-159	similar	1	all	24	0.20833333333333334	0.3626650347504883	0.04956719876110904	0.26463957562540225	0.36268890875472415	0.4597820584048198
fit-rw_positive_bias-full-prior1	rw_positive_bias	full	1.0	none	False	sub-159	similar	1	offer_1	1	0.0	0.002464273438278754	0.004726204594786659	1.5257778218780436e-05	0.0008852249736881596	0.01472163262002492
fit-rw_positive_bias-full-prior1	rw_positive_bias	full	1.0	none	False	sub-159	similar	1	offer_1_to_3	6	0.0	0.012410953621369937	0.014038569778388625	0.0005700284219957393	0.007849882761988808	0.051143093533846724
fit-rw_positive_bias-full-prior1	rw_positive_bias	full	1.0	none	False	sub-159	similar	2	all	24	0.4583333333333333	0.3271101345846669	0.04213678306260847	0.25126927021084416	0.32478742986063114	0.41729659274266256
fit-rw_positive_bias-full-prior1	rw_positive_bias	full	1.0	none	False	sub-159	similar	2	offer_1	2	0.0	0.0061266513111356245	0.00868913601649534	0.00014302087707571893	0.0031877087871950488	0.030227681222175024
fit-rw_positive_bias-full-prior1	rw_positive_bias	full	1.0	none	False	sub-159	similar	2	offer_1_to_3	6	0.0	0.019264488243451523	0.017872248655535335	0.001630006600562571	0.01401981759162956	0.06767351566066987
fit-rw_positive_bias-full-prior1	rw_positive_bias	full	1.0	none	False	sub-159	dissimilar	1	all	32	0.21875	0.2539961113272758	0.03865812277744476	0.17932903238139	0.25305354090225207	0.33138992879827284
fit-rw_positive_bias-full-prior1	rw_positive_bias	full	1.0	none	False	sub-159	dissimilar	1	offer_1	2	0.0	4.2609531737363374e-05	0.000330518741391638	5.4966257357737025e-15	1.1028046620511139e-07	0.0003254222227612893
fit-rw_positive_bias-full-prior1	rw_positive_bias	full	1.0	none	False	sub-159	dissimilar	1	offer_1_to_3	7	0.0	0.00033565355012949	0.0013680968511022452	1.1986929920182823e-10	1.152793003105084e-05	0.003057899446927737
fit-rw_positive_bias-full-prior1	rw_positive_bias	full	1.0	none	False	sub-159	dissimilar	2	all	16	0.4375	0.37347179473273856	0.04324662259181616	0.27476691301341244	0.3800716552073617	0.43694380361307383
fit-rw_positive_bias-full-prior1	rw_positive_bias	full	1.0	none	False	sub-159	dissimilar	2	offer_1	1	0.0	0.00016428347919340114	0.0008477556457160485	1.0666377368335306e-12	1.8415044196783547e-06	0.0014874781988090885
fit-rw_positive_bias-full-prior1	rw_positive_bias	full	1.0	none	False	sub-159	dissimilar	2	offer_1_to_3	6	0.0	0.0010112542251346935	0.0032021566451284115	3.1026836262023246e-09	7.050805871340864e-05	0.008637297176870102
fit-rw_positive_bias-run1-prior1	rw_positive_bias	run1	1.0	none	False	sub-104	computer	1	all	32	1.0	0.9914974567745348	0.010045632153325983	0.963558031289781	0.994983076974433	0.9999283588244082
fit-rw_positive_bias-run1-prior1	rw_positive_bias	run1	1.0	none	False	sub-104	computer	1	offer_1	3	1.0	0.9472183069939841	0.06802411049312988	0.7515948039364642	0.9713533841788607	0.9994432632857794
fit-rw_positive_bias-run1-prior1	rw_positive_bias	run1	1.0	none	False	sub-104	computer	1	offer_1_to_3	8	1.0	0.9737720499229547	0.03159161428870331	0.885371807051102	0.9847476702817153	0.9997574536672937
fit-rw_positive_bias-run1-prior1	rw_positive_bias	run1	1.0	none	False	sub-104	computer	2	all	16	1.0	0.9928379003889909	0.011398965703123648	0.9620615131374533	0.9968084089359159	0.999999031531342
fit-rw_positive_bias-run1-prior1	rw_positive_bias	run1	1.0	none	False	sub-104	computer	2	offer_1_to_3	5	1.0	0.9824960219381464	0.03021791262118983	0.9086006070973109	0.9920593419772619	0.9999969181564068
fit-rw_positive_bias-run1-prior1	rw_positive_bias	run1	1.0	none	False	sub-104	similar	1	all	24	1.0	0.9894853882392706	0.01287401552559721	0.9538888620040502	0.9940270197351813	0.9999535069892788
fit-rw_positive_bias-run1-prior1	rw_positive_bias	run1	1.0	none	False	sub-104	similar	1	offer_1	3	1.0	0.9526677032878289	0.06242568686328253	0.7711884477676041	0.9747154270167371	0.9997155272160617
fit-rw_positive_bias-run1-prior1	rw_positive_bias	run1	1.0	none	False	sub-104	similar	1	offer_1_to_3	11	1.0	0.9792316822372273	0.025551402386669215	0.9075098389903786	0.9881684364853562	0.9999016515889219
fit-rw_positive_bias-run1-prior1	rw_positive_bias	run1	1.0	none	False	sub-104	similar	2	all	24	1.0	0.9933710238580157	0.014048039236708429	0.9623246151269025	0.997620977960544	0.999999933853427
fit-rw_positive_bias-run1-prior1	rw_positive_bias	run1	1.0	none	False	sub-104	similar	2	offer_1_to_3	6	1.0	0.9785651360563435	0.052476416976796246	0.8782652298289839	0.9924609986766355	0.9999997354139569
fit-rw_positive_bias-run1-prior1	rw_positive_bias	run1	1.0	none	False	sub-104	dissimilar	1	all	16	1.0	0.9922297252189064	0.010279344823978225	0.9626609296830815	0.9959601481610527	0.999974331325901
fit-rw_positive_bias-run1-prior1	rw_positive_bias	run1	1.0	none	False	sub-104	dissimilar	1	offer_1	1	1.0	0.9336199208980437	0.10247512059721481	0.632327937283412	0.9696679009666174	0.9996957883764328
fit-rw_positive_bias-run1-prior1	rw_positive_bias	run1	1.0	none	False	sub-104	dissimilar	1	offer_1_to_3	4	1.0	0.9753528654131278	0.03367899563431404	0.8771909124728636	0.9873539809072105	0.9999025529424683
fit-rw_positive_bias-run1-prior1	rw_positive_bias	run1	1.0	none	False	sub-104	dissimilar	2	all	32	1.0	0.9896669265350108	0.01750497457234271	0.9459013850682959	0.995370603470776	0.9999692254573609
fit-rw_positive_bias-run1-prior1	rw_positive_bias	run1	1.0	none	False	sub-104	dissimilar	2	offer_1	1	1.0	0.8879449352203883	0.18876689657869553	0.19653925717891255	0.9597984165423845	0.9994636558639627
fit-rw_positive_bias-run1-prior1	rw_positive_bias	run1	1.0	none	False	sub-104	dissimilar	2	offer_1_to_3	9	1.0	0.9682177188575474	0.05909191349042526	0.8249100697380619	0.9864096009878223	0.9998956674777633
fit-rw_positive_bias-run1-prior1	rw_positive_bias	run1	1.0	none	False	sub-105	computer	1	all	15	0.6	0.618285432303843	0.04173010018414673	0.5295999392285172	0.6187635384923267	0.7006836613869963
fit-rw_positive_bias-run1-prior1	rw_positive_bias	run1	1.0	none	False	sub-105	computer	1	offer_1	3	0.0	0.03465228948236121	0.050229713205457	7.348768353010345e-07	0.014608251832756618	0.180015490875551
fit-rw_positive_bias-run1-prior1	rw_positive_bias	run1	1.0	none	False	sub-105	computer	1	offer_1_to_3	5	0.0	0.051639875928941835	0.06402107379226726	7.802232725492422e-06	0.02761336051772193	0.22804235779073215
fit-rw_positive_bias-run1-prior1	rw_positive_bias	run1	1.0	none	False	sub-105	computer	2	all	32	0.6875	0.6159978425792337	0.059510476889887406	0.506891140083582	0.6128328185447596	0.7421774011432456
fit-rw_positive_bias-run1-prior1	rw_positive_bias	run1	1.0	none	False	sub-105	computer	2	offer_1	5	0.0	0.042403511372860345	0.05957592491315485	1.646053772841249e-06	0.018869865296680572	0.2129355291349607
fit-rw_positive_bias-run1-prior1	rw_positive_bias	run1	1.0	none	False	sub-105	computer	2	offer_1_to_3	12	0.25	0.1320377502621211	0.10665645438926896	0.0009420809151943345	0.11090825995885478	0.38754950055721293
fit-rw_positive_bias-run1-prior1	rw_positive_bias	run1	1.0	none	False	sub-105	similar	1	all	24	0.7083333333333334	0.7380147323802525	0.048628424941678	0.6398271120793745	0.738428024222491	0.8324683834447228
fit-rw_positive_bias-run1-prior1	rw_positive_bias	run1	1.0	none	False	sub-105	similar	1	offer_1_to_3	6	0.3333333333333333	0.22476679443936143	0.1169560535347662	0.04335992479331179	0.21044765428583123	0.48931199798617425
fit-rw_positive_bias-run1-prior1	rw_positive_bias	run1	1.0	none	False	sub-105	similar	2	all	24	0.625	0.6032593931402197	0.0749948500722467	0.46744769426156363	0.5988187087294832	0.7620839745230589
fit-rw_positive_bias-run1-prior1	rw_positive_bias	run1	1.0	none	False	sub-105	similar	2	offer_1	3	0.0	0.09113115244836413	0.08679140982304	0.0038330692429902973	0.06465853323049928	0.32702038359742414
fit-rw_positive_bias-run1-prior1	rw_positive_bias	run1	1.0	none	False	sub-105	similar	2	offer_1_to_3	10	0.1	0.22535991332880637	0.12254375782764267	0.04309860964153404	0.20683494006629832	0.5087299956326419
fit-rw_positive_bias-run1-prior1	rw_positive_bias	run1	1.0	none	False	sub-105	dissimilar	1	all	32	0.6875	0.6628439370319689	0.03848456829200361	0.5877974497053194	0.6629327802731664	0.7413990576695944
fit-rw_positive_bias-run1-prior1	rw_positive_bias	run1	1.0	none	False	sub-105	dissimilar	1	offer_1	2	0.0	0.04461271489965692	0.05251311330040543	0.0006552939358105924	0.026415177725861928	0.19012189266533033
fit-rw_positive_bias-run1-prior1	rw_positive_bias	run1	1.0	none	False	sub-105	dissimilar	1	offer_1_to_3	10	0.1	0.10553529314082012	0.07797165452445871	0.008874412719308224	0.0882282783017774	0.3001437108603192
fit-rw_positive_bias-run1-prior1	rw_positive_bias	run1	1.0	none	False	sub-105	dissimilar	2	all	16	0.875	0.7441826881081464	0.057105724963912946	0.6313101757622445	0.7455128073591915	0.8515178403611915
fit-rw_positive_bias-run1-prior1	rw_positive_bias	run1	1.0	none	False	sub-105	dissimilar	2	offer_1	2	0.0	0.055645962895366476	0.06675704666216116	0.000772033558728005	0.03216857303896342	0.24415641326166113
fit-rw_positive_bias-run1-prior1	rw_positive_bias	run1	1.0	none	False	sub-105	dissimilar	2	offer_1_to_3	4	0.5	0.2356478610562991	0.10866827797574544	0.06195231591820541	0.22323620724555748	0.47689000786455343
fit-rw_positive_bias-run1-prior1	rw_positive_bias	run1	1.0	none	False	sub-106	computer	1	all	16	0.4375	0.44517474308522864	0.03102929687134991	0.37308318579738764	0.4416129702190784	0.5014191825877378
fit-rw_positive_bias-run1-prior1	rw_positive_bias	run1	1.0	none	False	sub-106	computer	1	offer_1	3	0.0	6.189602448098152e-05	0.0014331066321785916	2.481595354984837e-79	5.1119576209121726e-14	0.0001589857549416255
fit-rw_positive_bias-run1-prior1	rw_positive_bias	run1	1.0	none	False	sub-106	computer	1	offer_1_to_3	5	0.0	0.00011496566333264807	0.0019334271374771698	3.5254675724653007e-65	6.276092104115604e-12	0.0004900711718124358
fit-rw_positive_bias-run1-prior1	rw_positive_bias	run1	1.0	none	False	sub-106	computer	2	all	32	0.40625	0.4641490330680966	0.03166570203986945	0.4009753897281597	0.4644472738464168	0.5166987670272881
fit-rw_positive_bias-run1-prior1	rw_positive_bias	run1	1.0	none	False	sub-106	computer	2	offer_1	5	0.0	9.372292253367361e-05	0.0017519541400170119	6.612422161040496e-76	2.2048107657515681e-13	0.00030582781484296274
fit-rw_positive_bias-run1-prior1	rw_positive_bias	run1	1.0	none	False	sub-106	computer	2	offer_1_to_3	12	0.0	0.00033257258950961734	0.003381389529117806	4.262398835527366e-49	2.1546822687862297e-09	0.002378647433560263
fit-rw_positive_bias-run1-prior1	rw_positive_bias	run1	1.0	none	False	sub-106	similar	1	all	24	0.5416666666666666	0.5466296025347137	0.021249721505416045	0.4985654349983267	0.5436312112139279	0.58736175052332
fit-rw_positive_bias-run1-prior1	rw_positive_bias	run1	1.0	none	False	sub-106	similar	1	offer_1	3	0.0	4.145467272688923e-05	0.0006492254138703138	3.637039011967371e-82	1.5106344665902986e-14	0.00011359927101060307
fit-rw_positive_bias-run1-prior1	rw_positive_bias	run1	1.0	none	False	sub-106	similar	1	offer_1_to_3	6	0.0	0.00016369481472980056	0.001603573608059394	1.0328744992000084e-53	3.5085384851376724e-10	0.0010444248843072838
fit-rw_positive_bias-run1-prior1	rw_positive_bias	run1	1.0	none	False	sub-106	similar	2	all	24	0.3333333333333333	0.38370260157608616	0.04939687637969348	0.3182458788952587	0.3802048637792661	0.4962525941633545
fit-rw_positive_bias-run1-prior1	rw_positive_bias	run1	1.0	none	False	sub-106	similar	2	offer_1	2	0.0	7.172747494401959e-05	0.0011499430781764849	3.1358556764704337e-78	8.98585374005394e-14	0.00023092265609167003
fit-rw_positive_bias-run1-prior1	rw_positive_bias	run1	1.0	none	False	sub-106	similar	2	offer_1_to_3	7	0.0	0.0004681334778498276	0.0040391573346383715	1.3129549307426612e-49	3.6731254155857606e-09	0.0034158374899627333
fit-rw_positive_bias-run1-prior1	rw_positive_bias	run1	1.0	none	False	sub-106	dissimilar	1	all	32	0.46875	0.4642140298849522	0.016121781095717165	0.43499362649747386	0.46611263895131266	0.5015122654448234
fit-rw_positive_bias-run1-prior1	rw_positive_bias	run1	1.0	none	False	sub-106	dissimilar	1	offer_1	3	0.0	3.3399248788578846e-05	0.0004676720505660393	1.1409295455452226e-75	4.871581954912446e-13	0.00014509707883642356
fit-rw_positive_bias-run1-prior1	rw_positive_bias	run1	1.0	none	False	sub-106	dissimilar	1	offer_1_to_3	10	0.0	0.00020132959624216492	0.0014955604296510365	1.0898375147535417e-45	1.1910487884876058e-08	0.001771350217830505
fit-rw_positive_bias-run1-prior1	rw_positive_bias	run1	1.0	none	False	sub-106	dissimilar	2	all	16	0.375	0.46287227394795977	0.03992100275863964	0.42899939171912416	0.4433251328866435	0.5671991363462774
fit-rw_positive_bias-run1-prior1	rw_positive_bias	run1	1.0	none	False	sub-106	dissimilar	2	offer_1	2	0.0	4.521105795147425e-05	0.0005950433844738908	6.8555653636081526e-74	1.0628281465261968e-12	0.00020002222382457837
fit-rw_positive_bias-run1-prior1	rw_positive_bias	run1	1.0	none	False	sub-106	dissimilar	2	offer_1_to_3	5	0.0	0.0006765931299110072	0.0041881510083877985	1.6072011777991983e-40	1.5122604535097073e-07	0.006086773828807362
fit-rw_positive_bias-run1-prior1	rw_positive_bias	run1	1.0	none	False	sub-107	computer	1	all	32	0.375	0.4091676929887201	0.05570038435501204	0.297869305035199	0.4102071010276642	0.5172240340395979
fit-rw_positive_bias-run1-prior1	rw_positive_bias	run1	1.0	none	False	sub-107	computer	1	offer_1	4	0.0	0.009540043682313325	0.01615278474899929	1.718995807106895e-05	0.003574088978416529	0.05496714186621468
fit-rw_positive_bias-run1-prior1	rw_positive_bias	run1	1.0	none	False	sub-107	computer	1	offer_1_to_3	12	0.0	0.052211350685066805	0.04408977558498147	0.002497893817102408	0.04054890528785743	0.16349910985926167
fit-rw_positive_bias-run1-prior1	rw_positive_bias	run1	1.0	none	False	sub-107	computer	2	all	16	0.4375	0.44191049886194544	0.06263617382697678	0.3149229714156064	0.4442159859583288	0.5582032927199605
fit-rw_positive_bias-run1-prior1	rw_positive_bias	run1	1.0	none	False	sub-107	computer	2	offer_1	5	0.0	0.014533664778103306	0.02196617292289613	4.180469531228239e-05	0.006495934309024159	0.07716624657408455
fit-rw_positive_bias-run1-prior1	rw_positive_bias	run1	1.0	none	False	sub-107	computer	2	offer_1_to_3	6	0.0	0.023594624300671323	0.02842734128026963	0.00036199089621919876	0.013820249534327728	0.1035189885474325
fit-rw_positive_bias-run1-prior1	rw_positive_bias	run1	1.0	none	False	sub-107	similar	1	all	24	0.5416666666666666	0.4917888840413977	0.05588323148541729	0.379756565774043	0.4932304507700953	0.5984731065377987
fit-rw_positive_bias-run1-prior1	rw_positive_bias	run1	1.0	none	False	sub-107	similar	1	offer_1	2	0.0	0.03248169909202586	0.045076534082681786	1.3638097692974294e-06	0.014811223559723826	0.16177548446181875
fit-rw_positive_bias-run1-prior1	rw_positive_bias	run1	1.0	none	False	sub-107	similar	1	offer_1_to_3	10	0.0	0.07642520386087824	0.07187445102086054	0.0011581263291616706	0.0552817623970102	0.2647238542289442
fit-rw_positive_bias-run1-prior1	rw_positive_bias	run1	1.0	none	False	sub-107	similar	2	all	23	0.6956521739130435	0.6973002611251609	0.05224403500335001	0.586268277395571	0.6992795752602136	0.7942607700692708
fit-rw_positive_bias-run1-prior1	rw_positive_bias	run1	1.0	none	False	sub-107	similar	2	offer_1	4	0.0	0.045233591332713305	0.06344452885925476	1.5333463519790529e-06	0.01925416528215445	0.22859159102733514
fit-rw_positive_bias-run1-prior1	rw_positive_bias	run1	1.0	none	False	sub-107	similar	2	offer_1_to_3	5	0.0	0.09937429826226192	0.07521651398469015	0.003343210841916562	0.08629599213533669	0.29017844696062506
fit-rw_positive_bias-run1-prior1	rw_positive_bias	run1	1.0	none	False	sub-107	dissimilar	1	all	16	0.4375	0.46887219339103936	0.05536984103416515	0.35969073463136425	0.46489058243060394	0.5820035224556742
fit-rw_positive_bias-run1-prior1	rw_positive_bias	run1	1.0	none	False	sub-107	dissimilar	1	offer_1	1	0.0	0.007148621596966836	0.017675117359769874	8.404178994643797e-12	0.0005624341571871597	0.05637480718418784
fit-rw_positive_bias-run1-prior1	rw_positive_bias	run1	1.0	none	False	sub-107	dissimilar	1	offer_1_to_3	4	0.0	0.013078751341748664	0.02511257191062663	2.9557489393976463e-09	0.002513876561081061	0.08383997274312296
fit-rw_positive_bias-run1-prior1	rw_positive_bias	run1	1.0	none	False	sub-107	dissimilar	2	all	31	0.5161290322580645	0.48995773502264806	0.06424841792591787	0.3615228986075574	0.48862155994765866	0.6155332056953469
fit-rw_positive_bias-run1-prior1	rw_positive_bias	run1	1.0	none	False	sub-107	dissimilar	2	offer_1	3	0.0	0.007430979726240743	0.018110452725890833	8.912600592953954e-11	0.0008863179353546752	0.055631944192727774
fit-rw_positive_bias-run1-prior1	rw_positive_bias	run1	1.0	none	False	sub-107	dissimilar	2	offer_1_to_3	11	0.0	0.033037994174016184	0.04426207999584391	4.086483176240843e-07	0.014721833016774273	0.1503184145710103
fit-rw_positive_bias-run1-prior1	rw_positive_bias	run1	1.0	none	False	sub-108	computer	1	all	32	0.53125	0.5657520152695666	0.04161666133544006	0.48137910632605585	0.5657117412317805	0.6479573417508502
fit-rw_positive_bias-run1-prior1	rw_positive_bias	run1	1.0	none	False	sub-108	computer	1	offer_1	2	0.0	0.01474040833320851	0.02274635831478125	6.8695196882038015e-06	0.006106012691826153	0.08012021647445672
fit-rw_positive_bias-run1-prior1	rw_positive_bias	run1	1.0	none	False	sub-108	computer	1	offer_1_to_3	11	0.0	0.0626431124570351	0.05451842339326275	0.0013878768678516852	0.04814540777534003	0.20316592741644546
fit-rw_positive_bias-run1-prior1	rw_positive_bias	run1	1.0	none	False	sub-108	computer	2	all	16	0.5625	0.5653038309501572	0.05344093499242432	0.46753173997124853	0.5634776293982904	0.6781525995002622
fit-rw_positive_bias-run1-prior1	rw_positive_bias	run1	1.0	none	False	sub-108	computer	2	offer_1	2	0.0	0.013902725689041422	0.023962720640131493	2.4726941866286826e-06	0.004716800120719754	0.08289293208304938
fit-rw_positive_bias-run1-prior1	rw_positive_bias	run1	1.0	none	False	sub-108	computer	2	offer_1_to_3	5	0.0	0.07504979741185373	0.063468007203495	0.0017807886447405274	0.059550998819310294	0.23767180629520152
fit-rw_positive_bias-run1-prior1	rw_positive_bias	run1	1.0	none	False	sub-108	similar	1	all	24	0.6666666666666666	0.6024082499436537	0.05782722610387011	0.488638787750546	0.6025663960848837	0.7163368793658874
fit-rw_positive_bias-run1-prior1	rw_positive_bias	run1	1.0	none	False	sub-108	similar	1	offer_1	2	0.0	0.03230033487049855	0.052910702448508484	2.3200890710646217e-06	0.010250290753418299	0.1864381439142874
fit-rw_positive_bias-run1-prior1	rw_positive_bias	run1	1.0	none	False	sub-108	similar	1	offer_1_to_3	10	0.2	0.1849437538157594	0.09496971108025022	0.041029859659653424	0.17064168292288245	0.4029430819940752
fit-rw_positive_bias-run1-prior1	rw_positive_bias	run1	1.0	none	False	sub-108	similar	2	all	24	0.7083333333333334	0.7186541840797424	0.04010548908357322	0.6524606687684035	0.7134069249702946	0.8116910464486158
fit-rw_positive_bias-run1-prior1	rw_positive_bias	run1	1.0	none	False	sub-108	similar	2	offer_1	2	0.5	0.05233599223936837	0.07802814599354863	4.307939015385877e-06	0.01944317909968643	0.2794563227939765
fit-rw_positive_bias-run1-prior1	rw_positive_bias	run1	1.0	none	False	sub-108	similar	2	offer_1_to_3	8	0.25	0.19950086549835594	0.11324200655519673	0.03904772092123234	0.1798485428606873	0.4725659573461643
fit-rw_positive_bias-run1-prior1	rw_positive_bias	run1	1.0	none	False	sub-108	dissimilar	1	all	16	0.5625	0.6189078067781415	0.06762606749946957	0.4875239674076374	0.617344364262728	0.7531242602381455
fit-rw_positive_bias-run1-prior1	rw_positive_bias	run1	1.0	none	False	sub-108	dissimilar	1	offer_1	1	0.0	0.014324033148544931	0.02831193519761906	3.5638995002059304e-06	0.003826231036047536	0.09148872648857818
fit-rw_positive_bias-run1-prior1	rw_positive_bias	run1	1.0	none	False	sub-108	dissimilar	1	offer_1_to_3	2	0.0	0.05551004003530638	0.058114121081595596	0.0007540075785758722	0.036855904402611946	0.21031191891384932
fit-rw_positive_bias-run1-prior1	rw_positive_bias	run1	1.0	none	False	sub-108	dissimilar	2	all	32	0.5625	0.586819331003895	0.06302442066464435	0.4475497656397132	0.5894060853132658	0.7022868537762642
fit-rw_positive_bias-run1-prior1	rw_positive_bias	run1	1.0	none	False	sub-108	dissimilar	2	offer_1	5	0.0	0.020614027088723834	0.036673234840085736	9.57498602643395e-06	0.006637642101966771	0.12602476370916596
fit-rw_positive_bias-run1-prior1	rw_positive_bias	run1	1.0	none	False	sub-108	dissimilar	2	offer_1_to_3	9	0.0	0.05328977530062544	0.05595809707053594	0.0010422323342043308	0.03580359739711797	0.20564446242734064
fit-rw_positive_bias-run1-prior1	rw_positive_bias	run1	1.0	none	False	sub-109	computer	1	all	13	1.0	0.9855582954951777	0.01913239730110217	0.9326145959511246	0.9925881461670052	0.9999942807572461
fit-rw_positive_bias-run1-prior1	rw_positive_bias	run1	1.0	none	False	sub-109	computer	1	offer_1_to_3	3	1.0	0.9480100782607679	0.06801597167573781	0.7602459042580113	0.9719998824029623	0.9999752296895028
fit-rw_positive_bias-run1-prior1	rw_positive_bias	run1	1.0	none	False	sub-109	computer	2	all	28	0.8928571428571429	0.9386219158941159	0.040812586771514024	0.8479638683758195	0.9452910942288013	0.9954508288284241
fit-rw_positive_bias-run1-prior1	rw_positive_bias	run1	1.0	none	False	sub-109	computer	2	offer_1	3	0.3333333333333333	0.5329076786784578	0.3119171639562996	0.0008305435790619268	0.5920895075325908	0.9687789253541427
fit-rw_positive_bias-run1-prior1	rw_positive_bias	run1	1.0	none	False	sub-109	computer	2	offer_1_to_3	8	0.75	0.792409429135836	0.1417980195283105	0.4795742245361654	0.8183871613206761	0.9850836462454459
fit-rw_positive_bias-run1-prior1	rw_positive_bias	run1	1.0	none	False	sub-109	similar	1	all	22	0.9545454545454546	0.9514365899360663	0.024424340033489242	0.9044964477699406	0.9531284276434124	0.9915768993779555
fit-rw_positive_bias-run1-prior1	rw_positive_bias	run1	1.0	none	False	sub-109	similar	1	offer_1	2	0.5	0.5382258494708774	0.24712006332058334	0.06487243531468666	0.5571718876846357	0.935655299349721
fit-rw_positive_bias-run1-prior1	rw_positive_bias	run1	1.0	none	False	sub-109	similar	1	offer_1_to_3	5	0.8	0.7941099266428094	0.10602699550889277	0.5920380382030462	0.8015501277788293	0.9668947490717614
fit-rw_positive_bias-run1-prior1	rw_positive_bias	run1	1.0	none	False	sub-109	similar	2	all	20	0.75	0.8798452768447825	0.06575918069842393	0.7546284718420945	0.8854596444315297	0.9842216090214075
fit-rw_positive_bias-run1-prior1	rw_positive_bias	run1	1.0	none	False	sub-109	similar	2	offer_1	5	0.0	0.5550434384867443	0.2541144148043804	0.0626099206515921	0.5804331557110046	0.9488761070656254
fit-rw_positive_bias-run1-prior1	rw_positive_bias	run1	1.0	none	False	sub-109	similar	2	offer_1_to_3	8	0.375	0.7034757045700283	0.16494396552784238	0.388254501676475	0.7180884989687782	0.9626737434300412
fit-rw_positive_bias-run1-prior1	rw_positive_bias	run1	1.0	none	False	sub-109	dissimilar	1	all	29	0.9655172413793104	0.9663512027257135	0.02047680771578795	0.9137531504250362	0.9687872916468163	0.9949668920454122
fit-rw_positive_bias-run1-prior1	rw_positive_bias	run1	1.0	none	False	sub-109	dissimilar	1	offer_1	1	0.0	0.4573654875390239	0.2978031111152187	0.0008217664048627184	0.4729149647392794	0.9366638751376994
fit-rw_positive_bias-run1-prior1	rw_positive_bias	run1	1.0	none	False	sub-109	dissimilar	1	offer_1_to_3	11	0.9090909090909091	0.9132585903111261	0.052408197319764066	0.7792745929036448	0.9190290054815481	0.9869599763271504
fit-rw_positive_bias-run1-prior1	rw_positive_bias	run1	1.0	none	False	sub-109	dissimilar	2	all	14	0.8571428571428571	0.9013017989239255	0.04785870583162556	0.8159502304528642	0.8961803059237107	0.98615461360781
fit-rw_positive_bias-run1-prior1	rw_positive_bias	run1	1.0	none	False	sub-109	dissimilar	2	offer_1	2	0.0	0.3797959053578085	0.31093749195955306	2.8195974489168064e-05	0.3400088666201748	0.9307355102763214
fit-rw_positive_bias-run1-prior1	rw_positive_bias	run1	1.0	none	False	sub-109	dissimilar	2	offer_1_to_3	5	0.6	0.7257925076740828	0.1352206377479599	0.4856386898391398	0.7111590085417925	0.9637586534534727
fit-rw_positive_bias-run1-prior1	rw_positive_bias	run1	1.0	none	False	sub-110	computer	1	all	16	0.75	0.7345501763520027	0.06490691910013759	0.6074412681989517	0.7347785858295152	0.8600629637550113
fit-rw_positive_bias-run1-prior1	rw_positive_bias	run1	1.0	none	False	sub-110	computer	1	offer_1	2	0.5	0.16487800256045088	0.12943279249445303	0.01349037911592425	0.13051945559891495	0.4981730682630125
fit-rw_positive_bias-run1-prior1	rw_positive_bias	run1	1.0	none	False	sub-110	computer	1	offer_1_to_3	4	0.75	0.2754709543482277	0.1390034571538261	0.06922662801230318	0.2542185999127282	0.5971335661683531
fit-rw_positive_bias-run1-prior1	rw_positive_bias	run1	1.0	none	False	sub-110	computer	2	all	32	0.625	0.6989515927076084	0.0683049727636491	0.5746687016907579	0.6953399818488988	0.8403207277875836
fit-rw_positive_bias-run1-prior1	rw_positive_bias	run1	1.0	none	False	sub-110	computer	2	offer_1	5	0.0	0.18447988646919067	0.13848308451536787	0.01599714505760043	0.14983480095975832	0.5331147489357678
fit-rw_positive_bias-run1-prior1	rw_positive_bias	run1	1.0	none	False	sub-110	computer	2	offer_1_to_3	11	0.09090909090909091	0.28947718865166794	0.145781861802475	0.07043120353249835	0.26769361390668667	0.6215592851997996
fit-rw_positive_bias-run1-prior1	rw_positive_bias	run1	1.0	none	False	sub-110	similar	1	all	24	0.6666666666666666	0.696302926434445	0.0475272228424157	0.6087051008278446	0.693650086333345	0.7934336696445854
fit-rw_positive_bias-run1-prior1	rw_positive_bias	run1	1.0	none	False	sub-110	similar	1	offer_1	1	0.0	0.015654620121980125	0.0350091225365822	6.295811716079065e-09	0.0021573466980745197	0.1146764378028286
fit-rw_positive_bias-run1-prior1	rw_positive_bias	run1	1.0	none	False	sub-110	similar	1	offer_1_to_3	5	0.0	0.08276541970378697	0.09077987567169687	0.00015824983388448486	0.04957075552720484	0.32238872809842184
fit-rw_positive_bias-run1-prior1	rw_positive_bias	run1	1.0	none	False	sub-110	similar	2	all	24	0.5416666666666666	0.5202748567124358	0.05179852277151604	0.43747339962569803	0.514848198997748	0.6347595422324707
fit-rw_positive_bias-run1-prior1	rw_positive_bias	run1	1.0	none	False	sub-110	similar	2	offer_1	6	0.0	0.019725608927159716	0.04140998732884356	1.629526229874579e-08	0.003178581766929636	0.13990923253063142
fit-rw_positive_bias-run1-prior1	rw_positive_bias	run1	1.0	none	False	sub-110	similar	2	offer_1_to_3	10	0.1	0.059222074809690904	0.06991484675453291	0.00012842411078087604	0.03339121547782216	0.2509301801031832
fit-rw_positive_bias-run1-prior1	rw_positive_bias	run1	1.0	none	False	sub-110	dissimilar	1	all	32	0.65625	0.641209554868292	0.04106011151531417	0.5676941016037881	0.638724239973484	0.7281975966282004
fit-rw_positive_bias-run1-prior1	rw_positive_bias	run1	1.0	none	False	sub-110	dissimilar	1	offer_1	4	0.0	0.05271162085695566	0.0542862598759261	0.0013644372245422947	0.03526831512249565	0.20086808720131114
fit-rw_positive_bias-run1-prior1	rw_positive_bias	run1	1.0	none	False	sub-110	dissimilar	1	offer_1_to_3	13	0.15384615384615385	0.18869909340952692	0.08732776698959152	0.04944530123864735	0.17868800328159906	0.3863970198756617
fit-rw_positive_bias-run1-prior1	rw_positive_bias	run1	1.0	none	False	sub-110	dissimilar	2	all	16	0.6875	0.6782994064374047	0.05516512142893927	0.5840391575077609	0.6730258884030729	0.8001890648959844
fit-rw_positive_bias-run1-prior1	rw_positive_bias	run1	1.0	none	False	sub-110	dissimilar	2	offer_1_to_3	6	0.3333333333333333	0.24081080395880486	0.12086923246795567	0.05700118558191595	0.2239461780206896	0.5193700587341886
fit-rw_positive_bias-run1-prior1	rw_positive_bias	run1	1.0	none	False	sub-111	computer	1	all	16	0.5625	0.5493258093830139	0.04294918319655844	0.4744128482692218	0.5459586991946457	0.6386257251621139
fit-rw_positive_bias-run1-prior1	rw_positive_bias	run1	1.0	none	False	sub-111	computer	1	offer_1	3	0.0	0.002714527915161115	0.01145056135670518	3.189260027629975e-15	4.2181978285789286e-05	0.026079638317964043
fit-rw_positive_bias-run1-prior1	rw_positive_bias	run1	1.0	none	False	sub-111	computer	1	offer_1_to_3	5	0.0	0.013425331480993005	0.02516890137019772	4.708435854415173e-07	0.0037198872865764395	0.08494650742407583
fit-rw_positive_bias-run1-prior1	rw_positive_bias	run1	1.0	none	False	sub-111	computer	2	all	32	0.75	0.6479406336386122	0.06905274835328916	0.5236147634159067	0.6513314186826771	0.7577739093152591
fit-rw_positive_bias-run1-prior1	rw_positive_bias	run1	1.0	none	False	sub-111	computer	2	offer_1	6	0.0	0.01631872665306924	0.041602730442142785	1.2681224040383619e-11	0.0015522146400999515	0.13635440859839182
fit-rw_positive_bias-run1-prior1	rw_positive_bias	run1	1.0	none	False	sub-111	computer	2	offer_1_to_3	8	0.0	0.02098695269112099	0.04698517936908883	1.3351285700630448e-09	0.0033580108351787107	0.1607837162691222
fit-rw_positive_bias-run1-prior1	rw_positive_bias	run1	1.0	none	False	sub-111	similar	1	all	24	0.5416666666666666	0.5724285985480952	0.042560820656069115	0.4912966052295279	0.572100375120805	0.6575393098354058
fit-rw_positive_bias-run1-prior1	rw_positive_bias	run1	1.0	none	False	sub-111	similar	1	offer_1	4	0.0	0.00172222751484752	0.007641522781418608	3.350086273754132e-18	1.795043212315619e-05	0.015454614157596266
fit-rw_positive_bias-run1-prior1	rw_positive_bias	run1	1.0	none	False	sub-111	similar	1	offer_1_to_3	6	0.0	0.006697812951371017	0.017110726870729984	1.1216531644473661e-12	0.0004875591173025196	0.0543146193400798
fit-rw_positive_bias-run1-prior1	rw_positive_bias	run1	1.0	none	False	sub-111	similar	2	all	24	0.625	0.5566251439075286	0.06985272030649536	0.4341075353227431	0.5547106143533179	0.6901290706048028
fit-rw_positive_bias-run1-prior1	rw_positive_bias	run1	1.0	none	False	sub-111	similar	2	offer_1	4	0.0	0.010666831614682532	0.027777279714537154	1.1594770713089805e-12	0.0008723744836137793	0.09084320697935382
fit-rw_positive_bias-run1-prior1	rw_positive_bias	run1	1.0	none	False	sub-111	similar	2	offer_1_to_3	8	0.0	0.0357833009142448	0.052418626645687943	9.264362012633616e-07	0.015124830793663065	0.18745192471706465
fit-rw_positive_bias-run1-prior1	rw_positive_bias	run1	1.0	none	False	sub-111	dissimilar	1	all	31	0.6129032258064516	0.6022076189987466	0.03420068066901978	0.5309307151045786	0.6021079841802714	0.6697410924730677
fit-rw_positive_bias-run1-prior1	rw_positive_bias	run1	1.0	none	False	sub-111	dissimilar	1	offer_1	4	0.0	0.016896893113931118	0.029726923052171405	1.959964113484702e-07	0.004956225157477609	0.10305511990615521
fit-rw_positive_bias-run1-prior1	rw_positive_bias	run1	1.0	none	False	sub-111	dissimilar	1	offer_1_to_3	13	0.15384615384615385	0.14066317583498644	0.06400330981778626	0.03638959660977736	0.13346864770487765	0.2848507708794164
fit-rw_positive_bias-run1-prior1	rw_positive_bias	run1	1.0	none	False	sub-111	dissimilar	2	all	16	0.9375	0.6655299339736924	0.10965935433579452	0.5003755461894687	0.6564680721211515	0.8730058537938489
fit-rw_positive_bias-run1-prior1	rw_positive_bias	run1	1.0	none	False	sub-111	dissimilar	2	offer_1	2	0.5	0.042981346702488266	0.0843415438468032	1.1658981647739574e-10	0.004880460733724095	0.30714114400915826
fit-rw_positive_bias-run1-prior1	rw_positive_bias	run1	1.0	none	False	sub-111	dissimilar	2	offer_1_to_3	6	0.8333333333333334	0.22545661272267276	0.20645361231275844	0.00018584392987410576	0.1650014033239351	0.670353039259095
fit-rw_positive_bias-run1-prior1	rw_positive_bias	run1	1.0	none	False	sub-112	computer	1	all	32	0.84375	0.8429967427635287	0.023685456369229203	0.7929814599228925	0.8434306584254667	0.8925153786757865
fit-rw_positive_bias-run1-prior1	rw_positive_bias	run1	1.0	none	False	sub-112	computer	1	offer_1	2	0.5	0.2812264821588181	0.17023643747240275	0.012378596043016001	0.2872388632430794	0.5112629117429861
fit-rw_positive_bias-run1-prior1	rw_positive_bias	run1	1.0	none	False	sub-112	computer	1	offer_1_to_3	9	0.4444444444444444	0.44953687602622805	0.08018112921658294	0.2926604930206657	0.44444607717406637	0.6257067372387498
fit-rw_positive_bias-run1-prior1	rw_positive_bias	run1	1.0	none	False	sub-112	computer	2	all	15	0.9333333333333333	0.7007641627713405	0.12419500848388221	0.531799540688084	0.7047246505202717	0.9323929699046363
fit-rw_positive_bias-run1-prior1	rw_positive_bias	run1	1.0	none	False	sub-112	computer	2	offer_1	1	0.0	0.013612853233455619	0.052333879927106454	3.8641765055307063e-62	1.1049762983535396e-10	0.1816202565948554
fit-rw_positive_bias-run1-prior1	rw_positive_bias	run1	1.0	none	False	sub-112	computer	2	offer_1_to_3	2	0.5	0.078610089452697	0.1611644425083123	5.8292841103265914e-24	0.00041008701552008197	0.5274791361752679
fit-rw_positive_bias-run1-prior1	rw_positive_bias	run1	1.0	none	False	sub-112	similar	1	all	24	0.75	0.7629500271275164	0.024170185074814814	0.7172167039732329	0.7596589891137175	0.8156203560045946
fit-rw_positive_bias-run1-prior1	rw_positive_bias	run1	1.0	none	False	sub-112	similar	1	offer_1	3	0.0	0.026761015853330312	0.047131715509552724	2.455433097932531e-11	0.0051643919389839504	0.17142973234104636
fit-rw_positive_bias-run1-prior1	rw_positive_bias	run1	1.0	none	False	sub-112	similar	1	offer_1_to_3	7	0.14285714285714285	0.21189576166411633	0.0717816974519315	0.11980509779675456	0.19660108525980857	0.38685902247368237
fit-rw_positive_bias-run1-prior1	rw_positive_bias	run1	1.0	none	False	sub-112	similar	2	all	24	0.75	0.7576288203447478	0.047974038081581453	0.66754246983282	0.7587799873437273	0.8527983405002147
fit-rw_positive_bias-run1-prior1	rw_positive_bias	run1	1.0	none	False	sub-112	similar	2	offer_1	2	0.0	0.004441966143518227	0.021489818817867226	5.566701154919597e-36	5.773518937416834e-07	0.046703114506188526
fit-rw_positive_bias-run1-prior1	rw_positive_bias	run1	1.0	none	False	sub-112	similar	2	offer_1_to_3	6	0.0	0.12095238496652437	0.11761715147884548	7.012701046505107e-09	0.10751355048532535	0.41988618698849
fit-rw_positive_bias-run1-prior1	rw_positive_bias	run1	1.0	none	False	sub-112	dissimilar	1	all	16	0.875	0.8682463576422517	0.018546536261143963	0.8175366023913209	0.8740151652051755	0.8969308473590584
fit-rw_positive_bias-run1-prior1	rw_positive_bias	run1	1.0	none	False	sub-112	dissimilar	1	offer_1	2	0.0	0.03446814835491695	0.0782560606257984	2.5933602463140177e-17	0.0020815540205458153	0.28187454210431223
fit-rw_positive_bias-run1-prior1	rw_positive_bias	run1	1.0	none	False	sub-112	dissimilar	1	offer_1_to_3	5	0.6	0.5861533453527512	0.0491696412376139	0.46446415790021	0.5978186667167762	0.6802191395086912
fit-rw_positive_bias-run1-prior1	rw_positive_bias	run1	1.0	none	False	sub-112	dissimilar	2	all	32	0.75	0.7592673239860204	0.07905523241289668	0.6061829400441837	0.7649522059881322	0.9073258867203452
fit-rw_positive_bias-run1-prior1	rw_positive_bias	run1	1.0	none	False	sub-112	dissimilar	2	offer_1	2	0.0	0.0098528594781376	0.046325990324924564	4.4340008054452e-45	1.777626617117054e-07	0.11990668246219902
fit-rw_positive_bias-run1-prior1	rw_positive_bias	run1	1.0	none	False	sub-112	dissimilar	2	offer_1_to_3	8	0.0	0.2034596136135952	0.18638687251317562	5.226714055164884e-09	0.18345211356581964	0.6405331190444596
fit-rw_positive_bias-run1-prior1	rw_positive_bias	run1	1.0	none	False	sub-113	computer	1	all	32	0.46875	0.4834822567901797	0.027210732318769384	0.4341917911462895	0.47837814822907954	0.5461862037424821
fit-rw_positive_bias-run1-prior1	rw_positive_bias	run1	1.0	none	False	sub-113	computer	1	offer_1	6	0.0	0.00033211843648774174	0.0023156016753737144	9.254204548843765e-59	3.2431967672737876e-10	0.0029930294819974098
fit-rw_positive_bias-run1-prior1	rw_positive_bias	run1	1.0	none	False	sub-113	computer	1	offer_1_to_3	10	0.0	0.0009362135245151248	0.004580894850077743	1.178587978096466e-41	1.2345830868029808e-07	0.009558796036664341
fit-rw_positive_bias-run1-prior1	rw_positive_bias	run1	1.0	none	False	sub-113	computer	2	all	16	0.4375	0.5331210131285166	0.05872528059008344	0.4375115586757759	0.526317484154774	0.6557987291662241
fit-rw_positive_bias-run1-prior1	rw_positive_bias	run1	1.0	none	False	sub-113	computer	2	offer_1	3	0.0	0.0010075913094909437	0.005443349426780841	5.495198447182839e-54	1.4278390279114819e-08	0.010162564226981193
fit-rw_positive_bias-run1-prior1	rw_positive_bias	run1	1.0	none	False	sub-113	computer	2	offer_1_to_3	5	0.0	0.006777896279931748	0.016990268019040165	1.5505872164468193e-23	0.0002613660864192403	0.05583200302470698
fit-rw_positive_bias-run1-prior1	rw_positive_bias	run1	1.0	none	False	sub-113	similar	1	all	24	0.4583333333333333	0.45251241811048054	0.020993132697100205	0.4066628310547536	0.45657582136151903	0.49568067186949877
fit-rw_positive_bias-run1-prior1	rw_positive_bias	run1	1.0	none	False	sub-113	similar	1	offer_1	4	0.0	0.002075880967066161	0.00805517329484267	8.18629223611621e-29	1.0993129826461283e-05	0.02064752730953792
fit-rw_positive_bias-run1-prior1	rw_positive_bias	run1	1.0	none	False	sub-113	similar	1	offer_1_to_3	10	0.0	0.004936532619016257	0.015097209266812213	2.8769996658194033e-22	0.00012327374575686964	0.04561838805290495
fit-rw_positive_bias-run1-prior1	rw_positive_bias	run1	1.0	none	False	sub-113	similar	2	all	24	0.5833333333333334	0.6851698000466049	0.03382976505539614	0.6256199851313559	0.6727756673320194	0.7676954261020392
fit-rw_positive_bias-run1-prior1	rw_positive_bias	run1	1.0	none	False	sub-113	similar	2	offer_1	3	0.0	0.003772581211346997	0.017294340676913645	5.610165289810324e-38	3.2704001717254604e-06	0.03948089644717761
fit-rw_positive_bias-run1-prior1	rw_positive_bias	run1	1.0	none	False	sub-113	similar	2	offer_1_to_3	7	0.0	0.03436854622448873	0.06349518029397172	1.518827096713057e-16	0.005357038840686697	0.2234463914556867
fit-rw_positive_bias-run1-prior1	rw_positive_bias	run1	1.0	none	False	sub-113	dissimilar	1	all	16	0.5625	0.5547002094044161	0.037396706389886125	0.46967360119177665	0.5609492220875939	0.6264308451471895
fit-rw_positive_bias-run1-prior1	rw_positive_bias	run1	1.0	none	False	sub-113	dissimilar	1	offer_1	2	0.0	0.001090015595900567	0.007532353807778423	1.0550370056588182e-47	3.580391256265084e-08	0.009792087257051794
fit-rw_positive_bias-run1-prior1	rw_positive_bias	run1	1.0	none	False	sub-113	dissimilar	1	offer_1_to_3	4	0.0	0.0015680928579340763	0.008712759435672344	8.132356046901267e-45	1.4116480346314743e-07	0.014990340774846359
fit-rw_positive_bias-run1-prior1	rw_positive_bias	run1	1.0	none	False	sub-113	dissimilar	2	all	32	0.53125	0.599620761670505	0.08100366522865321	0.46943720142942563	0.5888593565549588	0.7845800641169433
fit-rw_positive_bias-run1-prior1	rw_positive_bias	run1	1.0	none	False	sub-113	dissimilar	2	offer_1	4	0.0	0.008964268511556437	0.03508965048485301	6.530856607306488e-31	2.413628368098034e-05	0.09812116243115254
fit-rw_positive_bias-run1-prior1	rw_positive_bias	run1	1.0	none	False	sub-113	dissimilar	2	offer_1_to_3	11	0.0	0.11567138207852266	0.1324324206604335	4.999099620548076e-11	0.060305567811707275	0.42981569382452384
fit-rw_positive_bias-run1-prior1	rw_positive_bias	run1	1.0	none	False	sub-115	computer	1	all	15	0.5333333333333333	0.5148088275053525	0.07345961600493983	0.3668760595839093	0.5154450791847802	0.6583234128046141
fit-rw_positive_bias-run1-prior1	rw_positive_bias	run1	1.0	none	False	sub-115	computer	1	offer_1	1	1.0	0.34046901582188843	0.09682367332350661	0.15220946840808625	0.33977595994749465	0.5291976623233375
fit-rw_positive_bias-run1-prior1	rw_positive_bias	run1	1.0	none	False	sub-115	computer	1	offer_1_to_3	6	0.5	0.39912231164884915	0.08695097989335515	0.22875556976527373	0.39948892283771326	0.566797531413601
fit-rw_positive_bias-run1-prior1	rw_positive_bias	run1	1.0	none	False	sub-115	computer	2	all	31	0.6129032258064516	0.5354974784375538	0.07341417560857173	0.3879856553295506	0.5358225843975248	0.6787378007134113
fit-rw_positive_bias-run1-prior1	rw_positive_bias	run1	1.0	none	False	sub-115	computer	2	offer_1	3	1.0	0.3280240420422192	0.10437531387043182	0.12472533466877499	0.3279162222657699	0.5310593877395505
fit-rw_positive_bias-run1-prior1	rw_positive_bias	run1	1.0	none	False	sub-115	computer	2	offer_1_to_3	10	0.5	0.385514521578697	0.0887665695526402	0.21337125692374834	0.384899542162116	0.5595429962034997
fit-rw_positive_bias-run1-prior1	rw_positive_bias	run1	1.0	none	False	sub-115	similar	1	all	24	0.4166666666666667	0.5460935073583006	0.07332744316031214	0.3970150140646774	0.5483643972824147	0.6823352078241183
fit-rw_positive_bias-run1-prior1	rw_positive_bias	run1	1.0	none	False	sub-115	similar	1	offer_1	1	0.0	0.3244246783893409	0.10905758862231787	0.0857886777757153	0.3301004781367236	0.5238702558159591
fit-rw_positive_bias-run1-prior1	rw_positive_bias	run1	1.0	none	False	sub-115	similar	1	offer_1_to_3	7	0.2857142857142857	0.3958133625817506	0.09881024862475142	0.16493863698418176	0.4034686406412915	0.568004641701758
fit-rw_positive_bias-run1-prior1	rw_positive_bias	run1	1.0	none	False	sub-115	similar	2	all	23	0.6521739130434783	0.5028878920419644	0.07418082742163465	0.35138899947656227	0.5051858609153146	0.6428607690573069
fit-rw_positive_bias-run1-prior1	rw_positive_bias	run1	1.0	none	False	sub-115	similar	2	offer_1	3	1.0	0.32379842340072656	0.10838989918352367	0.09617822292731697	0.32717692344751387	0.5266037169251373
fit-rw_positive_bias-run1-prior1	rw_positive_bias	run1	1.0	none	False	sub-115	similar	2	offer_1_to_3	9	0.7777777777777778	0.3771194757427714	0.09921999015649027	0.15597133573940858	0.38215255455008484	0.5568355358276709
fit-rw_positive_bias-run1-prior1	rw_positive_bias	run1	1.0	none	False	sub-115	dissimilar	1	all	32	0.65625	0.5860791590130476	0.06529025565645934	0.456350445998348	0.5869011952551668	0.7112537758264469
fit-rw_positive_bias-run1-prior1	rw_positive_bias	run1	1.0	none	False	sub-115	dissimilar	1	offer_1	6	0.6666666666666666	0.3469585850358751	0.09421218119743156	0.17107080592073254	0.3451106752658455	0.5368845185459891
fit-rw_positive_bias-run1-prior1	rw_positive_bias	run1	1.0	none	False	sub-115	dissimilar	1	offer_1_to_3	11	0.6363636363636364	0.40097868282872734	0.08349351190344038	0.24244811570285774	0.39962666032361394	0.5686499851523013
fit-rw_positive_bias-run1-prior1	rw_positive_bias	run1	1.0	none	False	sub-115	dissimilar	2	all	16	0.625	0.5938129806535954	0.066521660688039	0.4615932576308596	0.594809331533614	0.7218907185979051
fit-rw_positive_bias-run1-prior1	rw_positive_bias	run1	1.0	none	False	sub-115	dissimilar	2	offer_1	2	1.0	0.34541519638564844	0.10115568973520779	0.15539325252929048	0.3435696980263322	0.5467468008866424
fit-rw_positive_bias-run1-prior1	rw_positive_bias	run1	1.0	none	False	sub-115	dissimilar	2	offer_1_to_3	6	0.8333333333333334	0.4268448156559182	0.08204737511134837	0.2706047651898261	0.42598229109080105	0.5911460462367985
fit-rw_positive_bias-run1-prior1	rw_positive_bias	run1	1.0	none	False	sub-116	computer	1	all	16	0.4375	0.4447502127763951	0.04513712842578378	0.3438067011893564	0.4426985513353339	0.5310113847196455
fit-rw_positive_bias-run1-prior1	rw_positive_bias	run1	1.0	none	False	sub-116	computer	1	offer_1	4	0.0	0.00011694472387060828	0.0014879245150893107	1.638890347321888e-36	1.0275921468332702e-10	0.0006321945264976422
fit-rw_positive_bias-run1-prior1	rw_positive_bias	run1	1.0	none	False	sub-116	computer	1	offer_1_to_3	4	0.0	0.00011694472387060828	0.0014879245150893107	1.638890347321888e-36	1.0275921468332702e-10	0.0006321945264976422
fit-rw_positive_bias-run1-prior1	rw_positive_bias	run1	1.0	none	False	sub-116	computer	2	all	32	0.4375	0.45462008303672835	0.03314720489959192	0.3890613217621772	0.45053018107882126	0.5217684562960844
fit-rw_positive_bias-run1-prior1	rw_positive_bias	run1	1.0	none	False	sub-116	computer	2	offer_1	2	0.0	0.00013781935291523305	0.001656473881970574	4.4312030565310145e-36	1.4849524145243436e-10	0.0007873628370522658
fit-rw_positive_bias-run1-prior1	rw_positive_bias	run1	1.0	none	False	sub-116	computer	2	offer_1_to_3	10	0.0	0.0006492478737026082	0.004302674125787149	1.2671360733310015e-23	1.8923217645563465e-07	0.006103676142725687
fit-rw_positive_bias-run1-prior1	rw_positive_bias	run1	1.0	none	False	sub-116	similar	1	all	24	0.5833333333333334	0.5775875202279378	0.029722268355621233	0.5166935779386566	0.5784335904328015	0.6288418669984837
fit-rw_positive_bias-run1-prior1	rw_positive_bias	run1	1.0	none	False	sub-116	similar	1	offer_1	1	0.0	0.00016333856265956013	0.0017850895981068812	1.2705861770092055e-28	3.915384482487338e-09	0.001013839710564011
fit-rw_positive_bias-run1-prior1	rw_positive_bias	run1	1.0	none	False	sub-116	similar	1	offer_1_to_3	6	0.0	0.0017749306022604135	0.0084814284579421	1.2525248632977029e-17	7.162004541509416e-06	0.01719299204047916
fit-rw_positive_bias-run1-prior1	rw_positive_bias	run1	1.0	none	False	sub-116	similar	2	all	24	0.3333333333333333	0.37857620375340156	0.029108604449063297	0.3191606808735633	0.380843779072195	0.4281443373388169
fit-rw_positive_bias-run1-prior1	rw_positive_bias	run1	1.0	none	False	sub-116	similar	2	offer_1	5	0.0	0.0001987679246308139	0.002026408753897206	2.0499687391443707e-28	5.540679427075377e-09	0.0012667637141740727
fit-rw_positive_bias-run1-prior1	rw_positive_bias	run1	1.0	none	False	sub-116	similar	2	offer_1_to_3	12	0.0	0.000897186323950525	0.0051100775705503415	5.465064578016181e-18	2.4977281332215077e-06	0.008213544531612228
fit-rw_positive_bias-run1-prior1	rw_positive_bias	run1	1.0	none	False	sub-116	dissimilar	1	all	31	0.4838709677419355	0.48792412345917485	0.029661316770266875	0.43358709430632203	0.4858010720279795	0.5482560687589964
fit-rw_positive_bias-run1-prior1	rw_positive_bias	run1	1.0	none	False	sub-116	dissimilar	1	offer_1	1	0.0	6.224826789671854e-05	0.0007367880541722553	3.802166431683098e-32	9.806600363406698e-11	0.0003256884099965675
fit-rw_positive_bias-run1-prior1	rw_positive_bias	run1	1.0	none	False	sub-116	dissimilar	1	offer_1_to_3	11	0.0	0.0005871202991413563	0.0036664462111042112	3.809204509236112e-20	3.6719235596047857e-07	0.005621429189633298
fit-rw_positive_bias-run1-prior1	rw_positive_bias	run1	1.0	none	False	sub-116	dissimilar	2	all	16	0.4375	0.464811578355427	0.02029745911024771	0.43333916923925364	0.4626601835186217	0.5098009720494897
fit-rw_positive_bias-run1-prior1	rw_positive_bias	run1	1.0	none	False	sub-116	dissimilar	2	offer_1	4	0.0	9.506504166609577e-05	0.0010951555081307443	1.0803478041591952e-31	1.9553690574135615e-10	0.0005520442374768229
fit-rw_positive_bias-run1-prior1	rw_positive_bias	run1	1.0	none	False	sub-116	dissimilar	2	offer_1_to_3	6	0.0	0.00038446129929618815	0.0025855777628564927	4.0566219217607124e-20	2.5188748183806386e-07	0.0035482049302151134
fit-rw_positive_bias-run1-prior1	rw_positive_bias	run1	1.0	none	False	sub-117	computer	1	all	32	0.8125	0.8177373038108166	0.027454195223392635	0.7600177833906308	0.818365485066423	0.8725727135284724
fit-rw_positive_bias-run1-prior1	rw_positive_bias	run1	1.0	none	False	sub-117	computer	1	offer_1	5	0.0	0.07760595058168343	0.09480064406395652	2.189535337306758e-05	0.041769128102069134	0.34219837817003773
fit-rw_positive_bias-run1-prior1	rw_positive_bias	run1	1.0	none	False	sub-117	computer	1	offer_1_to_3	11	0.45454545454545453	0.474803871337216	0.07838018311016781	0.3119101080109112	0.4754858190551734	0.6352671130546538
fit-rw_positive_bias-run1-prior1	rw_positive_bias	run1	1.0	none	False	sub-117	computer	2	all	16	0.875	0.8106413381056659	0.05905341160638533	0.6915917929056843	0.8284590504891666	0.8941347964517566
fit-rw_positive_bias-run1-prior1	rw_positive_bias	run1	1.0	none	False	sub-117	computer	2	offer_1	2	0.0	0.05995774573933767	0.09269703806438187	2.8910959430423574e-07	0.019265970479701522	0.3374789117122699
fit-rw_positive_bias-run1-prior1	rw_positive_bias	run1	1.0	none	False	sub-117	computer	2	offer_1_to_3	5	0.6	0.39965885057822464	0.18799887607554433	0.017644935671713595	0.4576273251712505	0.6670022746479188
fit-rw_positive_bias-run1-prior1	rw_positive_bias	run1	1.0	none	False	sub-117	similar	1	all	24	0.7916666666666666	0.7855323516707938	0.03698814091807701	0.714081826679403	0.7853043822264737	0.8606103040319515
fit-rw_positive_bias-run1-prior1	rw_positive_bias	run1	1.0	none	False	sub-117	similar	1	offer_1	4	0.0	0.11540526870579511	0.11965390433711301	8.19068334432648e-05	0.07541424142139351	0.42487466961781184
fit-rw_positive_bias-run1-prior1	rw_positive_bias	run1	1.0	none	False	sub-117	similar	1	offer_1_to_3	9	0.4444444444444444	0.4321107435894463	0.09785233124293584	0.24442383258407355	0.4309676385144895	0.6337086373654068
fit-rw_positive_bias-run1-prior1	rw_positive_bias	run1	1.0	none	False	sub-117	similar	2	all	24	0.875	0.8348185968867409	0.03686086042547003	0.7556805139102775	0.8403136798704933	0.8924828299557924
fit-rw_positive_bias-run1-prior1	rw_positive_bias	run1	1.0	none	False	sub-117	similar	2	offer_1	3	0.0	0.06383975708190426	0.09001612069810684	1.2669346111755684e-05	0.027126753410944397	0.33108151123595725
fit-rw_positive_bias-run1-prior1	rw_positive_bias	run1	1.0	none	False	sub-117	similar	2	offer_1_to_3	6	0.5	0.34430000658813614	0.1452668149773654	0.031210775424461566	0.366358967161562	0.5751675436763534
fit-rw_positive_bias-run1-prior1	rw_positive_bias	run1	1.0	none	False	sub-117	dissimilar	1	all	16	0.9375	0.9386699345528485	0.0370825320431865	0.852688772553165	0.9442960597155525	0.9923128295634638
fit-rw_positive_bias-run1-prior1	rw_positive_bias	run1	1.0	none	False	sub-117	dissimilar	1	offer_1_to_3	5	0.8	0.8081995587673785	0.11505199561158705	0.5399192790970274	0.8251444854333709	0.9757841995218414
fit-rw_positive_bias-run1-prior1	rw_positive_bias	run1	1.0	none	False	sub-117	dissimilar	2	all	32	0.84375	0.8096338580844592	0.06272838224947694	0.6587239632169031	0.8134155924482181	0.9242522530389552
fit-rw_positive_bias-run1-prior1	rw_positive_bias	run1	1.0	none	False	sub-117	dissimilar	2	offer_1	5	0.0	0.20860292566288785	0.22284552945808592	7.540701716756813e-06	0.11387032819367301	0.6912312977406537
fit-rw_positive_bias-run1-prior1	rw_positive_bias	run1	1.0	none	False	sub-117	dissimilar	2	offer_1_to_3	12	0.5833333333333334	0.5030894363517601	0.16026696963849543	0.11995710477186139	0.5110099935842884	0.8041912390278277
fit-rw_positive_bias-run1-prior1	rw_positive_bias	run1	1.0	none	False	sub-118	computer	1	all	16	0.5	0.5323786584208801	0.07590636860272579	0.38153627729687223	0.5327581810067491	0.6803319272071724
fit-rw_positive_bias-run1-prior1	rw_positive_bias	run1	1.0	none	False	sub-118	computer	1	offer_1	2	0.0	0.1860578726548534	0.10428797832091657	0.03359336427938165	0.16965299641135848	0.42755362031583666
fit-rw_positive_bias-run1-prior1	rw_positive_bias	run1	1.0	none	False	sub-118	computer	1	offer_1_to_3	7	0.42857142857142855	0.27425277384292507	0.1060939341580949	0.09627569795770287	0.2648570731073203	0.5017309986881675
fit-rw_positive_bias-run1-prior1	rw_positive_bias	run1	1.0	none	False	sub-118	computer	2	all	32	0.9375	0.5855869952877703	0.08037184800216213	0.42273741549350774	0.5864779028781506	0.7412625689176956
fit-rw_positive_bias-run1-prior1	rw_positive_bias	run1	1.0	none	False	sub-118	computer	2	offer_1	4	0.75	0.21522673890392185	0.11055834727798362	0.0475728498233396	0.19916344761378663	0.4652328896331259
fit-rw_positive_bias-run1-prior1	rw_positive_bias	run1	1.0	none	False	sub-118	computer	2	offer_1_to_3	10	0.9	0.29999933551557223	0.11054456714289389	0.11196456392934714	0.2900661154957427	0.5371251789263805
fit-rw_positive_bias-run1-prior1	rw_positive_bias	run1	1.0	none	False	sub-118	similar	1	all	24	0.6666666666666666	0.6448138689613783	0.06872461570411899	0.5049062434930145	0.6467505327034684	0.776042246036947
fit-rw_positive_bias-run1-prior1	rw_positive_bias	run1	1.0	none	False	sub-118	similar	1	offer_1	3	0.3333333333333333	0.232574174956767	0.12510161348613238	0.04605586383451175	0.21454328992604876	0.5193032597206998
fit-rw_positive_bias-run1-prior1	rw_positive_bias	run1	1.0	none	False	sub-118	similar	1	offer_1_to_3	4	0.25	0.24832004124738194	0.12529430866284033	0.0563914926558637	0.23196342611272694	0.5322495381388698
fit-rw_positive_bias-run1-prior1	rw_positive_bias	run1	1.0	none	False	sub-118	similar	2	all	24	0.875	0.5565125808723953	0.08677567066310646	0.4020653516122007	0.551084257478427	0.7404633365202478
fit-rw_positive_bias-run1-prior1	rw_positive_bias	run1	1.0	none	False	sub-118	similar	2	offer_1	5	1.0	0.25860048183950723	0.13311316525083752	0.0526838697822568	0.2413948548546177	0.554171358523228
fit-rw_positive_bias-run1-prior1	rw_positive_bias	run1	1.0	none	False	sub-118	similar	2	offer_1_to_3	11	0.8181818181818182	0.335864642053403	0.12723401801618178	0.12380224420849927	0.3243074497881756	0.6081959990028629
fit-rw_positive_bias-run1-prior1	rw_positive_bias	run1	1.0	none	False	sub-118	dissimilar	1	all	32	0.5625	0.5741496545497398	0.052809264673339226	0.4756836923614996	0.5719644313558596	0.6827405324372632
fit-rw_positive_bias-run1-prior1	rw_positive_bias	run1	1.0	none	False	sub-118	dissimilar	1	offer_1	2	0.0	0.04538101057795442	0.05305815222052615	0.0005389187831096566	0.02637335590462729	0.19592192322620788
fit-rw_positive_bias-run1-prior1	rw_positive_bias	run1	1.0	none	False	sub-118	dissimilar	1	offer_1_to_3	11	0.09090909090909091	0.13840512515371656	0.09030416207184201	0.016612446942000775	0.12040491264756292	0.35398825762115343
fit-rw_positive_bias-run1-prior1	rw_positive_bias	run1	1.0	none	False	sub-118	dissimilar	2	all	16	0.875	0.6040660461486915	0.07103658224813544	0.46731507087432206	0.6029789378442404	0.7479906282570842
fit-rw_positive_bias-run1-prior1	rw_positive_bias	run1	1.0	none	False	sub-118	dissimilar	2	offer_1	2	1.0	0.048873720029029635	0.05584647451242065	0.000571047253026786	0.02907794937266749	0.20566360774158188
fit-rw_positive_bias-run1-prior1	rw_positive_bias	run1	1.0	none	False	sub-118	dissimilar	2	offer_1_to_3	4	1.0	0.138974647367965	0.08784526121775244	0.017479615230378907	0.12306090667489442	0.34477260851668573
fit-rw_positive_bias-run1-prior1	rw_positive_bias	run1	1.0	none	False	sub-121	computer	1	all	32	0.46875	0.5037917441373951	0.044753569861527114	0.4183437500282516	0.5030099430211963	0.5952663237996113
fit-rw_positive_bias-run1-prior1	rw_positive_bias	run1	1.0	none	False	sub-121	computer	1	offer_1	2	0.0	0.014236969126833074	0.024427078881888678	1.2390071356636193e-06	0.00450283104615248	0.08487190184896518
fit-rw_positive_bias-run1-prior1	rw_positive_bias	run1	1.0	none	False	sub-121	computer	1	offer_1_to_3	13	0.0	0.03694214663810852	0.047886391940015774	1.9391212971166928e-05	0.017715437934116028	0.17153097389637506
fit-rw_positive_bias-run1-prior1	rw_positive_bias	run1	1.0	none	False	sub-121	computer	2	all	16	0.75	0.644805915423904	0.08376397013834884	0.4846238498951549	0.6491229037553081	0.7902191738765457
fit-rw_positive_bias-run1-prior1	rw_positive_bias	run1	1.0	none	False	sub-121	computer	2	offer_1	2	0.0	0.02140082993397358	0.03535897330813473	5.2608748232868415e-06	0.0072728458777392225	0.12279883606165382
fit-rw_positive_bias-run1-prior1	rw_positive_bias	run1	1.0	none	False	sub-121	computer	2	offer_1_to_3	5	0.2	0.12675271684920367	0.10179224057316956	0.00473972116013725	0.10231525608706403	0.37515825339841574
fit-rw_positive_bias-run1-prior1	rw_positive_bias	run1	1.0	none	False	sub-121	similar	1	all	24	0.5833333333333334	0.5572865362722206	0.04518234773984675	0.4708517285592972	0.555947744338573	0.653235445003383
fit-rw_positive_bias-run1-prior1	rw_positive_bias	run1	1.0	none	False	sub-121	similar	1	offer_1	6	0.0	0.06537964473131114	0.06837683173135865	0.001200840915861477	0.04268005136468131	0.25456795735828947
fit-rw_positive_bias-run1-prior1	rw_positive_bias	run1	1.0	none	False	sub-121	similar	1	offer_1_to_3	11	0.09090909090909091	0.11656224821315933	0.07319321824363277	0.018131496356662533	0.10175362519414671	0.2971916391030326
fit-rw_positive_bias-run1-prior1	rw_positive_bias	run1	1.0	none	False	sub-121	similar	2	all	24	0.7916666666666666	0.8032731848915052	0.062411708700117245	0.6829733113101695	0.8055025235878355	0.9152453380494942
fit-rw_positive_bias-run1-prior1	rw_positive_bias	run1	1.0	none	False	sub-121	similar	2	offer_1	3	0.0	0.11046650752462998	0.12281521839716958	0.00076387735123155	0.06479362042690556	0.4544489098494598
fit-rw_positive_bias-run1-prior1	rw_positive_bias	run1	1.0	none	False	sub-121	similar	2	offer_1_to_3	7	0.2857142857142857	0.38490832437888106	0.16988731397565326	0.08685521300179726	0.38043780379115455	0.7162848829700644
fit-rw_positive_bias-run1-prior1	rw_positive_bias	run1	1.0	none	False	sub-121	dissimilar	1	all	16	0.6875	0.6569950470526912	0.05555726834520402	0.5553657162111435	0.6542472530697714	0.7721721071219896
fit-rw_positive_bias-run1-prior1	rw_positive_bias	run1	1.0	none	False	sub-121	dissimilar	1	offer_1	3	0.0	0.06930995665245053	0.0800183281601707	0.0009747103961908897	0.040657917978268926	0.2952221616348042
fit-rw_positive_bias-run1-prior1	rw_positive_bias	run1	1.0	none	False	sub-121	dissimilar	1	offer_1_to_3	6	0.3333333333333333	0.1969096074037252	0.10881717413570857	0.03632164190474302	0.18197253671253918	0.4526057270088562
fit-rw_positive_bias-run1-prior1	rw_positive_bias	run1	1.0	none	False	sub-121	dissimilar	2	all	32	0.65625	0.7228624722644208	0.08859079009805577	0.5699755329329925	0.713576205217169	0.9064518412923054
fit-rw_positive_bias-run1-prior1	rw_positive_bias	run1	1.0	none	False	sub-121	dissimilar	2	offer_1	3	0.0	0.17218883964575304	0.17358564815763214	0.0008313608314093786	0.11112782754199665	0.6114948477216492
fit-rw_positive_bias-run1-prior1	rw_positive_bias	run1	1.0	none	False	sub-121	dissimilar	2	offer_1_to_3	11	0.0	0.3040489297269181	0.19888882423338497	0.03046539902875673	0.26591912425459296	0.746236477150033
fit-rw_positive_bias-run1-prior1	rw_positive_bias	run1	1.0	none	False	sub-122	computer	1	all	32	0.90625	0.9147657732624054	0.03580868032610431	0.8329793861861199	0.9188215745071457	0.972483257117862
fit-rw_positive_bias-run1-prior1	rw_positive_bias	run1	1.0	none	False	sub-122	computer	1	offer_1	6	0.8333333333333334	0.7154812079226309	0.12858521287035576	0.4218804965068884	0.7320387236592816	0.9159005715056654
fit-rw_positive_bias-run1-prior1	rw_positive_bias	run1	1.0	none	False	sub-122	computer	1	offer_1_to_3	12	0.75	0.8034146171972558	0.08467735416357322	0.6112192548590187	0.8139383425449289	0.9385883519832731
fit-rw_positive_bias-run1-prior1	rw_positive_bias	run1	1.0	none	False	sub-122	computer	2	all	16	0.9375	0.9177156452338395	0.037596881769776484	0.8315308715411903	0.9224003718400522	0.9770761652715995
fit-rw_positive_bias-run1-prior1	rw_positive_bias	run1	1.0	none	False	sub-122	computer	2	offer_1	3	0.6666666666666666	0.7274531080348703	0.13122925009062075	0.4216657544660347	0.7459977284566958	0.9267668399697623
fit-rw_positive_bias-run1-prior1	rw_positive_bias	run1	1.0	none	False	sub-122	computer	2	offer_1_to_3	5	0.8	0.7791229011810032	0.10466007278753502	0.5356553051886025	0.7933336625710283	0.9393248041240821
fit-rw_positive_bias-run1-prior1	rw_positive_bias	run1	1.0	none	False	sub-122	similar	1	all	24	1.0	0.9312708345785919	0.036365477222596504	0.8482452629191564	0.9360762088887101	0.9868677188777777
fit-rw_positive_bias-run1-prior1	rw_positive_bias	run1	1.0	none	False	sub-122	similar	1	offer_1	4	1.0	0.7916336268300244	0.11758396276305494	0.5139265859871099	0.8107281956619894	0.9622755170572689
fit-rw_positive_bias-run1-prior1	rw_positive_bias	run1	1.0	none	False	sub-122	similar	1	offer_1_to_3	11	1.0	0.86837962498587	0.07055570154990069	0.7065761448576853	0.8785651281183192	0.9748983822198524
fit-rw_positive_bias-run1-prior1	rw_positive_bias	run1	1.0	none	False	sub-122	similar	2	all	24	0.875	0.9377711177058615	0.03617108463720338	0.8522748990215672	0.9437463252510744	0.9895168313244499
fit-rw_positive_bias-run1-prior1	rw_positive_bias	run1	1.0	none	False	sub-122	similar	2	offer_1	6	0.5	0.7984721504495556	0.13150547739974003	0.4711110682190801	0.8256073526298018	0.9694240394774696
fit-rw_positive_bias-run1-prior1	rw_positive_bias	run1	1.0	none	False	sub-122	similar	2	offer_1_to_3	7	0.5714285714285714	0.8191785839983001	0.11520515571517445	0.5335288288776158	0.8417871523188654	0.9720458749984978
fit-rw_positive_bias-run1-prior1	rw_positive_bias	run1	1.0	none	False	sub-122	dissimilar	1	all	15	0.8	0.8661562782634469	0.06586382601441274	0.7286079891920447	0.8737247283083585	0.9669175212551689
fit-rw_positive_bias-run1-prior1	rw_positive_bias	run1	1.0	none	False	sub-122	dissimilar	1	offer_1	1	0.0	0.39163756462555094	0.27905761775251214	0.006514171503445624	0.36021814690493403	0.8733036082302521
fit-rw_positive_bias-run1-prior1	rw_positive_bias	run1	1.0	none	False	sub-122	dissimilar	1	offer_1_to_3	5	0.4	0.6241961697096124	0.19562505870731575	0.22879987248781578	0.6477729283189877	0.91480993186355
fit-rw_positive_bias-run1-prior1	rw_positive_bias	run1	1.0	none	False	sub-122	dissimilar	2	all	32	0.9375	0.9057899387803494	0.05239332271000215	0.7768349695812354	0.9156723285926038	0.9776049818491354
fit-rw_positive_bias-run1-prior1	rw_positive_bias	run1	1.0	none	False	sub-122	dissimilar	2	offer_1	1	1.0	0.4050238375632501	0.27469205312629263	0.002278700325413964	0.4012723929133657	0.869860941571953
fit-rw_positive_bias-run1-prior1	rw_positive_bias	run1	1.0	none	False	sub-122	dissimilar	2	offer_1_to_3	9	0.7777777777777778	0.7197293090471154	0.15970727502872828	0.32816239024590566	0.7525035794685787	0.9352351875402656
fit-rw_positive_bias-run1-prior1	rw_positive_bias	run1	1.0	none	False	sub-124	computer	1	all	31	0.9354838709677419	0.9287230375378611	0.021933301047620635	0.8785858134557157	0.9318348683052498	0.9726391632424218
fit-rw_positive_bias-run1-prior1	rw_positive_bias	run1	1.0	none	False	sub-124	computer	1	offer_1	4	0.5	0.5128194650705468	0.12963253478699766	0.2440733223600572	0.4992797946774208	0.8176677102515716
fit-rw_positive_bias-run1-prior1	rw_positive_bias	run1	1.0	none	False	sub-124	computer	1	offer_1_to_3	12	0.8333333333333334	0.8167615853433781	0.056168520327135714	0.6888735052204223	0.8243621549321238	0.9306396104434984
fit-rw_positive_bias-run1-prior1	rw_positive_bias	run1	1.0	none	False	sub-124	computer	2	all	16	0.875	0.8656341822234199	0.056241897332787366	0.7282515373650541	0.8745057043303888	0.9645402281199239
fit-rw_positive_bias-run1-prior1	rw_positive_bias	run1	1.0	none	False	sub-124	computer	2	offer_1	2	0.0	0.19599018415500413	0.24121531040033184	1.7601809918704187e-10	0.0761966737292623	0.7893603736016973
fit-rw_positive_bias-run1-prior1	rw_positive_bias	run1	1.0	none	False	sub-124	computer	2	offer_1_to_3	6	0.6666666666666666	0.6427491893179986	0.1500843488025061	0.2759254583053526	0.6656146101490377	0.906416638043612
fit-rw_positive_bias-run1-prior1	rw_positive_bias	run1	1.0	none	False	sub-124	similar	1	all	24	0.875	0.8881489181237088	0.023446571091992052	0.8523901349135274	0.8799403073448755	0.9492972556158132
fit-rw_positive_bias-run1-prior1	rw_positive_bias	run1	1.0	none	False	sub-124	similar	1	offer_1	3	0.0	0.1435817441013864	0.17918860394570207	8.273753103215201e-08	0.06555131234749723	0.6326895357382027
fit-rw_positive_bias-run1-prior1	rw_positive_bias	run1	1.0	none	False	sub-124	similar	1	offer_1_to_3	10	0.7	0.7320872835867397	0.05640672680499268	0.646776757929561	0.7120632581676897	0.8793842348039907
fit-rw_positive_bias-run1-prior1	rw_positive_bias	run1	1.0	none	False	sub-124	similar	2	all	24	0.9583333333333334	0.901334460792387	0.055838053448992626	0.7948542121623051	0.9157367255035452	0.9704262619772098
fit-rw_positive_bias-run1-prior1	rw_positive_bias	run1	1.0	none	False	sub-124	similar	2	offer_1	1	0.0	0.06319583998934344	0.13836367887862966	3.23254452742159e-19	0.002018385061396598	0.5321309201949251
fit-rw_positive_bias-run1-prior1	rw_positive_bias	run1	1.0	none	False	sub-124	similar	2	offer_1_to_3	6	0.8333333333333334	0.6066713950836781	0.22246241545102896	0.1818373975137984	0.6645218231894381	0.8825256223590235
fit-rw_positive_bias-run1-prior1	rw_positive_bias	run1	1.0	none	False	sub-124	dissimilar	1	all	16	1.0	0.9786476277777224	0.024005106042770428	0.913879382703588	0.9874353368927022	0.9999964940472614
fit-rw_positive_bias-run1-prior1	rw_positive_bias	run1	1.0	none	False	sub-124	dissimilar	1	offer_1	2	1.0	0.8479662355035696	0.17073158480789297	0.3842491909945859	0.9108247109749408	0.99997200396923
fit-rw_positive_bias-run1-prior1	rw_positive_bias	run1	1.0	none	False	sub-124	dissimilar	1	offer_1_to_3	5	1.0	0.933730241081005	0.07449786436491151	0.7317489724536677	0.9610033777201008	0.9999887809518141
fit-rw_positive_bias-run1-prior1	rw_positive_bias	run1	1.0	none	False	sub-124	dissimilar	2	all	32	0.875	0.8472709466918459	0.07752415487960149	0.654559822917016	0.8551802401538082	0.9823286794051592
fit-rw_positive_bias-run1-prior1	rw_positive_bias	run1	1.0	none	False	sub-124	dissimilar	2	offer_1	4	0.0	0.173988679697837	0.27308361821402594	7.091353845189651e-26	0.008913872390631523	0.8900329896998685
fit-rw_positive_bias-run1-prior1	rw_positive_bias	run1	1.0	none	False	sub-124	dissimilar	2	offer_1_to_3	12	0.6666666666666666	0.5948770503545413	0.20486804050036742	0.08332033710941668	0.615191468588398	0.953835965874848
fit-rw_positive_bias-run1-prior1	rw_positive_bias	run1	1.0	none	False	sub-125	computer	1	all	32	0.5625	0.5490619144149111	0.045667549844641483	0.45643530792988285	0.549464836106503	0.6381944774266041
fit-rw_positive_bias-run1-prior1	rw_positive_bias	run1	1.0	none	False	sub-125	computer	1	offer_1	5	0.0	0.033741213627346896	0.03734662190854724	0.000449155385392296	0.021530074872221406	0.13594267789606365
fit-rw_positive_bias-run1-prior1	rw_positive_bias	run1	1.0	none	False	sub-125	computer	1	offer_1_to_3	11	0.0	0.07815537596042456	0.055565935545341845	0.00866298174334459	0.06571562409036633	0.21706388535213753
fit-rw_positive_bias-run1-prior1	rw_positive_bias	run1	1.0	none	False	sub-125	computer	2	all	16	0.5625	0.6170638946794031	0.06818321545159443	0.48889339360904743	0.6129435262589971	0.7589168967751038
fit-rw_positive_bias-run1-prior1	rw_positive_bias	run1	1.0	none	False	sub-125	computer	2	offer_1	2	0.0	0.061178657719243065	0.06819151606005686	0.0005998771173358803	0.03807460210683242	0.2509604507831664
fit-rw_positive_bias-run1-prior1	rw_positive_bias	run1	1.0	none	False	sub-125	computer	2	offer_1_to_3	5	0.2	0.12962629688102825	0.09742744355688845	0.011491512580882447	0.10600591669590481	0.37589061463048057
fit-rw_positive_bias-run1-prior1	rw_positive_bias	run1	1.0	none	False	sub-125	similar	1	all	23	0.4782608695652174	0.4747227840030054	0.05283887455514137	0.3760520943258991	0.4730466656284288	0.5834085808916856
fit-rw_positive_bias-run1-prior1	rw_positive_bias	run1	1.0	none	False	sub-125	similar	1	offer_1	5	0.0	0.03210381278732685	0.03776280962535719	0.0005440622412675684	0.019196890194990816	0.13773331014303117
fit-rw_positive_bias-run1-prior1	rw_positive_bias	run1	1.0	none	False	sub-125	similar	1	offer_1_to_3	9	0.1111111111111111	0.09028568332039823	0.058987725398658444	0.012831347131215058	0.07857561755374773	0.23607210266550302
fit-rw_positive_bias-run1-prior1	rw_positive_bias	run1	1.0	none	False	sub-125	similar	2	all	24	0.5833333333333334	0.664314881917097	0.05716897927515017	0.5479139827331254	0.6639607720846312	0.7801777763848267
fit-rw_positive_bias-run1-prior1	rw_positive_bias	run1	1.0	none	False	sub-125	similar	2	offer_1	4	0.0	0.05195761913264301	0.062072598281279895	0.0006751606317840006	0.030191105385241	0.22796502836055066
fit-rw_positive_bias-run1-prior1	rw_positive_bias	run1	1.0	none	False	sub-125	similar	2	offer_1_to_3	8	0.0	0.1371144648427486	0.09805084200760522	0.015611647986155129	0.11441705350832466	0.38531964049933265
fit-rw_positive_bias-run1-prior1	rw_positive_bias	run1	1.0	none	False	sub-125	dissimilar	1	all	15	0.4666666666666667	0.524421392640653	0.07016123715635122	0.3802356718074359	0.5254044281317827	0.6611248763497518
fit-rw_positive_bias-run1-prior1	rw_positive_bias	run1	1.0	none	False	sub-125	dissimilar	1	offer_1	1	0.0	0.03354910008885959	0.045325444210624705	0.0002298645094661797	0.0171390149194863	0.1640094641667077
fit-rw_positive_bias-run1-prior1	rw_positive_bias	run1	1.0	none	False	sub-125	dissimilar	1	offer_1_to_3	5	0.2	0.1204167406665777	0.0877973014748837	0.008390181595743337	0.10221920754786656	0.3364516746402069
fit-rw_positive_bias-run1-prior1	rw_positive_bias	run1	1.0	none	False	sub-125	dissimilar	2	all	32	0.5625	0.5720614229703266	0.08168081134435508	0.40955440992491676	0.5723928072110855	0.7266271772990123
fit-rw_positive_bias-run1-prior1	rw_positive_bias	run1	1.0	none	False	sub-125	dissimilar	2	offer_1	7	0.0	0.06386388216779447	0.07239680643508313	0.001231270644877927	0.03924636484527984	0.2681518903873892
fit-rw_positive_bias-run1-prior1	rw_positive_bias	run1	1.0	none	False	sub-125	dissimilar	2	offer_1_to_3	11	0.0	0.09613158912161303	0.0863232270978375	0.00514612215973819	0.07152256739133489	0.326548183031189
fit-rw_positive_bias-run1-prior1	rw_positive_bias	run1	1.0	none	False	sub-126	computer	1	all	16	1.0	0.993587715513162	0.009584063578863853	0.9664704647348265	0.9971372464783503	0.9999995156585046
fit-rw_positive_bias-run1-prior1	rw_positive_bias	run1	1.0	none	False	sub-126	computer	1	offer_1_to_3	5	1.0	0.985091132440904	0.02220930856913465	0.9237704687517437	0.9929622533665017	0.9999984501086135
fit-rw_positive_bias-run1-prior1	rw_positive_bias	run1	1.0	none	False	sub-126	computer	2	all	32	1.0	0.9927346886651969	0.010040409929494275	0.9650586984471443	0.996303889562333	0.9999745296559487
fit-rw_positive_bias-run1-prior1	rw_positive_bias	run1	1.0	none	False	sub-126	computer	2	offer_1	1	1.0	0.9338136191555549	0.11489483418767517	0.6130285139933022	0.9701938894391184	0.9995490436943811
fit-rw_positive_bias-run1-prior1	rw_positive_bias	run1	1.0	none	False	sub-126	computer	2	offer_1_to_3	6	1.0	0.9751248703351463	0.03695520822391286	0.8743357752067318	0.9871721820899372	0.9998757182780939
fit-rw_positive_bias-run1-prior1	rw_positive_bias	run1	1.0	none	False	sub-126	similar	1	all	23	1.0	0.9923061807158534	0.00988750117127771	0.9633775342060996	0.9957942622382572	0.9999725079438553
fit-rw_positive_bias-run1-prior1	rw_positive_bias	run1	1.0	none	False	sub-126	similar	1	offer_1	2	1.0	0.9509012087191786	0.07000408023071775	0.7518867267961159	0.9748867777832304	0.9997525396464862
fit-rw_positive_bias-run1-prior1	rw_positive_bias	run1	1.0	none	False	sub-126	similar	1	offer_1_to_3	6	1.0	0.9755100493409664	0.032117723515380336	0.884160690411299	0.986503231763899	0.9998993921346758
fit-rw_positive_bias-run1-prior1	rw_positive_bias	run1	1.0	none	False	sub-126	similar	2	all	24	1.0	0.9906468724465226	0.013338952408602	0.9566422633628345	0.9952420491354903	0.9999589890559781
fit-rw_positive_bias-run1-prior1	rw_positive_bias	run1	1.0	none	False	sub-126	similar	2	offer_1	1	1.0	0.904395553322401	0.165569888975669	0.3129394205148534	0.9623983581334803	0.99944755971159
fit-rw_positive_bias-run1-prior1	rw_positive_bias	run1	1.0	none	False	sub-126	similar	2	offer_1_to_3	8	1.0	0.9771054133649129	0.0353758902694699	0.8832402809398702	0.9885269557577614	0.9998844362309852
fit-rw_positive_bias-run1-prior1	rw_positive_bias	run1	1.0	none	False	sub-126	dissimilar	1	all	32	1.0	0.9880871983495603	0.013544827288525314	0.9500732446958291	0.9927249409914068	0.9999402261943986
fit-rw_positive_bias-run1-prior1	rw_positive_bias	run1	1.0	none	False	sub-126	dissimilar	1	offer_1	5	1.0	0.945446522818967	0.06735011555038022	0.7529703863900415	0.969240748361393	0.9996667691699053
fit-rw_positive_bias-run1-prior1	rw_positive_bias	run1	1.0	none	False	sub-126	dissimilar	1	offer_1_to_3	11	1.0	0.9687889223069192	0.03634677850618003	0.8653364654692355	0.9814035225036891	0.9998309031954413
fit-rw_positive_bias-run1-prior1	rw_positive_bias	run1	1.0	none	False	sub-126	dissimilar	2	all	15	1.0	0.9889026342296549	0.012896319417861409	0.9523404880470892	0.9933781263753594	0.999940734331951
fit-rw_positive_bias-run1-prior1	rw_positive_bias	run1	1.0	none	False	sub-126	dissimilar	2	offer_1	2	1.0	0.9437003928045143	0.07211977597256697	0.7381720078713847	0.969091843619645	0.9996346776154389
fit-rw_positive_bias-run1-prior1	rw_positive_bias	run1	1.0	none	False	sub-126	dissimilar	2	offer_1_to_3	5	1.0	0.9704750635060526	0.03519530677400421	0.8686885982463042	0.9826798669911933	0.9998287641597701
fit-rw_positive_bias-run1-prior1	rw_positive_bias	run1	1.0	none	False	sub-127	computer	1	all	31	0.3548387096774194	0.3581817597105743	0.030196764558900482	0.29257473112692917	0.3573278613494203	0.4186500235582131
fit-rw_positive_bias-run1-prior1	rw_positive_bias	run1	1.0	none	False	sub-127	computer	1	offer_1	3	0.0	3.0075821546035637e-05	0.00047357051894361674	2.293762402516686e-35	1.351435905298974e-11	0.00011714116906019923
fit-rw_positive_bias-run1-prior1	rw_positive_bias	run1	1.0	none	False	sub-127	computer	1	offer_1_to_3	9	0.0	0.00012238294006332458	0.0011398824727987171	6.8975938844194045e-25	1.1370106158327739e-08	0.0008535974791629657
fit-rw_positive_bias-run1-prior1	rw_positive_bias	run1	1.0	none	False	sub-127	computer	2	all	16	0.375	0.38573891672034716	0.03184792243998656	0.319457438097885	0.3834607957463066	0.44995201592511946
fit-rw_positive_bias-run1-prior1	rw_positive_bias	run1	1.0	none	False	sub-127	computer	2	offer_1_to_3	4	0.0	0.00025880709195578956	0.002157688775419001	3.031541121073044e-24	3.5728735164895577e-08	0.002020310134853477
fit-rw_positive_bias-run1-prior1	rw_positive_bias	run1	1.0	none	False	sub-127	similar	1	all	24	0.20833333333333334	0.22247034846782124	0.029560281725262053	0.17414879930858934	0.21546724751605384	0.2941526996845742
fit-rw_positive_bias-run1-prior1	rw_positive_bias	run1	1.0	none	False	sub-127	similar	1	offer_1	6	0.0	3.206512982510131e-05	0.000528536541340822	4.2668255168545098e-50	1.7678764498872574e-13	8.608068710878545e-05
fit-rw_positive_bias-run1-prior1	rw_positive_bias	run1	1.0	none	False	sub-127	similar	1	offer_1_to_3	10	0.0	9.253695023094448e-05	0.0009828347849350394	1.7958532990141672e-35	3.412387661518674e-10	0.0005111575813983958
fit-rw_positive_bias-run1-prior1	rw_positive_bias	run1	1.0	none	False	sub-127	similar	2	all	24	0.375	0.4149130708162352	0.05229568118081785	0.32945102561244144	0.40332364455378017	0.5268795349664048
fit-rw_positive_bias-run1-prior1	rw_positive_bias	run1	1.0	none	False	sub-127	similar	2	offer_1	1	0.0	4.147568211123044e-05	0.0006242414916929791	2.568044129680443e-49	3.804385119224199e-13	0.0001185059658533178
fit-rw_positive_bias-run1-prior1	rw_positive_bias	run1	1.0	none	False	sub-127	similar	2	offer_1_to_3	5	0.0	0.00014712106344081378	0.001488638851891402	7.274197820883501e-35	5.532479021956848e-10	0.0008235824093673429
fit-rw_positive_bias-run1-prior1	rw_positive_bias	run1	1.0	none	False	sub-127	dissimilar	1	all	16	0.4375	0.40639502203878686	0.04821352354708731	0.3082927706049024	0.4090344523563436	0.4963498164803539
fit-rw_positive_bias-run1-prior1	rw_positive_bias	run1	1.0	none	False	sub-127	dissimilar	1	offer_1	2	0.0	0.0004474576492737204	0.0030258702753822074	4.166703071589987e-14	1.465295009274227e-06	0.0037511190856976645
fit-rw_positive_bias-run1-prior1	rw_positive_bias	run1	1.0	none	False	sub-127	dissimilar	1	offer_1_to_3	3	0.0	0.0007041487356796582	0.004003946233910699	2.784673828345503e-12	6.399108753273802e-06	0.006270070076410157
fit-rw_positive_bias-run1-prior1	rw_positive_bias	run1	1.0	none	False	sub-127	dissimilar	2	all	32	0.375	0.4420391186874475	0.0434648310360511	0.3610270253850728	0.4392852105151914	0.5376371742030641
fit-rw_positive_bias-run1-prior1	rw_positive_bias	run1	1.0	none	False	sub-127	dissimilar	2	offer_1	3	0.0	0.0006495181272161665	0.004355562543197253	7.842854670843036e-14	2.417206724577373e-06	0.005475175526714639
fit-rw_positive_bias-run1-prior1	rw_positive_bias	run1	1.0	none	False	sub-127	dissimilar	2	offer_1_to_3	10	0.0	0.003781168883132699	0.0145998981614301	2.0651551572186923e-09	0.00015499762109467637	0.03379430165218608
fit-rw_positive_bias-run1-prior1	rw_positive_bias	run1	1.0	none	False	sub-128	computer	1	all	32	0.0625	0.060773483674173956	0.01974544942455706	0.020331226596829444	0.06228152858913162	0.10795537591050214
fit-rw_positive_bias-run1-prior1	rw_positive_bias	run1	1.0	none	False	sub-128	computer	1	offer_1	7	0.0	6.220581822433256e-06	0.0002628632227887032	1.6439710705963475e-158	3.057254940694907e-26	4.086416785252379e-07
fit-rw_positive_bias-run1-prior1	rw_positive_bias	run1	1.0	none	False	sub-128	computer	1	offer_1_to_3	12	0.0	9.62782615234096e-06	0.0003314047882428104	1.8636333579891435e-123	3.626035607515885e-21	2.6336451356708514e-06
fit-rw_positive_bias-run1-prior1	rw_positive_bias	run1	1.0	none	False	sub-128	computer	2	all	16	0.0625	0.0645087903289824	0.02114449052655355	0.023528788153298542	0.06250000000420255	0.12020224702252995
fit-rw_positive_bias-run1-prior1	rw_positive_bias	run1	1.0	none	False	sub-128	computer	2	offer_1_to_3	5	0.0	1.4923413362447847e-05	0.0004849711987433148	1.8533008276777613e-135	3.044061204617915e-22	5.201573676401306e-06
fit-rw_positive_bias-run1-prior1	rw_positive_bias	run1	1.0	none	False	sub-128	similar	1	all	24	0.08333333333333333	0.07569912584753412	0.022619765123608762	0.02267078702340865	0.08093025957499256	0.11717820659003753
fit-rw_positive_bias-run1-prior1	rw_positive_bias	run1	1.0	none	False	sub-128	similar	1	offer_1_to_3	8	0.0	4.2802710608812266e-05	0.0006348312706662718	3.631994768475253e-122	1.802625581159234e-18	0.00012036704253204322
fit-rw_positive_bias-run1-prior1	rw_positive_bias	run1	1.0	none	False	sub-128	similar	2	all	24	0.125	0.21228202486105147	0.10274779561511048	0.07559343771931644	0.17963035225555674	0.4166754177666358
fit-rw_positive_bias-run1-prior1	rw_positive_bias	run1	1.0	none	False	sub-128	similar	2	offer_1	3	0.0	2.0273929367238854e-05	0.0004186013795290092	2.875607454412218e-156	4.244884841415251e-23	1.9736299412053682e-05
fit-rw_positive_bias-run1-prior1	rw_positive_bias	run1	1.0	none	False	sub-128	similar	2	offer_1_to_3	5	0.0	4.4161724477872265e-05	0.0006762710808543272	4.7835977796149006e-120	2.4896035933014998e-18	0.0001008233185703512
fit-rw_positive_bias-run1-prior1	rw_positive_bias	run1	1.0	none	False	sub-128	dissimilar	1	all	16	0.0	0.018770526108823408	0.02740817694454932	9.55444991826672e-16	0.005127036696750797	0.0961792956455696
fit-rw_positive_bias-run1-prior1	rw_positive_bias	run1	1.0	none	False	sub-128	dissimilar	1	offer_1	4	0.0	1.231414496434637e-05	0.0003252438438279395	3.222410327030412e-221	2.2621420014892382e-34	5.509738448937761e-07
fit-rw_positive_bias-run1-prior1	rw_positive_bias	run1	1.0	none	False	sub-128	dissimilar	1	offer_1_to_3	4	0.0	1.231414496434637e-05	0.0003252438438279395	3.222410327030412e-221	2.2621420014892382e-34	5.509738448937761e-07
fit-rw_positive_bias-run1-prior1	rw_positive_bias	run1	1.0	none	False	sub-128	dissimilar	2	all	32	0.125	0.05851017306628393	0.05636901057048	2.134976354197633e-11	0.047339039587097204	0.16422870925236593
fit-rw_positive_bias-run1-prior1	rw_positive_bias	run1	1.0	none	False	sub-128	dissimilar	2	offer_1	5	0.0	1.7225999182389648e-05	0.00042940180742457787	5.633667060366955e-212	1.1355218706261004e-32	1.6307198910277964e-06
fit-rw_positive_bias-run1-prior1	rw_positive_bias	run1	1.0	none	False	sub-128	dissimilar	2	offer_1_to_3	10	0.0	3.3948331725403264e-05	0.0006995156580067014	8.112116405116599e-166	5.897210251450559e-26	1.6309904730866118e-05
fit-rw_positive_bias-run1-prior1	rw_positive_bias	run1	1.0	none	False	sub-129	computer	1	all	31	0.5483870967741935	0.5591190910737036	0.03061205667011944	0.49812522555959726	0.55909245558419	0.619359088936979
fit-rw_positive_bias-run1-prior1	rw_positive_bias	run1	1.0	none	False	sub-129	computer	1	offer_1	5	0.0	0.004977574625305459	0.011280845639733349	2.534819364344934e-07	0.0009851231497077693	0.035604142144521525
fit-rw_positive_bias-run1-prior1	rw_positive_bias	run1	1.0	none	False	sub-129	computer	1	offer_1_to_3	12	0.0	0.02775231241565912	0.03134360165052258	0.0005240005366615313	0.017236934922546424	0.11547376560648973
fit-rw_positive_bias-run1-prior1	rw_positive_bias	run1	1.0	none	False	sub-129	computer	2	all	16	0.5625	0.5933656363498677	0.04190588524091701	0.5203916907833978	0.5893481785769068	0.6911927467996586
fit-rw_positive_bias-run1-prior1	rw_positive_bias	run1	1.0	none	False	sub-129	computer	2	offer_1	4	0.0	0.007812218576574373	0.016590112421473617	6.464470754402965e-07	0.0018242831871607972	0.0531293889802742
fit-rw_positive_bias-run1-prior1	rw_positive_bias	run1	1.0	none	False	sub-129	computer	2	offer_1_to_3	6	0.0	0.05517975865820479	0.05552715160766452	0.0014510186115987258	0.03750075743986339	0.21070906196454406
fit-rw_positive_bias-run1-prior1	rw_positive_bias	run1	1.0	none	False	sub-129	similar	1	all	24	0.5	0.49682337747075334	0.03584943304361878	0.43602244563519343	0.49287501569767295	0.5778366479663468
fit-rw_positive_bias-run1-prior1	rw_positive_bias	run1	1.0	none	False	sub-129	similar	1	offer_1	2	0.0	0.0034107384656011526	0.00950156457482505	3.4050852020607025e-09	0.00037160027551263596	0.02728582873863148
fit-rw_positive_bias-run1-prior1	rw_positive_bias	run1	1.0	none	False	sub-129	similar	1	offer_1_to_3	11	0.0	0.047400006080545024	0.048799535504320486	0.0005041500627705352	0.03169304530689872	0.17959848602635778
fit-rw_positive_bias-run1-prior1	rw_positive_bias	run1	1.0	none	False	sub-129	similar	2	all	24	0.6666666666666666	0.6942945555299196	0.03408486672470705	0.6361930240202532	0.6901948817268515	0.7772543112416668
fit-rw_positive_bias-run1-prior1	rw_positive_bias	run1	1.0	none	False	sub-129	similar	2	offer_1	2	0.0	0.005659318875620336	0.015085315550234717	6.495248317981503e-09	0.0006733094190464245	0.044906817052473826
fit-rw_positive_bias-run1-prior1	rw_positive_bias	run1	1.0	none	False	sub-129	similar	2	offer_1_to_3	7	0.0	0.06339864902648351	0.07414015001784166	0.00037242414903512126	0.03709524072693361	0.27557952998633517
fit-rw_positive_bias-run1-prior1	rw_positive_bias	run1	1.0	none	False	sub-129	dissimilar	1	all	16	0.625	0.6281466682450509	0.0525379836467523	0.5353206178850725	0.6242962820074631	0.7394701801179369
fit-rw_positive_bias-run1-prior1	rw_positive_bias	run1	1.0	none	False	sub-129	dissimilar	1	offer_1	1	0.0	0.0032706069689876762	0.012966271005233882	4.819419066702329e-13	7.981459649981847e-05	0.03014586714621185
fit-rw_positive_bias-run1-prior1	rw_positive_bias	run1	1.0	none	False	sub-129	dissimilar	1	offer_1_to_3	3	0.0	0.021422584665630674	0.03622350381572905	2.141693302557141e-06	0.0072752001780280705	0.12387415014421743
fit-rw_positive_bias-run1-prior1	rw_positive_bias	run1	1.0	none	False	sub-129	dissimilar	2	all	32	0.53125	0.6211628920084072	0.049533259676271785	0.5479163374847702	0.6117968048442124	0.7369176369909808
fit-rw_positive_bias-run1-prior1	rw_positive_bias	run1	1.0	none	False	sub-129	dissimilar	2	offer_1	3	0.0	0.00651357837995697	0.020397907276752215	6.825380064038025e-10	0.00041804087414174114	0.058396363745764186
fit-rw_positive_bias-run1-prior1	rw_positive_bias	run1	1.0	none	False	sub-129	dissimilar	2	offer_1_to_3	11	0.0	0.06047341740199163	0.07555119203725094	0.0001841205501002726	0.029862772752470026	0.2685371313584166
fit-rw_positive_bias-run1-prior1	rw_positive_bias	run1	1.0	none	False	sub-130	computer	1	all	15	0.9333333333333333	0.969526495417582	0.024055645043639738	0.9064890181436364	0.9756808813009881	0.9969456882197962
fit-rw_positive_bias-run1-prior1	rw_positive_bias	run1	1.0	none	False	sub-130	computer	1	offer_1	3	1.0	0.9297284763438309	0.059414027515199856	0.7721307205139406	0.9461744003311106	0.9937071729309777
fit-rw_positive_bias-run1-prior1	rw_positive_bias	run1	1.0	none	False	sub-130	computer	1	offer_1_to_3	7	1.0	0.9481121076366977	0.042374678131329606	0.8379490808926655	0.9592897538805681	0.995060970377578
fit-rw_positive_bias-run1-prior1	rw_positive_bias	run1	1.0	none	False	sub-130	computer	2	all	32	1.0	0.9775331459146208	0.01853860610770207	0.930122043827861	0.9824895048393818	0.9980165776094349
fit-rw_positive_bias-run1-prior1	rw_positive_bias	run1	1.0	none	False	sub-130	computer	2	offer_1	2	1.0	0.9324480209437409	0.057252088724293305	0.7788591092399869	0.948497597024911	0.9939462623169354
fit-rw_positive_bias-run1-prior1	rw_positive_bias	run1	1.0	none	False	sub-130	computer	2	offer_1_to_3	9	1.0	0.9538385363781149	0.03792067415822758	0.85576346657423	0.964007167358318	0.9957632165767561
fit-rw_positive_bias-run1-prior1	rw_positive_bias	run1	1.0	none	False	sub-130	similar	1	all	24	1.0	0.9788036383793279	0.01640614596028021	0.9370905482178398	0.9829623762103832	0.9979524311699917
fit-rw_positive_bias-run1-prior1	rw_positive_bias	run1	1.0	none	False	sub-130	similar	1	offer_1	4	1.0	0.925558032869611	0.06393194752218634	0.7512824804752867	0.9435716337969785	0.9934852159501686
fit-rw_positive_bias-run1-prior1	rw_positive_bias	run1	1.0	none	False	sub-130	similar	1	offer_1_to_3	6	1.0	0.9404190990872809	0.04893294586934345	0.8105271021264497	0.9536414147261236	0.9946256410602028
fit-rw_positive_bias-run1-prior1	rw_positive_bias	run1	1.0	none	False	sub-130	similar	2	all	24	1.0	0.97727110079843	0.01846698564606086	0.929807356452461	0.9821749890519818	0.9980860009654254
fit-rw_positive_bias-run1-prior1	rw_positive_bias	run1	1.0	none	False	sub-130	similar	2	offer_1	3	1.0	0.920715560006002	0.0794155671152727	0.7118209007708592	0.9440232823788052	0.9940420117932355
fit-rw_positive_bias-run1-prior1	rw_positive_bias	run1	1.0	none	False	sub-130	similar	2	offer_1_to_3	8	1.0	0.9516883183555207	0.041441579446046414	0.8424164622074922	0.9629231927224703	0.9958555205306668
fit-rw_positive_bias-run1-prior1	rw_positive_bias	run1	1.0	none	False	sub-130	dissimilar	1	all	32	1.0	0.9810907394811693	0.01505103138673602	0.9418644522451692	0.985044563810522	0.9982567803109275
fit-rw_positive_bias-run1-prior1	rw_positive_bias	run1	1.0	none	False	sub-130	dissimilar	1	offer_1	3	1.0	0.9245653177486093	0.06688041541655353	0.7437318072796486	0.9434830823653578	0.9935282576346347
fit-rw_positive_bias-run1-prior1	rw_positive_bias	run1	1.0	none	False	sub-130	dissimilar	1	offer_1_to_3	10	1.0	0.9563852440389394	0.03487076406434174	0.8670922138600791	0.9654723612998433	0.9958506137743214
fit-rw_positive_bias-run1-prior1	rw_positive_bias	run1	1.0	none	False	sub-130	dissimilar	2	all	16	1.0	0.9777285514265367	0.019068314930137255	0.9268532602062789	0.9829153730785732	0.9981102587348842
fit-rw_positive_bias-run1-prior1	rw_positive_bias	run1	1.0	none	False	sub-130	dissimilar	2	offer_1	2	1.0	0.9067557506131518	0.10544755344857451	0.6092368520300983	0.9391464588520826	0.9936247515179326
fit-rw_positive_bias-run1-prior1	rw_positive_bias	run1	1.0	none	False	sub-130	dissimilar	2	offer_1_to_3	4	1.0	0.936537721271636	0.06345023947738258	0.7616304262737629	0.9549382787662541	0.9950897309510758
fit-rw_positive_bias-run1-prior1	rw_positive_bias	run1	1.0	none	False	sub-132	computer	1	all	31	0.967741935483871	0.9809821886772221	0.015512067018824571	0.9411782770207224	0.9851561544147156	0.9985604751465269
fit-rw_positive_bias-run1-prior1	rw_positive_bias	run1	1.0	none	False	sub-132	computer	1	offer_1	2	0.5	0.832797762163215	0.1602436703110903	0.3720807715555753	0.8865397595058686	0.9889439015009704
fit-rw_positive_bias-run1-prior1	rw_positive_bias	run1	1.0	none	False	sub-132	computer	1	offer_1_to_3	9	0.8888888888888888	0.9437658740723709	0.04755602668562762	0.8177631820318442	0.9572118365773719	0.9956383742465846
fit-rw_positive_bias-run1-prior1	rw_positive_bias	run1	1.0	none	False	sub-132	computer	2	all	16	1.0	0.9720277970331312	0.026705182966653564	0.9011565767524029	0.9798042277286912	0.9982240510643844
fit-rw_positive_bias-run1-prior1	rw_positive_bias	run1	1.0	none	False	sub-132	computer	2	offer_1	1	1.0	0.790601752985334	0.21588277515146587	0.15897202869148355	0.8708037262123065	0.9892687126289185
fit-rw_positive_bias-run1-prior1	rw_positive_bias	run1	1.0	none	False	sub-132	computer	2	offer_1_to_3	5	1.0	0.9190850179725543	0.0818382850734668	0.6994199986525255	0.9440345316241079	0.9948824207853981
fit-rw_positive_bias-run1-prior1	rw_positive_bias	run1	1.0	none	False	sub-132	similar	1	all	24	1.0	0.9778040921655233	0.01930917032757684	0.9272427268960118	0.9831039554908794	0.9991219503934671
fit-rw_positive_bias-run1-prior1	rw_positive_bias	run1	1.0	none	False	sub-132	similar	1	offer_1	4	1.0	0.9034683639552131	0.09013531097166465	0.6597582052377816	0.9304073249025417	0.995819594287969
fit-rw_positive_bias-run1-prior1	rw_positive_bias	run1	1.0	none	False	sub-132	similar	1	offer_1_to_3	10	1.0	0.9514018975631949	0.04281058599938186	0.8371899977367611	0.9633807672051442	0.9980017803887068
fit-rw_positive_bias-run1-prior1	rw_positive_bias	run1	1.0	none	False	sub-132	similar	2	all	24	1.0	0.9829031907508531	0.017673985989286968	0.9361293156837955	0.9879851125098226	0.9993629426159684
fit-rw_positive_bias-run1-prior1	rw_positive_bias	run1	1.0	none	False	sub-132	similar	2	offer_1	2	1.0	0.8641755019745969	0.1541912930024325	0.39763692174921295	0.9139751651445904	0.9946198197997654
fit-rw_positive_bias-run1-prior1	rw_positive_bias	run1	1.0	none	False	sub-132	similar	2	offer_1_to_3	6	1.0	0.938924962686702	0.066444285305027	0.7611427408756625	0.9582857693927551	0.9976080072966318
fit-rw_positive_bias-run1-prior1	rw_positive_bias	run1	1.0	none	False	sub-132	dissimilar	1	all	16	1.0	0.9819365692855346	0.017172035309519995	0.9371891774673307	0.9869883387753726	0.9994605661150338
fit-rw_positive_bias-run1-prior1	rw_positive_bias	run1	1.0	none	False	sub-132	dissimilar	1	offer_1	1	1.0	0.855560305505867	0.1528132536681251	0.40314668456006025	0.9065413336972823	0.9949227316104243
fit-rw_positive_bias-run1-prior1	rw_positive_bias	run1	1.0	none	False	sub-132	dissimilar	1	offer_1_to_3	6	1.0	0.9559118816498979	0.042165303702575686	0.8449598345965671	0.9683853734571327	0.9986165194147446
fit-rw_positive_bias-run1-prior1	rw_positive_bias	run1	1.0	none	False	sub-132	dissimilar	2	all	32	1.0	0.9684600027862461	0.031957238218936486	0.8789012301929544	0.978281799043642	0.9988494157019844
fit-rw_positive_bias-run1-prior1	rw_positive_bias	run1	1.0	none	False	sub-132	dissimilar	2	offer_1	5	1.0	0.8481907513777608	0.159869593179003	0.3799352520813076	0.9025341194148064	0.9945593258394473
fit-rw_positive_bias-run1-prior1	rw_positive_bias	run1	1.0	none	False	sub-132	dissimilar	2	offer_1_to_3	11	1.0	0.9130390096353361	0.09144775173955422	0.6529202181923339	0.9421611437000237	0.9969449053300187
fit-rw_positive_bias-run1-prior1	rw_positive_bias	run1	1.0	none	False	sub-133	computer	1	all	32	1.0	0.9736200820581893	0.01863158377231357	0.9278935668203372	0.9774731616595975	0.9978164839114013
fit-rw_positive_bias-run1-prior1	rw_positive_bias	run1	1.0	none	False	sub-133	computer	1	offer_1	3	1.0	0.8389432112152604	0.11276890383946778	0.5596389917308356	0.8625207758906006	0.9852286864546705
fit-rw_positive_bias-run1-prior1	rw_positive_bias	run1	1.0	none	False	sub-133	computer	1	offer_1_to_3	10	1.0	0.9262647521685246	0.050537062253827786	0.8036255822411449	0.9360040072738602	0.9935181515758876
fit-rw_positive_bias-run1-prior1	rw_positive_bias	run1	1.0	none	False	sub-133	computer	2	all	16	1.0	0.9701122362312253	0.023757962186556684	0.9096557852570909	0.9755376360641883	0.9986640170915758
fit-rw_positive_bias-run1-prior1	rw_positive_bias	run1	1.0	none	False	sub-133	computer	2	offer_1	2	1.0	0.8468258485160913	0.13817237264964113	0.4779440806240396	0.8852400309312372	0.9941243257731022
fit-rw_positive_bias-run1-prior1	rw_positive_bias	run1	1.0	none	False	sub-133	computer	2	offer_1_to_3	6	1.0	0.926107919427906	0.059152278199110696	0.7750918213065441	0.9401211342381672	0.9966115025681013
fit-rw_positive_bias-run1-prior1	rw_positive_bias	run1	1.0	none	False	sub-133	similar	1	all	24	0.9166666666666666	0.9256680740048281	0.037639111654113384	0.839804469999511	0.9306540017663942	0.9830528231414266
fit-rw_positive_bias-run1-prior1	rw_positive_bias	run1	1.0	none	False	sub-133	similar	1	offer_1	6	0.6666666666666666	0.7420781959762962	0.13781104549172957	0.42633900964773	0.7631947084140899	0.9453838226544984
fit-rw_positive_bias-run1-prior1	rw_positive_bias	run1	1.0	none	False	sub-133	similar	1	offer_1_to_3	11	0.8181818181818182	0.8430422711155694	0.08079122527559476	0.6581675503735949	0.8542999045917907	0.9647508082589192
fit-rw_positive_bias-run1-prior1	rw_positive_bias	run1	1.0	none	False	sub-133	similar	2	all	24	1.0	0.9607279631984759	0.023485094432044138	0.9062522521355493	0.964563639097608	0.9944031406842889
fit-rw_positive_bias-run1-prior1	rw_positive_bias	run1	1.0	none	False	sub-133	similar	2	offer_1	3	1.0	0.7419287792731065	0.16399201339195923	0.34439525557279277	0.7756537375950465	0.9635901503451012
fit-rw_positive_bias-run1-prior1	rw_positive_bias	run1	1.0	none	False	sub-133	similar	2	offer_1_to_3	5	1.0	0.8233678328159846	0.10930382086313094	0.5643088094086744	0.8440801827986357	0.9750220579738648
fit-rw_positive_bias-run1-prior1	rw_positive_bias	run1	1.0	none	False	sub-133	dissimilar	1	all	14	0.9285714285714286	0.9415528490433802	0.03563906431973648	0.8600118847557383	0.9482633699549203	0.9909194671832753
fit-rw_positive_bias-run1-prior1	rw_positive_bias	run1	1.0	none	False	sub-133	dissimilar	1	offer_1	2	0.5	0.6667133699199591	0.216477420128824	0.1654589392346707	0.7160797050021175	0.95573878818544
fit-rw_positive_bias-run1-prior1	rw_positive_bias	run1	1.0	none	False	sub-133	dissimilar	1	offer_1_to_3	6	0.8333333333333334	0.8679283871123001	0.0819446374115881	0.6777824681015777	0.8844104094054641	0.980139128784695
fit-rw_positive_bias-run1-prior1	rw_positive_bias	run1	1.0	none	False	sub-133	dissimilar	2	all	32	1.0	0.9806461015013442	0.01659904339642054	0.9367985673090684	0.9846229256043533	0.9991757946423132
fit-rw_positive_bias-run1-prior1	rw_positive_bias	run1	1.0	none	False	sub-133	dissimilar	2	offer_1	1	1.0	0.6989069396009437	0.260208976553935	0.05297176934034112	0.783275970199638	0.9873075628062341
fit-rw_positive_bias-run1-prior1	rw_positive_bias	run1	1.0	none	False	sub-133	dissimilar	2	offer_1_to_3	6	1.0	0.9140478341637742	0.07414907023565902	0.7198401411023446	0.9329785851846066	0.9960235910851835
fit-rw_positive_bias-run1-prior1	rw_positive_bias	run1	1.0	none	False	sub-134	computer	1	all	31	0.967741935483871	0.964869970743401	0.02465620945347471	0.902231289715363	0.9704994921389531	0.9956049429584125
fit-rw_positive_bias-run1-prior1	rw_positive_bias	run1	1.0	none	False	sub-134	computer	1	offer_1_to_3	8	1.0	0.9153843784050867	0.05535902315916942	0.7766133371753301	0.926697163699615	0.987666999706382
fit-rw_positive_bias-run1-prior1	rw_positive_bias	run1	1.0	none	False	sub-134	computer	2	all	15	0.8666666666666667	0.8975598356671974	0.04848284801587388	0.8015435565290732	0.9023971498746735	0.9773947928551278
fit-rw_positive_bias-run1-prior1	rw_positive_bias	run1	1.0	none	False	sub-134	computer	2	offer_1	3	0.3333333333333333	0.5493184798200554	0.23915708324378052	0.052000374028558845	0.5811956734069978	0.9169569073842838
fit-rw_positive_bias-run1-prior1	rw_positive_bias	run1	1.0	none	False	sub-134	computer	2	offer_1_to_3	3	0.3333333333333333	0.5493184798200554	0.23915708324378052	0.052000374028558845	0.5811956734069978	0.9169569073842838
fit-rw_positive_bias-run1-prior1	rw_positive_bias	run1	1.0	none	False	sub-134	similar	1	all	23	0.9130434782608695	0.9075492021996746	0.035697663836821956	0.8243685795744602	0.9119529259335708	0.9667283410161971
fit-rw_positive_bias-run1-prior1	rw_positive_bias	run1	1.0	none	False	sub-134	similar	1	offer_1	2	0.0	0.4113681124681741	0.23670158535631952	0.011888529016253105	0.4107750532474513	0.8405035262812751
fit-rw_positive_bias-run1-prior1	rw_positive_bias	run1	1.0	none	False	sub-134	similar	1	offer_1_to_3	11	0.8181818181818182	0.8120572574691665	0.07278733876247274	0.6428952934155542	0.8193004775240397	0.9337390575041677
fit-rw_positive_bias-run1-prior1	rw_positive_bias	run1	1.0	none	False	sub-134	similar	2	all	22	0.9545454545454546	0.9441854374593959	0.02193048749306114	0.8934120581498384	0.9473832409301259	0.9803195631559297
fit-rw_positive_bias-run1-prior1	rw_positive_bias	run1	1.0	none	False	sub-134	similar	2	offer_1	1	0.0	0.34179236499003446	0.25635249666901	0.0005890780771880235	0.31244895157980546	0.8400001498206843
fit-rw_positive_bias-run1-prior1	rw_positive_bias	run1	1.0	none	False	sub-134	similar	2	offer_1_to_3	4	0.75	0.7209733852147606	0.11120293347603721	0.4667275957707459	0.7331404841639505	0.9097209221987965
fit-rw_positive_bias-run1-prior1	rw_positive_bias	run1	1.0	none	False	sub-134	dissimilar	1	all	15	0.8666666666666667	0.8800613440715678	0.045211691570210745	0.7928591209064056	0.8818196776413969	0.9605872218279922
fit-rw_positive_bias-run1-prior1	rw_positive_bias	run1	1.0	none	False	sub-134	dissimilar	1	offer_1	3	0.3333333333333333	0.48120069001190285	0.21057426557603798	0.08375941976398579	0.4912970393210321	0.8484181639926868
fit-rw_positive_bias-run1-prior1	rw_positive_bias	run1	1.0	none	False	sub-134	dissimilar	1	offer_1_to_3	4	0.5	0.5741896246871003	0.170015314957888	0.2490027189508024	0.5830060556068432	0.8708692760457861
fit-rw_positive_bias-run1-prior1	rw_positive_bias	run1	1.0	none	False	sub-134	dissimilar	2	all	29	0.9310344827586207	0.885811278897367	0.04446492403602012	0.7861445647557116	0.8861427453556401	0.9625671716614348
fit-rw_positive_bias-run1-prior1	rw_positive_bias	run1	1.0	none	False	sub-134	dissimilar	2	offer_1	4	0.5	0.35645558216829126	0.24607137820123676	0.0013632192352673953	0.3398311024259377	0.8261360494245444
fit-rw_positive_bias-run1-prior1	rw_positive_bias	run1	1.0	none	False	sub-134	dissimilar	2	offer_1_to_3	10	0.8	0.6871984599318364	0.125588775545973	0.41328385074528173	0.687561919299312	0.9035333418284425
fit-rw_positive_bias-run1-prior1	rw_positive_bias	run1	1.0	none	False	sub-135	computer	1	all	28	0.17857142857142858	0.19830971637002634	0.05516893622787567	0.1004250117366994	0.1950969598045393	0.3160989173242236
fit-rw_positive_bias-run1-prior1	rw_positive_bias	run1	1.0	none	False	sub-135	computer	1	offer_1	2	0.0	0.015702679995984542	0.025247779194925605	1.3361672281569484e-05	0.004944844807132767	0.09053715117932387
fit-rw_positive_bias-run1-prior1	rw_positive_bias	run1	1.0	none	False	sub-135	computer	1	offer_1_to_3	10	0.0	0.02967183640267722	0.036687145557253345	0.00016091162192636793	0.014757082319865498	0.13292001903237408
fit-rw_positive_bias-run1-prior1	rw_positive_bias	run1	1.0	none	False	sub-135	computer	2	all	13	0.15384615384615385	0.19726390436573032	0.04797637363511397	0.10788441814225712	0.19656546139495598	0.29523773812870885
fit-rw_positive_bias-run1-prior1	rw_positive_bias	run1	1.0	none	False	sub-135	computer	2	offer_1	2	0.0	0.016411656207293797	0.02570929774450169	1.6257167472670643e-05	0.005610908552079959	0.09231732831733233
fit-rw_positive_bias-run1-prior1	rw_positive_bias	run1	1.0	none	False	sub-135	computer	2	offer_1_to_3	5	0.0	0.02389107107570242	0.03188841565097396	8.251964600206312e-05	0.010741217864187275	0.11482280527567397
fit-rw_positive_bias-run1-prior1	rw_positive_bias	run1	1.0	none	False	sub-135	similar	1	all	21	0.09523809523809523	0.14149761871351993	0.05962656773547509	0.042116119343116695	0.13603549356193478	0.27235404838494126
fit-rw_positive_bias-run1-prior1	rw_positive_bias	run1	1.0	none	False	sub-135	similar	1	offer_1	3	0.0	0.011871781884867995	0.025500609761053207	2.4502509975993223e-16	0.0003010390955330415	0.0909208453106026
fit-rw_positive_bias-run1-prior1	rw_positive_bias	run1	1.0	none	False	sub-135	similar	1	offer_1_to_3	8	0.0	0.018934089531418875	0.03470164184807178	6.340345725488407e-13	0.0013296613775629134	0.12221159600712546
fit-rw_positive_bias-run1-prior1	rw_positive_bias	run1	1.0	none	False	sub-135	similar	2	all	24	0.125	0.19985000814753615	0.0820624888064546	0.06644815631960173	0.19005247796089364	0.3827371223977012
fit-rw_positive_bias-run1-prior1	rw_positive_bias	run1	1.0	none	False	sub-135	similar	2	offer_1	2	0.0	0.012667338014354367	0.02658137827642058	4.4386203880217127e-16	0.00039752612789000104	0.09398660318402921
fit-rw_positive_bias-run1-prior1	rw_positive_bias	run1	1.0	none	False	sub-135	similar	2	offer_1_to_3	5	0.0	0.0172606051585901	0.03238053556285814	5.455262744358644e-13	0.0011387712862586385	0.11478047620634478
fit-rw_positive_bias-run1-prior1	rw_positive_bias	run1	1.0	none	False	sub-135	dissimilar	1	all	15	0.4	0.32442441764885643	0.09551885350000258	0.15904422557310163	0.3179356940438311	0.5264140139185586
fit-rw_positive_bias-run1-prior1	rw_positive_bias	run1	1.0	none	False	sub-135	dissimilar	1	offer_1	4	0.25	0.09592350638528876	0.0749604390152831	0.01006484587218714	0.0759428824090772	0.2936224909250645
fit-rw_positive_bias-run1-prior1	rw_positive_bias	run1	1.0	none	False	sub-135	dissimilar	1	offer_1_to_3	7	0.42857142857142855	0.11784748618176642	0.0810745886795309	0.01731896715553981	0.09865053208038238	0.3257109461145512
fit-rw_positive_bias-run1-prior1	rw_positive_bias	run1	1.0	none	False	sub-135	dissimilar	2	all	31	0.12903225806451613	0.3548830649421596	0.10613514951388009	0.17019310260235462	0.34799014628419755	0.5782719242338451
fit-rw_positive_bias-run1-prior1	rw_positive_bias	run1	1.0	none	False	sub-135	dissimilar	2	offer_1	5	0.0	0.10488972255870099	0.08216540958993833	0.008432053394207863	0.08355692894444976	0.3156913852792809
fit-rw_positive_bias-run1-prior1	rw_positive_bias	run1	1.0	none	False	sub-135	dissimilar	2	offer_1_to_3	9	0.0	0.12300734993258114	0.0871116514738517	0.015171085843092761	0.10208706798443094	0.3431429644968446
fit-rw_positive_bias-run1-prior1	rw_positive_bias	run1	1.0	none	False	sub-136	computer	1	all	32	0.71875	0.7143585868899516	0.0186478229381812	0.6771910947943757	0.7160445382263398	0.7495180009190533
fit-rw_positive_bias-run1-prior1	rw_positive_bias	run1	1.0	none	False	sub-136	computer	1	offer_1	4	0.0	0.0010091335474248773	0.005754794785962166	1.1165215833938147e-32	5.724592116312836e-07	0.010083251381343304
fit-rw_positive_bias-run1-prior1	rw_positive_bias	run1	1.0	none	False	sub-136	computer	1	offer_1_to_3	10	0.1	0.09622506846452916	0.05150953785898897	0.010389671296169651	0.09650050318509582	0.2048600268373735
fit-rw_positive_bias-run1-prior1	rw_positive_bias	run1	1.0	none	False	sub-136	computer	2	all	16	0.875	0.6772924572918602	0.05744830729986844	0.5731480425480094	0.6662221721305374	0.7970848031073003
fit-rw_positive_bias-run1-prior1	rw_positive_bias	run1	1.0	none	False	sub-136	computer	2	offer_1	3	0.6666666666666666	0.0010288552351104153	0.006256307132045292	7.50750499641017e-39	1.982673232483626e-07	0.009964001622154387
fit-rw_positive_bias-run1-prior1	rw_positive_bias	run1	1.0	none	False	sub-136	computer	2	offer_1_to_3	6	0.6666666666666666	0.15419356029630646	0.1414571006995058	4.818727387564816e-08	0.12029138197044807	0.46262175702805625
fit-rw_positive_bias-run1-prior1	rw_positive_bias	run1	1.0	none	False	sub-136	similar	1	all	24	0.5833333333333334	0.5906661663456295	0.02609313548680883	0.5426171594874957	0.5844244764870611	0.6580167272616282
fit-rw_positive_bias-run1-prior1	rw_positive_bias	run1	1.0	none	False	sub-136	similar	1	offer_1	3	0.0	0.00016911460682171716	0.0020957105452131548	6.108168069922651e-49	1.267813337980222e-10	0.0007596579406909018
fit-rw_positive_bias-run1-prior1	rw_positive_bias	run1	1.0	none	False	sub-136	similar	1	offer_1_to_3	10	0.0	0.036803369164436515	0.05481711649357596	7.28769543335036e-10	0.012446593664669752	0.19541205252627322
fit-rw_positive_bias-run1-prior1	rw_positive_bias	run1	1.0	none	False	sub-136	similar	2	all	24	0.875	0.7169605040573257	0.017802919551676143	0.6984469027465435	0.709804576553211	0.7709144209877542
fit-rw_positive_bias-run1-prior1	rw_positive_bias	run1	1.0	none	False	sub-136	similar	2	offer_1	3	0.0	0.0002353774826427759	0.0025695185065658615	7.92939786032581e-48	3.9903541147538713e-10	0.0013125691039137552
fit-rw_positive_bias-run1-prior1	rw_positive_bias	run1	1.0	none	False	sub-136	similar	2	offer_1_to_3	7	0.5714285714285714	0.03665701406331734	0.059426027852571846	9.607255307567124e-11	0.010415861934281869	0.22001885724327794
fit-rw_positive_bias-run1-prior1	rw_positive_bias	run1	1.0	none	False	sub-136	dissimilar	1	all	16	0.6875	0.6879216581620855	0.026920296737563455	0.6260190649947979	0.687500000024048	0.750688030007393
fit-rw_positive_bias-run1-prior1	rw_positive_bias	run1	1.0	none	False	sub-136	dissimilar	1	offer_1	1	0.0	0.0004913147240168791	0.0052190708173898565	3.1790219638875457e-54	3.031728055622826e-10	0.002786280133297867
fit-rw_positive_bias-run1-prior1	rw_positive_bias	run1	1.0	none	False	sub-136	dissimilar	1	offer_1_to_3	5	0.0	0.038201919879849056	0.061119214803798644	7.655940736222469e-12	0.009349208771262347	0.21987305099512408
fit-rw_positive_bias-run1-prior1	rw_positive_bias	run1	1.0	none	False	sub-136	dissimilar	2	all	32	0.9375	0.6668435572895702	0.03195384365456864	0.6074013610358205	0.6574082129478686	0.7555325727325708
fit-rw_positive_bias-run1-prior1	rw_positive_bias	run1	1.0	none	False	sub-136	dissimilar	2	offer_1	4	0.5	0.0008708810276691085	0.00795167296396375	2.532904399794524e-48	2.754925356824679e-09	0.0061175859934036285
fit-rw_positive_bias-run1-prior1	rw_positive_bias	run1	1.0	none	False	sub-136	dissimilar	2	offer_1_to_3	11	0.8181818181818182	0.05195236147846568	0.07972565542711664	3.223266377077908e-11	0.013599553403954094	0.2933947955512078
fit-rw_positive_bias-run1-prior1	rw_positive_bias	run1	1.0	none	False	sub-137	computer	1	all	16	0.4375	0.44521874819675655	0.03636867106649208	0.36614909849146166	0.4444111214730641	0.5150234319259246
fit-rw_positive_bias-run1-prior1	rw_positive_bias	run1	1.0	none	False	sub-137	computer	1	offer_1	2	0.0	0.00016285034301020862	0.001473916653431121	1.906856588453165e-28	9.545043335492706e-09	0.0010804438826541145
fit-rw_positive_bias-run1-prior1	rw_positive_bias	run1	1.0	none	False	sub-137	computer	1	offer_1_to_3	4	0.0	0.001135009364691304	0.005553346756677317	1.4874677833498516e-18	5.64492132104246e-06	0.010415172753450356
fit-rw_positive_bias-run1-prior1	rw_positive_bias	run1	1.0	none	False	sub-137	computer	2	all	32	0.46875	0.45290912954366663	0.03575024983722802	0.3790723770101944	0.4511845460391063	0.5255342858722599
fit-rw_positive_bias-run1-prior1	rw_positive_bias	run1	1.0	none	False	sub-137	computer	2	offer_1	4	0.0	0.00023068155651363254	0.001988561829920396	1.0262260489464116e-27	1.8652900988267766e-08	0.0015562082356133336
fit-rw_positive_bias-run1-prior1	rw_positive_bias	run1	1.0	none	False	sub-137	computer	2	offer_1_to_3	10	0.0	0.0012656647136538594	0.0062315557702297035	2.9343720936028475e-18	6.3088535948427544e-06	0.011412291780584486
fit-rw_positive_bias-run1-prior1	rw_positive_bias	run1	1.0	none	False	sub-137	similar	1	all	23	0.6086956521739131	0.5975175404426132	0.03964604390693639	0.5140813645326523	0.6001836421322908	0.6682727887950446
fit-rw_positive_bias-run1-prior1	rw_positive_bias	run1	1.0	none	False	sub-137	similar	1	offer_1	1	0.0	0.0008288764402571349	0.004663983244839131	1.8437112866386436e-12	1.0309105153676105e-05	0.0072447085170462555
fit-rw_positive_bias-run1-prior1	rw_positive_bias	run1	1.0	none	False	sub-137	similar	1	offer_1_to_3	4	0.0	0.0045305911157223384	0.012913630641352628	5.446351864455988e-08	0.0005271718599039525	0.036006739959240266
fit-rw_positive_bias-run1-prior1	rw_positive_bias	run1	1.0	none	False	sub-137	similar	2	all	23	0.391304347826087	0.391358422061034	0.031184818844133922	0.3398127608844253	0.3875920194981167	0.465954876362966
fit-rw_positive_bias-run1-prior1	rw_positive_bias	run1	1.0	none	False	sub-137	similar	2	offer_1	3	0.0	0.0012609517216808134	0.0064489577270134425	6.197473359406523e-12	2.197859057411161e-05	0.010840200897887153
fit-rw_positive_bias-run1-prior1	rw_positive_bias	run1	1.0	none	False	sub-137	similar	2	offer_1_to_3	11	0.0	0.0073282980665953755	0.019439866705854552	1.177342068293285e-07	0.000998513103819103	0.05694103773168652
fit-rw_positive_bias-run1-prior1	rw_positive_bias	run1	1.0	none	False	sub-137	dissimilar	1	all	32	0.4375	0.4418708291020978	0.02798183512776302	0.38093732165496214	0.440551559125153	0.49736047232755604
fit-rw_positive_bias-run1-prior1	rw_positive_bias	run1	1.0	none	False	sub-137	dissimilar	1	offer_1	6	0.0	5.3358856108262074e-05	0.0007510809695868578	7.146621888653966e-45	1.2684748738779312e-12	0.00020016698059167044
fit-rw_positive_bias-run1-prior1	rw_positive_bias	run1	1.0	none	False	sub-137	dissimilar	1	offer_1_to_3	13	0.0	0.00032614372304898254	0.0025032618892856236	5.153550657093787e-29	1.1877103599687939e-08	0.0026737331092520165
fit-rw_positive_bias-run1-prior1	rw_positive_bias	run1	1.0	none	False	sub-137	dissimilar	2	all	16	0.4375	0.46443173547100747	0.023997227291033894	0.43751761644555154	0.45959700280806276	0.5196135471194586
fit-rw_positive_bias-run1-prior1	rw_positive_bias	run1	1.0	none	False	sub-137	dissimilar	2	offer_1	1	0.0	0.00010380301446117542	0.0013463729286443923	1.9483540125146827e-43	3.973375460190548e-12	0.00042500942203681783
fit-rw_positive_bias-run1-prior1	rw_positive_bias	run1	1.0	none	False	sub-137	dissimilar	2	offer_1_to_3	5	0.0	0.0005951433226265051	0.0045548467263724695	7.464855207338358e-28	2.6119454495454475e-08	0.004757193264052328
fit-rw_positive_bias-run1-prior1	rw_positive_bias	run1	1.0	none	False	sub-138	computer	1	all	15	1.0	0.851603176925714	0.06515613926168466	0.7194308040757934	0.8535717750953364	0.9680423535050914
fit-rw_positive_bias-run1-prior1	rw_positive_bias	run1	1.0	none	False	sub-138	computer	1	offer_1	3	1.0	0.5650633702460687	0.18504081673015182	0.2178204079060767	0.5633371587050525	0.9108984898637443
fit-rw_positive_bias-run1-prior1	rw_positive_bias	run1	1.0	none	False	sub-138	computer	1	offer_1_to_3	6	1.0	0.6881977887206472	0.13455211900181469	0.42087304428530115	0.6900507271779772	0.9332070572079021
fit-rw_positive_bias-run1-prior1	rw_positive_bias	run1	1.0	none	False	sub-138	computer	2	all	28	0.5357142857142857	0.829713941953322	0.08155968616663405	0.6666610640717392	0.8332738602118265	0.9685510409595872
fit-rw_positive_bias-run1-prior1	rw_positive_bias	run1	1.0	none	False	sub-138	computer	2	offer_1	5	0.0	0.5276094666494439	0.22549868197257325	0.0792582142478366	0.5389550799098559	0.916339162257119
fit-rw_positive_bias-run1-prior1	rw_positive_bias	run1	1.0	none	False	sub-138	computer	2	offer_1_to_3	11	0.0	0.6369103270030774	0.17858395769301652	0.2655776119567707	0.6488093594161034	0.9352853700979591
fit-rw_positive_bias-run1-prior1	rw_positive_bias	run1	1.0	none	False	sub-138	similar	1	all	22	0.7272727272727273	0.7703817574835158	0.05333809163702076	0.6674132640585337	0.770242870795932	0.8750908904119661
fit-rw_positive_bias-run1-prior1	rw_positive_bias	run1	1.0	none	False	sub-138	similar	1	offer_1	1	0.0	0.2674991844360548	0.1643896596729837	0.030998459193233855	0.24171761673104653	0.6356278773597879
fit-rw_positive_bias-run1-prior1	rw_positive_bias	run1	1.0	none	False	sub-138	similar	1	offer_1_to_3	6	0.3333333333333333	0.3480246695190629	0.15175728609754802	0.08281251346336893	0.34018380542838406	0.6575631001037268
fit-rw_positive_bias-run1-prior1	rw_positive_bias	run1	1.0	none	False	sub-138	similar	2	all	22	0.8181818181818182	0.7646463510724202	0.07393655731975744	0.6120068812357576	0.768146597581919	0.8956505871476382
fit-rw_positive_bias-run1-prior1	rw_positive_bias	run1	1.0	none	False	sub-138	similar	2	offer_1	3	0.6666666666666666	0.28190827251589967	0.16091728973085087	0.03691590274521532	0.26253660341109875	0.629581468049316
fit-rw_positive_bias-run1-prior1	rw_positive_bias	run1	1.0	none	False	sub-138	similar	2	offer_1_to_3	7	0.5714285714285714	0.4405779111316761	0.15691156774650059	0.14483961421159303	0.4426725942758452	0.7381713204918785
fit-rw_positive_bias-run1-prior1	rw_positive_bias	run1	1.0	none	False	sub-138	dissimilar	1	all	31	0.7096774193548387	0.7465349040575294	0.0539873219948845	0.6356610936931709	0.7488065404796225	0.8467003679616607
fit-rw_positive_bias-run1-prior1	rw_positive_bias	run1	1.0	none	False	sub-138	dissimilar	1	offer_1	3	0.0	0.17353083142629414	0.12476184839433563	0.013454603107276844	0.14574473566039411	0.4784363579874161
fit-rw_positive_bias-run1-prior1	rw_positive_bias	run1	1.0	none	False	sub-138	dissimilar	1	offer_1_to_3	10	0.4	0.3945941785505002	0.12385857180175405	0.1640162356023593	0.39357947975017227	0.6400678028988921
fit-rw_positive_bias-run1-prior1	rw_positive_bias	run1	1.0	none	False	sub-138	dissimilar	2	all	16	1.0	0.7914469493957628	0.05982688004152925	0.6675473646195488	0.7945259787753549	0.9012621016174546
fit-rw_positive_bias-run1-prior1	rw_positive_bias	run1	1.0	none	False	sub-138	dissimilar	2	offer_1_to_3	5	1.0	0.49045873368507636	0.13802150717508357	0.213710163954024	0.49398401988542234	0.7493755782003371
fit-rw_positive_bias-run1-prior1	rw_positive_bias	run1	1.0	none	False	sub-140	computer	1	all	16	0.8125	0.77317387783118	0.05855727982022012	0.6523581324310282	0.7752932506423391	0.8800414234589784
fit-rw_positive_bias-run1-prior1	rw_positive_bias	run1	1.0	none	False	sub-140	computer	1	offer_1	1	1.0	0.40401209324960546	0.14856889305685134	0.11804444858502261	0.4060402299111552	0.68794852369014
fit-rw_positive_bias-run1-prior1	rw_positive_bias	run1	1.0	none	False	sub-140	computer	1	offer_1_to_3	6	0.5	0.5315988548943771	0.11836799909591916	0.28414709558914564	0.5382019957471887	0.7475323878040884
fit-rw_positive_bias-run1-prior1	rw_positive_bias	run1	1.0	none	False	sub-140	computer	2	all	31	0.8064516129032258	0.7649123306314739	0.0612223529855939	0.6412192509542571	0.7666998282695769	0.8785691107988115
fit-rw_positive_bias-run1-prior1	rw_positive_bias	run1	1.0	none	False	sub-140	computer	2	offer_1	3	0.3333333333333333	0.33540858410017765	0.17374967371704805	0.018484517488671574	0.33923063813611776	0.6695455620293465
fit-rw_positive_bias-run1-prior1	rw_positive_bias	run1	1.0	none	False	sub-140	computer	2	offer_1_to_3	11	0.5454545454545454	0.5049573574836079	0.13457092364913184	0.22122491164309896	0.5128801367205008	0.748658468692592
fit-rw_positive_bias-run1-prior1	rw_positive_bias	run1	1.0	none	False	sub-140	similar	1	all	24	0.7916666666666666	0.8062489182577324	0.046660924294098974	0.7076525738052606	0.8089826645998768	0.889086348945038
fit-rw_positive_bias-run1-prior1	rw_positive_bias	run1	1.0	none	False	sub-140	similar	1	offer_1	2	0.5	0.3352715699428872	0.15064263678659487	0.06671293898732314	0.33351623615019327	0.6300358964901983
fit-rw_positive_bias-run1-prior1	rw_positive_bias	run1	1.0	none	False	sub-140	similar	1	offer_1_to_3	6	0.3333333333333333	0.43097816228495434	0.13621939405315542	0.14830641920031212	0.44046314410437715	0.6728191768282101
fit-rw_positive_bias-run1-prior1	rw_positive_bias	run1	1.0	none	False	sub-140	similar	2	all	24	0.7916666666666666	0.7366683248286015	0.06452525218025851	0.6006596396109584	0.7401974284766746	0.8529391738534882
fit-rw_positive_bias-run1-prior1	rw_positive_bias	run1	1.0	none	False	sub-140	similar	2	offer_1	3	0.3333333333333333	0.2886183938806179	0.15636356454365088	0.023643811715866717	0.2823033922180596	0.6059161139361151
fit-rw_positive_bias-run1-prior1	rw_positive_bias	run1	1.0	none	False	sub-140	similar	2	offer_1_to_3	9	0.4444444444444444	0.4710890199438204	0.1282969328380176	0.2056446692883569	0.47793137876015857	0.7038059587439837
fit-rw_positive_bias-run1-prior1	rw_positive_bias	run1	1.0	none	False	sub-140	dissimilar	1	all	31	0.7096774193548387	0.7263997165381522	0.056427558586247005	0.609627530124405	0.7278810297762204	0.8330793499322766
fit-rw_positive_bias-run1-prior1	rw_positive_bias	run1	1.0	none	False	sub-140	dissimilar	1	offer_1	6	0.6666666666666666	0.38266149885336337	0.12285678085615026	0.1581950466389156	0.3776022358380241	0.6317989514898759
fit-rw_positive_bias-run1-prior1	rw_positive_bias	run1	1.0	none	False	sub-140	dissimilar	1	offer_1_to_3	11	0.45454545454545453	0.4462276043853526	0.11275481525491347	0.23185369350493643	0.44397819676575223	0.6688801463168476
fit-rw_positive_bias-run1-prior1	rw_positive_bias	run1	1.0	none	False	sub-140	dissimilar	2	all	16	0.8125	0.7868270499640014	0.055465881067812355	0.6676553437130514	0.7904199767977739	0.8858358804308037
fit-rw_positive_bias-run1-prior1	rw_positive_bias	run1	1.0	none	False	sub-140	dissimilar	2	offer_1	1	0.0	0.38699551343387906	0.13375276835095987	0.1382827178453121	0.3837011359361606	0.6494452210000468
fit-rw_positive_bias-run1-prior1	rw_positive_bias	run1	1.0	none	False	sub-140	dissimilar	2	offer_1_to_3	5	0.4	0.560600592861632	0.09904757047834062	0.3641687320774299	0.5624970756785508	0.7508673243616081
fit-rw_positive_bias-run1-prior1	rw_positive_bias	run1	1.0	none	False	sub-141	computer	1	all	31	0.967741935483871	0.9739676034838255	0.0192810298108843	0.9249145845657156	0.9785951338130476	0.996862703607065
fit-rw_positive_bias-run1-prior1	rw_positive_bias	run1	1.0	none	False	sub-141	computer	1	offer_1	7	1.0	0.9355638524707612	0.052934825506592294	0.7947408925390513	0.9502337620930595	0.9932007863420931
fit-rw_positive_bias-run1-prior1	rw_positive_bias	run1	1.0	none	False	sub-141	computer	1	offer_1_to_3	11	1.0	0.9482937688841214	0.04060819459253932	0.8427019992317116	0.9588642391124345	0.9942383098522831
fit-rw_positive_bias-run1-prior1	rw_positive_bias	run1	1.0	none	False	sub-141	computer	2	all	15	1.0	0.976961292983422	0.017590976310858743	0.9313881396286529	0.9813041000078417	0.9974519405302635
fit-rw_positive_bias-run1-prior1	rw_positive_bias	run1	1.0	none	False	sub-141	computer	2	offer_1	2	1.0	0.9359009655815883	0.05455133228190877	0.7889522832802799	0.951158717157589	0.9936615150307312
fit-rw_positive_bias-run1-prior1	rw_positive_bias	run1	1.0	none	False	sub-141	computer	2	offer_1_to_3	6	1.0	0.9598881818836619	0.031032292355841373	0.8793175390470023	0.9676597491151707	0.9955668260956462
fit-rw_positive_bias-run1-prior1	rw_positive_bias	run1	1.0	none	False	sub-141	similar	1	all	24	1.0	0.9785367787788485	0.01693283728946261	0.9345602697956958	0.9829505668518024	0.9979359443376854
fit-rw_positive_bias-run1-prior1	rw_positive_bias	run1	1.0	none	False	sub-141	similar	1	offer_1	2	1.0	0.931695262787404	0.06287475452937213	0.7619940059574127	0.9495876956471324	0.9934312730553775
fit-rw_positive_bias-run1-prior1	rw_positive_bias	run1	1.0	none	False	sub-141	similar	1	offer_1_to_3	11	1.0	0.9630972174739272	0.029182075096044705	0.8868199361572711	0.9707100973394751	0.9962209538141965
fit-rw_positive_bias-run1-prior1	rw_positive_bias	run1	1.0	none	False	sub-141	similar	2	all	24	1.0	0.9848449750635829	0.012706080191075646	0.9518527930368591	0.9883261554540799	0.9986750685521096
fit-rw_positive_bias-run1-prior1	rw_positive_bias	run1	1.0	none	False	sub-141	similar	2	offer_1	1	1.0	0.9173118583662841	0.09244092775265303	0.6690441813847591	0.9446005371822297	0.9933571482027271
fit-rw_positive_bias-run1-prior1	rw_positive_bias	run1	1.0	none	False	sub-141	similar	2	offer_1_to_3	6	1.0	0.9619580056940619	0.03146554342868226	0.8792070237489465	0.9701845302387979	0.99626460398997
fit-rw_positive_bias-run1-prior1	rw_positive_bias	run1	1.0	none	False	sub-141	dissimilar	1	all	16	1.0	0.9817803052593512	0.015197984965088547	0.9419648256916073	0.9859241490874167	0.9983695971385712
fit-rw_positive_bias-run1-prior1	rw_positive_bias	run1	1.0	none	False	sub-141	dissimilar	1	offer_1	1	1.0	0.9158234858626149	0.08906440120302443	0.6657275899135392	0.9426874503474792	0.9929802878836557
fit-rw_positive_bias-run1-prior1	rw_positive_bias	run1	1.0	none	False	sub-141	dissimilar	1	offer_1_to_3	4	1.0	0.9540810457379019	0.040573951421984306	0.8488483045224361	0.9651586218580601	0.995516254418383
fit-rw_positive_bias-run1-prior1	rw_positive_bias	run1	1.0	none	False	sub-141	dissimilar	2	all	32	1.0	0.9787549304950048	0.017625608538854275	0.9322354289681086	0.983512515376394	0.9980182270060562
fit-rw_positive_bias-run1-prior1	rw_positive_bias	run1	1.0	none	False	sub-141	dissimilar	2	offer_1	3	1.0	0.9193101632169598	0.08637368987359385	0.6794517499653092	0.9453768851813085	0.9933966018191245
fit-rw_positive_bias-run1-prior1	rw_positive_bias	run1	1.0	none	False	sub-141	dissimilar	2	offer_1_to_3	12	1.0	0.9564249901371193	0.03840563624805972	0.8547840834359836	0.9668471568084018	0.9957928876758446
fit-rw_positive_bias-run1-prior1	rw_positive_bias	run1	1.0	none	False	sub-142	computer	1	all	31	1.0	0.9638302768707642	0.02564149223394334	0.9017677300121362	0.9689943566611842	0.9973182872353153
fit-rw_positive_bias-run1-prior1	rw_positive_bias	run1	1.0	none	False	sub-142	computer	1	offer_1	7	1.0	0.8741535893588055	0.0913324014060537	0.6498266769207618	0.893327236334704	0.9906328559533872
fit-rw_positive_bias-run1-prior1	rw_positive_bias	run1	1.0	none	False	sub-142	computer	1	offer_1_to_3	12	1.0	0.9112478973772156	0.06276764886022812	0.7590819366957146	0.9235441273167047	0.9932619876360488
fit-rw_positive_bias-run1-prior1	rw_positive_bias	run1	1.0	none	False	sub-142	computer	2	all	16	1.0	0.9803443176457213	0.018785462654214942	0.9318479152238951	0.9859765672275468	0.9996114976882614
fit-rw_positive_bias-run1-prior1	rw_positive_bias	run1	1.0	none	False	sub-142	computer	2	offer_1	2	1.0	0.9012284801216102	0.0971642397069748	0.652397142039248	0.9320876869624045	0.9979351196766393
fit-rw_positive_bias-run1-prior1	rw_positive_bias	run1	1.0	none	False	sub-142	computer	2	offer_1_to_3	6	1.0	0.9522531402301888	0.04467343374577525	0.8378464660592747	0.9655750315928746	0.9990107629035327
fit-rw_positive_bias-run1-prior1	rw_positive_bias	run1	1.0	none	False	sub-142	similar	1	all	24	0.875	0.8953400337215422	0.0408449812933767	0.813222443051227	0.8942465001137645	0.9694042288231708
fit-rw_positive_bias-run1-prior1	rw_positive_bias	run1	1.0	none	False	sub-142	similar	1	offer_1	5	0.4	0.5535360663504412	0.17989111065252397	0.21285748254891151	0.5430407683095198	0.886529034086365
fit-rw_positive_bias-run1-prior1	rw_positive_bias	run1	1.0	none	False	sub-142	similar	1	offer_1_to_3	9	0.6666666666666666	0.7265116383766881	0.10831966432461465	0.5107785171803381	0.7225616222336755	0.9230564835041306
fit-rw_positive_bias-run1-prior1	rw_positive_bias	run1	1.0	none	False	sub-142	similar	2	all	24	1.0	0.9770508111293842	0.016708996251449077	0.9358154058643775	0.9798033397922732	0.9986588108990134
fit-rw_positive_bias-run1-prior1	rw_positive_bias	run1	1.0	none	False	sub-142	similar	2	offer_1	1	1.0	0.6780982824383627	0.22757864024131066	0.16356964917581138	0.7246143235876852	0.9785249542270303
fit-rw_positive_bias-run1-prior1	rw_positive_bias	run1	1.0	none	False	sub-142	similar	2	offer_1_to_3	6	1.0	0.9130574628687823	0.06195917984459511	0.7631437581216999	0.9229477968670602	0.9946943361673259
fit-rw_positive_bias-run1-prior1	rw_positive_bias	run1	1.0	none	False	sub-142	dissimilar	1	all	16	0.9375	0.9407615016564125	0.036420950343782836	0.8550557135609564	0.9474269934008435	0.9915967201806883
fit-rw_positive_bias-run1-prior1	rw_positive_bias	run1	1.0	none	False	sub-142	dissimilar	1	offer_1	3	0.6666666666666666	0.7240720326576604	0.1769111163780535	0.3063198714043293	0.7598993515559336	0.9649753933443221
fit-rw_positive_bias-run1-prior1	rw_positive_bias	run1	1.0	none	False	sub-142	dissimilar	1	offer_1_to_3	5	0.8	0.8221087378348958	0.1115622398446667	0.5614695507293493	0.8435668928570396	0.9764548895612125
fit-rw_positive_bias-run1-prior1	rw_positive_bias	run1	1.0	none	False	sub-142	dissimilar	2	all	32	0.96875	0.9496723496539881	0.04023677191705655	0.8488347664974438	0.9597960981713223	0.9967184919456844
fit-rw_positive_bias-run1-prior1	rw_positive_bias	run1	1.0	none	False	sub-142	dissimilar	2	offer_1	5	0.8	0.7271301689002216	0.22682159217690748	0.12373555356147609	0.7930628346935309	0.9833607787135498
fit-rw_positive_bias-run1-prior1	rw_positive_bias	run1	1.0	none	False	sub-142	dissimilar	2	offer_1_to_3	13	0.9230769230769231	0.8790519697215513	0.0983426666087178	0.6302343629617343	0.904346389110571	0.9922499488626493
fit-rw_positive_bias-run1-prior1	rw_positive_bias	run1	1.0	none	False	sub-143	computer	1	all	32	0.90625	0.9018943970898127	0.028341116197139547	0.8403917359005982	0.9035894006867182	0.9538387664567366
fit-rw_positive_bias-run1-prior1	rw_positive_bias	run1	1.0	none	False	sub-143	computer	1	offer_1	3	0.0	0.2863298190569264	0.18880176189795336	0.008548597068614867	0.2635120016268213	0.6949959727809997
fit-rw_positive_bias-run1-prior1	rw_positive_bias	run1	1.0	none	False	sub-143	computer	1	offer_1_to_3	11	0.7272727272727273	0.7222483434868994	0.0795965231716636	0.5520943608910346	0.7252705649574251	0.8715117273733608
fit-rw_positive_bias-run1-prior1	rw_positive_bias	run1	1.0	none	False	sub-143	computer	2	all	16	0.875	0.9220657879318933	0.026328867606943262	0.8609444030428051	0.9262046833243984	0.965260413994965
fit-rw_positive_bias-run1-prior1	rw_positive_bias	run1	1.0	none	False	sub-143	computer	2	offer_1	1	0.0	0.20947473489276483	0.19594090020699387	0.00018866086091285476	0.15332485104506885	0.6730781923612769
fit-rw_positive_bias-run1-prior1	rw_positive_bias	run1	1.0	none	False	sub-143	computer	2	offer_1_to_3	5	0.6	0.7612460080655913	0.07732159634324955	0.5866871083363087	0.7713171468451367	0.8945445580246616
fit-rw_positive_bias-run1-prior1	rw_positive_bias	run1	1.0	none	False	sub-143	similar	1	all	24	0.8333333333333334	0.8271340591978328	0.04768924259920555	0.7357183115006621	0.8267575026180777	0.9187340382122225
fit-rw_positive_bias-run1-prior1	rw_positive_bias	run1	1.0	none	False	sub-143	similar	1	offer_1	6	0.5	0.4179307920327439	0.1609847153475116	0.12799381313935654	0.41350139538227704	0.7321617716872829
fit-rw_positive_bias-run1-prior1	rw_positive_bias	run1	1.0	none	False	sub-143	similar	1	offer_1_to_3	12	0.6666666666666666	0.659533482473947	0.09418024001374813	0.4810674912172397	0.6586936123593865	0.841156891303369
fit-rw_positive_bias-run1-prior1	rw_positive_bias	run1	1.0	none	False	sub-143	similar	2	all	24	1.0	0.9727072524700752	0.022640427035259397	0.9125239058155153	0.9787251152770939	0.9972422004505707
fit-rw_positive_bias-run1-prior1	rw_positive_bias	run1	1.0	none	False	sub-143	similar	2	offer_1_to_3	4	1.0	0.870779473024078	0.0977699450322738	0.6218837226215954	0.8942427772721759	0.9842864509135235
fit-rw_positive_bias-run1-prior1	rw_positive_bias	run1	1.0	none	False	sub-143	dissimilar	1	all	16	0.9375	0.9509306371277184	0.030913272688125746	0.8817101107061033	0.9567571378251016	0.9940675653487858
fit-rw_positive_bias-run1-prior1	rw_positive_bias	run1	1.0	none	False	sub-143	dissimilar	1	offer_1_to_3	3	0.6666666666666666	0.7625815263291665	0.15189042136523237	0.4039662479868624	0.7955426064551558	0.969902324865655
fit-rw_positive_bias-run1-prior1	rw_positive_bias	run1	1.0	none	False	sub-143	dissimilar	2	all	32	0.84375	0.8703408761525945	0.047144294757935336	0.7687067000747131	0.8738494843087965	0.95456363898597
fit-rw_positive_bias-run1-prior1	rw_positive_bias	run1	1.0	none	False	sub-143	dissimilar	2	offer_1	3	0.3333333333333333	0.17132430112182298	0.2078878153581768	1.8787817185189721e-07	0.07570688389032806	0.6987794734671754
fit-rw_positive_bias-run1-prior1	rw_positive_bias	run1	1.0	none	False	sub-143	dissimilar	2	offer_1_to_3	9	0.4444444444444444	0.5506909162533302	0.16711207236592626	0.19390545506694126	0.5633696698793689	0.8490908082730946
fit-rw_positive_bias-run1-prior1	rw_positive_bias	run1	1.0	none	False	sub-144	computer	1	all	32	0.28125	0.28202597083897035	0.02000570335609872	0.24849166501313183	0.2809934724802746	0.33129884736833315
fit-rw_positive_bias-run1-prior1	rw_positive_bias	run1	1.0	none	False	sub-144	computer	1	offer_1	3	0.0	2.8142054610309357e-06	7.234252324856894e-05	8.702459154010049e-62	1.3831658299025573e-16	2.752336829115653e-06
fit-rw_positive_bias-run1-prior1	rw_positive_bias	run1	1.0	none	False	sub-144	computer	1	offer_1_to_3	11	0.0	1.4515361812952378e-05	0.00022643756929589	5.972597958398806e-44	2.2101027041285053e-12	4.788188474151609e-05
fit-rw_positive_bias-run1-prior1	rw_positive_bias	run1	1.0	none	False	sub-144	computer	2	all	16	0.25	0.26840749887053283	0.04850575658578562	0.19664507681821214	0.2543721409840213	0.4060514239894208
fit-rw_positive_bias-run1-prior1	rw_positive_bias	run1	1.0	none	False	sub-144	computer	2	offer_1	1	0.0	4.203132643890114e-06	9.491081172141082e-05	1.8422906754294411e-60	4.576902214888874e-16	5.046087273475609e-06
fit-rw_positive_bias-run1-prior1	rw_positive_bias	run1	1.0	none	False	sub-144	computer	2	offer_1_to_3	5	0.0	2.8782494012219556e-05	0.0003802821892972888	1.48642691673508e-42	1.0249956471640149e-11	0.00011700946482198937
fit-rw_positive_bias-run1-prior1	rw_positive_bias	run1	1.0	none	False	sub-144	similar	1	all	23	0.21739130434782608	0.21514813849239142	0.025595658268495153	0.16022513915543743	0.2167737444733832	0.2731577636158308
fit-rw_positive_bias-run1-prior1	rw_positive_bias	run1	1.0	none	False	sub-144	similar	1	offer_1	5	0.0	6.453660587843656e-06	0.00016141056010534065	2.8144944697925125e-76	1.7585660448751394e-17	6.49759564591572e-06
fit-rw_positive_bias-run1-prior1	rw_positive_bias	run1	1.0	none	False	sub-144	similar	1	offer_1_to_3	11	0.0	3.4674657260407484e-05	0.000497867308466965	4.768867499621893e-53	1.386333135955112e-12	0.0001278069196390177
fit-rw_positive_bias-run1-prior1	rw_positive_bias	run1	1.0	none	False	sub-144	similar	2	all	24	0.4583333333333333	0.4632852647433611	0.0376478000989368	0.38193242500301144	0.45905619090573396	0.5408454564037345
fit-rw_positive_bias-run1-prior1	rw_positive_bias	run1	1.0	none	False	sub-144	similar	2	offer_1_to_3	4	0.0	9.45451863696339e-05	0.0012264123902346173	3.4752474828720777e-51	7.327284400347886e-12	0.0003921945984582541
fit-rw_positive_bias-run1-prior1	rw_positive_bias	run1	1.0	none	False	sub-144	dissimilar	1	all	16	0.1875	0.19605213622978912	0.041234457997169995	0.12725930493893595	0.1950938474376565	0.278342812996389
fit-rw_positive_bias-run1-prior1	rw_positive_bias	run1	1.0	none	False	sub-144	dissimilar	1	offer_1_to_3	3	0.0	3.0226604525248428e-05	0.0005633503550276803	2.6496179288772324e-46	1.6147390811099626e-12	9.319520674897804e-05
fit-rw_positive_bias-run1-prior1	rw_positive_bias	run1	1.0	none	False	sub-144	dissimilar	2	all	32	0.375	0.3711949681114038	0.044060817125590006	0.26921347036840854	0.38176936579450127	0.4376948855478972
fit-rw_positive_bias-run1-prior1	rw_positive_bias	run1	1.0	none	False	sub-144	dissimilar	2	offer_1	3	0.0	1.2894675414487304e-05	0.0003028671146721841	6.775135946199657e-62	8.64695733441114e-16	1.5963154989289377e-05
fit-rw_positive_bias-run1-prior1	rw_positive_bias	run1	1.0	none	False	sub-144	dissimilar	2	offer_1_to_3	9	0.0	6.126215113564992e-05	0.0008642196515892387	3.2332766785258257e-44	1.2429568933344653e-11	0.00023432956388680314
fit-rw_positive_bias-run1-prior1	rw_positive_bias	run1	1.0	none	False	sub-147	computer	1	all	32	0.84375	0.8616892156415585	0.04297384933532167	0.7667220337789626	0.8649281358654544	0.936088857065511
fit-rw_positive_bias-run1-prior1	rw_positive_bias	run1	1.0	none	False	sub-147	computer	1	offer_1	3	0.3333333333333333	0.4061021582890162	0.17565201944138928	0.08854832436780515	0.4010508207197654	0.74879409164482
fit-rw_positive_bias-run1-prior1	rw_positive_bias	run1	1.0	none	False	sub-147	computer	1	offer_1_to_3	10	0.6	0.666956817181253	0.09888710863442322	0.4646444864343955	0.6712973463854557	0.8482620594383193
fit-rw_positive_bias-run1-prior1	rw_positive_bias	run1	1.0	none	False	sub-147	computer	2	all	16	0.75	0.8188449411505365	0.055264269272745845	0.7040192713343423	0.82133078058531	0.9191023033842441
fit-rw_positive_bias-run1-prior1	rw_positive_bias	run1	1.0	none	False	sub-147	computer	2	offer_1	2	0.0	0.40176073488285285	0.18199754760165615	0.07176907886080251	0.3985744183666263	0.7534457061044807
fit-rw_positive_bias-run1-prior1	rw_positive_bias	run1	1.0	none	False	sub-147	computer	2	offer_1_to_3	6	0.3333333333333333	0.5978858321841464	0.12770660701849976	0.33471580659242217	0.6036495508973004	0.8282008071538414
fit-rw_positive_bias-run1-prior1	rw_positive_bias	run1	1.0	none	False	sub-147	similar	1	all	24	0.7916666666666666	0.8216921390056611	0.05213626291081019	0.7161937386255574	0.8230799166014557	0.9172145015332055
fit-rw_positive_bias-run1-prior1	rw_positive_bias	run1	1.0	none	False	sub-147	similar	1	offer_1_to_3	8	0.375	0.5286623356623268	0.1506067884792027	0.23828614439317597	0.5339098336461352	0.7984530593461429
fit-rw_positive_bias-run1-prior1	rw_positive_bias	run1	1.0	none	False	sub-147	similar	2	all	24	0.7916666666666666	0.8460897564868219	0.03642177450654357	0.7681333073170821	0.8464296557726111	0.9168023348212225
fit-rw_positive_bias-run1-prior1	rw_positive_bias	run1	1.0	none	False	sub-147	similar	2	offer_1	2	0.0	0.1764493629584732	0.17788278092975848	0.00023885317447868147	0.11528645492895453	0.6186064864832724
fit-rw_positive_bias-run1-prior1	rw_positive_bias	run1	1.0	none	False	sub-147	similar	2	offer_1_to_3	6	0.3333333333333333	0.4444372699518367	0.14638243016175684	0.16081994063158855	0.4358331611872895	0.7401427113228657
fit-rw_positive_bias-run1-prior1	rw_positive_bias	run1	1.0	none	False	sub-147	dissimilar	1	all	14	1.0	0.9104364514059243	0.034794051694695745	0.82847031964923	0.9154591505451082	0.9664272023169721
fit-rw_positive_bias-run1-prior1	rw_positive_bias	run1	1.0	none	False	sub-147	dissimilar	1	offer_1	1	1.0	0.4196053467069073	0.20750118625769806	0.058218724365776804	0.41475990401301366	0.8187878992220702
fit-rw_positive_bias-run1-prior1	rw_positive_bias	run1	1.0	none	False	sub-147	dissimilar	1	offer_1_to_3	3	1.0	0.7043330324186072	0.10030848683959637	0.4959762076066946	0.7055462573606356	0.8918984965918139
fit-rw_positive_bias-run1-prior1	rw_positive_bias	run1	1.0	none	False	sub-147	dissimilar	2	all	31	0.8064516129032258	0.8629514160446935	0.05217273854242042	0.7500575360364298	0.8666685628001225	0.9524355778832643
fit-rw_positive_bias-run1-prior1	rw_positive_bias	run1	1.0	none	False	sub-147	dissimilar	2	offer_1	2	0.0	0.394199440778266	0.22118944582797337	0.02815358117123038	0.38523796141116795	0.8249252998860129
fit-rw_positive_bias-run1-prior1	rw_positive_bias	run1	1.0	none	False	sub-147	dissimilar	2	offer_1_to_3	11	0.45454545454545453	0.6748084370151216	0.1277232211797245	0.39764141258676433	0.685713034641288	0.8939487256715055
fit-rw_positive_bias-run1-prior1	rw_positive_bias	run1	1.0	none	False	sub-149	computer	1	all	31	0.9354838709677419	0.9233653647020144	0.0264626733951975	0.8576584071721911	0.9292875841576025	0.9682747992174662
fit-rw_positive_bias-run1-prior1	rw_positive_bias	run1	1.0	none	False	sub-149	computer	1	offer_1	2	0.0	0.20747460073156374	0.21627204256545518	5.599884230583484e-07	0.1319638241005816	0.7290344993584559
fit-rw_positive_bias-run1-prior1	rw_positive_bias	run1	1.0	none	False	sub-149	computer	1	offer_1_to_3	11	0.8181818181818182	0.7863594235932657	0.07295922919038894	0.6057536504867209	0.801925277100245	0.9124680374121418
fit-rw_positive_bias-run1-prior1	rw_positive_bias	run1	1.0	none	False	sub-149	computer	2	all	16	0.9375	0.9370429788095672	0.018601923412459472	0.8953697675037702	0.9368795335638419	0.9787983661740217
fit-rw_positive_bias-run1-prior1	rw_positive_bias	run1	1.0	none	False	sub-149	computer	2	offer_1	1	0.0	0.18528871452251156	0.23144713641748316	1.6627610293140375e-09	0.07575735888220608	0.7848063359270543
fit-rw_positive_bias-run1-prior1	rw_positive_bias	run1	1.0	none	False	sub-149	computer	2	offer_1_to_3	4	0.75	0.7546151817617959	0.0717602750919755	0.6059660943494646	0.7490534362871627	0.9223234589092586
fit-rw_positive_bias-run1-prior1	rw_positive_bias	run1	1.0	none	False	sub-149	similar	1	all	23	0.9565217391304348	0.94015655437737	0.026035541943807555	0.8737999414576184	0.947296783321904	0.9800801279076643
fit-rw_positive_bias-run1-prior1	rw_positive_bias	run1	1.0	none	False	sub-149	similar	1	offer_1	1	0.0	0.19140432503078425	0.23555916793349904	4.33782608494689e-10	0.0800403967834495	0.79137790460757
fit-rw_positive_bias-run1-prior1	rw_positive_bias	run1	1.0	none	False	sub-149	similar	1	offer_1_to_3	5	0.8	0.732924542610199	0.11487414321024048	0.4434647286491458	0.7632755445541697	0.9149635266994289
fit-rw_positive_bias-run1-prior1	rw_positive_bias	run1	1.0	none	False	sub-149	similar	2	all	24	0.9583333333333334	0.9270824909781504	0.04070303583838099	0.8328117916806455	0.9398605572722332	0.9801358456449625
fit-rw_positive_bias-run1-prior1	rw_positive_bias	run1	1.0	none	False	sub-149	similar	2	offer_1	1	0.0	0.14334822199747327	0.21399994734465239	1.2768269856443515e-14	0.030124190659194236	0.753062452441711
fit-rw_positive_bias-run1-prior1	rw_positive_bias	run1	1.0	none	False	sub-149	similar	2	offer_1_to_3	5	0.8	0.6556770128849606	0.19227711013131404	0.1994454898106069	0.71602943986148	0.9103285484813508
fit-rw_positive_bias-run1-prior1	rw_positive_bias	run1	1.0	none	False	sub-149	dissimilar	1	all	12	0.8333333333333334	0.887490955639159	0.061957176045541684	0.7660097821338324	0.8945243403937961	0.9835741488486651
fit-rw_positive_bias-run1-prior1	rw_positive_bias	run1	1.0	none	False	sub-149	dissimilar	1	offer_1_to_3	4	0.5	0.6653144896799498	0.18579041158994364	0.30007623436074693	0.6877246396751564	0.9513571454936233
fit-rw_positive_bias-run1-prior1	rw_positive_bias	run1	1.0	none	False	sub-149	dissimilar	2	all	32	0.84375	0.7974253317395776	0.05340559345722014	0.6999993122249659	0.7915239911903106	0.9194082397019245
fit-rw_positive_bias-run1-prior1	rw_positive_bias	run1	1.0	none	False	sub-149	dissimilar	2	offer_1	5	0.0	0.09010862014923504	0.1683531742498608	4.754472312803195e-18	0.004985733050721402	0.6227617181023603
fit-rw_positive_bias-run1-prior1	rw_positive_bias	run1	1.0	none	False	sub-149	dissimilar	2	offer_1_to_3	12	0.5833333333333334	0.46437033856599813	0.1415530703827172	0.22136559854992488	0.44662450120420416	0.7937317285131358
fit-rw_positive_bias-run1-prior1	rw_positive_bias	run1	1.0	none	False	sub-150	computer	1	all	16	0.75	0.7407878923565013	0.05519392592597623	0.6311653487448132	0.7415986113058769	0.8459764564456297
fit-rw_positive_bias-run1-prior1	rw_positive_bias	run1	1.0	none	False	sub-150	computer	1	offer_1	1	0.0	0.0413256097025315	0.06552991323870051	1.1253430880525028e-05	0.014950370609544895	0.23588651402573518
fit-rw_positive_bias-run1-prior1	rw_positive_bias	run1	1.0	none	False	sub-150	computer	1	offer_1_to_3	5	0.2	0.28897480797889463	0.1324451240110135	0.06233941413550119	0.2797373954800003	0.5691418033659813
fit-rw_positive_bias-run1-prior1	rw_positive_bias	run1	1.0	none	False	sub-150	computer	2	all	32	0.8125	0.6987983463686714	0.04280210199654013	0.6215547455344085	0.6960738827196757	0.7935875933762951
fit-rw_positive_bias-run1-prior1	rw_positive_bias	run1	1.0	none	False	sub-150	computer	2	offer_1	6	0.0	0.05297993308430629	0.08138474718077882	1.793493642509629e-05	0.02042691644233155	0.29136091871948305
fit-rw_positive_bias-run1-prior1	rw_positive_bias	run1	1.0	none	False	sub-150	computer	2	offer_1_to_3	11	0.45454545454545453	0.19176697957882918	0.10569965383302304	0.039328546267804465	0.17485367003218502	0.45294677176923426
fit-rw_positive_bias-run1-prior1	rw_positive_bias	run1	1.0	none	False	sub-150	similar	1	all	23	0.782608695652174	0.7881464575023693	0.04272096173118527	0.7007627493535245	0.789324924793651	0.8700601537197914
fit-rw_positive_bias-run1-prior1	rw_positive_bias	run1	1.0	none	False	sub-150	similar	1	offer_1	2	0.0	0.09881390444196654	0.09861940392662324	0.003174271603253411	0.06664827285060032	0.3723237494438063
fit-rw_positive_bias-run1-prior1	rw_positive_bias	run1	1.0	none	False	sub-150	similar	1	offer_1_to_3	5	0.2	0.2418094307466758	0.12068286436472553	0.061993689617584814	0.2223248326034613	0.525263030600595
fit-rw_positive_bias-run1-prior1	rw_positive_bias	run1	1.0	none	False	sub-150	similar	2	all	24	0.9166666666666666	0.7017312010863469	0.08089971350359446	0.5502462753815227	0.6999176771585132	0.8648869612351251
fit-rw_positive_bias-run1-prior1	rw_positive_bias	run1	1.0	none	False	sub-150	similar	2	offer_1	2	0.5	0.11798431608317356	0.12021835176224688	0.0025696497148235257	0.07791640157038546	0.44829687296126786
fit-rw_positive_bias-run1-prior1	rw_positive_bias	run1	1.0	none	False	sub-150	similar	2	offer_1_to_3	10	0.8	0.37552239210893074	0.15645151050974193	0.10091428310509676	0.3655608150090949	0.7052052410316914
fit-rw_positive_bias-run1-prior1	rw_positive_bias	run1	1.0	none	False	sub-150	dissimilar	1	all	32	0.65625	0.6619988009353074	0.0335890637806011	0.6026635829209004	0.6594717122327602	0.733430368727546
fit-rw_positive_bias-run1-prior1	rw_positive_bias	run1	1.0	none	False	sub-150	dissimilar	1	offer_1	4	0.0	0.012123013237146603	0.024909697878485362	7.36040552956475e-08	0.002438118783490005	0.08410824870735346
fit-rw_positive_bias-run1-prior1	rw_positive_bias	run1	1.0	none	False	sub-150	dissimilar	1	offer_1_to_3	12	0.08333333333333333	0.14145067621631627	0.07909315687267959	0.020583618199840132	0.13168791444771288	0.32054138872964344
fit-rw_positive_bias-run1-prior1	rw_positive_bias	run1	1.0	none	False	sub-150	dissimilar	2	all	16	0.8125	0.6688095908491467	0.03827839636336565	0.6045169390889874	0.6644855358610092	0.7503306015666121
fit-rw_positive_bias-run1-prior1	rw_positive_bias	run1	1.0	none	False	sub-150	dissimilar	2	offer_1	3	0.0	0.01511244929611735	0.031555631260438824	8.3066552341888e-08	0.0029043618152788846	0.10465254469372724
fit-rw_positive_bias-run1-prior1	rw_positive_bias	run1	1.0	none	False	sub-150	dissimilar	2	offer_1_to_3	6	0.5	0.15173483334252966	0.08909190671177299	0.021192195168004066	0.13827460290595323	0.34966510011422397
fit-rw_positive_bias-run1-prior1	rw_positive_bias	run1	1.0	none	False	sub-151	computer	1	all	16	0.5625	0.5424234678279685	0.045656420918696025	0.45651138544813585	0.5447754909063638	0.6376003824424372
fit-rw_positive_bias-run1-prior1	rw_positive_bias	run1	1.0	none	False	sub-151	computer	1	offer_1_to_3	5	0.0	0.016506756237687086	0.03370780549006	3.848699191682884e-09	0.0032770306385323075	0.11359361212406659
fit-rw_positive_bias-run1-prior1	rw_positive_bias	run1	1.0	none	False	sub-151	computer	2	all	32	0.5	0.5536398987708021	0.029506264707935295	0.4931185306677206	0.5559192362998306	0.6134493359151204
fit-rw_positive_bias-run1-prior1	rw_positive_bias	run1	1.0	none	False	sub-151	computer	2	offer_1	2	0.0	0.001210441569933247	0.00640535430002506	4.850743721051327e-19	7.3962794339592e-06	0.011040695370812106
fit-rw_positive_bias-run1-prior1	rw_positive_bias	run1	1.0	none	False	sub-151	computer	2	offer_1_to_3	12	0.0	0.013187550968871588	0.028005254113090076	3.37585534617885e-09	0.00250663956472184	0.09202392675410828
fit-rw_positive_bias-run1-prior1	rw_positive_bias	run1	1.0	none	False	sub-151	similar	1	all	24	0.5833333333333334	0.6028383347775202	0.029757815030411968	0.5441509134394849	0.6048302558145844	0.6600080704946439
fit-rw_positive_bias-run1-prior1	rw_positive_bias	run1	1.0	none	False	sub-151	similar	1	offer_1_to_3	5	0.0	0.0038278969214716177	0.013005908804987972	3.9134560850101355e-15	8.284542008082493e-05	0.03485118954120599
fit-rw_positive_bias-run1-prior1	rw_positive_bias	run1	1.0	none	False	sub-151	similar	2	all	24	0.375	0.3562598451754262	0.03229245525669313	0.31906499754018086	0.34428049963426544	0.4398248706458441
fit-rw_positive_bias-run1-prior1	rw_positive_bias	run1	1.0	none	False	sub-151	similar	2	offer_1	3	0.0	0.00036986488518326216	0.0024814738248664413	2.2994447660030468e-24	1.6799851819387498e-07	0.003105569846385553
fit-rw_positive_bias-run1-prior1	rw_positive_bias	run1	1.0	none	False	sub-151	similar	2	offer_1_to_3	10	0.0	0.002288933946254756	0.008468410089411538	2.6901172196856375e-15	4.471140153650035e-05	0.02097524152973856
fit-rw_positive_bias-run1-prior1	rw_positive_bias	run1	1.0	none	False	sub-151	dissimilar	1	all	32	0.5	0.4989769335973157	0.026213252538130862	0.4544651288986451	0.49627338350055	0.5553658433785627
fit-rw_positive_bias-run1-prior1	rw_positive_bias	run1	1.0	none	False	sub-151	dissimilar	1	offer_1	4	0.0	0.0002397297696246281	0.00187828159904928	9.038493773105837e-21	3.594251909446128e-07	0.0019185410481208087
fit-rw_positive_bias-run1-prior1	rw_positive_bias	run1	1.0	none	False	sub-151	dissimilar	1	offer_1_to_3	10	0.0	0.002059999408319217	0.0064389648953362705	1.8041936067004473e-11	0.00013425725003930245	0.017383950361530114
fit-rw_positive_bias-run1-prior1	rw_positive_bias	run1	1.0	none	False	sub-151	dissimilar	2	all	16	0.5625	0.5517315175203827	0.015261535439870714	0.5096486887949141	0.5573623180282821	0.5654962098760885
fit-rw_positive_bias-run1-prior1	rw_positive_bias	run1	1.0	none	False	sub-151	dissimilar	2	offer_1_to_3	7	0.0	0.00434430333148135	0.012652879521675401	3.740996371862821e-11	0.0003013195228126552	0.0371507148321179
fit-rw_positive_bias-run1-prior1	rw_positive_bias	run1	1.0	none	False	sub-152	computer	1	all	31	1.0	0.9923954238772233	0.009668863387628027	0.9653038726906358	0.995877141583035	0.9999743835003981
fit-rw_positive_bias-run1-prior1	rw_positive_bias	run1	1.0	none	False	sub-152	computer	1	offer_1	1	1.0	0.9451530739107518	0.0775947347093999	0.7297878816982583	0.9715135341139645	0.9996108367494074
fit-rw_positive_bias-run1-prior1	rw_positive_bias	run1	1.0	none	False	sub-152	computer	1	offer_1_to_3	9	1.0	0.9802906826649876	0.0247440733844735	0.9132455896537304	0.9889189747924315	0.9999155932624813
fit-rw_positive_bias-run1-prior1	rw_positive_bias	run1	1.0	none	False	sub-152	computer	2	all	14	0.9285714285714286	0.9765296020578229	0.033506217168093225	0.860245050680184	0.989737455849443	0.9998455881338552
fit-rw_positive_bias-run1-prior1	rw_positive_bias	run1	1.0	none	False	sub-152	computer	2	offer_1	2	1.0	0.8591687693556375	0.22798847912508338	0.039646941723307086	0.9518946724954624	0.9991859192131017
fit-rw_positive_bias-run1-prior1	rw_positive_bias	run1	1.0	none	False	sub-152	computer	2	offer_1_to_3	4	0.75	0.9237392601579411	0.11669890342601554	0.5117322921236841	0.9704637476148117	0.99951845982238
fit-rw_positive_bias-run1-prior1	rw_positive_bias	run1	1.0	none	False	sub-152	similar	1	all	21	1.0	0.9884974673714824	0.013733665640211183	0.9495886906089039	0.99329018207839	0.99994572132674
fit-rw_positive_bias-run1-prior1	rw_positive_bias	run1	1.0	none	False	sub-152	similar	1	offer_1	3	1.0	0.9431544243751249	0.07401791352169078	0.7286597259291032	0.9696865267656372	0.9996902290883684
fit-rw_positive_bias-run1-prior1	rw_positive_bias	run1	1.0	none	False	sub-152	similar	1	offer_1_to_3	6	1.0	0.96659602302356	0.04154338966233231	0.8477286278200816	0.9813428404290909	0.9998296927173265
fit-rw_positive_bias-run1-prior1	rw_positive_bias	run1	1.0	none	False	sub-152	similar	2	all	21	1.0	0.9894027432221316	0.01494915561715758	0.9480654151858054	0.9949792190701834	0.9999511532496643
fit-rw_positive_bias-run1-prior1	rw_positive_bias	run1	1.0	none	False	sub-152	similar	2	offer_1	1	1.0	0.8525649533064873	0.233351839554702	0.028787806995409292	0.9477987521931628	0.9993336765465493
fit-rw_positive_bias-run1-prior1	rw_positive_bias	run1	1.0	none	False	sub-152	similar	2	offer_1_to_3	3	1.0	0.9364997178482178	0.10065460496131773	0.6492420330341572	0.9742560999816761	0.9997007542458006
fit-rw_positive_bias-run1-prior1	rw_positive_bias	run1	1.0	none	False	sub-152	dissimilar	1	all	16	1.0	0.9919919105939736	0.010627504422289333	0.962400044680733	0.9957980696491686	0.999983678939645
fit-rw_positive_bias-run1-prior1	rw_positive_bias	run1	1.0	none	False	sub-152	dissimilar	1	offer_1	1	1.0	0.9323151173909731	0.10138180644869733	0.6319962413408925	0.9687479668587127	0.999788561097691
fit-rw_positive_bias-run1-prior1	rw_positive_bias	run1	1.0	none	False	sub-152	dissimilar	1	offer_1_to_3	5	1.0	0.9785644079029859	0.028781110091024038	0.8981022057650604	0.9886663484590695	0.9999499067983184
fit-rw_positive_bias-run1-prior1	rw_positive_bias	run1	1.0	none	False	sub-152	dissimilar	2	all	25	1.0	0.9870413855591746	0.01798569425599194	0.93979252903071	0.9937111277760147	0.9999565440343545
fit-rw_positive_bias-run1-prior1	rw_positive_bias	run1	1.0	none	False	sub-152	dissimilar	2	offer_1	1	1.0	0.823585944011886	0.26489511438618696	0.005026266396589893	0.9413709255340245	0.9994032735706861
fit-rw_positive_bias-run1-prior1	rw_positive_bias	run1	1.0	none	False	sub-152	dissimilar	2	offer_1_to_3	8	1.0	0.9634802402528427	0.053973920921795426	0.8211875666322532	0.9833771975661638	0.999869651485642
fit-rw_positive_bias-run1-prior1	rw_positive_bias	run1	1.0	none	False	sub-153	computer	1	all	15	0.6	0.6463584874014412	0.06373461445176613	0.5397432686886561	0.6436857890842721	0.7791039725219964
fit-rw_positive_bias-run1-prior1	rw_positive_bias	run1	1.0	none	False	sub-153	computer	1	offer_1_to_3	4	0.0	0.06145680505693776	0.0938611655927804	1.1926690831618843e-06	0.019190288226863812	0.3437005418116747
fit-rw_positive_bias-run1-prior1	rw_positive_bias	run1	1.0	none	False	sub-153	computer	2	all	32	0.59375	0.5978410454157004	0.03735832924752168	0.5517169934950973	0.5882110785203136	0.6968015312729011
fit-rw_positive_bias-run1-prior1	rw_positive_bias	run1	1.0	none	False	sub-153	computer	2	offer_1	3	0.0	0.004796079115184714	0.019980942271677966	1.6794833905296846e-17	2.9125798421042676e-05	0.046889477963643185
fit-rw_positive_bias-run1-prior1	rw_positive_bias	run1	1.0	none	False	sub-153	computer	2	offer_1_to_3	13	0.0	0.05603735152626249	0.0808436411255441	1.209817411658731e-06	0.01994015271481131	0.286681646500822
fit-rw_positive_bias-run1-prior1	rw_positive_bias	run1	1.0	none	False	sub-153	similar	1	all	24	0.8333333333333334	0.8259307047255972	0.020839143569486088	0.7699540510872791	0.8314196327439727	0.8614303967881227
fit-rw_positive_bias-run1-prior1	rw_positive_bias	run1	1.0	none	False	sub-153	similar	1	offer_1	2	0.0	0.009673365275602771	0.030994286371168883	8.642731672134132e-16	0.0002571449264817704	0.08677406640091008
fit-rw_positive_bias-run1-prior1	rw_positive_bias	run1	1.0	none	False	sub-153	similar	1	offer_1_to_3	4	0.0	0.038136286489462004	0.06544834524644559	2.068235274677228e-09	0.009281317626539946	0.23317309594453145
fit-rw_positive_bias-run1-prior1	rw_positive_bias	run1	1.0	none	False	sub-153	similar	2	all	24	0.5833333333333334	0.6040683194248888	0.05186708343034897	0.5226471362696087	0.6025932599825295	0.7096026492650457
fit-rw_positive_bias-run1-prior1	rw_positive_bias	run1	1.0	none	False	sub-153	similar	2	offer_1	6	0.0	0.014205255843882509	0.0437845015369004	3.0271224937040516e-16	0.0003558389621394452	0.13787225814871876
fit-rw_positive_bias-run1-prior1	rw_positive_bias	run1	1.0	none	False	sub-153	similar	2	offer_1_to_3	11	0.09090909090909091	0.15093868446949882	0.10572061289307699	0.00037663989448987183	0.14633013964656455	0.3747105523761861
fit-rw_positive_bias-run1-prior1	rw_positive_bias	run1	1.0	none	False	sub-153	dissimilar	1	all	32	0.78125	0.7671429044000418	0.030173942829439356	0.7044847612355284	0.7690025525242011	0.8193746701108112
fit-rw_positive_bias-run1-prior1	rw_positive_bias	run1	1.0	none	False	sub-153	dissimilar	1	offer_1	4	0.0	0.013180362487972743	0.03221521935563696	3.0125222899402235e-11	0.0012012577540248767	0.11086943434770466
fit-rw_positive_bias-run1-prior1	rw_positive_bias	run1	1.0	none	False	sub-153	dissimilar	1	offer_1_to_3	10	0.3	0.27566260975282186	0.0849826155923555	0.10799342963224402	0.2780041235226144	0.4352253469482
fit-rw_positive_bias-run1-prior1	rw_positive_bias	run1	1.0	none	False	sub-153	dissimilar	2	all	16	0.5625	0.8120152533443257	0.0566995617183898	0.67932131792417	0.8188381553112789	0.9092825345053377
fit-rw_positive_bias-run1-prior1	rw_positive_bias	run1	1.0	none	False	sub-153	dissimilar	2	offer_1_to_3	4	0.0	0.3040141660284498	0.17308181823607638	0.00262963084398984	0.30961279128725516	0.6561057549372217
fit-rw_positive_bias-run1-prior1	rw_positive_bias	run1	1.0	none	False	sub-154	computer	1	all	31	0.3548387096774194	0.33122315173236105	0.04800016755099128	0.23582450579674216	0.3320979790102906	0.424638441703066
fit-rw_positive_bias-run1-prior1	rw_positive_bias	run1	1.0	none	False	sub-154	computer	1	offer_1	4	0.0	0.005474178642558975	0.010584762492375692	3.847190067987846e-06	0.0015607537223711744	0.035464598247580324
fit-rw_positive_bias-run1-prior1	rw_positive_bias	run1	1.0	none	False	sub-154	computer	1	offer_1_to_3	10	0.0	0.009858517769119352	0.015524783704605622	3.198252899910245e-05	0.003993230530214862	0.05525830890250411
fit-rw_positive_bias-run1-prior1	rw_positive_bias	run1	1.0	none	False	sub-154	computer	2	all	16	0.1875	0.3174501448830869	0.05820797812589572	0.21097086787873343	0.31510439036900606	0.4369859245697434
fit-rw_positive_bias-run1-prior1	rw_positive_bias	run1	1.0	none	False	sub-154	computer	2	offer_1	3	0.0	0.006685980033765441	0.012763758134341606	4.927047280792698e-06	0.0019485640089948208	0.042729404042356936
fit-rw_positive_bias-run1-prior1	rw_positive_bias	run1	1.0	none	False	sub-154	computer	2	offer_1_to_3	6	0.0	0.015079733739863016	0.021490768112956655	8.989503500521245e-05	0.007102537139071912	0.07602648515546487
fit-rw_positive_bias-run1-prior1	rw_positive_bias	run1	1.0	none	False	sub-154	similar	1	all	23	0.17391304347826086	0.21638995176447523	0.06192294319403864	0.1051509392482353	0.21270399216332547	0.34709454451446436
fit-rw_positive_bias-run1-prior1	rw_positive_bias	run1	1.0	none	False	sub-154	similar	1	offer_1	2	0.0	0.024062073033013994	0.028155936247564226	0.0004810797690732053	0.014363832110234299	0.10172615048701067
fit-rw_positive_bias-run1-prior1	rw_positive_bias	run1	1.0	none	False	sub-154	similar	1	offer_1_to_3	10	0.1	0.042983195724008535	0.03893557804081645	0.002324439068417016	0.03158118423880822	0.14691292028428687
fit-rw_positive_bias-run1-prior1	rw_positive_bias	run1	1.0	none	False	sub-154	similar	2	all	20	0.25	0.375308917157665	0.09088509438449284	0.19642534263178082	0.37588292024408837	0.5517926810507104
fit-rw_positive_bias-run1-prior1	rw_positive_bias	run1	1.0	none	False	sub-154	similar	2	offer_1	3	0.0	0.027040753334493982	0.03110151056597775	0.0005425323507205624	0.016402607179689877	0.11376146121384531
fit-rw_positive_bias-run1-prior1	rw_positive_bias	run1	1.0	none	False	sub-154	similar	2	offer_1_to_3	5	0.0	0.03810048280919116	0.03735527325863017	0.001642869418690408	0.02646402750370945	0.13995040858563804
fit-rw_positive_bias-run1-prior1	rw_positive_bias	run1	1.0	none	False	sub-154	dissimilar	1	all	16	0.25	0.26642847097190997	0.0507579614272555	0.16929905302739084	0.2606287776721382	0.37789301168088274
fit-rw_positive_bias-run1-prior1	rw_positive_bias	run1	1.0	none	False	sub-154	dissimilar	1	offer_1	1	0.0	0.0019978393633886204	0.00709079366696606	4.996869539678268e-17	1.9623419484714575e-05	0.020357334493402966
fit-rw_positive_bias-run1-prior1	rw_positive_bias	run1	1.0	none	False	sub-154	dissimilar	1	offer_1_to_3	5	0.0	0.004226954370512033	0.011835106258632088	4.0022982085490415e-13	0.00015028256467337456	0.03855510261101764
fit-rw_positive_bias-run1-prior1	rw_positive_bias	run1	1.0	none	False	sub-154	dissimilar	2	all	32	0.1875	0.2902861002416375	0.09171770890510282	0.12019294351125313	0.28853977037482836	0.47798800900314614
fit-rw_positive_bias-run1-prior1	rw_positive_bias	run1	1.0	none	False	sub-154	dissimilar	2	offer_1	5	0.0	0.0028402404897877103	0.009241804702377957	5.175278328073698e-16	4.10278956928647e-05	0.0277499980235481
fit-rw_positive_bias-run1-prior1	rw_positive_bias	run1	1.0	none	False	sub-154	dissimilar	2	offer_1_to_3	11	0.0	0.005549447709425607	0.014298432746109372	4.764652356068215e-12	0.00030073847485479795	0.04813101021157263
fit-rw_positive_bias-run1-prior1	rw_positive_bias	run1	1.0	none	False	sub-155	computer	1	all	32	0.1875	0.1860523619391808	0.022017120874869046	0.13267591497727527	0.1874932008658886	0.23378321611058664
fit-rw_positive_bias-run1-prior1	rw_positive_bias	run1	1.0	none	False	sub-155	computer	1	offer_1	3	0.0	1.7419727102143884e-07	1.2003280464313698e-05	2.884734807662627e-184	7.683355029263656e-36	1.1285540391760842e-10
fit-rw_positive_bias-run1-prior1	rw_positive_bias	run1	1.0	none	False	sub-155	computer	1	offer_1_to_3	10	0.0	5.807232279721017e-07	3.0057729613931084e-05	1.557538095927626e-142	3.4371360209031915e-28	8.271264232070662e-09
fit-rw_positive_bias-run1-prior1	rw_positive_bias	run1	1.0	none	False	sub-155	computer	2	all	16	0.0625	0.08916815019515335	0.038714119800896125	0.05419155539851613	0.07048454530739066	0.18680086387329392
fit-rw_positive_bias-run1-prior1	rw_positive_bias	run1	1.0	none	False	sub-155	computer	2	offer_1	1	0.0	2.6372302636204883e-07	2.172137455045811e-05	1.4657361757960986e-181	3.3548963027275143e-35	1.9394695556378148e-10
fit-rw_positive_bias-run1-prior1	rw_positive_bias	run1	1.0	none	False	sub-155	computer	2	offer_1_to_3	4	0.0	1.0208600864974714e-06	5.921796607109406e-05	2.0921266033863728e-139	2.3368004975001352e-27	2.0905682851199946e-08
fit-rw_positive_bias-run1-prior1	rw_positive_bias	run1	1.0	none	False	sub-155	similar	1	all	24	0.041666666666666664	0.04302981072979755	0.01719094643670762	0.010138462159138367	0.041666666445358914	0.08893838891612103
fit-rw_positive_bias-run1-prior1	rw_positive_bias	run1	1.0	none	False	sub-155	similar	1	offer_1	3	0.0	7.724441963199624e-07	3.1512082685619296e-05	5.929261006349814e-201	3.338294275819687e-35	1.7737172035823491e-09
fit-rw_positive_bias-run1-prior1	rw_positive_bias	run1	1.0	none	False	sub-155	similar	1	offer_1_to_3	11	0.0	2.6124140982298325e-06	8.687718962372341e-05	1.4758237509025953e-151	2.3760838803841132e-27	9.030837083726738e-08
fit-rw_positive_bias-run1-prior1	rw_positive_bias	run1	1.0	none	False	sub-155	similar	2	all	24	0.041666666666666664	0.10562394863208605	0.0947162423682548	0.020412013614001884	0.058281268312315726	0.36681065653721057
fit-rw_positive_bias-run1-prior1	rw_positive_bias	run1	1.0	none	False	sub-155	similar	2	offer_1	2	0.0	1.1414444704170546e-06	4.789915357516472e-05	3.270553050079025e-190	8.044205683043466e-34	4.156421597469339e-09
fit-rw_positive_bias-run1-prior1	rw_positive_bias	run1	1.0	none	False	sub-155	similar	2	offer_1_to_3	6	0.0	1.8976552166764225e-06	7.258693969323625e-05	5.005152698723846e-171	1.5817452191687015e-30	2.1929758125817914e-08
fit-rw_positive_bias-run1-prior1	rw_positive_bias	run1	1.0	none	False	sub-155	dissimilar	1	all	16	0.0	0.006968593277100646	0.017357419709499743	1.522094096940959e-29	9.882681154283678e-05	0.0619987284589923
fit-rw_positive_bias-run1-prior1	rw_positive_bias	run1	1.0	none	False	sub-155	dissimilar	1	offer_1	1	0.0	2.964972006962406e-07	2.9064051259702556e-05	3.435686024182425e-244	4.885737590072332e-42	1.5626183161331804e-10
fit-rw_positive_bias-run1-prior1	rw_positive_bias	run1	1.0	none	False	sub-155	dissimilar	1	offer_1_to_3	5	0.0	1.311917300845239e-06	9.880450650711531e-05	6.23201741105368e-189	1.1131803839194434e-32	1.99912701547358e-08
fit-rw_positive_bias-run1-prior1	rw_positive_bias	run1	1.0	none	False	sub-155	dissimilar	2	all	32	0.03125	0.02869001908048123	0.02687070766965543	1.37044197156931e-10	0.03085032437444292	0.09460936861586458
fit-rw_positive_bias-run1-prior1	rw_positive_bias	run1	1.0	none	False	sub-155	dissimilar	2	offer_1	7	0.0	4.891518516975936e-07	3.875359010296182e-05	7.8685804569801e-230	2.243367688123577e-39	5.885702048573077e-10
fit-rw_positive_bias-run1-prior1	rw_positive_bias	run1	1.0	none	False	sub-155	dissimilar	2	offer_1_to_3	11	0.0	1.2761312762681119e-06	8.061335188090691e-05	1.0436270863723987e-177	8.816297680870335e-31	3.140207497890383e-08
fit-rw_positive_bias-run1-prior1	rw_positive_bias	run1	1.0	none	False	sub-156	computer	1	all	16	1.0	0.9893480801373989	0.012891205228519075	0.9539551780034442	0.993806350430428	0.9999219321922794
fit-rw_positive_bias-run1-prior1	rw_positive_bias	run1	1.0	none	False	sub-156	computer	1	offer_1	2	1.0	0.9475385071987161	0.0698516359019328	0.7505102279793495	0.9715257647922158	0.9995206098475825
fit-rw_positive_bias-run1-prior1	rw_positive_bias	run1	1.0	none	False	sub-156	computer	1	offer_1_to_3	4	1.0	0.9663216986568645	0.04265956992078192	0.8458671969579862	0.9809884888670242	0.9997234264522862
fit-rw_positive_bias-run1-prior1	rw_positive_bias	run1	1.0	none	False	sub-156	computer	2	all	32	1.0	0.9898994762524159	0.012548360122759505	0.9546123469846671	0.9942579339424826	0.9999215361403369
fit-rw_positive_bias-run1-prior1	rw_positive_bias	run1	1.0	none	False	sub-156	computer	2	offer_1	3	1.0	0.9327032331135051	0.10124171421596345	0.6533915215503908	0.9668111501208826	0.9994156230204901
fit-rw_positive_bias-run1-prior1	rw_positive_bias	run1	1.0	none	False	sub-156	computer	2	offer_1_to_3	7	1.0	0.9646285109549626	0.04794646386568694	0.8329558552919161	0.9810080595138091	0.9996924985759161
fit-rw_positive_bias-run1-prior1	rw_positive_bias	run1	1.0	none	False	sub-156	similar	1	all	24	1.0	0.9925818228109571	0.0095041269614133	0.9660965407397598	0.9959286026129466	0.9999737919442278
fit-rw_positive_bias-run1-prior1	rw_positive_bias	run1	1.0	none	False	sub-156	similar	1	offer_1	1	1.0	0.9352724545604651	0.095435468715501	0.6567058696064109	0.9685037015285903	0.9996435699718388
fit-rw_positive_bias-run1-prior1	rw_positive_bias	run1	1.0	none	False	sub-156	similar	1	offer_1_to_3	7	1.0	0.9788434055813064	0.027063897637175975	0.9041063018148184	0.9881458134003114	0.9999123163363439
fit-rw_positive_bias-run1-prior1	rw_positive_bias	run1	1.0	none	False	sub-156	similar	2	all	24	1.0	0.9797898807457147	0.027132677584228417	0.9011799186409395	0.989163329011112	0.9998795027136492
fit-rw_positive_bias-run1-prior1	rw_positive_bias	run1	1.0	none	False	sub-156	similar	2	offer_1	6	1.0	0.9344395002236896	0.09850138265551078	0.6486364314695626	0.9684776986915289	0.9996030269251824
fit-rw_positive_bias-run1-prior1	rw_positive_bias	run1	1.0	none	False	sub-156	similar	2	offer_1_to_3	12	1.0	0.9615253934139812	0.05333392828801471	0.8050186657141649	0.9799403904718169	0.999772552721967
fit-rw_positive_bias-run1-prior1	rw_positive_bias	run1	1.0	none	False	sub-156	dissimilar	1	all	32	1.0	0.9904497774536662	0.011287010181977556	0.9588641240773143	0.9943496629696937	0.999958309017522
fit-rw_positive_bias-run1-prior1	rw_positive_bias	run1	1.0	none	False	sub-156	dissimilar	1	offer_1	3	1.0	0.9432857008236503	0.07407255051785257	0.7285514100891045	0.9693345503091328	0.999667007204366
fit-rw_positive_bias-run1-prior1	rw_positive_bias	run1	1.0	none	False	sub-156	dissimilar	1	offer_1_to_3	12	1.0	0.9772214578659468	0.0270743330908934	0.9009011903946943	0.9866602091046366	0.9998924904541703
fit-rw_positive_bias-run1-prior1	rw_positive_bias	run1	1.0	none	False	sub-156	dissimilar	2	all	16	1.0	0.9832166847105294	0.022774718158821802	0.9145646481584525	0.9911970058786046	0.9999126895380139
fit-rw_positive_bias-run1-prior1	rw_positive_bias	run1	1.0	none	False	sub-156	dissimilar	2	offer_1	2	1.0	0.9073679092558177	0.1463656339563651	0.4447370196147607	0.959726447877485	0.9995095501976937
fit-rw_positive_bias-run1-prior1	rw_positive_bias	run1	1.0	none	False	sub-156	dissimilar	2	offer_1_to_3	7	1.0	0.9634254901901399	0.05126083159469766	0.8064412395824164	0.981483065326811	0.9998075926571923
fit-rw_positive_bias-run1-prior1	rw_positive_bias	run1	1.0	none	False	sub-157	computer	1	all	16	0.875	0.8287081417068091	0.04742856027873809	0.7369058591082088	0.8269558955180879	0.925407688496722
fit-rw_positive_bias-run1-prior1	rw_positive_bias	run1	1.0	none	False	sub-157	computer	1	offer_1	3	0.3333333333333333	0.26912065987650885	0.1764370911522998	0.02530342346261897	0.23728753990528673	0.6774921526969346
fit-rw_positive_bias-run1-prior1	rw_positive_bias	run1	1.0	none	False	sub-157	computer	1	offer_1_to_3	7	0.7142857142857143	0.6144369350792515	0.10578575766498408	0.41501195637402033	0.6089776924698775	0.8333820927616554
fit-rw_positive_bias-run1-prior1	rw_positive_bias	run1	1.0	none	False	sub-157	computer	2	all	32	0.75	0.8479612464564634	0.061178091516878565	0.7106355924798012	0.8559920440162914	0.9471394684523918
fit-rw_positive_bias-run1-prior1	rw_positive_bias	run1	1.0	none	False	sub-157	computer	2	offer_1	3	0.0	0.19558620401680823	0.1813834070860051	0.0009719442899030219	0.14389813845615157	0.6462552973781172
fit-rw_positive_bias-run1-prior1	rw_positive_bias	run1	1.0	none	False	sub-157	computer	2	offer_1_to_3	9	0.2222222222222222	0.494741828054559	0.19128957128407284	0.0963287313470442	0.5156550276355468	0.8214790437619697
fit-rw_positive_bias-run1-prior1	rw_positive_bias	run1	1.0	none	False	sub-157	similar	1	all	24	0.875	0.8889406519795409	0.035464724624026736	0.8176917616213782	0.8888142466179381	0.9566557685479972
fit-rw_positive_bias-run1-prior1	rw_positive_bias	run1	1.0	none	False	sub-157	similar	1	offer_1_to_3	5	0.4	0.5056442797679803	0.1570436138973957	0.20780459764754755	0.5001177633390963	0.8127901309622874
fit-rw_positive_bias-run1-prior1	rw_positive_bias	run1	1.0	none	False	sub-157	similar	2	all	23	0.6521739130434783	0.772425520363815	0.06888206166154315	0.6206487882678757	0.7778753605549658	0.895765990015091
fit-rw_positive_bias-run1-prior1	rw_positive_bias	run1	1.0	none	False	sub-157	similar	2	offer_1	2	0.0	0.07918568909957638	0.11910490544019509	8.182107323669766e-05	0.02829349325110948	0.442063377512586
fit-rw_positive_bias-run1-prior1	rw_positive_bias	run1	1.0	none	False	sub-157	similar	2	offer_1_to_3	9	0.1111111111111111	0.44432252806409467	0.16047736945216196	0.10838100860423541	0.4506197380766918	0.7470679920773277
fit-rw_positive_bias-run1-prior1	rw_positive_bias	run1	1.0	none	False	sub-157	dissimilar	1	all	31	0.8064516129032258	0.8166335698968353	0.026910222474190858	0.7614346895020527	0.8146808968439738	0.8727748978249042
fit-rw_positive_bias-run1-prior1	rw_positive_bias	run1	1.0	none	False	sub-157	dissimilar	1	offer_1	3	0.0	0.033979795873524996	0.06139183007832972	7.923475612292253e-08	0.007165650470062256	0.22433924759561283
fit-rw_positive_bias-run1-prior1	rw_positive_bias	run1	1.0	none	False	sub-157	dissimilar	1	offer_1_to_3	9	0.3333333333333333	0.3781497045482418	0.09005459558135723	0.2036566298734471	0.3686198134687916	0.5714982778730197
fit-rw_positive_bias-run1-prior1	rw_positive_bias	run1	1.0	none	False	sub-157	dissimilar	2	all	16	0.75	0.809569128437653	0.04522079281637701	0.6940466065143195	0.8127631936781994	0.8887090782595668
fit-rw_positive_bias-run1-prior1	rw_positive_bias	run1	1.0	none	False	sub-157	dissimilar	2	offer_1	1	0.0	0.02407576588039395	0.055773344865280704	4.501000718645926e-11	0.0019791831298166954	0.1978415866453507
fit-rw_positive_bias-run1-prior1	rw_positive_bias	run1	1.0	none	False	sub-157	dissimilar	2	offer_1_to_3	4	0.25	0.27850192915925587	0.13628788424498617	0.014402222362348336	0.2647827810154818	0.5748672311097116
fit-rw_positive_bias-run1-prior1	rw_positive_bias	run1	1.0	none	False	sub-158	computer	1	all	16	0.3125	0.3259022406639649	0.05085675527365148	0.21446780556310785	0.3305817370606857	0.41399982737281726
fit-rw_positive_bias-run1-prior1	rw_positive_bias	run1	1.0	none	False	sub-158	computer	1	offer_1	4	0.0	0.00048322416952890045	0.003447966972878836	1.5801937551967394e-17	8.796820157830611e-07	0.004187243104201954
fit-rw_positive_bias-run1-prior1	rw_positive_bias	run1	1.0	none	False	sub-158	computer	1	offer_1_to_3	6	0.0	0.0009992746952344387	0.005021423068504309	2.339223107854369e-13	1.2753337040016493e-05	0.009232854161357103
fit-rw_positive_bias-run1-prior1	rw_positive_bias	run1	1.0	none	False	sub-158	computer	2	all	32	0.46875	0.39650828491558215	0.037986445739676925	0.3081653792823169	0.4033878085632351	0.45420442004502903
fit-rw_positive_bias-run1-prior1	rw_positive_bias	run1	1.0	none	False	sub-158	computer	2	offer_1	5	0.0	0.0006854554572129417	0.004412709437475292	8.703021049815295e-17	1.7336093520433635e-06	0.006315356428708982
fit-rw_positive_bias-run1-prior1	rw_positive_bias	run1	1.0	none	False	sub-158	computer	2	offer_1_to_3	11	0.09090909090909091	0.0016502152589618166	0.007652367795579524	7.497656884800099e-13	2.1552155684605174e-05	0.015802249678207862
fit-rw_positive_bias-run1-prior1	rw_positive_bias	run1	1.0	none	False	sub-158	similar	1	all	24	0.4583333333333333	0.4452863507969432	0.04435678592162677	0.35582011532635394	0.4454711396793498	0.5292932059691173
fit-rw_positive_bias-run1-prior1	rw_positive_bias	run1	1.0	none	False	sub-158	similar	1	offer_1	2	0.0	0.0008008539803989227	0.003980655615713129	5.4373508214829227e-11	1.3436514662539089e-05	0.007271495804018393
fit-rw_positive_bias-run1-prior1	rw_positive_bias	run1	1.0	none	False	sub-158	similar	1	offer_1_to_3	7	0.0	0.0015311808508683446	0.006213559786127561	1.5279350798106164e-09	5.9141065163138715e-05	0.013742494571599243
fit-rw_positive_bias-run1-prior1	rw_positive_bias	run1	1.0	none	False	sub-158	similar	2	all	24	0.3333333333333333	0.3209883039683899	0.050413770143353805	0.23702772713579814	0.3148517967842861	0.4468027657372616
fit-rw_positive_bias-run1-prior1	rw_positive_bias	run1	1.0	none	False	sub-158	similar	2	offer_1	3	0.0	0.0013179084093919036	0.0060699620708896986	1.0550197927729524e-10	2.54248435783157e-05	0.011997668731248544
fit-rw_positive_bias-run1-prior1	rw_positive_bias	run1	1.0	none	False	sub-158	similar	2	offer_1_to_3	10	0.0	0.004449887255032683	0.014653758759736204	5.031400134006341e-08	0.0003257614737646439	0.03937462730634855
fit-rw_positive_bias-run1-prior1	rw_positive_bias	run1	1.0	none	False	sub-158	dissimilar	1	all	31	0.3225806451612903	0.3316348620046118	0.03850123561251964	0.2545283073744879	0.3319958792600688	0.4063966783003795
fit-rw_positive_bias-run1-prior1	rw_positive_bias	run1	1.0	none	False	sub-158	dissimilar	1	offer_1	1	0.0	0.00017183368824786195	0.0012326944213165295	3.2833433753184592e-15	2.959118003279928e-07	0.001297606400727267
fit-rw_positive_bias-run1-prior1	rw_positive_bias	run1	1.0	none	False	sub-158	dissimilar	1	offer_1_to_3	8	0.0	0.000684799795789489	0.0031676513400401853	2.6811230988344074e-11	1.2098310040459321e-05	0.006045921644719187
fit-rw_positive_bias-run1-prior1	rw_positive_bias	run1	1.0	none	False	sub-158	dissimilar	2	all	16	0.4375	0.40923222213484406	0.044376771487851636	0.3318389764385491	0.4046123435572469	0.5103787252275053
fit-rw_positive_bias-run1-prior1	rw_positive_bias	run1	1.0	none	False	sub-158	dissimilar	2	offer_1	5	0.0	0.00028698241294866015	0.0019273270086220047	1.5093199453449886e-14	7.059635044999231e-07	0.0022082500039043527
fit-rw_positive_bias-run1-prior1	rw_positive_bias	run1	1.0	none	False	sub-158	dissimilar	2	offer_1_to_3	6	0.0	0.0006483118832072638	0.0031117147515660627	6.403530494590808e-11	1.3563526497982702e-05	0.005449234839605837
fit-rw_positive_bias-run1-prior1	rw_positive_bias	run1	1.0	none	False	sub-159	computer	1	all	16	0.375	0.34641224535339066	0.05318717742674823	0.2329504614836284	0.35031109490189527	0.4425479598339268
fit-rw_positive_bias-run1-prior1	rw_positive_bias	run1	1.0	none	False	sub-159	computer	1	offer_1	1	0.0	0.0004682284202843941	0.003402004273215573	3.0545997754887114e-18	1.6795539342420244e-06	0.004187658082159753
fit-rw_positive_bias-run1-prior1	rw_positive_bias	run1	1.0	none	False	sub-159	computer	1	offer_1_to_3	4	0.0	0.001694001430573795	0.006924591540166617	3.234861239227899e-13	5.202248856902406e-05	0.01565571850552434
fit-rw_positive_bias-run1-prior1	rw_positive_bias	run1	1.0	none	False	sub-159	computer	2	all	32	0.34375	0.34422887940481633	0.0517674392595682	0.23047114508745914	0.34988896827778915	0.4288330701364379
fit-rw_positive_bias-run1-prior1	rw_positive_bias	run1	1.0	none	False	sub-159	computer	2	offer_1	3	0.0	0.0005250251347619608	0.0037038355946156618	4.6003733040098235e-18	2.083279295501037e-06	0.004715177323143777
fit-rw_positive_bias-run1-prior1	rw_positive_bias	run1	1.0	none	False	sub-159	computer	2	offer_1_to_3	11	0.0	0.0018574094261327213	0.0074486854639338	5.258238655675502e-13	6.065654881356518e-05	0.017034203610621246
fit-rw_positive_bias-run1-prior1	rw_positive_bias	run1	1.0	none	False	sub-159	similar	1	all	24	0.20833333333333334	0.23822199637718924	0.05882319185614875	0.1312786255662281	0.23591391068481307	0.35984872421334285
fit-rw_positive_bias-run1-prior1	rw_positive_bias	run1	1.0	none	False	sub-159	similar	1	offer_1	1	0.0	0.0009083755577615169	0.003738980232822468	5.1534003393722976e-09	3.742294233458109e-05	0.008047147016351335
fit-rw_positive_bias-run1-prior1	rw_positive_bias	run1	1.0	none	False	sub-159	similar	1	offer_1_to_3	6	0.0	0.0031907431887358145	0.008367532592293291	7.738248284050155e-07	0.00048642865478324467	0.02469702879361442
fit-rw_positive_bias-run1-prior1	rw_positive_bias	run1	1.0	none	False	sub-159	similar	2	all	24	0.4583333333333333	0.20078589011101614	0.03577814311097945	0.12759026881023935	0.2014341219150876	0.27411168334322095
fit-rw_positive_bias-run1-prior1	rw_positive_bias	run1	1.0	none	False	sub-159	similar	2	offer_1	2	0.0	0.001053429652265602	0.00417120919180104	7.920382581405988e-09	4.8373149431716817e-05	0.009249956837851974
fit-rw_positive_bias-run1-prior1	rw_positive_bias	run1	1.0	none	False	sub-159	similar	2	offer_1_to_3	6	0.0	0.0026485192944721916	0.007344458799654146	5.806523398604872e-07	0.00036717100868771153	0.02081060405308695
fit-rw_positive_bias-run1-prior1	rw_positive_bias	run1	1.0	none	False	sub-159	dissimilar	1	all	32	0.21875	0.2222159165271201	0.03929789191451582	0.14717996469842273	0.22145608286265359	0.30074820212839815
fit-rw_positive_bias-run1-prior1	rw_positive_bias	run1	1.0	none	False	sub-159	dissimilar	1	offer_1	2	0.0	7.767781254314665e-05	0.0008384042746322714	1.2018828468705286e-23	6.6270731456975455e-09	0.00047381499378785905
fit-rw_positive_bias-run1-prior1	rw_positive_bias	run1	1.0	none	False	sub-159	dissimilar	1	offer_1_to_3	7	0.0	0.00026064815194811955	0.001794154290823317	1.393272659298197e-17	5.251847789297871e-07	0.0021583318841249585
fit-rw_positive_bias-run1-prior1	rw_positive_bias	run1	1.0	none	False	sub-159	dissimilar	2	all	16	0.4375	0.1942900330415163	0.056950154046135036	0.10021349694280632	0.18921052387390103	0.32736824025124917
fit-rw_positive_bias-run1-prior1	rw_positive_bias	run1	1.0	none	False	sub-159	dissimilar	2	offer_1	1	0.0	0.00010234835403393942	0.0011032290991479276	3.6284705326495136e-23	1.2185503668777313e-08	0.0006343615675203099
fit-rw_positive_bias-run1-prior1	rw_positive_bias	run1	1.0	none	False	sub-159	dissimilar	2	offer_1_to_3	6	0.0	0.00040524169617169964	0.0025642889612590013	4.8556231837260026e-17	1.1517482761667381e-06	0.003409673883629657
