job	model	stage	prior_scale	age_mode	inference_eligible	subject	partner	parameter_a	parameter_b	correlation
fit-rw_positive-full-prior1	rw_positive	full	1.0	none	False	sub-104	computer	alpha	gamma	-0.03813836509977252
fit-rw_positive-full-prior1	rw_positive	full	1.0	none	False	sub-104	computer	alpha	f0	-0.2027008401031502
fit-rw_positive-full-prior1	rw_positive	full	1.0	none	False	sub-104	computer	alpha	epsilon	-0.0695609340685317
fit-rw_positive-full-prior1	rw_positive	full	1.0	none	False	sub-104	computer	gamma	f0	0.08296528957976905
fit-rw_positive-full-prior1	rw_positive	full	1.0	none	False	sub-104	computer	gamma	epsilon	0.005321045525828028
fit-rw_positive-full-prior1	rw_positive	full	1.0	none	False	sub-104	computer	f0	epsilon	0.4363531113554888
fit-rw_positive-full-prior1	rw_positive	full	1.0	none	False	sub-104	similar	alpha	gamma	-0.04409100050458344
fit-rw_positive-full-prior1	rw_positive	full	1.0	none	False	sub-104	similar	alpha	f0	-0.19212829074909332
fit-rw_positive-full-prior1	rw_positive	full	1.0	none	False	sub-104	similar	alpha	epsilon	-0.06799948778103775
fit-rw_positive-full-prior1	rw_positive	full	1.0	none	False	sub-104	similar	gamma	f0	0.08759558895459259
fit-rw_positive-full-prior1	rw_positive	full	1.0	none	False	sub-104	similar	gamma	epsilon	0.007257941054263708
fit-rw_positive-full-prior1	rw_positive	full	1.0	none	False	sub-104	similar	f0	epsilon	0.44445072488106097
fit-rw_positive-full-prior1	rw_positive	full	1.0	none	False	sub-104	dissimilar	alpha	gamma	-0.037673388995723776
fit-rw_positive-full-prior1	rw_positive	full	1.0	none	False	sub-104	dissimilar	alpha	f0	-0.20069951060147298
fit-rw_positive-full-prior1	rw_positive	full	1.0	none	False	sub-104	dissimilar	alpha	epsilon	-0.07241848011550366
fit-rw_positive-full-prior1	rw_positive	full	1.0	none	False	sub-104	dissimilar	gamma	f0	0.07262090255029219
fit-rw_positive-full-prior1	rw_positive	full	1.0	none	False	sub-104	dissimilar	gamma	epsilon	0.00848081568174371
fit-rw_positive-full-prior1	rw_positive	full	1.0	none	False	sub-104	dissimilar	f0	epsilon	0.44225986640745507
fit-rw_positive-full-prior1	rw_positive	full	1.0	none	False	sub-105	computer	alpha	gamma	-0.4834244454356585
fit-rw_positive-full-prior1	rw_positive	full	1.0	none	False	sub-105	computer	alpha	f0	-0.7405853912377676
fit-rw_positive-full-prior1	rw_positive	full	1.0	none	False	sub-105	computer	alpha	epsilon	0.6312905859067537
fit-rw_positive-full-prior1	rw_positive	full	1.0	none	False	sub-105	computer	gamma	f0	0.481386894151123
fit-rw_positive-full-prior1	rw_positive	full	1.0	none	False	sub-105	computer	gamma	epsilon	-0.2268498829761936
fit-rw_positive-full-prior1	rw_positive	full	1.0	none	False	sub-105	computer	f0	epsilon	-0.2648410125893522
fit-rw_positive-full-prior1	rw_positive	full	1.0	none	False	sub-105	similar	alpha	gamma	-0.4819458978040279
fit-rw_positive-full-prior1	rw_positive	full	1.0	none	False	sub-105	similar	alpha	f0	-0.7384297270649041
fit-rw_positive-full-prior1	rw_positive	full	1.0	none	False	sub-105	similar	alpha	epsilon	0.6226143247396747
fit-rw_positive-full-prior1	rw_positive	full	1.0	none	False	sub-105	similar	gamma	f0	0.499197795743048
fit-rw_positive-full-prior1	rw_positive	full	1.0	none	False	sub-105	similar	gamma	epsilon	-0.26665822961178964
fit-rw_positive-full-prior1	rw_positive	full	1.0	none	False	sub-105	similar	f0	epsilon	-0.2774972810614509
fit-rw_positive-full-prior1	rw_positive	full	1.0	none	False	sub-105	dissimilar	alpha	gamma	-0.4402142981059959
fit-rw_positive-full-prior1	rw_positive	full	1.0	none	False	sub-105	dissimilar	alpha	f0	-0.7229545442063541
fit-rw_positive-full-prior1	rw_positive	full	1.0	none	False	sub-105	dissimilar	alpha	epsilon	0.5931388548033154
fit-rw_positive-full-prior1	rw_positive	full	1.0	none	False	sub-105	dissimilar	gamma	f0	0.37427323207703656
fit-rw_positive-full-prior1	rw_positive	full	1.0	none	False	sub-105	dissimilar	gamma	epsilon	-0.21743978519666216
fit-rw_positive-full-prior1	rw_positive	full	1.0	none	False	sub-105	dissimilar	f0	epsilon	-0.19294264025956706
fit-rw_positive-full-prior1	rw_positive	full	1.0	none	False	sub-106	computer	alpha	gamma	-0.3005410977616374
fit-rw_positive-full-prior1	rw_positive	full	1.0	none	False	sub-106	computer	alpha	f0	-0.42663865932198575
fit-rw_positive-full-prior1	rw_positive	full	1.0	none	False	sub-106	computer	alpha	epsilon	0.19635221872687994
fit-rw_positive-full-prior1	rw_positive	full	1.0	none	False	sub-106	computer	gamma	f0	0.5768202413407023
fit-rw_positive-full-prior1	rw_positive	full	1.0	none	False	sub-106	computer	gamma	epsilon	-0.20397884998406401
fit-rw_positive-full-prior1	rw_positive	full	1.0	none	False	sub-106	computer	f0	epsilon	-0.2075827299575113
fit-rw_positive-full-prior1	rw_positive	full	1.0	none	False	sub-106	similar	alpha	gamma	-0.22421735142263494
fit-rw_positive-full-prior1	rw_positive	full	1.0	none	False	sub-106	similar	alpha	f0	-0.4342770031423389
fit-rw_positive-full-prior1	rw_positive	full	1.0	none	False	sub-106	similar	alpha	epsilon	0.22228072544043784
fit-rw_positive-full-prior1	rw_positive	full	1.0	none	False	sub-106	similar	gamma	f0	0.4121871193922007
fit-rw_positive-full-prior1	rw_positive	full	1.0	none	False	sub-106	similar	gamma	epsilon	-0.15234440796869547
fit-rw_positive-full-prior1	rw_positive	full	1.0	none	False	sub-106	similar	f0	epsilon	-0.23593597921919834
fit-rw_positive-full-prior1	rw_positive	full	1.0	none	False	sub-106	dissimilar	alpha	gamma	-0.27572459183911646
fit-rw_positive-full-prior1	rw_positive	full	1.0	none	False	sub-106	dissimilar	alpha	f0	-0.3706914897897052
fit-rw_positive-full-prior1	rw_positive	full	1.0	none	False	sub-106	dissimilar	alpha	epsilon	0.1802085780709463
fit-rw_positive-full-prior1	rw_positive	full	1.0	none	False	sub-106	dissimilar	gamma	f0	0.6461591337919042
fit-rw_positive-full-prior1	rw_positive	full	1.0	none	False	sub-106	dissimilar	gamma	epsilon	-0.22380306019687515
fit-rw_positive-full-prior1	rw_positive	full	1.0	none	False	sub-106	dissimilar	f0	epsilon	-0.22934676542228755
fit-rw_positive-full-prior1	rw_positive	full	1.0	none	False	sub-107	computer	alpha	gamma	-0.6451086629507029
fit-rw_positive-full-prior1	rw_positive	full	1.0	none	False	sub-107	computer	alpha	f0	-0.707637599525451
fit-rw_positive-full-prior1	rw_positive	full	1.0	none	False	sub-107	computer	alpha	epsilon	0.9129528589715722
fit-rw_positive-full-prior1	rw_positive	full	1.0	none	False	sub-107	computer	gamma	f0	0.7380224335739277
fit-rw_positive-full-prior1	rw_positive	full	1.0	none	False	sub-107	computer	gamma	epsilon	-0.5617057170106217
fit-rw_positive-full-prior1	rw_positive	full	1.0	none	False	sub-107	computer	f0	epsilon	-0.5996022950905232
fit-rw_positive-full-prior1	rw_positive	full	1.0	none	False	sub-107	similar	alpha	gamma	-0.5494397496489415
fit-rw_positive-full-prior1	rw_positive	full	1.0	none	False	sub-107	similar	alpha	f0	-0.6118939333033815
fit-rw_positive-full-prior1	rw_positive	full	1.0	none	False	sub-107	similar	alpha	epsilon	0.8924963021795177
fit-rw_positive-full-prior1	rw_positive	full	1.0	none	False	sub-107	similar	gamma	f0	0.5668058438677227
fit-rw_positive-full-prior1	rw_positive	full	1.0	none	False	sub-107	similar	gamma	epsilon	-0.46207768815206984
fit-rw_positive-full-prior1	rw_positive	full	1.0	none	False	sub-107	similar	f0	epsilon	-0.4773246107950217
fit-rw_positive-full-prior1	rw_positive	full	1.0	none	False	sub-107	dissimilar	alpha	gamma	-0.5516923875927244
fit-rw_positive-full-prior1	rw_positive	full	1.0	none	False	sub-107	dissimilar	alpha	f0	-0.6762069681886621
fit-rw_positive-full-prior1	rw_positive	full	1.0	none	False	sub-107	dissimilar	alpha	epsilon	0.8922286871608567
fit-rw_positive-full-prior1	rw_positive	full	1.0	none	False	sub-107	dissimilar	gamma	f0	0.6685642984011374
fit-rw_positive-full-prior1	rw_positive	full	1.0	none	False	sub-107	dissimilar	gamma	epsilon	-0.4843056400327668
fit-rw_positive-full-prior1	rw_positive	full	1.0	none	False	sub-107	dissimilar	f0	epsilon	-0.578411088083849
fit-rw_positive-full-prior1	rw_positive	full	1.0	none	False	sub-108	computer	alpha	gamma	-0.5672826189743069
fit-rw_positive-full-prior1	rw_positive	full	1.0	none	False	sub-108	computer	alpha	f0	-0.7612996352725481
fit-rw_positive-full-prior1	rw_positive	full	1.0	none	False	sub-108	computer	alpha	epsilon	0.1732589704074147
fit-rw_positive-full-prior1	rw_positive	full	1.0	none	False	sub-108	computer	gamma	f0	0.6389664041215042
fit-rw_positive-full-prior1	rw_positive	full	1.0	none	False	sub-108	computer	gamma	epsilon	-0.1820823187965933
fit-rw_positive-full-prior1	rw_positive	full	1.0	none	False	sub-108	computer	f0	epsilon	-0.1040390560843122
fit-rw_positive-full-prior1	rw_positive	full	1.0	none	False	sub-108	similar	alpha	gamma	-0.5509170378832476
fit-rw_positive-full-prior1	rw_positive	full	1.0	none	False	sub-108	similar	alpha	f0	-0.74103352198924
fit-rw_positive-full-prior1	rw_positive	full	1.0	none	False	sub-108	similar	alpha	epsilon	0.10249838296556689
fit-rw_positive-full-prior1	rw_positive	full	1.0	none	False	sub-108	similar	gamma	f0	0.5351775348680062
fit-rw_positive-full-prior1	rw_positive	full	1.0	none	False	sub-108	similar	gamma	epsilon	-0.12813784639999465
fit-rw_positive-full-prior1	rw_positive	full	1.0	none	False	sub-108	similar	f0	epsilon	-0.05712761292662629
fit-rw_positive-full-prior1	rw_positive	full	1.0	none	False	sub-108	dissimilar	alpha	gamma	-0.5723542914450507
fit-rw_positive-full-prior1	rw_positive	full	1.0	none	False	sub-108	dissimilar	alpha	f0	-0.7491301397786565
fit-rw_positive-full-prior1	rw_positive	full	1.0	none	False	sub-108	dissimilar	alpha	epsilon	0.2450979624859487
fit-rw_positive-full-prior1	rw_positive	full	1.0	none	False	sub-108	dissimilar	gamma	f0	0.6617816294014903
fit-rw_positive-full-prior1	rw_positive	full	1.0	none	False	sub-108	dissimilar	gamma	epsilon	-0.19347754952465707
fit-rw_positive-full-prior1	rw_positive	full	1.0	none	False	sub-108	dissimilar	f0	epsilon	-0.1946563305715696
fit-rw_positive-full-prior1	rw_positive	full	1.0	none	False	sub-109	computer	alpha	gamma	-0.2624205554048066
fit-rw_positive-full-prior1	rw_positive	full	1.0	none	False	sub-109	computer	alpha	f0	-0.39756394795094135
fit-rw_positive-full-prior1	rw_positive	full	1.0	none	False	sub-109	computer	alpha	epsilon	-0.1575709300240821
fit-rw_positive-full-prior1	rw_positive	full	1.0	none	False	sub-109	computer	gamma	f0	0.34087845488435625
fit-rw_positive-full-prior1	rw_positive	full	1.0	none	False	sub-109	computer	gamma	epsilon	-0.006629938902264579
fit-rw_positive-full-prior1	rw_positive	full	1.0	none	False	sub-109	computer	f0	epsilon	0.02594524485251194
fit-rw_positive-full-prior1	rw_positive	full	1.0	none	False	sub-109	similar	alpha	gamma	-0.2118605434932802
fit-rw_positive-full-prior1	rw_positive	full	1.0	none	False	sub-109	similar	alpha	f0	-0.39981858901657996
fit-rw_positive-full-prior1	rw_positive	full	1.0	none	False	sub-109	similar	alpha	epsilon	-0.1484162963142561
fit-rw_positive-full-prior1	rw_positive	full	1.0	none	False	sub-109	similar	gamma	f0	0.2553002894825683
fit-rw_positive-full-prior1	rw_positive	full	1.0	none	False	sub-109	similar	gamma	epsilon	-0.027411068313491802
fit-rw_positive-full-prior1	rw_positive	full	1.0	none	False	sub-109	similar	f0	epsilon	-0.013854474140512366
fit-rw_positive-full-prior1	rw_positive	full	1.0	none	False	sub-109	dissimilar	alpha	gamma	-0.20918203431757926
fit-rw_positive-full-prior1	rw_positive	full	1.0	none	False	sub-109	dissimilar	alpha	f0	-0.39260212453124954
fit-rw_positive-full-prior1	rw_positive	full	1.0	none	False	sub-109	dissimilar	alpha	epsilon	-0.15829713869985856
fit-rw_positive-full-prior1	rw_positive	full	1.0	none	False	sub-109	dissimilar	gamma	f0	0.2894785649634444
fit-rw_positive-full-prior1	rw_positive	full	1.0	none	False	sub-109	dissimilar	gamma	epsilon	0.009881630949896072
fit-rw_positive-full-prior1	rw_positive	full	1.0	none	False	sub-109	dissimilar	f0	epsilon	0.001327453474212663
fit-rw_positive-full-prior1	rw_positive	full	1.0	none	False	sub-110	computer	alpha	gamma	-0.5467699212681462
fit-rw_positive-full-prior1	rw_positive	full	1.0	none	False	sub-110	computer	alpha	f0	-0.8379779678266776
fit-rw_positive-full-prior1	rw_positive	full	1.0	none	False	sub-110	computer	alpha	epsilon	0.2293470838210993
fit-rw_positive-full-prior1	rw_positive	full	1.0	none	False	sub-110	computer	gamma	f0	0.5211151620872284
fit-rw_positive-full-prior1	rw_positive	full	1.0	none	False	sub-110	computer	gamma	epsilon	-0.1506919406442954
fit-rw_positive-full-prior1	rw_positive	full	1.0	none	False	sub-110	computer	f0	epsilon	-0.09320957253651789
fit-rw_positive-full-prior1	rw_positive	full	1.0	none	False	sub-110	similar	alpha	gamma	-0.4353314809347228
fit-rw_positive-full-prior1	rw_positive	full	1.0	none	False	sub-110	similar	alpha	f0	-0.8390373843178175
fit-rw_positive-full-prior1	rw_positive	full	1.0	none	False	sub-110	similar	alpha	epsilon	0.2769836812729657
fit-rw_positive-full-prior1	rw_positive	full	1.0	none	False	sub-110	similar	gamma	f0	0.4511687722302199
fit-rw_positive-full-prior1	rw_positive	full	1.0	none	False	sub-110	similar	gamma	epsilon	-0.125207165288975
fit-rw_positive-full-prior1	rw_positive	full	1.0	none	False	sub-110	similar	f0	epsilon	-0.1358675982822551
fit-rw_positive-full-prior1	rw_positive	full	1.0	none	False	sub-110	dissimilar	alpha	gamma	-0.49444091993699146
fit-rw_positive-full-prior1	rw_positive	full	1.0	none	False	sub-110	dissimilar	alpha	f0	-0.833333140411007
fit-rw_positive-full-prior1	rw_positive	full	1.0	none	False	sub-110	dissimilar	alpha	epsilon	0.2388916204285103
fit-rw_positive-full-prior1	rw_positive	full	1.0	none	False	sub-110	dissimilar	gamma	f0	0.44172768908649135
fit-rw_positive-full-prior1	rw_positive	full	1.0	none	False	sub-110	dissimilar	gamma	epsilon	-0.11147616288334072
fit-rw_positive-full-prior1	rw_positive	full	1.0	none	False	sub-110	dissimilar	f0	epsilon	-0.09056698401867525
fit-rw_positive-full-prior1	rw_positive	full	1.0	none	False	sub-111	computer	alpha	gamma	-0.2030150669192433
fit-rw_positive-full-prior1	rw_positive	full	1.0	none	False	sub-111	computer	alpha	f0	-0.6758763975134366
fit-rw_positive-full-prior1	rw_positive	full	1.0	none	False	sub-111	computer	alpha	epsilon	0.5812484241006598
fit-rw_positive-full-prior1	rw_positive	full	1.0	none	False	sub-111	computer	gamma	f0	0.0829357860849308
fit-rw_positive-full-prior1	rw_positive	full	1.0	none	False	sub-111	computer	gamma	epsilon	-0.10759492535341869
fit-rw_positive-full-prior1	rw_positive	full	1.0	none	False	sub-111	computer	f0	epsilon	-0.09961332430085437
fit-rw_positive-full-prior1	rw_positive	full	1.0	none	False	sub-111	similar	alpha	gamma	-0.056233418316483964
fit-rw_positive-full-prior1	rw_positive	full	1.0	none	False	sub-111	similar	alpha	f0	-0.7592101039976724
fit-rw_positive-full-prior1	rw_positive	full	1.0	none	False	sub-111	similar	alpha	epsilon	0.6612562551712083
fit-rw_positive-full-prior1	rw_positive	full	1.0	none	False	sub-111	similar	gamma	f0	0.12617089164703466
fit-rw_positive-full-prior1	rw_positive	full	1.0	none	False	sub-111	similar	gamma	epsilon	-0.16710735565120968
fit-rw_positive-full-prior1	rw_positive	full	1.0	none	False	sub-111	similar	f0	epsilon	-0.27625530641411983
fit-rw_positive-full-prior1	rw_positive	full	1.0	none	False	sub-111	dissimilar	alpha	gamma	-0.23895661260090892
fit-rw_positive-full-prior1	rw_positive	full	1.0	none	False	sub-111	dissimilar	alpha	f0	-0.589306699891706
fit-rw_positive-full-prior1	rw_positive	full	1.0	none	False	sub-111	dissimilar	alpha	epsilon	0.5888724801410106
fit-rw_positive-full-prior1	rw_positive	full	1.0	none	False	sub-111	dissimilar	gamma	f0	0.2059862323153639
fit-rw_positive-full-prior1	rw_positive	full	1.0	none	False	sub-111	dissimilar	gamma	epsilon	0.08832463435334456
fit-rw_positive-full-prior1	rw_positive	full	1.0	none	False	sub-111	dissimilar	f0	epsilon	-0.0824665563865773
fit-rw_positive-full-prior1	rw_positive	full	1.0	none	False	sub-112	computer	alpha	gamma	-0.29440133592767986
fit-rw_positive-full-prior1	rw_positive	full	1.0	none	False	sub-112	computer	alpha	f0	-0.2527695403924601
fit-rw_positive-full-prior1	rw_positive	full	1.0	none	False	sub-112	computer	alpha	epsilon	-0.28256712215368585
fit-rw_positive-full-prior1	rw_positive	full	1.0	none	False	sub-112	computer	gamma	f0	-0.02168129971612371
fit-rw_positive-full-prior1	rw_positive	full	1.0	none	False	sub-112	computer	gamma	epsilon	0.2228825592229357
fit-rw_positive-full-prior1	rw_positive	full	1.0	none	False	sub-112	computer	f0	epsilon	-0.31094428431262994
fit-rw_positive-full-prior1	rw_positive	full	1.0	none	False	sub-112	similar	alpha	gamma	-0.1518688117573212
fit-rw_positive-full-prior1	rw_positive	full	1.0	none	False	sub-112	similar	alpha	f0	-0.21281049363674054
fit-rw_positive-full-prior1	rw_positive	full	1.0	none	False	sub-112	similar	alpha	epsilon	-0.2865885959125629
fit-rw_positive-full-prior1	rw_positive	full	1.0	none	False	sub-112	similar	gamma	f0	0.11945827702525154
fit-rw_positive-full-prior1	rw_positive	full	1.0	none	False	sub-112	similar	gamma	epsilon	0.03339541831548373
fit-rw_positive-full-prior1	rw_positive	full	1.0	none	False	sub-112	similar	f0	epsilon	-0.459274083651013
fit-rw_positive-full-prior1	rw_positive	full	1.0	none	False	sub-112	dissimilar	alpha	gamma	-0.12072922276851371
fit-rw_positive-full-prior1	rw_positive	full	1.0	none	False	sub-112	dissimilar	alpha	f0	-0.19782324785882663
fit-rw_positive-full-prior1	rw_positive	full	1.0	none	False	sub-112	dissimilar	alpha	epsilon	-0.35774436477245025
fit-rw_positive-full-prior1	rw_positive	full	1.0	none	False	sub-112	dissimilar	gamma	f0	0.019277761281774265
fit-rw_positive-full-prior1	rw_positive	full	1.0	none	False	sub-112	dissimilar	gamma	epsilon	0.04458105068704938
fit-rw_positive-full-prior1	rw_positive	full	1.0	none	False	sub-112	dissimilar	f0	epsilon	-0.435720480049246
fit-rw_positive-full-prior1	rw_positive	full	1.0	none	False	sub-113	computer	alpha	gamma	-0.30300771118976444
fit-rw_positive-full-prior1	rw_positive	full	1.0	none	False	sub-113	computer	alpha	f0	-0.380393797001399
fit-rw_positive-full-prior1	rw_positive	full	1.0	none	False	sub-113	computer	alpha	epsilon	0.3038294613444152
fit-rw_positive-full-prior1	rw_positive	full	1.0	none	False	sub-113	computer	gamma	f0	0.6519767337390925
fit-rw_positive-full-prior1	rw_positive	full	1.0	none	False	sub-113	computer	gamma	epsilon	-0.2518487899259579
fit-rw_positive-full-prior1	rw_positive	full	1.0	none	False	sub-113	computer	f0	epsilon	-0.24058428611502425
fit-rw_positive-full-prior1	rw_positive	full	1.0	none	False	sub-113	similar	alpha	gamma	-0.2855344213578571
fit-rw_positive-full-prior1	rw_positive	full	1.0	none	False	sub-113	similar	alpha	f0	-0.379809950744435
fit-rw_positive-full-prior1	rw_positive	full	1.0	none	False	sub-113	similar	alpha	epsilon	0.2963277415366672
fit-rw_positive-full-prior1	rw_positive	full	1.0	none	False	sub-113	similar	gamma	f0	0.6324190473636607
fit-rw_positive-full-prior1	rw_positive	full	1.0	none	False	sub-113	similar	gamma	epsilon	-0.27216264851864685
fit-rw_positive-full-prior1	rw_positive	full	1.0	none	False	sub-113	similar	f0	epsilon	-0.27970143442151885
fit-rw_positive-full-prior1	rw_positive	full	1.0	none	False	sub-113	dissimilar	alpha	gamma	-0.20267669018414075
fit-rw_positive-full-prior1	rw_positive	full	1.0	none	False	sub-113	dissimilar	alpha	f0	-0.3520063758992126
fit-rw_positive-full-prior1	rw_positive	full	1.0	none	False	sub-113	dissimilar	alpha	epsilon	0.24177325941080788
fit-rw_positive-full-prior1	rw_positive	full	1.0	none	False	sub-113	dissimilar	gamma	f0	0.4221697309580369
fit-rw_positive-full-prior1	rw_positive	full	1.0	none	False	sub-113	dissimilar	gamma	epsilon	-0.19764869494053808
fit-rw_positive-full-prior1	rw_positive	full	1.0	none	False	sub-113	dissimilar	f0	epsilon	-0.31147248769882996
fit-rw_positive-full-prior1	rw_positive	full	1.0	none	False	sub-115	computer	alpha	gamma	-0.1404900181961646
fit-rw_positive-full-prior1	rw_positive	full	1.0	none	False	sub-115	computer	alpha	f0	-0.36120896276503056
fit-rw_positive-full-prior1	rw_positive	full	1.0	none	False	sub-115	computer	alpha	epsilon	0.24324738229727455
fit-rw_positive-full-prior1	rw_positive	full	1.0	none	False	sub-115	computer	gamma	f0	0.32597856514125545
fit-rw_positive-full-prior1	rw_positive	full	1.0	none	False	sub-115	computer	gamma	epsilon	-0.07410320645182339
fit-rw_positive-full-prior1	rw_positive	full	1.0	none	False	sub-115	computer	f0	epsilon	-0.04602629368051842
fit-rw_positive-full-prior1	rw_positive	full	1.0	none	False	sub-115	similar	alpha	gamma	-0.12411173716974175
fit-rw_positive-full-prior1	rw_positive	full	1.0	none	False	sub-115	similar	alpha	f0	-0.334800233776529
fit-rw_positive-full-prior1	rw_positive	full	1.0	none	False	sub-115	similar	alpha	epsilon	0.22923605617657464
fit-rw_positive-full-prior1	rw_positive	full	1.0	none	False	sub-115	similar	gamma	f0	0.3662919851687934
fit-rw_positive-full-prior1	rw_positive	full	1.0	none	False	sub-115	similar	gamma	epsilon	-0.08120505087246936
fit-rw_positive-full-prior1	rw_positive	full	1.0	none	False	sub-115	similar	f0	epsilon	-0.055353328121844333
fit-rw_positive-full-prior1	rw_positive	full	1.0	none	False	sub-115	dissimilar	alpha	gamma	-0.12579803925877914
fit-rw_positive-full-prior1	rw_positive	full	1.0	none	False	sub-115	dissimilar	alpha	f0	-0.37049288626642174
fit-rw_positive-full-prior1	rw_positive	full	1.0	none	False	sub-115	dissimilar	alpha	epsilon	0.2541017145717443
fit-rw_positive-full-prior1	rw_positive	full	1.0	none	False	sub-115	dissimilar	gamma	f0	0.20363337128490103
fit-rw_positive-full-prior1	rw_positive	full	1.0	none	False	sub-115	dissimilar	gamma	epsilon	-0.03483659573821176
fit-rw_positive-full-prior1	rw_positive	full	1.0	none	False	sub-115	dissimilar	f0	epsilon	-0.04370431554702681
fit-rw_positive-full-prior1	rw_positive	full	1.0	none	False	sub-116	computer	alpha	gamma	-0.3465810337828045
fit-rw_positive-full-prior1	rw_positive	full	1.0	none	False	sub-116	computer	alpha	f0	-0.6695106226155427
fit-rw_positive-full-prior1	rw_positive	full	1.0	none	False	sub-116	computer	alpha	epsilon	0.12372907021745884
fit-rw_positive-full-prior1	rw_positive	full	1.0	none	False	sub-116	computer	gamma	f0	0.40285392727499575
fit-rw_positive-full-prior1	rw_positive	full	1.0	none	False	sub-116	computer	gamma	epsilon	-0.16425157967895035
fit-rw_positive-full-prior1	rw_positive	full	1.0	none	False	sub-116	computer	f0	epsilon	-0.11755375624510864
fit-rw_positive-full-prior1	rw_positive	full	1.0	none	False	sub-116	similar	alpha	gamma	-0.3063796824293157
fit-rw_positive-full-prior1	rw_positive	full	1.0	none	False	sub-116	similar	alpha	f0	-0.6449159669696887
fit-rw_positive-full-prior1	rw_positive	full	1.0	none	False	sub-116	similar	alpha	epsilon	0.15067931684757818
fit-rw_positive-full-prior1	rw_positive	full	1.0	none	False	sub-116	similar	gamma	f0	0.35290351077456833
fit-rw_positive-full-prior1	rw_positive	full	1.0	none	False	sub-116	similar	gamma	epsilon	-0.20301540145277652
fit-rw_positive-full-prior1	rw_positive	full	1.0	none	False	sub-116	similar	f0	epsilon	-0.1588824807686202
fit-rw_positive-full-prior1	rw_positive	full	1.0	none	False	sub-116	dissimilar	alpha	gamma	-0.2985648179014954
fit-rw_positive-full-prior1	rw_positive	full	1.0	none	False	sub-116	dissimilar	alpha	f0	-0.6509565177180607
fit-rw_positive-full-prior1	rw_positive	full	1.0	none	False	sub-116	dissimilar	alpha	epsilon	0.14698515936667975
fit-rw_positive-full-prior1	rw_positive	full	1.0	none	False	sub-116	dissimilar	gamma	f0	0.3291043913359838
fit-rw_positive-full-prior1	rw_positive	full	1.0	none	False	sub-116	dissimilar	gamma	epsilon	-0.19419676169347339
fit-rw_positive-full-prior1	rw_positive	full	1.0	none	False	sub-116	dissimilar	f0	epsilon	-0.1366789886990991
fit-rw_positive-full-prior1	rw_positive	full	1.0	none	False	sub-117	computer	alpha	gamma	-0.262888282008812
fit-rw_positive-full-prior1	rw_positive	full	1.0	none	False	sub-117	computer	alpha	f0	-0.39762515789304054
fit-rw_positive-full-prior1	rw_positive	full	1.0	none	False	sub-117	computer	alpha	epsilon	-0.11295088632388789
fit-rw_positive-full-prior1	rw_positive	full	1.0	none	False	sub-117	computer	gamma	f0	0.43471714320318056
fit-rw_positive-full-prior1	rw_positive	full	1.0	none	False	sub-117	computer	gamma	epsilon	0.0648185578409874
fit-rw_positive-full-prior1	rw_positive	full	1.0	none	False	sub-117	computer	f0	epsilon	0.05493461797673831
fit-rw_positive-full-prior1	rw_positive	full	1.0	none	False	sub-117	similar	alpha	gamma	-0.2355726428262882
fit-rw_positive-full-prior1	rw_positive	full	1.0	none	False	sub-117	similar	alpha	f0	-0.4092826891152027
fit-rw_positive-full-prior1	rw_positive	full	1.0	none	False	sub-117	similar	alpha	epsilon	-0.10892148863688644
fit-rw_positive-full-prior1	rw_positive	full	1.0	none	False	sub-117	similar	gamma	f0	0.3877964479399651
fit-rw_positive-full-prior1	rw_positive	full	1.0	none	False	sub-117	similar	gamma	epsilon	0.12101982774085693
fit-rw_positive-full-prior1	rw_positive	full	1.0	none	False	sub-117	similar	f0	epsilon	0.037343669074714925
fit-rw_positive-full-prior1	rw_positive	full	1.0	none	False	sub-117	dissimilar	alpha	gamma	-0.22899934268305014
fit-rw_positive-full-prior1	rw_positive	full	1.0	none	False	sub-117	dissimilar	alpha	f0	-0.4048308390124964
fit-rw_positive-full-prior1	rw_positive	full	1.0	none	False	sub-117	dissimilar	alpha	epsilon	-0.12269456894636405
fit-rw_positive-full-prior1	rw_positive	full	1.0	none	False	sub-117	dissimilar	gamma	f0	0.38042935553536544
fit-rw_positive-full-prior1	rw_positive	full	1.0	none	False	sub-117	dissimilar	gamma	epsilon	0.029929943511956433
fit-rw_positive-full-prior1	rw_positive	full	1.0	none	False	sub-117	dissimilar	f0	epsilon	0.06569663215080059
fit-rw_positive-full-prior1	rw_positive	full	1.0	none	False	sub-118	computer	alpha	gamma	-0.11261335611097867
fit-rw_positive-full-prior1	rw_positive	full	1.0	none	False	sub-118	computer	alpha	f0	-0.3626498916850401
fit-rw_positive-full-prior1	rw_positive	full	1.0	none	False	sub-118	computer	alpha	epsilon	0.025250572327015858
fit-rw_positive-full-prior1	rw_positive	full	1.0	none	False	sub-118	computer	gamma	f0	0.38663084431179684
fit-rw_positive-full-prior1	rw_positive	full	1.0	none	False	sub-118	computer	gamma	epsilon	0.03648671267435827
fit-rw_positive-full-prior1	rw_positive	full	1.0	none	False	sub-118	computer	f0	epsilon	0.17217739732037837
fit-rw_positive-full-prior1	rw_positive	full	1.0	none	False	sub-118	similar	alpha	gamma	-0.11256911486961299
fit-rw_positive-full-prior1	rw_positive	full	1.0	none	False	sub-118	similar	alpha	f0	-0.36626967401646504
fit-rw_positive-full-prior1	rw_positive	full	1.0	none	False	sub-118	similar	alpha	epsilon	0.022606090480061684
fit-rw_positive-full-prior1	rw_positive	full	1.0	none	False	sub-118	similar	gamma	f0	0.2642648946781597
fit-rw_positive-full-prior1	rw_positive	full	1.0	none	False	sub-118	similar	gamma	epsilon	0.017392094180159422
fit-rw_positive-full-prior1	rw_positive	full	1.0	none	False	sub-118	similar	f0	epsilon	0.19967822904130453
fit-rw_positive-full-prior1	rw_positive	full	1.0	none	False	sub-118	dissimilar	alpha	gamma	-0.12173329564058243
fit-rw_positive-full-prior1	rw_positive	full	1.0	none	False	sub-118	dissimilar	alpha	f0	-0.35413261150301967
fit-rw_positive-full-prior1	rw_positive	full	1.0	none	False	sub-118	dissimilar	alpha	epsilon	0.02125595112812188
fit-rw_positive-full-prior1	rw_positive	full	1.0	none	False	sub-118	dissimilar	gamma	f0	0.5219832070376119
fit-rw_positive-full-prior1	rw_positive	full	1.0	none	False	sub-118	dissimilar	gamma	epsilon	-0.04184032391846352
fit-rw_positive-full-prior1	rw_positive	full	1.0	none	False	sub-118	dissimilar	f0	epsilon	0.09215012686733277
fit-rw_positive-full-prior1	rw_positive	full	1.0	none	False	sub-121	computer	alpha	gamma	-0.417530056818203
fit-rw_positive-full-prior1	rw_positive	full	1.0	none	False	sub-121	computer	alpha	f0	-0.6920432458761574
fit-rw_positive-full-prior1	rw_positive	full	1.0	none	False	sub-121	computer	alpha	epsilon	0.26534825808268697
fit-rw_positive-full-prior1	rw_positive	full	1.0	none	False	sub-121	computer	gamma	f0	0.5659970056009223
fit-rw_positive-full-prior1	rw_positive	full	1.0	none	False	sub-121	computer	gamma	epsilon	0.048980842228287975
fit-rw_positive-full-prior1	rw_positive	full	1.0	none	False	sub-121	computer	f0	epsilon	0.039617023168392114
fit-rw_positive-full-prior1	rw_positive	full	1.0	none	False	sub-121	similar	alpha	gamma	-0.4216554987328047
fit-rw_positive-full-prior1	rw_positive	full	1.0	none	False	sub-121	similar	alpha	f0	-0.6949647462655411
fit-rw_positive-full-prior1	rw_positive	full	1.0	none	False	sub-121	similar	alpha	epsilon	0.19793767470372947
fit-rw_positive-full-prior1	rw_positive	full	1.0	none	False	sub-121	similar	gamma	f0	0.3298837336036629
fit-rw_positive-full-prior1	rw_positive	full	1.0	none	False	sub-121	similar	gamma	epsilon	-0.1314603084208336
fit-rw_positive-full-prior1	rw_positive	full	1.0	none	False	sub-121	similar	f0	epsilon	-0.0404590720224579
fit-rw_positive-full-prior1	rw_positive	full	1.0	none	False	sub-121	dissimilar	alpha	gamma	-0.39458847926485785
fit-rw_positive-full-prior1	rw_positive	full	1.0	none	False	sub-121	dissimilar	alpha	f0	-0.6976563526572922
fit-rw_positive-full-prior1	rw_positive	full	1.0	none	False	sub-121	dissimilar	alpha	epsilon	0.22260964481623338
fit-rw_positive-full-prior1	rw_positive	full	1.0	none	False	sub-121	dissimilar	gamma	f0	0.2872312208345479
fit-rw_positive-full-prior1	rw_positive	full	1.0	none	False	sub-121	dissimilar	gamma	epsilon	-0.23816847168134828
fit-rw_positive-full-prior1	rw_positive	full	1.0	none	False	sub-121	dissimilar	f0	epsilon	-0.13446466670963933
fit-rw_positive-full-prior1	rw_positive	full	1.0	none	False	sub-122	computer	alpha	gamma	-0.07443906479624027
fit-rw_positive-full-prior1	rw_positive	full	1.0	none	False	sub-122	computer	alpha	f0	-0.26579515161961087
fit-rw_positive-full-prior1	rw_positive	full	1.0	none	False	sub-122	computer	alpha	epsilon	-0.09390151008106047
fit-rw_positive-full-prior1	rw_positive	full	1.0	none	False	sub-122	computer	gamma	f0	0.11450288723039442
fit-rw_positive-full-prior1	rw_positive	full	1.0	none	False	sub-122	computer	gamma	epsilon	0.03805033900436548
fit-rw_positive-full-prior1	rw_positive	full	1.0	none	False	sub-122	computer	f0	epsilon	0.4256555137210969
fit-rw_positive-full-prior1	rw_positive	full	1.0	none	False	sub-122	similar	alpha	gamma	-0.08558495216897677
fit-rw_positive-full-prior1	rw_positive	full	1.0	none	False	sub-122	similar	alpha	f0	-0.25751619907329587
fit-rw_positive-full-prior1	rw_positive	full	1.0	none	False	sub-122	similar	alpha	epsilon	-0.09340741405689985
fit-rw_positive-full-prior1	rw_positive	full	1.0	none	False	sub-122	similar	gamma	f0	0.06358582274748678
fit-rw_positive-full-prior1	rw_positive	full	1.0	none	False	sub-122	similar	gamma	epsilon	-0.0039843931965752675
fit-rw_positive-full-prior1	rw_positive	full	1.0	none	False	sub-122	similar	f0	epsilon	0.43368674650360917
fit-rw_positive-full-prior1	rw_positive	full	1.0	none	False	sub-122	dissimilar	alpha	gamma	-0.07889497518540109
fit-rw_positive-full-prior1	rw_positive	full	1.0	none	False	sub-122	dissimilar	alpha	f0	-0.2668997443126548
fit-rw_positive-full-prior1	rw_positive	full	1.0	none	False	sub-122	dissimilar	alpha	epsilon	-0.09966345391645451
fit-rw_positive-full-prior1	rw_positive	full	1.0	none	False	sub-122	dissimilar	gamma	f0	0.18770693004888883
fit-rw_positive-full-prior1	rw_positive	full	1.0	none	False	sub-122	dissimilar	gamma	epsilon	0.07707934661308681
fit-rw_positive-full-prior1	rw_positive	full	1.0	none	False	sub-122	dissimilar	f0	epsilon	0.4108054390972594
fit-rw_positive-full-prior1	rw_positive	full	1.0	none	False	sub-124	computer	alpha	gamma	-0.11680579132673405
fit-rw_positive-full-prior1	rw_positive	full	1.0	none	False	sub-124	computer	alpha	f0	-0.16694695695461698
fit-rw_positive-full-prior1	rw_positive	full	1.0	none	False	sub-124	computer	alpha	epsilon	-0.2764936646194288
fit-rw_positive-full-prior1	rw_positive	full	1.0	none	False	sub-124	computer	gamma	f0	0.09211215052558515
fit-rw_positive-full-prior1	rw_positive	full	1.0	none	False	sub-124	computer	gamma	epsilon	0.09901511911770951
fit-rw_positive-full-prior1	rw_positive	full	1.0	none	False	sub-124	computer	f0	epsilon	-0.04978484480326879
fit-rw_positive-full-prior1	rw_positive	full	1.0	none	False	sub-124	similar	alpha	gamma	-0.11242367403908277
fit-rw_positive-full-prior1	rw_positive	full	1.0	none	False	sub-124	similar	alpha	f0	-0.14867421006798548
fit-rw_positive-full-prior1	rw_positive	full	1.0	none	False	sub-124	similar	alpha	epsilon	-0.28562659323178163
fit-rw_positive-full-prior1	rw_positive	full	1.0	none	False	sub-124	similar	gamma	f0	0.07499612683695099
fit-rw_positive-full-prior1	rw_positive	full	1.0	none	False	sub-124	similar	gamma	epsilon	0.10350591460461846
fit-rw_positive-full-prior1	rw_positive	full	1.0	none	False	sub-124	similar	f0	epsilon	-0.14902770792593095
fit-rw_positive-full-prior1	rw_positive	full	1.0	none	False	sub-124	dissimilar	alpha	gamma	-0.09599727278447087
fit-rw_positive-full-prior1	rw_positive	full	1.0	none	False	sub-124	dissimilar	alpha	f0	-0.15773663407202274
fit-rw_positive-full-prior1	rw_positive	full	1.0	none	False	sub-124	dissimilar	alpha	epsilon	-0.2447348233021897
fit-rw_positive-full-prior1	rw_positive	full	1.0	none	False	sub-124	dissimilar	gamma	f0	0.08075313931760704
fit-rw_positive-full-prior1	rw_positive	full	1.0	none	False	sub-124	dissimilar	gamma	epsilon	0.08689546297487517
fit-rw_positive-full-prior1	rw_positive	full	1.0	none	False	sub-124	dissimilar	f0	epsilon	-0.030301430145664807
fit-rw_positive-full-prior1	rw_positive	full	1.0	none	False	sub-125	computer	alpha	gamma	-0.6633030726050234
fit-rw_positive-full-prior1	rw_positive	full	1.0	none	False	sub-125	computer	alpha	f0	-0.760674019080171
fit-rw_positive-full-prior1	rw_positive	full	1.0	none	False	sub-125	computer	alpha	epsilon	0.5913465011423789
fit-rw_positive-full-prior1	rw_positive	full	1.0	none	False	sub-125	computer	gamma	f0	0.7257515256093006
fit-rw_positive-full-prior1	rw_positive	full	1.0	none	False	sub-125	computer	gamma	epsilon	-0.4054293283219059
fit-rw_positive-full-prior1	rw_positive	full	1.0	none	False	sub-125	computer	f0	epsilon	-0.3260919092011796
fit-rw_positive-full-prior1	rw_positive	full	1.0	none	False	sub-125	similar	alpha	gamma	-0.6083189078171067
fit-rw_positive-full-prior1	rw_positive	full	1.0	none	False	sub-125	similar	alpha	f0	-0.745264827422447
fit-rw_positive-full-prior1	rw_positive	full	1.0	none	False	sub-125	similar	alpha	epsilon	0.6107459878545127
fit-rw_positive-full-prior1	rw_positive	full	1.0	none	False	sub-125	similar	gamma	f0	0.6948654094041041
fit-rw_positive-full-prior1	rw_positive	full	1.0	none	False	sub-125	similar	gamma	epsilon	-0.34266493988895697
fit-rw_positive-full-prior1	rw_positive	full	1.0	none	False	sub-125	similar	f0	epsilon	-0.3160112934038423
fit-rw_positive-full-prior1	rw_positive	full	1.0	none	False	sub-125	dissimilar	alpha	gamma	-0.6493527618624704
fit-rw_positive-full-prior1	rw_positive	full	1.0	none	False	sub-125	dissimilar	alpha	f0	-0.750757406580825
fit-rw_positive-full-prior1	rw_positive	full	1.0	none	False	sub-125	dissimilar	alpha	epsilon	0.6133932744470365
fit-rw_positive-full-prior1	rw_positive	full	1.0	none	False	sub-125	dissimilar	gamma	f0	0.7408907170454251
fit-rw_positive-full-prior1	rw_positive	full	1.0	none	False	sub-125	dissimilar	gamma	epsilon	-0.3389084652300239
fit-rw_positive-full-prior1	rw_positive	full	1.0	none	False	sub-125	dissimilar	f0	epsilon	-0.3083844568724894
fit-rw_positive-full-prior1	rw_positive	full	1.0	none	False	sub-126	computer	alpha	gamma	-0.04142426367946768
fit-rw_positive-full-prior1	rw_positive	full	1.0	none	False	sub-126	computer	alpha	f0	-0.22656979268788982
fit-rw_positive-full-prior1	rw_positive	full	1.0	none	False	sub-126	computer	alpha	epsilon	-0.08879778736104618
fit-rw_positive-full-prior1	rw_positive	full	1.0	none	False	sub-126	computer	gamma	f0	0.08834409239268022
fit-rw_positive-full-prior1	rw_positive	full	1.0	none	False	sub-126	computer	gamma	epsilon	0.022694460231902733
fit-rw_positive-full-prior1	rw_positive	full	1.0	none	False	sub-126	computer	f0	epsilon	0.5056708446198108
fit-rw_positive-full-prior1	rw_positive	full	1.0	none	False	sub-126	similar	alpha	gamma	-0.03820233016057841
fit-rw_positive-full-prior1	rw_positive	full	1.0	none	False	sub-126	similar	alpha	f0	-0.21928626857398836
fit-rw_positive-full-prior1	rw_positive	full	1.0	none	False	sub-126	similar	alpha	epsilon	-0.08837865425363362
fit-rw_positive-full-prior1	rw_positive	full	1.0	none	False	sub-126	similar	gamma	f0	0.08627016682385817
fit-rw_positive-full-prior1	rw_positive	full	1.0	none	False	sub-126	similar	gamma	epsilon	0.020991283820510655
fit-rw_positive-full-prior1	rw_positive	full	1.0	none	False	sub-126	similar	f0	epsilon	0.5068042588956073
fit-rw_positive-full-prior1	rw_positive	full	1.0	none	False	sub-126	dissimilar	alpha	gamma	-0.03768783898737447
fit-rw_positive-full-prior1	rw_positive	full	1.0	none	False	sub-126	dissimilar	alpha	f0	-0.21520940940322408
fit-rw_positive-full-prior1	rw_positive	full	1.0	none	False	sub-126	dissimilar	alpha	epsilon	-0.08855705513393411
fit-rw_positive-full-prior1	rw_positive	full	1.0	none	False	sub-126	dissimilar	gamma	f0	0.07934498138193592
fit-rw_positive-full-prior1	rw_positive	full	1.0	none	False	sub-126	dissimilar	gamma	epsilon	0.012586639664993664
fit-rw_positive-full-prior1	rw_positive	full	1.0	none	False	sub-126	dissimilar	f0	epsilon	0.5103195950586915
fit-rw_positive-full-prior1	rw_positive	full	1.0	none	False	sub-127	computer	alpha	gamma	-0.3774776711311889
fit-rw_positive-full-prior1	rw_positive	full	1.0	none	False	sub-127	computer	alpha	f0	-0.7635253392944047
fit-rw_positive-full-prior1	rw_positive	full	1.0	none	False	sub-127	computer	alpha	epsilon	0.1223271361219335
fit-rw_positive-full-prior1	rw_positive	full	1.0	none	False	sub-127	computer	gamma	f0	0.42282070211149436
fit-rw_positive-full-prior1	rw_positive	full	1.0	none	False	sub-127	computer	gamma	epsilon	-0.11828216211816785
fit-rw_positive-full-prior1	rw_positive	full	1.0	none	False	sub-127	computer	f0	epsilon	-0.08965701875227802
fit-rw_positive-full-prior1	rw_positive	full	1.0	none	False	sub-127	similar	alpha	gamma	-0.2619095175041804
fit-rw_positive-full-prior1	rw_positive	full	1.0	none	False	sub-127	similar	alpha	f0	-0.7376256108913201
fit-rw_positive-full-prior1	rw_positive	full	1.0	none	False	sub-127	similar	alpha	epsilon	0.1558368166209545
fit-rw_positive-full-prior1	rw_positive	full	1.0	none	False	sub-127	similar	gamma	f0	0.28418056581628937
fit-rw_positive-full-prior1	rw_positive	full	1.0	none	False	sub-127	similar	gamma	epsilon	-0.08291160560751329
fit-rw_positive-full-prior1	rw_positive	full	1.0	none	False	sub-127	similar	f0	epsilon	-0.12321405326367316
fit-rw_positive-full-prior1	rw_positive	full	1.0	none	False	sub-127	dissimilar	alpha	gamma	-0.490505396905498
fit-rw_positive-full-prior1	rw_positive	full	1.0	none	False	sub-127	dissimilar	alpha	f0	-0.7489985232485543
fit-rw_positive-full-prior1	rw_positive	full	1.0	none	False	sub-127	dissimilar	alpha	epsilon	0.14447225352471188
fit-rw_positive-full-prior1	rw_positive	full	1.0	none	False	sub-127	dissimilar	gamma	f0	0.5365253296480004
fit-rw_positive-full-prior1	rw_positive	full	1.0	none	False	sub-127	dissimilar	gamma	epsilon	-0.18262341167622895
fit-rw_positive-full-prior1	rw_positive	full	1.0	none	False	sub-127	dissimilar	f0	epsilon	-0.11397335153842063
fit-rw_positive-full-prior1	rw_positive	full	1.0	none	False	sub-128	computer	alpha	gamma	-0.12550273361672512
fit-rw_positive-full-prior1	rw_positive	full	1.0	none	False	sub-128	computer	alpha	f0	-0.5559690159647602
fit-rw_positive-full-prior1	rw_positive	full	1.0	none	False	sub-128	computer	alpha	epsilon	0.12502329208729077
fit-rw_positive-full-prior1	rw_positive	full	1.0	none	False	sub-128	computer	gamma	f0	0.1771435195760365
fit-rw_positive-full-prior1	rw_positive	full	1.0	none	False	sub-128	computer	gamma	epsilon	-0.03976619394949147
fit-rw_positive-full-prior1	rw_positive	full	1.0	none	False	sub-128	computer	f0	epsilon	-0.10952308341749062
fit-rw_positive-full-prior1	rw_positive	full	1.0	none	False	sub-128	similar	alpha	gamma	-0.12130530487205111
fit-rw_positive-full-prior1	rw_positive	full	1.0	none	False	sub-128	similar	alpha	f0	-0.5503125039073585
fit-rw_positive-full-prior1	rw_positive	full	1.0	none	False	sub-128	similar	alpha	epsilon	0.181244873405968
fit-rw_positive-full-prior1	rw_positive	full	1.0	none	False	sub-128	similar	gamma	f0	0.16971733384969415
fit-rw_positive-full-prior1	rw_positive	full	1.0	none	False	sub-128	similar	gamma	epsilon	-0.042982465785528945
fit-rw_positive-full-prior1	rw_positive	full	1.0	none	False	sub-128	similar	f0	epsilon	-0.21881883316765574
fit-rw_positive-full-prior1	rw_positive	full	1.0	none	False	sub-128	dissimilar	alpha	gamma	-0.11135215409174008
fit-rw_positive-full-prior1	rw_positive	full	1.0	none	False	sub-128	dissimilar	alpha	f0	-0.5690552037338743
fit-rw_positive-full-prior1	rw_positive	full	1.0	none	False	sub-128	dissimilar	alpha	epsilon	0.12576601973078444
fit-rw_positive-full-prior1	rw_positive	full	1.0	none	False	sub-128	dissimilar	gamma	f0	0.1631037541979453
fit-rw_positive-full-prior1	rw_positive	full	1.0	none	False	sub-128	dissimilar	gamma	epsilon	-0.054142709687115244
fit-rw_positive-full-prior1	rw_positive	full	1.0	none	False	sub-128	dissimilar	f0	epsilon	-0.13067884417821218
fit-rw_positive-full-prior1	rw_positive	full	1.0	none	False	sub-129	computer	alpha	gamma	-0.529594023971359
fit-rw_positive-full-prior1	rw_positive	full	1.0	none	False	sub-129	computer	alpha	f0	-0.6531769023835695
fit-rw_positive-full-prior1	rw_positive	full	1.0	none	False	sub-129	computer	alpha	epsilon	0.3553135449147978
fit-rw_positive-full-prior1	rw_positive	full	1.0	none	False	sub-129	computer	gamma	f0	0.679992376994388
fit-rw_positive-full-prior1	rw_positive	full	1.0	none	False	sub-129	computer	gamma	epsilon	-0.2401109303593096
fit-rw_positive-full-prior1	rw_positive	full	1.0	none	False	sub-129	computer	f0	epsilon	-0.26409807209329494
fit-rw_positive-full-prior1	rw_positive	full	1.0	none	False	sub-129	similar	alpha	gamma	-0.42412264513625214
fit-rw_positive-full-prior1	rw_positive	full	1.0	none	False	sub-129	similar	alpha	f0	-0.6362221218903403
fit-rw_positive-full-prior1	rw_positive	full	1.0	none	False	sub-129	similar	alpha	epsilon	0.3506059091197467
fit-rw_positive-full-prior1	rw_positive	full	1.0	none	False	sub-129	similar	gamma	f0	0.5069048653221692
fit-rw_positive-full-prior1	rw_positive	full	1.0	none	False	sub-129	similar	gamma	epsilon	-0.2298512031942638
fit-rw_positive-full-prior1	rw_positive	full	1.0	none	False	sub-129	similar	f0	epsilon	-0.28271115638834915
fit-rw_positive-full-prior1	rw_positive	full	1.0	none	False	sub-129	dissimilar	alpha	gamma	-0.4886999401107428
fit-rw_positive-full-prior1	rw_positive	full	1.0	none	False	sub-129	dissimilar	alpha	f0	-0.6401528120958977
fit-rw_positive-full-prior1	rw_positive	full	1.0	none	False	sub-129	dissimilar	alpha	epsilon	0.37350790969859277
fit-rw_positive-full-prior1	rw_positive	full	1.0	none	False	sub-129	dissimilar	gamma	f0	0.6683185759109266
fit-rw_positive-full-prior1	rw_positive	full	1.0	none	False	sub-129	dissimilar	gamma	epsilon	-0.2580141360452566
fit-rw_positive-full-prior1	rw_positive	full	1.0	none	False	sub-129	dissimilar	f0	epsilon	-0.29195012282042754
fit-rw_positive-full-prior1	rw_positive	full	1.0	none	False	sub-130	computer	alpha	gamma	-0.008375841453929354
fit-rw_positive-full-prior1	rw_positive	full	1.0	none	False	sub-130	computer	alpha	f0	-0.1809928437860983
fit-rw_positive-full-prior1	rw_positive	full	1.0	none	False	sub-130	computer	alpha	epsilon	-0.09048675679689135
fit-rw_positive-full-prior1	rw_positive	full	1.0	none	False	sub-130	computer	gamma	f0	0.047356132559101594
fit-rw_positive-full-prior1	rw_positive	full	1.0	none	False	sub-130	computer	gamma	epsilon	0.019910453714969332
fit-rw_positive-full-prior1	rw_positive	full	1.0	none	False	sub-130	computer	f0	epsilon	0.6226809469279018
fit-rw_positive-full-prior1	rw_positive	full	1.0	none	False	sub-130	similar	alpha	gamma	-0.025694629514087405
fit-rw_positive-full-prior1	rw_positive	full	1.0	none	False	sub-130	similar	alpha	f0	-0.1779297716849348
fit-rw_positive-full-prior1	rw_positive	full	1.0	none	False	sub-130	similar	alpha	epsilon	-0.09093107220521862
fit-rw_positive-full-prior1	rw_positive	full	1.0	none	False	sub-130	similar	gamma	f0	0.05071557859758586
fit-rw_positive-full-prior1	rw_positive	full	1.0	none	False	sub-130	similar	gamma	epsilon	0.01255102423793088
fit-rw_positive-full-prior1	rw_positive	full	1.0	none	False	sub-130	similar	f0	epsilon	0.6179306261299009
fit-rw_positive-full-prior1	rw_positive	full	1.0	none	False	sub-130	dissimilar	alpha	gamma	-0.005888791808950112
fit-rw_positive-full-prior1	rw_positive	full	1.0	none	False	sub-130	dissimilar	alpha	f0	-0.17860319241076836
fit-rw_positive-full-prior1	rw_positive	full	1.0	none	False	sub-130	dissimilar	alpha	epsilon	-0.09264056156907233
fit-rw_positive-full-prior1	rw_positive	full	1.0	none	False	sub-130	dissimilar	gamma	f0	0.03927005857010539
fit-rw_positive-full-prior1	rw_positive	full	1.0	none	False	sub-130	dissimilar	gamma	epsilon	0.01689727071330321
fit-rw_positive-full-prior1	rw_positive	full	1.0	none	False	sub-130	dissimilar	f0	epsilon	0.6269485148863679
fit-rw_positive-full-prior1	rw_positive	full	1.0	none	False	sub-132	computer	alpha	gamma	-0.08862064630251905
fit-rw_positive-full-prior1	rw_positive	full	1.0	none	False	sub-132	computer	alpha	f0	-0.19521327180190984
fit-rw_positive-full-prior1	rw_positive	full	1.0	none	False	sub-132	computer	alpha	epsilon	-0.055973799876149144
fit-rw_positive-full-prior1	rw_positive	full	1.0	none	False	sub-132	computer	gamma	f0	0.3190299384616546
fit-rw_positive-full-prior1	rw_positive	full	1.0	none	False	sub-132	computer	gamma	epsilon	0.007668991804988005
fit-rw_positive-full-prior1	rw_positive	full	1.0	none	False	sub-132	computer	f0	epsilon	0.45775359705037344
fit-rw_positive-full-prior1	rw_positive	full	1.0	none	False	sub-132	similar	alpha	gamma	-0.07887363625506652
fit-rw_positive-full-prior1	rw_positive	full	1.0	none	False	sub-132	similar	alpha	f0	-0.18397331059781308
fit-rw_positive-full-prior1	rw_positive	full	1.0	none	False	sub-132	similar	alpha	epsilon	-0.05736841020673328
fit-rw_positive-full-prior1	rw_positive	full	1.0	none	False	sub-132	similar	gamma	f0	0.2474308589137038
fit-rw_positive-full-prior1	rw_positive	full	1.0	none	False	sub-132	similar	gamma	epsilon	0.020181592894254988
fit-rw_positive-full-prior1	rw_positive	full	1.0	none	False	sub-132	similar	f0	epsilon	0.49077429063397787
fit-rw_positive-full-prior1	rw_positive	full	1.0	none	False	sub-132	dissimilar	alpha	gamma	-0.07490283723615125
fit-rw_positive-full-prior1	rw_positive	full	1.0	none	False	sub-132	dissimilar	alpha	f0	-0.1886998800449655
fit-rw_positive-full-prior1	rw_positive	full	1.0	none	False	sub-132	dissimilar	alpha	epsilon	-0.058844433563169166
fit-rw_positive-full-prior1	rw_positive	full	1.0	none	False	sub-132	dissimilar	gamma	f0	0.23795484107425055
fit-rw_positive-full-prior1	rw_positive	full	1.0	none	False	sub-132	dissimilar	gamma	epsilon	0.02406141725077632
fit-rw_positive-full-prior1	rw_positive	full	1.0	none	False	sub-132	dissimilar	f0	epsilon	0.4857530178847312
fit-rw_positive-full-prior1	rw_positive	full	1.0	none	False	sub-133	computer	alpha	gamma	-0.20535645793908103
fit-rw_positive-full-prior1	rw_positive	full	1.0	none	False	sub-133	computer	alpha	f0	-0.4296930589754675
fit-rw_positive-full-prior1	rw_positive	full	1.0	none	False	sub-133	computer	alpha	epsilon	-0.1639453525073296
fit-rw_positive-full-prior1	rw_positive	full	1.0	none	False	sub-133	computer	gamma	f0	0.3488343164564194
fit-rw_positive-full-prior1	rw_positive	full	1.0	none	False	sub-133	computer	gamma	epsilon	0.0750184623866927
fit-rw_positive-full-prior1	rw_positive	full	1.0	none	False	sub-133	computer	f0	epsilon	0.46001741390450795
fit-rw_positive-full-prior1	rw_positive	full	1.0	none	False	sub-133	similar	alpha	gamma	-0.21138196789827862
fit-rw_positive-full-prior1	rw_positive	full	1.0	none	False	sub-133	similar	alpha	f0	-0.43713467630572433
fit-rw_positive-full-prior1	rw_positive	full	1.0	none	False	sub-133	similar	alpha	epsilon	-0.1465714403757647
fit-rw_positive-full-prior1	rw_positive	full	1.0	none	False	sub-133	similar	gamma	f0	0.4044672797902598
fit-rw_positive-full-prior1	rw_positive	full	1.0	none	False	sub-133	similar	gamma	epsilon	0.02415058118108383
fit-rw_positive-full-prior1	rw_positive	full	1.0	none	False	sub-133	similar	f0	epsilon	0.3918946774807141
fit-rw_positive-full-prior1	rw_positive	full	1.0	none	False	sub-133	dissimilar	alpha	gamma	-0.18524458077266392
fit-rw_positive-full-prior1	rw_positive	full	1.0	none	False	sub-133	dissimilar	alpha	f0	-0.4278360641736572
fit-rw_positive-full-prior1	rw_positive	full	1.0	none	False	sub-133	dissimilar	alpha	epsilon	-0.16032649802376012
fit-rw_positive-full-prior1	rw_positive	full	1.0	none	False	sub-133	dissimilar	gamma	f0	0.34024348539348914
fit-rw_positive-full-prior1	rw_positive	full	1.0	none	False	sub-133	dissimilar	gamma	epsilon	0.0712835679457784
fit-rw_positive-full-prior1	rw_positive	full	1.0	none	False	sub-133	dissimilar	f0	epsilon	0.4405083065575159
fit-rw_positive-full-prior1	rw_positive	full	1.0	none	False	sub-134	computer	alpha	gamma	-0.13342664392844503
fit-rw_positive-full-prior1	rw_positive	full	1.0	none	False	sub-134	computer	alpha	f0	-0.4043680813109693
fit-rw_positive-full-prior1	rw_positive	full	1.0	none	False	sub-134	computer	alpha	epsilon	-0.11422139913442694
fit-rw_positive-full-prior1	rw_positive	full	1.0	none	False	sub-134	computer	gamma	f0	0.22894672824614593
fit-rw_positive-full-prior1	rw_positive	full	1.0	none	False	sub-134	computer	gamma	epsilon	-0.02642027196547235
fit-rw_positive-full-prior1	rw_positive	full	1.0	none	False	sub-134	computer	f0	epsilon	0.2652851680790912
fit-rw_positive-full-prior1	rw_positive	full	1.0	none	False	sub-134	similar	alpha	gamma	-0.08454351534506348
fit-rw_positive-full-prior1	rw_positive	full	1.0	none	False	sub-134	similar	alpha	f0	-0.38876044556275335
fit-rw_positive-full-prior1	rw_positive	full	1.0	none	False	sub-134	similar	alpha	epsilon	-0.11215347498411361
fit-rw_positive-full-prior1	rw_positive	full	1.0	none	False	sub-134	similar	gamma	f0	0.2154524528495344
fit-rw_positive-full-prior1	rw_positive	full	1.0	none	False	sub-134	similar	gamma	epsilon	-0.02811552725086315
fit-rw_positive-full-prior1	rw_positive	full	1.0	none	False	sub-134	similar	f0	epsilon	0.2519750043159133
fit-rw_positive-full-prior1	rw_positive	full	1.0	none	False	sub-134	dissimilar	alpha	gamma	-0.14189128209475102
fit-rw_positive-full-prior1	rw_positive	full	1.0	none	False	sub-134	dissimilar	alpha	f0	-0.40514385468010894
fit-rw_positive-full-prior1	rw_positive	full	1.0	none	False	sub-134	dissimilar	alpha	epsilon	-0.11852526824246037
fit-rw_positive-full-prior1	rw_positive	full	1.0	none	False	sub-134	dissimilar	gamma	f0	0.19213030235625608
fit-rw_positive-full-prior1	rw_positive	full	1.0	none	False	sub-134	dissimilar	gamma	epsilon	-0.03936119588408487
fit-rw_positive-full-prior1	rw_positive	full	1.0	none	False	sub-134	dissimilar	f0	epsilon	0.28097193118790065
fit-rw_positive-full-prior1	rw_positive	full	1.0	none	False	sub-135	computer	alpha	gamma	-0.456154322768066
fit-rw_positive-full-prior1	rw_positive	full	1.0	none	False	sub-135	computer	alpha	f0	-0.8020383245572357
fit-rw_positive-full-prior1	rw_positive	full	1.0	none	False	sub-135	computer	alpha	epsilon	0.07879649142177338
fit-rw_positive-full-prior1	rw_positive	full	1.0	none	False	sub-135	computer	gamma	f0	0.42135348071225665
fit-rw_positive-full-prior1	rw_positive	full	1.0	none	False	sub-135	computer	gamma	epsilon	-0.11741934142731399
fit-rw_positive-full-prior1	rw_positive	full	1.0	none	False	sub-135	computer	f0	epsilon	-0.017733997994882036
fit-rw_positive-full-prior1	rw_positive	full	1.0	none	False	sub-135	similar	alpha	gamma	-0.26714071099675607
fit-rw_positive-full-prior1	rw_positive	full	1.0	none	False	sub-135	similar	alpha	f0	-0.8104904696627537
fit-rw_positive-full-prior1	rw_positive	full	1.0	none	False	sub-135	similar	alpha	epsilon	0.11018894740730098
fit-rw_positive-full-prior1	rw_positive	full	1.0	none	False	sub-135	similar	gamma	f0	0.2547843898257886
fit-rw_positive-full-prior1	rw_positive	full	1.0	none	False	sub-135	similar	gamma	epsilon	-0.10261297955278156
fit-rw_positive-full-prior1	rw_positive	full	1.0	none	False	sub-135	similar	f0	epsilon	-0.0453116104711416
fit-rw_positive-full-prior1	rw_positive	full	1.0	none	False	sub-135	dissimilar	alpha	gamma	-0.5263347453389194
fit-rw_positive-full-prior1	rw_positive	full	1.0	none	False	sub-135	dissimilar	alpha	f0	-0.7912379927636511
fit-rw_positive-full-prior1	rw_positive	full	1.0	none	False	sub-135	dissimilar	alpha	epsilon	0.09046864802825727
fit-rw_positive-full-prior1	rw_positive	full	1.0	none	False	sub-135	dissimilar	gamma	f0	0.47094798461397336
fit-rw_positive-full-prior1	rw_positive	full	1.0	none	False	sub-135	dissimilar	gamma	epsilon	-0.1060632731907923
fit-rw_positive-full-prior1	rw_positive	full	1.0	none	False	sub-135	dissimilar	f0	epsilon	-0.040766584800599616
fit-rw_positive-full-prior1	rw_positive	full	1.0	none	False	sub-136	computer	alpha	gamma	-0.3027671959023961
fit-rw_positive-full-prior1	rw_positive	full	1.0	none	False	sub-136	computer	alpha	f0	-0.6926103252300555
fit-rw_positive-full-prior1	rw_positive	full	1.0	none	False	sub-136	computer	alpha	epsilon	0.5483918550149929
fit-rw_positive-full-prior1	rw_positive	full	1.0	none	False	sub-136	computer	gamma	f0	0.22519024083023753
fit-rw_positive-full-prior1	rw_positive	full	1.0	none	False	sub-136	computer	gamma	epsilon	-0.15700850307006325
fit-rw_positive-full-prior1	rw_positive	full	1.0	none	False	sub-136	computer	f0	epsilon	-0.05423316108290839
fit-rw_positive-full-prior1	rw_positive	full	1.0	none	False	sub-136	similar	alpha	gamma	-0.16964102351153235
fit-rw_positive-full-prior1	rw_positive	full	1.0	none	False	sub-136	similar	alpha	f0	-0.6977532025141429
fit-rw_positive-full-prior1	rw_positive	full	1.0	none	False	sub-136	similar	alpha	epsilon	0.5915441251168988
fit-rw_positive-full-prior1	rw_positive	full	1.0	none	False	sub-136	similar	gamma	f0	0.21227541298113475
fit-rw_positive-full-prior1	rw_positive	full	1.0	none	False	sub-136	similar	gamma	epsilon	-0.14725971019733966
fit-rw_positive-full-prior1	rw_positive	full	1.0	none	False	sub-136	similar	f0	epsilon	-0.09306145778213448
fit-rw_positive-full-prior1	rw_positive	full	1.0	none	False	sub-136	dissimilar	alpha	gamma	-0.3198608559152425
fit-rw_positive-full-prior1	rw_positive	full	1.0	none	False	sub-136	dissimilar	alpha	f0	-0.6531297897268934
fit-rw_positive-full-prior1	rw_positive	full	1.0	none	False	sub-136	dissimilar	alpha	epsilon	0.5437114457504043
fit-rw_positive-full-prior1	rw_positive	full	1.0	none	False	sub-136	dissimilar	gamma	f0	0.24794813023371504
fit-rw_positive-full-prior1	rw_positive	full	1.0	none	False	sub-136	dissimilar	gamma	epsilon	-0.12624208187588992
fit-rw_positive-full-prior1	rw_positive	full	1.0	none	False	sub-136	dissimilar	f0	epsilon	-0.03574248568196984
fit-rw_positive-full-prior1	rw_positive	full	1.0	none	False	sub-137	computer	alpha	gamma	-0.40150825358436937
fit-rw_positive-full-prior1	rw_positive	full	1.0	none	False	sub-137	computer	alpha	f0	-0.6555715226380648
fit-rw_positive-full-prior1	rw_positive	full	1.0	none	False	sub-137	computer	alpha	epsilon	0.12856206379620919
fit-rw_positive-full-prior1	rw_positive	full	1.0	none	False	sub-137	computer	gamma	f0	0.5103353958187817
fit-rw_positive-full-prior1	rw_positive	full	1.0	none	False	sub-137	computer	gamma	epsilon	-0.12503325326494732
fit-rw_positive-full-prior1	rw_positive	full	1.0	none	False	sub-137	computer	f0	epsilon	-0.10812145994261786
fit-rw_positive-full-prior1	rw_positive	full	1.0	none	False	sub-137	similar	alpha	gamma	-0.46584854868114517
fit-rw_positive-full-prior1	rw_positive	full	1.0	none	False	sub-137	similar	alpha	f0	-0.6264591854791318
fit-rw_positive-full-prior1	rw_positive	full	1.0	none	False	sub-137	similar	alpha	epsilon	0.1306450753084843
fit-rw_positive-full-prior1	rw_positive	full	1.0	none	False	sub-137	similar	gamma	f0	0.6117431650582383
fit-rw_positive-full-prior1	rw_positive	full	1.0	none	False	sub-137	similar	gamma	epsilon	-0.1206728789713888
fit-rw_positive-full-prior1	rw_positive	full	1.0	none	False	sub-137	similar	f0	epsilon	-0.11469769156361644
fit-rw_positive-full-prior1	rw_positive	full	1.0	none	False	sub-137	dissimilar	alpha	gamma	-0.2775164256764311
fit-rw_positive-full-prior1	rw_positive	full	1.0	none	False	sub-137	dissimilar	alpha	f0	-0.6443956891672472
fit-rw_positive-full-prior1	rw_positive	full	1.0	none	False	sub-137	dissimilar	alpha	epsilon	0.15806909667745034
fit-rw_positive-full-prior1	rw_positive	full	1.0	none	False	sub-137	dissimilar	gamma	f0	0.3715842686926042
fit-rw_positive-full-prior1	rw_positive	full	1.0	none	False	sub-137	dissimilar	gamma	epsilon	-0.12362319647857879
fit-rw_positive-full-prior1	rw_positive	full	1.0	none	False	sub-137	dissimilar	f0	epsilon	-0.15080638483014097
fit-rw_positive-full-prior1	rw_positive	full	1.0	none	False	sub-138	computer	alpha	gamma	-0.15376618307332054
fit-rw_positive-full-prior1	rw_positive	full	1.0	none	False	sub-138	computer	alpha	f0	-0.6446050205121007
fit-rw_positive-full-prior1	rw_positive	full	1.0	none	False	sub-138	computer	alpha	epsilon	0.5104912666663644
fit-rw_positive-full-prior1	rw_positive	full	1.0	none	False	sub-138	computer	gamma	f0	0.20286864424732196
fit-rw_positive-full-prior1	rw_positive	full	1.0	none	False	sub-138	computer	gamma	epsilon	-0.09421012606322973
fit-rw_positive-full-prior1	rw_positive	full	1.0	none	False	sub-138	computer	f0	epsilon	-0.35262595422212245
fit-rw_positive-full-prior1	rw_positive	full	1.0	none	False	sub-138	similar	alpha	gamma	-0.1519252998860953
fit-rw_positive-full-prior1	rw_positive	full	1.0	none	False	sub-138	similar	alpha	f0	-0.6288111802720425
fit-rw_positive-full-prior1	rw_positive	full	1.0	none	False	sub-138	similar	alpha	epsilon	0.5631907575866415
fit-rw_positive-full-prior1	rw_positive	full	1.0	none	False	sub-138	similar	gamma	f0	0.24031905088686042
fit-rw_positive-full-prior1	rw_positive	full	1.0	none	False	sub-138	similar	gamma	epsilon	0.014318378261183262
fit-rw_positive-full-prior1	rw_positive	full	1.0	none	False	sub-138	similar	f0	epsilon	-0.39240503191784304
fit-rw_positive-full-prior1	rw_positive	full	1.0	none	False	sub-138	dissimilar	alpha	gamma	-0.25643829889779846
fit-rw_positive-full-prior1	rw_positive	full	1.0	none	False	sub-138	dissimilar	alpha	f0	-0.6290244674339165
fit-rw_positive-full-prior1	rw_positive	full	1.0	none	False	sub-138	dissimilar	alpha	epsilon	0.5427033096734968
fit-rw_positive-full-prior1	rw_positive	full	1.0	none	False	sub-138	dissimilar	gamma	f0	0.3597930997456687
fit-rw_positive-full-prior1	rw_positive	full	1.0	none	False	sub-138	dissimilar	gamma	epsilon	-0.13606269872004984
fit-rw_positive-full-prior1	rw_positive	full	1.0	none	False	sub-138	dissimilar	f0	epsilon	-0.382649521424311
fit-rw_positive-full-prior1	rw_positive	full	1.0	none	False	sub-140	computer	alpha	gamma	-0.19151780063639345
fit-rw_positive-full-prior1	rw_positive	full	1.0	none	False	sub-140	computer	alpha	f0	-0.705242501097064
fit-rw_positive-full-prior1	rw_positive	full	1.0	none	False	sub-140	computer	alpha	epsilon	0.5647520699251036
fit-rw_positive-full-prior1	rw_positive	full	1.0	none	False	sub-140	computer	gamma	f0	0.2536282962587832
fit-rw_positive-full-prior1	rw_positive	full	1.0	none	False	sub-140	computer	gamma	epsilon	-0.0703867984594891
fit-rw_positive-full-prior1	rw_positive	full	1.0	none	False	sub-140	computer	f0	epsilon	-0.42862161545650995
fit-rw_positive-full-prior1	rw_positive	full	1.0	none	False	sub-140	similar	alpha	gamma	-0.1963394292338584
fit-rw_positive-full-prior1	rw_positive	full	1.0	none	False	sub-140	similar	alpha	f0	-0.7091235912427541
fit-rw_positive-full-prior1	rw_positive	full	1.0	none	False	sub-140	similar	alpha	epsilon	0.5801546810891312
fit-rw_positive-full-prior1	rw_positive	full	1.0	none	False	sub-140	similar	gamma	f0	0.29854564668282535
fit-rw_positive-full-prior1	rw_positive	full	1.0	none	False	sub-140	similar	gamma	epsilon	-0.048180711201508825
fit-rw_positive-full-prior1	rw_positive	full	1.0	none	False	sub-140	similar	f0	epsilon	-0.4525692464213314
fit-rw_positive-full-prior1	rw_positive	full	1.0	none	False	sub-140	dissimilar	alpha	gamma	-0.26771916948607505
fit-rw_positive-full-prior1	rw_positive	full	1.0	none	False	sub-140	dissimilar	alpha	f0	-0.7061213954764536
fit-rw_positive-full-prior1	rw_positive	full	1.0	none	False	sub-140	dissimilar	alpha	epsilon	0.5507626899890775
fit-rw_positive-full-prior1	rw_positive	full	1.0	none	False	sub-140	dissimilar	gamma	f0	0.32179429662900005
fit-rw_positive-full-prior1	rw_positive	full	1.0	none	False	sub-140	dissimilar	gamma	epsilon	-0.13493250458682812
fit-rw_positive-full-prior1	rw_positive	full	1.0	none	False	sub-140	dissimilar	f0	epsilon	-0.4342164631105542
fit-rw_positive-full-prior1	rw_positive	full	1.0	none	False	sub-141	computer	alpha	gamma	0.009393771399109076
fit-rw_positive-full-prior1	rw_positive	full	1.0	none	False	sub-141	computer	alpha	f0	-0.07444029225025123
fit-rw_positive-full-prior1	rw_positive	full	1.0	none	False	sub-141	computer	alpha	epsilon	-0.03631675767152967
fit-rw_positive-full-prior1	rw_positive	full	1.0	none	False	sub-141	computer	gamma	f0	0.045008291127973034
fit-rw_positive-full-prior1	rw_positive	full	1.0	none	False	sub-141	computer	gamma	epsilon	0.02556094602821383
fit-rw_positive-full-prior1	rw_positive	full	1.0	none	False	sub-141	computer	f0	epsilon	0.6459364075833864
fit-rw_positive-full-prior1	rw_positive	full	1.0	none	False	sub-141	similar	alpha	gamma	0.009639002283857308
fit-rw_positive-full-prior1	rw_positive	full	1.0	none	False	sub-141	similar	alpha	f0	-0.07695024708445992
fit-rw_positive-full-prior1	rw_positive	full	1.0	none	False	sub-141	similar	alpha	epsilon	-0.037971930459787195
fit-rw_positive-full-prior1	rw_positive	full	1.0	none	False	sub-141	similar	gamma	f0	0.022805105440967595
fit-rw_positive-full-prior1	rw_positive	full	1.0	none	False	sub-141	similar	gamma	epsilon	0.01691123967871848
fit-rw_positive-full-prior1	rw_positive	full	1.0	none	False	sub-141	similar	f0	epsilon	0.6385587764678772
fit-rw_positive-full-prior1	rw_positive	full	1.0	none	False	sub-141	dissimilar	alpha	gamma	-0.004524445973768385
fit-rw_positive-full-prior1	rw_positive	full	1.0	none	False	sub-141	dissimilar	alpha	f0	-0.06493979032199564
fit-rw_positive-full-prior1	rw_positive	full	1.0	none	False	sub-141	dissimilar	alpha	epsilon	-0.032299291479008896
fit-rw_positive-full-prior1	rw_positive	full	1.0	none	False	sub-141	dissimilar	gamma	f0	0.02930183804179343
fit-rw_positive-full-prior1	rw_positive	full	1.0	none	False	sub-141	dissimilar	gamma	epsilon	0.010831802766811574
fit-rw_positive-full-prior1	rw_positive	full	1.0	none	False	sub-141	dissimilar	f0	epsilon	0.6429283464340331
fit-rw_positive-full-prior1	rw_positive	full	1.0	none	False	sub-142	computer	alpha	gamma	-0.22514557854650105
fit-rw_positive-full-prior1	rw_positive	full	1.0	none	False	sub-142	computer	alpha	f0	-0.438205894343854
fit-rw_positive-full-prior1	rw_positive	full	1.0	none	False	sub-142	computer	alpha	epsilon	-0.17318905798503803
fit-rw_positive-full-prior1	rw_positive	full	1.0	none	False	sub-142	computer	gamma	f0	0.3178775014442101
fit-rw_positive-full-prior1	rw_positive	full	1.0	none	False	sub-142	computer	gamma	epsilon	0.04099755154233644
fit-rw_positive-full-prior1	rw_positive	full	1.0	none	False	sub-142	computer	f0	epsilon	0.6117294739047217
fit-rw_positive-full-prior1	rw_positive	full	1.0	none	False	sub-142	similar	alpha	gamma	-0.22605236037609316
fit-rw_positive-full-prior1	rw_positive	full	1.0	none	False	sub-142	similar	alpha	f0	-0.43270262879279214
fit-rw_positive-full-prior1	rw_positive	full	1.0	none	False	sub-142	similar	alpha	epsilon	-0.1596420075906409
fit-rw_positive-full-prior1	rw_positive	full	1.0	none	False	sub-142	similar	gamma	f0	0.42212093629973396
fit-rw_positive-full-prior1	rw_positive	full	1.0	none	False	sub-142	similar	gamma	epsilon	0.09799401510996186
fit-rw_positive-full-prior1	rw_positive	full	1.0	none	False	sub-142	similar	f0	epsilon	0.5836974758177919
fit-rw_positive-full-prior1	rw_positive	full	1.0	none	False	sub-142	dissimilar	alpha	gamma	-0.17976634566772814
fit-rw_positive-full-prior1	rw_positive	full	1.0	none	False	sub-142	dissimilar	alpha	f0	-0.4477157932801145
fit-rw_positive-full-prior1	rw_positive	full	1.0	none	False	sub-142	dissimilar	alpha	epsilon	-0.1777469067630878
fit-rw_positive-full-prior1	rw_positive	full	1.0	none	False	sub-142	dissimilar	gamma	f0	0.19083992830928967
fit-rw_positive-full-prior1	rw_positive	full	1.0	none	False	sub-142	dissimilar	gamma	epsilon	-0.06174193049719867
fit-rw_positive-full-prior1	rw_positive	full	1.0	none	False	sub-142	dissimilar	f0	epsilon	0.6116258852219026
fit-rw_positive-full-prior1	rw_positive	full	1.0	none	False	sub-143	computer	alpha	gamma	-0.25098942877278213
fit-rw_positive-full-prior1	rw_positive	full	1.0	none	False	sub-143	computer	alpha	f0	-0.6203395921344201
fit-rw_positive-full-prior1	rw_positive	full	1.0	none	False	sub-143	computer	alpha	epsilon	-0.049860558618471586
fit-rw_positive-full-prior1	rw_positive	full	1.0	none	False	sub-143	computer	gamma	f0	0.29886865593611384
fit-rw_positive-full-prior1	rw_positive	full	1.0	none	False	sub-143	computer	gamma	epsilon	-0.07377199464675757
fit-rw_positive-full-prior1	rw_positive	full	1.0	none	False	sub-143	computer	f0	epsilon	-0.1384952924562322
fit-rw_positive-full-prior1	rw_positive	full	1.0	none	False	sub-143	similar	alpha	gamma	-0.3006800142048774
fit-rw_positive-full-prior1	rw_positive	full	1.0	none	False	sub-143	similar	alpha	f0	-0.6088322305806737
fit-rw_positive-full-prior1	rw_positive	full	1.0	none	False	sub-143	similar	alpha	epsilon	-0.060080800647247405
fit-rw_positive-full-prior1	rw_positive	full	1.0	none	False	sub-143	similar	gamma	f0	0.2712474252026311
fit-rw_positive-full-prior1	rw_positive	full	1.0	none	False	sub-143	similar	gamma	epsilon	-0.02227950047125397
fit-rw_positive-full-prior1	rw_positive	full	1.0	none	False	sub-143	similar	f0	epsilon	-0.10167547865803614
fit-rw_positive-full-prior1	rw_positive	full	1.0	none	False	sub-143	dissimilar	alpha	gamma	-0.3029551282241937
fit-rw_positive-full-prior1	rw_positive	full	1.0	none	False	sub-143	dissimilar	alpha	f0	-0.623162500946398
fit-rw_positive-full-prior1	rw_positive	full	1.0	none	False	sub-143	dissimilar	alpha	epsilon	-0.03315375219377154
fit-rw_positive-full-prior1	rw_positive	full	1.0	none	False	sub-143	dissimilar	gamma	f0	0.3657263909053466
fit-rw_positive-full-prior1	rw_positive	full	1.0	none	False	sub-143	dissimilar	gamma	epsilon	-0.051231610535979986
fit-rw_positive-full-prior1	rw_positive	full	1.0	none	False	sub-143	dissimilar	f0	epsilon	-0.2007824966516868
fit-rw_positive-full-prior1	rw_positive	full	1.0	none	False	sub-144	computer	alpha	gamma	-0.26314678018461984
fit-rw_positive-full-prior1	rw_positive	full	1.0	none	False	sub-144	computer	alpha	f0	-0.6384852594861968
fit-rw_positive-full-prior1	rw_positive	full	1.0	none	False	sub-144	computer	alpha	epsilon	0.11713867616598031
fit-rw_positive-full-prior1	rw_positive	full	1.0	none	False	sub-144	computer	gamma	f0	0.3336553587899882
fit-rw_positive-full-prior1	rw_positive	full	1.0	none	False	sub-144	computer	gamma	epsilon	-0.16434645053691893
fit-rw_positive-full-prior1	rw_positive	full	1.0	none	False	sub-144	computer	f0	epsilon	-0.08446268204030749
fit-rw_positive-full-prior1	rw_positive	full	1.0	none	False	sub-144	similar	alpha	gamma	-0.21647216397225452
fit-rw_positive-full-prior1	rw_positive	full	1.0	none	False	sub-144	similar	alpha	f0	-0.6152639664878112
fit-rw_positive-full-prior1	rw_positive	full	1.0	none	False	sub-144	similar	alpha	epsilon	0.14977929392395561
fit-rw_positive-full-prior1	rw_positive	full	1.0	none	False	sub-144	similar	gamma	f0	0.2846182632959462
fit-rw_positive-full-prior1	rw_positive	full	1.0	none	False	sub-144	similar	gamma	epsilon	-0.11965005928366894
fit-rw_positive-full-prior1	rw_positive	full	1.0	none	False	sub-144	similar	f0	epsilon	-0.11366366323259441
fit-rw_positive-full-prior1	rw_positive	full	1.0	none	False	sub-144	dissimilar	alpha	gamma	-0.2420767076787895
fit-rw_positive-full-prior1	rw_positive	full	1.0	none	False	sub-144	dissimilar	alpha	f0	-0.6507533536228747
fit-rw_positive-full-prior1	rw_positive	full	1.0	none	False	sub-144	dissimilar	alpha	epsilon	0.12510498237902848
fit-rw_positive-full-prior1	rw_positive	full	1.0	none	False	sub-144	dissimilar	gamma	f0	0.3237950217556524
fit-rw_positive-full-prior1	rw_positive	full	1.0	none	False	sub-144	dissimilar	gamma	epsilon	-0.23809166504845614
fit-rw_positive-full-prior1	rw_positive	full	1.0	none	False	sub-144	dissimilar	f0	epsilon	-0.1141708792499902
fit-rw_positive-full-prior1	rw_positive	full	1.0	none	False	sub-147	computer	alpha	gamma	-0.2532439127317608
fit-rw_positive-full-prior1	rw_positive	full	1.0	none	False	sub-147	computer	alpha	f0	-0.40518296291371375
fit-rw_positive-full-prior1	rw_positive	full	1.0	none	False	sub-147	computer	alpha	epsilon	-0.20637677635025484
fit-rw_positive-full-prior1	rw_positive	full	1.0	none	False	sub-147	computer	gamma	f0	0.11988255108853273
fit-rw_positive-full-prior1	rw_positive	full	1.0	none	False	sub-147	computer	gamma	epsilon	0.04433365379336865
fit-rw_positive-full-prior1	rw_positive	full	1.0	none	False	sub-147	computer	f0	epsilon	-0.37684248353456384
fit-rw_positive-full-prior1	rw_positive	full	1.0	none	False	sub-147	similar	alpha	gamma	-0.07880168097283705
fit-rw_positive-full-prior1	rw_positive	full	1.0	none	False	sub-147	similar	alpha	f0	-0.3739113501354116
fit-rw_positive-full-prior1	rw_positive	full	1.0	none	False	sub-147	similar	alpha	epsilon	-0.13914125532297922
fit-rw_positive-full-prior1	rw_positive	full	1.0	none	False	sub-147	similar	gamma	f0	0.15116214446577084
fit-rw_positive-full-prior1	rw_positive	full	1.0	none	False	sub-147	similar	gamma	epsilon	-0.058188636657881446
fit-rw_positive-full-prior1	rw_positive	full	1.0	none	False	sub-147	similar	f0	epsilon	-0.5120824566503768
fit-rw_positive-full-prior1	rw_positive	full	1.0	none	False	sub-147	dissimilar	alpha	gamma	-0.24354974760869932
fit-rw_positive-full-prior1	rw_positive	full	1.0	none	False	sub-147	dissimilar	alpha	f0	-0.4007458933962238
fit-rw_positive-full-prior1	rw_positive	full	1.0	none	False	sub-147	dissimilar	alpha	epsilon	-0.18134399996605594
fit-rw_positive-full-prior1	rw_positive	full	1.0	none	False	sub-147	dissimilar	gamma	f0	0.02921631288613651
fit-rw_positive-full-prior1	rw_positive	full	1.0	none	False	sub-147	dissimilar	gamma	epsilon	0.13840508834007978
fit-rw_positive-full-prior1	rw_positive	full	1.0	none	False	sub-147	dissimilar	f0	epsilon	-0.43728139146083195
fit-rw_positive-full-prior1	rw_positive	full	1.0	none	False	sub-149	computer	alpha	gamma	-0.18253149502224014
fit-rw_positive-full-prior1	rw_positive	full	1.0	none	False	sub-149	computer	alpha	f0	-0.32812093610850296
fit-rw_positive-full-prior1	rw_positive	full	1.0	none	False	sub-149	computer	alpha	epsilon	-0.07393136964580686
fit-rw_positive-full-prior1	rw_positive	full	1.0	none	False	sub-149	computer	gamma	f0	0.3294831157562281
fit-rw_positive-full-prior1	rw_positive	full	1.0	none	False	sub-149	computer	gamma	epsilon	-0.017848834953804064
fit-rw_positive-full-prior1	rw_positive	full	1.0	none	False	sub-149	computer	f0	epsilon	0.1511174565915079
fit-rw_positive-full-prior1	rw_positive	full	1.0	none	False	sub-149	similar	alpha	gamma	-0.15511784007268395
fit-rw_positive-full-prior1	rw_positive	full	1.0	none	False	sub-149	similar	alpha	f0	-0.33326278305514767
fit-rw_positive-full-prior1	rw_positive	full	1.0	none	False	sub-149	similar	alpha	epsilon	-0.07240759720902737
fit-rw_positive-full-prior1	rw_positive	full	1.0	none	False	sub-149	similar	gamma	f0	0.2837909998094333
fit-rw_positive-full-prior1	rw_positive	full	1.0	none	False	sub-149	similar	gamma	epsilon	-0.02594836902949295
fit-rw_positive-full-prior1	rw_positive	full	1.0	none	False	sub-149	similar	f0	epsilon	0.14244368756745587
fit-rw_positive-full-prior1	rw_positive	full	1.0	none	False	sub-149	dissimilar	alpha	gamma	-0.17360580202249767
fit-rw_positive-full-prior1	rw_positive	full	1.0	none	False	sub-149	dissimilar	alpha	f0	-0.3500544263637138
fit-rw_positive-full-prior1	rw_positive	full	1.0	none	False	sub-149	dissimilar	alpha	epsilon	-0.07358831053468973
fit-rw_positive-full-prior1	rw_positive	full	1.0	none	False	sub-149	dissimilar	gamma	f0	0.35118726213539964
fit-rw_positive-full-prior1	rw_positive	full	1.0	none	False	sub-149	dissimilar	gamma	epsilon	-0.005028104223446491
fit-rw_positive-full-prior1	rw_positive	full	1.0	none	False	sub-149	dissimilar	f0	epsilon	0.12633429021350354
fit-rw_positive-full-prior1	rw_positive	full	1.0	none	False	sub-150	computer	alpha	gamma	-0.3247313257533054
fit-rw_positive-full-prior1	rw_positive	full	1.0	none	False	sub-150	computer	alpha	f0	-0.704807711291527
fit-rw_positive-full-prior1	rw_positive	full	1.0	none	False	sub-150	computer	alpha	epsilon	0.279877577112539
fit-rw_positive-full-prior1	rw_positive	full	1.0	none	False	sub-150	computer	gamma	f0	0.3737452710078192
fit-rw_positive-full-prior1	rw_positive	full	1.0	none	False	sub-150	computer	gamma	epsilon	0.025441739426847763
fit-rw_positive-full-prior1	rw_positive	full	1.0	none	False	sub-150	computer	f0	epsilon	0.06338999880891383
fit-rw_positive-full-prior1	rw_positive	full	1.0	none	False	sub-150	similar	alpha	gamma	-0.3674492743831248
fit-rw_positive-full-prior1	rw_positive	full	1.0	none	False	sub-150	similar	alpha	f0	-0.6944152936619029
fit-rw_positive-full-prior1	rw_positive	full	1.0	none	False	sub-150	similar	alpha	epsilon	0.21531540131503243
fit-rw_positive-full-prior1	rw_positive	full	1.0	none	False	sub-150	similar	gamma	f0	0.3385341190254635
fit-rw_positive-full-prior1	rw_positive	full	1.0	none	False	sub-150	similar	gamma	epsilon	-0.1263779309396509
fit-rw_positive-full-prior1	rw_positive	full	1.0	none	False	sub-150	similar	f0	epsilon	0.07194792750417434
fit-rw_positive-full-prior1	rw_positive	full	1.0	none	False	sub-150	dissimilar	alpha	gamma	-0.3131545065757858
fit-rw_positive-full-prior1	rw_positive	full	1.0	none	False	sub-150	dissimilar	alpha	f0	-0.7324741977592875
fit-rw_positive-full-prior1	rw_positive	full	1.0	none	False	sub-150	dissimilar	alpha	epsilon	0.3680808893015058
fit-rw_positive-full-prior1	rw_positive	full	1.0	none	False	sub-150	dissimilar	gamma	f0	0.3982898483223209
fit-rw_positive-full-prior1	rw_positive	full	1.0	none	False	sub-150	dissimilar	gamma	epsilon	-0.10465846985791094
fit-rw_positive-full-prior1	rw_positive	full	1.0	none	False	sub-150	dissimilar	f0	epsilon	-0.07441238945030641
fit-rw_positive-full-prior1	rw_positive	full	1.0	none	False	sub-151	computer	alpha	gamma	-0.43782370255653025
fit-rw_positive-full-prior1	rw_positive	full	1.0	none	False	sub-151	computer	alpha	f0	-0.7471038378550183
fit-rw_positive-full-prior1	rw_positive	full	1.0	none	False	sub-151	computer	alpha	epsilon	0.1276875844149746
fit-rw_positive-full-prior1	rw_positive	full	1.0	none	False	sub-151	computer	gamma	f0	0.4665564054558221
fit-rw_positive-full-prior1	rw_positive	full	1.0	none	False	sub-151	computer	gamma	epsilon	-0.1770517524704569
fit-rw_positive-full-prior1	rw_positive	full	1.0	none	False	sub-151	computer	f0	epsilon	-0.08946284980864559
fit-rw_positive-full-prior1	rw_positive	full	1.0	none	False	sub-151	similar	alpha	gamma	-0.46439037156164714
fit-rw_positive-full-prior1	rw_positive	full	1.0	none	False	sub-151	similar	alpha	f0	-0.7415013259932569
fit-rw_positive-full-prior1	rw_positive	full	1.0	none	False	sub-151	similar	alpha	epsilon	0.14960849151440492
fit-rw_positive-full-prior1	rw_positive	full	1.0	none	False	sub-151	similar	gamma	f0	0.5202478867679035
fit-rw_positive-full-prior1	rw_positive	full	1.0	none	False	sub-151	similar	gamma	epsilon	-0.12846535878002174
fit-rw_positive-full-prior1	rw_positive	full	1.0	none	False	sub-151	similar	f0	epsilon	-0.11756699295781776
fit-rw_positive-full-prior1	rw_positive	full	1.0	none	False	sub-151	dissimilar	alpha	gamma	-0.35504587468348486
fit-rw_positive-full-prior1	rw_positive	full	1.0	none	False	sub-151	dissimilar	alpha	f0	-0.7416972303758822
fit-rw_positive-full-prior1	rw_positive	full	1.0	none	False	sub-151	dissimilar	alpha	epsilon	0.13847106783518498
fit-rw_positive-full-prior1	rw_positive	full	1.0	none	False	sub-151	dissimilar	gamma	f0	0.37573500079029254
fit-rw_positive-full-prior1	rw_positive	full	1.0	none	False	sub-151	dissimilar	gamma	epsilon	-0.18714534385556725
fit-rw_positive-full-prior1	rw_positive	full	1.0	none	False	sub-151	dissimilar	f0	epsilon	-0.10116198397603156
fit-rw_positive-full-prior1	rw_positive	full	1.0	none	False	sub-152	computer	alpha	gamma	-0.031059112747607465
fit-rw_positive-full-prior1	rw_positive	full	1.0	none	False	sub-152	computer	alpha	f0	-0.15849668811377474
fit-rw_positive-full-prior1	rw_positive	full	1.0	none	False	sub-152	computer	alpha	epsilon	-0.06784208031066251
fit-rw_positive-full-prior1	rw_positive	full	1.0	none	False	sub-152	computer	gamma	f0	0.10273152495844586
fit-rw_positive-full-prior1	rw_positive	full	1.0	none	False	sub-152	computer	gamma	epsilon	0.09113735685289474
fit-rw_positive-full-prior1	rw_positive	full	1.0	none	False	sub-152	computer	f0	epsilon	0.6008053973013547
fit-rw_positive-full-prior1	rw_positive	full	1.0	none	False	sub-152	similar	alpha	gamma	-0.03409280139217729
fit-rw_positive-full-prior1	rw_positive	full	1.0	none	False	sub-152	similar	alpha	f0	-0.15726420302060737
fit-rw_positive-full-prior1	rw_positive	full	1.0	none	False	sub-152	similar	alpha	epsilon	-0.06985035897852722
fit-rw_positive-full-prior1	rw_positive	full	1.0	none	False	sub-152	similar	gamma	f0	0.0842647528914608
fit-rw_positive-full-prior1	rw_positive	full	1.0	none	False	sub-152	similar	gamma	epsilon	0.05630960335804235
fit-rw_positive-full-prior1	rw_positive	full	1.0	none	False	sub-152	similar	f0	epsilon	0.6045274275330231
fit-rw_positive-full-prior1	rw_positive	full	1.0	none	False	sub-152	dissimilar	alpha	gamma	-0.027782841241948752
fit-rw_positive-full-prior1	rw_positive	full	1.0	none	False	sub-152	dissimilar	alpha	f0	-0.16584160723225308
fit-rw_positive-full-prior1	rw_positive	full	1.0	none	False	sub-152	dissimilar	alpha	epsilon	-0.07272710810805169
fit-rw_positive-full-prior1	rw_positive	full	1.0	none	False	sub-152	dissimilar	gamma	f0	0.07922172335824783
fit-rw_positive-full-prior1	rw_positive	full	1.0	none	False	sub-152	dissimilar	gamma	epsilon	0.05735382747468285
fit-rw_positive-full-prior1	rw_positive	full	1.0	none	False	sub-152	dissimilar	f0	epsilon	0.6047406120908647
fit-rw_positive-full-prior1	rw_positive	full	1.0	none	False	sub-153	computer	alpha	gamma	-0.21855197617380648
fit-rw_positive-full-prior1	rw_positive	full	1.0	none	False	sub-153	computer	alpha	f0	-0.7235099628098991
fit-rw_positive-full-prior1	rw_positive	full	1.0	none	False	sub-153	computer	alpha	epsilon	0.327557184176313
fit-rw_positive-full-prior1	rw_positive	full	1.0	none	False	sub-153	computer	gamma	f0	0.2237883522276178
fit-rw_positive-full-prior1	rw_positive	full	1.0	none	False	sub-153	computer	gamma	epsilon	0.14554132207169068
fit-rw_positive-full-prior1	rw_positive	full	1.0	none	False	sub-153	computer	f0	epsilon	-0.30599255741384446
fit-rw_positive-full-prior1	rw_positive	full	1.0	none	False	sub-153	similar	alpha	gamma	-0.3305599084119408
fit-rw_positive-full-prior1	rw_positive	full	1.0	none	False	sub-153	similar	alpha	f0	-0.7007854628094357
fit-rw_positive-full-prior1	rw_positive	full	1.0	none	False	sub-153	similar	alpha	epsilon	0.2940353367653232
fit-rw_positive-full-prior1	rw_positive	full	1.0	none	False	sub-153	similar	gamma	f0	0.24238303317660323
fit-rw_positive-full-prior1	rw_positive	full	1.0	none	False	sub-153	similar	gamma	epsilon	-0.008676616702500155
fit-rw_positive-full-prior1	rw_positive	full	1.0	none	False	sub-153	similar	f0	epsilon	-0.34281596636418943
fit-rw_positive-full-prior1	rw_positive	full	1.0	none	False	sub-153	dissimilar	alpha	gamma	0.07679868972513766
fit-rw_positive-full-prior1	rw_positive	full	1.0	none	False	sub-153	dissimilar	alpha	f0	-0.7225248944556085
fit-rw_positive-full-prior1	rw_positive	full	1.0	none	False	sub-153	dissimilar	alpha	epsilon	0.3128772765474513
fit-rw_positive-full-prior1	rw_positive	full	1.0	none	False	sub-153	dissimilar	gamma	f0	-0.19257825091244507
fit-rw_positive-full-prior1	rw_positive	full	1.0	none	False	sub-153	dissimilar	gamma	epsilon	0.24955258398493096
fit-rw_positive-full-prior1	rw_positive	full	1.0	none	False	sub-153	dissimilar	f0	epsilon	-0.48666797348247
fit-rw_positive-full-prior1	rw_positive	full	1.0	none	False	sub-154	computer	alpha	gamma	-0.5088644219949295
fit-rw_positive-full-prior1	rw_positive	full	1.0	none	False	sub-154	computer	alpha	f0	-0.8187502344440618
fit-rw_positive-full-prior1	rw_positive	full	1.0	none	False	sub-154	computer	alpha	epsilon	0.08211017413218324
fit-rw_positive-full-prior1	rw_positive	full	1.0	none	False	sub-154	computer	gamma	f0	0.5228333872775778
fit-rw_positive-full-prior1	rw_positive	full	1.0	none	False	sub-154	computer	gamma	epsilon	-0.13418015966988406
fit-rw_positive-full-prior1	rw_positive	full	1.0	none	False	sub-154	computer	f0	epsilon	-0.03720031792014724
fit-rw_positive-full-prior1	rw_positive	full	1.0	none	False	sub-154	similar	alpha	gamma	-0.5175991461005557
fit-rw_positive-full-prior1	rw_positive	full	1.0	none	False	sub-154	similar	alpha	f0	-0.8273700180733294
fit-rw_positive-full-prior1	rw_positive	full	1.0	none	False	sub-154	similar	alpha	epsilon	0.10083020521617028
fit-rw_positive-full-prior1	rw_positive	full	1.0	none	False	sub-154	similar	gamma	f0	0.5246167970411181
fit-rw_positive-full-prior1	rw_positive	full	1.0	none	False	sub-154	similar	gamma	epsilon	-0.10874630267770224
fit-rw_positive-full-prior1	rw_positive	full	1.0	none	False	sub-154	similar	f0	epsilon	-0.05458171409068294
fit-rw_positive-full-prior1	rw_positive	full	1.0	none	False	sub-154	dissimilar	alpha	gamma	-0.3605105521752144
fit-rw_positive-full-prior1	rw_positive	full	1.0	none	False	sub-154	dissimilar	alpha	f0	-0.8246205605440621
fit-rw_positive-full-prior1	rw_positive	full	1.0	none	False	sub-154	dissimilar	alpha	epsilon	0.0898844219366479
fit-rw_positive-full-prior1	rw_positive	full	1.0	none	False	sub-154	dissimilar	gamma	f0	0.384741879555651
fit-rw_positive-full-prior1	rw_positive	full	1.0	none	False	sub-154	dissimilar	gamma	epsilon	-0.1399339679779877
fit-rw_positive-full-prior1	rw_positive	full	1.0	none	False	sub-154	dissimilar	f0	epsilon	-0.04817377597324026
fit-rw_positive-full-prior1	rw_positive	full	1.0	none	False	sub-155	computer	alpha	gamma	-0.10700395597956287
fit-rw_positive-full-prior1	rw_positive	full	1.0	none	False	sub-155	computer	alpha	f0	-0.5046052775836629
fit-rw_positive-full-prior1	rw_positive	full	1.0	none	False	sub-155	computer	alpha	epsilon	0.06917281192323974
fit-rw_positive-full-prior1	rw_positive	full	1.0	none	False	sub-155	computer	gamma	f0	0.17001317928211263
fit-rw_positive-full-prior1	rw_positive	full	1.0	none	False	sub-155	computer	gamma	epsilon	-0.005395271028693076
fit-rw_positive-full-prior1	rw_positive	full	1.0	none	False	sub-155	computer	f0	epsilon	-0.0535971816748932
fit-rw_positive-full-prior1	rw_positive	full	1.0	none	False	sub-155	similar	alpha	gamma	-0.10854502528149587
fit-rw_positive-full-prior1	rw_positive	full	1.0	none	False	sub-155	similar	alpha	f0	-0.5193201290238112
fit-rw_positive-full-prior1	rw_positive	full	1.0	none	False	sub-155	similar	alpha	epsilon	0.09812712870935002
fit-rw_positive-full-prior1	rw_positive	full	1.0	none	False	sub-155	similar	gamma	f0	0.1635573325571628
fit-rw_positive-full-prior1	rw_positive	full	1.0	none	False	sub-155	similar	gamma	epsilon	-0.015114239784640677
fit-rw_positive-full-prior1	rw_positive	full	1.0	none	False	sub-155	similar	f0	epsilon	-0.09172926131943333
fit-rw_positive-full-prior1	rw_positive	full	1.0	none	False	sub-155	dissimilar	alpha	gamma	-0.10475297596529418
fit-rw_positive-full-prior1	rw_positive	full	1.0	none	False	sub-155	dissimilar	alpha	f0	-0.4868687400336298
fit-rw_positive-full-prior1	rw_positive	full	1.0	none	False	sub-155	dissimilar	alpha	epsilon	0.07005125369963659
fit-rw_positive-full-prior1	rw_positive	full	1.0	none	False	sub-155	dissimilar	gamma	f0	0.1652595410943936
fit-rw_positive-full-prior1	rw_positive	full	1.0	none	False	sub-155	dissimilar	gamma	epsilon	-0.004991517283217436
fit-rw_positive-full-prior1	rw_positive	full	1.0	none	False	sub-155	dissimilar	f0	epsilon	-0.0657180175761859
fit-rw_positive-full-prior1	rw_positive	full	1.0	none	False	sub-156	computer	alpha	gamma	-0.04810167332481092
fit-rw_positive-full-prior1	rw_positive	full	1.0	none	False	sub-156	computer	alpha	f0	-0.2142770110175008
fit-rw_positive-full-prior1	rw_positive	full	1.0	none	False	sub-156	computer	alpha	epsilon	-0.0806748384619532
fit-rw_positive-full-prior1	rw_positive	full	1.0	none	False	sub-156	computer	gamma	f0	0.1027013833581141
fit-rw_positive-full-prior1	rw_positive	full	1.0	none	False	sub-156	computer	gamma	epsilon	0.016625112966979445
fit-rw_positive-full-prior1	rw_positive	full	1.0	none	False	sub-156	computer	f0	epsilon	0.5126682701982643
fit-rw_positive-full-prior1	rw_positive	full	1.0	none	False	sub-156	similar	alpha	gamma	-0.05417292319543131
fit-rw_positive-full-prior1	rw_positive	full	1.0	none	False	sub-156	similar	alpha	f0	-0.20675610467751543
fit-rw_positive-full-prior1	rw_positive	full	1.0	none	False	sub-156	similar	alpha	epsilon	-0.07920096077770501
fit-rw_positive-full-prior1	rw_positive	full	1.0	none	False	sub-156	similar	gamma	f0	0.09409579490182292
fit-rw_positive-full-prior1	rw_positive	full	1.0	none	False	sub-156	similar	gamma	epsilon	0.015608045998367676
fit-rw_positive-full-prior1	rw_positive	full	1.0	none	False	sub-156	similar	f0	epsilon	0.5101110827557388
fit-rw_positive-full-prior1	rw_positive	full	1.0	none	False	sub-156	dissimilar	alpha	gamma	-0.03799885513681062
fit-rw_positive-full-prior1	rw_positive	full	1.0	none	False	sub-156	dissimilar	alpha	f0	-0.2075271439338097
fit-rw_positive-full-prior1	rw_positive	full	1.0	none	False	sub-156	dissimilar	alpha	epsilon	-0.08071676375225585
fit-rw_positive-full-prior1	rw_positive	full	1.0	none	False	sub-156	dissimilar	gamma	f0	0.0949979300449911
fit-rw_positive-full-prior1	rw_positive	full	1.0	none	False	sub-156	dissimilar	gamma	epsilon	0.024965431006556283
fit-rw_positive-full-prior1	rw_positive	full	1.0	none	False	sub-156	dissimilar	f0	epsilon	0.5157738383567259
fit-rw_positive-full-prior1	rw_positive	full	1.0	none	False	sub-157	computer	alpha	gamma	-0.33423015358735947
fit-rw_positive-full-prior1	rw_positive	full	1.0	none	False	sub-157	computer	alpha	f0	-0.6539746327247509
fit-rw_positive-full-prior1	rw_positive	full	1.0	none	False	sub-157	computer	alpha	epsilon	0.12777646520301836
fit-rw_positive-full-prior1	rw_positive	full	1.0	none	False	sub-157	computer	gamma	f0	0.22135416944063066
fit-rw_positive-full-prior1	rw_positive	full	1.0	none	False	sub-157	computer	gamma	epsilon	0.008409787011535507
fit-rw_positive-full-prior1	rw_positive	full	1.0	none	False	sub-157	computer	f0	epsilon	-0.45019109096743815
fit-rw_positive-full-prior1	rw_positive	full	1.0	none	False	sub-157	similar	alpha	gamma	-0.33909269862550795
fit-rw_positive-full-prior1	rw_positive	full	1.0	none	False	sub-157	similar	alpha	f0	-0.6562645324345627
fit-rw_positive-full-prior1	rw_positive	full	1.0	none	False	sub-157	similar	alpha	epsilon	0.1978632360311142
fit-rw_positive-full-prior1	rw_positive	full	1.0	none	False	sub-157	similar	gamma	f0	0.2302996592085114
fit-rw_positive-full-prior1	rw_positive	full	1.0	none	False	sub-157	similar	gamma	epsilon	0.029067374093584238
fit-rw_positive-full-prior1	rw_positive	full	1.0	none	False	sub-157	similar	f0	epsilon	-0.5338361683462505
fit-rw_positive-full-prior1	rw_positive	full	1.0	none	False	sub-157	dissimilar	alpha	gamma	-0.23465161786872143
fit-rw_positive-full-prior1	rw_positive	full	1.0	none	False	sub-157	dissimilar	alpha	f0	-0.6482919025153377
fit-rw_positive-full-prior1	rw_positive	full	1.0	none	False	sub-157	dissimilar	alpha	epsilon	0.22924897022102306
fit-rw_positive-full-prior1	rw_positive	full	1.0	none	False	sub-157	dissimilar	gamma	f0	0.2458474366462769
fit-rw_positive-full-prior1	rw_positive	full	1.0	none	False	sub-157	dissimilar	gamma	epsilon	0.021939944307045208
fit-rw_positive-full-prior1	rw_positive	full	1.0	none	False	sub-157	dissimilar	f0	epsilon	-0.5291721782797344
fit-rw_positive-full-prior1	rw_positive	full	1.0	none	False	sub-158	computer	alpha	gamma	-0.570578632274198
fit-rw_positive-full-prior1	rw_positive	full	1.0	none	False	sub-158	computer	alpha	f0	-0.8274830268748841
fit-rw_positive-full-prior1	rw_positive	full	1.0	none	False	sub-158	computer	alpha	epsilon	0.21431161012529712
fit-rw_positive-full-prior1	rw_positive	full	1.0	none	False	sub-158	computer	gamma	f0	0.6050925735296967
fit-rw_positive-full-prior1	rw_positive	full	1.0	none	False	sub-158	computer	gamma	epsilon	-0.04174240449516384
fit-rw_positive-full-prior1	rw_positive	full	1.0	none	False	sub-158	computer	f0	epsilon	-0.008691560743233994
fit-rw_positive-full-prior1	rw_positive	full	1.0	none	False	sub-158	similar	alpha	gamma	-0.460364672593043
fit-rw_positive-full-prior1	rw_positive	full	1.0	none	False	sub-158	similar	alpha	f0	-0.8328936612142358
fit-rw_positive-full-prior1	rw_positive	full	1.0	none	False	sub-158	similar	alpha	epsilon	0.24325864742180878
fit-rw_positive-full-prior1	rw_positive	full	1.0	none	False	sub-158	similar	gamma	f0	0.4707624817142836
fit-rw_positive-full-prior1	rw_positive	full	1.0	none	False	sub-158	similar	gamma	epsilon	-0.1472715288882648
fit-rw_positive-full-prior1	rw_positive	full	1.0	none	False	sub-158	similar	f0	epsilon	-0.0779131857562308
fit-rw_positive-full-prior1	rw_positive	full	1.0	none	False	sub-158	dissimilar	alpha	gamma	-0.4052435308055615
fit-rw_positive-full-prior1	rw_positive	full	1.0	none	False	sub-158	dissimilar	alpha	f0	-0.8289968342143481
fit-rw_positive-full-prior1	rw_positive	full	1.0	none	False	sub-158	dissimilar	alpha	epsilon	0.2694068672469253
fit-rw_positive-full-prior1	rw_positive	full	1.0	none	False	sub-158	dissimilar	gamma	f0	0.4512374892230751
fit-rw_positive-full-prior1	rw_positive	full	1.0	none	False	sub-158	dissimilar	gamma	epsilon	-0.11126793601809351
fit-rw_positive-full-prior1	rw_positive	full	1.0	none	False	sub-158	dissimilar	f0	epsilon	-0.06327893588613907
fit-rw_positive-full-prior1	rw_positive	full	1.0	none	False	sub-159	computer	alpha	gamma	-0.4419194583228048
fit-rw_positive-full-prior1	rw_positive	full	1.0	none	False	sub-159	computer	alpha	f0	-0.8445653750177193
fit-rw_positive-full-prior1	rw_positive	full	1.0	none	False	sub-159	computer	alpha	epsilon	0.24633654673271282
fit-rw_positive-full-prior1	rw_positive	full	1.0	none	False	sub-159	computer	gamma	f0	0.4636467619904144
fit-rw_positive-full-prior1	rw_positive	full	1.0	none	False	sub-159	computer	gamma	epsilon	-0.17057234102203822
fit-rw_positive-full-prior1	rw_positive	full	1.0	none	False	sub-159	computer	f0	epsilon	-0.08923924041711037
fit-rw_positive-full-prior1	rw_positive	full	1.0	none	False	sub-159	similar	alpha	gamma	-0.5361434784401578
fit-rw_positive-full-prior1	rw_positive	full	1.0	none	False	sub-159	similar	alpha	f0	-0.8375118830543138
fit-rw_positive-full-prior1	rw_positive	full	1.0	none	False	sub-159	similar	alpha	epsilon	0.2904745641365808
fit-rw_positive-full-prior1	rw_positive	full	1.0	none	False	sub-159	similar	gamma	f0	0.5397912967101988
fit-rw_positive-full-prior1	rw_positive	full	1.0	none	False	sub-159	similar	gamma	epsilon	-0.05486041736647639
fit-rw_positive-full-prior1	rw_positive	full	1.0	none	False	sub-159	similar	f0	epsilon	-0.10239699971471884
fit-rw_positive-full-prior1	rw_positive	full	1.0	none	False	sub-159	dissimilar	alpha	gamma	-0.3669166401325276
fit-rw_positive-full-prior1	rw_positive	full	1.0	none	False	sub-159	dissimilar	alpha	f0	-0.8422649358139422
fit-rw_positive-full-prior1	rw_positive	full	1.0	none	False	sub-159	dissimilar	alpha	epsilon	0.32412600159899135
fit-rw_positive-full-prior1	rw_positive	full	1.0	none	False	sub-159	dissimilar	gamma	f0	0.38995481837655754
fit-rw_positive-full-prior1	rw_positive	full	1.0	none	False	sub-159	dissimilar	gamma	epsilon	-0.21749822652894707
fit-rw_positive-full-prior1	rw_positive	full	1.0	none	False	sub-159	dissimilar	f0	epsilon	-0.16970756385690008
fit-rw_positive-run1-prior1	rw_positive	run1	1.0	none	False	sub-104	computer	alpha	gamma	-0.025646726938598402
fit-rw_positive-run1-prior1	rw_positive	run1	1.0	none	False	sub-104	computer	alpha	f0	-0.16336520111381372
fit-rw_positive-run1-prior1	rw_positive	run1	1.0	none	False	sub-104	computer	alpha	epsilon	-0.029658933595952692
fit-rw_positive-run1-prior1	rw_positive	run1	1.0	none	False	sub-104	computer	gamma	f0	0.04370092004992652
fit-rw_positive-run1-prior1	rw_positive	run1	1.0	none	False	sub-104	computer	gamma	epsilon	0.004866902684995303
fit-rw_positive-run1-prior1	rw_positive	run1	1.0	none	False	sub-104	computer	f0	epsilon	0.3668307469676976
fit-rw_positive-run1-prior1	rw_positive	run1	1.0	none	False	sub-104	similar	alpha	gamma	-0.017886216073953097
fit-rw_positive-run1-prior1	rw_positive	run1	1.0	none	False	sub-104	similar	alpha	f0	-0.16392136459913448
fit-rw_positive-run1-prior1	rw_positive	run1	1.0	none	False	sub-104	similar	alpha	epsilon	-0.026485800141845907
fit-rw_positive-run1-prior1	rw_positive	run1	1.0	none	False	sub-104	similar	gamma	f0	0.04392731579444546
fit-rw_positive-run1-prior1	rw_positive	run1	1.0	none	False	sub-104	similar	gamma	epsilon	-0.001197069393165412
fit-rw_positive-run1-prior1	rw_positive	run1	1.0	none	False	sub-104	similar	f0	epsilon	0.36574683558496646
fit-rw_positive-run1-prior1	rw_positive	run1	1.0	none	False	sub-104	dissimilar	alpha	gamma	-0.02547396346040605
fit-rw_positive-run1-prior1	rw_positive	run1	1.0	none	False	sub-104	dissimilar	alpha	f0	-0.15885255280083313
fit-rw_positive-run1-prior1	rw_positive	run1	1.0	none	False	sub-104	dissimilar	alpha	epsilon	-0.03170189138082201
fit-rw_positive-run1-prior1	rw_positive	run1	1.0	none	False	sub-104	dissimilar	gamma	f0	0.03591366884586789
fit-rw_positive-run1-prior1	rw_positive	run1	1.0	none	False	sub-104	dissimilar	gamma	epsilon	0.00020684656246044167
fit-rw_positive-run1-prior1	rw_positive	run1	1.0	none	False	sub-104	dissimilar	f0	epsilon	0.3654816607083922
fit-rw_positive-run1-prior1	rw_positive	run1	1.0	none	False	sub-105	computer	alpha	gamma	-0.19005529658765125
fit-rw_positive-run1-prior1	rw_positive	run1	1.0	none	False	sub-105	computer	alpha	f0	-0.6489136888154754
fit-rw_positive-run1-prior1	rw_positive	run1	1.0	none	False	sub-105	computer	alpha	epsilon	0.1973414693266225
fit-rw_positive-run1-prior1	rw_positive	run1	1.0	none	False	sub-105	computer	gamma	f0	0.26578291754519756
fit-rw_positive-run1-prior1	rw_positive	run1	1.0	none	False	sub-105	computer	gamma	epsilon	-0.03942668914363019
fit-rw_positive-run1-prior1	rw_positive	run1	1.0	none	False	sub-105	computer	f0	epsilon	-0.07603699504529557
fit-rw_positive-run1-prior1	rw_positive	run1	1.0	none	False	sub-105	similar	alpha	gamma	-0.421487051003444
fit-rw_positive-run1-prior1	rw_positive	run1	1.0	none	False	sub-105	similar	alpha	f0	-0.6937415787345697
fit-rw_positive-run1-prior1	rw_positive	run1	1.0	none	False	sub-105	similar	alpha	epsilon	0.27475816132755515
fit-rw_positive-run1-prior1	rw_positive	run1	1.0	none	False	sub-105	similar	gamma	f0	0.44899884753020725
fit-rw_positive-run1-prior1	rw_positive	run1	1.0	none	False	sub-105	similar	gamma	epsilon	-0.07687873741823865
fit-rw_positive-run1-prior1	rw_positive	run1	1.0	none	False	sub-105	similar	f0	epsilon	-0.055765001664880694
fit-rw_positive-run1-prior1	rw_positive	run1	1.0	none	False	sub-105	dissimilar	alpha	gamma	-0.4448771583751978
fit-rw_positive-run1-prior1	rw_positive	run1	1.0	none	False	sub-105	dissimilar	alpha	f0	-0.7140343392896041
fit-rw_positive-run1-prior1	rw_positive	run1	1.0	none	False	sub-105	dissimilar	alpha	epsilon	0.18653037068479764
fit-rw_positive-run1-prior1	rw_positive	run1	1.0	none	False	sub-105	dissimilar	gamma	f0	0.3611396464497207
fit-rw_positive-run1-prior1	rw_positive	run1	1.0	none	False	sub-105	dissimilar	gamma	epsilon	-0.037708010410203385
fit-rw_positive-run1-prior1	rw_positive	run1	1.0	none	False	sub-105	dissimilar	f0	epsilon	0.06729395400717793
fit-rw_positive-run1-prior1	rw_positive	run1	1.0	none	False	sub-106	computer	alpha	gamma	-0.07224072229881771
fit-rw_positive-run1-prior1	rw_positive	run1	1.0	none	False	sub-106	computer	alpha	f0	-0.6408582826164209
fit-rw_positive-run1-prior1	rw_positive	run1	1.0	none	False	sub-106	computer	alpha	epsilon	0.23032527516996446
fit-rw_positive-run1-prior1	rw_positive	run1	1.0	none	False	sub-106	computer	gamma	f0	0.1071397769054921
fit-rw_positive-run1-prior1	rw_positive	run1	1.0	none	False	sub-106	computer	gamma	epsilon	-0.04627096373983281
fit-rw_positive-run1-prior1	rw_positive	run1	1.0	none	False	sub-106	computer	f0	epsilon	-0.13101732665668886
fit-rw_positive-run1-prior1	rw_positive	run1	1.0	none	False	sub-106	similar	alpha	gamma	-0.05773234112894418
fit-rw_positive-run1-prior1	rw_positive	run1	1.0	none	False	sub-106	similar	alpha	f0	-0.6602202133265357
fit-rw_positive-run1-prior1	rw_positive	run1	1.0	none	False	sub-106	similar	alpha	epsilon	0.2570542800090907
fit-rw_positive-run1-prior1	rw_positive	run1	1.0	none	False	sub-106	similar	gamma	f0	0.09361196103684458
fit-rw_positive-run1-prior1	rw_positive	run1	1.0	none	False	sub-106	similar	gamma	epsilon	-0.03565552782659482
fit-rw_positive-run1-prior1	rw_positive	run1	1.0	none	False	sub-106	similar	f0	epsilon	-0.14757694577050828
fit-rw_positive-run1-prior1	rw_positive	run1	1.0	none	False	sub-106	dissimilar	alpha	gamma	-0.08938270104920858
fit-rw_positive-run1-prior1	rw_positive	run1	1.0	none	False	sub-106	dissimilar	alpha	f0	-0.6011222944087246
fit-rw_positive-run1-prior1	rw_positive	run1	1.0	none	False	sub-106	dissimilar	alpha	epsilon	0.301551043596186
fit-rw_positive-run1-prior1	rw_positive	run1	1.0	none	False	sub-106	dissimilar	gamma	f0	0.08096814127250336
fit-rw_positive-run1-prior1	rw_positive	run1	1.0	none	False	sub-106	dissimilar	gamma	epsilon	-0.056148518758406755
fit-rw_positive-run1-prior1	rw_positive	run1	1.0	none	False	sub-106	dissimilar	f0	epsilon	-0.13401144178915753
fit-rw_positive-run1-prior1	rw_positive	run1	1.0	none	False	sub-107	computer	alpha	gamma	-0.4564988415330921
fit-rw_positive-run1-prior1	rw_positive	run1	1.0	none	False	sub-107	computer	alpha	f0	-0.6014382052107675
fit-rw_positive-run1-prior1	rw_positive	run1	1.0	none	False	sub-107	computer	alpha	epsilon	0.6086255402849244
fit-rw_positive-run1-prior1	rw_positive	run1	1.0	none	False	sub-107	computer	gamma	f0	0.5968715378081235
fit-rw_positive-run1-prior1	rw_positive	run1	1.0	none	False	sub-107	computer	gamma	epsilon	-0.16982725712282
fit-rw_positive-run1-prior1	rw_positive	run1	1.0	none	False	sub-107	computer	f0	epsilon	-0.1427297380935951
fit-rw_positive-run1-prior1	rw_positive	run1	1.0	none	False	sub-107	similar	alpha	gamma	-0.2567813010885295
fit-rw_positive-run1-prior1	rw_positive	run1	1.0	none	False	sub-107	similar	alpha	f0	-0.5117612105808244
fit-rw_positive-run1-prior1	rw_positive	run1	1.0	none	False	sub-107	similar	alpha	epsilon	0.6008606212112689
fit-rw_positive-run1-prior1	rw_positive	run1	1.0	none	False	sub-107	similar	gamma	f0	0.35498877504937315
fit-rw_positive-run1-prior1	rw_positive	run1	1.0	none	False	sub-107	similar	gamma	epsilon	-0.026119930135113132
fit-rw_positive-run1-prior1	rw_positive	run1	1.0	none	False	sub-107	similar	f0	epsilon	-0.0974355151207116
fit-rw_positive-run1-prior1	rw_positive	run1	1.0	none	False	sub-107	dissimilar	alpha	gamma	-0.22102857813730786
fit-rw_positive-run1-prior1	rw_positive	run1	1.0	none	False	sub-107	dissimilar	alpha	f0	-0.5792363492608357
fit-rw_positive-run1-prior1	rw_positive	run1	1.0	none	False	sub-107	dissimilar	alpha	epsilon	0.5238182619948222
fit-rw_positive-run1-prior1	rw_positive	run1	1.0	none	False	sub-107	dissimilar	gamma	f0	0.3466659184193706
fit-rw_positive-run1-prior1	rw_positive	run1	1.0	none	False	sub-107	dissimilar	gamma	epsilon	-0.1215044072509498
fit-rw_positive-run1-prior1	rw_positive	run1	1.0	none	False	sub-107	dissimilar	f0	epsilon	-0.13828640875380477
fit-rw_positive-run1-prior1	rw_positive	run1	1.0	none	False	sub-108	computer	alpha	gamma	-0.3210583356947821
fit-rw_positive-run1-prior1	rw_positive	run1	1.0	none	False	sub-108	computer	alpha	f0	-0.6113648598146457
fit-rw_positive-run1-prior1	rw_positive	run1	1.0	none	False	sub-108	computer	alpha	epsilon	0.07937154252143139
fit-rw_positive-run1-prior1	rw_positive	run1	1.0	none	False	sub-108	computer	gamma	f0	0.37054389135428667
fit-rw_positive-run1-prior1	rw_positive	run1	1.0	none	False	sub-108	computer	gamma	epsilon	-0.12128496631636562
fit-rw_positive-run1-prior1	rw_positive	run1	1.0	none	False	sub-108	computer	f0	epsilon	0.052973584389265437
fit-rw_positive-run1-prior1	rw_positive	run1	1.0	none	False	sub-108	similar	alpha	gamma	-0.24347479868053926
fit-rw_positive-run1-prior1	rw_positive	run1	1.0	none	False	sub-108	similar	alpha	f0	-0.570919067849849
fit-rw_positive-run1-prior1	rw_positive	run1	1.0	none	False	sub-108	similar	alpha	epsilon	0.05585261537140204
fit-rw_positive-run1-prior1	rw_positive	run1	1.0	none	False	sub-108	similar	gamma	f0	0.20514624744167903
fit-rw_positive-run1-prior1	rw_positive	run1	1.0	none	False	sub-108	similar	gamma	epsilon	-0.054814758322357264
fit-rw_positive-run1-prior1	rw_positive	run1	1.0	none	False	sub-108	similar	f0	epsilon	0.0892203387053939
fit-rw_positive-run1-prior1	rw_positive	run1	1.0	none	False	sub-108	dissimilar	alpha	gamma	-0.31820410086028383
fit-rw_positive-run1-prior1	rw_positive	run1	1.0	none	False	sub-108	dissimilar	alpha	f0	-0.6042994227417826
fit-rw_positive-run1-prior1	rw_positive	run1	1.0	none	False	sub-108	dissimilar	alpha	epsilon	0.14529054862269003
fit-rw_positive-run1-prior1	rw_positive	run1	1.0	none	False	sub-108	dissimilar	gamma	f0	0.42479167395974643
fit-rw_positive-run1-prior1	rw_positive	run1	1.0	none	False	sub-108	dissimilar	gamma	epsilon	-0.09547901119995567
fit-rw_positive-run1-prior1	rw_positive	run1	1.0	none	False	sub-108	dissimilar	f0	epsilon	-0.08719068908504632
fit-rw_positive-run1-prior1	rw_positive	run1	1.0	none	False	sub-109	computer	alpha	gamma	-0.07835914468311712
fit-rw_positive-run1-prior1	rw_positive	run1	1.0	none	False	sub-109	computer	alpha	f0	-0.3414260188788254
fit-rw_positive-run1-prior1	rw_positive	run1	1.0	none	False	sub-109	computer	alpha	epsilon	-0.09770881022865839
fit-rw_positive-run1-prior1	rw_positive	run1	1.0	none	False	sub-109	computer	gamma	f0	0.13736282933506966
fit-rw_positive-run1-prior1	rw_positive	run1	1.0	none	False	sub-109	computer	gamma	epsilon	-0.0023599186208540014
fit-rw_positive-run1-prior1	rw_positive	run1	1.0	none	False	sub-109	computer	f0	epsilon	0.14830112560132544
fit-rw_positive-run1-prior1	rw_positive	run1	1.0	none	False	sub-109	similar	alpha	gamma	-0.10048803475439347
fit-rw_positive-run1-prior1	rw_positive	run1	1.0	none	False	sub-109	similar	alpha	f0	-0.3859983508968389
fit-rw_positive-run1-prior1	rw_positive	run1	1.0	none	False	sub-109	similar	alpha	epsilon	-0.11868380012823279
fit-rw_positive-run1-prior1	rw_positive	run1	1.0	none	False	sub-109	similar	gamma	f0	0.11586167645665345
fit-rw_positive-run1-prior1	rw_positive	run1	1.0	none	False	sub-109	similar	gamma	epsilon	-0.013483330131135306
fit-rw_positive-run1-prior1	rw_positive	run1	1.0	none	False	sub-109	similar	f0	epsilon	0.13186892725111665
fit-rw_positive-run1-prior1	rw_positive	run1	1.0	none	False	sub-109	dissimilar	alpha	gamma	-0.06320481168942295
fit-rw_positive-run1-prior1	rw_positive	run1	1.0	none	False	sub-109	dissimilar	alpha	f0	-0.363126219281503
fit-rw_positive-run1-prior1	rw_positive	run1	1.0	none	False	sub-109	dissimilar	alpha	epsilon	-0.13238565056579302
fit-rw_positive-run1-prior1	rw_positive	run1	1.0	none	False	sub-109	dissimilar	gamma	f0	0.19583594453357966
fit-rw_positive-run1-prior1	rw_positive	run1	1.0	none	False	sub-109	dissimilar	gamma	epsilon	0.013721068056500718
fit-rw_positive-run1-prior1	rw_positive	run1	1.0	none	False	sub-109	dissimilar	f0	epsilon	0.10960719282019847
fit-rw_positive-run1-prior1	rw_positive	run1	1.0	none	False	sub-110	computer	alpha	gamma	-0.39824207387368243
fit-rw_positive-run1-prior1	rw_positive	run1	1.0	none	False	sub-110	computer	alpha	f0	-0.6901307581930014
fit-rw_positive-run1-prior1	rw_positive	run1	1.0	none	False	sub-110	computer	alpha	epsilon	0.10455980109922065
fit-rw_positive-run1-prior1	rw_positive	run1	1.0	none	False	sub-110	computer	gamma	f0	0.3444977722871487
fit-rw_positive-run1-prior1	rw_positive	run1	1.0	none	False	sub-110	computer	gamma	epsilon	-0.09476568380363566
fit-rw_positive-run1-prior1	rw_positive	run1	1.0	none	False	sub-110	computer	f0	epsilon	-0.0909277575158633
fit-rw_positive-run1-prior1	rw_positive	run1	1.0	none	False	sub-110	similar	alpha	gamma	-0.20453020652732026
fit-rw_positive-run1-prior1	rw_positive	run1	1.0	none	False	sub-110	similar	alpha	f0	-0.7393703938902464
fit-rw_positive-run1-prior1	rw_positive	run1	1.0	none	False	sub-110	similar	alpha	epsilon	0.2440168157201834
fit-rw_positive-run1-prior1	rw_positive	run1	1.0	none	False	sub-110	similar	gamma	f0	0.2799516451636755
fit-rw_positive-run1-prior1	rw_positive	run1	1.0	none	False	sub-110	similar	gamma	epsilon	-0.12689663319622296
fit-rw_positive-run1-prior1	rw_positive	run1	1.0	none	False	sub-110	similar	f0	epsilon	-0.20875979832103034
fit-rw_positive-run1-prior1	rw_positive	run1	1.0	none	False	sub-110	dissimilar	alpha	gamma	-0.4250804096134926
fit-rw_positive-run1-prior1	rw_positive	run1	1.0	none	False	sub-110	dissimilar	alpha	f0	-0.7351503644265477
fit-rw_positive-run1-prior1	rw_positive	run1	1.0	none	False	sub-110	dissimilar	alpha	epsilon	0.18846352978185912
fit-rw_positive-run1-prior1	rw_positive	run1	1.0	none	False	sub-110	dissimilar	gamma	f0	0.31867009738981844
fit-rw_positive-run1-prior1	rw_positive	run1	1.0	none	False	sub-110	dissimilar	gamma	epsilon	-0.07683856298171753
fit-rw_positive-run1-prior1	rw_positive	run1	1.0	none	False	sub-110	dissimilar	f0	epsilon	-0.09438897831332216
fit-rw_positive-run1-prior1	rw_positive	run1	1.0	none	False	sub-111	computer	alpha	gamma	-0.03260493958178616
fit-rw_positive-run1-prior1	rw_positive	run1	1.0	none	False	sub-111	computer	alpha	f0	-0.6366615484049579
fit-rw_positive-run1-prior1	rw_positive	run1	1.0	none	False	sub-111	computer	alpha	epsilon	0.3449674082209502
fit-rw_positive-run1-prior1	rw_positive	run1	1.0	none	False	sub-111	computer	gamma	f0	-0.068109054147684
fit-rw_positive-run1-prior1	rw_positive	run1	1.0	none	False	sub-111	computer	gamma	epsilon	0.006132407017109515
fit-rw_positive-run1-prior1	rw_positive	run1	1.0	none	False	sub-111	computer	f0	epsilon	0.047111415702640005
fit-rw_positive-run1-prior1	rw_positive	run1	1.0	none	False	sub-111	similar	alpha	gamma	-0.032592075275233695
fit-rw_positive-run1-prior1	rw_positive	run1	1.0	none	False	sub-111	similar	alpha	f0	-0.6557043191782131
fit-rw_positive-run1-prior1	rw_positive	run1	1.0	none	False	sub-111	similar	alpha	epsilon	0.46330375350440534
fit-rw_positive-run1-prior1	rw_positive	run1	1.0	none	False	sub-111	similar	gamma	f0	0.10048983836961194
fit-rw_positive-run1-prior1	rw_positive	run1	1.0	none	False	sub-111	similar	gamma	epsilon	-0.12949994921066574
fit-rw_positive-run1-prior1	rw_positive	run1	1.0	none	False	sub-111	similar	f0	epsilon	-0.07131858512122868
fit-rw_positive-run1-prior1	rw_positive	run1	1.0	none	False	sub-111	dissimilar	alpha	gamma	0.10330234399706098
fit-rw_positive-run1-prior1	rw_positive	run1	1.0	none	False	sub-111	dissimilar	alpha	f0	-0.5920668871915485
fit-rw_positive-run1-prior1	rw_positive	run1	1.0	none	False	sub-111	dissimilar	alpha	epsilon	0.6980435417076375
fit-rw_positive-run1-prior1	rw_positive	run1	1.0	none	False	sub-111	dissimilar	gamma	f0	0.08891213837433302
fit-rw_positive-run1-prior1	rw_positive	run1	1.0	none	False	sub-111	dissimilar	gamma	epsilon	0.36112936639709353
fit-rw_positive-run1-prior1	rw_positive	run1	1.0	none	False	sub-111	dissimilar	f0	epsilon	-0.15062147840726978
fit-rw_positive-run1-prior1	rw_positive	run1	1.0	none	False	sub-112	computer	alpha	gamma	0.06544773254633326
fit-rw_positive-run1-prior1	rw_positive	run1	1.0	none	False	sub-112	computer	alpha	f0	-0.38775537519041164
fit-rw_positive-run1-prior1	rw_positive	run1	1.0	none	False	sub-112	computer	alpha	epsilon	0.06530901187166295
fit-rw_positive-run1-prior1	rw_positive	run1	1.0	none	False	sub-112	computer	gamma	f0	-0.18300428685065542
fit-rw_positive-run1-prior1	rw_positive	run1	1.0	none	False	sub-112	computer	gamma	epsilon	0.14592425410028595
fit-rw_positive-run1-prior1	rw_positive	run1	1.0	none	False	sub-112	computer	f0	epsilon	-0.5261475236688689
fit-rw_positive-run1-prior1	rw_positive	run1	1.0	none	False	sub-112	similar	alpha	gamma	0.06439960154297801
fit-rw_positive-run1-prior1	rw_positive	run1	1.0	none	False	sub-112	similar	alpha	f0	-0.4637281075204871
fit-rw_positive-run1-prior1	rw_positive	run1	1.0	none	False	sub-112	similar	alpha	epsilon	0.20710642226016138
fit-rw_positive-run1-prior1	rw_positive	run1	1.0	none	False	sub-112	similar	gamma	f0	-0.10451802038835083
fit-rw_positive-run1-prior1	rw_positive	run1	1.0	none	False	sub-112	similar	gamma	epsilon	0.09660915597536894
fit-rw_positive-run1-prior1	rw_positive	run1	1.0	none	False	sub-112	similar	f0	epsilon	-0.638522112541752
fit-rw_positive-run1-prior1	rw_positive	run1	1.0	none	False	sub-112	dissimilar	alpha	gamma	0.032763338639545087
fit-rw_positive-run1-prior1	rw_positive	run1	1.0	none	False	sub-112	dissimilar	alpha	f0	-0.3509268007553538
fit-rw_positive-run1-prior1	rw_positive	run1	1.0	none	False	sub-112	dissimilar	alpha	epsilon	0.03548610639723878
fit-rw_positive-run1-prior1	rw_positive	run1	1.0	none	False	sub-112	dissimilar	gamma	f0	-0.12133235747285896
fit-rw_positive-run1-prior1	rw_positive	run1	1.0	none	False	sub-112	dissimilar	gamma	epsilon	0.12559539911542425
fit-rw_positive-run1-prior1	rw_positive	run1	1.0	none	False	sub-112	dissimilar	f0	epsilon	-0.4647008712662662
fit-rw_positive-run1-prior1	rw_positive	run1	1.0	none	False	sub-113	computer	alpha	gamma	0.052677467678836576
fit-rw_positive-run1-prior1	rw_positive	run1	1.0	none	False	sub-113	computer	alpha	f0	-0.38587643387455484
fit-rw_positive-run1-prior1	rw_positive	run1	1.0	none	False	sub-113	computer	alpha	epsilon	0.5789227317938047
fit-rw_positive-run1-prior1	rw_positive	run1	1.0	none	False	sub-113	computer	gamma	f0	-0.0006091726133870205
fit-rw_positive-run1-prior1	rw_positive	run1	1.0	none	False	sub-113	computer	gamma	epsilon	0.08875264143233401
fit-rw_positive-run1-prior1	rw_positive	run1	1.0	none	False	sub-113	computer	f0	epsilon	0.17652525675768027
fit-rw_positive-run1-prior1	rw_positive	run1	1.0	none	False	sub-113	similar	alpha	gamma	0.006304419580772598
fit-rw_positive-run1-prior1	rw_positive	run1	1.0	none	False	sub-113	similar	alpha	f0	-0.4437009879709935
fit-rw_positive-run1-prior1	rw_positive	run1	1.0	none	False	sub-113	similar	alpha	epsilon	0.5113966153993583
fit-rw_positive-run1-prior1	rw_positive	run1	1.0	none	False	sub-113	similar	gamma	f0	-0.0029134295504677963
fit-rw_positive-run1-prior1	rw_positive	run1	1.0	none	False	sub-113	similar	gamma	epsilon	0.04456740276155759
fit-rw_positive-run1-prior1	rw_positive	run1	1.0	none	False	sub-113	similar	f0	epsilon	0.13550724271467207
fit-rw_positive-run1-prior1	rw_positive	run1	1.0	none	False	sub-113	dissimilar	alpha	gamma	-0.00022460059399572192
fit-rw_positive-run1-prior1	rw_positive	run1	1.0	none	False	sub-113	dissimilar	alpha	f0	-0.51054146171244
fit-rw_positive-run1-prior1	rw_positive	run1	1.0	none	False	sub-113	dissimilar	alpha	epsilon	0.49542945813812483
fit-rw_positive-run1-prior1	rw_positive	run1	1.0	none	False	sub-113	dissimilar	gamma	f0	-0.00995631980868718
fit-rw_positive-run1-prior1	rw_positive	run1	1.0	none	False	sub-113	dissimilar	gamma	epsilon	-0.0037418738500897986
fit-rw_positive-run1-prior1	rw_positive	run1	1.0	none	False	sub-113	dissimilar	f0	epsilon	0.0845821085239175
fit-rw_positive-run1-prior1	rw_positive	run1	1.0	none	False	sub-115	computer	alpha	gamma	-0.15714676479587827
fit-rw_positive-run1-prior1	rw_positive	run1	1.0	none	False	sub-115	computer	alpha	f0	-0.4019714692694506
fit-rw_positive-run1-prior1	rw_positive	run1	1.0	none	False	sub-115	computer	alpha	epsilon	0.1465569472252976
fit-rw_positive-run1-prior1	rw_positive	run1	1.0	none	False	sub-115	computer	gamma	f0	0.15592944858488178
fit-rw_positive-run1-prior1	rw_positive	run1	1.0	none	False	sub-115	computer	gamma	epsilon	0.030198752686814722
fit-rw_positive-run1-prior1	rw_positive	run1	1.0	none	False	sub-115	computer	f0	epsilon	-0.0027150139248275835
fit-rw_positive-run1-prior1	rw_positive	run1	1.0	none	False	sub-115	similar	alpha	gamma	-0.1417427554657455
fit-rw_positive-run1-prior1	rw_positive	run1	1.0	none	False	sub-115	similar	alpha	f0	-0.3607616599258774
fit-rw_positive-run1-prior1	rw_positive	run1	1.0	none	False	sub-115	similar	alpha	epsilon	0.1566788652567136
fit-rw_positive-run1-prior1	rw_positive	run1	1.0	none	False	sub-115	similar	gamma	f0	0.3215840385659235
fit-rw_positive-run1-prior1	rw_positive	run1	1.0	none	False	sub-115	similar	gamma	epsilon	-0.03411193187281173
fit-rw_positive-run1-prior1	rw_positive	run1	1.0	none	False	sub-115	similar	f0	epsilon	-0.016999960035590237
fit-rw_positive-run1-prior1	rw_positive	run1	1.0	none	False	sub-115	dissimilar	alpha	gamma	-0.1437973547194116
fit-rw_positive-run1-prior1	rw_positive	run1	1.0	none	False	sub-115	dissimilar	alpha	f0	-0.4133494933764443
fit-rw_positive-run1-prior1	rw_positive	run1	1.0	none	False	sub-115	dissimilar	alpha	epsilon	0.17340095956672472
fit-rw_positive-run1-prior1	rw_positive	run1	1.0	none	False	sub-115	dissimilar	gamma	f0	0.06516200962012798
fit-rw_positive-run1-prior1	rw_positive	run1	1.0	none	False	sub-115	dissimilar	gamma	epsilon	0.06849133186648974
fit-rw_positive-run1-prior1	rw_positive	run1	1.0	none	False	sub-115	dissimilar	f0	epsilon	0.002039077094763404
fit-rw_positive-run1-prior1	rw_positive	run1	1.0	none	False	sub-116	computer	alpha	gamma	-0.13628689696089424
fit-rw_positive-run1-prior1	rw_positive	run1	1.0	none	False	sub-116	computer	alpha	f0	-0.7202897182281746
fit-rw_positive-run1-prior1	rw_positive	run1	1.0	none	False	sub-116	computer	alpha	epsilon	0.06226891208859866
fit-rw_positive-run1-prior1	rw_positive	run1	1.0	none	False	sub-116	computer	gamma	f0	0.17882681823983126
fit-rw_positive-run1-prior1	rw_positive	run1	1.0	none	False	sub-116	computer	gamma	epsilon	-0.060666303858786776
fit-rw_positive-run1-prior1	rw_positive	run1	1.0	none	False	sub-116	computer	f0	epsilon	-0.02862230441957548
fit-rw_positive-run1-prior1	rw_positive	run1	1.0	none	False	sub-116	similar	alpha	gamma	-0.20916839400581416
fit-rw_positive-run1-prior1	rw_positive	run1	1.0	none	False	sub-116	similar	alpha	f0	-0.715633536846609
fit-rw_positive-run1-prior1	rw_positive	run1	1.0	none	False	sub-116	similar	alpha	epsilon	0.08372237946040723
fit-rw_positive-run1-prior1	rw_positive	run1	1.0	none	False	sub-116	similar	gamma	f0	0.2577574563152927
fit-rw_positive-run1-prior1	rw_positive	run1	1.0	none	False	sub-116	similar	gamma	epsilon	-0.15377482498610853
fit-rw_positive-run1-prior1	rw_positive	run1	1.0	none	False	sub-116	similar	f0	epsilon	-0.05981883317565749
fit-rw_positive-run1-prior1	rw_positive	run1	1.0	none	False	sub-116	dissimilar	alpha	gamma	-0.23154807170231417
fit-rw_positive-run1-prior1	rw_positive	run1	1.0	none	False	sub-116	dissimilar	alpha	f0	-0.7342919934784292
fit-rw_positive-run1-prior1	rw_positive	run1	1.0	none	False	sub-116	dissimilar	alpha	epsilon	0.10026401560898399
fit-rw_positive-run1-prior1	rw_positive	run1	1.0	none	False	sub-116	dissimilar	gamma	f0	0.25027809786770644
fit-rw_positive-run1-prior1	rw_positive	run1	1.0	none	False	sub-116	dissimilar	gamma	epsilon	-0.21359211879639375
fit-rw_positive-run1-prior1	rw_positive	run1	1.0	none	False	sub-116	dissimilar	f0	epsilon	-0.04474932394126151
fit-rw_positive-run1-prior1	rw_positive	run1	1.0	none	False	sub-117	computer	alpha	gamma	-0.06744007276866025
fit-rw_positive-run1-prior1	rw_positive	run1	1.0	none	False	sub-117	computer	alpha	f0	-0.4672928012800516
fit-rw_positive-run1-prior1	rw_positive	run1	1.0	none	False	sub-117	computer	alpha	epsilon	0.16443929189491233
fit-rw_positive-run1-prior1	rw_positive	run1	1.0	none	False	sub-117	computer	gamma	f0	0.05004519509515454
fit-rw_positive-run1-prior1	rw_positive	run1	1.0	none	False	sub-117	computer	gamma	epsilon	0.1830526113155735
fit-rw_positive-run1-prior1	rw_positive	run1	1.0	none	False	sub-117	computer	f0	epsilon	-0.3166620721552516
fit-rw_positive-run1-prior1	rw_positive	run1	1.0	none	False	sub-117	similar	alpha	gamma	-0.2156893584271431
fit-rw_positive-run1-prior1	rw_positive	run1	1.0	none	False	sub-117	similar	alpha	f0	-0.4267647160152361
fit-rw_positive-run1-prior1	rw_positive	run1	1.0	none	False	sub-117	similar	alpha	epsilon	0.01030705627180508
fit-rw_positive-run1-prior1	rw_positive	run1	1.0	none	False	sub-117	similar	gamma	f0	0.1357996236500197
fit-rw_positive-run1-prior1	rw_positive	run1	1.0	none	False	sub-117	similar	gamma	epsilon	0.15225950104565888
fit-rw_positive-run1-prior1	rw_positive	run1	1.0	none	False	sub-117	similar	f0	epsilon	-0.25166495707206743
fit-rw_positive-run1-prior1	rw_positive	run1	1.0	none	False	sub-117	dissimilar	alpha	gamma	-0.026899293171677274
fit-rw_positive-run1-prior1	rw_positive	run1	1.0	none	False	sub-117	dissimilar	alpha	f0	-0.46259515608378
fit-rw_positive-run1-prior1	rw_positive	run1	1.0	none	False	sub-117	dissimilar	alpha	epsilon	0.16508718121212582
fit-rw_positive-run1-prior1	rw_positive	run1	1.0	none	False	sub-117	dissimilar	gamma	f0	0.04092307509880743
fit-rw_positive-run1-prior1	rw_positive	run1	1.0	none	False	sub-117	dissimilar	gamma	epsilon	0.22155830857571465
fit-rw_positive-run1-prior1	rw_positive	run1	1.0	none	False	sub-117	dissimilar	f0	epsilon	-0.28874371217115075
fit-rw_positive-run1-prior1	rw_positive	run1	1.0	none	False	sub-118	computer	alpha	gamma	-0.3584124439472754
fit-rw_positive-run1-prior1	rw_positive	run1	1.0	none	False	sub-118	computer	alpha	f0	-0.6834976387358331
fit-rw_positive-run1-prior1	rw_positive	run1	1.0	none	False	sub-118	computer	alpha	epsilon	0.15108399313233303
fit-rw_positive-run1-prior1	rw_positive	run1	1.0	none	False	sub-118	computer	gamma	f0	0.3608314693691034
fit-rw_positive-run1-prior1	rw_positive	run1	1.0	none	False	sub-118	computer	gamma	epsilon	-0.01623912676064947
fit-rw_positive-run1-prior1	rw_positive	run1	1.0	none	False	sub-118	computer	f0	epsilon	-0.04252547848543853
fit-rw_positive-run1-prior1	rw_positive	run1	1.0	none	False	sub-118	similar	alpha	gamma	-0.34966581179352973
fit-rw_positive-run1-prior1	rw_positive	run1	1.0	none	False	sub-118	similar	alpha	f0	-0.6978943812226623
fit-rw_positive-run1-prior1	rw_positive	run1	1.0	none	False	sub-118	similar	alpha	epsilon	0.18531016451970095
fit-rw_positive-run1-prior1	rw_positive	run1	1.0	none	False	sub-118	similar	gamma	f0	0.34384673213717515
fit-rw_positive-run1-prior1	rw_positive	run1	1.0	none	False	sub-118	similar	gamma	epsilon	-0.018353117048762607
fit-rw_positive-run1-prior1	rw_positive	run1	1.0	none	False	sub-118	similar	f0	epsilon	-0.054891073298859304
fit-rw_positive-run1-prior1	rw_positive	run1	1.0	none	False	sub-118	dissimilar	alpha	gamma	-0.4129157829693397
fit-rw_positive-run1-prior1	rw_positive	run1	1.0	none	False	sub-118	dissimilar	alpha	f0	-0.7338054720781563
fit-rw_positive-run1-prior1	rw_positive	run1	1.0	none	False	sub-118	dissimilar	alpha	epsilon	0.2593194444208038
fit-rw_positive-run1-prior1	rw_positive	run1	1.0	none	False	sub-118	dissimilar	gamma	f0	0.4084424500281202
fit-rw_positive-run1-prior1	rw_positive	run1	1.0	none	False	sub-118	dissimilar	gamma	epsilon	-0.09027927356395209
fit-rw_positive-run1-prior1	rw_positive	run1	1.0	none	False	sub-118	dissimilar	f0	epsilon	-0.09995738219769194
fit-rw_positive-run1-prior1	rw_positive	run1	1.0	none	False	sub-121	computer	alpha	gamma	-0.2271870761713972
fit-rw_positive-run1-prior1	rw_positive	run1	1.0	none	False	sub-121	computer	alpha	f0	-0.633052986705964
fit-rw_positive-run1-prior1	rw_positive	run1	1.0	none	False	sub-121	computer	alpha	epsilon	0.3671507926213363
fit-rw_positive-run1-prior1	rw_positive	run1	1.0	none	False	sub-121	computer	gamma	f0	0.44698310477885655
fit-rw_positive-run1-prior1	rw_positive	run1	1.0	none	False	sub-121	computer	gamma	epsilon	0.10802400286162774
fit-rw_positive-run1-prior1	rw_positive	run1	1.0	none	False	sub-121	computer	f0	epsilon	0.09766505348082495
fit-rw_positive-run1-prior1	rw_positive	run1	1.0	none	False	sub-121	similar	alpha	gamma	-0.42283492617104873
fit-rw_positive-run1-prior1	rw_positive	run1	1.0	none	False	sub-121	similar	alpha	f0	-0.6152502002416503
fit-rw_positive-run1-prior1	rw_positive	run1	1.0	none	False	sub-121	similar	alpha	epsilon	0.2260193904997213
fit-rw_positive-run1-prior1	rw_positive	run1	1.0	none	False	sub-121	similar	gamma	f0	0.30052601232116294
fit-rw_positive-run1-prior1	rw_positive	run1	1.0	none	False	sub-121	similar	gamma	epsilon	-0.02607101510887438
fit-rw_positive-run1-prior1	rw_positive	run1	1.0	none	False	sub-121	similar	f0	epsilon	0.2865495526378366
fit-rw_positive-run1-prior1	rw_positive	run1	1.0	none	False	sub-121	dissimilar	alpha	gamma	-0.3539839746447417
fit-rw_positive-run1-prior1	rw_positive	run1	1.0	none	False	sub-121	dissimilar	alpha	f0	-0.6293117027104825
fit-rw_positive-run1-prior1	rw_positive	run1	1.0	none	False	sub-121	dissimilar	alpha	epsilon	0.25530676521781537
fit-rw_positive-run1-prior1	rw_positive	run1	1.0	none	False	sub-121	dissimilar	gamma	f0	0.1734855828934637
fit-rw_positive-run1-prior1	rw_positive	run1	1.0	none	False	sub-121	dissimilar	gamma	epsilon	-0.11419362058265836
fit-rw_positive-run1-prior1	rw_positive	run1	1.0	none	False	sub-121	dissimilar	f0	epsilon	0.2103122667447959
fit-rw_positive-run1-prior1	rw_positive	run1	1.0	none	False	sub-122	computer	alpha	gamma	-0.031198571585572665
fit-rw_positive-run1-prior1	rw_positive	run1	1.0	none	False	sub-122	computer	alpha	f0	-0.23036863965982485
fit-rw_positive-run1-prior1	rw_positive	run1	1.0	none	False	sub-122	computer	alpha	epsilon	-0.05649121576978074
fit-rw_positive-run1-prior1	rw_positive	run1	1.0	none	False	sub-122	computer	gamma	f0	0.02827610143867345
fit-rw_positive-run1-prior1	rw_positive	run1	1.0	none	False	sub-122	computer	gamma	epsilon	-0.0011336694985784764
fit-rw_positive-run1-prior1	rw_positive	run1	1.0	none	False	sub-122	computer	f0	epsilon	0.33381278041892126
fit-rw_positive-run1-prior1	rw_positive	run1	1.0	none	False	sub-122	similar	alpha	gamma	-0.03248948730720132
fit-rw_positive-run1-prior1	rw_positive	run1	1.0	none	False	sub-122	similar	alpha	f0	-0.24402517776348434
fit-rw_positive-run1-prior1	rw_positive	run1	1.0	none	False	sub-122	similar	alpha	epsilon	-0.06173294908663675
fit-rw_positive-run1-prior1	rw_positive	run1	1.0	none	False	sub-122	similar	gamma	f0	0.02612510363599189
fit-rw_positive-run1-prior1	rw_positive	run1	1.0	none	False	sub-122	similar	gamma	epsilon	-0.004580600780272275
fit-rw_positive-run1-prior1	rw_positive	run1	1.0	none	False	sub-122	similar	f0	epsilon	0.3434342154192559
fit-rw_positive-run1-prior1	rw_positive	run1	1.0	none	False	sub-122	dissimilar	alpha	gamma	-0.03718962483924012
fit-rw_positive-run1-prior1	rw_positive	run1	1.0	none	False	sub-122	dissimilar	alpha	f0	-0.23730543931221226
fit-rw_positive-run1-prior1	rw_positive	run1	1.0	none	False	sub-122	dissimilar	alpha	epsilon	-0.059614540773167066
fit-rw_positive-run1-prior1	rw_positive	run1	1.0	none	False	sub-122	dissimilar	gamma	f0	0.20684193569798653
fit-rw_positive-run1-prior1	rw_positive	run1	1.0	none	False	sub-122	dissimilar	gamma	epsilon	0.034268054926944784
fit-rw_positive-run1-prior1	rw_positive	run1	1.0	none	False	sub-122	dissimilar	f0	epsilon	0.3005184394157474
fit-rw_positive-run1-prior1	rw_positive	run1	1.0	none	False	sub-124	computer	alpha	gamma	-0.060723505353415155
fit-rw_positive-run1-prior1	rw_positive	run1	1.0	none	False	sub-124	computer	alpha	f0	-0.22282629395967513
fit-rw_positive-run1-prior1	rw_positive	run1	1.0	none	False	sub-124	computer	alpha	epsilon	-0.2798663504188597
fit-rw_positive-run1-prior1	rw_positive	run1	1.0	none	False	sub-124	computer	gamma	f0	0.020396662820415745
fit-rw_positive-run1-prior1	rw_positive	run1	1.0	none	False	sub-124	computer	gamma	epsilon	0.04222971740655397
fit-rw_positive-run1-prior1	rw_positive	run1	1.0	none	False	sub-124	computer	f0	epsilon	-0.05566686268039405
fit-rw_positive-run1-prior1	rw_positive	run1	1.0	none	False	sub-124	similar	alpha	gamma	-0.06515400232830826
fit-rw_positive-run1-prior1	rw_positive	run1	1.0	none	False	sub-124	similar	alpha	f0	-0.23622321425229373
fit-rw_positive-run1-prior1	rw_positive	run1	1.0	none	False	sub-124	similar	alpha	epsilon	-0.2703045862044528
fit-rw_positive-run1-prior1	rw_positive	run1	1.0	none	False	sub-124	similar	gamma	f0	0.03165127757426237
fit-rw_positive-run1-prior1	rw_positive	run1	1.0	none	False	sub-124	similar	gamma	epsilon	0.026260641727908665
fit-rw_positive-run1-prior1	rw_positive	run1	1.0	none	False	sub-124	similar	f0	epsilon	-0.22905789739420795
fit-rw_positive-run1-prior1	rw_positive	run1	1.0	none	False	sub-124	dissimilar	alpha	gamma	-0.060951614779436954
fit-rw_positive-run1-prior1	rw_positive	run1	1.0	none	False	sub-124	dissimilar	alpha	f0	-0.24959430528684662
fit-rw_positive-run1-prior1	rw_positive	run1	1.0	none	False	sub-124	dissimilar	alpha	epsilon	-0.21056883265232088
fit-rw_positive-run1-prior1	rw_positive	run1	1.0	none	False	sub-124	dissimilar	gamma	f0	0.04273308394618898
fit-rw_positive-run1-prior1	rw_positive	run1	1.0	none	False	sub-124	dissimilar	gamma	epsilon	0.028559375455387555
fit-rw_positive-run1-prior1	rw_positive	run1	1.0	none	False	sub-124	dissimilar	f0	epsilon	-0.1227419590745639
fit-rw_positive-run1-prior1	rw_positive	run1	1.0	none	False	sub-125	computer	alpha	gamma	-0.4334104002595237
fit-rw_positive-run1-prior1	rw_positive	run1	1.0	none	False	sub-125	computer	alpha	f0	-0.6906888989813981
fit-rw_positive-run1-prior1	rw_positive	run1	1.0	none	False	sub-125	computer	alpha	epsilon	0.09420934172438113
fit-rw_positive-run1-prior1	rw_positive	run1	1.0	none	False	sub-125	computer	gamma	f0	0.4103832605655017
fit-rw_positive-run1-prior1	rw_positive	run1	1.0	none	False	sub-125	computer	gamma	epsilon	-0.14813866611463644
fit-rw_positive-run1-prior1	rw_positive	run1	1.0	none	False	sub-125	computer	f0	epsilon	0.146336390966671
fit-rw_positive-run1-prior1	rw_positive	run1	1.0	none	False	sub-125	similar	alpha	gamma	-0.39843707323948896
fit-rw_positive-run1-prior1	rw_positive	run1	1.0	none	False	sub-125	similar	alpha	f0	-0.6236517573451169
fit-rw_positive-run1-prior1	rw_positive	run1	1.0	none	False	sub-125	similar	alpha	epsilon	0.23258074641330256
fit-rw_positive-run1-prior1	rw_positive	run1	1.0	none	False	sub-125	similar	gamma	f0	0.3959276589533758
fit-rw_positive-run1-prior1	rw_positive	run1	1.0	none	False	sub-125	similar	gamma	epsilon	0.019727297489302
fit-rw_positive-run1-prior1	rw_positive	run1	1.0	none	False	sub-125	similar	f0	epsilon	0.2201787466656447
fit-rw_positive-run1-prior1	rw_positive	run1	1.0	none	False	sub-125	dissimilar	alpha	gamma	-0.37261879825275424
fit-rw_positive-run1-prior1	rw_positive	run1	1.0	none	False	sub-125	dissimilar	alpha	f0	-0.6323556229665143
fit-rw_positive-run1-prior1	rw_positive	run1	1.0	none	False	sub-125	dissimilar	alpha	epsilon	0.24686797901964957
fit-rw_positive-run1-prior1	rw_positive	run1	1.0	none	False	sub-125	dissimilar	gamma	f0	0.5008410154753078
fit-rw_positive-run1-prior1	rw_positive	run1	1.0	none	False	sub-125	dissimilar	gamma	epsilon	0.09148428317630287
fit-rw_positive-run1-prior1	rw_positive	run1	1.0	none	False	sub-125	dissimilar	f0	epsilon	0.1494440964467745
fit-rw_positive-run1-prior1	rw_positive	run1	1.0	none	False	sub-126	computer	alpha	gamma	-0.0277907936492281
fit-rw_positive-run1-prior1	rw_positive	run1	1.0	none	False	sub-126	computer	alpha	f0	-0.22102170795790899
fit-rw_positive-run1-prior1	rw_positive	run1	1.0	none	False	sub-126	computer	alpha	epsilon	-0.05295269538762851
fit-rw_positive-run1-prior1	rw_positive	run1	1.0	none	False	sub-126	computer	gamma	f0	0.052703140928260235
fit-rw_positive-run1-prior1	rw_positive	run1	1.0	none	False	sub-126	computer	gamma	epsilon	0.007205353049269678
fit-rw_positive-run1-prior1	rw_positive	run1	1.0	none	False	sub-126	computer	f0	epsilon	0.3916402217353602
fit-rw_positive-run1-prior1	rw_positive	run1	1.0	none	False	sub-126	similar	alpha	gamma	-0.02599058276938425
fit-rw_positive-run1-prior1	rw_positive	run1	1.0	none	False	sub-126	similar	alpha	f0	-0.2374415052778785
fit-rw_positive-run1-prior1	rw_positive	run1	1.0	none	False	sub-126	similar	alpha	epsilon	-0.05429890444078995
fit-rw_positive-run1-prior1	rw_positive	run1	1.0	none	False	sub-126	similar	gamma	f0	0.05215486557155662
fit-rw_positive-run1-prior1	rw_positive	run1	1.0	none	False	sub-126	similar	gamma	epsilon	0.005744681876740623
fit-rw_positive-run1-prior1	rw_positive	run1	1.0	none	False	sub-126	similar	f0	epsilon	0.41664921274956956
fit-rw_positive-run1-prior1	rw_positive	run1	1.0	none	False	sub-126	dissimilar	alpha	gamma	-0.027743821294024307
fit-rw_positive-run1-prior1	rw_positive	run1	1.0	none	False	sub-126	dissimilar	alpha	f0	-0.2414350395105522
fit-rw_positive-run1-prior1	rw_positive	run1	1.0	none	False	sub-126	dissimilar	alpha	epsilon	-0.06070479405212205
fit-rw_positive-run1-prior1	rw_positive	run1	1.0	none	False	sub-126	dissimilar	gamma	f0	0.05962028007451592
fit-rw_positive-run1-prior1	rw_positive	run1	1.0	none	False	sub-126	dissimilar	gamma	epsilon	0.020777743376531023
fit-rw_positive-run1-prior1	rw_positive	run1	1.0	none	False	sub-126	dissimilar	f0	epsilon	0.4052769732818017
fit-rw_positive-run1-prior1	rw_positive	run1	1.0	none	False	sub-127	computer	alpha	gamma	-0.20065047355986027
fit-rw_positive-run1-prior1	rw_positive	run1	1.0	none	False	sub-127	computer	alpha	f0	-0.6453142788599833
fit-rw_positive-run1-prior1	rw_positive	run1	1.0	none	False	sub-127	computer	alpha	epsilon	0.07115254627871875
fit-rw_positive-run1-prior1	rw_positive	run1	1.0	none	False	sub-127	computer	gamma	f0	0.2672729496752507
fit-rw_positive-run1-prior1	rw_positive	run1	1.0	none	False	sub-127	computer	gamma	epsilon	-0.04667213655047817
fit-rw_positive-run1-prior1	rw_positive	run1	1.0	none	False	sub-127	computer	f0	epsilon	0.020407637484007268
fit-rw_positive-run1-prior1	rw_positive	run1	1.0	none	False	sub-127	similar	alpha	gamma	-0.1434275100454637
fit-rw_positive-run1-prior1	rw_positive	run1	1.0	none	False	sub-127	similar	alpha	f0	-0.6042310742135499
fit-rw_positive-run1-prior1	rw_positive	run1	1.0	none	False	sub-127	similar	alpha	epsilon	0.09509723779162799
fit-rw_positive-run1-prior1	rw_positive	run1	1.0	none	False	sub-127	similar	gamma	f0	0.20066213415257847
fit-rw_positive-run1-prior1	rw_positive	run1	1.0	none	False	sub-127	similar	gamma	epsilon	-0.06468778137488487
fit-rw_positive-run1-prior1	rw_positive	run1	1.0	none	False	sub-127	similar	f0	epsilon	0.008853415378528674
fit-rw_positive-run1-prior1	rw_positive	run1	1.0	none	False	sub-127	dissimilar	alpha	gamma	-0.28301595649055783
fit-rw_positive-run1-prior1	rw_positive	run1	1.0	none	False	sub-127	dissimilar	alpha	f0	-0.5466339093968655
fit-rw_positive-run1-prior1	rw_positive	run1	1.0	none	False	sub-127	dissimilar	alpha	epsilon	0.07333731083554451
fit-rw_positive-run1-prior1	rw_positive	run1	1.0	none	False	sub-127	dissimilar	gamma	f0	0.3727937221297481
fit-rw_positive-run1-prior1	rw_positive	run1	1.0	none	False	sub-127	dissimilar	gamma	epsilon	-0.08216749248427857
fit-rw_positive-run1-prior1	rw_positive	run1	1.0	none	False	sub-127	dissimilar	f0	epsilon	-0.0378118096994729
fit-rw_positive-run1-prior1	rw_positive	run1	1.0	none	False	sub-128	computer	alpha	gamma	-0.07086368582541173
fit-rw_positive-run1-prior1	rw_positive	run1	1.0	none	False	sub-128	computer	alpha	f0	-0.5729708895268056
fit-rw_positive-run1-prior1	rw_positive	run1	1.0	none	False	sub-128	computer	alpha	epsilon	0.03855617408086651
fit-rw_positive-run1-prior1	rw_positive	run1	1.0	none	False	sub-128	computer	gamma	f0	0.06790274605986908
fit-rw_positive-run1-prior1	rw_positive	run1	1.0	none	False	sub-128	computer	gamma	epsilon	-0.054661651429666475
fit-rw_positive-run1-prior1	rw_positive	run1	1.0	none	False	sub-128	computer	f0	epsilon	0.13922262912178002
fit-rw_positive-run1-prior1	rw_positive	run1	1.0	none	False	sub-128	similar	alpha	gamma	-0.0443306888307946
fit-rw_positive-run1-prior1	rw_positive	run1	1.0	none	False	sub-128	similar	alpha	f0	-0.5270418785518436
fit-rw_positive-run1-prior1	rw_positive	run1	1.0	none	False	sub-128	similar	alpha	epsilon	0.019900771178571006
fit-rw_positive-run1-prior1	rw_positive	run1	1.0	none	False	sub-128	similar	gamma	f0	0.06034716803202409
fit-rw_positive-run1-prior1	rw_positive	run1	1.0	none	False	sub-128	similar	gamma	epsilon	-0.08216886561089365
fit-rw_positive-run1-prior1	rw_positive	run1	1.0	none	False	sub-128	similar	f0	epsilon	0.07022741991854267
fit-rw_positive-run1-prior1	rw_positive	run1	1.0	none	False	sub-128	dissimilar	alpha	gamma	-0.04267866979786642
fit-rw_positive-run1-prior1	rw_positive	run1	1.0	none	False	sub-128	dissimilar	alpha	f0	-0.5383726974898909
fit-rw_positive-run1-prior1	rw_positive	run1	1.0	none	False	sub-128	dissimilar	alpha	epsilon	0.05266584914737196
fit-rw_positive-run1-prior1	rw_positive	run1	1.0	none	False	sub-128	dissimilar	gamma	f0	0.044686994442116046
fit-rw_positive-run1-prior1	rw_positive	run1	1.0	none	False	sub-128	dissimilar	gamma	epsilon	-0.05366450332076967
fit-rw_positive-run1-prior1	rw_positive	run1	1.0	none	False	sub-128	dissimilar	f0	epsilon	0.07040446869738368
fit-rw_positive-run1-prior1	rw_positive	run1	1.0	none	False	sub-129	computer	alpha	gamma	-0.42009528379277106
fit-rw_positive-run1-prior1	rw_positive	run1	1.0	none	False	sub-129	computer	alpha	f0	-0.6702717933223193
fit-rw_positive-run1-prior1	rw_positive	run1	1.0	none	False	sub-129	computer	alpha	epsilon	0.1814144490341397
fit-rw_positive-run1-prior1	rw_positive	run1	1.0	none	False	sub-129	computer	gamma	f0	0.5377762530899837
fit-rw_positive-run1-prior1	rw_positive	run1	1.0	none	False	sub-129	computer	gamma	epsilon	0.0755988221761777
fit-rw_positive-run1-prior1	rw_positive	run1	1.0	none	False	sub-129	computer	f0	epsilon	-0.01126183588639117
fit-rw_positive-run1-prior1	rw_positive	run1	1.0	none	False	sub-129	similar	alpha	gamma	-0.32582968848840577
fit-rw_positive-run1-prior1	rw_positive	run1	1.0	none	False	sub-129	similar	alpha	f0	-0.6795085762846531
fit-rw_positive-run1-prior1	rw_positive	run1	1.0	none	False	sub-129	similar	alpha	epsilon	0.1967602775715589
fit-rw_positive-run1-prior1	rw_positive	run1	1.0	none	False	sub-129	similar	gamma	f0	0.3054323878541658
fit-rw_positive-run1-prior1	rw_positive	run1	1.0	none	False	sub-129	similar	gamma	epsilon	-0.1571351594493416
fit-rw_positive-run1-prior1	rw_positive	run1	1.0	none	False	sub-129	similar	f0	epsilon	-0.05688755092258394
fit-rw_positive-run1-prior1	rw_positive	run1	1.0	none	False	sub-129	dissimilar	alpha	gamma	-0.23539134805690204
fit-rw_positive-run1-prior1	rw_positive	run1	1.0	none	False	sub-129	dissimilar	alpha	f0	-0.6867935917508312
fit-rw_positive-run1-prior1	rw_positive	run1	1.0	none	False	sub-129	dissimilar	alpha	epsilon	0.27020158197288663
fit-rw_positive-run1-prior1	rw_positive	run1	1.0	none	False	sub-129	dissimilar	gamma	f0	0.2639662353827192
fit-rw_positive-run1-prior1	rw_positive	run1	1.0	none	False	sub-129	dissimilar	gamma	epsilon	0.055633977305982144
fit-rw_positive-run1-prior1	rw_positive	run1	1.0	none	False	sub-129	dissimilar	f0	epsilon	-0.08024327855055545
fit-rw_positive-run1-prior1	rw_positive	run1	1.0	none	False	sub-130	computer	alpha	gamma	-0.007313329434312682
fit-rw_positive-run1-prior1	rw_positive	run1	1.0	none	False	sub-130	computer	alpha	f0	-0.1662078318507325
fit-rw_positive-run1-prior1	rw_positive	run1	1.0	none	False	sub-130	computer	alpha	epsilon	-0.02707785100940798
fit-rw_positive-run1-prior1	rw_positive	run1	1.0	none	False	sub-130	computer	gamma	f0	-0.0035357855661456586
fit-rw_positive-run1-prior1	rw_positive	run1	1.0	none	False	sub-130	computer	gamma	epsilon	-0.0012846444492679524
fit-rw_positive-run1-prior1	rw_positive	run1	1.0	none	False	sub-130	computer	f0	epsilon	0.498490719755811
fit-rw_positive-run1-prior1	rw_positive	run1	1.0	none	False	sub-130	similar	alpha	gamma	-0.023364203109092832
fit-rw_positive-run1-prior1	rw_positive	run1	1.0	none	False	sub-130	similar	alpha	f0	-0.17807115640640672
fit-rw_positive-run1-prior1	rw_positive	run1	1.0	none	False	sub-130	similar	alpha	epsilon	-0.028723738699773772
fit-rw_positive-run1-prior1	rw_positive	run1	1.0	none	False	sub-130	similar	gamma	f0	0.030471968367113182
fit-rw_positive-run1-prior1	rw_positive	run1	1.0	none	False	sub-130	similar	gamma	epsilon	0.005706333744867019
fit-rw_positive-run1-prior1	rw_positive	run1	1.0	none	False	sub-130	similar	f0	epsilon	0.5116094447158033
fit-rw_positive-run1-prior1	rw_positive	run1	1.0	none	False	sub-130	dissimilar	alpha	gamma	-0.03605652457741212
fit-rw_positive-run1-prior1	rw_positive	run1	1.0	none	False	sub-130	dissimilar	alpha	f0	-0.17756474927215168
fit-rw_positive-run1-prior1	rw_positive	run1	1.0	none	False	sub-130	dissimilar	alpha	epsilon	-0.02582902541573384
fit-rw_positive-run1-prior1	rw_positive	run1	1.0	none	False	sub-130	dissimilar	gamma	f0	0.031041839982278666
fit-rw_positive-run1-prior1	rw_positive	run1	1.0	none	False	sub-130	dissimilar	gamma	epsilon	0.010623132304012415
fit-rw_positive-run1-prior1	rw_positive	run1	1.0	none	False	sub-130	dissimilar	f0	epsilon	0.5027009878064463
fit-rw_positive-run1-prior1	rw_positive	run1	1.0	none	False	sub-132	computer	alpha	gamma	-0.09370504149170851
fit-rw_positive-run1-prior1	rw_positive	run1	1.0	none	False	sub-132	computer	alpha	f0	-0.2538876668106074
fit-rw_positive-run1-prior1	rw_positive	run1	1.0	none	False	sub-132	computer	alpha	epsilon	-0.05371368464067621
fit-rw_positive-run1-prior1	rw_positive	run1	1.0	none	False	sub-132	computer	gamma	f0	0.2562286900617465
fit-rw_positive-run1-prior1	rw_positive	run1	1.0	none	False	sub-132	computer	gamma	epsilon	0.025672619572952853
fit-rw_positive-run1-prior1	rw_positive	run1	1.0	none	False	sub-132	computer	f0	epsilon	0.3998187021626261
fit-rw_positive-run1-prior1	rw_positive	run1	1.0	none	False	sub-132	similar	alpha	gamma	-0.07087816104325971
fit-rw_positive-run1-prior1	rw_positive	run1	1.0	none	False	sub-132	similar	alpha	f0	-0.26548890382155993
fit-rw_positive-run1-prior1	rw_positive	run1	1.0	none	False	sub-132	similar	alpha	epsilon	-0.061685433972659055
fit-rw_positive-run1-prior1	rw_positive	run1	1.0	none	False	sub-132	similar	gamma	f0	0.12859159120191432
fit-rw_positive-run1-prior1	rw_positive	run1	1.0	none	False	sub-132	similar	gamma	epsilon	0.003468565726444806
fit-rw_positive-run1-prior1	rw_positive	run1	1.0	none	False	sub-132	similar	f0	epsilon	0.4454955626086729
fit-rw_positive-run1-prior1	rw_positive	run1	1.0	none	False	sub-132	dissimilar	alpha	gamma	-0.05488426161228708
fit-rw_positive-run1-prior1	rw_positive	run1	1.0	none	False	sub-132	dissimilar	alpha	f0	-0.270216117405888
fit-rw_positive-run1-prior1	rw_positive	run1	1.0	none	False	sub-132	dissimilar	alpha	epsilon	-0.06597211562198962
fit-rw_positive-run1-prior1	rw_positive	run1	1.0	none	False	sub-132	dissimilar	gamma	f0	0.11389786465147703
fit-rw_positive-run1-prior1	rw_positive	run1	1.0	none	False	sub-132	dissimilar	gamma	epsilon	0.015138762147748378
fit-rw_positive-run1-prior1	rw_positive	run1	1.0	none	False	sub-132	dissimilar	f0	epsilon	0.4422634379123646
fit-rw_positive-run1-prior1	rw_positive	run1	1.0	none	False	sub-133	computer	alpha	gamma	-0.10404559913427054
fit-rw_positive-run1-prior1	rw_positive	run1	1.0	none	False	sub-133	computer	alpha	f0	-0.27718568016957357
fit-rw_positive-run1-prior1	rw_positive	run1	1.0	none	False	sub-133	computer	alpha	epsilon	-0.05735012211282619
fit-rw_positive-run1-prior1	rw_positive	run1	1.0	none	False	sub-133	computer	gamma	f0	0.19029849855283681
fit-rw_positive-run1-prior1	rw_positive	run1	1.0	none	False	sub-133	computer	gamma	epsilon	0.03396648456407664
fit-rw_positive-run1-prior1	rw_positive	run1	1.0	none	False	sub-133	computer	f0	epsilon	0.44562547469963243
fit-rw_positive-run1-prior1	rw_positive	run1	1.0	none	False	sub-133	similar	alpha	gamma	-0.14181524307656432
fit-rw_positive-run1-prior1	rw_positive	run1	1.0	none	False	sub-133	similar	alpha	f0	-0.3095710371272367
fit-rw_positive-run1-prior1	rw_positive	run1	1.0	none	False	sub-133	similar	alpha	epsilon	-0.04997930871900254
fit-rw_positive-run1-prior1	rw_positive	run1	1.0	none	False	sub-133	similar	gamma	f0	0.3639445186256982
fit-rw_positive-run1-prior1	rw_positive	run1	1.0	none	False	sub-133	similar	gamma	epsilon	0.015589984803455139
fit-rw_positive-run1-prior1	rw_positive	run1	1.0	none	False	sub-133	similar	f0	epsilon	0.4143499842290286
fit-rw_positive-run1-prior1	rw_positive	run1	1.0	none	False	sub-133	dissimilar	alpha	gamma	-0.1313053134620254
fit-rw_positive-run1-prior1	rw_positive	run1	1.0	none	False	sub-133	dissimilar	alpha	f0	-0.3081553759960402
fit-rw_positive-run1-prior1	rw_positive	run1	1.0	none	False	sub-133	dissimilar	alpha	epsilon	-0.05526453574522284
fit-rw_positive-run1-prior1	rw_positive	run1	1.0	none	False	sub-133	dissimilar	gamma	f0	0.32996886667088454
fit-rw_positive-run1-prior1	rw_positive	run1	1.0	none	False	sub-133	dissimilar	gamma	epsilon	0.062400526851995895
fit-rw_positive-run1-prior1	rw_positive	run1	1.0	none	False	sub-133	dissimilar	f0	epsilon	0.4274233240887191
fit-rw_positive-run1-prior1	rw_positive	run1	1.0	none	False	sub-134	computer	alpha	gamma	-0.02423899743883559
fit-rw_positive-run1-prior1	rw_positive	run1	1.0	none	False	sub-134	computer	alpha	f0	-0.2857981255009073
fit-rw_positive-run1-prior1	rw_positive	run1	1.0	none	False	sub-134	computer	alpha	epsilon	-0.06341316035445838
fit-rw_positive-run1-prior1	rw_positive	run1	1.0	none	False	sub-134	computer	gamma	f0	0.07721042448044389
fit-rw_positive-run1-prior1	rw_positive	run1	1.0	none	False	sub-134	computer	gamma	epsilon	-0.0036018457477236788
fit-rw_positive-run1-prior1	rw_positive	run1	1.0	none	False	sub-134	computer	f0	epsilon	0.24884268392597203
fit-rw_positive-run1-prior1	rw_positive	run1	1.0	none	False	sub-134	similar	alpha	gamma	-0.05518808546615992
fit-rw_positive-run1-prior1	rw_positive	run1	1.0	none	False	sub-134	similar	alpha	f0	-0.3367980083289269
fit-rw_positive-run1-prior1	rw_positive	run1	1.0	none	False	sub-134	similar	alpha	epsilon	-0.07709085356727463
fit-rw_positive-run1-prior1	rw_positive	run1	1.0	none	False	sub-134	similar	gamma	f0	0.17631894027319148
fit-rw_positive-run1-prior1	rw_positive	run1	1.0	none	False	sub-134	similar	gamma	epsilon	-0.015803545396198476
fit-rw_positive-run1-prior1	rw_positive	run1	1.0	none	False	sub-134	similar	f0	epsilon	0.2159668812776685
fit-rw_positive-run1-prior1	rw_positive	run1	1.0	none	False	sub-134	dissimilar	alpha	gamma	-0.07983843374363231
fit-rw_positive-run1-prior1	rw_positive	run1	1.0	none	False	sub-134	dissimilar	alpha	f0	-0.3436482325903951
fit-rw_positive-run1-prior1	rw_positive	run1	1.0	none	False	sub-134	dissimilar	alpha	epsilon	-0.07853079183789784
fit-rw_positive-run1-prior1	rw_positive	run1	1.0	none	False	sub-134	dissimilar	gamma	f0	0.09954196249217098
fit-rw_positive-run1-prior1	rw_positive	run1	1.0	none	False	sub-134	dissimilar	gamma	epsilon	-0.010732790701390667
fit-rw_positive-run1-prior1	rw_positive	run1	1.0	none	False	sub-134	dissimilar	f0	epsilon	0.2264836954439491
fit-rw_positive-run1-prior1	rw_positive	run1	1.0	none	False	sub-135	computer	alpha	gamma	-0.44863973066744567
fit-rw_positive-run1-prior1	rw_positive	run1	1.0	none	False	sub-135	computer	alpha	f0	-0.7304791661236308
fit-rw_positive-run1-prior1	rw_positive	run1	1.0	none	False	sub-135	computer	alpha	epsilon	0.05810361151157347
fit-rw_positive-run1-prior1	rw_positive	run1	1.0	none	False	sub-135	computer	gamma	f0	0.2694989316560227
fit-rw_positive-run1-prior1	rw_positive	run1	1.0	none	False	sub-135	computer	gamma	epsilon	-0.11101673996574701
fit-rw_positive-run1-prior1	rw_positive	run1	1.0	none	False	sub-135	computer	f0	epsilon	0.03893215562981078
fit-rw_positive-run1-prior1	rw_positive	run1	1.0	none	False	sub-135	similar	alpha	gamma	-0.18798409822136064
fit-rw_positive-run1-prior1	rw_positive	run1	1.0	none	False	sub-135	similar	alpha	f0	-0.7095233790670413
fit-rw_positive-run1-prior1	rw_positive	run1	1.0	none	False	sub-135	similar	alpha	epsilon	0.08113685217615613
fit-rw_positive-run1-prior1	rw_positive	run1	1.0	none	False	sub-135	similar	gamma	f0	0.12721276651005156
fit-rw_positive-run1-prior1	rw_positive	run1	1.0	none	False	sub-135	similar	gamma	epsilon	-0.07402679415967317
fit-rw_positive-run1-prior1	rw_positive	run1	1.0	none	False	sub-135	similar	f0	epsilon	0.02522580154278741
fit-rw_positive-run1-prior1	rw_positive	run1	1.0	none	False	sub-135	dissimilar	alpha	gamma	-0.4981793342720375
fit-rw_positive-run1-prior1	rw_positive	run1	1.0	none	False	sub-135	dissimilar	alpha	f0	-0.6055212681404012
fit-rw_positive-run1-prior1	rw_positive	run1	1.0	none	False	sub-135	dissimilar	alpha	epsilon	0.09690451191723644
fit-rw_positive-run1-prior1	rw_positive	run1	1.0	none	False	sub-135	dissimilar	gamma	f0	0.18703209323619918
fit-rw_positive-run1-prior1	rw_positive	run1	1.0	none	False	sub-135	dissimilar	gamma	epsilon	-0.05647046967959519
fit-rw_positive-run1-prior1	rw_positive	run1	1.0	none	False	sub-135	dissimilar	f0	epsilon	0.014455603890045693
fit-rw_positive-run1-prior1	rw_positive	run1	1.0	none	False	sub-136	computer	alpha	gamma	-0.029280462160316448
fit-rw_positive-run1-prior1	rw_positive	run1	1.0	none	False	sub-136	computer	alpha	f0	-0.506315804436014
fit-rw_positive-run1-prior1	rw_positive	run1	1.0	none	False	sub-136	computer	alpha	epsilon	0.026479338693767753
fit-rw_positive-run1-prior1	rw_positive	run1	1.0	none	False	sub-136	computer	gamma	f0	-0.004619707740208269
fit-rw_positive-run1-prior1	rw_positive	run1	1.0	none	False	sub-136	computer	gamma	epsilon	0.07335414449534802
fit-rw_positive-run1-prior1	rw_positive	run1	1.0	none	False	sub-136	computer	f0	epsilon	-0.13126877996926947
fit-rw_positive-run1-prior1	rw_positive	run1	1.0	none	False	sub-136	similar	alpha	gamma	-0.0612059555286105
fit-rw_positive-run1-prior1	rw_positive	run1	1.0	none	False	sub-136	similar	alpha	f0	-0.5636137797624953
fit-rw_positive-run1-prior1	rw_positive	run1	1.0	none	False	sub-136	similar	alpha	epsilon	0.05645237197930907
fit-rw_positive-run1-prior1	rw_positive	run1	1.0	none	False	sub-136	similar	gamma	f0	0.05384451145706745
fit-rw_positive-run1-prior1	rw_positive	run1	1.0	none	False	sub-136	similar	gamma	epsilon	0.04534540945525428
fit-rw_positive-run1-prior1	rw_positive	run1	1.0	none	False	sub-136	similar	f0	epsilon	-0.01961042012245079
fit-rw_positive-run1-prior1	rw_positive	run1	1.0	none	False	sub-136	dissimilar	alpha	gamma	-0.04209577712143437
fit-rw_positive-run1-prior1	rw_positive	run1	1.0	none	False	sub-136	dissimilar	alpha	f0	-0.5395250195192968
fit-rw_positive-run1-prior1	rw_positive	run1	1.0	none	False	sub-136	dissimilar	alpha	epsilon	0.06261755104864945
fit-rw_positive-run1-prior1	rw_positive	run1	1.0	none	False	sub-136	dissimilar	gamma	f0	0.042702073977059794
fit-rw_positive-run1-prior1	rw_positive	run1	1.0	none	False	sub-136	dissimilar	gamma	epsilon	0.0498891032505875
fit-rw_positive-run1-prior1	rw_positive	run1	1.0	none	False	sub-136	dissimilar	f0	epsilon	-0.21236421993259552
fit-rw_positive-run1-prior1	rw_positive	run1	1.0	none	False	sub-137	computer	alpha	gamma	-0.18432512797069522
fit-rw_positive-run1-prior1	rw_positive	run1	1.0	none	False	sub-137	computer	alpha	f0	-0.6221635888785231
fit-rw_positive-run1-prior1	rw_positive	run1	1.0	none	False	sub-137	computer	alpha	epsilon	0.04620384102297032
fit-rw_positive-run1-prior1	rw_positive	run1	1.0	none	False	sub-137	computer	gamma	f0	0.27238604968560987
fit-rw_positive-run1-prior1	rw_positive	run1	1.0	none	False	sub-137	computer	gamma	epsilon	-0.05542312245333141
fit-rw_positive-run1-prior1	rw_positive	run1	1.0	none	False	sub-137	computer	f0	epsilon	0.006454326696313327
fit-rw_positive-run1-prior1	rw_positive	run1	1.0	none	False	sub-137	similar	alpha	gamma	-0.30457839916915097
fit-rw_positive-run1-prior1	rw_positive	run1	1.0	none	False	sub-137	similar	alpha	f0	-0.5554827421430109
fit-rw_positive-run1-prior1	rw_positive	run1	1.0	none	False	sub-137	similar	alpha	epsilon	0.05942334323753854
fit-rw_positive-run1-prior1	rw_positive	run1	1.0	none	False	sub-137	similar	gamma	f0	0.4555804193456876
fit-rw_positive-run1-prior1	rw_positive	run1	1.0	none	False	sub-137	similar	gamma	epsilon	-0.05156974109726521
fit-rw_positive-run1-prior1	rw_positive	run1	1.0	none	False	sub-137	similar	f0	epsilon	-0.007462633587341776
fit-rw_positive-run1-prior1	rw_positive	run1	1.0	none	False	sub-137	dissimilar	alpha	gamma	-0.19160867717328778
fit-rw_positive-run1-prior1	rw_positive	run1	1.0	none	False	sub-137	dissimilar	alpha	f0	-0.6353871152359885
fit-rw_positive-run1-prior1	rw_positive	run1	1.0	none	False	sub-137	dissimilar	alpha	epsilon	0.07425234713756503
fit-rw_positive-run1-prior1	rw_positive	run1	1.0	none	False	sub-137	dissimilar	gamma	f0	0.2807466944023288
fit-rw_positive-run1-prior1	rw_positive	run1	1.0	none	False	sub-137	dissimilar	gamma	epsilon	-0.15077809767090986
fit-rw_positive-run1-prior1	rw_positive	run1	1.0	none	False	sub-137	dissimilar	f0	epsilon	-0.03122277770354451
fit-rw_positive-run1-prior1	rw_positive	run1	1.0	none	False	sub-138	computer	alpha	gamma	-0.01699676768059135
fit-rw_positive-run1-prior1	rw_positive	run1	1.0	none	False	sub-138	computer	alpha	f0	-0.3987367470748098
fit-rw_positive-run1-prior1	rw_positive	run1	1.0	none	False	sub-138	computer	alpha	epsilon	-0.040279371588347074
fit-rw_positive-run1-prior1	rw_positive	run1	1.0	none	False	sub-138	computer	gamma	f0	-0.15259425460934928
fit-rw_positive-run1-prior1	rw_positive	run1	1.0	none	False	sub-138	computer	gamma	epsilon	-0.06537205443227058
fit-rw_positive-run1-prior1	rw_positive	run1	1.0	none	False	sub-138	computer	f0	epsilon	0.16352041911936838
fit-rw_positive-run1-prior1	rw_positive	run1	1.0	none	False	sub-138	similar	alpha	gamma	-0.11863375614146125
fit-rw_positive-run1-prior1	rw_positive	run1	1.0	none	False	sub-138	similar	alpha	f0	-0.4103455408849925
fit-rw_positive-run1-prior1	rw_positive	run1	1.0	none	False	sub-138	similar	alpha	epsilon	0.15895833819216407
fit-rw_positive-run1-prior1	rw_positive	run1	1.0	none	False	sub-138	similar	gamma	f0	0.14959523044164208
fit-rw_positive-run1-prior1	rw_positive	run1	1.0	none	False	sub-138	similar	gamma	epsilon	0.31245406513241925
fit-rw_positive-run1-prior1	rw_positive	run1	1.0	none	False	sub-138	similar	f0	epsilon	-0.10607066492971509
fit-rw_positive-run1-prior1	rw_positive	run1	1.0	none	False	sub-138	dissimilar	alpha	gamma	-0.09520367295749484
fit-rw_positive-run1-prior1	rw_positive	run1	1.0	none	False	sub-138	dissimilar	alpha	f0	-0.44816436098271795
fit-rw_positive-run1-prior1	rw_positive	run1	1.0	none	False	sub-138	dissimilar	alpha	epsilon	0.14028191673352375
fit-rw_positive-run1-prior1	rw_positive	run1	1.0	none	False	sub-138	dissimilar	gamma	f0	0.17545133332776533
fit-rw_positive-run1-prior1	rw_positive	run1	1.0	none	False	sub-138	dissimilar	gamma	epsilon	0.13822716259302673
fit-rw_positive-run1-prior1	rw_positive	run1	1.0	none	False	sub-138	dissimilar	f0	epsilon	-0.1151635278179025
fit-rw_positive-run1-prior1	rw_positive	run1	1.0	none	False	sub-140	computer	alpha	gamma	-0.039110397096507384
fit-rw_positive-run1-prior1	rw_positive	run1	1.0	none	False	sub-140	computer	alpha	f0	-0.44692554193746464
fit-rw_positive-run1-prior1	rw_positive	run1	1.0	none	False	sub-140	computer	alpha	epsilon	0.29326768349290133
fit-rw_positive-run1-prior1	rw_positive	run1	1.0	none	False	sub-140	computer	gamma	f0	0.0771561937284471
fit-rw_positive-run1-prior1	rw_positive	run1	1.0	none	False	sub-140	computer	gamma	epsilon	0.16398932586856285
fit-rw_positive-run1-prior1	rw_positive	run1	1.0	none	False	sub-140	computer	f0	epsilon	-0.25854370585243663
fit-rw_positive-run1-prior1	rw_positive	run1	1.0	none	False	sub-140	similar	alpha	gamma	0.15827737335457492
fit-rw_positive-run1-prior1	rw_positive	run1	1.0	none	False	sub-140	similar	alpha	f0	-0.5098268740213826
fit-rw_positive-run1-prior1	rw_positive	run1	1.0	none	False	sub-140	similar	alpha	epsilon	0.4061717218382705
fit-rw_positive-run1-prior1	rw_positive	run1	1.0	none	False	sub-140	similar	gamma	f0	-0.007317002284734079
fit-rw_positive-run1-prior1	rw_positive	run1	1.0	none	False	sub-140	similar	gamma	epsilon	0.3353944773768331
fit-rw_positive-run1-prior1	rw_positive	run1	1.0	none	False	sub-140	similar	f0	epsilon	-0.3164133751718613
fit-rw_positive-run1-prior1	rw_positive	run1	1.0	none	False	sub-140	dissimilar	alpha	gamma	-0.1886294414030321
fit-rw_positive-run1-prior1	rw_positive	run1	1.0	none	False	sub-140	dissimilar	alpha	f0	-0.5175637715194168
fit-rw_positive-run1-prior1	rw_positive	run1	1.0	none	False	sub-140	dissimilar	alpha	epsilon	0.3426908585836668
fit-rw_positive-run1-prior1	rw_positive	run1	1.0	none	False	sub-140	dissimilar	gamma	f0	0.13534973052114202
fit-rw_positive-run1-prior1	rw_positive	run1	1.0	none	False	sub-140	dissimilar	gamma	epsilon	0.03153664694012362
fit-rw_positive-run1-prior1	rw_positive	run1	1.0	none	False	sub-140	dissimilar	f0	epsilon	-0.28370408762922567
fit-rw_positive-run1-prior1	rw_positive	run1	1.0	none	False	sub-141	computer	alpha	gamma	0.005795867090074383
fit-rw_positive-run1-prior1	rw_positive	run1	1.0	none	False	sub-141	computer	alpha	f0	-0.182872111407829
fit-rw_positive-run1-prior1	rw_positive	run1	1.0	none	False	sub-141	computer	alpha	epsilon	-0.04462612553173399
fit-rw_positive-run1-prior1	rw_positive	run1	1.0	none	False	sub-141	computer	gamma	f0	-0.019632581456880672
fit-rw_positive-run1-prior1	rw_positive	run1	1.0	none	False	sub-141	computer	gamma	epsilon	-0.004963318218443479
fit-rw_positive-run1-prior1	rw_positive	run1	1.0	none	False	sub-141	computer	f0	epsilon	0.4255163694916271
fit-rw_positive-run1-prior1	rw_positive	run1	1.0	none	False	sub-141	similar	alpha	gamma	-0.023960288458695817
fit-rw_positive-run1-prior1	rw_positive	run1	1.0	none	False	sub-141	similar	alpha	f0	-0.20105018798650573
fit-rw_positive-run1-prior1	rw_positive	run1	1.0	none	False	sub-141	similar	alpha	epsilon	-0.044784013592561955
fit-rw_positive-run1-prior1	rw_positive	run1	1.0	none	False	sub-141	similar	gamma	f0	0.001414822873197296
fit-rw_positive-run1-prior1	rw_positive	run1	1.0	none	False	sub-141	similar	gamma	epsilon	-0.009497849558990032
fit-rw_positive-run1-prior1	rw_positive	run1	1.0	none	False	sub-141	similar	f0	epsilon	0.38020046542800634
fit-rw_positive-run1-prior1	rw_positive	run1	1.0	none	False	sub-141	dissimilar	alpha	gamma	-0.024774508648842005
fit-rw_positive-run1-prior1	rw_positive	run1	1.0	none	False	sub-141	dissimilar	alpha	f0	-0.1976847746288098
fit-rw_positive-run1-prior1	rw_positive	run1	1.0	none	False	sub-141	dissimilar	alpha	epsilon	-0.05369429240795841
fit-rw_positive-run1-prior1	rw_positive	run1	1.0	none	False	sub-141	dissimilar	gamma	f0	0.003347319351597686
fit-rw_positive-run1-prior1	rw_positive	run1	1.0	none	False	sub-141	dissimilar	gamma	epsilon	-0.015217776687480084
fit-rw_positive-run1-prior1	rw_positive	run1	1.0	none	False	sub-141	dissimilar	f0	epsilon	0.38584798110362045
fit-rw_positive-run1-prior1	rw_positive	run1	1.0	none	False	sub-142	computer	alpha	gamma	-0.14436970424652773
fit-rw_positive-run1-prior1	rw_positive	run1	1.0	none	False	sub-142	computer	alpha	f0	-0.29218404100125794
fit-rw_positive-run1-prior1	rw_positive	run1	1.0	none	False	sub-142	computer	alpha	epsilon	-0.14420971948966466
fit-rw_positive-run1-prior1	rw_positive	run1	1.0	none	False	sub-142	computer	gamma	f0	0.32834212557707304
fit-rw_positive-run1-prior1	rw_positive	run1	1.0	none	False	sub-142	computer	gamma	epsilon	0.15187414597926122
fit-rw_positive-run1-prior1	rw_positive	run1	1.0	none	False	sub-142	computer	f0	epsilon	0.6862628009117272
fit-rw_positive-run1-prior1	rw_positive	run1	1.0	none	False	sub-142	similar	alpha	gamma	-0.14533527142710537
fit-rw_positive-run1-prior1	rw_positive	run1	1.0	none	False	sub-142	similar	alpha	f0	-0.35028153293401254
fit-rw_positive-run1-prior1	rw_positive	run1	1.0	none	False	sub-142	similar	alpha	epsilon	-0.15566196173716026
fit-rw_positive-run1-prior1	rw_positive	run1	1.0	none	False	sub-142	similar	gamma	f0	0.4240778363605291
fit-rw_positive-run1-prior1	rw_positive	run1	1.0	none	False	sub-142	similar	gamma	epsilon	0.19650698267159636
fit-rw_positive-run1-prior1	rw_positive	run1	1.0	none	False	sub-142	similar	f0	epsilon	0.6349849507069101
fit-rw_positive-run1-prior1	rw_positive	run1	1.0	none	False	sub-142	dissimilar	alpha	gamma	-0.15759944414061483
fit-rw_positive-run1-prior1	rw_positive	run1	1.0	none	False	sub-142	dissimilar	alpha	f0	-0.34916482708651514
fit-rw_positive-run1-prior1	rw_positive	run1	1.0	none	False	sub-142	dissimilar	alpha	epsilon	-0.16858669860675604
fit-rw_positive-run1-prior1	rw_positive	run1	1.0	none	False	sub-142	dissimilar	gamma	f0	0.4043760025765524
fit-rw_positive-run1-prior1	rw_positive	run1	1.0	none	False	sub-142	dissimilar	gamma	epsilon	0.20762370816513084
fit-rw_positive-run1-prior1	rw_positive	run1	1.0	none	False	sub-142	dissimilar	f0	epsilon	0.6847486559355713
fit-rw_positive-run1-prior1	rw_positive	run1	1.0	none	False	sub-143	computer	alpha	gamma	-0.15214982660363094
fit-rw_positive-run1-prior1	rw_positive	run1	1.0	none	False	sub-143	computer	alpha	f0	-0.4351174529620203
fit-rw_positive-run1-prior1	rw_positive	run1	1.0	none	False	sub-143	computer	alpha	epsilon	-0.0650485201906838
fit-rw_positive-run1-prior1	rw_positive	run1	1.0	none	False	sub-143	computer	gamma	f0	0.22728631238497707
fit-rw_positive-run1-prior1	rw_positive	run1	1.0	none	False	sub-143	computer	gamma	epsilon	-0.03503906885240849
fit-rw_positive-run1-prior1	rw_positive	run1	1.0	none	False	sub-143	computer	f0	epsilon	0.018599227158179802
fit-rw_positive-run1-prior1	rw_positive	run1	1.0	none	False	sub-143	similar	alpha	gamma	-0.21290071049518533
fit-rw_positive-run1-prior1	rw_positive	run1	1.0	none	False	sub-143	similar	alpha	f0	-0.5091646125551712
fit-rw_positive-run1-prior1	rw_positive	run1	1.0	none	False	sub-143	similar	alpha	epsilon	-0.04993814359893347
fit-rw_positive-run1-prior1	rw_positive	run1	1.0	none	False	sub-143	similar	gamma	f0	0.2106703003100068
fit-rw_positive-run1-prior1	rw_positive	run1	1.0	none	False	sub-143	similar	gamma	epsilon	0.013923415398713923
fit-rw_positive-run1-prior1	rw_positive	run1	1.0	none	False	sub-143	similar	f0	epsilon	0.0026356741572907834
fit-rw_positive-run1-prior1	rw_positive	run1	1.0	none	False	sub-143	dissimilar	alpha	gamma	-0.06599743847949383
fit-rw_positive-run1-prior1	rw_positive	run1	1.0	none	False	sub-143	dissimilar	alpha	f0	-0.47989954207074803
fit-rw_positive-run1-prior1	rw_positive	run1	1.0	none	False	sub-143	dissimilar	alpha	epsilon	-0.035398142848049555
fit-rw_positive-run1-prior1	rw_positive	run1	1.0	none	False	sub-143	dissimilar	gamma	f0	0.186024995788181
fit-rw_positive-run1-prior1	rw_positive	run1	1.0	none	False	sub-143	dissimilar	gamma	epsilon	0.05650337434581155
fit-rw_positive-run1-prior1	rw_positive	run1	1.0	none	False	sub-143	dissimilar	f0	epsilon	-0.08138060829348936
fit-rw_positive-run1-prior1	rw_positive	run1	1.0	none	False	sub-144	computer	alpha	gamma	-0.14783390801687965
fit-rw_positive-run1-prior1	rw_positive	run1	1.0	none	False	sub-144	computer	alpha	f0	-0.6809003846443907
fit-rw_positive-run1-prior1	rw_positive	run1	1.0	none	False	sub-144	computer	alpha	epsilon	0.08665027163568949
fit-rw_positive-run1-prior1	rw_positive	run1	1.0	none	False	sub-144	computer	gamma	f0	0.13157451745086882
fit-rw_positive-run1-prior1	rw_positive	run1	1.0	none	False	sub-144	computer	gamma	epsilon	-0.08179658953577758
fit-rw_positive-run1-prior1	rw_positive	run1	1.0	none	False	sub-144	computer	f0	epsilon	0.01146876016747873
fit-rw_positive-run1-prior1	rw_positive	run1	1.0	none	False	sub-144	similar	alpha	gamma	-0.13613970859124724
fit-rw_positive-run1-prior1	rw_positive	run1	1.0	none	False	sub-144	similar	alpha	f0	-0.667663794627338
fit-rw_positive-run1-prior1	rw_positive	run1	1.0	none	False	sub-144	similar	alpha	epsilon	0.11351850365617963
fit-rw_positive-run1-prior1	rw_positive	run1	1.0	none	False	sub-144	similar	gamma	f0	0.15124339064527173
fit-rw_positive-run1-prior1	rw_positive	run1	1.0	none	False	sub-144	similar	gamma	epsilon	-0.09842414048555952
fit-rw_positive-run1-prior1	rw_positive	run1	1.0	none	False	sub-144	similar	f0	epsilon	0.0025876364910646247
fit-rw_positive-run1-prior1	rw_positive	run1	1.0	none	False	sub-144	dissimilar	alpha	gamma	-0.15263964557080656
fit-rw_positive-run1-prior1	rw_positive	run1	1.0	none	False	sub-144	dissimilar	alpha	f0	-0.6979093654173877
fit-rw_positive-run1-prior1	rw_positive	run1	1.0	none	False	sub-144	dissimilar	alpha	epsilon	0.07904566580833339
fit-rw_positive-run1-prior1	rw_positive	run1	1.0	none	False	sub-144	dissimilar	gamma	f0	0.1712928093917923
fit-rw_positive-run1-prior1	rw_positive	run1	1.0	none	False	sub-144	dissimilar	gamma	epsilon	-0.13776539713259134
fit-rw_positive-run1-prior1	rw_positive	run1	1.0	none	False	sub-144	dissimilar	f0	epsilon	-0.035576007808495
fit-rw_positive-run1-prior1	rw_positive	run1	1.0	none	False	sub-147	computer	alpha	gamma	-0.0819294912823301
fit-rw_positive-run1-prior1	rw_positive	run1	1.0	none	False	sub-147	computer	alpha	f0	-0.4092556186834902
fit-rw_positive-run1-prior1	rw_positive	run1	1.0	none	False	sub-147	computer	alpha	epsilon	-0.04290107820441817
fit-rw_positive-run1-prior1	rw_positive	run1	1.0	none	False	sub-147	computer	gamma	f0	0.08086378648403161
fit-rw_positive-run1-prior1	rw_positive	run1	1.0	none	False	sub-147	computer	gamma	epsilon	-0.015271521827398826
fit-rw_positive-run1-prior1	rw_positive	run1	1.0	none	False	sub-147	computer	f0	epsilon	-0.09005395120897997
fit-rw_positive-run1-prior1	rw_positive	run1	1.0	none	False	sub-147	similar	alpha	gamma	0.04406943304396538
fit-rw_positive-run1-prior1	rw_positive	run1	1.0	none	False	sub-147	similar	alpha	f0	-0.41550327309180773
fit-rw_positive-run1-prior1	rw_positive	run1	1.0	none	False	sub-147	similar	alpha	epsilon	0.04856392154039161
fit-rw_positive-run1-prior1	rw_positive	run1	1.0	none	False	sub-147	similar	gamma	f0	0.20232555075626268
fit-rw_positive-run1-prior1	rw_positive	run1	1.0	none	False	sub-147	similar	gamma	epsilon	-0.009429020983087092
fit-rw_positive-run1-prior1	rw_positive	run1	1.0	none	False	sub-147	similar	f0	epsilon	-0.25917562472782124
fit-rw_positive-run1-prior1	rw_positive	run1	1.0	none	False	sub-147	dissimilar	alpha	gamma	-0.06567763903191835
fit-rw_positive-run1-prior1	rw_positive	run1	1.0	none	False	sub-147	dissimilar	alpha	f0	-0.41674655432195257
fit-rw_positive-run1-prior1	rw_positive	run1	1.0	none	False	sub-147	dissimilar	alpha	epsilon	-0.037979691271309554
fit-rw_positive-run1-prior1	rw_positive	run1	1.0	none	False	sub-147	dissimilar	gamma	f0	-0.05124739301258661
fit-rw_positive-run1-prior1	rw_positive	run1	1.0	none	False	sub-147	dissimilar	gamma	epsilon	-0.03402445569257218
fit-rw_positive-run1-prior1	rw_positive	run1	1.0	none	False	sub-147	dissimilar	f0	epsilon	-0.12219928695728446
fit-rw_positive-run1-prior1	rw_positive	run1	1.0	none	False	sub-149	computer	alpha	gamma	-0.09909715129790918
fit-rw_positive-run1-prior1	rw_positive	run1	1.0	none	False	sub-149	computer	alpha	f0	-0.44632103958427555
fit-rw_positive-run1-prior1	rw_positive	run1	1.0	none	False	sub-149	computer	alpha	epsilon	-0.07272040883128751
fit-rw_positive-run1-prior1	rw_positive	run1	1.0	none	False	sub-149	computer	gamma	f0	0.1416121688783378
fit-rw_positive-run1-prior1	rw_positive	run1	1.0	none	False	sub-149	computer	gamma	epsilon	-0.014839264066170801
fit-rw_positive-run1-prior1	rw_positive	run1	1.0	none	False	sub-149	computer	f0	epsilon	0.19080762418007913
fit-rw_positive-run1-prior1	rw_positive	run1	1.0	none	False	sub-149	similar	alpha	gamma	-0.08196412747772797
fit-rw_positive-run1-prior1	rw_positive	run1	1.0	none	False	sub-149	similar	alpha	f0	-0.46216727835407795
fit-rw_positive-run1-prior1	rw_positive	run1	1.0	none	False	sub-149	similar	alpha	epsilon	-0.06376649412010252
fit-rw_positive-run1-prior1	rw_positive	run1	1.0	none	False	sub-149	similar	gamma	f0	0.14589566660364278
fit-rw_positive-run1-prior1	rw_positive	run1	1.0	none	False	sub-149	similar	gamma	epsilon	-0.008437266048385022
fit-rw_positive-run1-prior1	rw_positive	run1	1.0	none	False	sub-149	similar	f0	epsilon	0.17563955021283226
fit-rw_positive-run1-prior1	rw_positive	run1	1.0	none	False	sub-149	dissimilar	alpha	gamma	-0.004203910482264802
fit-rw_positive-run1-prior1	rw_positive	run1	1.0	none	False	sub-149	dissimilar	alpha	f0	-0.4686160275020588
fit-rw_positive-run1-prior1	rw_positive	run1	1.0	none	False	sub-149	dissimilar	alpha	epsilon	-0.037174398098737724
fit-rw_positive-run1-prior1	rw_positive	run1	1.0	none	False	sub-149	dissimilar	gamma	f0	0.12926519223584637
fit-rw_positive-run1-prior1	rw_positive	run1	1.0	none	False	sub-149	dissimilar	gamma	epsilon	0.013591099752011261
fit-rw_positive-run1-prior1	rw_positive	run1	1.0	none	False	sub-149	dissimilar	f0	epsilon	0.10649820457144663
fit-rw_positive-run1-prior1	rw_positive	run1	1.0	none	False	sub-150	computer	alpha	gamma	-0.24712558156939218
fit-rw_positive-run1-prior1	rw_positive	run1	1.0	none	False	sub-150	computer	alpha	f0	-0.638135508576823
fit-rw_positive-run1-prior1	rw_positive	run1	1.0	none	False	sub-150	computer	alpha	epsilon	0.09129089409962456
fit-rw_positive-run1-prior1	rw_positive	run1	1.0	none	False	sub-150	computer	gamma	f0	0.25974957799124665
fit-rw_positive-run1-prior1	rw_positive	run1	1.0	none	False	sub-150	computer	gamma	epsilon	0.016453532282781777
fit-rw_positive-run1-prior1	rw_positive	run1	1.0	none	False	sub-150	computer	f0	epsilon	-0.10791325894990249
fit-rw_positive-run1-prior1	rw_positive	run1	1.0	none	False	sub-150	similar	alpha	gamma	-0.3546255858637709
fit-rw_positive-run1-prior1	rw_positive	run1	1.0	none	False	sub-150	similar	alpha	f0	-0.6714852201062698
fit-rw_positive-run1-prior1	rw_positive	run1	1.0	none	False	sub-150	similar	alpha	epsilon	0.10249591885162491
fit-rw_positive-run1-prior1	rw_positive	run1	1.0	none	False	sub-150	similar	gamma	f0	0.3744354955637394
fit-rw_positive-run1-prior1	rw_positive	run1	1.0	none	False	sub-150	similar	gamma	epsilon	-0.08339279022528669
fit-rw_positive-run1-prior1	rw_positive	run1	1.0	none	False	sub-150	similar	f0	epsilon	-0.08807553184441737
fit-rw_positive-run1-prior1	rw_positive	run1	1.0	none	False	sub-150	dissimilar	alpha	gamma	-0.31229272682672415
fit-rw_positive-run1-prior1	rw_positive	run1	1.0	none	False	sub-150	dissimilar	alpha	f0	-0.7081725003846735
fit-rw_positive-run1-prior1	rw_positive	run1	1.0	none	False	sub-150	dissimilar	alpha	epsilon	0.18417089931372796
fit-rw_positive-run1-prior1	rw_positive	run1	1.0	none	False	sub-150	dissimilar	gamma	f0	0.2947691419840446
fit-rw_positive-run1-prior1	rw_positive	run1	1.0	none	False	sub-150	dissimilar	gamma	epsilon	-0.09054065075357698
fit-rw_positive-run1-prior1	rw_positive	run1	1.0	none	False	sub-150	dissimilar	f0	epsilon	-0.16438066534902115
fit-rw_positive-run1-prior1	rw_positive	run1	1.0	none	False	sub-151	computer	alpha	gamma	-0.07713706144612692
fit-rw_positive-run1-prior1	rw_positive	run1	1.0	none	False	sub-151	computer	alpha	f0	-0.30878063156998636
fit-rw_positive-run1-prior1	rw_positive	run1	1.0	none	False	sub-151	computer	alpha	epsilon	0.08223244646203355
fit-rw_positive-run1-prior1	rw_positive	run1	1.0	none	False	sub-151	computer	gamma	f0	0.13014703896827276
fit-rw_positive-run1-prior1	rw_positive	run1	1.0	none	False	sub-151	computer	gamma	epsilon	-0.0646993105685348
fit-rw_positive-run1-prior1	rw_positive	run1	1.0	none	False	sub-151	computer	f0	epsilon	-0.021716957627040456
fit-rw_positive-run1-prior1	rw_positive	run1	1.0	none	False	sub-151	similar	alpha	gamma	-0.08522349780423748
fit-rw_positive-run1-prior1	rw_positive	run1	1.0	none	False	sub-151	similar	alpha	f0	-0.30700662327719636
fit-rw_positive-run1-prior1	rw_positive	run1	1.0	none	False	sub-151	similar	alpha	epsilon	0.12372397568707826
fit-rw_positive-run1-prior1	rw_positive	run1	1.0	none	False	sub-151	similar	gamma	f0	0.2654450592554829
fit-rw_positive-run1-prior1	rw_positive	run1	1.0	none	False	sub-151	similar	gamma	epsilon	-0.12760883019034908
fit-rw_positive-run1-prior1	rw_positive	run1	1.0	none	False	sub-151	similar	f0	epsilon	-0.05472480752853637
fit-rw_positive-run1-prior1	rw_positive	run1	1.0	none	False	sub-151	dissimilar	alpha	gamma	-0.1226531156188851
fit-rw_positive-run1-prior1	rw_positive	run1	1.0	none	False	sub-151	dissimilar	alpha	f0	-0.36145981728522686
fit-rw_positive-run1-prior1	rw_positive	run1	1.0	none	False	sub-151	dissimilar	alpha	epsilon	0.16313630884111055
fit-rw_positive-run1-prior1	rw_positive	run1	1.0	none	False	sub-151	dissimilar	gamma	f0	0.2154720695136234
fit-rw_positive-run1-prior1	rw_positive	run1	1.0	none	False	sub-151	dissimilar	gamma	epsilon	-0.17517602657894193
fit-rw_positive-run1-prior1	rw_positive	run1	1.0	none	False	sub-151	dissimilar	f0	epsilon	-0.034018935880871314
fit-rw_positive-run1-prior1	rw_positive	run1	1.0	none	False	sub-152	computer	alpha	gamma	-0.026116420122993367
fit-rw_positive-run1-prior1	rw_positive	run1	1.0	none	False	sub-152	computer	alpha	f0	-0.1839421278995656
fit-rw_positive-run1-prior1	rw_positive	run1	1.0	none	False	sub-152	computer	alpha	epsilon	-0.053439777393682684
fit-rw_positive-run1-prior1	rw_positive	run1	1.0	none	False	sub-152	computer	gamma	f0	0.04684789467538474
fit-rw_positive-run1-prior1	rw_positive	run1	1.0	none	False	sub-152	computer	gamma	epsilon	0.008587006449523735
fit-rw_positive-run1-prior1	rw_positive	run1	1.0	none	False	sub-152	computer	f0	epsilon	0.5707328563913701
fit-rw_positive-run1-prior1	rw_positive	run1	1.0	none	False	sub-152	similar	alpha	gamma	-0.020923349459235824
fit-rw_positive-run1-prior1	rw_positive	run1	1.0	none	False	sub-152	similar	alpha	f0	-0.19627238540785374
fit-rw_positive-run1-prior1	rw_positive	run1	1.0	none	False	sub-152	similar	alpha	epsilon	-0.054260126665861864
fit-rw_positive-run1-prior1	rw_positive	run1	1.0	none	False	sub-152	similar	gamma	f0	0.040030645203426134
fit-rw_positive-run1-prior1	rw_positive	run1	1.0	none	False	sub-152	similar	gamma	epsilon	0.01613050694618737
fit-rw_positive-run1-prior1	rw_positive	run1	1.0	none	False	sub-152	similar	f0	epsilon	0.5796285453125052
fit-rw_positive-run1-prior1	rw_positive	run1	1.0	none	False	sub-152	dissimilar	alpha	gamma	-0.025174099325472613
fit-rw_positive-run1-prior1	rw_positive	run1	1.0	none	False	sub-152	dissimilar	alpha	f0	-0.19381333364404135
fit-rw_positive-run1-prior1	rw_positive	run1	1.0	none	False	sub-152	dissimilar	alpha	epsilon	-0.05141711290051613
fit-rw_positive-run1-prior1	rw_positive	run1	1.0	none	False	sub-152	dissimilar	gamma	f0	0.03805094295508094
fit-rw_positive-run1-prior1	rw_positive	run1	1.0	none	False	sub-152	dissimilar	gamma	epsilon	0.008268646911166473
fit-rw_positive-run1-prior1	rw_positive	run1	1.0	none	False	sub-152	dissimilar	f0	epsilon	0.5679588774539381
fit-rw_positive-run1-prior1	rw_positive	run1	1.0	none	False	sub-153	computer	alpha	gamma	-0.13739295383670103
fit-rw_positive-run1-prior1	rw_positive	run1	1.0	none	False	sub-153	computer	alpha	f0	-0.6469341173610104
fit-rw_positive-run1-prior1	rw_positive	run1	1.0	none	False	sub-153	computer	alpha	epsilon	0.13509486616781832
fit-rw_positive-run1-prior1	rw_positive	run1	1.0	none	False	sub-153	computer	gamma	f0	0.20182379597292707
fit-rw_positive-run1-prior1	rw_positive	run1	1.0	none	False	sub-153	computer	gamma	epsilon	-0.037040093478850414
fit-rw_positive-run1-prior1	rw_positive	run1	1.0	none	False	sub-153	computer	f0	epsilon	-0.016334249942148386
fit-rw_positive-run1-prior1	rw_positive	run1	1.0	none	False	sub-153	similar	alpha	gamma	-0.14392767081995705
fit-rw_positive-run1-prior1	rw_positive	run1	1.0	none	False	sub-153	similar	alpha	f0	-0.617513897841002
fit-rw_positive-run1-prior1	rw_positive	run1	1.0	none	False	sub-153	similar	alpha	epsilon	0.06137645109973598
fit-rw_positive-run1-prior1	rw_positive	run1	1.0	none	False	sub-153	similar	gamma	f0	0.1674445085005459
fit-rw_positive-run1-prior1	rw_positive	run1	1.0	none	False	sub-153	similar	gamma	epsilon	-0.05876210378204631
fit-rw_positive-run1-prior1	rw_positive	run1	1.0	none	False	sub-153	similar	f0	epsilon	0.04734231678954356
fit-rw_positive-run1-prior1	rw_positive	run1	1.0	none	False	sub-153	dissimilar	alpha	gamma	-0.14845935939814822
fit-rw_positive-run1-prior1	rw_positive	run1	1.0	none	False	sub-153	dissimilar	alpha	f0	-0.6494969313353138
fit-rw_positive-run1-prior1	rw_positive	run1	1.0	none	False	sub-153	dissimilar	alpha	epsilon	0.06329118766531378
fit-rw_positive-run1-prior1	rw_positive	run1	1.0	none	False	sub-153	dissimilar	gamma	f0	0.14667915886929223
fit-rw_positive-run1-prior1	rw_positive	run1	1.0	none	False	sub-153	dissimilar	gamma	epsilon	-0.1670314899962054
fit-rw_positive-run1-prior1	rw_positive	run1	1.0	none	False	sub-153	dissimilar	f0	epsilon	0.0649646974610401
fit-rw_positive-run1-prior1	rw_positive	run1	1.0	none	False	sub-154	computer	alpha	gamma	-0.518332699756206
fit-rw_positive-run1-prior1	rw_positive	run1	1.0	none	False	sub-154	computer	alpha	f0	-0.766826484878615
fit-rw_positive-run1-prior1	rw_positive	run1	1.0	none	False	sub-154	computer	alpha	epsilon	0.04280236415696842
fit-rw_positive-run1-prior1	rw_positive	run1	1.0	none	False	sub-154	computer	gamma	f0	0.5063284828834912
fit-rw_positive-run1-prior1	rw_positive	run1	1.0	none	False	sub-154	computer	gamma	epsilon	-0.11860367691844614
fit-rw_positive-run1-prior1	rw_positive	run1	1.0	none	False	sub-154	computer	f0	epsilon	0.07306598816892235
fit-rw_positive-run1-prior1	rw_positive	run1	1.0	none	False	sub-154	similar	alpha	gamma	-0.49093524386535803
fit-rw_positive-run1-prior1	rw_positive	run1	1.0	none	False	sub-154	similar	alpha	f0	-0.7239737788613725
fit-rw_positive-run1-prior1	rw_positive	run1	1.0	none	False	sub-154	similar	alpha	epsilon	0.06844050288007275
fit-rw_positive-run1-prior1	rw_positive	run1	1.0	none	False	sub-154	similar	gamma	f0	0.41147167713385463
fit-rw_positive-run1-prior1	rw_positive	run1	1.0	none	False	sub-154	similar	gamma	epsilon	-0.0811440407281251
fit-rw_positive-run1-prior1	rw_positive	run1	1.0	none	False	sub-154	similar	f0	epsilon	0.0361404528015445
fit-rw_positive-run1-prior1	rw_positive	run1	1.0	none	False	sub-154	dissimilar	alpha	gamma	-0.2516399256393986
fit-rw_positive-run1-prior1	rw_positive	run1	1.0	none	False	sub-154	dissimilar	alpha	f0	-0.7626322718095375
fit-rw_positive-run1-prior1	rw_positive	run1	1.0	none	False	sub-154	dissimilar	alpha	epsilon	0.06546165962482645
fit-rw_positive-run1-prior1	rw_positive	run1	1.0	none	False	sub-154	dissimilar	gamma	f0	0.2504757661517433
fit-rw_positive-run1-prior1	rw_positive	run1	1.0	none	False	sub-154	dissimilar	gamma	epsilon	-0.03448036836581066
fit-rw_positive-run1-prior1	rw_positive	run1	1.0	none	False	sub-154	dissimilar	f0	epsilon	0.0287237712889821
fit-rw_positive-run1-prior1	rw_positive	run1	1.0	none	False	sub-155	computer	alpha	gamma	-0.055119560913439176
fit-rw_positive-run1-prior1	rw_positive	run1	1.0	none	False	sub-155	computer	alpha	f0	-0.6900550382730009
fit-rw_positive-run1-prior1	rw_positive	run1	1.0	none	False	sub-155	computer	alpha	epsilon	0.09234646890832136
fit-rw_positive-run1-prior1	rw_positive	run1	1.0	none	False	sub-155	computer	gamma	f0	0.06885927371446895
fit-rw_positive-run1-prior1	rw_positive	run1	1.0	none	False	sub-155	computer	gamma	epsilon	-0.022903683495868143
fit-rw_positive-run1-prior1	rw_positive	run1	1.0	none	False	sub-155	computer	f0	epsilon	-0.004907990705267062
fit-rw_positive-run1-prior1	rw_positive	run1	1.0	none	False	sub-155	similar	alpha	gamma	-0.09435943772781917
fit-rw_positive-run1-prior1	rw_positive	run1	1.0	none	False	sub-155	similar	alpha	f0	-0.6301275610632343
fit-rw_positive-run1-prior1	rw_positive	run1	1.0	none	False	sub-155	similar	alpha	epsilon	0.10750377793837651
fit-rw_positive-run1-prior1	rw_positive	run1	1.0	none	False	sub-155	similar	gamma	f0	0.09764593665886238
fit-rw_positive-run1-prior1	rw_positive	run1	1.0	none	False	sub-155	similar	gamma	epsilon	-0.018369635475108954
fit-rw_positive-run1-prior1	rw_positive	run1	1.0	none	False	sub-155	similar	f0	epsilon	-0.004957540046141612
fit-rw_positive-run1-prior1	rw_positive	run1	1.0	none	False	sub-155	dissimilar	alpha	gamma	-0.08256659128023683
fit-rw_positive-run1-prior1	rw_positive	run1	1.0	none	False	sub-155	dissimilar	alpha	f0	-0.6217115251243702
fit-rw_positive-run1-prior1	rw_positive	run1	1.0	none	False	sub-155	dissimilar	alpha	epsilon	0.12500818446014475
fit-rw_positive-run1-prior1	rw_positive	run1	1.0	none	False	sub-155	dissimilar	gamma	f0	0.07761824160511217
fit-rw_positive-run1-prior1	rw_positive	run1	1.0	none	False	sub-155	dissimilar	gamma	epsilon	-0.010429914393858179
fit-rw_positive-run1-prior1	rw_positive	run1	1.0	none	False	sub-155	dissimilar	f0	epsilon	0.002191052126676362
fit-rw_positive-run1-prior1	rw_positive	run1	1.0	none	False	sub-156	computer	alpha	gamma	-0.03766529541670195
fit-rw_positive-run1-prior1	rw_positive	run1	1.0	none	False	sub-156	computer	alpha	f0	-0.20401848185319418
fit-rw_positive-run1-prior1	rw_positive	run1	1.0	none	False	sub-156	computer	alpha	epsilon	-0.031702884646334625
fit-rw_positive-run1-prior1	rw_positive	run1	1.0	none	False	sub-156	computer	gamma	f0	0.04389847969029385
fit-rw_positive-run1-prior1	rw_positive	run1	1.0	none	False	sub-156	computer	gamma	epsilon	0.0030945585125993907
fit-rw_positive-run1-prior1	rw_positive	run1	1.0	none	False	sub-156	computer	f0	epsilon	0.39528223757707537
fit-rw_positive-run1-prior1	rw_positive	run1	1.0	none	False	sub-156	similar	alpha	gamma	-0.02876758463163613
fit-rw_positive-run1-prior1	rw_positive	run1	1.0	none	False	sub-156	similar	alpha	f0	-0.22118434945045837
fit-rw_positive-run1-prior1	rw_positive	run1	1.0	none	False	sub-156	similar	alpha	epsilon	-0.023497696227278073
fit-rw_positive-run1-prior1	rw_positive	run1	1.0	none	False	sub-156	similar	gamma	f0	0.02994247284230669
fit-rw_positive-run1-prior1	rw_positive	run1	1.0	none	False	sub-156	similar	gamma	epsilon	0.006845618024636501
fit-rw_positive-run1-prior1	rw_positive	run1	1.0	none	False	sub-156	similar	f0	epsilon	0.3891629319776594
fit-rw_positive-run1-prior1	rw_positive	run1	1.0	none	False	sub-156	dissimilar	alpha	gamma	-0.03112927548788923
fit-rw_positive-run1-prior1	rw_positive	run1	1.0	none	False	sub-156	dissimilar	alpha	f0	-0.22497292318464063
fit-rw_positive-run1-prior1	rw_positive	run1	1.0	none	False	sub-156	dissimilar	alpha	epsilon	-0.037292564873431924
fit-rw_positive-run1-prior1	rw_positive	run1	1.0	none	False	sub-156	dissimilar	gamma	f0	0.041448988214742355
fit-rw_positive-run1-prior1	rw_positive	run1	1.0	none	False	sub-156	dissimilar	gamma	epsilon	0.00606687619057997
fit-rw_positive-run1-prior1	rw_positive	run1	1.0	none	False	sub-156	dissimilar	f0	epsilon	0.41030305203689044
fit-rw_positive-run1-prior1	rw_positive	run1	1.0	none	False	sub-157	computer	alpha	gamma	-0.23807769601215897
fit-rw_positive-run1-prior1	rw_positive	run1	1.0	none	False	sub-157	computer	alpha	f0	-0.53030722148536
fit-rw_positive-run1-prior1	rw_positive	run1	1.0	none	False	sub-157	computer	alpha	epsilon	-0.019975110804345157
fit-rw_positive-run1-prior1	rw_positive	run1	1.0	none	False	sub-157	computer	gamma	f0	0.06853219952389623
fit-rw_positive-run1-prior1	rw_positive	run1	1.0	none	False	sub-157	computer	gamma	epsilon	-0.015041537641842516
fit-rw_positive-run1-prior1	rw_positive	run1	1.0	none	False	sub-157	computer	f0	epsilon	-0.18317742404148274
fit-rw_positive-run1-prior1	rw_positive	run1	1.0	none	False	sub-157	similar	alpha	gamma	-0.3270948960721946
fit-rw_positive-run1-prior1	rw_positive	run1	1.0	none	False	sub-157	similar	alpha	f0	-0.5445171408702604
fit-rw_positive-run1-prior1	rw_positive	run1	1.0	none	False	sub-157	similar	alpha	epsilon	0.005431092082088708
fit-rw_positive-run1-prior1	rw_positive	run1	1.0	none	False	sub-157	similar	gamma	f0	0.3133291362717
fit-rw_positive-run1-prior1	rw_positive	run1	1.0	none	False	sub-157	similar	gamma	epsilon	0.01826585966779816
fit-rw_positive-run1-prior1	rw_positive	run1	1.0	none	False	sub-157	similar	f0	epsilon	-0.40863510026478467
fit-rw_positive-run1-prior1	rw_positive	run1	1.0	none	False	sub-157	dissimilar	alpha	gamma	-0.1749309407534736
fit-rw_positive-run1-prior1	rw_positive	run1	1.0	none	False	sub-157	dissimilar	alpha	f0	-0.5929342628922104
fit-rw_positive-run1-prior1	rw_positive	run1	1.0	none	False	sub-157	dissimilar	alpha	epsilon	0.12827017522906128
fit-rw_positive-run1-prior1	rw_positive	run1	1.0	none	False	sub-157	dissimilar	gamma	f0	0.22055368134879808
fit-rw_positive-run1-prior1	rw_positive	run1	1.0	none	False	sub-157	dissimilar	gamma	epsilon	-0.07043271249979093
fit-rw_positive-run1-prior1	rw_positive	run1	1.0	none	False	sub-157	dissimilar	f0	epsilon	-0.4698883470257287
fit-rw_positive-run1-prior1	rw_positive	run1	1.0	none	False	sub-158	computer	alpha	gamma	-0.2666855039575102
fit-rw_positive-run1-prior1	rw_positive	run1	1.0	none	False	sub-158	computer	alpha	f0	-0.7718221353611157
fit-rw_positive-run1-prior1	rw_positive	run1	1.0	none	False	sub-158	computer	alpha	epsilon	0.06841893998034933
fit-rw_positive-run1-prior1	rw_positive	run1	1.0	none	False	sub-158	computer	gamma	f0	0.3365008189598635
fit-rw_positive-run1-prior1	rw_positive	run1	1.0	none	False	sub-158	computer	gamma	epsilon	-0.09215429765319255
fit-rw_positive-run1-prior1	rw_positive	run1	1.0	none	False	sub-158	computer	f0	epsilon	0.05588830007520269
fit-rw_positive-run1-prior1	rw_positive	run1	1.0	none	False	sub-158	similar	alpha	gamma	-0.38486828234372533
fit-rw_positive-run1-prior1	rw_positive	run1	1.0	none	False	sub-158	similar	alpha	f0	-0.7788068065155346
fit-rw_positive-run1-prior1	rw_positive	run1	1.0	none	False	sub-158	similar	alpha	epsilon	0.0932749615988004
fit-rw_positive-run1-prior1	rw_positive	run1	1.0	none	False	sub-158	similar	gamma	f0	0.40758409057616934
fit-rw_positive-run1-prior1	rw_positive	run1	1.0	none	False	sub-158	similar	gamma	epsilon	-0.10960570612893591
fit-rw_positive-run1-prior1	rw_positive	run1	1.0	none	False	sub-158	similar	f0	epsilon	0.04625403498337041
fit-rw_positive-run1-prior1	rw_positive	run1	1.0	none	False	sub-158	dissimilar	alpha	gamma	-0.3727666340205434
fit-rw_positive-run1-prior1	rw_positive	run1	1.0	none	False	sub-158	dissimilar	alpha	f0	-0.7755792209097127
fit-rw_positive-run1-prior1	rw_positive	run1	1.0	none	False	sub-158	dissimilar	alpha	epsilon	0.16513523006708108
fit-rw_positive-run1-prior1	rw_positive	run1	1.0	none	False	sub-158	dissimilar	gamma	f0	0.39269558494174067
fit-rw_positive-run1-prior1	rw_positive	run1	1.0	none	False	sub-158	dissimilar	gamma	epsilon	-0.1641947512089471
fit-rw_positive-run1-prior1	rw_positive	run1	1.0	none	False	sub-158	dissimilar	f0	epsilon	0.07647764109362867
fit-rw_positive-run1-prior1	rw_positive	run1	1.0	none	False	sub-159	computer	alpha	gamma	-0.23844963457807336
fit-rw_positive-run1-prior1	rw_positive	run1	1.0	none	False	sub-159	computer	alpha	f0	-0.7405806474283089
fit-rw_positive-run1-prior1	rw_positive	run1	1.0	none	False	sub-159	computer	alpha	epsilon	0.036092104088086496
fit-rw_positive-run1-prior1	rw_positive	run1	1.0	none	False	sub-159	computer	gamma	f0	0.25659387667835454
fit-rw_positive-run1-prior1	rw_positive	run1	1.0	none	False	sub-159	computer	gamma	epsilon	-0.04448721519992224
fit-rw_positive-run1-prior1	rw_positive	run1	1.0	none	False	sub-159	computer	f0	epsilon	-0.0007855695820595737
fit-rw_positive-run1-prior1	rw_positive	run1	1.0	none	False	sub-159	similar	alpha	gamma	-0.44680027584290044
fit-rw_positive-run1-prior1	rw_positive	run1	1.0	none	False	sub-159	similar	alpha	f0	-0.7945685803794917
fit-rw_positive-run1-prior1	rw_positive	run1	1.0	none	False	sub-159	similar	alpha	epsilon	0.056250372187855766
fit-rw_positive-run1-prior1	rw_positive	run1	1.0	none	False	sub-159	similar	gamma	f0	0.4253429082049521
fit-rw_positive-run1-prior1	rw_positive	run1	1.0	none	False	sub-159	similar	gamma	epsilon	-0.1197010507619936
fit-rw_positive-run1-prior1	rw_positive	run1	1.0	none	False	sub-159	similar	f0	epsilon	-0.0006107594592263727
fit-rw_positive-run1-prior1	rw_positive	run1	1.0	none	False	sub-159	dissimilar	alpha	gamma	-0.2940736917704486
fit-rw_positive-run1-prior1	rw_positive	run1	1.0	none	False	sub-159	dissimilar	alpha	f0	-0.7914275251674251
fit-rw_positive-run1-prior1	rw_positive	run1	1.0	none	False	sub-159	dissimilar	alpha	epsilon	0.08303171415625903
fit-rw_positive-run1-prior1	rw_positive	run1	1.0	none	False	sub-159	dissimilar	gamma	f0	0.3016573717208425
fit-rw_positive-run1-prior1	rw_positive	run1	1.0	none	False	sub-159	dissimilar	gamma	epsilon	-0.1167459709737528
fit-rw_positive-run1-prior1	rw_positive	run1	1.0	none	False	sub-159	dissimilar	f0	epsilon	-0.015212826008193863
fit-rw_positive_bias-full-prior1	rw_positive_bias	full	1.0	none	False	sub-104	computer	alpha	gamma	-0.11193330527974572
fit-rw_positive_bias-full-prior1	rw_positive_bias	full	1.0	none	False	sub-104	computer	alpha	f0	-0.22734277409779932
fit-rw_positive_bias-full-prior1	rw_positive_bias	full	1.0	none	False	sub-104	computer	alpha	epsilon	-0.004750130978981864
fit-rw_positive_bias-full-prior1	rw_positive_bias	full	1.0	none	False	sub-104	computer	alpha	acceptance_bias	0.11760153207891806
fit-rw_positive_bias-full-prior1	rw_positive_bias	full	1.0	none	False	sub-104	computer	gamma	f0	-0.16290387449785854
fit-rw_positive_bias-full-prior1	rw_positive_bias	full	1.0	none	False	sub-104	computer	gamma	epsilon	-0.008451364376886995
fit-rw_positive_bias-full-prior1	rw_positive_bias	full	1.0	none	False	sub-104	computer	gamma	acceptance_bias	-0.3753249576841765
fit-rw_positive_bias-full-prior1	rw_positive_bias	full	1.0	none	False	sub-104	computer	f0	epsilon	0.32841516786595387
fit-rw_positive_bias-full-prior1	rw_positive_bias	full	1.0	none	False	sub-104	computer	f0	acceptance_bias	0.24139901177529938
fit-rw_positive_bias-full-prior1	rw_positive_bias	full	1.0	none	False	sub-104	computer	epsilon	acceptance_bias	-0.014156645319470652
fit-rw_positive_bias-full-prior1	rw_positive_bias	full	1.0	none	False	sub-104	similar	alpha	gamma	-0.09523921653209215
fit-rw_positive_bias-full-prior1	rw_positive_bias	full	1.0	none	False	sub-104	similar	alpha	f0	-0.23236723672119886
fit-rw_positive_bias-full-prior1	rw_positive_bias	full	1.0	none	False	sub-104	similar	alpha	epsilon	-0.008542744525810346
fit-rw_positive_bias-full-prior1	rw_positive_bias	full	1.0	none	False	sub-104	similar	alpha	acceptance_bias	0.10416966771392434
fit-rw_positive_bias-full-prior1	rw_positive_bias	full	1.0	none	False	sub-104	similar	gamma	f0	-0.15437437936786993
fit-rw_positive_bias-full-prior1	rw_positive_bias	full	1.0	none	False	sub-104	similar	gamma	epsilon	-0.014875607844392494
fit-rw_positive_bias-full-prior1	rw_positive_bias	full	1.0	none	False	sub-104	similar	gamma	acceptance_bias	-0.3418899582923045
fit-rw_positive_bias-full-prior1	rw_positive_bias	full	1.0	none	False	sub-104	similar	f0	epsilon	0.3317853012838719
fit-rw_positive_bias-full-prior1	rw_positive_bias	full	1.0	none	False	sub-104	similar	f0	acceptance_bias	0.24945673958980372
fit-rw_positive_bias-full-prior1	rw_positive_bias	full	1.0	none	False	sub-104	similar	epsilon	acceptance_bias	-0.014161526761083459
fit-rw_positive_bias-full-prior1	rw_positive_bias	full	1.0	none	False	sub-104	dissimilar	alpha	gamma	-0.0918839055567607
fit-rw_positive_bias-full-prior1	rw_positive_bias	full	1.0	none	False	sub-104	dissimilar	alpha	f0	-0.20949008564244567
fit-rw_positive_bias-full-prior1	rw_positive_bias	full	1.0	none	False	sub-104	dissimilar	alpha	epsilon	-0.008809534697214183
fit-rw_positive_bias-full-prior1	rw_positive_bias	full	1.0	none	False	sub-104	dissimilar	alpha	acceptance_bias	0.10032353844539262
fit-rw_positive_bias-full-prior1	rw_positive_bias	full	1.0	none	False	sub-104	dissimilar	gamma	f0	-0.14792878109244675
fit-rw_positive_bias-full-prior1	rw_positive_bias	full	1.0	none	False	sub-104	dissimilar	gamma	epsilon	-0.00529253391468646
fit-rw_positive_bias-full-prior1	rw_positive_bias	full	1.0	none	False	sub-104	dissimilar	gamma	acceptance_bias	-0.33658583289749533
fit-rw_positive_bias-full-prior1	rw_positive_bias	full	1.0	none	False	sub-104	dissimilar	f0	epsilon	0.33466119902088537
fit-rw_positive_bias-full-prior1	rw_positive_bias	full	1.0	none	False	sub-104	dissimilar	f0	acceptance_bias	0.24980706219563537
fit-rw_positive_bias-full-prior1	rw_positive_bias	full	1.0	none	False	sub-104	dissimilar	epsilon	acceptance_bias	-0.01109210032680691
fit-rw_positive_bias-full-prior1	rw_positive_bias	full	1.0	none	False	sub-105	computer	alpha	gamma	-0.5489114006474952
fit-rw_positive_bias-full-prior1	rw_positive_bias	full	1.0	none	False	sub-105	computer	alpha	f0	-0.2759931072026943
fit-rw_positive_bias-full-prior1	rw_positive_bias	full	1.0	none	False	sub-105	computer	alpha	epsilon	-0.03276342562576783
fit-rw_positive_bias-full-prior1	rw_positive_bias	full	1.0	none	False	sub-105	computer	alpha	acceptance_bias	0.4466819506380569
fit-rw_positive_bias-full-prior1	rw_positive_bias	full	1.0	none	False	sub-105	computer	gamma	f0	0.19314852468439273
fit-rw_positive_bias-full-prior1	rw_positive_bias	full	1.0	none	False	sub-105	computer	gamma	epsilon	0.258085095998858
fit-rw_positive_bias-full-prior1	rw_positive_bias	full	1.0	none	False	sub-105	computer	gamma	acceptance_bias	-0.686875259502552
fit-rw_positive_bias-full-prior1	rw_positive_bias	full	1.0	none	False	sub-105	computer	f0	epsilon	-0.00438706102470825
fit-rw_positive_bias-full-prior1	rw_positive_bias	full	1.0	none	False	sub-105	computer	f0	acceptance_bias	0.20769955829290665
fit-rw_positive_bias-full-prior1	rw_positive_bias	full	1.0	none	False	sub-105	computer	epsilon	acceptance_bias	-0.38224142243096815
fit-rw_positive_bias-full-prior1	rw_positive_bias	full	1.0	none	False	sub-105	similar	alpha	gamma	-0.4978551140028968
fit-rw_positive_bias-full-prior1	rw_positive_bias	full	1.0	none	False	sub-105	similar	alpha	f0	-0.2787826096453012
fit-rw_positive_bias-full-prior1	rw_positive_bias	full	1.0	none	False	sub-105	similar	alpha	epsilon	-0.04135932052362256
fit-rw_positive_bias-full-prior1	rw_positive_bias	full	1.0	none	False	sub-105	similar	alpha	acceptance_bias	0.4493092963470956
fit-rw_positive_bias-full-prior1	rw_positive_bias	full	1.0	none	False	sub-105	similar	gamma	f0	0.22119591264649333
fit-rw_positive_bias-full-prior1	rw_positive_bias	full	1.0	none	False	sub-105	similar	gamma	epsilon	0.1859310036341638
fit-rw_positive_bias-full-prior1	rw_positive_bias	full	1.0	none	False	sub-105	similar	gamma	acceptance_bias	-0.49434139453380704
fit-rw_positive_bias-full-prior1	rw_positive_bias	full	1.0	none	False	sub-105	similar	f0	epsilon	-0.01523585095508512
fit-rw_positive_bias-full-prior1	rw_positive_bias	full	1.0	none	False	sub-105	similar	f0	acceptance_bias	0.23320063399044696
fit-rw_positive_bias-full-prior1	rw_positive_bias	full	1.0	none	False	sub-105	similar	epsilon	acceptance_bias	-0.3938417907915868
fit-rw_positive_bias-full-prior1	rw_positive_bias	full	1.0	none	False	sub-105	dissimilar	alpha	gamma	-0.34824596299836663
fit-rw_positive_bias-full-prior1	rw_positive_bias	full	1.0	none	False	sub-105	dissimilar	alpha	f0	-0.1972459221426244
fit-rw_positive_bias-full-prior1	rw_positive_bias	full	1.0	none	False	sub-105	dissimilar	alpha	epsilon	-0.03554445657534728
fit-rw_positive_bias-full-prior1	rw_positive_bias	full	1.0	none	False	sub-105	dissimilar	alpha	acceptance_bias	0.2958747442163465
fit-rw_positive_bias-full-prior1	rw_positive_bias	full	1.0	none	False	sub-105	dissimilar	gamma	f0	0.10934983851758658
fit-rw_positive_bias-full-prior1	rw_positive_bias	full	1.0	none	False	sub-105	dissimilar	gamma	epsilon	0.24454359930411448
fit-rw_positive_bias-full-prior1	rw_positive_bias	full	1.0	none	False	sub-105	dissimilar	gamma	acceptance_bias	-0.7130344890673244
fit-rw_positive_bias-full-prior1	rw_positive_bias	full	1.0	none	False	sub-105	dissimilar	f0	epsilon	0.03168694943412088
fit-rw_positive_bias-full-prior1	rw_positive_bias	full	1.0	none	False	sub-105	dissimilar	f0	acceptance_bias	0.21382522220653005
fit-rw_positive_bias-full-prior1	rw_positive_bias	full	1.0	none	False	sub-105	dissimilar	epsilon	acceptance_bias	-0.3824100568214025
fit-rw_positive_bias-full-prior1	rw_positive_bias	full	1.0	none	False	sub-106	computer	alpha	gamma	-0.3876120324557773
fit-rw_positive_bias-full-prior1	rw_positive_bias	full	1.0	none	False	sub-106	computer	alpha	f0	-0.42834624327327725
fit-rw_positive_bias-full-prior1	rw_positive_bias	full	1.0	none	False	sub-106	computer	alpha	epsilon	0.16929400895239638
fit-rw_positive_bias-full-prior1	rw_positive_bias	full	1.0	none	False	sub-106	computer	alpha	acceptance_bias	0.00432647470149524
fit-rw_positive_bias-full-prior1	rw_positive_bias	full	1.0	none	False	sub-106	computer	gamma	f0	0.6773915190871993
fit-rw_positive_bias-full-prior1	rw_positive_bias	full	1.0	none	False	sub-106	computer	gamma	epsilon	-0.17662263727095356
fit-rw_positive_bias-full-prior1	rw_positive_bias	full	1.0	none	False	sub-106	computer	gamma	acceptance_bias	-0.005737515524350716
fit-rw_positive_bias-full-prior1	rw_positive_bias	full	1.0	none	False	sub-106	computer	f0	epsilon	-0.20406484899740096
fit-rw_positive_bias-full-prior1	rw_positive_bias	full	1.0	none	False	sub-106	computer	f0	acceptance_bias	0.30798660771908415
fit-rw_positive_bias-full-prior1	rw_positive_bias	full	1.0	none	False	sub-106	computer	epsilon	acceptance_bias	-0.1791542787604332
fit-rw_positive_bias-full-prior1	rw_positive_bias	full	1.0	none	False	sub-106	similar	alpha	gamma	-0.287136463782874
fit-rw_positive_bias-full-prior1	rw_positive_bias	full	1.0	none	False	sub-106	similar	alpha	f0	-0.4415872922801762
fit-rw_positive_bias-full-prior1	rw_positive_bias	full	1.0	none	False	sub-106	similar	alpha	epsilon	0.18390824484463653
fit-rw_positive_bias-full-prior1	rw_positive_bias	full	1.0	none	False	sub-106	similar	alpha	acceptance_bias	-0.0021375008385153566
fit-rw_positive_bias-full-prior1	rw_positive_bias	full	1.0	none	False	sub-106	similar	gamma	f0	0.5071579491605853
fit-rw_positive_bias-full-prior1	rw_positive_bias	full	1.0	none	False	sub-106	similar	gamma	epsilon	-0.14102703002441164
fit-rw_positive_bias-full-prior1	rw_positive_bias	full	1.0	none	False	sub-106	similar	gamma	acceptance_bias	0.010039390176160914
fit-rw_positive_bias-full-prior1	rw_positive_bias	full	1.0	none	False	sub-106	similar	f0	epsilon	-0.20350730303872266
fit-rw_positive_bias-full-prior1	rw_positive_bias	full	1.0	none	False	sub-106	similar	f0	acceptance_bias	0.2836411868002465
fit-rw_positive_bias-full-prior1	rw_positive_bias	full	1.0	none	False	sub-106	similar	epsilon	acceptance_bias	-0.17159481974166496
fit-rw_positive_bias-full-prior1	rw_positive_bias	full	1.0	none	False	sub-106	dissimilar	alpha	gamma	-0.3777567025330489
fit-rw_positive_bias-full-prior1	rw_positive_bias	full	1.0	none	False	sub-106	dissimilar	alpha	f0	-0.440963610699261
fit-rw_positive_bias-full-prior1	rw_positive_bias	full	1.0	none	False	sub-106	dissimilar	alpha	epsilon	0.17471611858660063
fit-rw_positive_bias-full-prior1	rw_positive_bias	full	1.0	none	False	sub-106	dissimilar	alpha	acceptance_bias	-0.006337118833680974
fit-rw_positive_bias-full-prior1	rw_positive_bias	full	1.0	none	False	sub-106	dissimilar	gamma	f0	0.6449633455726768
fit-rw_positive_bias-full-prior1	rw_positive_bias	full	1.0	none	False	sub-106	dissimilar	gamma	epsilon	-0.15657621256103813
fit-rw_positive_bias-full-prior1	rw_positive_bias	full	1.0	none	False	sub-106	dissimilar	gamma	acceptance_bias	-0.07899182193999713
fit-rw_positive_bias-full-prior1	rw_positive_bias	full	1.0	none	False	sub-106	dissimilar	f0	epsilon	-0.21704679413100084
fit-rw_positive_bias-full-prior1	rw_positive_bias	full	1.0	none	False	sub-106	dissimilar	f0	acceptance_bias	0.33824087463376995
fit-rw_positive_bias-full-prior1	rw_positive_bias	full	1.0	none	False	sub-106	dissimilar	epsilon	acceptance_bias	-0.17979488752414763
fit-rw_positive_bias-full-prior1	rw_positive_bias	full	1.0	none	False	sub-107	computer	alpha	gamma	-0.3408036544960004
fit-rw_positive_bias-full-prior1	rw_positive_bias	full	1.0	none	False	sub-107	computer	alpha	f0	-0.15020135764713777
fit-rw_positive_bias-full-prior1	rw_positive_bias	full	1.0	none	False	sub-107	computer	alpha	epsilon	-0.002813765335433354
fit-rw_positive_bias-full-prior1	rw_positive_bias	full	1.0	none	False	sub-107	computer	alpha	acceptance_bias	0.36074242853980004
fit-rw_positive_bias-full-prior1	rw_positive_bias	full	1.0	none	False	sub-107	computer	gamma	f0	0.16684676226773257
fit-rw_positive_bias-full-prior1	rw_positive_bias	full	1.0	none	False	sub-107	computer	gamma	epsilon	0.47166889519306066
fit-rw_positive_bias-full-prior1	rw_positive_bias	full	1.0	none	False	sub-107	computer	gamma	acceptance_bias	-0.8663201965068431
fit-rw_positive_bias-full-prior1	rw_positive_bias	full	1.0	none	False	sub-107	computer	f0	epsilon	0.049858817609474346
fit-rw_positive_bias-full-prior1	rw_positive_bias	full	1.0	none	False	sub-107	computer	f0	acceptance_bias	0.017432851525078966
fit-rw_positive_bias-full-prior1	rw_positive_bias	full	1.0	none	False	sub-107	computer	epsilon	acceptance_bias	-0.536689937365843
fit-rw_positive_bias-full-prior1	rw_positive_bias	full	1.0	none	False	sub-107	similar	alpha	gamma	-0.31075752028188053
fit-rw_positive_bias-full-prior1	rw_positive_bias	full	1.0	none	False	sub-107	similar	alpha	f0	-0.137525269822048
fit-rw_positive_bias-full-prior1	rw_positive_bias	full	1.0	none	False	sub-107	similar	alpha	epsilon	-0.03753439125182247
fit-rw_positive_bias-full-prior1	rw_positive_bias	full	1.0	none	False	sub-107	similar	alpha	acceptance_bias	0.3583831253583461
fit-rw_positive_bias-full-prior1	rw_positive_bias	full	1.0	none	False	sub-107	similar	gamma	f0	0.10607618498211675
fit-rw_positive_bias-full-prior1	rw_positive_bias	full	1.0	none	False	sub-107	similar	gamma	epsilon	0.4446608671130182
fit-rw_positive_bias-full-prior1	rw_positive_bias	full	1.0	none	False	sub-107	similar	gamma	acceptance_bias	-0.8241439676456481
fit-rw_positive_bias-full-prior1	rw_positive_bias	full	1.0	none	False	sub-107	similar	f0	epsilon	0.18234221744257087
fit-rw_positive_bias-full-prior1	rw_positive_bias	full	1.0	none	False	sub-107	similar	f0	acceptance_bias	-0.01815558674039172
fit-rw_positive_bias-full-prior1	rw_positive_bias	full	1.0	none	False	sub-107	similar	epsilon	acceptance_bias	-0.5052748612501574
fit-rw_positive_bias-full-prior1	rw_positive_bias	full	1.0	none	False	sub-107	dissimilar	alpha	gamma	-0.3060250096285708
fit-rw_positive_bias-full-prior1	rw_positive_bias	full	1.0	none	False	sub-107	dissimilar	alpha	f0	-0.14284160705600518
fit-rw_positive_bias-full-prior1	rw_positive_bias	full	1.0	none	False	sub-107	dissimilar	alpha	epsilon	-0.030460635827047028
fit-rw_positive_bias-full-prior1	rw_positive_bias	full	1.0	none	False	sub-107	dissimilar	alpha	acceptance_bias	0.36804460855742116
fit-rw_positive_bias-full-prior1	rw_positive_bias	full	1.0	none	False	sub-107	dissimilar	gamma	f0	0.1199222193169754
fit-rw_positive_bias-full-prior1	rw_positive_bias	full	1.0	none	False	sub-107	dissimilar	gamma	epsilon	0.46888724493162653
fit-rw_positive_bias-full-prior1	rw_positive_bias	full	1.0	none	False	sub-107	dissimilar	gamma	acceptance_bias	-0.8214184326683304
fit-rw_positive_bias-full-prior1	rw_positive_bias	full	1.0	none	False	sub-107	dissimilar	f0	epsilon	0.11578215682762515
fit-rw_positive_bias-full-prior1	rw_positive_bias	full	1.0	none	False	sub-107	dissimilar	f0	acceptance_bias	0.0009202275725889771
fit-rw_positive_bias-full-prior1	rw_positive_bias	full	1.0	none	False	sub-107	dissimilar	epsilon	acceptance_bias	-0.533454322986354
fit-rw_positive_bias-full-prior1	rw_positive_bias	full	1.0	none	False	sub-108	computer	alpha	gamma	-0.6484343633077986
fit-rw_positive_bias-full-prior1	rw_positive_bias	full	1.0	none	False	sub-108	computer	alpha	f0	-0.4790286345313957
fit-rw_positive_bias-full-prior1	rw_positive_bias	full	1.0	none	False	sub-108	computer	alpha	epsilon	0.032401119386003735
fit-rw_positive_bias-full-prior1	rw_positive_bias	full	1.0	none	False	sub-108	computer	alpha	acceptance_bias	0.34397976404710723
fit-rw_positive_bias-full-prior1	rw_positive_bias	full	1.0	none	False	sub-108	computer	gamma	f0	0.47732876334791213
fit-rw_positive_bias-full-prior1	rw_positive_bias	full	1.0	none	False	sub-108	computer	gamma	epsilon	-0.04530266958008188
fit-rw_positive_bias-full-prior1	rw_positive_bias	full	1.0	none	False	sub-108	computer	gamma	acceptance_bias	-0.3076889008984834
fit-rw_positive_bias-full-prior1	rw_positive_bias	full	1.0	none	False	sub-108	computer	f0	epsilon	-0.05779317215055351
fit-rw_positive_bias-full-prior1	rw_positive_bias	full	1.0	none	False	sub-108	computer	f0	acceptance_bias	0.2772188525750277
fit-rw_positive_bias-full-prior1	rw_positive_bias	full	1.0	none	False	sub-108	computer	epsilon	acceptance_bias	-0.1868320367904884
fit-rw_positive_bias-full-prior1	rw_positive_bias	full	1.0	none	False	sub-108	similar	alpha	gamma	-0.6390355938138441
fit-rw_positive_bias-full-prior1	rw_positive_bias	full	1.0	none	False	sub-108	similar	alpha	f0	-0.4620262981894032
fit-rw_positive_bias-full-prior1	rw_positive_bias	full	1.0	none	False	sub-108	similar	alpha	epsilon	0.01725775874762277
fit-rw_positive_bias-full-prior1	rw_positive_bias	full	1.0	none	False	sub-108	similar	alpha	acceptance_bias	0.33827089718067677
fit-rw_positive_bias-full-prior1	rw_positive_bias	full	1.0	none	False	sub-108	similar	gamma	f0	0.38697353237300486
fit-rw_positive_bias-full-prior1	rw_positive_bias	full	1.0	none	False	sub-108	similar	gamma	epsilon	0.0208553786729544
fit-rw_positive_bias-full-prior1	rw_positive_bias	full	1.0	none	False	sub-108	similar	gamma	acceptance_bias	-0.38688129969536716
fit-rw_positive_bias-full-prior1	rw_positive_bias	full	1.0	none	False	sub-108	similar	f0	epsilon	-0.039144884275067675
fit-rw_positive_bias-full-prior1	rw_positive_bias	full	1.0	none	False	sub-108	similar	f0	acceptance_bias	0.2999258506678539
fit-rw_positive_bias-full-prior1	rw_positive_bias	full	1.0	none	False	sub-108	similar	epsilon	acceptance_bias	-0.1870493822002093
fit-rw_positive_bias-full-prior1	rw_positive_bias	full	1.0	none	False	sub-108	dissimilar	alpha	gamma	-0.5843747936975252
fit-rw_positive_bias-full-prior1	rw_positive_bias	full	1.0	none	False	sub-108	dissimilar	alpha	f0	-0.5010001041195264
fit-rw_positive_bias-full-prior1	rw_positive_bias	full	1.0	none	False	sub-108	dissimilar	alpha	epsilon	0.05829385761814729
fit-rw_positive_bias-full-prior1	rw_positive_bias	full	1.0	none	False	sub-108	dissimilar	alpha	acceptance_bias	0.31608159735758656
fit-rw_positive_bias-full-prior1	rw_positive_bias	full	1.0	none	False	sub-108	dissimilar	gamma	f0	0.45188689637382107
fit-rw_positive_bias-full-prior1	rw_positive_bias	full	1.0	none	False	sub-108	dissimilar	gamma	epsilon	-0.07505356484491559
fit-rw_positive_bias-full-prior1	rw_positive_bias	full	1.0	none	False	sub-108	dissimilar	gamma	acceptance_bias	-0.27183081177482904
fit-rw_positive_bias-full-prior1	rw_positive_bias	full	1.0	none	False	sub-108	dissimilar	f0	epsilon	-0.08796294468770345
fit-rw_positive_bias-full-prior1	rw_positive_bias	full	1.0	none	False	sub-108	dissimilar	f0	acceptance_bias	0.2701887654533621
fit-rw_positive_bias-full-prior1	rw_positive_bias	full	1.0	none	False	sub-108	dissimilar	epsilon	acceptance_bias	-0.17239758213148978
fit-rw_positive_bias-full-prior1	rw_positive_bias	full	1.0	none	False	sub-109	computer	alpha	gamma	-0.4527120016331317
fit-rw_positive_bias-full-prior1	rw_positive_bias	full	1.0	none	False	sub-109	computer	alpha	f0	-0.27682680154797873
fit-rw_positive_bias-full-prior1	rw_positive_bias	full	1.0	none	False	sub-109	computer	alpha	epsilon	-0.11915541983190539
fit-rw_positive_bias-full-prior1	rw_positive_bias	full	1.0	none	False	sub-109	computer	alpha	acceptance_bias	0.33829322198024137
fit-rw_positive_bias-full-prior1	rw_positive_bias	full	1.0	none	False	sub-109	computer	gamma	f0	0.10266101527856258
fit-rw_positive_bias-full-prior1	rw_positive_bias	full	1.0	none	False	sub-109	computer	gamma	epsilon	0.03559688950509266
fit-rw_positive_bias-full-prior1	rw_positive_bias	full	1.0	none	False	sub-109	computer	gamma	acceptance_bias	-0.511360688232968
fit-rw_positive_bias-full-prior1	rw_positive_bias	full	1.0	none	False	sub-109	computer	f0	epsilon	0.07799927593438064
fit-rw_positive_bias-full-prior1	rw_positive_bias	full	1.0	none	False	sub-109	computer	f0	acceptance_bias	0.26459456350029203
fit-rw_positive_bias-full-prior1	rw_positive_bias	full	1.0	none	False	sub-109	computer	epsilon	acceptance_bias	0.012156055117956607
fit-rw_positive_bias-full-prior1	rw_positive_bias	full	1.0	none	False	sub-109	similar	alpha	gamma	-0.4016701807649721
fit-rw_positive_bias-full-prior1	rw_positive_bias	full	1.0	none	False	sub-109	similar	alpha	f0	-0.2784694556535661
fit-rw_positive_bias-full-prior1	rw_positive_bias	full	1.0	none	False	sub-109	similar	alpha	epsilon	-0.12065290869839372
fit-rw_positive_bias-full-prior1	rw_positive_bias	full	1.0	none	False	sub-109	similar	alpha	acceptance_bias	0.33350976208590205
fit-rw_positive_bias-full-prior1	rw_positive_bias	full	1.0	none	False	sub-109	similar	gamma	f0	0.0965378428025633
fit-rw_positive_bias-full-prior1	rw_positive_bias	full	1.0	none	False	sub-109	similar	gamma	epsilon	0.02598918421264212
fit-rw_positive_bias-full-prior1	rw_positive_bias	full	1.0	none	False	sub-109	similar	gamma	acceptance_bias	-0.396860325080023
fit-rw_positive_bias-full-prior1	rw_positive_bias	full	1.0	none	False	sub-109	similar	f0	epsilon	0.04930978615619267
fit-rw_positive_bias-full-prior1	rw_positive_bias	full	1.0	none	False	sub-109	similar	f0	acceptance_bias	0.2655725861607111
fit-rw_positive_bias-full-prior1	rw_positive_bias	full	1.0	none	False	sub-109	similar	epsilon	acceptance_bias	0.009621691061717022
fit-rw_positive_bias-full-prior1	rw_positive_bias	full	1.0	none	False	sub-109	dissimilar	alpha	gamma	-0.34475583707862106
fit-rw_positive_bias-full-prior1	rw_positive_bias	full	1.0	none	False	sub-109	dissimilar	alpha	f0	-0.27599804975436587
fit-rw_positive_bias-full-prior1	rw_positive_bias	full	1.0	none	False	sub-109	dissimilar	alpha	epsilon	-0.12015552211473599
fit-rw_positive_bias-full-prior1	rw_positive_bias	full	1.0	none	False	sub-109	dissimilar	alpha	acceptance_bias	0.3349516283196503
fit-rw_positive_bias-full-prior1	rw_positive_bias	full	1.0	none	False	sub-109	dissimilar	gamma	f0	0.07219350405421134
fit-rw_positive_bias-full-prior1	rw_positive_bias	full	1.0	none	False	sub-109	dissimilar	gamma	epsilon	0.021885496319543236
fit-rw_positive_bias-full-prior1	rw_positive_bias	full	1.0	none	False	sub-109	dissimilar	gamma	acceptance_bias	-0.4414409858853776
fit-rw_positive_bias-full-prior1	rw_positive_bias	full	1.0	none	False	sub-109	dissimilar	f0	epsilon	0.06465341420687645
fit-rw_positive_bias-full-prior1	rw_positive_bias	full	1.0	none	False	sub-109	dissimilar	f0	acceptance_bias	0.26838038592604385
fit-rw_positive_bias-full-prior1	rw_positive_bias	full	1.0	none	False	sub-109	dissimilar	epsilon	acceptance_bias	0.01054716953213384
fit-rw_positive_bias-full-prior1	rw_positive_bias	full	1.0	none	False	sub-110	computer	alpha	gamma	-0.7294874127434612
fit-rw_positive_bias-full-prior1	rw_positive_bias	full	1.0	none	False	sub-110	computer	alpha	f0	-0.4499508532879947
fit-rw_positive_bias-full-prior1	rw_positive_bias	full	1.0	none	False	sub-110	computer	alpha	epsilon	-0.009153623086023239
fit-rw_positive_bias-full-prior1	rw_positive_bias	full	1.0	none	False	sub-110	computer	alpha	acceptance_bias	0.4253394043762806
fit-rw_positive_bias-full-prior1	rw_positive_bias	full	1.0	none	False	sub-110	computer	gamma	f0	0.42227154396356126
fit-rw_positive_bias-full-prior1	rw_positive_bias	full	1.0	none	False	sub-110	computer	gamma	epsilon	0.07238980763743377
fit-rw_positive_bias-full-prior1	rw_positive_bias	full	1.0	none	False	sub-110	computer	gamma	acceptance_bias	-0.4048116926521981
fit-rw_positive_bias-full-prior1	rw_positive_bias	full	1.0	none	False	sub-110	computer	f0	epsilon	-0.06688837437348626
fit-rw_positive_bias-full-prior1	rw_positive_bias	full	1.0	none	False	sub-110	computer	f0	acceptance_bias	0.3196589075611855
fit-rw_positive_bias-full-prior1	rw_positive_bias	full	1.0	none	False	sub-110	computer	epsilon	acceptance_bias	-0.15417809510839217
fit-rw_positive_bias-full-prior1	rw_positive_bias	full	1.0	none	False	sub-110	similar	alpha	gamma	-0.631608336434206
fit-rw_positive_bias-full-prior1	rw_positive_bias	full	1.0	none	False	sub-110	similar	alpha	f0	-0.462192543630189
fit-rw_positive_bias-full-prior1	rw_positive_bias	full	1.0	none	False	sub-110	similar	alpha	epsilon	-0.00732139528500109
fit-rw_positive_bias-full-prior1	rw_positive_bias	full	1.0	none	False	sub-110	similar	alpha	acceptance_bias	0.39873132352839175
fit-rw_positive_bias-full-prior1	rw_positive_bias	full	1.0	none	False	sub-110	similar	gamma	f0	0.40058698461435666
fit-rw_positive_bias-full-prior1	rw_positive_bias	full	1.0	none	False	sub-110	similar	gamma	epsilon	0.017224716938346717
fit-rw_positive_bias-full-prior1	rw_positive_bias	full	1.0	none	False	sub-110	similar	gamma	acceptance_bias	-0.28301701242294114
fit-rw_positive_bias-full-prior1	rw_positive_bias	full	1.0	none	False	sub-110	similar	f0	epsilon	-0.07651553303954917
fit-rw_positive_bias-full-prior1	rw_positive_bias	full	1.0	none	False	sub-110	similar	f0	acceptance_bias	0.32598705200210526
fit-rw_positive_bias-full-prior1	rw_positive_bias	full	1.0	none	False	sub-110	similar	epsilon	acceptance_bias	-0.1616434573344917
fit-rw_positive_bias-full-prior1	rw_positive_bias	full	1.0	none	False	sub-110	dissimilar	alpha	gamma	-0.6739202158690225
fit-rw_positive_bias-full-prior1	rw_positive_bias	full	1.0	none	False	sub-110	dissimilar	alpha	f0	-0.44271960308767544
fit-rw_positive_bias-full-prior1	rw_positive_bias	full	1.0	none	False	sub-110	dissimilar	alpha	epsilon	-0.006104172895590019
fit-rw_positive_bias-full-prior1	rw_positive_bias	full	1.0	none	False	sub-110	dissimilar	alpha	acceptance_bias	0.4198942828304009
fit-rw_positive_bias-full-prior1	rw_positive_bias	full	1.0	none	False	sub-110	dissimilar	gamma	f0	0.3110206091834525
fit-rw_positive_bias-full-prior1	rw_positive_bias	full	1.0	none	False	sub-110	dissimilar	gamma	epsilon	0.09934505346940688
fit-rw_positive_bias-full-prior1	rw_positive_bias	full	1.0	none	False	sub-110	dissimilar	gamma	acceptance_bias	-0.4435291794446924
fit-rw_positive_bias-full-prior1	rw_positive_bias	full	1.0	none	False	sub-110	dissimilar	f0	epsilon	-0.07898757611268467
fit-rw_positive_bias-full-prior1	rw_positive_bias	full	1.0	none	False	sub-110	dissimilar	f0	acceptance_bias	0.33434613779162725
fit-rw_positive_bias-full-prior1	rw_positive_bias	full	1.0	none	False	sub-110	dissimilar	epsilon	acceptance_bias	-0.16615939153800022
fit-rw_positive_bias-full-prior1	rw_positive_bias	full	1.0	none	False	sub-111	computer	alpha	gamma	-0.6329750754824573
fit-rw_positive_bias-full-prior1	rw_positive_bias	full	1.0	none	False	sub-111	computer	alpha	f0	-0.6801989098421432
fit-rw_positive_bias-full-prior1	rw_positive_bias	full	1.0	none	False	sub-111	computer	alpha	epsilon	0.15550880265086323
fit-rw_positive_bias-full-prior1	rw_positive_bias	full	1.0	none	False	sub-111	computer	alpha	acceptance_bias	0.44722934587947505
fit-rw_positive_bias-full-prior1	rw_positive_bias	full	1.0	none	False	sub-111	computer	gamma	f0	0.523191485213891
fit-rw_positive_bias-full-prior1	rw_positive_bias	full	1.0	none	False	sub-111	computer	gamma	epsilon	0.05310694406536152
fit-rw_positive_bias-full-prior1	rw_positive_bias	full	1.0	none	False	sub-111	computer	gamma	acceptance_bias	-0.2504905473421993
fit-rw_positive_bias-full-prior1	rw_positive_bias	full	1.0	none	False	sub-111	computer	f0	epsilon	-0.22816518074520406
fit-rw_positive_bias-full-prior1	rw_positive_bias	full	1.0	none	False	sub-111	computer	f0	acceptance_bias	-0.24113296052654462
fit-rw_positive_bias-full-prior1	rw_positive_bias	full	1.0	none	False	sub-111	computer	epsilon	acceptance_bias	-0.3342449661297159
fit-rw_positive_bias-full-prior1	rw_positive_bias	full	1.0	none	False	sub-111	similar	alpha	gamma	-0.5371908280403078
fit-rw_positive_bias-full-prior1	rw_positive_bias	full	1.0	none	False	sub-111	similar	alpha	f0	-0.7026785019250844
fit-rw_positive_bias-full-prior1	rw_positive_bias	full	1.0	none	False	sub-111	similar	alpha	epsilon	0.29707636087727485
fit-rw_positive_bias-full-prior1	rw_positive_bias	full	1.0	none	False	sub-111	similar	alpha	acceptance_bias	0.4419927260896607
fit-rw_positive_bias-full-prior1	rw_positive_bias	full	1.0	none	False	sub-111	similar	gamma	f0	0.4226085013440351
fit-rw_positive_bias-full-prior1	rw_positive_bias	full	1.0	none	False	sub-111	similar	gamma	epsilon	-0.025320076066238466
fit-rw_positive_bias-full-prior1	rw_positive_bias	full	1.0	none	False	sub-111	similar	gamma	acceptance_bias	-0.16647086248958862
fit-rw_positive_bias-full-prior1	rw_positive_bias	full	1.0	none	False	sub-111	similar	f0	epsilon	-0.37852182018392344
fit-rw_positive_bias-full-prior1	rw_positive_bias	full	1.0	none	False	sub-111	similar	f0	acceptance_bias	-0.23417850090964948
fit-rw_positive_bias-full-prior1	rw_positive_bias	full	1.0	none	False	sub-111	similar	epsilon	acceptance_bias	-0.23824435486171952
fit-rw_positive_bias-full-prior1	rw_positive_bias	full	1.0	none	False	sub-111	dissimilar	alpha	gamma	-0.6271910512364852
fit-rw_positive_bias-full-prior1	rw_positive_bias	full	1.0	none	False	sub-111	dissimilar	alpha	f0	-0.6757532635514273
fit-rw_positive_bias-full-prior1	rw_positive_bias	full	1.0	none	False	sub-111	dissimilar	alpha	epsilon	0.0001534778225725176
fit-rw_positive_bias-full-prior1	rw_positive_bias	full	1.0	none	False	sub-111	dissimilar	alpha	acceptance_bias	0.47166950471153873
fit-rw_positive_bias-full-prior1	rw_positive_bias	full	1.0	none	False	sub-111	dissimilar	gamma	f0	0.5539167542403116
fit-rw_positive_bias-full-prior1	rw_positive_bias	full	1.0	none	False	sub-111	dissimilar	gamma	epsilon	0.2562801259119858
fit-rw_positive_bias-full-prior1	rw_positive_bias	full	1.0	none	False	sub-111	dissimilar	gamma	acceptance_bias	-0.24809655517260512
fit-rw_positive_bias-full-prior1	rw_positive_bias	full	1.0	none	False	sub-111	dissimilar	f0	epsilon	-0.09594243623621905
fit-rw_positive_bias-full-prior1	rw_positive_bias	full	1.0	none	False	sub-111	dissimilar	f0	acceptance_bias	-0.23670182370158235
fit-rw_positive_bias-full-prior1	rw_positive_bias	full	1.0	none	False	sub-111	dissimilar	epsilon	acceptance_bias	-0.42799769248445296
fit-rw_positive_bias-full-prior1	rw_positive_bias	full	1.0	none	False	sub-112	computer	alpha	gamma	-0.573925838498819
fit-rw_positive_bias-full-prior1	rw_positive_bias	full	1.0	none	False	sub-112	computer	alpha	f0	0.042706021149024886
fit-rw_positive_bias-full-prior1	rw_positive_bias	full	1.0	none	False	sub-112	computer	alpha	epsilon	-0.32455547069971535
fit-rw_positive_bias-full-prior1	rw_positive_bias	full	1.0	none	False	sub-112	computer	alpha	acceptance_bias	0.5380909771026681
fit-rw_positive_bias-full-prior1	rw_positive_bias	full	1.0	none	False	sub-112	computer	gamma	f0	-0.3055712493757056
fit-rw_positive_bias-full-prior1	rw_positive_bias	full	1.0	none	False	sub-112	computer	gamma	epsilon	0.3675377756523058
fit-rw_positive_bias-full-prior1	rw_positive_bias	full	1.0	none	False	sub-112	computer	gamma	acceptance_bias	-0.5613594268199176
fit-rw_positive_bias-full-prior1	rw_positive_bias	full	1.0	none	False	sub-112	computer	f0	epsilon	-0.2921165154363773
fit-rw_positive_bias-full-prior1	rw_positive_bias	full	1.0	none	False	sub-112	computer	f0	acceptance_bias	0.542297004788463
fit-rw_positive_bias-full-prior1	rw_positive_bias	full	1.0	none	False	sub-112	computer	epsilon	acceptance_bias	-0.3069831687036689
fit-rw_positive_bias-full-prior1	rw_positive_bias	full	1.0	none	False	sub-112	similar	alpha	gamma	-0.4570695046374348
fit-rw_positive_bias-full-prior1	rw_positive_bias	full	1.0	none	False	sub-112	similar	alpha	f0	0.04455631237822723
fit-rw_positive_bias-full-prior1	rw_positive_bias	full	1.0	none	False	sub-112	similar	alpha	epsilon	-0.3815523290619899
fit-rw_positive_bias-full-prior1	rw_positive_bias	full	1.0	none	False	sub-112	similar	alpha	acceptance_bias	0.5335459788442066
fit-rw_positive_bias-full-prior1	rw_positive_bias	full	1.0	none	False	sub-112	similar	gamma	f0	-0.14242927013638562
fit-rw_positive_bias-full-prior1	rw_positive_bias	full	1.0	none	False	sub-112	similar	gamma	epsilon	0.2949953446572455
fit-rw_positive_bias-full-prior1	rw_positive_bias	full	1.0	none	False	sub-112	similar	gamma	acceptance_bias	-0.357493814742634
fit-rw_positive_bias-full-prior1	rw_positive_bias	full	1.0	none	False	sub-112	similar	f0	epsilon	-0.41290460669268114
fit-rw_positive_bias-full-prior1	rw_positive_bias	full	1.0	none	False	sub-112	similar	f0	acceptance_bias	0.5204740452392704
fit-rw_positive_bias-full-prior1	rw_positive_bias	full	1.0	none	False	sub-112	similar	epsilon	acceptance_bias	-0.3615506851608341
fit-rw_positive_bias-full-prior1	rw_positive_bias	full	1.0	none	False	sub-112	dissimilar	alpha	gamma	-0.43685538468113955
fit-rw_positive_bias-full-prior1	rw_positive_bias	full	1.0	none	False	sub-112	dissimilar	alpha	f0	0.07000200982161651
fit-rw_positive_bias-full-prior1	rw_positive_bias	full	1.0	none	False	sub-112	dissimilar	alpha	epsilon	-0.4069800155734269
fit-rw_positive_bias-full-prior1	rw_positive_bias	full	1.0	none	False	sub-112	dissimilar	alpha	acceptance_bias	0.5388979283861653
fit-rw_positive_bias-full-prior1	rw_positive_bias	full	1.0	none	False	sub-112	dissimilar	gamma	f0	-0.18799458775472358
fit-rw_positive_bias-full-prior1	rw_positive_bias	full	1.0	none	False	sub-112	dissimilar	gamma	epsilon	0.28965522767346663
fit-rw_positive_bias-full-prior1	rw_positive_bias	full	1.0	none	False	sub-112	dissimilar	gamma	acceptance_bias	-0.3516494079308659
fit-rw_positive_bias-full-prior1	rw_positive_bias	full	1.0	none	False	sub-112	dissimilar	f0	epsilon	-0.42433440580535764
fit-rw_positive_bias-full-prior1	rw_positive_bias	full	1.0	none	False	sub-112	dissimilar	f0	acceptance_bias	0.5314643470862023
fit-rw_positive_bias-full-prior1	rw_positive_bias	full	1.0	none	False	sub-112	dissimilar	epsilon	acceptance_bias	-0.3738545346488674
fit-rw_positive_bias-full-prior1	rw_positive_bias	full	1.0	none	False	sub-113	computer	alpha	gamma	-0.27207206602714945
fit-rw_positive_bias-full-prior1	rw_positive_bias	full	1.0	none	False	sub-113	computer	alpha	f0	-0.3426623419183164
fit-rw_positive_bias-full-prior1	rw_positive_bias	full	1.0	none	False	sub-113	computer	alpha	epsilon	0.0996528717147532
fit-rw_positive_bias-full-prior1	rw_positive_bias	full	1.0	none	False	sub-113	computer	alpha	acceptance_bias	-0.014233355388971261
fit-rw_positive_bias-full-prior1	rw_positive_bias	full	1.0	none	False	sub-113	computer	gamma	f0	0.3819440135205294
fit-rw_positive_bias-full-prior1	rw_positive_bias	full	1.0	none	False	sub-113	computer	gamma	epsilon	0.05465220718064938
fit-rw_positive_bias-full-prior1	rw_positive_bias	full	1.0	none	False	sub-113	computer	gamma	acceptance_bias	-0.3573164143367328
fit-rw_positive_bias-full-prior1	rw_positive_bias	full	1.0	none	False	sub-113	computer	f0	epsilon	-0.2652020411852562
fit-rw_positive_bias-full-prior1	rw_positive_bias	full	1.0	none	False	sub-113	computer	f0	acceptance_bias	0.5012532006536733
fit-rw_positive_bias-full-prior1	rw_positive_bias	full	1.0	none	False	sub-113	computer	epsilon	acceptance_bias	-0.41534087607140063
fit-rw_positive_bias-full-prior1	rw_positive_bias	full	1.0	none	False	sub-113	similar	alpha	gamma	-0.2625670589978784
fit-rw_positive_bias-full-prior1	rw_positive_bias	full	1.0	none	False	sub-113	similar	alpha	f0	-0.35086261038475997
fit-rw_positive_bias-full-prior1	rw_positive_bias	full	1.0	none	False	sub-113	similar	alpha	epsilon	0.073361365180583
fit-rw_positive_bias-full-prior1	rw_positive_bias	full	1.0	none	False	sub-113	similar	alpha	acceptance_bias	-0.02340367667956792
fit-rw_positive_bias-full-prior1	rw_positive_bias	full	1.0	none	False	sub-113	similar	gamma	f0	0.4128396310816899
fit-rw_positive_bias-full-prior1	rw_positive_bias	full	1.0	none	False	sub-113	similar	gamma	epsilon	-0.033277868391601746
fit-rw_positive_bias-full-prior1	rw_positive_bias	full	1.0	none	False	sub-113	similar	gamma	acceptance_bias	-0.22190214807495137
fit-rw_positive_bias-full-prior1	rw_positive_bias	full	1.0	none	False	sub-113	similar	f0	epsilon	-0.23701697644407577
fit-rw_positive_bias-full-prior1	rw_positive_bias	full	1.0	none	False	sub-113	similar	f0	acceptance_bias	0.5054722503737994
fit-rw_positive_bias-full-prior1	rw_positive_bias	full	1.0	none	False	sub-113	similar	epsilon	acceptance_bias	-0.3769412009952708
fit-rw_positive_bias-full-prior1	rw_positive_bias	full	1.0	none	False	sub-113	dissimilar	alpha	gamma	-0.17821501412049673
fit-rw_positive_bias-full-prior1	rw_positive_bias	full	1.0	none	False	sub-113	dissimilar	alpha	f0	-0.3394222707208719
fit-rw_positive_bias-full-prior1	rw_positive_bias	full	1.0	none	False	sub-113	dissimilar	alpha	epsilon	0.054534174412511204
fit-rw_positive_bias-full-prior1	rw_positive_bias	full	1.0	none	False	sub-113	dissimilar	alpha	acceptance_bias	-0.023698475976579952
fit-rw_positive_bias-full-prior1	rw_positive_bias	full	1.0	none	False	sub-113	dissimilar	gamma	f0	0.18507478150697276
fit-rw_positive_bias-full-prior1	rw_positive_bias	full	1.0	none	False	sub-113	dissimilar	gamma	epsilon	0.11903512342669723
fit-rw_positive_bias-full-prior1	rw_positive_bias	full	1.0	none	False	sub-113	dissimilar	gamma	acceptance_bias	-0.4558831459986481
fit-rw_positive_bias-full-prior1	rw_positive_bias	full	1.0	none	False	sub-113	dissimilar	f0	epsilon	-0.22052081168614737
fit-rw_positive_bias-full-prior1	rw_positive_bias	full	1.0	none	False	sub-113	dissimilar	f0	acceptance_bias	0.4857857420922107
fit-rw_positive_bias-full-prior1	rw_positive_bias	full	1.0	none	False	sub-113	dissimilar	epsilon	acceptance_bias	-0.37928282177103967
fit-rw_positive_bias-full-prior1	rw_positive_bias	full	1.0	none	False	sub-115	computer	alpha	gamma	-0.184357671807514
fit-rw_positive_bias-full-prior1	rw_positive_bias	full	1.0	none	False	sub-115	computer	alpha	f0	-0.16007467326348024
fit-rw_positive_bias-full-prior1	rw_positive_bias	full	1.0	none	False	sub-115	computer	alpha	epsilon	0.2465653397710558
fit-rw_positive_bias-full-prior1	rw_positive_bias	full	1.0	none	False	sub-115	computer	alpha	acceptance_bias	0.14325736177200876
fit-rw_positive_bias-full-prior1	rw_positive_bias	full	1.0	none	False	sub-115	computer	gamma	f0	-0.27864090512557427
fit-rw_positive_bias-full-prior1	rw_positive_bias	full	1.0	none	False	sub-115	computer	gamma	epsilon	0.204913846742254
fit-rw_positive_bias-full-prior1	rw_positive_bias	full	1.0	none	False	sub-115	computer	gamma	acceptance_bias	-0.6473388225322914
fit-rw_positive_bias-full-prior1	rw_positive_bias	full	1.0	none	False	sub-115	computer	f0	epsilon	-0.0826478921956377
fit-rw_positive_bias-full-prior1	rw_positive_bias	full	1.0	none	False	sub-115	computer	f0	acceptance_bias	0.6119829369222598
fit-rw_positive_bias-full-prior1	rw_positive_bias	full	1.0	none	False	sub-115	computer	epsilon	acceptance_bias	-0.2892048038000232
fit-rw_positive_bias-full-prior1	rw_positive_bias	full	1.0	none	False	sub-115	similar	alpha	gamma	-0.15336588787469863
fit-rw_positive_bias-full-prior1	rw_positive_bias	full	1.0	none	False	sub-115	similar	alpha	f0	-0.15174112991479424
fit-rw_positive_bias-full-prior1	rw_positive_bias	full	1.0	none	False	sub-115	similar	alpha	epsilon	0.2480900341019467
fit-rw_positive_bias-full-prior1	rw_positive_bias	full	1.0	none	False	sub-115	similar	alpha	acceptance_bias	0.1286757623493191
fit-rw_positive_bias-full-prior1	rw_positive_bias	full	1.0	none	False	sub-115	similar	gamma	f0	-0.15736513735739116
fit-rw_positive_bias-full-prior1	rw_positive_bias	full	1.0	none	False	sub-115	similar	gamma	epsilon	0.1397656407709993
fit-rw_positive_bias-full-prior1	rw_positive_bias	full	1.0	none	False	sub-115	similar	gamma	acceptance_bias	-0.49326530701801063
fit-rw_positive_bias-full-prior1	rw_positive_bias	full	1.0	none	False	sub-115	similar	f0	epsilon	-0.08329796400249265
fit-rw_positive_bias-full-prior1	rw_positive_bias	full	1.0	none	False	sub-115	similar	f0	acceptance_bias	0.6185515699578498
fit-rw_positive_bias-full-prior1	rw_positive_bias	full	1.0	none	False	sub-115	similar	epsilon	acceptance_bias	-0.29067591743205323
fit-rw_positive_bias-full-prior1	rw_positive_bias	full	1.0	none	False	sub-115	dissimilar	alpha	gamma	-0.12473393772453058
fit-rw_positive_bias-full-prior1	rw_positive_bias	full	1.0	none	False	sub-115	dissimilar	alpha	f0	-0.1603517688276915
fit-rw_positive_bias-full-prior1	rw_positive_bias	full	1.0	none	False	sub-115	dissimilar	alpha	epsilon	0.247990747138005
fit-rw_positive_bias-full-prior1	rw_positive_bias	full	1.0	none	False	sub-115	dissimilar	alpha	acceptance_bias	0.12327334841610413
fit-rw_positive_bias-full-prior1	rw_positive_bias	full	1.0	none	False	sub-115	dissimilar	gamma	f0	-0.37288715337671374
fit-rw_positive_bias-full-prior1	rw_positive_bias	full	1.0	none	False	sub-115	dissimilar	gamma	epsilon	0.25390244123725536
fit-rw_positive_bias-full-prior1	rw_positive_bias	full	1.0	none	False	sub-115	dissimilar	gamma	acceptance_bias	-0.6975078589638953
fit-rw_positive_bias-full-prior1	rw_positive_bias	full	1.0	none	False	sub-115	dissimilar	f0	epsilon	-0.07960128237166074
fit-rw_positive_bias-full-prior1	rw_positive_bias	full	1.0	none	False	sub-115	dissimilar	f0	acceptance_bias	0.6172881996234555
fit-rw_positive_bias-full-prior1	rw_positive_bias	full	1.0	none	False	sub-115	dissimilar	epsilon	acceptance_bias	-0.2921500747181762
fit-rw_positive_bias-full-prior1	rw_positive_bias	full	1.0	none	False	sub-116	computer	alpha	gamma	-0.4386717295683611
fit-rw_positive_bias-full-prior1	rw_positive_bias	full	1.0	none	False	sub-116	computer	alpha	f0	-0.5633556739976293
fit-rw_positive_bias-full-prior1	rw_positive_bias	full	1.0	none	False	sub-116	computer	alpha	epsilon	0.09795048343879192
fit-rw_positive_bias-full-prior1	rw_positive_bias	full	1.0	none	False	sub-116	computer	alpha	acceptance_bias	0.1512042224174152
fit-rw_positive_bias-full-prior1	rw_positive_bias	full	1.0	none	False	sub-116	computer	gamma	f0	0.5499196098464376
fit-rw_positive_bias-full-prior1	rw_positive_bias	full	1.0	none	False	sub-116	computer	gamma	epsilon	-0.17390750050397602
fit-rw_positive_bias-full-prior1	rw_positive_bias	full	1.0	none	False	sub-116	computer	gamma	acceptance_bias	-0.05857840087323067
fit-rw_positive_bias-full-prior1	rw_positive_bias	full	1.0	none	False	sub-116	computer	f0	epsilon	-0.11202302278550345
fit-rw_positive_bias-full-prior1	rw_positive_bias	full	1.0	none	False	sub-116	computer	f0	acceptance_bias	0.11324809660243512
fit-rw_positive_bias-full-prior1	rw_positive_bias	full	1.0	none	False	sub-116	computer	epsilon	acceptance_bias	-0.060198946657416534
fit-rw_positive_bias-full-prior1	rw_positive_bias	full	1.0	none	False	sub-116	similar	alpha	gamma	-0.37922899412220656
fit-rw_positive_bias-full-prior1	rw_positive_bias	full	1.0	none	False	sub-116	similar	alpha	f0	-0.5716732213619835
fit-rw_positive_bias-full-prior1	rw_positive_bias	full	1.0	none	False	sub-116	similar	alpha	epsilon	0.10043530198187488
fit-rw_positive_bias-full-prior1	rw_positive_bias	full	1.0	none	False	sub-116	similar	alpha	acceptance_bias	0.1397267813510864
fit-rw_positive_bias-full-prior1	rw_positive_bias	full	1.0	none	False	sub-116	similar	gamma	f0	0.45590922438142834
fit-rw_positive_bias-full-prior1	rw_positive_bias	full	1.0	none	False	sub-116	similar	gamma	epsilon	-0.18013916114844125
fit-rw_positive_bias-full-prior1	rw_positive_bias	full	1.0	none	False	sub-116	similar	gamma	acceptance_bias	-0.06031827247114397
fit-rw_positive_bias-full-prior1	rw_positive_bias	full	1.0	none	False	sub-116	similar	f0	epsilon	-0.11827809451868572
fit-rw_positive_bias-full-prior1	rw_positive_bias	full	1.0	none	False	sub-116	similar	f0	acceptance_bias	0.11275444311612931
fit-rw_positive_bias-full-prior1	rw_positive_bias	full	1.0	none	False	sub-116	similar	epsilon	acceptance_bias	-0.06325388747305181
fit-rw_positive_bias-full-prior1	rw_positive_bias	full	1.0	none	False	sub-116	dissimilar	alpha	gamma	-0.3854279532611334
fit-rw_positive_bias-full-prior1	rw_positive_bias	full	1.0	none	False	sub-116	dissimilar	alpha	f0	-0.5592294629110133
fit-rw_positive_bias-full-prior1	rw_positive_bias	full	1.0	none	False	sub-116	dissimilar	alpha	epsilon	0.09124473819681655
fit-rw_positive_bias-full-prior1	rw_positive_bias	full	1.0	none	False	sub-116	dissimilar	alpha	acceptance_bias	0.139874793069448
fit-rw_positive_bias-full-prior1	rw_positive_bias	full	1.0	none	False	sub-116	dissimilar	gamma	f0	0.4502601514741423
fit-rw_positive_bias-full-prior1	rw_positive_bias	full	1.0	none	False	sub-116	dissimilar	gamma	epsilon	-0.1750641043807931
fit-rw_positive_bias-full-prior1	rw_positive_bias	full	1.0	none	False	sub-116	dissimilar	gamma	acceptance_bias	-0.07655381225204781
fit-rw_positive_bias-full-prior1	rw_positive_bias	full	1.0	none	False	sub-116	dissimilar	f0	epsilon	-0.10785076615604325
fit-rw_positive_bias-full-prior1	rw_positive_bias	full	1.0	none	False	sub-116	dissimilar	f0	acceptance_bias	0.11452670634680387
fit-rw_positive_bias-full-prior1	rw_positive_bias	full	1.0	none	False	sub-116	dissimilar	epsilon	acceptance_bias	-0.07159346407124124
fit-rw_positive_bias-full-prior1	rw_positive_bias	full	1.0	none	False	sub-117	computer	alpha	gamma	-0.37084271849389555
fit-rw_positive_bias-full-prior1	rw_positive_bias	full	1.0	none	False	sub-117	computer	alpha	f0	-0.39627252347562514
fit-rw_positive_bias-full-prior1	rw_positive_bias	full	1.0	none	False	sub-117	computer	alpha	epsilon	-0.09300568416666634
fit-rw_positive_bias-full-prior1	rw_positive_bias	full	1.0	none	False	sub-117	computer	alpha	acceptance_bias	0.04164940156202882
fit-rw_positive_bias-full-prior1	rw_positive_bias	full	1.0	none	False	sub-117	computer	gamma	f0	0.6138347272443377
fit-rw_positive_bias-full-prior1	rw_positive_bias	full	1.0	none	False	sub-117	computer	gamma	epsilon	0.14393075849136452
fit-rw_positive_bias-full-prior1	rw_positive_bias	full	1.0	none	False	sub-117	computer	gamma	acceptance_bias	-0.06908135445258376
fit-rw_positive_bias-full-prior1	rw_positive_bias	full	1.0	none	False	sub-117	computer	f0	epsilon	0.21724966381081023
fit-rw_positive_bias-full-prior1	rw_positive_bias	full	1.0	none	False	sub-117	computer	f0	acceptance_bias	0.1345590191199129
fit-rw_positive_bias-full-prior1	rw_positive_bias	full	1.0	none	False	sub-117	computer	epsilon	acceptance_bias	-0.1174860401813424
fit-rw_positive_bias-full-prior1	rw_positive_bias	full	1.0	none	False	sub-117	similar	alpha	gamma	-0.30731811251565155
fit-rw_positive_bias-full-prior1	rw_positive_bias	full	1.0	none	False	sub-117	similar	alpha	f0	-0.3816190615044407
fit-rw_positive_bias-full-prior1	rw_positive_bias	full	1.0	none	False	sub-117	similar	alpha	epsilon	-0.09648996255408308
fit-rw_positive_bias-full-prior1	rw_positive_bias	full	1.0	none	False	sub-117	similar	alpha	acceptance_bias	0.03024249635197669
fit-rw_positive_bias-full-prior1	rw_positive_bias	full	1.0	none	False	sub-117	similar	gamma	f0	0.5425063904360862
fit-rw_positive_bias-full-prior1	rw_positive_bias	full	1.0	none	False	sub-117	similar	gamma	epsilon	0.16069174113331927
fit-rw_positive_bias-full-prior1	rw_positive_bias	full	1.0	none	False	sub-117	similar	gamma	acceptance_bias	-0.06990220222778044
fit-rw_positive_bias-full-prior1	rw_positive_bias	full	1.0	none	False	sub-117	similar	f0	epsilon	0.23669215875630234
fit-rw_positive_bias-full-prior1	rw_positive_bias	full	1.0	none	False	sub-117	similar	f0	acceptance_bias	0.13309289278814845
fit-rw_positive_bias-full-prior1	rw_positive_bias	full	1.0	none	False	sub-117	similar	epsilon	acceptance_bias	-0.11754021669417467
fit-rw_positive_bias-full-prior1	rw_positive_bias	full	1.0	none	False	sub-117	dissimilar	alpha	gamma	-0.3365789034841511
fit-rw_positive_bias-full-prior1	rw_positive_bias	full	1.0	none	False	sub-117	dissimilar	alpha	f0	-0.40093964926240305
fit-rw_positive_bias-full-prior1	rw_positive_bias	full	1.0	none	False	sub-117	dissimilar	alpha	epsilon	-0.10046075866601054
fit-rw_positive_bias-full-prior1	rw_positive_bias	full	1.0	none	False	sub-117	dissimilar	alpha	acceptance_bias	0.0343538942101861
fit-rw_positive_bias-full-prior1	rw_positive_bias	full	1.0	none	False	sub-117	dissimilar	gamma	f0	0.5416565909924805
fit-rw_positive_bias-full-prior1	rw_positive_bias	full	1.0	none	False	sub-117	dissimilar	gamma	epsilon	0.1291736565818436
fit-rw_positive_bias-full-prior1	rw_positive_bias	full	1.0	none	False	sub-117	dissimilar	gamma	acceptance_bias	-0.07356079962133273
fit-rw_positive_bias-full-prior1	rw_positive_bias	full	1.0	none	False	sub-117	dissimilar	f0	epsilon	0.23358958197872565
fit-rw_positive_bias-full-prior1	rw_positive_bias	full	1.0	none	False	sub-117	dissimilar	f0	acceptance_bias	0.13796455894910248
fit-rw_positive_bias-full-prior1	rw_positive_bias	full	1.0	none	False	sub-117	dissimilar	epsilon	acceptance_bias	-0.11867955359796117
fit-rw_positive_bias-full-prior1	rw_positive_bias	full	1.0	none	False	sub-118	computer	alpha	gamma	-0.6526196691752212
fit-rw_positive_bias-full-prior1	rw_positive_bias	full	1.0	none	False	sub-118	computer	alpha	f0	-0.2787774034532763
fit-rw_positive_bias-full-prior1	rw_positive_bias	full	1.0	none	False	sub-118	computer	alpha	epsilon	0.07171773086009223
fit-rw_positive_bias-full-prior1	rw_positive_bias	full	1.0	none	False	sub-118	computer	alpha	acceptance_bias	0.4761396186914371
fit-rw_positive_bias-full-prior1	rw_positive_bias	full	1.0	none	False	sub-118	computer	gamma	f0	0.21822243522841875
fit-rw_positive_bias-full-prior1	rw_positive_bias	full	1.0	none	False	sub-118	computer	gamma	epsilon	0.10436084533882936
fit-rw_positive_bias-full-prior1	rw_positive_bias	full	1.0	none	False	sub-118	computer	gamma	acceptance_bias	-0.34496096444551166
fit-rw_positive_bias-full-prior1	rw_positive_bias	full	1.0	none	False	sub-118	computer	f0	epsilon	-0.0934740989817859
fit-rw_positive_bias-full-prior1	rw_positive_bias	full	1.0	none	False	sub-118	computer	f0	acceptance_bias	0.28734228240826
fit-rw_positive_bias-full-prior1	rw_positive_bias	full	1.0	none	False	sub-118	computer	epsilon	acceptance_bias	-0.28645880153072834
fit-rw_positive_bias-full-prior1	rw_positive_bias	full	1.0	none	False	sub-118	similar	alpha	gamma	-0.5760180123762771
fit-rw_positive_bias-full-prior1	rw_positive_bias	full	1.0	none	False	sub-118	similar	alpha	f0	-0.2646757072344714
fit-rw_positive_bias-full-prior1	rw_positive_bias	full	1.0	none	False	sub-118	similar	alpha	epsilon	0.04974885754399215
fit-rw_positive_bias-full-prior1	rw_positive_bias	full	1.0	none	False	sub-118	similar	alpha	acceptance_bias	0.4710275198876048
fit-rw_positive_bias-full-prior1	rw_positive_bias	full	1.0	none	False	sub-118	similar	gamma	f0	0.19105530311864147
fit-rw_positive_bias-full-prior1	rw_positive_bias	full	1.0	none	False	sub-118	similar	gamma	epsilon	0.10728015599508553
fit-rw_positive_bias-full-prior1	rw_positive_bias	full	1.0	none	False	sub-118	similar	gamma	acceptance_bias	-0.27645514102920393
fit-rw_positive_bias-full-prior1	rw_positive_bias	full	1.0	none	False	sub-118	similar	f0	epsilon	-0.1281814943547714
fit-rw_positive_bias-full-prior1	rw_positive_bias	full	1.0	none	False	sub-118	similar	f0	acceptance_bias	0.3006962939711857
fit-rw_positive_bias-full-prior1	rw_positive_bias	full	1.0	none	False	sub-118	similar	epsilon	acceptance_bias	-0.32913905836940854
fit-rw_positive_bias-full-prior1	rw_positive_bias	full	1.0	none	False	sub-118	dissimilar	alpha	gamma	-0.6346482460715301
fit-rw_positive_bias-full-prior1	rw_positive_bias	full	1.0	none	False	sub-118	dissimilar	alpha	f0	-0.28024925357343733
fit-rw_positive_bias-full-prior1	rw_positive_bias	full	1.0	none	False	sub-118	dissimilar	alpha	epsilon	0.06729802522597775
fit-rw_positive_bias-full-prior1	rw_positive_bias	full	1.0	none	False	sub-118	dissimilar	alpha	acceptance_bias	0.46233539238166044
fit-rw_positive_bias-full-prior1	rw_positive_bias	full	1.0	none	False	sub-118	dissimilar	gamma	f0	0.1729744495733546
fit-rw_positive_bias-full-prior1	rw_positive_bias	full	1.0	none	False	sub-118	dissimilar	gamma	epsilon	0.032078078897268894
fit-rw_positive_bias-full-prior1	rw_positive_bias	full	1.0	none	False	sub-118	dissimilar	gamma	acceptance_bias	-0.33556957800219983
fit-rw_positive_bias-full-prior1	rw_positive_bias	full	1.0	none	False	sub-118	dissimilar	f0	epsilon	-0.12293394255469832
fit-rw_positive_bias-full-prior1	rw_positive_bias	full	1.0	none	False	sub-118	dissimilar	f0	acceptance_bias	0.2974241350849975
fit-rw_positive_bias-full-prior1	rw_positive_bias	full	1.0	none	False	sub-118	dissimilar	epsilon	acceptance_bias	-0.29205681228582264
fit-rw_positive_bias-full-prior1	rw_positive_bias	full	1.0	none	False	sub-121	computer	alpha	gamma	-0.5899263677260689
fit-rw_positive_bias-full-prior1	rw_positive_bias	full	1.0	none	False	sub-121	computer	alpha	f0	-0.28872488761792237
fit-rw_positive_bias-full-prior1	rw_positive_bias	full	1.0	none	False	sub-121	computer	alpha	epsilon	-0.051096590949786067
fit-rw_positive_bias-full-prior1	rw_positive_bias	full	1.0	none	False	sub-121	computer	alpha	acceptance_bias	0.3650692364102333
fit-rw_positive_bias-full-prior1	rw_positive_bias	full	1.0	none	False	sub-121	computer	gamma	f0	0.18389554369998645
fit-rw_positive_bias-full-prior1	rw_positive_bias	full	1.0	none	False	sub-121	computer	gamma	epsilon	0.01937159325337138
fit-rw_positive_bias-full-prior1	rw_positive_bias	full	1.0	none	False	sub-121	computer	gamma	acceptance_bias	-0.45430973796227253
fit-rw_positive_bias-full-prior1	rw_positive_bias	full	1.0	none	False	sub-121	computer	f0	epsilon	0.16850954353262046
fit-rw_positive_bias-full-prior1	rw_positive_bias	full	1.0	none	False	sub-121	computer	f0	acceptance_bias	0.5308695002896505
fit-rw_positive_bias-full-prior1	rw_positive_bias	full	1.0	none	False	sub-121	computer	epsilon	acceptance_bias	-0.06077308006356731
fit-rw_positive_bias-full-prior1	rw_positive_bias	full	1.0	none	False	sub-121	similar	alpha	gamma	-0.518873702072462
fit-rw_positive_bias-full-prior1	rw_positive_bias	full	1.0	none	False	sub-121	similar	alpha	f0	-0.3247794302845392
fit-rw_positive_bias-full-prior1	rw_positive_bias	full	1.0	none	False	sub-121	similar	alpha	epsilon	-0.04716175806310501
fit-rw_positive_bias-full-prior1	rw_positive_bias	full	1.0	none	False	sub-121	similar	alpha	acceptance_bias	0.32373190942951424
fit-rw_positive_bias-full-prior1	rw_positive_bias	full	1.0	none	False	sub-121	similar	gamma	f0	0.01708925169419238
fit-rw_positive_bias-full-prior1	rw_positive_bias	full	1.0	none	False	sub-121	similar	gamma	epsilon	0.018946143000623666
fit-rw_positive_bias-full-prior1	rw_positive_bias	full	1.0	none	False	sub-121	similar	gamma	acceptance_bias	-0.5996226966719596
fit-rw_positive_bias-full-prior1	rw_positive_bias	full	1.0	none	False	sub-121	similar	f0	epsilon	0.19300007261587557
fit-rw_positive_bias-full-prior1	rw_positive_bias	full	1.0	none	False	sub-121	similar	f0	acceptance_bias	0.4993147721119287
fit-rw_positive_bias-full-prior1	rw_positive_bias	full	1.0	none	False	sub-121	similar	epsilon	acceptance_bias	-0.05507554369318624
fit-rw_positive_bias-full-prior1	rw_positive_bias	full	1.0	none	False	sub-121	dissimilar	alpha	gamma	-0.5093571351000594
fit-rw_positive_bias-full-prior1	rw_positive_bias	full	1.0	none	False	sub-121	dissimilar	alpha	f0	-0.34319611166628966
fit-rw_positive_bias-full-prior1	rw_positive_bias	full	1.0	none	False	sub-121	dissimilar	alpha	epsilon	-0.044668693644632405
fit-rw_positive_bias-full-prior1	rw_positive_bias	full	1.0	none	False	sub-121	dissimilar	alpha	acceptance_bias	0.31449680842023825
fit-rw_positive_bias-full-prior1	rw_positive_bias	full	1.0	none	False	sub-121	dissimilar	gamma	f0	0.013183343522934206
fit-rw_positive_bias-full-prior1	rw_positive_bias	full	1.0	none	False	sub-121	dissimilar	gamma	epsilon	-0.06511379199604433
fit-rw_positive_bias-full-prior1	rw_positive_bias	full	1.0	none	False	sub-121	dissimilar	gamma	acceptance_bias	-0.5489385098355118
fit-rw_positive_bias-full-prior1	rw_positive_bias	full	1.0	none	False	sub-121	dissimilar	f0	epsilon	0.1420770383878444
fit-rw_positive_bias-full-prior1	rw_positive_bias	full	1.0	none	False	sub-121	dissimilar	f0	acceptance_bias	0.4952756670767286
fit-rw_positive_bias-full-prior1	rw_positive_bias	full	1.0	none	False	sub-121	dissimilar	epsilon	acceptance_bias	-0.07490961988900839
fit-rw_positive_bias-full-prior1	rw_positive_bias	full	1.0	none	False	sub-122	computer	alpha	gamma	-0.33408394507309724
fit-rw_positive_bias-full-prior1	rw_positive_bias	full	1.0	none	False	sub-122	computer	alpha	f0	-0.1893763443895398
fit-rw_positive_bias-full-prior1	rw_positive_bias	full	1.0	none	False	sub-122	computer	alpha	epsilon	-0.02411000208196603
fit-rw_positive_bias-full-prior1	rw_positive_bias	full	1.0	none	False	sub-122	computer	alpha	acceptance_bias	0.2815703998355796
fit-rw_positive_bias-full-prior1	rw_positive_bias	full	1.0	none	False	sub-122	computer	gamma	f0	-0.22872483110482048
fit-rw_positive_bias-full-prior1	rw_positive_bias	full	1.0	none	False	sub-122	computer	gamma	epsilon	0.10175455824933545
fit-rw_positive_bias-full-prior1	rw_positive_bias	full	1.0	none	False	sub-122	computer	gamma	acceptance_bias	-0.607099641380201
fit-rw_positive_bias-full-prior1	rw_positive_bias	full	1.0	none	False	sub-122	computer	f0	epsilon	0.13375625113767578
fit-rw_positive_bias-full-prior1	rw_positive_bias	full	1.0	none	False	sub-122	computer	f0	acceptance_bias	0.506613788172535
fit-rw_positive_bias-full-prior1	rw_positive_bias	full	1.0	none	False	sub-122	computer	epsilon	acceptance_bias	-0.18714264610280487
fit-rw_positive_bias-full-prior1	rw_positive_bias	full	1.0	none	False	sub-122	similar	alpha	gamma	-0.23552642753704592
fit-rw_positive_bias-full-prior1	rw_positive_bias	full	1.0	none	False	sub-122	similar	alpha	f0	-0.18404659197692
fit-rw_positive_bias-full-prior1	rw_positive_bias	full	1.0	none	False	sub-122	similar	alpha	epsilon	-0.023365483678363913
fit-rw_positive_bias-full-prior1	rw_positive_bias	full	1.0	none	False	sub-122	similar	alpha	acceptance_bias	0.26627128292363583
fit-rw_positive_bias-full-prior1	rw_positive_bias	full	1.0	none	False	sub-122	similar	gamma	f0	-0.360102340643079
fit-rw_positive_bias-full-prior1	rw_positive_bias	full	1.0	none	False	sub-122	similar	gamma	epsilon	0.06415539901454195
fit-rw_positive_bias-full-prior1	rw_positive_bias	full	1.0	none	False	sub-122	similar	gamma	acceptance_bias	-0.6448929081155019
fit-rw_positive_bias-full-prior1	rw_positive_bias	full	1.0	none	False	sub-122	similar	f0	epsilon	0.14411767321189659
fit-rw_positive_bias-full-prior1	rw_positive_bias	full	1.0	none	False	sub-122	similar	f0	acceptance_bias	0.5143359724997331
fit-rw_positive_bias-full-prior1	rw_positive_bias	full	1.0	none	False	sub-122	similar	epsilon	acceptance_bias	-0.1876187617989514
fit-rw_positive_bias-full-prior1	rw_positive_bias	full	1.0	none	False	sub-122	dissimilar	alpha	gamma	-0.3369702721167341
fit-rw_positive_bias-full-prior1	rw_positive_bias	full	1.0	none	False	sub-122	dissimilar	alpha	f0	-0.17614718403083662
fit-rw_positive_bias-full-prior1	rw_positive_bias	full	1.0	none	False	sub-122	dissimilar	alpha	epsilon	-0.019496864637922266
fit-rw_positive_bias-full-prior1	rw_positive_bias	full	1.0	none	False	sub-122	dissimilar	alpha	acceptance_bias	0.28251596042294924
fit-rw_positive_bias-full-prior1	rw_positive_bias	full	1.0	none	False	sub-122	dissimilar	gamma	f0	0.04877701202914083
fit-rw_positive_bias-full-prior1	rw_positive_bias	full	1.0	none	False	sub-122	dissimilar	gamma	epsilon	0.08373009319807244
fit-rw_positive_bias-full-prior1	rw_positive_bias	full	1.0	none	False	sub-122	dissimilar	gamma	acceptance_bias	-0.2987910921526393
fit-rw_positive_bias-full-prior1	rw_positive_bias	full	1.0	none	False	sub-122	dissimilar	f0	epsilon	0.12383051616372323
fit-rw_positive_bias-full-prior1	rw_positive_bias	full	1.0	none	False	sub-122	dissimilar	f0	acceptance_bias	0.5218251251631056
fit-rw_positive_bias-full-prior1	rw_positive_bias	full	1.0	none	False	sub-122	dissimilar	epsilon	acceptance_bias	-0.1888373660775397
fit-rw_positive_bias-full-prior1	rw_positive_bias	full	1.0	none	False	sub-124	computer	alpha	gamma	-0.11555998783627251
fit-rw_positive_bias-full-prior1	rw_positive_bias	full	1.0	none	False	sub-124	computer	alpha	f0	-0.14646646145819894
fit-rw_positive_bias-full-prior1	rw_positive_bias	full	1.0	none	False	sub-124	computer	alpha	epsilon	-0.11480298529572068
fit-rw_positive_bias-full-prior1	rw_positive_bias	full	1.0	none	False	sub-124	computer	alpha	acceptance_bias	0.06101928164384846
fit-rw_positive_bias-full-prior1	rw_positive_bias	full	1.0	none	False	sub-124	computer	gamma	f0	0.07697521748789558
fit-rw_positive_bias-full-prior1	rw_positive_bias	full	1.0	none	False	sub-124	computer	gamma	epsilon	0.2182492694907109
fit-rw_positive_bias-full-prior1	rw_positive_bias	full	1.0	none	False	sub-124	computer	gamma	acceptance_bias	-0.1827660109424087
fit-rw_positive_bias-full-prior1	rw_positive_bias	full	1.0	none	False	sub-124	computer	f0	epsilon	0.306042959467991
fit-rw_positive_bias-full-prior1	rw_positive_bias	full	1.0	none	False	sub-124	computer	f0	acceptance_bias	0.2923693863394743
fit-rw_positive_bias-full-prior1	rw_positive_bias	full	1.0	none	False	sub-124	computer	epsilon	acceptance_bias	-0.03795378100662682
fit-rw_positive_bias-full-prior1	rw_positive_bias	full	1.0	none	False	sub-124	similar	alpha	gamma	-0.10531505973561034
fit-rw_positive_bias-full-prior1	rw_positive_bias	full	1.0	none	False	sub-124	similar	alpha	f0	-0.14902692582899515
fit-rw_positive_bias-full-prior1	rw_positive_bias	full	1.0	none	False	sub-124	similar	alpha	epsilon	-0.11654882767122142
fit-rw_positive_bias-full-prior1	rw_positive_bias	full	1.0	none	False	sub-124	similar	alpha	acceptance_bias	0.05855391272094944
fit-rw_positive_bias-full-prior1	rw_positive_bias	full	1.0	none	False	sub-124	similar	gamma	f0	0.0671651922620596
fit-rw_positive_bias-full-prior1	rw_positive_bias	full	1.0	none	False	sub-124	similar	gamma	epsilon	0.19304508645227728
fit-rw_positive_bias-full-prior1	rw_positive_bias	full	1.0	none	False	sub-124	similar	gamma	acceptance_bias	-0.10615271346735403
fit-rw_positive_bias-full-prior1	rw_positive_bias	full	1.0	none	False	sub-124	similar	f0	epsilon	0.24407879046122033
fit-rw_positive_bias-full-prior1	rw_positive_bias	full	1.0	none	False	sub-124	similar	f0	acceptance_bias	0.3055251206916099
fit-rw_positive_bias-full-prior1	rw_positive_bias	full	1.0	none	False	sub-124	similar	epsilon	acceptance_bias	-0.06427315322460514
fit-rw_positive_bias-full-prior1	rw_positive_bias	full	1.0	none	False	sub-124	dissimilar	alpha	gamma	-0.09868463386563193
fit-rw_positive_bias-full-prior1	rw_positive_bias	full	1.0	none	False	sub-124	dissimilar	alpha	f0	-0.14674227117751243
fit-rw_positive_bias-full-prior1	rw_positive_bias	full	1.0	none	False	sub-124	dissimilar	alpha	epsilon	-0.11349969117356828
fit-rw_positive_bias-full-prior1	rw_positive_bias	full	1.0	none	False	sub-124	dissimilar	alpha	acceptance_bias	0.05706794098039568
fit-rw_positive_bias-full-prior1	rw_positive_bias	full	1.0	none	False	sub-124	dissimilar	gamma	f0	0.02941229079158286
fit-rw_positive_bias-full-prior1	rw_positive_bias	full	1.0	none	False	sub-124	dissimilar	gamma	epsilon	0.2129615607551995
fit-rw_positive_bias-full-prior1	rw_positive_bias	full	1.0	none	False	sub-124	dissimilar	gamma	acceptance_bias	-0.2240973829944627
fit-rw_positive_bias-full-prior1	rw_positive_bias	full	1.0	none	False	sub-124	dissimilar	f0	epsilon	0.297484427039738
fit-rw_positive_bias-full-prior1	rw_positive_bias	full	1.0	none	False	sub-124	dissimilar	f0	acceptance_bias	0.31283324338500496
fit-rw_positive_bias-full-prior1	rw_positive_bias	full	1.0	none	False	sub-124	dissimilar	epsilon	acceptance_bias	-0.04509391539765966
fit-rw_positive_bias-full-prior1	rw_positive_bias	full	1.0	none	False	sub-125	computer	alpha	gamma	-0.6047098676723213
fit-rw_positive_bias-full-prior1	rw_positive_bias	full	1.0	none	False	sub-125	computer	alpha	f0	-0.33971716009563
fit-rw_positive_bias-full-prior1	rw_positive_bias	full	1.0	none	False	sub-125	computer	alpha	epsilon	-0.040806690416943535
fit-rw_positive_bias-full-prior1	rw_positive_bias	full	1.0	none	False	sub-125	computer	alpha	acceptance_bias	0.37948266257098484
fit-rw_positive_bias-full-prior1	rw_positive_bias	full	1.0	none	False	sub-125	computer	gamma	f0	0.07407336763916712
fit-rw_positive_bias-full-prior1	rw_positive_bias	full	1.0	none	False	sub-125	computer	gamma	epsilon	0.29587782111366007
fit-rw_positive_bias-full-prior1	rw_positive_bias	full	1.0	none	False	sub-125	computer	gamma	acceptance_bias	-0.7205733395171325
fit-rw_positive_bias-full-prior1	rw_positive_bias	full	1.0	none	False	sub-125	computer	f0	epsilon	0.044641898243346294
fit-rw_positive_bias-full-prior1	rw_positive_bias	full	1.0	none	False	sub-125	computer	f0	acceptance_bias	0.34356398160689244
fit-rw_positive_bias-full-prior1	rw_positive_bias	full	1.0	none	False	sub-125	computer	epsilon	acceptance_bias	-0.4191933572815188
fit-rw_positive_bias-full-prior1	rw_positive_bias	full	1.0	none	False	sub-125	similar	alpha	gamma	-0.5553069922699128
fit-rw_positive_bias-full-prior1	rw_positive_bias	full	1.0	none	False	sub-125	similar	alpha	f0	-0.33061523437251217
fit-rw_positive_bias-full-prior1	rw_positive_bias	full	1.0	none	False	sub-125	similar	alpha	epsilon	0.0035257945890453156
fit-rw_positive_bias-full-prior1	rw_positive_bias	full	1.0	none	False	sub-125	similar	alpha	acceptance_bias	0.3523030105671784
fit-rw_positive_bias-full-prior1	rw_positive_bias	full	1.0	none	False	sub-125	similar	gamma	f0	0.07663403911070936
fit-rw_positive_bias-full-prior1	rw_positive_bias	full	1.0	none	False	sub-125	similar	gamma	epsilon	0.2985412977703761
fit-rw_positive_bias-full-prior1	rw_positive_bias	full	1.0	none	False	sub-125	similar	gamma	acceptance_bias	-0.6683400886353352
fit-rw_positive_bias-full-prior1	rw_positive_bias	full	1.0	none	False	sub-125	similar	f0	epsilon	0.0327735109511225
fit-rw_positive_bias-full-prior1	rw_positive_bias	full	1.0	none	False	sub-125	similar	f0	acceptance_bias	0.35697251445319317
fit-rw_positive_bias-full-prior1	rw_positive_bias	full	1.0	none	False	sub-125	similar	epsilon	acceptance_bias	-0.42492718780329847
fit-rw_positive_bias-full-prior1	rw_positive_bias	full	1.0	none	False	sub-125	dissimilar	alpha	gamma	-0.5846016688664217
fit-rw_positive_bias-full-prior1	rw_positive_bias	full	1.0	none	False	sub-125	dissimilar	alpha	f0	-0.32867182169571507
fit-rw_positive_bias-full-prior1	rw_positive_bias	full	1.0	none	False	sub-125	dissimilar	alpha	epsilon	0.012933849040423401
fit-rw_positive_bias-full-prior1	rw_positive_bias	full	1.0	none	False	sub-125	dissimilar	alpha	acceptance_bias	0.3527858780212802
fit-rw_positive_bias-full-prior1	rw_positive_bias	full	1.0	none	False	sub-125	dissimilar	gamma	f0	0.1480955385545876
fit-rw_positive_bias-full-prior1	rw_positive_bias	full	1.0	none	False	sub-125	dissimilar	gamma	epsilon	0.2814464832278623
fit-rw_positive_bias-full-prior1	rw_positive_bias	full	1.0	none	False	sub-125	dissimilar	gamma	acceptance_bias	-0.6472814734741571
fit-rw_positive_bias-full-prior1	rw_positive_bias	full	1.0	none	False	sub-125	dissimilar	f0	epsilon	0.02340668423306716
fit-rw_positive_bias-full-prior1	rw_positive_bias	full	1.0	none	False	sub-125	dissimilar	f0	acceptance_bias	0.3621152449323418
fit-rw_positive_bias-full-prior1	rw_positive_bias	full	1.0	none	False	sub-125	dissimilar	epsilon	acceptance_bias	-0.41659489099970515
fit-rw_positive_bias-full-prior1	rw_positive_bias	full	1.0	none	False	sub-126	computer	alpha	gamma	-0.11280712486627646
fit-rw_positive_bias-full-prior1	rw_positive_bias	full	1.0	none	False	sub-126	computer	alpha	f0	-0.22357408737363565
fit-rw_positive_bias-full-prior1	rw_positive_bias	full	1.0	none	False	sub-126	computer	alpha	epsilon	0.00441917414703463
fit-rw_positive_bias-full-prior1	rw_positive_bias	full	1.0	none	False	sub-126	computer	alpha	acceptance_bias	0.1361686945794027
fit-rw_positive_bias-full-prior1	rw_positive_bias	full	1.0	none	False	sub-126	computer	gamma	f0	-0.12722596246079562
fit-rw_positive_bias-full-prior1	rw_positive_bias	full	1.0	none	False	sub-126	computer	gamma	epsilon	0.02459259144141252
fit-rw_positive_bias-full-prior1	rw_positive_bias	full	1.0	none	False	sub-126	computer	gamma	acceptance_bias	-0.3495729698400034
fit-rw_positive_bias-full-prior1	rw_positive_bias	full	1.0	none	False	sub-126	computer	f0	epsilon	0.3202425094904953
fit-rw_positive_bias-full-prior1	rw_positive_bias	full	1.0	none	False	sub-126	computer	f0	acceptance_bias	0.23413798207218772
fit-rw_positive_bias-full-prior1	rw_positive_bias	full	1.0	none	False	sub-126	computer	epsilon	acceptance_bias	-0.028149525379826738
fit-rw_positive_bias-full-prior1	rw_positive_bias	full	1.0	none	False	sub-126	similar	alpha	gamma	-0.10119806017498932
fit-rw_positive_bias-full-prior1	rw_positive_bias	full	1.0	none	False	sub-126	similar	alpha	f0	-0.2169811973504963
fit-rw_positive_bias-full-prior1	rw_positive_bias	full	1.0	none	False	sub-126	similar	alpha	epsilon	0.005983662705469319
fit-rw_positive_bias-full-prior1	rw_positive_bias	full	1.0	none	False	sub-126	similar	alpha	acceptance_bias	0.1217381714897897
fit-rw_positive_bias-full-prior1	rw_positive_bias	full	1.0	none	False	sub-126	similar	gamma	f0	-0.12636566952369305
fit-rw_positive_bias-full-prior1	rw_positive_bias	full	1.0	none	False	sub-126	similar	gamma	epsilon	0.01833421024729447
fit-rw_positive_bias-full-prior1	rw_positive_bias	full	1.0	none	False	sub-126	similar	gamma	acceptance_bias	-0.3317821112250748
fit-rw_positive_bias-full-prior1	rw_positive_bias	full	1.0	none	False	sub-126	similar	f0	epsilon	0.3258773276681052
fit-rw_positive_bias-full-prior1	rw_positive_bias	full	1.0	none	False	sub-126	similar	f0	acceptance_bias	0.24193684978198948
fit-rw_positive_bias-full-prior1	rw_positive_bias	full	1.0	none	False	sub-126	similar	epsilon	acceptance_bias	-0.026397309773615946
fit-rw_positive_bias-full-prior1	rw_positive_bias	full	1.0	none	False	sub-126	dissimilar	alpha	gamma	-0.09111680693250543
fit-rw_positive_bias-full-prior1	rw_positive_bias	full	1.0	none	False	sub-126	dissimilar	alpha	f0	-0.21771414285377805
fit-rw_positive_bias-full-prior1	rw_positive_bias	full	1.0	none	False	sub-126	dissimilar	alpha	epsilon	0.0016350886607582394
fit-rw_positive_bias-full-prior1	rw_positive_bias	full	1.0	none	False	sub-126	dissimilar	alpha	acceptance_bias	0.12544887820652603
fit-rw_positive_bias-full-prior1	rw_positive_bias	full	1.0	none	False	sub-126	dissimilar	gamma	f0	-0.13102878816468488
fit-rw_positive_bias-full-prior1	rw_positive_bias	full	1.0	none	False	sub-126	dissimilar	gamma	epsilon	0.022281464608833297
fit-rw_positive_bias-full-prior1	rw_positive_bias	full	1.0	none	False	sub-126	dissimilar	gamma	acceptance_bias	-0.3281059684282405
fit-rw_positive_bias-full-prior1	rw_positive_bias	full	1.0	none	False	sub-126	dissimilar	f0	epsilon	0.3267871849447806
fit-rw_positive_bias-full-prior1	rw_positive_bias	full	1.0	none	False	sub-126	dissimilar	f0	acceptance_bias	0.242188921955677
fit-rw_positive_bias-full-prior1	rw_positive_bias	full	1.0	none	False	sub-126	dissimilar	epsilon	acceptance_bias	-0.024993434650743645
fit-rw_positive_bias-full-prior1	rw_positive_bias	full	1.0	none	False	sub-127	computer	alpha	gamma	-0.5348357965842764
fit-rw_positive_bias-full-prior1	rw_positive_bias	full	1.0	none	False	sub-127	computer	alpha	f0	-0.6448605826237418
fit-rw_positive_bias-full-prior1	rw_positive_bias	full	1.0	none	False	sub-127	computer	alpha	epsilon	0.10977874174961846
fit-rw_positive_bias-full-prior1	rw_positive_bias	full	1.0	none	False	sub-127	computer	alpha	acceptance_bias	0.14256144791966494
fit-rw_positive_bias-full-prior1	rw_positive_bias	full	1.0	none	False	sub-127	computer	gamma	f0	0.5865876464159334
fit-rw_positive_bias-full-prior1	rw_positive_bias	full	1.0	none	False	sub-127	computer	gamma	epsilon	-0.10225133147707427
fit-rw_positive_bias-full-prior1	rw_positive_bias	full	1.0	none	False	sub-127	computer	gamma	acceptance_bias	-0.0634273324473153
fit-rw_positive_bias-full-prior1	rw_positive_bias	full	1.0	none	False	sub-127	computer	f0	epsilon	-0.06233906088870107
fit-rw_positive_bias-full-prior1	rw_positive_bias	full	1.0	none	False	sub-127	computer	f0	acceptance_bias	0.12300471882100542
fit-rw_positive_bias-full-prior1	rw_positive_bias	full	1.0	none	False	sub-127	computer	epsilon	acceptance_bias	-0.02296181904170769
fit-rw_positive_bias-full-prior1	rw_positive_bias	full	1.0	none	False	sub-127	similar	alpha	gamma	-0.38387334454082034
fit-rw_positive_bias-full-prior1	rw_positive_bias	full	1.0	none	False	sub-127	similar	alpha	f0	-0.6533948834166455
fit-rw_positive_bias-full-prior1	rw_positive_bias	full	1.0	none	False	sub-127	similar	alpha	epsilon	0.11933533824276757
fit-rw_positive_bias-full-prior1	rw_positive_bias	full	1.0	none	False	sub-127	similar	alpha	acceptance_bias	0.11615659308290473
fit-rw_positive_bias-full-prior1	rw_positive_bias	full	1.0	none	False	sub-127	similar	gamma	f0	0.40875524379921924
fit-rw_positive_bias-full-prior1	rw_positive_bias	full	1.0	none	False	sub-127	similar	gamma	epsilon	-0.06787588695634889
fit-rw_positive_bias-full-prior1	rw_positive_bias	full	1.0	none	False	sub-127	similar	gamma	acceptance_bias	-0.023127170487386856
fit-rw_positive_bias-full-prior1	rw_positive_bias	full	1.0	none	False	sub-127	similar	f0	epsilon	-0.058717299932970805
fit-rw_positive_bias-full-prior1	rw_positive_bias	full	1.0	none	False	sub-127	similar	f0	acceptance_bias	0.10465226110785894
fit-rw_positive_bias-full-prior1	rw_positive_bias	full	1.0	none	False	sub-127	similar	epsilon	acceptance_bias	-0.014746189241837716
fit-rw_positive_bias-full-prior1	rw_positive_bias	full	1.0	none	False	sub-127	dissimilar	alpha	gamma	-0.5874662163418938
fit-rw_positive_bias-full-prior1	rw_positive_bias	full	1.0	none	False	sub-127	dissimilar	alpha	f0	-0.6341383159828036
fit-rw_positive_bias-full-prior1	rw_positive_bias	full	1.0	none	False	sub-127	dissimilar	alpha	epsilon	0.10956680128991583
fit-rw_positive_bias-full-prior1	rw_positive_bias	full	1.0	none	False	sub-127	dissimilar	alpha	acceptance_bias	0.14178424362867545
fit-rw_positive_bias-full-prior1	rw_positive_bias	full	1.0	none	False	sub-127	dissimilar	gamma	f0	0.6055022549111739
fit-rw_positive_bias-full-prior1	rw_positive_bias	full	1.0	none	False	sub-127	dissimilar	gamma	epsilon	-0.1521580877824181
fit-rw_positive_bias-full-prior1	rw_positive_bias	full	1.0	none	False	sub-127	dissimilar	gamma	acceptance_bias	-0.13397095808432602
fit-rw_positive_bias-full-prior1	rw_positive_bias	full	1.0	none	False	sub-127	dissimilar	f0	epsilon	-0.07693510229727875
fit-rw_positive_bias-full-prior1	rw_positive_bias	full	1.0	none	False	sub-127	dissimilar	f0	acceptance_bias	0.16346262001551207
fit-rw_positive_bias-full-prior1	rw_positive_bias	full	1.0	none	False	sub-127	dissimilar	epsilon	acceptance_bias	-0.026783701612770123
fit-rw_positive_bias-full-prior1	rw_positive_bias	full	1.0	none	False	sub-128	computer	alpha	gamma	-0.2057605731694361
fit-rw_positive_bias-full-prior1	rw_positive_bias	full	1.0	none	False	sub-128	computer	alpha	f0	-0.47644208603823257
fit-rw_positive_bias-full-prior1	rw_positive_bias	full	1.0	none	False	sub-128	computer	alpha	epsilon	0.10693998477948066
fit-rw_positive_bias-full-prior1	rw_positive_bias	full	1.0	none	False	sub-128	computer	alpha	acceptance_bias	0.055148812293358385
fit-rw_positive_bias-full-prior1	rw_positive_bias	full	1.0	none	False	sub-128	computer	gamma	f0	0.3524164070440668
fit-rw_positive_bias-full-prior1	rw_positive_bias	full	1.0	none	False	sub-128	computer	gamma	epsilon	-0.04993135650867635
fit-rw_positive_bias-full-prior1	rw_positive_bias	full	1.0	none	False	sub-128	computer	gamma	acceptance_bias	-0.009659536026335448
fit-rw_positive_bias-full-prior1	rw_positive_bias	full	1.0	none	False	sub-128	computer	f0	epsilon	-0.08741470870984594
fit-rw_positive_bias-full-prior1	rw_positive_bias	full	1.0	none	False	sub-128	computer	f0	acceptance_bias	0.026098665759824096
fit-rw_positive_bias-full-prior1	rw_positive_bias	full	1.0	none	False	sub-128	computer	epsilon	acceptance_bias	-0.02723662922771291
fit-rw_positive_bias-full-prior1	rw_positive_bias	full	1.0	none	False	sub-128	similar	alpha	gamma	-0.19127359810311842
fit-rw_positive_bias-full-prior1	rw_positive_bias	full	1.0	none	False	sub-128	similar	alpha	f0	-0.48899340773019767
fit-rw_positive_bias-full-prior1	rw_positive_bias	full	1.0	none	False	sub-128	similar	alpha	epsilon	0.1386258637013204
fit-rw_positive_bias-full-prior1	rw_positive_bias	full	1.0	none	False	sub-128	similar	alpha	acceptance_bias	0.05033283017132208
fit-rw_positive_bias-full-prior1	rw_positive_bias	full	1.0	none	False	sub-128	similar	gamma	f0	0.326612272934102
fit-rw_positive_bias-full-prior1	rw_positive_bias	full	1.0	none	False	sub-128	similar	gamma	epsilon	-0.04785390632533302
fit-rw_positive_bias-full-prior1	rw_positive_bias	full	1.0	none	False	sub-128	similar	gamma	acceptance_bias	-0.04632783331356268
fit-rw_positive_bias-full-prior1	rw_positive_bias	full	1.0	none	False	sub-128	similar	f0	epsilon	-0.16061975467693804
fit-rw_positive_bias-full-prior1	rw_positive_bias	full	1.0	none	False	sub-128	similar	f0	acceptance_bias	0.020185524461117252
fit-rw_positive_bias-full-prior1	rw_positive_bias	full	1.0	none	False	sub-128	similar	epsilon	acceptance_bias	-0.023934147923454538
fit-rw_positive_bias-full-prior1	rw_positive_bias	full	1.0	none	False	sub-128	dissimilar	alpha	gamma	-0.17871951168825798
fit-rw_positive_bias-full-prior1	rw_positive_bias	full	1.0	none	False	sub-128	dissimilar	alpha	f0	-0.49286503221703354
fit-rw_positive_bias-full-prior1	rw_positive_bias	full	1.0	none	False	sub-128	dissimilar	alpha	epsilon	0.10315299193904849
fit-rw_positive_bias-full-prior1	rw_positive_bias	full	1.0	none	False	sub-128	dissimilar	alpha	acceptance_bias	0.0546630522963261
fit-rw_positive_bias-full-prior1	rw_positive_bias	full	1.0	none	False	sub-128	dissimilar	gamma	f0	0.30574204016199885
fit-rw_positive_bias-full-prior1	rw_positive_bias	full	1.0	none	False	sub-128	dissimilar	gamma	epsilon	-0.04377932297209591
fit-rw_positive_bias-full-prior1	rw_positive_bias	full	1.0	none	False	sub-128	dissimilar	gamma	acceptance_bias	0.03369557984548958
fit-rw_positive_bias-full-prior1	rw_positive_bias	full	1.0	none	False	sub-128	dissimilar	f0	epsilon	-0.08629977212179905
fit-rw_positive_bias-full-prior1	rw_positive_bias	full	1.0	none	False	sub-128	dissimilar	f0	acceptance_bias	0.023437596565959902
fit-rw_positive_bias-full-prior1	rw_positive_bias	full	1.0	none	False	sub-128	dissimilar	epsilon	acceptance_bias	-0.0049630933497765255
fit-rw_positive_bias-full-prior1	rw_positive_bias	full	1.0	none	False	sub-129	computer	alpha	gamma	-0.5066856299579664
fit-rw_positive_bias-full-prior1	rw_positive_bias	full	1.0	none	False	sub-129	computer	alpha	f0	-0.44848043634910983
fit-rw_positive_bias-full-prior1	rw_positive_bias	full	1.0	none	False	sub-129	computer	alpha	epsilon	0.08806788561663118
fit-rw_positive_bias-full-prior1	rw_positive_bias	full	1.0	none	False	sub-129	computer	alpha	acceptance_bias	0.1845603281373017
fit-rw_positive_bias-full-prior1	rw_positive_bias	full	1.0	none	False	sub-129	computer	gamma	f0	0.37960932518797014
fit-rw_positive_bias-full-prior1	rw_positive_bias	full	1.0	none	False	sub-129	computer	gamma	epsilon	0.017212041533639862
fit-rw_positive_bias-full-prior1	rw_positive_bias	full	1.0	none	False	sub-129	computer	gamma	acceptance_bias	-0.41881976315651703
fit-rw_positive_bias-full-prior1	rw_positive_bias	full	1.0	none	False	sub-129	computer	f0	epsilon	-0.27089592909736954
fit-rw_positive_bias-full-prior1	rw_positive_bias	full	1.0	none	False	sub-129	computer	f0	acceptance_bias	0.4526009402081317
fit-rw_positive_bias-full-prior1	rw_positive_bias	full	1.0	none	False	sub-129	computer	epsilon	acceptance_bias	-0.24944484011287155
fit-rw_positive_bias-full-prior1	rw_positive_bias	full	1.0	none	False	sub-129	similar	alpha	gamma	-0.4121443576465064
fit-rw_positive_bias-full-prior1	rw_positive_bias	full	1.0	none	False	sub-129	similar	alpha	f0	-0.44605961946109984
fit-rw_positive_bias-full-prior1	rw_positive_bias	full	1.0	none	False	sub-129	similar	alpha	epsilon	0.07465870299857359
fit-rw_positive_bias-full-prior1	rw_positive_bias	full	1.0	none	False	sub-129	similar	alpha	acceptance_bias	0.17863973453840606
fit-rw_positive_bias-full-prior1	rw_positive_bias	full	1.0	none	False	sub-129	similar	gamma	f0	0.28414542041046004
fit-rw_positive_bias-full-prior1	rw_positive_bias	full	1.0	none	False	sub-129	similar	gamma	epsilon	-0.01045728055078776
fit-rw_positive_bias-full-prior1	rw_positive_bias	full	1.0	none	False	sub-129	similar	gamma	acceptance_bias	-0.39609496020062807
fit-rw_positive_bias-full-prior1	rw_positive_bias	full	1.0	none	False	sub-129	similar	f0	epsilon	-0.2824103007929929
fit-rw_positive_bias-full-prior1	rw_positive_bias	full	1.0	none	False	sub-129	similar	f0	acceptance_bias	0.43999564476262537
fit-rw_positive_bias-full-prior1	rw_positive_bias	full	1.0	none	False	sub-129	similar	epsilon	acceptance_bias	-0.2588676079088942
fit-rw_positive_bias-full-prior1	rw_positive_bias	full	1.0	none	False	sub-129	dissimilar	alpha	gamma	-0.4641255825989145
fit-rw_positive_bias-full-prior1	rw_positive_bias	full	1.0	none	False	sub-129	dissimilar	alpha	f0	-0.44201378343751635
fit-rw_positive_bias-full-prior1	rw_positive_bias	full	1.0	none	False	sub-129	dissimilar	alpha	epsilon	0.0929298122959369
fit-rw_positive_bias-full-prior1	rw_positive_bias	full	1.0	none	False	sub-129	dissimilar	alpha	acceptance_bias	0.18229147130179912
fit-rw_positive_bias-full-prior1	rw_positive_bias	full	1.0	none	False	sub-129	dissimilar	gamma	f0	0.3732580360240634
fit-rw_positive_bias-full-prior1	rw_positive_bias	full	1.0	none	False	sub-129	dissimilar	gamma	epsilon	0.005266902313332431
fit-rw_positive_bias-full-prior1	rw_positive_bias	full	1.0	none	False	sub-129	dissimilar	gamma	acceptance_bias	-0.3458917059042831
fit-rw_positive_bias-full-prior1	rw_positive_bias	full	1.0	none	False	sub-129	dissimilar	f0	epsilon	-0.29234395400296137
fit-rw_positive_bias-full-prior1	rw_positive_bias	full	1.0	none	False	sub-129	dissimilar	f0	acceptance_bias	0.4621887833747101
fit-rw_positive_bias-full-prior1	rw_positive_bias	full	1.0	none	False	sub-129	dissimilar	epsilon	acceptance_bias	-0.2603776716984009
fit-rw_positive_bias-full-prior1	rw_positive_bias	full	1.0	none	False	sub-130	computer	alpha	gamma	-0.1384202636724285
fit-rw_positive_bias-full-prior1	rw_positive_bias	full	1.0	none	False	sub-130	computer	alpha	f0	-0.19147323670454106
fit-rw_positive_bias-full-prior1	rw_positive_bias	full	1.0	none	False	sub-130	computer	alpha	epsilon	0.038110529852491914
fit-rw_positive_bias-full-prior1	rw_positive_bias	full	1.0	none	False	sub-130	computer	alpha	acceptance_bias	0.09917256288912146
fit-rw_positive_bias-full-prior1	rw_positive_bias	full	1.0	none	False	sub-130	computer	gamma	f0	-0.13292775774955207
fit-rw_positive_bias-full-prior1	rw_positive_bias	full	1.0	none	False	sub-130	computer	gamma	epsilon	0.05677717611501474
fit-rw_positive_bias-full-prior1	rw_positive_bias	full	1.0	none	False	sub-130	computer	gamma	acceptance_bias	-0.3465049960783224
fit-rw_positive_bias-full-prior1	rw_positive_bias	full	1.0	none	False	sub-130	computer	f0	epsilon	0.2953124017445245
fit-rw_positive_bias-full-prior1	rw_positive_bias	full	1.0	none	False	sub-130	computer	f0	acceptance_bias	0.2989022305095754
fit-rw_positive_bias-full-prior1	rw_positive_bias	full	1.0	none	False	sub-130	computer	epsilon	acceptance_bias	-0.03022035193742395
fit-rw_positive_bias-full-prior1	rw_positive_bias	full	1.0	none	False	sub-130	similar	alpha	gamma	-0.11739576717174736
fit-rw_positive_bias-full-prior1	rw_positive_bias	full	1.0	none	False	sub-130	similar	alpha	f0	-0.18446874344130182
fit-rw_positive_bias-full-prior1	rw_positive_bias	full	1.0	none	False	sub-130	similar	alpha	epsilon	0.033742109029359264
fit-rw_positive_bias-full-prior1	rw_positive_bias	full	1.0	none	False	sub-130	similar	alpha	acceptance_bias	0.09321446976044016
fit-rw_positive_bias-full-prior1	rw_positive_bias	full	1.0	none	False	sub-130	similar	gamma	f0	-0.12845134523880494
fit-rw_positive_bias-full-prior1	rw_positive_bias	full	1.0	none	False	sub-130	similar	gamma	epsilon	0.044916322149431157
fit-rw_positive_bias-full-prior1	rw_positive_bias	full	1.0	none	False	sub-130	similar	gamma	acceptance_bias	-0.31000152448983054
fit-rw_positive_bias-full-prior1	rw_positive_bias	full	1.0	none	False	sub-130	similar	f0	epsilon	0.31488910947241594
fit-rw_positive_bias-full-prior1	rw_positive_bias	full	1.0	none	False	sub-130	similar	f0	acceptance_bias	0.30142219764130357
fit-rw_positive_bias-full-prior1	rw_positive_bias	full	1.0	none	False	sub-130	similar	epsilon	acceptance_bias	-0.02450952016589287
fit-rw_positive_bias-full-prior1	rw_positive_bias	full	1.0	none	False	sub-130	dissimilar	alpha	gamma	-0.10627044106351473
fit-rw_positive_bias-full-prior1	rw_positive_bias	full	1.0	none	False	sub-130	dissimilar	alpha	f0	-0.1749642530048122
fit-rw_positive_bias-full-prior1	rw_positive_bias	full	1.0	none	False	sub-130	dissimilar	alpha	epsilon	0.031551271728084175
fit-rw_positive_bias-full-prior1	rw_positive_bias	full	1.0	none	False	sub-130	dissimilar	alpha	acceptance_bias	0.09113301671505131
fit-rw_positive_bias-full-prior1	rw_positive_bias	full	1.0	none	False	sub-130	dissimilar	gamma	f0	-0.14239794368064707
fit-rw_positive_bias-full-prior1	rw_positive_bias	full	1.0	none	False	sub-130	dissimilar	gamma	epsilon	0.04875340180843485
fit-rw_positive_bias-full-prior1	rw_positive_bias	full	1.0	none	False	sub-130	dissimilar	gamma	acceptance_bias	-0.30932780732530585
fit-rw_positive_bias-full-prior1	rw_positive_bias	full	1.0	none	False	sub-130	dissimilar	f0	epsilon	0.31758943116546695
fit-rw_positive_bias-full-prior1	rw_positive_bias	full	1.0	none	False	sub-130	dissimilar	f0	acceptance_bias	0.3009658614928952
fit-rw_positive_bias-full-prior1	rw_positive_bias	full	1.0	none	False	sub-130	dissimilar	epsilon	acceptance_bias	-0.023603396105604812
fit-rw_positive_bias-full-prior1	rw_positive_bias	full	1.0	none	False	sub-132	computer	alpha	gamma	-0.16812763849291168
fit-rw_positive_bias-full-prior1	rw_positive_bias	full	1.0	none	False	sub-132	computer	alpha	f0	-0.24826391718372326
fit-rw_positive_bias-full-prior1	rw_positive_bias	full	1.0	none	False	sub-132	computer	alpha	epsilon	-0.02049375386953174
fit-rw_positive_bias-full-prior1	rw_positive_bias	full	1.0	none	False	sub-132	computer	alpha	acceptance_bias	0.12888917043603515
fit-rw_positive_bias-full-prior1	rw_positive_bias	full	1.0	none	False	sub-132	computer	gamma	f0	-0.09382752933339049
fit-rw_positive_bias-full-prior1	rw_positive_bias	full	1.0	none	False	sub-132	computer	gamma	epsilon	0.00900330099773906
fit-rw_positive_bias-full-prior1	rw_positive_bias	full	1.0	none	False	sub-132	computer	gamma	acceptance_bias	-0.441897347746352
fit-rw_positive_bias-full-prior1	rw_positive_bias	full	1.0	none	False	sub-132	computer	f0	epsilon	0.316705087763696
fit-rw_positive_bias-full-prior1	rw_positive_bias	full	1.0	none	False	sub-132	computer	f0	acceptance_bias	0.35330730071155914
fit-rw_positive_bias-full-prior1	rw_positive_bias	full	1.0	none	False	sub-132	computer	epsilon	acceptance_bias	-0.051162251296670014
fit-rw_positive_bias-full-prior1	rw_positive_bias	full	1.0	none	False	sub-132	similar	alpha	gamma	-0.13925844930282053
fit-rw_positive_bias-full-prior1	rw_positive_bias	full	1.0	none	False	sub-132	similar	alpha	f0	-0.2500172887220976
fit-rw_positive_bias-full-prior1	rw_positive_bias	full	1.0	none	False	sub-132	similar	alpha	epsilon	-0.023890588475593156
fit-rw_positive_bias-full-prior1	rw_positive_bias	full	1.0	none	False	sub-132	similar	alpha	acceptance_bias	0.10770630296232707
fit-rw_positive_bias-full-prior1	rw_positive_bias	full	1.0	none	False	sub-132	similar	gamma	f0	-0.13013189672197387
fit-rw_positive_bias-full-prior1	rw_positive_bias	full	1.0	none	False	sub-132	similar	gamma	epsilon	0.010548174868218872
fit-rw_positive_bias-full-prior1	rw_positive_bias	full	1.0	none	False	sub-132	similar	gamma	acceptance_bias	-0.4330030302717984
fit-rw_positive_bias-full-prior1	rw_positive_bias	full	1.0	none	False	sub-132	similar	f0	epsilon	0.339706114743646
fit-rw_positive_bias-full-prior1	rw_positive_bias	full	1.0	none	False	sub-132	similar	f0	acceptance_bias	0.359027550728009
fit-rw_positive_bias-full-prior1	rw_positive_bias	full	1.0	none	False	sub-132	similar	epsilon	acceptance_bias	-0.042215617918346264
fit-rw_positive_bias-full-prior1	rw_positive_bias	full	1.0	none	False	sub-132	dissimilar	alpha	gamma	-0.1418157116521193
fit-rw_positive_bias-full-prior1	rw_positive_bias	full	1.0	none	False	sub-132	dissimilar	alpha	f0	-0.2503871993611417
fit-rw_positive_bias-full-prior1	rw_positive_bias	full	1.0	none	False	sub-132	dissimilar	alpha	epsilon	-0.02261581070789282
fit-rw_positive_bias-full-prior1	rw_positive_bias	full	1.0	none	False	sub-132	dissimilar	alpha	acceptance_bias	0.11376788409303258
fit-rw_positive_bias-full-prior1	rw_positive_bias	full	1.0	none	False	sub-132	dissimilar	gamma	f0	-0.09720329326182567
fit-rw_positive_bias-full-prior1	rw_positive_bias	full	1.0	none	False	sub-132	dissimilar	gamma	epsilon	0.014194681094013659
fit-rw_positive_bias-full-prior1	rw_positive_bias	full	1.0	none	False	sub-132	dissimilar	gamma	acceptance_bias	-0.4323638892394141
fit-rw_positive_bias-full-prior1	rw_positive_bias	full	1.0	none	False	sub-132	dissimilar	f0	epsilon	0.34385294915517994
fit-rw_positive_bias-full-prior1	rw_positive_bias	full	1.0	none	False	sub-132	dissimilar	f0	acceptance_bias	0.35839952031845573
fit-rw_positive_bias-full-prior1	rw_positive_bias	full	1.0	none	False	sub-132	dissimilar	epsilon	acceptance_bias	-0.038248641724318556
fit-rw_positive_bias-full-prior1	rw_positive_bias	full	1.0	none	False	sub-133	computer	alpha	gamma	-0.3231318895201193
fit-rw_positive_bias-full-prior1	rw_positive_bias	full	1.0	none	False	sub-133	computer	alpha	f0	-0.29444637374744925
fit-rw_positive_bias-full-prior1	rw_positive_bias	full	1.0	none	False	sub-133	computer	alpha	epsilon	-0.005891871083875102
fit-rw_positive_bias-full-prior1	rw_positive_bias	full	1.0	none	False	sub-133	computer	alpha	acceptance_bias	0.25911671776684575
fit-rw_positive_bias-full-prior1	rw_positive_bias	full	1.0	none	False	sub-133	computer	gamma	f0	0.04115195137251242
fit-rw_positive_bias-full-prior1	rw_positive_bias	full	1.0	none	False	sub-133	computer	gamma	epsilon	0.02245801008769303
fit-rw_positive_bias-full-prior1	rw_positive_bias	full	1.0	none	False	sub-133	computer	gamma	acceptance_bias	-0.25670622867920556
fit-rw_positive_bias-full-prior1	rw_positive_bias	full	1.0	none	False	sub-133	computer	f0	epsilon	0.2874692507907799
fit-rw_positive_bias-full-prior1	rw_positive_bias	full	1.0	none	False	sub-133	computer	f0	acceptance_bias	0.3541069240506682
fit-rw_positive_bias-full-prior1	rw_positive_bias	full	1.0	none	False	sub-133	computer	epsilon	acceptance_bias	-0.049236422778009485
fit-rw_positive_bias-full-prior1	rw_positive_bias	full	1.0	none	False	sub-133	similar	alpha	gamma	-0.340636893913603
fit-rw_positive_bias-full-prior1	rw_positive_bias	full	1.0	none	False	sub-133	similar	alpha	f0	-0.27477027360844947
fit-rw_positive_bias-full-prior1	rw_positive_bias	full	1.0	none	False	sub-133	similar	alpha	epsilon	-0.010983757185532203
fit-rw_positive_bias-full-prior1	rw_positive_bias	full	1.0	none	False	sub-133	similar	alpha	acceptance_bias	0.2701933718491332
fit-rw_positive_bias-full-prior1	rw_positive_bias	full	1.0	none	False	sub-133	similar	gamma	f0	0.07466669618583135
fit-rw_positive_bias-full-prior1	rw_positive_bias	full	1.0	none	False	sub-133	similar	gamma	epsilon	-0.015533261649632058
fit-rw_positive_bias-full-prior1	rw_positive_bias	full	1.0	none	False	sub-133	similar	gamma	acceptance_bias	-0.23029309932126657
fit-rw_positive_bias-full-prior1	rw_positive_bias	full	1.0	none	False	sub-133	similar	f0	epsilon	0.2747677294542768
fit-rw_positive_bias-full-prior1	rw_positive_bias	full	1.0	none	False	sub-133	similar	f0	acceptance_bias	0.3669631525975185
fit-rw_positive_bias-full-prior1	rw_positive_bias	full	1.0	none	False	sub-133	similar	epsilon	acceptance_bias	-0.06677558118977103
fit-rw_positive_bias-full-prior1	rw_positive_bias	full	1.0	none	False	sub-133	dissimilar	alpha	gamma	-0.245597464956471
fit-rw_positive_bias-full-prior1	rw_positive_bias	full	1.0	none	False	sub-133	dissimilar	alpha	f0	-0.274068279806081
fit-rw_positive_bias-full-prior1	rw_positive_bias	full	1.0	none	False	sub-133	dissimilar	alpha	epsilon	-0.004587693736590226
fit-rw_positive_bias-full-prior1	rw_positive_bias	full	1.0	none	False	sub-133	dissimilar	alpha	acceptance_bias	0.2758357969538189
fit-rw_positive_bias-full-prior1	rw_positive_bias	full	1.0	none	False	sub-133	dissimilar	gamma	f0	0.023101467601632886
fit-rw_positive_bias-full-prior1	rw_positive_bias	full	1.0	none	False	sub-133	dissimilar	gamma	epsilon	0.041958406620237684
fit-rw_positive_bias-full-prior1	rw_positive_bias	full	1.0	none	False	sub-133	dissimilar	gamma	acceptance_bias	-0.1820812521377852
fit-rw_positive_bias-full-prior1	rw_positive_bias	full	1.0	none	False	sub-133	dissimilar	f0	epsilon	0.28619419776165217
fit-rw_positive_bias-full-prior1	rw_positive_bias	full	1.0	none	False	sub-133	dissimilar	f0	acceptance_bias	0.364978813441011
fit-rw_positive_bias-full-prior1	rw_positive_bias	full	1.0	none	False	sub-133	dissimilar	epsilon	acceptance_bias	-0.05471195400309965
fit-rw_positive_bias-full-prior1	rw_positive_bias	full	1.0	none	False	sub-134	computer	alpha	gamma	-0.44686787534615047
fit-rw_positive_bias-full-prior1	rw_positive_bias	full	1.0	none	False	sub-134	computer	alpha	f0	-0.29863504023554954
fit-rw_positive_bias-full-prior1	rw_positive_bias	full	1.0	none	False	sub-134	computer	alpha	epsilon	-0.08004407898272886
fit-rw_positive_bias-full-prior1	rw_positive_bias	full	1.0	none	False	sub-134	computer	alpha	acceptance_bias	0.41083301725782595
fit-rw_positive_bias-full-prior1	rw_positive_bias	full	1.0	none	False	sub-134	computer	gamma	f0	0.06536164591290673
fit-rw_positive_bias-full-prior1	rw_positive_bias	full	1.0	none	False	sub-134	computer	gamma	epsilon	0.058391751321795325
fit-rw_positive_bias-full-prior1	rw_positive_bias	full	1.0	none	False	sub-134	computer	gamma	acceptance_bias	-0.5249145804831004
fit-rw_positive_bias-full-prior1	rw_positive_bias	full	1.0	none	False	sub-134	computer	f0	epsilon	0.2812851775679037
fit-rw_positive_bias-full-prior1	rw_positive_bias	full	1.0	none	False	sub-134	computer	f0	acceptance_bias	0.1967182088593697
fit-rw_positive_bias-full-prior1	rw_positive_bias	full	1.0	none	False	sub-134	computer	epsilon	acceptance_bias	-0.07983249532679147
fit-rw_positive_bias-full-prior1	rw_positive_bias	full	1.0	none	False	sub-134	similar	alpha	gamma	-0.3138372704897434
fit-rw_positive_bias-full-prior1	rw_positive_bias	full	1.0	none	False	sub-134	similar	alpha	f0	-0.2929911406938025
fit-rw_positive_bias-full-prior1	rw_positive_bias	full	1.0	none	False	sub-134	similar	alpha	epsilon	-0.08151927059019975
fit-rw_positive_bias-full-prior1	rw_positive_bias	full	1.0	none	False	sub-134	similar	alpha	acceptance_bias	0.39578576675209126
fit-rw_positive_bias-full-prior1	rw_positive_bias	full	1.0	none	False	sub-134	similar	gamma	f0	0.019177352230405228
fit-rw_positive_bias-full-prior1	rw_positive_bias	full	1.0	none	False	sub-134	similar	gamma	epsilon	0.03190237781790766
fit-rw_positive_bias-full-prior1	rw_positive_bias	full	1.0	none	False	sub-134	similar	gamma	acceptance_bias	-0.39694046830480184
fit-rw_positive_bias-full-prior1	rw_positive_bias	full	1.0	none	False	sub-134	similar	f0	epsilon	0.2930932673483846
fit-rw_positive_bias-full-prior1	rw_positive_bias	full	1.0	none	False	sub-134	similar	f0	acceptance_bias	0.203052318944589
fit-rw_positive_bias-full-prior1	rw_positive_bias	full	1.0	none	False	sub-134	similar	epsilon	acceptance_bias	-0.0800322448579671
fit-rw_positive_bias-full-prior1	rw_positive_bias	full	1.0	none	False	sub-134	dissimilar	alpha	gamma	-0.4145978767480148
fit-rw_positive_bias-full-prior1	rw_positive_bias	full	1.0	none	False	sub-134	dissimilar	alpha	f0	-0.2963783319810392
fit-rw_positive_bias-full-prior1	rw_positive_bias	full	1.0	none	False	sub-134	dissimilar	alpha	epsilon	-0.08434968491337165
fit-rw_positive_bias-full-prior1	rw_positive_bias	full	1.0	none	False	sub-134	dissimilar	alpha	acceptance_bias	0.4055046448700047
fit-rw_positive_bias-full-prior1	rw_positive_bias	full	1.0	none	False	sub-134	dissimilar	gamma	f0	0.07289877228650685
fit-rw_positive_bias-full-prior1	rw_positive_bias	full	1.0	none	False	sub-134	dissimilar	gamma	epsilon	0.053526522536285176
fit-rw_positive_bias-full-prior1	rw_positive_bias	full	1.0	none	False	sub-134	dissimilar	gamma	acceptance_bias	-0.479670771347298
fit-rw_positive_bias-full-prior1	rw_positive_bias	full	1.0	none	False	sub-134	dissimilar	f0	epsilon	0.2911628357274797
fit-rw_positive_bias-full-prior1	rw_positive_bias	full	1.0	none	False	sub-134	dissimilar	f0	acceptance_bias	0.20966601447653674
fit-rw_positive_bias-full-prior1	rw_positive_bias	full	1.0	none	False	sub-134	dissimilar	epsilon	acceptance_bias	-0.07979825983341206
fit-rw_positive_bias-full-prior1	rw_positive_bias	full	1.0	none	False	sub-135	computer	alpha	gamma	-0.5904963061444306
fit-rw_positive_bias-full-prior1	rw_positive_bias	full	1.0	none	False	sub-135	computer	alpha	f0	-0.6067295071111178
fit-rw_positive_bias-full-prior1	rw_positive_bias	full	1.0	none	False	sub-135	computer	alpha	epsilon	0.01571492770719066
fit-rw_positive_bias-full-prior1	rw_positive_bias	full	1.0	none	False	sub-135	computer	alpha	acceptance_bias	0.18932466155872732
fit-rw_positive_bias-full-prior1	rw_positive_bias	full	1.0	none	False	sub-135	computer	gamma	f0	0.47129017692467673
fit-rw_positive_bias-full-prior1	rw_positive_bias	full	1.0	none	False	sub-135	computer	gamma	epsilon	0.054623614334354344
fit-rw_positive_bias-full-prior1	rw_positive_bias	full	1.0	none	False	sub-135	computer	gamma	acceptance_bias	-0.07803918047616444
fit-rw_positive_bias-full-prior1	rw_positive_bias	full	1.0	none	False	sub-135	computer	f0	epsilon	-0.21596980910254895
fit-rw_positive_bias-full-prior1	rw_positive_bias	full	1.0	none	False	sub-135	computer	f0	acceptance_bias	0.36709855803247904
fit-rw_positive_bias-full-prior1	rw_positive_bias	full	1.0	none	False	sub-135	computer	epsilon	acceptance_bias	-0.32685291064997296
fit-rw_positive_bias-full-prior1	rw_positive_bias	full	1.0	none	False	sub-135	similar	alpha	gamma	-0.35633593417784204
fit-rw_positive_bias-full-prior1	rw_positive_bias	full	1.0	none	False	sub-135	similar	alpha	f0	-0.6244645242748761
fit-rw_positive_bias-full-prior1	rw_positive_bias	full	1.0	none	False	sub-135	similar	alpha	epsilon	0.015086018814873137
fit-rw_positive_bias-full-prior1	rw_positive_bias	full	1.0	none	False	sub-135	similar	alpha	acceptance_bias	0.14712561240463753
fit-rw_positive_bias-full-prior1	rw_positive_bias	full	1.0	none	False	sub-135	similar	gamma	f0	0.33058282369738234
fit-rw_positive_bias-full-prior1	rw_positive_bias	full	1.0	none	False	sub-135	similar	gamma	epsilon	-0.04732319497109223
fit-rw_positive_bias-full-prior1	rw_positive_bias	full	1.0	none	False	sub-135	similar	gamma	acceptance_bias	-0.004364685298286924
fit-rw_positive_bias-full-prior1	rw_positive_bias	full	1.0	none	False	sub-135	similar	f0	epsilon	-0.22762305976068545
fit-rw_positive_bias-full-prior1	rw_positive_bias	full	1.0	none	False	sub-135	similar	f0	acceptance_bias	0.3638175536250917
fit-rw_positive_bias-full-prior1	rw_positive_bias	full	1.0	none	False	sub-135	similar	epsilon	acceptance_bias	-0.32669166434384134
fit-rw_positive_bias-full-prior1	rw_positive_bias	full	1.0	none	False	sub-135	dissimilar	alpha	gamma	-0.5928173458879449
fit-rw_positive_bias-full-prior1	rw_positive_bias	full	1.0	none	False	sub-135	dissimilar	alpha	f0	-0.5761131080863863
fit-rw_positive_bias-full-prior1	rw_positive_bias	full	1.0	none	False	sub-135	dissimilar	alpha	epsilon	0.01693923798681802
fit-rw_positive_bias-full-prior1	rw_positive_bias	full	1.0	none	False	sub-135	dissimilar	alpha	acceptance_bias	0.21641934061722523
fit-rw_positive_bias-full-prior1	rw_positive_bias	full	1.0	none	False	sub-135	dissimilar	gamma	f0	0.3569259128775898
fit-rw_positive_bias-full-prior1	rw_positive_bias	full	1.0	none	False	sub-135	dissimilar	gamma	epsilon	0.251444497905274
fit-rw_positive_bias-full-prior1	rw_positive_bias	full	1.0	none	False	sub-135	dissimilar	gamma	acceptance_bias	-0.17219888626616317
fit-rw_positive_bias-full-prior1	rw_positive_bias	full	1.0	none	False	sub-135	dissimilar	f0	epsilon	-0.2218379973625945
fit-rw_positive_bias-full-prior1	rw_positive_bias	full	1.0	none	False	sub-135	dissimilar	f0	acceptance_bias	0.382122921337446
fit-rw_positive_bias-full-prior1	rw_positive_bias	full	1.0	none	False	sub-135	dissimilar	epsilon	acceptance_bias	-0.3302361483208025
fit-rw_positive_bias-full-prior1	rw_positive_bias	full	1.0	none	False	sub-136	computer	alpha	gamma	-0.6920675434316717
fit-rw_positive_bias-full-prior1	rw_positive_bias	full	1.0	none	False	sub-136	computer	alpha	f0	-0.5532634315876537
fit-rw_positive_bias-full-prior1	rw_positive_bias	full	1.0	none	False	sub-136	computer	alpha	epsilon	0.14924441113669207
fit-rw_positive_bias-full-prior1	rw_positive_bias	full	1.0	none	False	sub-136	computer	alpha	acceptance_bias	0.5102140748327789
fit-rw_positive_bias-full-prior1	rw_positive_bias	full	1.0	none	False	sub-136	computer	gamma	f0	0.48301516643357106
fit-rw_positive_bias-full-prior1	rw_positive_bias	full	1.0	none	False	sub-136	computer	gamma	epsilon	-0.06042133162346124
fit-rw_positive_bias-full-prior1	rw_positive_bias	full	1.0	none	False	sub-136	computer	gamma	acceptance_bias	-0.31310501349767134
fit-rw_positive_bias-full-prior1	rw_positive_bias	full	1.0	none	False	sub-136	computer	f0	epsilon	-0.1803812631229384
fit-rw_positive_bias-full-prior1	rw_positive_bias	full	1.0	none	False	sub-136	computer	f0	acceptance_bias	-0.10011613332623479
fit-rw_positive_bias-full-prior1	rw_positive_bias	full	1.0	none	False	sub-136	computer	epsilon	acceptance_bias	-0.259225720256978
fit-rw_positive_bias-full-prior1	rw_positive_bias	full	1.0	none	False	sub-136	similar	alpha	gamma	-0.6149665937195077
fit-rw_positive_bias-full-prior1	rw_positive_bias	full	1.0	none	False	sub-136	similar	alpha	f0	-0.5440780990883205
fit-rw_positive_bias-full-prior1	rw_positive_bias	full	1.0	none	False	sub-136	similar	alpha	epsilon	0.19195505946491803
fit-rw_positive_bias-full-prior1	rw_positive_bias	full	1.0	none	False	sub-136	similar	alpha	acceptance_bias	0.4995978069112538
fit-rw_positive_bias-full-prior1	rw_positive_bias	full	1.0	none	False	sub-136	similar	gamma	f0	0.3692198790824916
fit-rw_positive_bias-full-prior1	rw_positive_bias	full	1.0	none	False	sub-136	similar	gamma	epsilon	0.018509671577092983
fit-rw_positive_bias-full-prior1	rw_positive_bias	full	1.0	none	False	sub-136	similar	gamma	acceptance_bias	-0.34072999387518677
fit-rw_positive_bias-full-prior1	rw_positive_bias	full	1.0	none	False	sub-136	similar	f0	epsilon	-0.15394097036505122
fit-rw_positive_bias-full-prior1	rw_positive_bias	full	1.0	none	False	sub-136	similar	f0	acceptance_bias	-0.08725411740351124
fit-rw_positive_bias-full-prior1	rw_positive_bias	full	1.0	none	False	sub-136	similar	epsilon	acceptance_bias	-0.20348628448736833
fit-rw_positive_bias-full-prior1	rw_positive_bias	full	1.0	none	False	sub-136	dissimilar	alpha	gamma	-0.6418558627455864
fit-rw_positive_bias-full-prior1	rw_positive_bias	full	1.0	none	False	sub-136	dissimilar	alpha	f0	-0.537326764868826
fit-rw_positive_bias-full-prior1	rw_positive_bias	full	1.0	none	False	sub-136	dissimilar	alpha	epsilon	0.08504934458484978
fit-rw_positive_bias-full-prior1	rw_positive_bias	full	1.0	none	False	sub-136	dissimilar	alpha	acceptance_bias	0.5183620631716096
fit-rw_positive_bias-full-prior1	rw_positive_bias	full	1.0	none	False	sub-136	dissimilar	gamma	f0	0.462135902740235
fit-rw_positive_bias-full-prior1	rw_positive_bias	full	1.0	none	False	sub-136	dissimilar	gamma	epsilon	-0.003837998925003779
fit-rw_positive_bias-full-prior1	rw_positive_bias	full	1.0	none	False	sub-136	dissimilar	gamma	acceptance_bias	-0.23963596484213823
fit-rw_positive_bias-full-prior1	rw_positive_bias	full	1.0	none	False	sub-136	dissimilar	f0	epsilon	-0.10534524676997416
fit-rw_positive_bias-full-prior1	rw_positive_bias	full	1.0	none	False	sub-136	dissimilar	f0	acceptance_bias	-0.08626627608432058
fit-rw_positive_bias-full-prior1	rw_positive_bias	full	1.0	none	False	sub-136	dissimilar	epsilon	acceptance_bias	-0.2955502294750468
fit-rw_positive_bias-full-prior1	rw_positive_bias	full	1.0	none	False	sub-137	computer	alpha	gamma	-0.5530524894379965
fit-rw_positive_bias-full-prior1	rw_positive_bias	full	1.0	none	False	sub-137	computer	alpha	f0	-0.6005286370034103
fit-rw_positive_bias-full-prior1	rw_positive_bias	full	1.0	none	False	sub-137	computer	alpha	epsilon	0.12341766384437745
fit-rw_positive_bias-full-prior1	rw_positive_bias	full	1.0	none	False	sub-137	computer	alpha	acceptance_bias	0.12422365805280193
fit-rw_positive_bias-full-prior1	rw_positive_bias	full	1.0	none	False	sub-137	computer	gamma	f0	0.6359209134664718
fit-rw_positive_bias-full-prior1	rw_positive_bias	full	1.0	none	False	sub-137	computer	gamma	epsilon	-0.12534126144219734
fit-rw_positive_bias-full-prior1	rw_positive_bias	full	1.0	none	False	sub-137	computer	gamma	acceptance_bias	-0.06684478839637227
fit-rw_positive_bias-full-prior1	rw_positive_bias	full	1.0	none	False	sub-137	computer	f0	epsilon	-0.10802775330363373
fit-rw_positive_bias-full-prior1	rw_positive_bias	full	1.0	none	False	sub-137	computer	f0	acceptance_bias	0.1693092301094048
fit-rw_positive_bias-full-prior1	rw_positive_bias	full	1.0	none	False	sub-137	computer	epsilon	acceptance_bias	-0.08440512175044296
fit-rw_positive_bias-full-prior1	rw_positive_bias	full	1.0	none	False	sub-137	similar	alpha	gamma	-0.5692870966228405
fit-rw_positive_bias-full-prior1	rw_positive_bias	full	1.0	none	False	sub-137	similar	alpha	f0	-0.586666080748441
fit-rw_positive_bias-full-prior1	rw_positive_bias	full	1.0	none	False	sub-137	similar	alpha	epsilon	0.11462730874062008
fit-rw_positive_bias-full-prior1	rw_positive_bias	full	1.0	none	False	sub-137	similar	alpha	acceptance_bias	0.11632491483075894
fit-rw_positive_bias-full-prior1	rw_positive_bias	full	1.0	none	False	sub-137	similar	gamma	f0	0.6449239334048119
fit-rw_positive_bias-full-prior1	rw_positive_bias	full	1.0	none	False	sub-137	similar	gamma	epsilon	-0.1025090419547304
fit-rw_positive_bias-full-prior1	rw_positive_bias	full	1.0	none	False	sub-137	similar	gamma	acceptance_bias	-0.11470354789077258
fit-rw_positive_bias-full-prior1	rw_positive_bias	full	1.0	none	False	sub-137	similar	f0	epsilon	-0.10836468205076694
fit-rw_positive_bias-full-prior1	rw_positive_bias	full	1.0	none	False	sub-137	similar	f0	acceptance_bias	0.19795276652004334
fit-rw_positive_bias-full-prior1	rw_positive_bias	full	1.0	none	False	sub-137	similar	epsilon	acceptance_bias	-0.08447975312942736
fit-rw_positive_bias-full-prior1	rw_positive_bias	full	1.0	none	False	sub-137	dissimilar	alpha	gamma	-0.3959657005317531
fit-rw_positive_bias-full-prior1	rw_positive_bias	full	1.0	none	False	sub-137	dissimilar	alpha	f0	-0.6108711889824768
fit-rw_positive_bias-full-prior1	rw_positive_bias	full	1.0	none	False	sub-137	dissimilar	alpha	epsilon	0.12858338548493642
fit-rw_positive_bias-full-prior1	rw_positive_bias	full	1.0	none	False	sub-137	dissimilar	alpha	acceptance_bias	0.10540112133144211
fit-rw_positive_bias-full-prior1	rw_positive_bias	full	1.0	none	False	sub-137	dissimilar	gamma	f0	0.459707189935031
fit-rw_positive_bias-full-prior1	rw_positive_bias	full	1.0	none	False	sub-137	dissimilar	gamma	epsilon	-0.11625866887832927
fit-rw_positive_bias-full-prior1	rw_positive_bias	full	1.0	none	False	sub-137	dissimilar	gamma	acceptance_bias	-0.04044560253917191
fit-rw_positive_bias-full-prior1	rw_positive_bias	full	1.0	none	False	sub-137	dissimilar	f0	epsilon	-0.11095220904771605
fit-rw_positive_bias-full-prior1	rw_positive_bias	full	1.0	none	False	sub-137	dissimilar	f0	acceptance_bias	0.14366677325295535
fit-rw_positive_bias-full-prior1	rw_positive_bias	full	1.0	none	False	sub-137	dissimilar	epsilon	acceptance_bias	-0.07769194991998646
fit-rw_positive_bias-full-prior1	rw_positive_bias	full	1.0	none	False	sub-138	computer	alpha	gamma	-0.5037366855640987
fit-rw_positive_bias-full-prior1	rw_positive_bias	full	1.0	none	False	sub-138	computer	alpha	f0	-0.3303530998981781
fit-rw_positive_bias-full-prior1	rw_positive_bias	full	1.0	none	False	sub-138	computer	alpha	epsilon	0.10840339761357727
fit-rw_positive_bias-full-prior1	rw_positive_bias	full	1.0	none	False	sub-138	computer	alpha	acceptance_bias	0.45891472429095553
fit-rw_positive_bias-full-prior1	rw_positive_bias	full	1.0	none	False	sub-138	computer	gamma	f0	-0.01960634802721424
fit-rw_positive_bias-full-prior1	rw_positive_bias	full	1.0	none	False	sub-138	computer	gamma	epsilon	0.14969683021532004
fit-rw_positive_bias-full-prior1	rw_positive_bias	full	1.0	none	False	sub-138	computer	gamma	acceptance_bias	-0.6921812775789663
fit-rw_positive_bias-full-prior1	rw_positive_bias	full	1.0	none	False	sub-138	computer	f0	epsilon	-0.09034070975449694
fit-rw_positive_bias-full-prior1	rw_positive_bias	full	1.0	none	False	sub-138	computer	f0	acceptance_bias	0.24177946519811858
fit-rw_positive_bias-full-prior1	rw_positive_bias	full	1.0	none	False	sub-138	computer	epsilon	acceptance_bias	-0.2365180703769393
fit-rw_positive_bias-full-prior1	rw_positive_bias	full	1.0	none	False	sub-138	similar	alpha	gamma	-0.4150460142462101
fit-rw_positive_bias-full-prior1	rw_positive_bias	full	1.0	none	False	sub-138	similar	alpha	f0	-0.3175097699419135
fit-rw_positive_bias-full-prior1	rw_positive_bias	full	1.0	none	False	sub-138	similar	alpha	epsilon	0.19505195503674286
fit-rw_positive_bias-full-prior1	rw_positive_bias	full	1.0	none	False	sub-138	similar	alpha	acceptance_bias	0.4416262918970616
fit-rw_positive_bias-full-prior1	rw_positive_bias	full	1.0	none	False	sub-138	similar	gamma	f0	-0.037246730457695734
fit-rw_positive_bias-full-prior1	rw_positive_bias	full	1.0	none	False	sub-138	similar	gamma	epsilon	0.196064310876363
fit-rw_positive_bias-full-prior1	rw_positive_bias	full	1.0	none	False	sub-138	similar	gamma	acceptance_bias	-0.635631281048636
fit-rw_positive_bias-full-prior1	rw_positive_bias	full	1.0	none	False	sub-138	similar	f0	epsilon	-0.17022300993866563
fit-rw_positive_bias-full-prior1	rw_positive_bias	full	1.0	none	False	sub-138	similar	f0	acceptance_bias	0.2513312694697695
fit-rw_positive_bias-full-prior1	rw_positive_bias	full	1.0	none	False	sub-138	similar	epsilon	acceptance_bias	-0.19480616340999155
fit-rw_positive_bias-full-prior1	rw_positive_bias	full	1.0	none	False	sub-138	dissimilar	alpha	gamma	-0.48847327297769655
fit-rw_positive_bias-full-prior1	rw_positive_bias	full	1.0	none	False	sub-138	dissimilar	alpha	f0	-0.3146850876258541
fit-rw_positive_bias-full-prior1	rw_positive_bias	full	1.0	none	False	sub-138	dissimilar	alpha	epsilon	0.1686761599172733
fit-rw_positive_bias-full-prior1	rw_positive_bias	full	1.0	none	False	sub-138	dissimilar	alpha	acceptance_bias	0.44290091625829325
fit-rw_positive_bias-full-prior1	rw_positive_bias	full	1.0	none	False	sub-138	dissimilar	gamma	f0	0.023148462447906637
fit-rw_positive_bias-full-prior1	rw_positive_bias	full	1.0	none	False	sub-138	dissimilar	gamma	epsilon	0.09367545409459004
fit-rw_positive_bias-full-prior1	rw_positive_bias	full	1.0	none	False	sub-138	dissimilar	gamma	acceptance_bias	-0.6518960666474645
fit-rw_positive_bias-full-prior1	rw_positive_bias	full	1.0	none	False	sub-138	dissimilar	f0	epsilon	-0.15366909167855294
fit-rw_positive_bias-full-prior1	rw_positive_bias	full	1.0	none	False	sub-138	dissimilar	f0	acceptance_bias	0.2477995408847405
fit-rw_positive_bias-full-prior1	rw_positive_bias	full	1.0	none	False	sub-138	dissimilar	epsilon	acceptance_bias	-0.20178608475645324
fit-rw_positive_bias-full-prior1	rw_positive_bias	full	1.0	none	False	sub-140	computer	alpha	gamma	-0.5272631837628384
fit-rw_positive_bias-full-prior1	rw_positive_bias	full	1.0	none	False	sub-140	computer	alpha	f0	-0.26462335848567
fit-rw_positive_bias-full-prior1	rw_positive_bias	full	1.0	none	False	sub-140	computer	alpha	epsilon	0.09512360923620895
fit-rw_positive_bias-full-prior1	rw_positive_bias	full	1.0	none	False	sub-140	computer	alpha	acceptance_bias	0.39923762784666855
fit-rw_positive_bias-full-prior1	rw_positive_bias	full	1.0	none	False	sub-140	computer	gamma	f0	-0.15168152799534365
fit-rw_positive_bias-full-prior1	rw_positive_bias	full	1.0	none	False	sub-140	computer	gamma	epsilon	0.24834728819688498
fit-rw_positive_bias-full-prior1	rw_positive_bias	full	1.0	none	False	sub-140	computer	gamma	acceptance_bias	-0.6765126330133154
fit-rw_positive_bias-full-prior1	rw_positive_bias	full	1.0	none	False	sub-140	computer	f0	epsilon	-0.37504177738577654
fit-rw_positive_bias-full-prior1	rw_positive_bias	full	1.0	none	False	sub-140	computer	f0	acceptance_bias	0.5069930269016736
fit-rw_positive_bias-full-prior1	rw_positive_bias	full	1.0	none	False	sub-140	computer	epsilon	acceptance_bias	-0.3544232723058
fit-rw_positive_bias-full-prior1	rw_positive_bias	full	1.0	none	False	sub-140	similar	alpha	gamma	-0.45939433634523735
fit-rw_positive_bias-full-prior1	rw_positive_bias	full	1.0	none	False	sub-140	similar	alpha	f0	-0.2716355640126932
fit-rw_positive_bias-full-prior1	rw_positive_bias	full	1.0	none	False	sub-140	similar	alpha	epsilon	0.1144901372237244
fit-rw_positive_bias-full-prior1	rw_positive_bias	full	1.0	none	False	sub-140	similar	alpha	acceptance_bias	0.3799977495927086
fit-rw_positive_bias-full-prior1	rw_positive_bias	full	1.0	none	False	sub-140	similar	gamma	f0	-0.1596872455893623
fit-rw_positive_bias-full-prior1	rw_positive_bias	full	1.0	none	False	sub-140	similar	gamma	epsilon	0.27391978757151697
fit-rw_positive_bias-full-prior1	rw_positive_bias	full	1.0	none	False	sub-140	similar	gamma	acceptance_bias	-0.6019786519589219
fit-rw_positive_bias-full-prior1	rw_positive_bias	full	1.0	none	False	sub-140	similar	f0	epsilon	-0.39277870847461
fit-rw_positive_bias-full-prior1	rw_positive_bias	full	1.0	none	False	sub-140	similar	f0	acceptance_bias	0.5216960702733223
fit-rw_positive_bias-full-prior1	rw_positive_bias	full	1.0	none	False	sub-140	similar	epsilon	acceptance_bias	-0.3582381011536413
fit-rw_positive_bias-full-prior1	rw_positive_bias	full	1.0	none	False	sub-140	dissimilar	alpha	gamma	-0.4953125955389067
fit-rw_positive_bias-full-prior1	rw_positive_bias	full	1.0	none	False	sub-140	dissimilar	alpha	f0	-0.25860992810000244
fit-rw_positive_bias-full-prior1	rw_positive_bias	full	1.0	none	False	sub-140	dissimilar	alpha	epsilon	0.09887949015868036
fit-rw_positive_bias-full-prior1	rw_positive_bias	full	1.0	none	False	sub-140	dissimilar	alpha	acceptance_bias	0.3944591459929333
fit-rw_positive_bias-full-prior1	rw_positive_bias	full	1.0	none	False	sub-140	dissimilar	gamma	f0	-0.08620450967959131
fit-rw_positive_bias-full-prior1	rw_positive_bias	full	1.0	none	False	sub-140	dissimilar	gamma	epsilon	0.17672634670225512
fit-rw_positive_bias-full-prior1	rw_positive_bias	full	1.0	none	False	sub-140	dissimilar	gamma	acceptance_bias	-0.5794007982301171
fit-rw_positive_bias-full-prior1	rw_positive_bias	full	1.0	none	False	sub-140	dissimilar	f0	epsilon	-0.3891889833251694
fit-rw_positive_bias-full-prior1	rw_positive_bias	full	1.0	none	False	sub-140	dissimilar	f0	acceptance_bias	0.5254665817832777
fit-rw_positive_bias-full-prior1	rw_positive_bias	full	1.0	none	False	sub-140	dissimilar	epsilon	acceptance_bias	-0.3611680200532389
fit-rw_positive_bias-full-prior1	rw_positive_bias	full	1.0	none	False	sub-141	computer	alpha	gamma	-0.16221565834896357
fit-rw_positive_bias-full-prior1	rw_positive_bias	full	1.0	none	False	sub-141	computer	alpha	f0	-0.22540209788444696
fit-rw_positive_bias-full-prior1	rw_positive_bias	full	1.0	none	False	sub-141	computer	alpha	epsilon	0.037661421860484906
fit-rw_positive_bias-full-prior1	rw_positive_bias	full	1.0	none	False	sub-141	computer	alpha	acceptance_bias	0.12330317826524648
fit-rw_positive_bias-full-prior1	rw_positive_bias	full	1.0	none	False	sub-141	computer	gamma	f0	-0.13012205221159953
fit-rw_positive_bias-full-prior1	rw_positive_bias	full	1.0	none	False	sub-141	computer	gamma	epsilon	0.07049843353180349
fit-rw_positive_bias-full-prior1	rw_positive_bias	full	1.0	none	False	sub-141	computer	gamma	acceptance_bias	-0.3529710685541769
fit-rw_positive_bias-full-prior1	rw_positive_bias	full	1.0	none	False	sub-141	computer	f0	epsilon	0.29410229641556046
fit-rw_positive_bias-full-prior1	rw_positive_bias	full	1.0	none	False	sub-141	computer	f0	acceptance_bias	0.27501338867466374
fit-rw_positive_bias-full-prior1	rw_positive_bias	full	1.0	none	False	sub-141	computer	epsilon	acceptance_bias	-0.04564383254526847
fit-rw_positive_bias-full-prior1	rw_positive_bias	full	1.0	none	False	sub-141	similar	alpha	gamma	-0.12349024467015922
fit-rw_positive_bias-full-prior1	rw_positive_bias	full	1.0	none	False	sub-141	similar	alpha	f0	-0.22259740889219798
fit-rw_positive_bias-full-prior1	rw_positive_bias	full	1.0	none	False	sub-141	similar	alpha	epsilon	0.03277856182055714
fit-rw_positive_bias-full-prior1	rw_positive_bias	full	1.0	none	False	sub-141	similar	alpha	acceptance_bias	0.11213119975340338
fit-rw_positive_bias-full-prior1	rw_positive_bias	full	1.0	none	False	sub-141	similar	gamma	f0	-0.1361072557971282
fit-rw_positive_bias-full-prior1	rw_positive_bias	full	1.0	none	False	sub-141	similar	gamma	epsilon	0.06145492022200097
fit-rw_positive_bias-full-prior1	rw_positive_bias	full	1.0	none	False	sub-141	similar	gamma	acceptance_bias	-0.31410327032886165
fit-rw_positive_bias-full-prior1	rw_positive_bias	full	1.0	none	False	sub-141	similar	f0	epsilon	0.3062439748269246
fit-rw_positive_bias-full-prior1	rw_positive_bias	full	1.0	none	False	sub-141	similar	f0	acceptance_bias	0.2796614820935244
fit-rw_positive_bias-full-prior1	rw_positive_bias	full	1.0	none	False	sub-141	similar	epsilon	acceptance_bias	-0.043547529665068814
fit-rw_positive_bias-full-prior1	rw_positive_bias	full	1.0	none	False	sub-141	dissimilar	alpha	gamma	-0.1417857126277346
fit-rw_positive_bias-full-prior1	rw_positive_bias	full	1.0	none	False	sub-141	dissimilar	alpha	f0	-0.21829360352983884
fit-rw_positive_bias-full-prior1	rw_positive_bias	full	1.0	none	False	sub-141	dissimilar	alpha	epsilon	0.035368481596804426
fit-rw_positive_bias-full-prior1	rw_positive_bias	full	1.0	none	False	sub-141	dissimilar	alpha	acceptance_bias	0.1162402820422706
fit-rw_positive_bias-full-prior1	rw_positive_bias	full	1.0	none	False	sub-141	dissimilar	gamma	f0	-0.13021664349429793
fit-rw_positive_bias-full-prior1	rw_positive_bias	full	1.0	none	False	sub-141	dissimilar	gamma	epsilon	0.05569714932651183
fit-rw_positive_bias-full-prior1	rw_positive_bias	full	1.0	none	False	sub-141	dissimilar	gamma	acceptance_bias	-0.30793795156740217
fit-rw_positive_bias-full-prior1	rw_positive_bias	full	1.0	none	False	sub-141	dissimilar	f0	epsilon	0.31220368164608486
fit-rw_positive_bias-full-prior1	rw_positive_bias	full	1.0	none	False	sub-141	dissimilar	f0	acceptance_bias	0.2790582892158175
fit-rw_positive_bias-full-prior1	rw_positive_bias	full	1.0	none	False	sub-141	dissimilar	epsilon	acceptance_bias	-0.04149280610117322
fit-rw_positive_bias-full-prior1	rw_positive_bias	full	1.0	none	False	sub-142	computer	alpha	gamma	-0.32193766261568146
fit-rw_positive_bias-full-prior1	rw_positive_bias	full	1.0	none	False	sub-142	computer	alpha	f0	-0.3816794000596723
fit-rw_positive_bias-full-prior1	rw_positive_bias	full	1.0	none	False	sub-142	computer	alpha	epsilon	-0.11497207526276704
fit-rw_positive_bias-full-prior1	rw_positive_bias	full	1.0	none	False	sub-142	computer	alpha	acceptance_bias	0.2324901022082549
fit-rw_positive_bias-full-prior1	rw_positive_bias	full	1.0	none	False	sub-142	computer	gamma	f0	-0.019663220863248274
fit-rw_positive_bias-full-prior1	rw_positive_bias	full	1.0	none	False	sub-142	computer	gamma	epsilon	0.012264600550248245
fit-rw_positive_bias-full-prior1	rw_positive_bias	full	1.0	none	False	sub-142	computer	gamma	acceptance_bias	-0.31572850662838065
fit-rw_positive_bias-full-prior1	rw_positive_bias	full	1.0	none	False	sub-142	computer	f0	epsilon	0.5033009669623655
fit-rw_positive_bias-full-prior1	rw_positive_bias	full	1.0	none	False	sub-142	computer	f0	acceptance_bias	0.1466556562750022
fit-rw_positive_bias-full-prior1	rw_positive_bias	full	1.0	none	False	sub-142	computer	epsilon	acceptance_bias	-0.12338926682469335
fit-rw_positive_bias-full-prior1	rw_positive_bias	full	1.0	none	False	sub-142	similar	alpha	gamma	-0.331188268291945
fit-rw_positive_bias-full-prior1	rw_positive_bias	full	1.0	none	False	sub-142	similar	alpha	f0	-0.37552773941271494
fit-rw_positive_bias-full-prior1	rw_positive_bias	full	1.0	none	False	sub-142	similar	alpha	epsilon	-0.12989672822378803
fit-rw_positive_bias-full-prior1	rw_positive_bias	full	1.0	none	False	sub-142	similar	alpha	acceptance_bias	0.24488500524016343
fit-rw_positive_bias-full-prior1	rw_positive_bias	full	1.0	none	False	sub-142	similar	gamma	f0	0.01357647138359807
fit-rw_positive_bias-full-prior1	rw_positive_bias	full	1.0	none	False	sub-142	similar	gamma	epsilon	0.024678020614843758
fit-rw_positive_bias-full-prior1	rw_positive_bias	full	1.0	none	False	sub-142	similar	gamma	acceptance_bias	-0.2677330655458107
fit-rw_positive_bias-full-prior1	rw_positive_bias	full	1.0	none	False	sub-142	similar	f0	epsilon	0.525963976846763
fit-rw_positive_bias-full-prior1	rw_positive_bias	full	1.0	none	False	sub-142	similar	f0	acceptance_bias	0.158373913145523
fit-rw_positive_bias-full-prior1	rw_positive_bias	full	1.0	none	False	sub-142	similar	epsilon	acceptance_bias	-0.12818225569246347
fit-rw_positive_bias-full-prior1	rw_positive_bias	full	1.0	none	False	sub-142	dissimilar	alpha	gamma	-0.29971374082861196
fit-rw_positive_bias-full-prior1	rw_positive_bias	full	1.0	none	False	sub-142	dissimilar	alpha	f0	-0.3689810643499126
fit-rw_positive_bias-full-prior1	rw_positive_bias	full	1.0	none	False	sub-142	dissimilar	alpha	epsilon	-0.12536625723472333
fit-rw_positive_bias-full-prior1	rw_positive_bias	full	1.0	none	False	sub-142	dissimilar	alpha	acceptance_bias	0.24372598944747878
fit-rw_positive_bias-full-prior1	rw_positive_bias	full	1.0	none	False	sub-142	dissimilar	gamma	f0	-0.06698298006325874
fit-rw_positive_bias-full-prior1	rw_positive_bias	full	1.0	none	False	sub-142	dissimilar	gamma	epsilon	-0.019842444748413558
fit-rw_positive_bias-full-prior1	rw_positive_bias	full	1.0	none	False	sub-142	dissimilar	gamma	acceptance_bias	-0.28956166263168814
fit-rw_positive_bias-full-prior1	rw_positive_bias	full	1.0	none	False	sub-142	dissimilar	f0	epsilon	0.5181428051474789
fit-rw_positive_bias-full-prior1	rw_positive_bias	full	1.0	none	False	sub-142	dissimilar	f0	acceptance_bias	0.15694755923150083
fit-rw_positive_bias-full-prior1	rw_positive_bias	full	1.0	none	False	sub-142	dissimilar	epsilon	acceptance_bias	-0.1402675105522101
fit-rw_positive_bias-full-prior1	rw_positive_bias	full	1.0	none	False	sub-143	computer	alpha	gamma	-0.5894307541468767
fit-rw_positive_bias-full-prior1	rw_positive_bias	full	1.0	none	False	sub-143	computer	alpha	f0	-0.3374304841655358
fit-rw_positive_bias-full-prior1	rw_positive_bias	full	1.0	none	False	sub-143	computer	alpha	epsilon	-0.10810969484257926
fit-rw_positive_bias-full-prior1	rw_positive_bias	full	1.0	none	False	sub-143	computer	alpha	acceptance_bias	0.4226950103811758
fit-rw_positive_bias-full-prior1	rw_positive_bias	full	1.0	none	False	sub-143	computer	gamma	f0	0.1800852852735609
fit-rw_positive_bias-full-prior1	rw_positive_bias	full	1.0	none	False	sub-143	computer	gamma	epsilon	0.09653045651677356
fit-rw_positive_bias-full-prior1	rw_positive_bias	full	1.0	none	False	sub-143	computer	gamma	acceptance_bias	-0.4249590828905191
fit-rw_positive_bias-full-prior1	rw_positive_bias	full	1.0	none	False	sub-143	computer	f0	epsilon	-0.029054066878865196
fit-rw_positive_bias-full-prior1	rw_positive_bias	full	1.0	none	False	sub-143	computer	f0	acceptance_bias	0.3355748990064388
fit-rw_positive_bias-full-prior1	rw_positive_bias	full	1.0	none	False	sub-143	computer	epsilon	acceptance_bias	-0.1528057067505846
fit-rw_positive_bias-full-prior1	rw_positive_bias	full	1.0	none	False	sub-143	similar	alpha	gamma	-0.5370609845502619
fit-rw_positive_bias-full-prior1	rw_positive_bias	full	1.0	none	False	sub-143	similar	alpha	f0	-0.32767806124448456
fit-rw_positive_bias-full-prior1	rw_positive_bias	full	1.0	none	False	sub-143	similar	alpha	epsilon	-0.1175692946424287
fit-rw_positive_bias-full-prior1	rw_positive_bias	full	1.0	none	False	sub-143	similar	alpha	acceptance_bias	0.4075867665662713
fit-rw_positive_bias-full-prior1	rw_positive_bias	full	1.0	none	False	sub-143	similar	gamma	f0	0.02227558262519535
fit-rw_positive_bias-full-prior1	rw_positive_bias	full	1.0	none	False	sub-143	similar	gamma	epsilon	0.13947064607206808
fit-rw_positive_bias-full-prior1	rw_positive_bias	full	1.0	none	False	sub-143	similar	gamma	acceptance_bias	-0.5327661238720532
fit-rw_positive_bias-full-prior1	rw_positive_bias	full	1.0	none	False	sub-143	similar	f0	epsilon	-0.01973429985890928
fit-rw_positive_bias-full-prior1	rw_positive_bias	full	1.0	none	False	sub-143	similar	f0	acceptance_bias	0.35797487340121503
fit-rw_positive_bias-full-prior1	rw_positive_bias	full	1.0	none	False	sub-143	similar	epsilon	acceptance_bias	-0.15267306671089928
fit-rw_positive_bias-full-prior1	rw_positive_bias	full	1.0	none	False	sub-143	dissimilar	alpha	gamma	-0.55721691263359
fit-rw_positive_bias-full-prior1	rw_positive_bias	full	1.0	none	False	sub-143	dissimilar	alpha	f0	-0.3311049549086244
fit-rw_positive_bias-full-prior1	rw_positive_bias	full	1.0	none	False	sub-143	dissimilar	alpha	epsilon	-0.12053301717835455
fit-rw_positive_bias-full-prior1	rw_positive_bias	full	1.0	none	False	sub-143	dissimilar	alpha	acceptance_bias	0.4127983814926108
fit-rw_positive_bias-full-prior1	rw_positive_bias	full	1.0	none	False	sub-143	dissimilar	gamma	f0	0.3050676505239455
fit-rw_positive_bias-full-prior1	rw_positive_bias	full	1.0	none	False	sub-143	dissimilar	gamma	epsilon	0.044263504883300074
fit-rw_positive_bias-full-prior1	rw_positive_bias	full	1.0	none	False	sub-143	dissimilar	gamma	acceptance_bias	-0.23613169652755964
fit-rw_positive_bias-full-prior1	rw_positive_bias	full	1.0	none	False	sub-143	dissimilar	f0	epsilon	-0.04838395610525787
fit-rw_positive_bias-full-prior1	rw_positive_bias	full	1.0	none	False	sub-143	dissimilar	f0	acceptance_bias	0.35655855387617696
fit-rw_positive_bias-full-prior1	rw_positive_bias	full	1.0	none	False	sub-143	dissimilar	epsilon	acceptance_bias	-0.16124682870159968
fit-rw_positive_bias-full-prior1	rw_positive_bias	full	1.0	none	False	sub-144	computer	alpha	gamma	-0.29088083857503977
fit-rw_positive_bias-full-prior1	rw_positive_bias	full	1.0	none	False	sub-144	computer	alpha	f0	-0.44440071955591903
fit-rw_positive_bias-full-prior1	rw_positive_bias	full	1.0	none	False	sub-144	computer	alpha	epsilon	0.08737176679190219
fit-rw_positive_bias-full-prior1	rw_positive_bias	full	1.0	none	False	sub-144	computer	alpha	acceptance_bias	0.07846748723635084
fit-rw_positive_bias-full-prior1	rw_positive_bias	full	1.0	none	False	sub-144	computer	gamma	f0	0.4942777542878585
fit-rw_positive_bias-full-prior1	rw_positive_bias	full	1.0	none	False	sub-144	computer	gamma	epsilon	-0.1850297439980529
fit-rw_positive_bias-full-prior1	rw_positive_bias	full	1.0	none	False	sub-144	computer	gamma	acceptance_bias	-0.02832103606406171
fit-rw_positive_bias-full-prior1	rw_positive_bias	full	1.0	none	False	sub-144	computer	f0	epsilon	-0.08908529394607506
fit-rw_positive_bias-full-prior1	rw_positive_bias	full	1.0	none	False	sub-144	computer	f0	acceptance_bias	0.08070538922028635
fit-rw_positive_bias-full-prior1	rw_positive_bias	full	1.0	none	False	sub-144	computer	epsilon	acceptance_bias	-0.08625473221049905
fit-rw_positive_bias-full-prior1	rw_positive_bias	full	1.0	none	False	sub-144	similar	alpha	gamma	-0.2590605293439748
fit-rw_positive_bias-full-prior1	rw_positive_bias	full	1.0	none	False	sub-144	similar	alpha	f0	-0.47667256103884004
fit-rw_positive_bias-full-prior1	rw_positive_bias	full	1.0	none	False	sub-144	similar	alpha	epsilon	0.09612706438357825
fit-rw_positive_bias-full-prior1	rw_positive_bias	full	1.0	none	False	sub-144	similar	alpha	acceptance_bias	0.07864776448418123
fit-rw_positive_bias-full-prior1	rw_positive_bias	full	1.0	none	False	sub-144	similar	gamma	f0	0.42309182349469177
fit-rw_positive_bias-full-prior1	rw_positive_bias	full	1.0	none	False	sub-144	similar	gamma	epsilon	-0.13057430437570752
fit-rw_positive_bias-full-prior1	rw_positive_bias	full	1.0	none	False	sub-144	similar	gamma	acceptance_bias	-0.0843524514378129
fit-rw_positive_bias-full-prior1	rw_positive_bias	full	1.0	none	False	sub-144	similar	f0	epsilon	-0.0852021882392498
fit-rw_positive_bias-full-prior1	rw_positive_bias	full	1.0	none	False	sub-144	similar	f0	acceptance_bias	0.07546542728227748
fit-rw_positive_bias-full-prior1	rw_positive_bias	full	1.0	none	False	sub-144	similar	epsilon	acceptance_bias	-0.07826744893655381
fit-rw_positive_bias-full-prior1	rw_positive_bias	full	1.0	none	False	sub-144	dissimilar	alpha	gamma	-0.2579849818243738
fit-rw_positive_bias-full-prior1	rw_positive_bias	full	1.0	none	False	sub-144	dissimilar	alpha	f0	-0.454958140637047
fit-rw_positive_bias-full-prior1	rw_positive_bias	full	1.0	none	False	sub-144	dissimilar	alpha	epsilon	0.10180244996536028
fit-rw_positive_bias-full-prior1	rw_positive_bias	full	1.0	none	False	sub-144	dissimilar	alpha	acceptance_bias	0.0777692580004897
fit-rw_positive_bias-full-prior1	rw_positive_bias	full	1.0	none	False	sub-144	dissimilar	gamma	f0	0.4557044723432323
fit-rw_positive_bias-full-prior1	rw_positive_bias	full	1.0	none	False	sub-144	dissimilar	gamma	epsilon	-0.22588505963082775
fit-rw_positive_bias-full-prior1	rw_positive_bias	full	1.0	none	False	sub-144	dissimilar	gamma	acceptance_bias	0.04257223220251693
fit-rw_positive_bias-full-prior1	rw_positive_bias	full	1.0	none	False	sub-144	dissimilar	f0	epsilon	-0.09717809771580346
fit-rw_positive_bias-full-prior1	rw_positive_bias	full	1.0	none	False	sub-144	dissimilar	f0	acceptance_bias	0.0927539202182305
fit-rw_positive_bias-full-prior1	rw_positive_bias	full	1.0	none	False	sub-144	dissimilar	epsilon	acceptance_bias	-0.08987259061857596
fit-rw_positive_bias-full-prior1	rw_positive_bias	full	1.0	none	False	sub-147	computer	alpha	gamma	-0.6389299249830757
fit-rw_positive_bias-full-prior1	rw_positive_bias	full	1.0	none	False	sub-147	computer	alpha	f0	-0.11173137774312691
fit-rw_positive_bias-full-prior1	rw_positive_bias	full	1.0	none	False	sub-147	computer	alpha	epsilon	-0.1278314785545678
fit-rw_positive_bias-full-prior1	rw_positive_bias	full	1.0	none	False	sub-147	computer	alpha	acceptance_bias	0.5848447389764743
fit-rw_positive_bias-full-prior1	rw_positive_bias	full	1.0	none	False	sub-147	computer	gamma	f0	-0.13381378226997118
fit-rw_positive_bias-full-prior1	rw_positive_bias	full	1.0	none	False	sub-147	computer	gamma	epsilon	0.08790302858718224
fit-rw_positive_bias-full-prior1	rw_positive_bias	full	1.0	none	False	sub-147	computer	gamma	acceptance_bias	-0.7312711576946767
fit-rw_positive_bias-full-prior1	rw_positive_bias	full	1.0	none	False	sub-147	computer	f0	epsilon	-0.4159155217599347
fit-rw_positive_bias-full-prior1	rw_positive_bias	full	1.0	none	False	sub-147	computer	f0	acceptance_bias	0.3467807662429514
fit-rw_positive_bias-full-prior1	rw_positive_bias	full	1.0	none	False	sub-147	computer	epsilon	acceptance_bias	-0.09192727005214987
fit-rw_positive_bias-full-prior1	rw_positive_bias	full	1.0	none	False	sub-147	similar	alpha	gamma	-0.5271141103184839
fit-rw_positive_bias-full-prior1	rw_positive_bias	full	1.0	none	False	sub-147	similar	alpha	f0	-0.13246986500092733
fit-rw_positive_bias-full-prior1	rw_positive_bias	full	1.0	none	False	sub-147	similar	alpha	epsilon	-0.11496797511604012
fit-rw_positive_bias-full-prior1	rw_positive_bias	full	1.0	none	False	sub-147	similar	alpha	acceptance_bias	0.5774479310556632
fit-rw_positive_bias-full-prior1	rw_positive_bias	full	1.0	none	False	sub-147	similar	gamma	f0	-0.04516093917419089
fit-rw_positive_bias-full-prior1	rw_positive_bias	full	1.0	none	False	sub-147	similar	gamma	epsilon	0.0013169567361308353
fit-rw_positive_bias-full-prior1	rw_positive_bias	full	1.0	none	False	sub-147	similar	gamma	acceptance_bias	-0.5537924608997518
fit-rw_positive_bias-full-prior1	rw_positive_bias	full	1.0	none	False	sub-147	similar	f0	epsilon	-0.5288271867641466
fit-rw_positive_bias-full-prior1	rw_positive_bias	full	1.0	none	False	sub-147	similar	f0	acceptance_bias	0.3357955504484438
fit-rw_positive_bias-full-prior1	rw_positive_bias	full	1.0	none	False	sub-147	similar	epsilon	acceptance_bias	-0.12177399531829654
fit-rw_positive_bias-full-prior1	rw_positive_bias	full	1.0	none	False	sub-147	dissimilar	alpha	gamma	-0.5616179219069622
fit-rw_positive_bias-full-prior1	rw_positive_bias	full	1.0	none	False	sub-147	dissimilar	alpha	f0	-0.11967403421437187
fit-rw_positive_bias-full-prior1	rw_positive_bias	full	1.0	none	False	sub-147	dissimilar	alpha	epsilon	-0.12146536037705273
fit-rw_positive_bias-full-prior1	rw_positive_bias	full	1.0	none	False	sub-147	dissimilar	alpha	acceptance_bias	0.5774202889155501
fit-rw_positive_bias-full-prior1	rw_positive_bias	full	1.0	none	False	sub-147	dissimilar	gamma	f0	-0.20313572810124075
fit-rw_positive_bias-full-prior1	rw_positive_bias	full	1.0	none	False	sub-147	dissimilar	gamma	epsilon	0.16495602590168393
fit-rw_positive_bias-full-prior1	rw_positive_bias	full	1.0	none	False	sub-147	dissimilar	gamma	acceptance_bias	-0.6993079078759091
fit-rw_positive_bias-full-prior1	rw_positive_bias	full	1.0	none	False	sub-147	dissimilar	f0	epsilon	-0.47094426146539203
fit-rw_positive_bias-full-prior1	rw_positive_bias	full	1.0	none	False	sub-147	dissimilar	f0	acceptance_bias	0.3428458054281229
fit-rw_positive_bias-full-prior1	rw_positive_bias	full	1.0	none	False	sub-147	dissimilar	epsilon	acceptance_bias	-0.11360561713149649
fit-rw_positive_bias-full-prior1	rw_positive_bias	full	1.0	none	False	sub-149	computer	alpha	gamma	-0.2799114777158881
fit-rw_positive_bias-full-prior1	rw_positive_bias	full	1.0	none	False	sub-149	computer	alpha	f0	-0.33250093127443453
fit-rw_positive_bias-full-prior1	rw_positive_bias	full	1.0	none	False	sub-149	computer	alpha	epsilon	-0.0852000319248638
fit-rw_positive_bias-full-prior1	rw_positive_bias	full	1.0	none	False	sub-149	computer	alpha	acceptance_bias	0.0570905223763021
fit-rw_positive_bias-full-prior1	rw_positive_bias	full	1.0	none	False	sub-149	computer	gamma	f0	0.48206442165947544
fit-rw_positive_bias-full-prior1	rw_positive_bias	full	1.0	none	False	sub-149	computer	gamma	epsilon	0.08700018033677472
fit-rw_positive_bias-full-prior1	rw_positive_bias	full	1.0	none	False	sub-149	computer	gamma	acceptance_bias	-0.165642629623448
fit-rw_positive_bias-full-prior1	rw_positive_bias	full	1.0	none	False	sub-149	computer	f0	epsilon	0.2582212391033156
fit-rw_positive_bias-full-prior1	rw_positive_bias	full	1.0	none	False	sub-149	computer	f0	acceptance_bias	0.16760640038009256
fit-rw_positive_bias-full-prior1	rw_positive_bias	full	1.0	none	False	sub-149	computer	epsilon	acceptance_bias	-0.07244374879134091
fit-rw_positive_bias-full-prior1	rw_positive_bias	full	1.0	none	False	sub-149	similar	alpha	gamma	-0.2315298165327394
fit-rw_positive_bias-full-prior1	rw_positive_bias	full	1.0	none	False	sub-149	similar	alpha	f0	-0.3443005314098868
fit-rw_positive_bias-full-prior1	rw_positive_bias	full	1.0	none	False	sub-149	similar	alpha	epsilon	-0.08903132070548724
fit-rw_positive_bias-full-prior1	rw_positive_bias	full	1.0	none	False	sub-149	similar	alpha	acceptance_bias	0.0506933396857082
fit-rw_positive_bias-full-prior1	rw_positive_bias	full	1.0	none	False	sub-149	similar	gamma	f0	0.34195500851351385
fit-rw_positive_bias-full-prior1	rw_positive_bias	full	1.0	none	False	sub-149	similar	gamma	epsilon	0.07555718761130877
fit-rw_positive_bias-full-prior1	rw_positive_bias	full	1.0	none	False	sub-149	similar	gamma	acceptance_bias	-0.28275790861234634
fit-rw_positive_bias-full-prior1	rw_positive_bias	full	1.0	none	False	sub-149	similar	f0	epsilon	0.26255282338776476
fit-rw_positive_bias-full-prior1	rw_positive_bias	full	1.0	none	False	sub-149	similar	f0	acceptance_bias	0.1731421554528399
fit-rw_positive_bias-full-prior1	rw_positive_bias	full	1.0	none	False	sub-149	similar	epsilon	acceptance_bias	-0.07289498294670103
fit-rw_positive_bias-full-prior1	rw_positive_bias	full	1.0	none	False	sub-149	dissimilar	alpha	gamma	-0.26091931309397387
fit-rw_positive_bias-full-prior1	rw_positive_bias	full	1.0	none	False	sub-149	dissimilar	alpha	f0	-0.33712817372085263
fit-rw_positive_bias-full-prior1	rw_positive_bias	full	1.0	none	False	sub-149	dissimilar	alpha	epsilon	-0.08599025675002765
fit-rw_positive_bias-full-prior1	rw_positive_bias	full	1.0	none	False	sub-149	dissimilar	alpha	acceptance_bias	0.0485395818274957
fit-rw_positive_bias-full-prior1	rw_positive_bias	full	1.0	none	False	sub-149	dissimilar	gamma	f0	0.5129487033927806
fit-rw_positive_bias-full-prior1	rw_positive_bias	full	1.0	none	False	sub-149	dissimilar	gamma	epsilon	0.07174171768408648
fit-rw_positive_bias-full-prior1	rw_positive_bias	full	1.0	none	False	sub-149	dissimilar	gamma	acceptance_bias	0.03582462171842355
fit-rw_positive_bias-full-prior1	rw_positive_bias	full	1.0	none	False	sub-149	dissimilar	f0	epsilon	0.2546297458137453
fit-rw_positive_bias-full-prior1	rw_positive_bias	full	1.0	none	False	sub-149	dissimilar	f0	acceptance_bias	0.18480387525132472
fit-rw_positive_bias-full-prior1	rw_positive_bias	full	1.0	none	False	sub-149	dissimilar	epsilon	acceptance_bias	-0.07264523312275094
fit-rw_positive_bias-full-prior1	rw_positive_bias	full	1.0	none	False	sub-150	computer	alpha	gamma	-0.6542630117694441
fit-rw_positive_bias-full-prior1	rw_positive_bias	full	1.0	none	False	sub-150	computer	alpha	f0	-0.5630375017344643
fit-rw_positive_bias-full-prior1	rw_positive_bias	full	1.0	none	False	sub-150	computer	alpha	epsilon	0.23820540999840278
fit-rw_positive_bias-full-prior1	rw_positive_bias	full	1.0	none	False	sub-150	computer	alpha	acceptance_bias	0.47698114891627547
fit-rw_positive_bias-full-prior1	rw_positive_bias	full	1.0	none	False	sub-150	computer	gamma	f0	0.5392072884630551
fit-rw_positive_bias-full-prior1	rw_positive_bias	full	1.0	none	False	sub-150	computer	gamma	epsilon	-0.058384929794470526
fit-rw_positive_bias-full-prior1	rw_positive_bias	full	1.0	none	False	sub-150	computer	gamma	acceptance_bias	-0.3125305330127321
fit-rw_positive_bias-full-prior1	rw_positive_bias	full	1.0	none	False	sub-150	computer	f0	epsilon	-0.16691835213150955
fit-rw_positive_bias-full-prior1	rw_positive_bias	full	1.0	none	False	sub-150	computer	f0	acceptance_bias	-0.079812399536401
fit-rw_positive_bias-full-prior1	rw_positive_bias	full	1.0	none	False	sub-150	computer	epsilon	acceptance_bias	-0.18402965596662166
fit-rw_positive_bias-full-prior1	rw_positive_bias	full	1.0	none	False	sub-150	similar	alpha	gamma	-0.6384867249394587
fit-rw_positive_bias-full-prior1	rw_positive_bias	full	1.0	none	False	sub-150	similar	alpha	f0	-0.5505146221112913
fit-rw_positive_bias-full-prior1	rw_positive_bias	full	1.0	none	False	sub-150	similar	alpha	epsilon	0.16806192948315077
fit-rw_positive_bias-full-prior1	rw_positive_bias	full	1.0	none	False	sub-150	similar	alpha	acceptance_bias	0.4965291613561783
fit-rw_positive_bias-full-prior1	rw_positive_bias	full	1.0	none	False	sub-150	similar	gamma	f0	0.4908904258718063
fit-rw_positive_bias-full-prior1	rw_positive_bias	full	1.0	none	False	sub-150	similar	gamma	epsilon	-0.15986374524390054
fit-rw_positive_bias-full-prior1	rw_positive_bias	full	1.0	none	False	sub-150	similar	gamma	acceptance_bias	-0.2009620073885685
fit-rw_positive_bias-full-prior1	rw_positive_bias	full	1.0	none	False	sub-150	similar	f0	epsilon	-0.1349642477027477
fit-rw_positive_bias-full-prior1	rw_positive_bias	full	1.0	none	False	sub-150	similar	f0	acceptance_bias	-0.05379436786615841
fit-rw_positive_bias-full-prior1	rw_positive_bias	full	1.0	none	False	sub-150	similar	epsilon	acceptance_bias	-0.23014025494150808
fit-rw_positive_bias-full-prior1	rw_positive_bias	full	1.0	none	False	sub-150	dissimilar	alpha	gamma	-0.6044715551857267
fit-rw_positive_bias-full-prior1	rw_positive_bias	full	1.0	none	False	sub-150	dissimilar	alpha	f0	-0.5664427795214221
fit-rw_positive_bias-full-prior1	rw_positive_bias	full	1.0	none	False	sub-150	dissimilar	alpha	epsilon	0.2791988832368883
fit-rw_positive_bias-full-prior1	rw_positive_bias	full	1.0	none	False	sub-150	dissimilar	alpha	acceptance_bias	0.47470519491053736
fit-rw_positive_bias-full-prior1	rw_positive_bias	full	1.0	none	False	sub-150	dissimilar	gamma	f0	0.4912272212852517
fit-rw_positive_bias-full-prior1	rw_positive_bias	full	1.0	none	False	sub-150	dissimilar	gamma	epsilon	-0.08561459547490842
fit-rw_positive_bias-full-prior1	rw_positive_bias	full	1.0	none	False	sub-150	dissimilar	gamma	acceptance_bias	-0.32110911080784127
fit-rw_positive_bias-full-prior1	rw_positive_bias	full	1.0	none	False	sub-150	dissimilar	f0	epsilon	-0.2063559271955634
fit-rw_positive_bias-full-prior1	rw_positive_bias	full	1.0	none	False	sub-150	dissimilar	f0	acceptance_bias	-0.06418543285025538
fit-rw_positive_bias-full-prior1	rw_positive_bias	full	1.0	none	False	sub-150	dissimilar	epsilon	acceptance_bias	-0.14370168868348054
fit-rw_positive_bias-full-prior1	rw_positive_bias	full	1.0	none	False	sub-151	computer	alpha	gamma	-0.5552477258723251
fit-rw_positive_bias-full-prior1	rw_positive_bias	full	1.0	none	False	sub-151	computer	alpha	f0	-0.5315226510003948
fit-rw_positive_bias-full-prior1	rw_positive_bias	full	1.0	none	False	sub-151	computer	alpha	epsilon	0.06750094642332749
fit-rw_positive_bias-full-prior1	rw_positive_bias	full	1.0	none	False	sub-151	computer	alpha	acceptance_bias	0.2247759321162667
fit-rw_positive_bias-full-prior1	rw_positive_bias	full	1.0	none	False	sub-151	computer	gamma	f0	0.5208090868284625
fit-rw_positive_bias-full-prior1	rw_positive_bias	full	1.0	none	False	sub-151	computer	gamma	epsilon	-0.12256391804834728
fit-rw_positive_bias-full-prior1	rw_positive_bias	full	1.0	none	False	sub-151	computer	gamma	acceptance_bias	-0.2621855970017687
fit-rw_positive_bias-full-prior1	rw_positive_bias	full	1.0	none	False	sub-151	computer	f0	epsilon	-0.09046309458170664
fit-rw_positive_bias-full-prior1	rw_positive_bias	full	1.0	none	False	sub-151	computer	f0	acceptance_bias	0.24188504778877173
fit-rw_positive_bias-full-prior1	rw_positive_bias	full	1.0	none	False	sub-151	computer	epsilon	acceptance_bias	-0.1134490741062491
fit-rw_positive_bias-full-prior1	rw_positive_bias	full	1.0	none	False	sub-151	similar	alpha	gamma	-0.5301930169113809
fit-rw_positive_bias-full-prior1	rw_positive_bias	full	1.0	none	False	sub-151	similar	alpha	f0	-0.5349311470881682
fit-rw_positive_bias-full-prior1	rw_positive_bias	full	1.0	none	False	sub-151	similar	alpha	epsilon	0.07047227326014757
fit-rw_positive_bias-full-prior1	rw_positive_bias	full	1.0	none	False	sub-151	similar	alpha	acceptance_bias	0.22582222367791643
fit-rw_positive_bias-full-prior1	rw_positive_bias	full	1.0	none	False	sub-151	similar	gamma	f0	0.5842323420354928
fit-rw_positive_bias-full-prior1	rw_positive_bias	full	1.0	none	False	sub-151	similar	gamma	epsilon	-0.11575293447769755
fit-rw_positive_bias-full-prior1	rw_positive_bias	full	1.0	none	False	sub-151	similar	gamma	acceptance_bias	-0.05634028655323568
fit-rw_positive_bias-full-prior1	rw_positive_bias	full	1.0	none	False	sub-151	similar	f0	epsilon	-0.08420117284645552
fit-rw_positive_bias-full-prior1	rw_positive_bias	full	1.0	none	False	sub-151	similar	f0	acceptance_bias	0.23864518728702055
fit-rw_positive_bias-full-prior1	rw_positive_bias	full	1.0	none	False	sub-151	similar	epsilon	acceptance_bias	-0.10347431117286664
fit-rw_positive_bias-full-prior1	rw_positive_bias	full	1.0	none	False	sub-151	dissimilar	alpha	gamma	-0.45984719266087387
fit-rw_positive_bias-full-prior1	rw_positive_bias	full	1.0	none	False	sub-151	dissimilar	alpha	f0	-0.5426355872333986
fit-rw_positive_bias-full-prior1	rw_positive_bias	full	1.0	none	False	sub-151	dissimilar	alpha	epsilon	0.06755757087335143
fit-rw_positive_bias-full-prior1	rw_positive_bias	full	1.0	none	False	sub-151	dissimilar	alpha	acceptance_bias	0.21907727424855722
fit-rw_positive_bias-full-prior1	rw_positive_bias	full	1.0	none	False	sub-151	dissimilar	gamma	f0	0.3844784483962374
fit-rw_positive_bias-full-prior1	rw_positive_bias	full	1.0	none	False	sub-151	dissimilar	gamma	epsilon	-0.11586530674293823
fit-rw_positive_bias-full-prior1	rw_positive_bias	full	1.0	none	False	sub-151	dissimilar	gamma	acceptance_bias	-0.30709197870267124
fit-rw_positive_bias-full-prior1	rw_positive_bias	full	1.0	none	False	sub-151	dissimilar	f0	epsilon	-0.07839713572833597
fit-rw_positive_bias-full-prior1	rw_positive_bias	full	1.0	none	False	sub-151	dissimilar	f0	acceptance_bias	0.23631667404000503
fit-rw_positive_bias-full-prior1	rw_positive_bias	full	1.0	none	False	sub-151	dissimilar	epsilon	acceptance_bias	-0.09882709110971419
fit-rw_positive_bias-full-prior1	rw_positive_bias	full	1.0	none	False	sub-152	computer	alpha	gamma	-0.17586486268186027
fit-rw_positive_bias-full-prior1	rw_positive_bias	full	1.0	none	False	sub-152	computer	alpha	f0	-0.18469414734170167
fit-rw_positive_bias-full-prior1	rw_positive_bias	full	1.0	none	False	sub-152	computer	alpha	epsilon	0.14587738451212282
fit-rw_positive_bias-full-prior1	rw_positive_bias	full	1.0	none	False	sub-152	computer	alpha	acceptance_bias	0.200374103011963
fit-rw_positive_bias-full-prior1	rw_positive_bias	full	1.0	none	False	sub-152	computer	gamma	f0	-0.08835270859085705
fit-rw_positive_bias-full-prior1	rw_positive_bias	full	1.0	none	False	sub-152	computer	gamma	epsilon	0.17356408345373023
fit-rw_positive_bias-full-prior1	rw_positive_bias	full	1.0	none	False	sub-152	computer	gamma	acceptance_bias	-0.41166278587021543
fit-rw_positive_bias-full-prior1	rw_positive_bias	full	1.0	none	False	sub-152	computer	f0	epsilon	0.2883454972476556
fit-rw_positive_bias-full-prior1	rw_positive_bias	full	1.0	none	False	sub-152	computer	f0	acceptance_bias	0.25158379764678007
fit-rw_positive_bias-full-prior1	rw_positive_bias	full	1.0	none	False	sub-152	computer	epsilon	acceptance_bias	-0.022151352933999155
fit-rw_positive_bias-full-prior1	rw_positive_bias	full	1.0	none	False	sub-152	similar	alpha	gamma	-0.14272248125806927
fit-rw_positive_bias-full-prior1	rw_positive_bias	full	1.0	none	False	sub-152	similar	alpha	f0	-0.17550314034324666
fit-rw_positive_bias-full-prior1	rw_positive_bias	full	1.0	none	False	sub-152	similar	alpha	epsilon	0.1390203717077078
fit-rw_positive_bias-full-prior1	rw_positive_bias	full	1.0	none	False	sub-152	similar	alpha	acceptance_bias	0.18009344123880786
fit-rw_positive_bias-full-prior1	rw_positive_bias	full	1.0	none	False	sub-152	similar	gamma	f0	-0.10029537825223302
fit-rw_positive_bias-full-prior1	rw_positive_bias	full	1.0	none	False	sub-152	similar	gamma	epsilon	0.15220227765337943
fit-rw_positive_bias-full-prior1	rw_positive_bias	full	1.0	none	False	sub-152	similar	gamma	acceptance_bias	-0.3740601497788084
fit-rw_positive_bias-full-prior1	rw_positive_bias	full	1.0	none	False	sub-152	similar	f0	epsilon	0.29713388656072454
fit-rw_positive_bias-full-prior1	rw_positive_bias	full	1.0	none	False	sub-152	similar	f0	acceptance_bias	0.2573994025977308
fit-rw_positive_bias-full-prior1	rw_positive_bias	full	1.0	none	False	sub-152	similar	epsilon	acceptance_bias	-0.019859829063756527
fit-rw_positive_bias-full-prior1	rw_positive_bias	full	1.0	none	False	sub-152	dissimilar	alpha	gamma	-0.16111742977553437
fit-rw_positive_bias-full-prior1	rw_positive_bias	full	1.0	none	False	sub-152	dissimilar	alpha	f0	-0.18059108284613062
fit-rw_positive_bias-full-prior1	rw_positive_bias	full	1.0	none	False	sub-152	dissimilar	alpha	epsilon	0.13957245772801857
fit-rw_positive_bias-full-prior1	rw_positive_bias	full	1.0	none	False	sub-152	dissimilar	alpha	acceptance_bias	0.1871353949616906
fit-rw_positive_bias-full-prior1	rw_positive_bias	full	1.0	none	False	sub-152	dissimilar	gamma	f0	-0.08656369659630363
fit-rw_positive_bias-full-prior1	rw_positive_bias	full	1.0	none	False	sub-152	dissimilar	gamma	epsilon	0.12952023213658576
fit-rw_positive_bias-full-prior1	rw_positive_bias	full	1.0	none	False	sub-152	dissimilar	gamma	acceptance_bias	-0.37821496167862484
fit-rw_positive_bias-full-prior1	rw_positive_bias	full	1.0	none	False	sub-152	dissimilar	f0	epsilon	0.2986141075419831
fit-rw_positive_bias-full-prior1	rw_positive_bias	full	1.0	none	False	sub-152	dissimilar	f0	acceptance_bias	0.2571916195175037
fit-rw_positive_bias-full-prior1	rw_positive_bias	full	1.0	none	False	sub-152	dissimilar	epsilon	acceptance_bias	-0.017431596695826827
fit-rw_positive_bias-full-prior1	rw_positive_bias	full	1.0	none	False	sub-153	computer	alpha	gamma	-0.44040688335143047
fit-rw_positive_bias-full-prior1	rw_positive_bias	full	1.0	none	False	sub-153	computer	alpha	f0	-0.0757255298226577
fit-rw_positive_bias-full-prior1	rw_positive_bias	full	1.0	none	False	sub-153	computer	alpha	epsilon	-0.013035831068416371
fit-rw_positive_bias-full-prior1	rw_positive_bias	full	1.0	none	False	sub-153	computer	alpha	acceptance_bias	0.6230491526386568
fit-rw_positive_bias-full-prior1	rw_positive_bias	full	1.0	none	False	sub-153	computer	gamma	f0	0.2395446029098439
fit-rw_positive_bias-full-prior1	rw_positive_bias	full	1.0	none	False	sub-153	computer	gamma	epsilon	0.07557890523879833
fit-rw_positive_bias-full-prior1	rw_positive_bias	full	1.0	none	False	sub-153	computer	gamma	acceptance_bias	-0.22457463312112183
fit-rw_positive_bias-full-prior1	rw_positive_bias	full	1.0	none	False	sub-153	computer	f0	epsilon	-0.25025984226571074
fit-rw_positive_bias-full-prior1	rw_positive_bias	full	1.0	none	False	sub-153	computer	f0	acceptance_bias	0.4465453737813316
fit-rw_positive_bias-full-prior1	rw_positive_bias	full	1.0	none	False	sub-153	computer	epsilon	acceptance_bias	-0.1334125647239836
fit-rw_positive_bias-full-prior1	rw_positive_bias	full	1.0	none	False	sub-153	similar	alpha	gamma	-0.45893987540589726
fit-rw_positive_bias-full-prior1	rw_positive_bias	full	1.0	none	False	sub-153	similar	alpha	f0	-0.13367217903924647
fit-rw_positive_bias-full-prior1	rw_positive_bias	full	1.0	none	False	sub-153	similar	alpha	epsilon	-0.02281590934142661
fit-rw_positive_bias-full-prior1	rw_positive_bias	full	1.0	none	False	sub-153	similar	alpha	acceptance_bias	0.616330078417914
fit-rw_positive_bias-full-prior1	rw_positive_bias	full	1.0	none	False	sub-153	similar	gamma	f0	0.1461502618745751
fit-rw_positive_bias-full-prior1	rw_positive_bias	full	1.0	none	False	sub-153	similar	gamma	epsilon	0.050486163718398404
fit-rw_positive_bias-full-prior1	rw_positive_bias	full	1.0	none	False	sub-153	similar	gamma	acceptance_bias	-0.3391115103533921
fit-rw_positive_bias-full-prior1	rw_positive_bias	full	1.0	none	False	sub-153	similar	f0	epsilon	-0.17053041646495465
fit-rw_positive_bias-full-prior1	rw_positive_bias	full	1.0	none	False	sub-153	similar	f0	acceptance_bias	0.34910003317973215
fit-rw_positive_bias-full-prior1	rw_positive_bias	full	1.0	none	False	sub-153	similar	epsilon	acceptance_bias	-0.09188411110292052
fit-rw_positive_bias-full-prior1	rw_positive_bias	full	1.0	none	False	sub-153	dissimilar	alpha	gamma	-0.34633873685785016
fit-rw_positive_bias-full-prior1	rw_positive_bias	full	1.0	none	False	sub-153	dissimilar	alpha	f0	-0.14912545154917392
fit-rw_positive_bias-full-prior1	rw_positive_bias	full	1.0	none	False	sub-153	dissimilar	alpha	epsilon	-0.020801804078579445
fit-rw_positive_bias-full-prior1	rw_positive_bias	full	1.0	none	False	sub-153	dissimilar	alpha	acceptance_bias	0.6392332309921912
fit-rw_positive_bias-full-prior1	rw_positive_bias	full	1.0	none	False	sub-153	dissimilar	gamma	f0	-0.20675442968053015
fit-rw_positive_bias-full-prior1	rw_positive_bias	full	1.0	none	False	sub-153	dissimilar	gamma	epsilon	0.15213279514518874
fit-rw_positive_bias-full-prior1	rw_positive_bias	full	1.0	none	False	sub-153	dissimilar	gamma	acceptance_bias	-0.3235961124283173
fit-rw_positive_bias-full-prior1	rw_positive_bias	full	1.0	none	False	sub-153	dissimilar	f0	epsilon	-0.19695530610236014
fit-rw_positive_bias-full-prior1	rw_positive_bias	full	1.0	none	False	sub-153	dissimilar	f0	acceptance_bias	0.32977433650393295
fit-rw_positive_bias-full-prior1	rw_positive_bias	full	1.0	none	False	sub-153	dissimilar	epsilon	acceptance_bias	-0.07324044721649879
fit-rw_positive_bias-full-prior1	rw_positive_bias	full	1.0	none	False	sub-154	computer	alpha	gamma	-0.6533970732221093
fit-rw_positive_bias-full-prior1	rw_positive_bias	full	1.0	none	False	sub-154	computer	alpha	f0	-0.6161982798263855
fit-rw_positive_bias-full-prior1	rw_positive_bias	full	1.0	none	False	sub-154	computer	alpha	epsilon	0.029442353744662083
fit-rw_positive_bias-full-prior1	rw_positive_bias	full	1.0	none	False	sub-154	computer	alpha	acceptance_bias	0.20695005320880286
fit-rw_positive_bias-full-prior1	rw_positive_bias	full	1.0	none	False	sub-154	computer	gamma	f0	0.5179215527110871
fit-rw_positive_bias-full-prior1	rw_positive_bias	full	1.0	none	False	sub-154	computer	gamma	epsilon	0.13597195997888623
fit-rw_positive_bias-full-prior1	rw_positive_bias	full	1.0	none	False	sub-154	computer	gamma	acceptance_bias	-0.2850177384587668
fit-rw_positive_bias-full-prior1	rw_positive_bias	full	1.0	none	False	sub-154	computer	f0	epsilon	-0.22267078365351947
fit-rw_positive_bias-full-prior1	rw_positive_bias	full	1.0	none	False	sub-154	computer	f0	acceptance_bias	0.3521578697058243
fit-rw_positive_bias-full-prior1	rw_positive_bias	full	1.0	none	False	sub-154	computer	epsilon	acceptance_bias	-0.3713287361327359
fit-rw_positive_bias-full-prior1	rw_positive_bias	full	1.0	none	False	sub-154	similar	alpha	gamma	-0.5984717565613478
fit-rw_positive_bias-full-prior1	rw_positive_bias	full	1.0	none	False	sub-154	similar	alpha	f0	-0.5905843754358021
fit-rw_positive_bias-full-prior1	rw_positive_bias	full	1.0	none	False	sub-154	similar	alpha	epsilon	0.03544082722925093
fit-rw_positive_bias-full-prior1	rw_positive_bias	full	1.0	none	False	sub-154	similar	alpha	acceptance_bias	0.24225838641492312
fit-rw_positive_bias-full-prior1	rw_positive_bias	full	1.0	none	False	sub-154	similar	gamma	f0	0.4814631409404201
fit-rw_positive_bias-full-prior1	rw_positive_bias	full	1.0	none	False	sub-154	similar	gamma	epsilon	0.22022747426949382
fit-rw_positive_bias-full-prior1	rw_positive_bias	full	1.0	none	False	sub-154	similar	gamma	acceptance_bias	-0.18173604008165622
fit-rw_positive_bias-full-prior1	rw_positive_bias	full	1.0	none	False	sub-154	similar	f0	epsilon	-0.24105628684992908
fit-rw_positive_bias-full-prior1	rw_positive_bias	full	1.0	none	False	sub-154	similar	f0	acceptance_bias	0.3685213008521192
fit-rw_positive_bias-full-prior1	rw_positive_bias	full	1.0	none	False	sub-154	similar	epsilon	acceptance_bias	-0.37367236491687794
fit-rw_positive_bias-full-prior1	rw_positive_bias	full	1.0	none	False	sub-154	dissimilar	alpha	gamma	-0.48252335672564967
fit-rw_positive_bias-full-prior1	rw_positive_bias	full	1.0	none	False	sub-154	dissimilar	alpha	f0	-0.6359525519838743
fit-rw_positive_bias-full-prior1	rw_positive_bias	full	1.0	none	False	sub-154	dissimilar	alpha	epsilon	0.040114332143340765
fit-rw_positive_bias-full-prior1	rw_positive_bias	full	1.0	none	False	sub-154	dissimilar	alpha	acceptance_bias	0.17437472025074865
fit-rw_positive_bias-full-prior1	rw_positive_bias	full	1.0	none	False	sub-154	dissimilar	gamma	f0	0.4471789884313671
fit-rw_positive_bias-full-prior1	rw_positive_bias	full	1.0	none	False	sub-154	dissimilar	gamma	epsilon	-0.026655647551254897
fit-rw_positive_bias-full-prior1	rw_positive_bias	full	1.0	none	False	sub-154	dissimilar	gamma	acceptance_bias	-0.140501434188347
fit-rw_positive_bias-full-prior1	rw_positive_bias	full	1.0	none	False	sub-154	dissimilar	f0	epsilon	-0.24863013433579934
fit-rw_positive_bias-full-prior1	rw_positive_bias	full	1.0	none	False	sub-154	dissimilar	f0	acceptance_bias	0.34289151185629874
fit-rw_positive_bias-full-prior1	rw_positive_bias	full	1.0	none	False	sub-154	dissimilar	epsilon	acceptance_bias	-0.37594937688735763
fit-rw_positive_bias-full-prior1	rw_positive_bias	full	1.0	none	False	sub-155	computer	alpha	gamma	-0.21986968965345613
fit-rw_positive_bias-full-prior1	rw_positive_bias	full	1.0	none	False	sub-155	computer	alpha	f0	-0.4702703736053232
fit-rw_positive_bias-full-prior1	rw_positive_bias	full	1.0	none	False	sub-155	computer	alpha	epsilon	0.07975526132055986
fit-rw_positive_bias-full-prior1	rw_positive_bias	full	1.0	none	False	sub-155	computer	alpha	acceptance_bias	0.052985205213907004
fit-rw_positive_bias-full-prior1	rw_positive_bias	full	1.0	none	False	sub-155	computer	gamma	f0	0.38847445952312687
fit-rw_positive_bias-full-prior1	rw_positive_bias	full	1.0	none	False	sub-155	computer	gamma	epsilon	-0.01693930231509041
fit-rw_positive_bias-full-prior1	rw_positive_bias	full	1.0	none	False	sub-155	computer	gamma	acceptance_bias	-0.027814227964903505
fit-rw_positive_bias-full-prior1	rw_positive_bias	full	1.0	none	False	sub-155	computer	f0	epsilon	-0.06394296667331924
fit-rw_positive_bias-full-prior1	rw_positive_bias	full	1.0	none	False	sub-155	computer	f0	acceptance_bias	0.017111362655793515
fit-rw_positive_bias-full-prior1	rw_positive_bias	full	1.0	none	False	sub-155	computer	epsilon	acceptance_bias	-0.022179287288857878
fit-rw_positive_bias-full-prior1	rw_positive_bias	full	1.0	none	False	sub-155	similar	alpha	gamma	-0.2015571437026546
fit-rw_positive_bias-full-prior1	rw_positive_bias	full	1.0	none	False	sub-155	similar	alpha	f0	-0.4726938960509709
fit-rw_positive_bias-full-prior1	rw_positive_bias	full	1.0	none	False	sub-155	similar	alpha	epsilon	0.08164441734739031
fit-rw_positive_bias-full-prior1	rw_positive_bias	full	1.0	none	False	sub-155	similar	alpha	acceptance_bias	0.04881250088636467
fit-rw_positive_bias-full-prior1	rw_positive_bias	full	1.0	none	False	sub-155	similar	gamma	f0	0.36093140744763835
fit-rw_positive_bias-full-prior1	rw_positive_bias	full	1.0	none	False	sub-155	similar	gamma	epsilon	-0.01709043675994434
fit-rw_positive_bias-full-prior1	rw_positive_bias	full	1.0	none	False	sub-155	similar	gamma	acceptance_bias	-0.019462022539716885
fit-rw_positive_bias-full-prior1	rw_positive_bias	full	1.0	none	False	sub-155	similar	f0	epsilon	-0.049804760278290845
fit-rw_positive_bias-full-prior1	rw_positive_bias	full	1.0	none	False	sub-155	similar	f0	acceptance_bias	0.014966268772708955
fit-rw_positive_bias-full-prior1	rw_positive_bias	full	1.0	none	False	sub-155	similar	epsilon	acceptance_bias	-0.014652864941117578
fit-rw_positive_bias-full-prior1	rw_positive_bias	full	1.0	none	False	sub-155	dissimilar	alpha	gamma	-0.18915937517072481
fit-rw_positive_bias-full-prior1	rw_positive_bias	full	1.0	none	False	sub-155	dissimilar	alpha	f0	-0.47075124421806935
fit-rw_positive_bias-full-prior1	rw_positive_bias	full	1.0	none	False	sub-155	dissimilar	alpha	epsilon	0.07978362179711761
fit-rw_positive_bias-full-prior1	rw_positive_bias	full	1.0	none	False	sub-155	dissimilar	alpha	acceptance_bias	0.047932544318978546
fit-rw_positive_bias-full-prior1	rw_positive_bias	full	1.0	none	False	sub-155	dissimilar	gamma	f0	0.32365954308578415
fit-rw_positive_bias-full-prior1	rw_positive_bias	full	1.0	none	False	sub-155	dissimilar	gamma	epsilon	-0.0197858967198401
fit-rw_positive_bias-full-prior1	rw_positive_bias	full	1.0	none	False	sub-155	dissimilar	gamma	acceptance_bias	-0.021759980099118968
fit-rw_positive_bias-full-prior1	rw_positive_bias	full	1.0	none	False	sub-155	dissimilar	f0	epsilon	-0.055748157194599746
fit-rw_positive_bias-full-prior1	rw_positive_bias	full	1.0	none	False	sub-155	dissimilar	f0	acceptance_bias	0.01910837617027364
fit-rw_positive_bias-full-prior1	rw_positive_bias	full	1.0	none	False	sub-155	dissimilar	epsilon	acceptance_bias	-0.009141375786320072
fit-rw_positive_bias-full-prior1	rw_positive_bias	full	1.0	none	False	sub-156	computer	alpha	gamma	-0.09050678434336519
fit-rw_positive_bias-full-prior1	rw_positive_bias	full	1.0	none	False	sub-156	computer	alpha	f0	-0.1908188478548125
fit-rw_positive_bias-full-prior1	rw_positive_bias	full	1.0	none	False	sub-156	computer	alpha	epsilon	-0.01105244693171589
fit-rw_positive_bias-full-prior1	rw_positive_bias	full	1.0	none	False	sub-156	computer	alpha	acceptance_bias	0.09175497042254212
fit-rw_positive_bias-full-prior1	rw_positive_bias	full	1.0	none	False	sub-156	computer	gamma	f0	-0.11478456156605987
fit-rw_positive_bias-full-prior1	rw_positive_bias	full	1.0	none	False	sub-156	computer	gamma	epsilon	0.032342915527430786
fit-rw_positive_bias-full-prior1	rw_positive_bias	full	1.0	none	False	sub-156	computer	gamma	acceptance_bias	-0.35645465934948606
fit-rw_positive_bias-full-prior1	rw_positive_bias	full	1.0	none	False	sub-156	computer	f0	epsilon	0.3448099035814113
fit-rw_positive_bias-full-prior1	rw_positive_bias	full	1.0	none	False	sub-156	computer	f0	acceptance_bias	0.21535154366597845
fit-rw_positive_bias-full-prior1	rw_positive_bias	full	1.0	none	False	sub-156	computer	epsilon	acceptance_bias	-0.024937723933305286
fit-rw_positive_bias-full-prior1	rw_positive_bias	full	1.0	none	False	sub-156	similar	alpha	gamma	-0.060806029332149285
fit-rw_positive_bias-full-prior1	rw_positive_bias	full	1.0	none	False	sub-156	similar	alpha	f0	-0.17126414670913265
fit-rw_positive_bias-full-prior1	rw_positive_bias	full	1.0	none	False	sub-156	similar	alpha	epsilon	-0.011025396560435908
fit-rw_positive_bias-full-prior1	rw_positive_bias	full	1.0	none	False	sub-156	similar	alpha	acceptance_bias	0.07185859221495179
fit-rw_positive_bias-full-prior1	rw_positive_bias	full	1.0	none	False	sub-156	similar	gamma	f0	-0.09585597412066192
fit-rw_positive_bias-full-prior1	rw_positive_bias	full	1.0	none	False	sub-156	similar	gamma	epsilon	0.041142595425510776
fit-rw_positive_bias-full-prior1	rw_positive_bias	full	1.0	none	False	sub-156	similar	gamma	acceptance_bias	-0.2891796789975558
fit-rw_positive_bias-full-prior1	rw_positive_bias	full	1.0	none	False	sub-156	similar	f0	epsilon	0.3479478626905512
fit-rw_positive_bias-full-prior1	rw_positive_bias	full	1.0	none	False	sub-156	similar	f0	acceptance_bias	0.2235891965132138
fit-rw_positive_bias-full-prior1	rw_positive_bias	full	1.0	none	False	sub-156	similar	epsilon	acceptance_bias	-0.02273557919653172
fit-rw_positive_bias-full-prior1	rw_positive_bias	full	1.0	none	False	sub-156	dissimilar	alpha	gamma	-0.07533893167558701
fit-rw_positive_bias-full-prior1	rw_positive_bias	full	1.0	none	False	sub-156	dissimilar	alpha	f0	-0.17213675393723343
fit-rw_positive_bias-full-prior1	rw_positive_bias	full	1.0	none	False	sub-156	dissimilar	alpha	epsilon	-0.011023732080586015
fit-rw_positive_bias-full-prior1	rw_positive_bias	full	1.0	none	False	sub-156	dissimilar	alpha	acceptance_bias	0.0749656719430034
fit-rw_positive_bias-full-prior1	rw_positive_bias	full	1.0	none	False	sub-156	dissimilar	gamma	f0	-0.12464129534357665
fit-rw_positive_bias-full-prior1	rw_positive_bias	full	1.0	none	False	sub-156	dissimilar	gamma	epsilon	0.016177296853244254
fit-rw_positive_bias-full-prior1	rw_positive_bias	full	1.0	none	False	sub-156	dissimilar	gamma	acceptance_bias	-0.3548771459433309
fit-rw_positive_bias-full-prior1	rw_positive_bias	full	1.0	none	False	sub-156	dissimilar	f0	epsilon	0.3493043532341084
fit-rw_positive_bias-full-prior1	rw_positive_bias	full	1.0	none	False	sub-156	dissimilar	f0	acceptance_bias	0.22329495225791055
fit-rw_positive_bias-full-prior1	rw_positive_bias	full	1.0	none	False	sub-156	dissimilar	epsilon	acceptance_bias	-0.021558969396719696
fit-rw_positive_bias-full-prior1	rw_positive_bias	full	1.0	none	False	sub-157	computer	alpha	gamma	-0.6707312218300208
fit-rw_positive_bias-full-prior1	rw_positive_bias	full	1.0	none	False	sub-157	computer	alpha	f0	0.008627901088201051
fit-rw_positive_bias-full-prior1	rw_positive_bias	full	1.0	none	False	sub-157	computer	alpha	epsilon	-0.09025911882871623
fit-rw_positive_bias-full-prior1	rw_positive_bias	full	1.0	none	False	sub-157	computer	alpha	acceptance_bias	0.6985030369963171
fit-rw_positive_bias-full-prior1	rw_positive_bias	full	1.0	none	False	sub-157	computer	gamma	f0	-0.14519500376084815
fit-rw_positive_bias-full-prior1	rw_positive_bias	full	1.0	none	False	sub-157	computer	gamma	epsilon	0.1310079506962984
fit-rw_positive_bias-full-prior1	rw_positive_bias	full	1.0	none	False	sub-157	computer	gamma	acceptance_bias	-0.630358126364092
fit-rw_positive_bias-full-prior1	rw_positive_bias	full	1.0	none	False	sub-157	computer	f0	epsilon	-0.26130385146565704
fit-rw_positive_bias-full-prior1	rw_positive_bias	full	1.0	none	False	sub-157	computer	f0	acceptance_bias	0.355166531514663
fit-rw_positive_bias-full-prior1	rw_positive_bias	full	1.0	none	False	sub-157	computer	epsilon	acceptance_bias	-0.02374410698252157
fit-rw_positive_bias-full-prior1	rw_positive_bias	full	1.0	none	False	sub-157	similar	alpha	gamma	-0.622847922015577
fit-rw_positive_bias-full-prior1	rw_positive_bias	full	1.0	none	False	sub-157	similar	alpha	f0	0.012585790407158688
fit-rw_positive_bias-full-prior1	rw_positive_bias	full	1.0	none	False	sub-157	similar	alpha	epsilon	-0.08257007409999634
fit-rw_positive_bias-full-prior1	rw_positive_bias	full	1.0	none	False	sub-157	similar	alpha	acceptance_bias	0.701840386463952
fit-rw_positive_bias-full-prior1	rw_positive_bias	full	1.0	none	False	sub-157	similar	gamma	f0	-0.08464113830990946
fit-rw_positive_bias-full-prior1	rw_positive_bias	full	1.0	none	False	sub-157	similar	gamma	epsilon	0.1398779136851176
fit-rw_positive_bias-full-prior1	rw_positive_bias	full	1.0	none	False	sub-157	similar	gamma	acceptance_bias	-0.5428119456126121
fit-rw_positive_bias-full-prior1	rw_positive_bias	full	1.0	none	False	sub-157	similar	f0	epsilon	-0.4085558359225727
fit-rw_positive_bias-full-prior1	rw_positive_bias	full	1.0	none	False	sub-157	similar	f0	acceptance_bias	0.36158939910314675
fit-rw_positive_bias-full-prior1	rw_positive_bias	full	1.0	none	False	sub-157	similar	epsilon	acceptance_bias	-0.07625223604893216
fit-rw_positive_bias-full-prior1	rw_positive_bias	full	1.0	none	False	sub-157	dissimilar	alpha	gamma	-0.5335078989818944
fit-rw_positive_bias-full-prior1	rw_positive_bias	full	1.0	none	False	sub-157	dissimilar	alpha	f0	0.009794307533783396
fit-rw_positive_bias-full-prior1	rw_positive_bias	full	1.0	none	False	sub-157	dissimilar	alpha	epsilon	-0.044471461788480056
fit-rw_positive_bias-full-prior1	rw_positive_bias	full	1.0	none	False	sub-157	dissimilar	alpha	acceptance_bias	0.694588586871697
fit-rw_positive_bias-full-prior1	rw_positive_bias	full	1.0	none	False	sub-157	dissimilar	gamma	f0	-0.12034935584909993
fit-rw_positive_bias-full-prior1	rw_positive_bias	full	1.0	none	False	sub-157	dissimilar	gamma	epsilon	0.17775364824089995
fit-rw_positive_bias-full-prior1	rw_positive_bias	full	1.0	none	False	sub-157	dissimilar	gamma	acceptance_bias	-0.46599200796178936
fit-rw_positive_bias-full-prior1	rw_positive_bias	full	1.0	none	False	sub-157	dissimilar	f0	epsilon	-0.39280977073308654
fit-rw_positive_bias-full-prior1	rw_positive_bias	full	1.0	none	False	sub-157	dissimilar	f0	acceptance_bias	0.3697397077098791
fit-rw_positive_bias-full-prior1	rw_positive_bias	full	1.0	none	False	sub-157	dissimilar	epsilon	acceptance_bias	-0.04415636959102969
fit-rw_positive_bias-full-prior1	rw_positive_bias	full	1.0	none	False	sub-158	computer	alpha	gamma	-0.6957548121821436
fit-rw_positive_bias-full-prior1	rw_positive_bias	full	1.0	none	False	sub-158	computer	alpha	f0	-0.5616732248198549
fit-rw_positive_bias-full-prior1	rw_positive_bias	full	1.0	none	False	sub-158	computer	alpha	epsilon	0.07203001972093491
fit-rw_positive_bias-full-prior1	rw_positive_bias	full	1.0	none	False	sub-158	computer	alpha	acceptance_bias	0.3389793321151912
fit-rw_positive_bias-full-prior1	rw_positive_bias	full	1.0	none	False	sub-158	computer	gamma	f0	0.5919020846055645
fit-rw_positive_bias-full-prior1	rw_positive_bias	full	1.0	none	False	sub-158	computer	gamma	epsilon	0.0032248989000837783
fit-rw_positive_bias-full-prior1	rw_positive_bias	full	1.0	none	False	sub-158	computer	gamma	acceptance_bias	-0.3072223498267644
fit-rw_positive_bias-full-prior1	rw_positive_bias	full	1.0	none	False	sub-158	computer	f0	epsilon	0.013717894344361615
fit-rw_positive_bias-full-prior1	rw_positive_bias	full	1.0	none	False	sub-158	computer	f0	acceptance_bias	0.24052197015528146
fit-rw_positive_bias-full-prior1	rw_positive_bias	full	1.0	none	False	sub-158	computer	epsilon	acceptance_bias	-0.1971473020649562
fit-rw_positive_bias-full-prior1	rw_positive_bias	full	1.0	none	False	sub-158	similar	alpha	gamma	-0.6140168536086571
fit-rw_positive_bias-full-prior1	rw_positive_bias	full	1.0	none	False	sub-158	similar	alpha	f0	-0.5707976306193023
fit-rw_positive_bias-full-prior1	rw_positive_bias	full	1.0	none	False	sub-158	similar	alpha	epsilon	0.08723803507921393
fit-rw_positive_bias-full-prior1	rw_positive_bias	full	1.0	none	False	sub-158	similar	alpha	acceptance_bias	0.31848873671329586
fit-rw_positive_bias-full-prior1	rw_positive_bias	full	1.0	none	False	sub-158	similar	gamma	f0	0.4531676632402644
fit-rw_positive_bias-full-prior1	rw_positive_bias	full	1.0	none	False	sub-158	similar	gamma	epsilon	-0.037936470768741515
fit-rw_positive_bias-full-prior1	rw_positive_bias	full	1.0	none	False	sub-158	similar	gamma	acceptance_bias	-0.3716036567173437
fit-rw_positive_bias-full-prior1	rw_positive_bias	full	1.0	none	False	sub-158	similar	f0	epsilon	-0.015580193344811427
fit-rw_positive_bias-full-prior1	rw_positive_bias	full	1.0	none	False	sub-158	similar	f0	acceptance_bias	0.24380627712606134
fit-rw_positive_bias-full-prior1	rw_positive_bias	full	1.0	none	False	sub-158	similar	epsilon	acceptance_bias	-0.1912301188922896
fit-rw_positive_bias-full-prior1	rw_positive_bias	full	1.0	none	False	sub-158	dissimilar	alpha	gamma	-0.5628157112487293
fit-rw_positive_bias-full-prior1	rw_positive_bias	full	1.0	none	False	sub-158	dissimilar	alpha	f0	-0.5702641171791235
fit-rw_positive_bias-full-prior1	rw_positive_bias	full	1.0	none	False	sub-158	dissimilar	alpha	epsilon	0.08754947025445085
fit-rw_positive_bias-full-prior1	rw_positive_bias	full	1.0	none	False	sub-158	dissimilar	alpha	acceptance_bias	0.31607574769682434
fit-rw_positive_bias-full-prior1	rw_positive_bias	full	1.0	none	False	sub-158	dissimilar	gamma	f0	0.5400559952071985
fit-rw_positive_bias-full-prior1	rw_positive_bias	full	1.0	none	False	sub-158	dissimilar	gamma	epsilon	-0.04894870415924215
fit-rw_positive_bias-full-prior1	rw_positive_bias	full	1.0	none	False	sub-158	dissimilar	gamma	acceptance_bias	-0.11717777407397999
fit-rw_positive_bias-full-prior1	rw_positive_bias	full	1.0	none	False	sub-158	dissimilar	f0	epsilon	0.019371514699659125
fit-rw_positive_bias-full-prior1	rw_positive_bias	full	1.0	none	False	sub-158	dissimilar	f0	acceptance_bias	0.2440702824652591
fit-rw_positive_bias-full-prior1	rw_positive_bias	full	1.0	none	False	sub-158	dissimilar	epsilon	acceptance_bias	-0.18771619505448467
fit-rw_positive_bias-full-prior1	rw_positive_bias	full	1.0	none	False	sub-159	computer	alpha	gamma	-0.6725764489799452
fit-rw_positive_bias-full-prior1	rw_positive_bias	full	1.0	none	False	sub-159	computer	alpha	f0	-0.6537912142731486
fit-rw_positive_bias-full-prior1	rw_positive_bias	full	1.0	none	False	sub-159	computer	alpha	epsilon	0.14721730078265255
fit-rw_positive_bias-full-prior1	rw_positive_bias	full	1.0	none	False	sub-159	computer	alpha	acceptance_bias	0.280648544514589
fit-rw_positive_bias-full-prior1	rw_positive_bias	full	1.0	none	False	sub-159	computer	gamma	f0	0.5851027955142037
fit-rw_positive_bias-full-prior1	rw_positive_bias	full	1.0	none	False	sub-159	computer	gamma	epsilon	-0.12369027482050372
fit-rw_positive_bias-full-prior1	rw_positive_bias	full	1.0	none	False	sub-159	computer	gamma	acceptance_bias	-0.24735243215142533
fit-rw_positive_bias-full-prior1	rw_positive_bias	full	1.0	none	False	sub-159	computer	f0	epsilon	-0.1704511127103159
fit-rw_positive_bias-full-prior1	rw_positive_bias	full	1.0	none	False	sub-159	computer	f0	acceptance_bias	0.21808373652522933
fit-rw_positive_bias-full-prior1	rw_positive_bias	full	1.0	none	False	sub-159	computer	epsilon	acceptance_bias	-0.2633615815506895
fit-rw_positive_bias-full-prior1	rw_positive_bias	full	1.0	none	False	sub-159	similar	alpha	gamma	-0.6831283353850899
fit-rw_positive_bias-full-prior1	rw_positive_bias	full	1.0	none	False	sub-159	similar	alpha	f0	-0.6246718514329457
fit-rw_positive_bias-full-prior1	rw_positive_bias	full	1.0	none	False	sub-159	similar	alpha	epsilon	0.10582013427332525
fit-rw_positive_bias-full-prior1	rw_positive_bias	full	1.0	none	False	sub-159	similar	alpha	acceptance_bias	0.314920107189172
fit-rw_positive_bias-full-prior1	rw_positive_bias	full	1.0	none	False	sub-159	similar	gamma	f0	0.6266214995086519
fit-rw_positive_bias-full-prior1	rw_positive_bias	full	1.0	none	False	sub-159	similar	gamma	epsilon	-0.047663111783437385
fit-rw_positive_bias-full-prior1	rw_positive_bias	full	1.0	none	False	sub-159	similar	gamma	acceptance_bias	-0.14251429476303573
fit-rw_positive_bias-full-prior1	rw_positive_bias	full	1.0	none	False	sub-159	similar	f0	epsilon	-0.1301509155852392
fit-rw_positive_bias-full-prior1	rw_positive_bias	full	1.0	none	False	sub-159	similar	f0	acceptance_bias	0.236752772401873
fit-rw_positive_bias-full-prior1	rw_positive_bias	full	1.0	none	False	sub-159	similar	epsilon	acceptance_bias	-0.2981323986989633
fit-rw_positive_bias-full-prior1	rw_positive_bias	full	1.0	none	False	sub-159	dissimilar	alpha	gamma	-0.537303404022073
fit-rw_positive_bias-full-prior1	rw_positive_bias	full	1.0	none	False	sub-159	dissimilar	alpha	f0	-0.6651369518404802
fit-rw_positive_bias-full-prior1	rw_positive_bias	full	1.0	none	False	sub-159	dissimilar	alpha	epsilon	0.22098020418437428
fit-rw_positive_bias-full-prior1	rw_positive_bias	full	1.0	none	False	sub-159	dissimilar	alpha	acceptance_bias	0.24634331850115504
fit-rw_positive_bias-full-prior1	rw_positive_bias	full	1.0	none	False	sub-159	dissimilar	gamma	f0	0.4543816332448085
fit-rw_positive_bias-full-prior1	rw_positive_bias	full	1.0	none	False	sub-159	dissimilar	gamma	epsilon	-0.17633736521777857
fit-rw_positive_bias-full-prior1	rw_positive_bias	full	1.0	none	False	sub-159	dissimilar	gamma	acceptance_bias	-0.2134570313666127
fit-rw_positive_bias-full-prior1	rw_positive_bias	full	1.0	none	False	sub-159	dissimilar	f0	epsilon	-0.15750719044557973
fit-rw_positive_bias-full-prior1	rw_positive_bias	full	1.0	none	False	sub-159	dissimilar	f0	acceptance_bias	0.21542807858931914
fit-rw_positive_bias-full-prior1	rw_positive_bias	full	1.0	none	False	sub-159	dissimilar	epsilon	acceptance_bias	-0.17317139228418826
fit-rw_positive_bias-run1-prior1	rw_positive_bias	run1	1.0	none	False	sub-104	computer	alpha	gamma	-0.07847608575864233
fit-rw_positive_bias-run1-prior1	rw_positive_bias	run1	1.0	none	False	sub-104	computer	alpha	f0	-0.3046706214012718
fit-rw_positive_bias-run1-prior1	rw_positive_bias	run1	1.0	none	False	sub-104	computer	alpha	epsilon	-0.06582442840460972
fit-rw_positive_bias-run1-prior1	rw_positive_bias	run1	1.0	none	False	sub-104	computer	alpha	acceptance_bias	0.03641191115706053
fit-rw_positive_bias-run1-prior1	rw_positive_bias	run1	1.0	none	False	sub-104	computer	gamma	f0	-0.15846933586524956
fit-rw_positive_bias-run1-prior1	rw_positive_bias	run1	1.0	none	False	sub-104	computer	gamma	epsilon	-0.02504071371413411
fit-rw_positive_bias-run1-prior1	rw_positive_bias	run1	1.0	none	False	sub-104	computer	gamma	acceptance_bias	-0.3494845317696085
fit-rw_positive_bias-run1-prior1	rw_positive_bias	run1	1.0	none	False	sub-104	computer	f0	epsilon	0.301528296562861
fit-rw_positive_bias-run1-prior1	rw_positive_bias	run1	1.0	none	False	sub-104	computer	f0	acceptance_bias	0.3329540050019752
fit-rw_positive_bias-run1-prior1	rw_positive_bias	run1	1.0	none	False	sub-104	computer	epsilon	acceptance_bias	0.043954131283612835
fit-rw_positive_bias-run1-prior1	rw_positive_bias	run1	1.0	none	False	sub-104	similar	alpha	gamma	-0.0660888789344247
fit-rw_positive_bias-run1-prior1	rw_positive_bias	run1	1.0	none	False	sub-104	similar	alpha	f0	-0.3002901583937238
fit-rw_positive_bias-run1-prior1	rw_positive_bias	run1	1.0	none	False	sub-104	similar	alpha	epsilon	-0.05229743901599341
fit-rw_positive_bias-run1-prior1	rw_positive_bias	run1	1.0	none	False	sub-104	similar	alpha	acceptance_bias	0.041106204640040056
fit-rw_positive_bias-run1-prior1	rw_positive_bias	run1	1.0	none	False	sub-104	similar	gamma	f0	-0.1680392558264107
fit-rw_positive_bias-run1-prior1	rw_positive_bias	run1	1.0	none	False	sub-104	similar	gamma	epsilon	-0.02497438180700946
fit-rw_positive_bias-run1-prior1	rw_positive_bias	run1	1.0	none	False	sub-104	similar	gamma	acceptance_bias	-0.34236629320085404
fit-rw_positive_bias-run1-prior1	rw_positive_bias	run1	1.0	none	False	sub-104	similar	f0	epsilon	0.30918286405410744
fit-rw_positive_bias-run1-prior1	rw_positive_bias	run1	1.0	none	False	sub-104	similar	f0	acceptance_bias	0.35121522320272425
fit-rw_positive_bias-run1-prior1	rw_positive_bias	run1	1.0	none	False	sub-104	similar	epsilon	acceptance_bias	0.047824016551499475
fit-rw_positive_bias-run1-prior1	rw_positive_bias	run1	1.0	none	False	sub-104	dissimilar	alpha	gamma	-0.06287236669469985
fit-rw_positive_bias-run1-prior1	rw_positive_bias	run1	1.0	none	False	sub-104	dissimilar	alpha	f0	-0.30046590788283456
fit-rw_positive_bias-run1-prior1	rw_positive_bias	run1	1.0	none	False	sub-104	dissimilar	alpha	epsilon	-0.039677983589736225
fit-rw_positive_bias-run1-prior1	rw_positive_bias	run1	1.0	none	False	sub-104	dissimilar	alpha	acceptance_bias	0.05239602692619566
fit-rw_positive_bias-run1-prior1	rw_positive_bias	run1	1.0	none	False	sub-104	dissimilar	gamma	f0	-0.14999723457843428
fit-rw_positive_bias-run1-prior1	rw_positive_bias	run1	1.0	none	False	sub-104	dissimilar	gamma	epsilon	-0.034213873090885416
fit-rw_positive_bias-run1-prior1	rw_positive_bias	run1	1.0	none	False	sub-104	dissimilar	gamma	acceptance_bias	-0.31373295659241673
fit-rw_positive_bias-run1-prior1	rw_positive_bias	run1	1.0	none	False	sub-104	dissimilar	f0	epsilon	0.30274438537237913
fit-rw_positive_bias-run1-prior1	rw_positive_bias	run1	1.0	none	False	sub-104	dissimilar	f0	acceptance_bias	0.34429440754282137
fit-rw_positive_bias-run1-prior1	rw_positive_bias	run1	1.0	none	False	sub-104	dissimilar	epsilon	acceptance_bias	0.05837673737238199
fit-rw_positive_bias-run1-prior1	rw_positive_bias	run1	1.0	none	False	sub-105	computer	alpha	gamma	-0.3723373331324864
fit-rw_positive_bias-run1-prior1	rw_positive_bias	run1	1.0	none	False	sub-105	computer	alpha	f0	-0.3656801312556464
fit-rw_positive_bias-run1-prior1	rw_positive_bias	run1	1.0	none	False	sub-105	computer	alpha	epsilon	0.00469975772686706
fit-rw_positive_bias-run1-prior1	rw_positive_bias	run1	1.0	none	False	sub-105	computer	alpha	acceptance_bias	0.39288169384751936
fit-rw_positive_bias-run1-prior1	rw_positive_bias	run1	1.0	none	False	sub-105	computer	gamma	f0	0.18054577925607065
fit-rw_positive_bias-run1-prior1	rw_positive_bias	run1	1.0	none	False	sub-105	computer	gamma	epsilon	0.026493108328192832
fit-rw_positive_bias-run1-prior1	rw_positive_bias	run1	1.0	none	False	sub-105	computer	gamma	acceptance_bias	-0.2278850316724498
fit-rw_positive_bias-run1-prior1	rw_positive_bias	run1	1.0	none	False	sub-105	computer	f0	epsilon	-0.08066357217004486
fit-rw_positive_bias-run1-prior1	rw_positive_bias	run1	1.0	none	False	sub-105	computer	f0	acceptance_bias	0.3683338467111438
fit-rw_positive_bias-run1-prior1	rw_positive_bias	run1	1.0	none	False	sub-105	computer	epsilon	acceptance_bias	-0.23040927234682884
fit-rw_positive_bias-run1-prior1	rw_positive_bias	run1	1.0	none	False	sub-105	similar	alpha	gamma	-0.5290671236848891
fit-rw_positive_bias-run1-prior1	rw_positive_bias	run1	1.0	none	False	sub-105	similar	alpha	f0	-0.34385101831057
fit-rw_positive_bias-run1-prior1	rw_positive_bias	run1	1.0	none	False	sub-105	similar	alpha	epsilon	0.03891661779801741
fit-rw_positive_bias-run1-prior1	rw_positive_bias	run1	1.0	none	False	sub-105	similar	alpha	acceptance_bias	0.415679164537693
fit-rw_positive_bias-run1-prior1	rw_positive_bias	run1	1.0	none	False	sub-105	similar	gamma	f0	0.184535463132285
fit-rw_positive_bias-run1-prior1	rw_positive_bias	run1	1.0	none	False	sub-105	similar	gamma	epsilon	0.08133385931360895
fit-rw_positive_bias-run1-prior1	rw_positive_bias	run1	1.0	none	False	sub-105	similar	gamma	acceptance_bias	-0.36051102850922045
fit-rw_positive_bias-run1-prior1	rw_positive_bias	run1	1.0	none	False	sub-105	similar	f0	epsilon	-0.0905826401928421
fit-rw_positive_bias-run1-prior1	rw_positive_bias	run1	1.0	none	False	sub-105	similar	f0	acceptance_bias	0.4313590016619749
fit-rw_positive_bias-run1-prior1	rw_positive_bias	run1	1.0	none	False	sub-105	similar	epsilon	acceptance_bias	-0.230483431791331
fit-rw_positive_bias-run1-prior1	rw_positive_bias	run1	1.0	none	False	sub-105	dissimilar	alpha	gamma	-0.5639908128896225
fit-rw_positive_bias-run1-prior1	rw_positive_bias	run1	1.0	none	False	sub-105	dissimilar	alpha	f0	-0.3928736072965504
fit-rw_positive_bias-run1-prior1	rw_positive_bias	run1	1.0	none	False	sub-105	dissimilar	alpha	epsilon	0.018137670058323098
fit-rw_positive_bias-run1-prior1	rw_positive_bias	run1	1.0	none	False	sub-105	dissimilar	alpha	acceptance_bias	0.3967938213913117
fit-rw_positive_bias-run1-prior1	rw_positive_bias	run1	1.0	none	False	sub-105	dissimilar	gamma	f0	0.10350389177449922
fit-rw_positive_bias-run1-prior1	rw_positive_bias	run1	1.0	none	False	sub-105	dissimilar	gamma	epsilon	0.10093911172976591
fit-rw_positive_bias-run1-prior1	rw_positive_bias	run1	1.0	none	False	sub-105	dissimilar	gamma	acceptance_bias	-0.5180220518177532
fit-rw_positive_bias-run1-prior1	rw_positive_bias	run1	1.0	none	False	sub-105	dissimilar	f0	epsilon	-0.01932395508014935
fit-rw_positive_bias-run1-prior1	rw_positive_bias	run1	1.0	none	False	sub-105	dissimilar	f0	acceptance_bias	0.38546086359302256
fit-rw_positive_bias-run1-prior1	rw_positive_bias	run1	1.0	none	False	sub-105	dissimilar	epsilon	acceptance_bias	-0.21959466402218625
fit-rw_positive_bias-run1-prior1	rw_positive_bias	run1	1.0	none	False	sub-106	computer	alpha	gamma	-0.15088084326790724
fit-rw_positive_bias-run1-prior1	rw_positive_bias	run1	1.0	none	False	sub-106	computer	alpha	f0	-0.5356926448799659
fit-rw_positive_bias-run1-prior1	rw_positive_bias	run1	1.0	none	False	sub-106	computer	alpha	epsilon	0.20458339260976371
fit-rw_positive_bias-run1-prior1	rw_positive_bias	run1	1.0	none	False	sub-106	computer	alpha	acceptance_bias	0.1070066604609761
fit-rw_positive_bias-run1-prior1	rw_positive_bias	run1	1.0	none	False	sub-106	computer	gamma	f0	0.19851602872223484
fit-rw_positive_bias-run1-prior1	rw_positive_bias	run1	1.0	none	False	sub-106	computer	gamma	epsilon	-0.06172083474262151
fit-rw_positive_bias-run1-prior1	rw_positive_bias	run1	1.0	none	False	sub-106	computer	gamma	acceptance_bias	0.016871176197388076
fit-rw_positive_bias-run1-prior1	rw_positive_bias	run1	1.0	none	False	sub-106	computer	f0	epsilon	-0.1713623110575845
fit-rw_positive_bias-run1-prior1	rw_positive_bias	run1	1.0	none	False	sub-106	computer	f0	acceptance_bias	0.1281948471936622
fit-rw_positive_bias-run1-prior1	rw_positive_bias	run1	1.0	none	False	sub-106	computer	epsilon	acceptance_bias	-0.10900264450418272
fit-rw_positive_bias-run1-prior1	rw_positive_bias	run1	1.0	none	False	sub-106	similar	alpha	gamma	-0.1333458405344897
fit-rw_positive_bias-run1-prior1	rw_positive_bias	run1	1.0	none	False	sub-106	similar	alpha	f0	-0.5495149453370116
fit-rw_positive_bias-run1-prior1	rw_positive_bias	run1	1.0	none	False	sub-106	similar	alpha	epsilon	0.24907239596193528
fit-rw_positive_bias-run1-prior1	rw_positive_bias	run1	1.0	none	False	sub-106	similar	alpha	acceptance_bias	0.09087547073152194
fit-rw_positive_bias-run1-prior1	rw_positive_bias	run1	1.0	none	False	sub-106	similar	gamma	f0	0.17891474275262906
fit-rw_positive_bias-run1-prior1	rw_positive_bias	run1	1.0	none	False	sub-106	similar	gamma	epsilon	-0.05892808491403227
fit-rw_positive_bias-run1-prior1	rw_positive_bias	run1	1.0	none	False	sub-106	similar	gamma	acceptance_bias	0.043751283999248235
fit-rw_positive_bias-run1-prior1	rw_positive_bias	run1	1.0	none	False	sub-106	similar	f0	epsilon	-0.20613916894556183
fit-rw_positive_bias-run1-prior1	rw_positive_bias	run1	1.0	none	False	sub-106	similar	f0	acceptance_bias	0.1284405908582371
fit-rw_positive_bias-run1-prior1	rw_positive_bias	run1	1.0	none	False	sub-106	similar	epsilon	acceptance_bias	-0.08807574092750674
fit-rw_positive_bias-run1-prior1	rw_positive_bias	run1	1.0	none	False	sub-106	dissimilar	alpha	gamma	-0.12561673828376307
fit-rw_positive_bias-run1-prior1	rw_positive_bias	run1	1.0	none	False	sub-106	dissimilar	alpha	f0	-0.533972247334594
fit-rw_positive_bias-run1-prior1	rw_positive_bias	run1	1.0	none	False	sub-106	dissimilar	alpha	epsilon	0.2549147905672384
fit-rw_positive_bias-run1-prior1	rw_positive_bias	run1	1.0	none	False	sub-106	dissimilar	alpha	acceptance_bias	0.074620578369794
fit-rw_positive_bias-run1-prior1	rw_positive_bias	run1	1.0	none	False	sub-106	dissimilar	gamma	f0	0.10839794250653824
fit-rw_positive_bias-run1-prior1	rw_positive_bias	run1	1.0	none	False	sub-106	dissimilar	gamma	epsilon	-0.04050302377724773
fit-rw_positive_bias-run1-prior1	rw_positive_bias	run1	1.0	none	False	sub-106	dissimilar	gamma	acceptance_bias	-0.021710365382485837
fit-rw_positive_bias-run1-prior1	rw_positive_bias	run1	1.0	none	False	sub-106	dissimilar	f0	epsilon	-0.17835925501851152
fit-rw_positive_bias-run1-prior1	rw_positive_bias	run1	1.0	none	False	sub-106	dissimilar	f0	acceptance_bias	0.1362282459042315
fit-rw_positive_bias-run1-prior1	rw_positive_bias	run1	1.0	none	False	sub-106	dissimilar	epsilon	acceptance_bias	-0.09959598236597768
fit-rw_positive_bias-run1-prior1	rw_positive_bias	run1	1.0	none	False	sub-107	computer	alpha	gamma	-0.250383803531553
fit-rw_positive_bias-run1-prior1	rw_positive_bias	run1	1.0	none	False	sub-107	computer	alpha	f0	-0.34041151856104246
fit-rw_positive_bias-run1-prior1	rw_positive_bias	run1	1.0	none	False	sub-107	computer	alpha	epsilon	0.24363354340873455
fit-rw_positive_bias-run1-prior1	rw_positive_bias	run1	1.0	none	False	sub-107	computer	alpha	acceptance_bias	-0.052566726822755955
fit-rw_positive_bias-run1-prior1	rw_positive_bias	run1	1.0	none	False	sub-107	computer	gamma	f0	-0.05754386200927617
fit-rw_positive_bias-run1-prior1	rw_positive_bias	run1	1.0	none	False	sub-107	computer	gamma	epsilon	0.38344732738748316
fit-rw_positive_bias-run1-prior1	rw_positive_bias	run1	1.0	none	False	sub-107	computer	gamma	acceptance_bias	-0.5235176558987291
fit-rw_positive_bias-run1-prior1	rw_positive_bias	run1	1.0	none	False	sub-107	computer	f0	epsilon	-0.2838026386014819
fit-rw_positive_bias-run1-prior1	rw_positive_bias	run1	1.0	none	False	sub-107	computer	f0	acceptance_bias	0.6699783210004976
fit-rw_positive_bias-run1-prior1	rw_positive_bias	run1	1.0	none	False	sub-107	computer	epsilon	acceptance_bias	-0.5737245773335881
fit-rw_positive_bias-run1-prior1	rw_positive_bias	run1	1.0	none	False	sub-107	similar	alpha	gamma	-0.01803920978642907
fit-rw_positive_bias-run1-prior1	rw_positive_bias	run1	1.0	none	False	sub-107	similar	alpha	f0	-0.3561598977841838
fit-rw_positive_bias-run1-prior1	rw_positive_bias	run1	1.0	none	False	sub-107	similar	alpha	epsilon	0.2553185830606279
fit-rw_positive_bias-run1-prior1	rw_positive_bias	run1	1.0	none	False	sub-107	similar	alpha	acceptance_bias	-0.0927151522301835
fit-rw_positive_bias-run1-prior1	rw_positive_bias	run1	1.0	none	False	sub-107	similar	gamma	f0	-0.3083680073043729
fit-rw_positive_bias-run1-prior1	rw_positive_bias	run1	1.0	none	False	sub-107	similar	gamma	epsilon	0.5490087635219881
fit-rw_positive_bias-run1-prior1	rw_positive_bias	run1	1.0	none	False	sub-107	similar	gamma	acceptance_bias	-0.7443947939847495
fit-rw_positive_bias-run1-prior1	rw_positive_bias	run1	1.0	none	False	sub-107	similar	f0	epsilon	-0.2360550631722392
fit-rw_positive_bias-run1-prior1	rw_positive_bias	run1	1.0	none	False	sub-107	similar	f0	acceptance_bias	0.6326986412992102
fit-rw_positive_bias-run1-prior1	rw_positive_bias	run1	1.0	none	False	sub-107	similar	epsilon	acceptance_bias	-0.6019166375718585
fit-rw_positive_bias-run1-prior1	rw_positive_bias	run1	1.0	none	False	sub-107	dissimilar	alpha	gamma	-0.23391805230107612
fit-rw_positive_bias-run1-prior1	rw_positive_bias	run1	1.0	none	False	sub-107	dissimilar	alpha	f0	-0.3609592048100482
fit-rw_positive_bias-run1-prior1	rw_positive_bias	run1	1.0	none	False	sub-107	dissimilar	alpha	epsilon	0.2402206256990272
fit-rw_positive_bias-run1-prior1	rw_positive_bias	run1	1.0	none	False	sub-107	dissimilar	alpha	acceptance_bias	-0.08311220215228825
fit-rw_positive_bias-run1-prior1	rw_positive_bias	run1	1.0	none	False	sub-107	dissimilar	gamma	f0	0.25683184226782396
fit-rw_positive_bias-run1-prior1	rw_positive_bias	run1	1.0	none	False	sub-107	dissimilar	gamma	epsilon	-0.07160581940918105
fit-rw_positive_bias-run1-prior1	rw_positive_bias	run1	1.0	none	False	sub-107	dissimilar	gamma	acceptance_bias	0.033647424220296124
fit-rw_positive_bias-run1-prior1	rw_positive_bias	run1	1.0	none	False	sub-107	dissimilar	f0	epsilon	-0.3044890159689247
fit-rw_positive_bias-run1-prior1	rw_positive_bias	run1	1.0	none	False	sub-107	dissimilar	f0	acceptance_bias	0.6566527749573989
fit-rw_positive_bias-run1-prior1	rw_positive_bias	run1	1.0	none	False	sub-107	dissimilar	epsilon	acceptance_bias	-0.5745531615273187
fit-rw_positive_bias-run1-prior1	rw_positive_bias	run1	1.0	none	False	sub-108	computer	alpha	gamma	-0.47295601021010114
fit-rw_positive_bias-run1-prior1	rw_positive_bias	run1	1.0	none	False	sub-108	computer	alpha	f0	-0.2234694479529098
fit-rw_positive_bias-run1-prior1	rw_positive_bias	run1	1.0	none	False	sub-108	computer	alpha	epsilon	-0.08125019373111032
fit-rw_positive_bias-run1-prior1	rw_positive_bias	run1	1.0	none	False	sub-108	computer	alpha	acceptance_bias	0.37243111228116554
fit-rw_positive_bias-run1-prior1	rw_positive_bias	run1	1.0	none	False	sub-108	computer	gamma	f0	-0.09664876353159922
fit-rw_positive_bias-run1-prior1	rw_positive_bias	run1	1.0	none	False	sub-108	computer	gamma	epsilon	0.1416565481410001
fit-rw_positive_bias-run1-prior1	rw_positive_bias	run1	1.0	none	False	sub-108	computer	gamma	acceptance_bias	-0.6488929547724043
fit-rw_positive_bias-run1-prior1	rw_positive_bias	run1	1.0	none	False	sub-108	computer	f0	epsilon	-0.08364402775344962
fit-rw_positive_bias-run1-prior1	rw_positive_bias	run1	1.0	none	False	sub-108	computer	f0	acceptance_bias	0.5322364048730238
fit-rw_positive_bias-run1-prior1	rw_positive_bias	run1	1.0	none	False	sub-108	computer	epsilon	acceptance_bias	-0.24924272927456328
fit-rw_positive_bias-run1-prior1	rw_positive_bias	run1	1.0	none	False	sub-108	similar	alpha	gamma	-0.31203382807314795
fit-rw_positive_bias-run1-prior1	rw_positive_bias	run1	1.0	none	False	sub-108	similar	alpha	f0	-0.2629260859215424
fit-rw_positive_bias-run1-prior1	rw_positive_bias	run1	1.0	none	False	sub-108	similar	alpha	epsilon	-0.05679265446837785
fit-rw_positive_bias-run1-prior1	rw_positive_bias	run1	1.0	none	False	sub-108	similar	alpha	acceptance_bias	0.2715546777041
fit-rw_positive_bias-run1-prior1	rw_positive_bias	run1	1.0	none	False	sub-108	similar	gamma	f0	-0.20894702739250048
fit-rw_positive_bias-run1-prior1	rw_positive_bias	run1	1.0	none	False	sub-108	similar	gamma	epsilon	0.11015375758737077
fit-rw_positive_bias-run1-prior1	rw_positive_bias	run1	1.0	none	False	sub-108	similar	gamma	acceptance_bias	-0.6813051280475348
fit-rw_positive_bias-run1-prior1	rw_positive_bias	run1	1.0	none	False	sub-108	similar	f0	epsilon	-0.02857719215309528
fit-rw_positive_bias-run1-prior1	rw_positive_bias	run1	1.0	none	False	sub-108	similar	f0	acceptance_bias	0.5225325074987763
fit-rw_positive_bias-run1-prior1	rw_positive_bias	run1	1.0	none	False	sub-108	similar	epsilon	acceptance_bias	-0.2345410407891516
fit-rw_positive_bias-run1-prior1	rw_positive_bias	run1	1.0	none	False	sub-108	dissimilar	alpha	gamma	-0.3764624188236585
fit-rw_positive_bias-run1-prior1	rw_positive_bias	run1	1.0	none	False	sub-108	dissimilar	alpha	f0	-0.24026259916243833
fit-rw_positive_bias-run1-prior1	rw_positive_bias	run1	1.0	none	False	sub-108	dissimilar	alpha	epsilon	-0.040405908957297086
fit-rw_positive_bias-run1-prior1	rw_positive_bias	run1	1.0	none	False	sub-108	dissimilar	alpha	acceptance_bias	0.30073607049700973
fit-rw_positive_bias-run1-prior1	rw_positive_bias	run1	1.0	none	False	sub-108	dissimilar	gamma	f0	0.13417983761176913
fit-rw_positive_bias-run1-prior1	rw_positive_bias	run1	1.0	none	False	sub-108	dissimilar	gamma	epsilon	0.0807452301192279
fit-rw_positive_bias-run1-prior1	rw_positive_bias	run1	1.0	none	False	sub-108	dissimilar	gamma	acceptance_bias	-0.30791287688522645
fit-rw_positive_bias-run1-prior1	rw_positive_bias	run1	1.0	none	False	sub-108	dissimilar	f0	epsilon	-0.15055896641680558
fit-rw_positive_bias-run1-prior1	rw_positive_bias	run1	1.0	none	False	sub-108	dissimilar	f0	acceptance_bias	0.5703067911328207
fit-rw_positive_bias-run1-prior1	rw_positive_bias	run1	1.0	none	False	sub-108	dissimilar	epsilon	acceptance_bias	-0.26106048556255357
fit-rw_positive_bias-run1-prior1	rw_positive_bias	run1	1.0	none	False	sub-109	computer	alpha	gamma	-0.18884435161321667
fit-rw_positive_bias-run1-prior1	rw_positive_bias	run1	1.0	none	False	sub-109	computer	alpha	f0	-0.3704968000655686
fit-rw_positive_bias-run1-prior1	rw_positive_bias	run1	1.0	none	False	sub-109	computer	alpha	epsilon	-0.10189689372073572
fit-rw_positive_bias-run1-prior1	rw_positive_bias	run1	1.0	none	False	sub-109	computer	alpha	acceptance_bias	0.14000884542009687
fit-rw_positive_bias-run1-prior1	rw_positive_bias	run1	1.0	none	False	sub-109	computer	gamma	f0	-0.027763407097851453
fit-rw_positive_bias-run1-prior1	rw_positive_bias	run1	1.0	none	False	sub-109	computer	gamma	epsilon	-0.0331364512239881
fit-rw_positive_bias-run1-prior1	rw_positive_bias	run1	1.0	none	False	sub-109	computer	gamma	acceptance_bias	-0.23365310384916715
fit-rw_positive_bias-run1-prior1	rw_positive_bias	run1	1.0	none	False	sub-109	computer	f0	epsilon	0.21789117150607587
fit-rw_positive_bias-run1-prior1	rw_positive_bias	run1	1.0	none	False	sub-109	computer	f0	acceptance_bias	0.2626582218394818
fit-rw_positive_bias-run1-prior1	rw_positive_bias	run1	1.0	none	False	sub-109	computer	epsilon	acceptance_bias	-7.79317834563363e-05
fit-rw_positive_bias-run1-prior1	rw_positive_bias	run1	1.0	none	False	sub-109	similar	alpha	gamma	-0.22096552526932556
fit-rw_positive_bias-run1-prior1	rw_positive_bias	run1	1.0	none	False	sub-109	similar	alpha	f0	-0.3809474221910293
fit-rw_positive_bias-run1-prior1	rw_positive_bias	run1	1.0	none	False	sub-109	similar	alpha	epsilon	-0.10903053270220583
fit-rw_positive_bias-run1-prior1	rw_positive_bias	run1	1.0	none	False	sub-109	similar	alpha	acceptance_bias	0.15881615831740079
fit-rw_positive_bias-run1-prior1	rw_positive_bias	run1	1.0	none	False	sub-109	similar	gamma	f0	-0.040942773500476703
fit-rw_positive_bias-run1-prior1	rw_positive_bias	run1	1.0	none	False	sub-109	similar	gamma	epsilon	-0.04579747719469004
fit-rw_positive_bias-run1-prior1	rw_positive_bias	run1	1.0	none	False	sub-109	similar	gamma	acceptance_bias	-0.23459977135263796
fit-rw_positive_bias-run1-prior1	rw_positive_bias	run1	1.0	none	False	sub-109	similar	f0	epsilon	0.22191198899032813
fit-rw_positive_bias-run1-prior1	rw_positive_bias	run1	1.0	none	False	sub-109	similar	f0	acceptance_bias	0.2955860410421934
fit-rw_positive_bias-run1-prior1	rw_positive_bias	run1	1.0	none	False	sub-109	similar	epsilon	acceptance_bias	0.0041454039086638176
fit-rw_positive_bias-run1-prior1	rw_positive_bias	run1	1.0	none	False	sub-109	dissimilar	alpha	gamma	-0.17025019688617588
fit-rw_positive_bias-run1-prior1	rw_positive_bias	run1	1.0	none	False	sub-109	dissimilar	alpha	f0	-0.3965781100687718
fit-rw_positive_bias-run1-prior1	rw_positive_bias	run1	1.0	none	False	sub-109	dissimilar	alpha	epsilon	-0.11877980379383107
fit-rw_positive_bias-run1-prior1	rw_positive_bias	run1	1.0	none	False	sub-109	dissimilar	alpha	acceptance_bias	0.1587438375993949
fit-rw_positive_bias-run1-prior1	rw_positive_bias	run1	1.0	none	False	sub-109	dissimilar	gamma	f0	-0.02544010791083585
fit-rw_positive_bias-run1-prior1	rw_positive_bias	run1	1.0	none	False	sub-109	dissimilar	gamma	epsilon	-0.05128853756261149
fit-rw_positive_bias-run1-prior1	rw_positive_bias	run1	1.0	none	False	sub-109	dissimilar	gamma	acceptance_bias	-0.17937496618824644
fit-rw_positive_bias-run1-prior1	rw_positive_bias	run1	1.0	none	False	sub-109	dissimilar	f0	epsilon	0.21414622779619763
fit-rw_positive_bias-run1-prior1	rw_positive_bias	run1	1.0	none	False	sub-109	dissimilar	f0	acceptance_bias	0.28078369872710707
fit-rw_positive_bias-run1-prior1	rw_positive_bias	run1	1.0	none	False	sub-109	dissimilar	epsilon	acceptance_bias	0.008725032464749998
fit-rw_positive_bias-run1-prior1	rw_positive_bias	run1	1.0	none	False	sub-110	computer	alpha	gamma	-0.5203104017891651
fit-rw_positive_bias-run1-prior1	rw_positive_bias	run1	1.0	none	False	sub-110	computer	alpha	f0	-0.444648500574609
fit-rw_positive_bias-run1-prior1	rw_positive_bias	run1	1.0	none	False	sub-110	computer	alpha	epsilon	0.014335269580547958
fit-rw_positive_bias-run1-prior1	rw_positive_bias	run1	1.0	none	False	sub-110	computer	alpha	acceptance_bias	0.24705816891551505
fit-rw_positive_bias-run1-prior1	rw_positive_bias	run1	1.0	none	False	sub-110	computer	gamma	f0	0.13686963673237884
fit-rw_positive_bias-run1-prior1	rw_positive_bias	run1	1.0	none	False	sub-110	computer	gamma	epsilon	0.011791610156388318
fit-rw_positive_bias-run1-prior1	rw_positive_bias	run1	1.0	none	False	sub-110	computer	gamma	acceptance_bias	-0.32251385885732015
fit-rw_positive_bias-run1-prior1	rw_positive_bias	run1	1.0	none	False	sub-110	computer	f0	epsilon	-0.11684633652722605
fit-rw_positive_bias-run1-prior1	rw_positive_bias	run1	1.0	none	False	sub-110	computer	f0	acceptance_bias	0.4622449681411146
fit-rw_positive_bias-run1-prior1	rw_positive_bias	run1	1.0	none	False	sub-110	computer	epsilon	acceptance_bias	-0.1662985857126201
fit-rw_positive_bias-run1-prior1	rw_positive_bias	run1	1.0	none	False	sub-110	similar	alpha	gamma	-0.33764052979161124
fit-rw_positive_bias-run1-prior1	rw_positive_bias	run1	1.0	none	False	sub-110	similar	alpha	f0	-0.5027332677456001
fit-rw_positive_bias-run1-prior1	rw_positive_bias	run1	1.0	none	False	sub-110	similar	alpha	epsilon	0.0833993843831075
fit-rw_positive_bias-run1-prior1	rw_positive_bias	run1	1.0	none	False	sub-110	similar	alpha	acceptance_bias	0.24538986793718648
fit-rw_positive_bias-run1-prior1	rw_positive_bias	run1	1.0	none	False	sub-110	similar	gamma	f0	0.2155937776088475
fit-rw_positive_bias-run1-prior1	rw_positive_bias	run1	1.0	none	False	sub-110	similar	gamma	epsilon	-0.07620589888391194
fit-rw_positive_bias-run1-prior1	rw_positive_bias	run1	1.0	none	False	sub-110	similar	gamma	acceptance_bias	-0.008243911030680314
fit-rw_positive_bias-run1-prior1	rw_positive_bias	run1	1.0	none	False	sub-110	similar	f0	epsilon	-0.20902620490666649
fit-rw_positive_bias-run1-prior1	rw_positive_bias	run1	1.0	none	False	sub-110	similar	f0	acceptance_bias	0.4274860832214512
fit-rw_positive_bias-run1-prior1	rw_positive_bias	run1	1.0	none	False	sub-110	similar	epsilon	acceptance_bias	-0.20160820931170648
fit-rw_positive_bias-run1-prior1	rw_positive_bias	run1	1.0	none	False	sub-110	dissimilar	alpha	gamma	-0.5525739341810875
fit-rw_positive_bias-run1-prior1	rw_positive_bias	run1	1.0	none	False	sub-110	dissimilar	alpha	f0	-0.4808365912373198
fit-rw_positive_bias-run1-prior1	rw_positive_bias	run1	1.0	none	False	sub-110	dissimilar	alpha	epsilon	0.07745209942894338
fit-rw_positive_bias-run1-prior1	rw_positive_bias	run1	1.0	none	False	sub-110	dissimilar	alpha	acceptance_bias	0.2639729914193854
fit-rw_positive_bias-run1-prior1	rw_positive_bias	run1	1.0	none	False	sub-110	dissimilar	gamma	f0	0.1686267515536119
fit-rw_positive_bias-run1-prior1	rw_positive_bias	run1	1.0	none	False	sub-110	dissimilar	gamma	epsilon	0.009958882993011692
fit-rw_positive_bias-run1-prior1	rw_positive_bias	run1	1.0	none	False	sub-110	dissimilar	gamma	acceptance_bias	-0.30518455169603964
fit-rw_positive_bias-run1-prior1	rw_positive_bias	run1	1.0	none	False	sub-110	dissimilar	f0	epsilon	-0.1611823375789482
fit-rw_positive_bias-run1-prior1	rw_positive_bias	run1	1.0	none	False	sub-110	dissimilar	f0	acceptance_bias	0.4351072571388719
fit-rw_positive_bias-run1-prior1	rw_positive_bias	run1	1.0	none	False	sub-110	dissimilar	epsilon	acceptance_bias	-0.1904189988478095
fit-rw_positive_bias-run1-prior1	rw_positive_bias	run1	1.0	none	False	sub-111	computer	alpha	gamma	-0.1519650829650203
fit-rw_positive_bias-run1-prior1	rw_positive_bias	run1	1.0	none	False	sub-111	computer	alpha	f0	-0.5490310985636955
fit-rw_positive_bias-run1-prior1	rw_positive_bias	run1	1.0	none	False	sub-111	computer	alpha	epsilon	0.02288910694119387
fit-rw_positive_bias-run1-prior1	rw_positive_bias	run1	1.0	none	False	sub-111	computer	alpha	acceptance_bias	0.26836145533623834
fit-rw_positive_bias-run1-prior1	rw_positive_bias	run1	1.0	none	False	sub-111	computer	gamma	f0	0.0006681293113201314
fit-rw_positive_bias-run1-prior1	rw_positive_bias	run1	1.0	none	False	sub-111	computer	gamma	epsilon	0.09296211510831334
fit-rw_positive_bias-run1-prior1	rw_positive_bias	run1	1.0	none	False	sub-111	computer	gamma	acceptance_bias	-0.2018314395464812
fit-rw_positive_bias-run1-prior1	rw_positive_bias	run1	1.0	none	False	sub-111	computer	f0	epsilon	0.11804958771819886
fit-rw_positive_bias-run1-prior1	rw_positive_bias	run1	1.0	none	False	sub-111	computer	f0	acceptance_bias	0.005176328104135567
fit-rw_positive_bias-run1-prior1	rw_positive_bias	run1	1.0	none	False	sub-111	computer	epsilon	acceptance_bias	-0.6049816770461119
fit-rw_positive_bias-run1-prior1	rw_positive_bias	run1	1.0	none	False	sub-111	similar	alpha	gamma	-0.09554724890029523
fit-rw_positive_bias-run1-prior1	rw_positive_bias	run1	1.0	none	False	sub-111	similar	alpha	f0	-0.5848286770686085
fit-rw_positive_bias-run1-prior1	rw_positive_bias	run1	1.0	none	False	sub-111	similar	alpha	epsilon	0.04821922037594078
fit-rw_positive_bias-run1-prior1	rw_positive_bias	run1	1.0	none	False	sub-111	similar	alpha	acceptance_bias	0.2791798641757633
fit-rw_positive_bias-run1-prior1	rw_positive_bias	run1	1.0	none	False	sub-111	similar	gamma	f0	0.07737431125253011
fit-rw_positive_bias-run1-prior1	rw_positive_bias	run1	1.0	none	False	sub-111	similar	gamma	epsilon	-0.07522277208400655
fit-rw_positive_bias-run1-prior1	rw_positive_bias	run1	1.0	none	False	sub-111	similar	gamma	acceptance_bias	0.0236328195795077
fit-rw_positive_bias-run1-prior1	rw_positive_bias	run1	1.0	none	False	sub-111	similar	f0	epsilon	0.046801944772815955
fit-rw_positive_bias-run1-prior1	rw_positive_bias	run1	1.0	none	False	sub-111	similar	f0	acceptance_bias	0.015313547218157461
fit-rw_positive_bias-run1-prior1	rw_positive_bias	run1	1.0	none	False	sub-111	similar	epsilon	acceptance_bias	-0.5996769912862896
fit-rw_positive_bias-run1-prior1	rw_positive_bias	run1	1.0	none	False	sub-111	dissimilar	alpha	gamma	-0.09457343119599278
fit-rw_positive_bias-run1-prior1	rw_positive_bias	run1	1.0	none	False	sub-111	dissimilar	alpha	f0	-0.5685134195262367
fit-rw_positive_bias-run1-prior1	rw_positive_bias	run1	1.0	none	False	sub-111	dissimilar	alpha	epsilon	0.239594432373671
fit-rw_positive_bias-run1-prior1	rw_positive_bias	run1	1.0	none	False	sub-111	dissimilar	alpha	acceptance_bias	0.24975626187388553
fit-rw_positive_bias-run1-prior1	rw_positive_bias	run1	1.0	none	False	sub-111	dissimilar	gamma	f0	0.04979173685033887
fit-rw_positive_bias-run1-prior1	rw_positive_bias	run1	1.0	none	False	sub-111	dissimilar	gamma	epsilon	0.38649069336944814
fit-rw_positive_bias-run1-prior1	rw_positive_bias	run1	1.0	none	False	sub-111	dissimilar	gamma	acceptance_bias	-0.3401523888441269
fit-rw_positive_bias-run1-prior1	rw_positive_bias	run1	1.0	none	False	sub-111	dissimilar	f0	epsilon	-0.1293082381598939
fit-rw_positive_bias-run1-prior1	rw_positive_bias	run1	1.0	none	False	sub-111	dissimilar	f0	acceptance_bias	0.014744319633744413
fit-rw_positive_bias-run1-prior1	rw_positive_bias	run1	1.0	none	False	sub-111	dissimilar	epsilon	acceptance_bias	-0.6338870768288555
fit-rw_positive_bias-run1-prior1	rw_positive_bias	run1	1.0	none	False	sub-112	computer	alpha	gamma	-0.09357711694289152
fit-rw_positive_bias-run1-prior1	rw_positive_bias	run1	1.0	none	False	sub-112	computer	alpha	f0	-0.29230080774893985
fit-rw_positive_bias-run1-prior1	rw_positive_bias	run1	1.0	none	False	sub-112	computer	alpha	epsilon	-0.00802846032599266
fit-rw_positive_bias-run1-prior1	rw_positive_bias	run1	1.0	none	False	sub-112	computer	alpha	acceptance_bias	0.38117516551231284
fit-rw_positive_bias-run1-prior1	rw_positive_bias	run1	1.0	none	False	sub-112	computer	gamma	f0	-0.23289962312217188
fit-rw_positive_bias-run1-prior1	rw_positive_bias	run1	1.0	none	False	sub-112	computer	gamma	epsilon	0.24780584060904884
fit-rw_positive_bias-run1-prior1	rw_positive_bias	run1	1.0	none	False	sub-112	computer	gamma	acceptance_bias	-0.0633650027106405
fit-rw_positive_bias-run1-prior1	rw_positive_bias	run1	1.0	none	False	sub-112	computer	f0	epsilon	-0.4898008671671681
fit-rw_positive_bias-run1-prior1	rw_positive_bias	run1	1.0	none	False	sub-112	computer	f0	acceptance_bias	0.19600424656394963
fit-rw_positive_bias-run1-prior1	rw_positive_bias	run1	1.0	none	False	sub-112	computer	epsilon	acceptance_bias	-0.10283884531059534
fit-rw_positive_bias-run1-prior1	rw_positive_bias	run1	1.0	none	False	sub-112	similar	alpha	gamma	-0.09979901341315651
fit-rw_positive_bias-run1-prior1	rw_positive_bias	run1	1.0	none	False	sub-112	similar	alpha	f0	-0.26382287001586957
fit-rw_positive_bias-run1-prior1	rw_positive_bias	run1	1.0	none	False	sub-112	similar	alpha	epsilon	-0.037858076136855046
fit-rw_positive_bias-run1-prior1	rw_positive_bias	run1	1.0	none	False	sub-112	similar	alpha	acceptance_bias	0.3665498104204109
fit-rw_positive_bias-run1-prior1	rw_positive_bias	run1	1.0	none	False	sub-112	similar	gamma	f0	-0.14398633474821027
fit-rw_positive_bias-run1-prior1	rw_positive_bias	run1	1.0	none	False	sub-112	similar	gamma	epsilon	0.20135260104907854
fit-rw_positive_bias-run1-prior1	rw_positive_bias	run1	1.0	none	False	sub-112	similar	gamma	acceptance_bias	0.012522707934557545
fit-rw_positive_bias-run1-prior1	rw_positive_bias	run1	1.0	none	False	sub-112	similar	f0	epsilon	-0.5781284116341195
fit-rw_positive_bias-run1-prior1	rw_positive_bias	run1	1.0	none	False	sub-112	similar	f0	acceptance_bias	0.2073886099559371
fit-rw_positive_bias-run1-prior1	rw_positive_bias	run1	1.0	none	False	sub-112	similar	epsilon	acceptance_bias	-0.14223924169890637
fit-rw_positive_bias-run1-prior1	rw_positive_bias	run1	1.0	none	False	sub-112	dissimilar	alpha	gamma	-0.09723798043243491
fit-rw_positive_bias-run1-prior1	rw_positive_bias	run1	1.0	none	False	sub-112	dissimilar	alpha	f0	-0.2591403950905663
fit-rw_positive_bias-run1-prior1	rw_positive_bias	run1	1.0	none	False	sub-112	dissimilar	alpha	epsilon	-0.06442138913002741
fit-rw_positive_bias-run1-prior1	rw_positive_bias	run1	1.0	none	False	sub-112	dissimilar	alpha	acceptance_bias	0.3366307703013878
fit-rw_positive_bias-run1-prior1	rw_positive_bias	run1	1.0	none	False	sub-112	dissimilar	gamma	f0	-0.1614909097373955
fit-rw_positive_bias-run1-prior1	rw_positive_bias	run1	1.0	none	False	sub-112	dissimilar	gamma	epsilon	0.19219840401157773
fit-rw_positive_bias-run1-prior1	rw_positive_bias	run1	1.0	none	False	sub-112	dissimilar	gamma	acceptance_bias	-0.06859983672466971
fit-rw_positive_bias-run1-prior1	rw_positive_bias	run1	1.0	none	False	sub-112	dissimilar	f0	epsilon	-0.45804155190684875
fit-rw_positive_bias-run1-prior1	rw_positive_bias	run1	1.0	none	False	sub-112	dissimilar	f0	acceptance_bias	0.21387389943700455
fit-rw_positive_bias-run1-prior1	rw_positive_bias	run1	1.0	none	False	sub-112	dissimilar	epsilon	acceptance_bias	-0.12057945654275377
fit-rw_positive_bias-run1-prior1	rw_positive_bias	run1	1.0	none	False	sub-113	computer	alpha	gamma	-0.004230787165264745
fit-rw_positive_bias-run1-prior1	rw_positive_bias	run1	1.0	none	False	sub-113	computer	alpha	f0	-0.28973285191676457
fit-rw_positive_bias-run1-prior1	rw_positive_bias	run1	1.0	none	False	sub-113	computer	alpha	epsilon	0.3055434381122073
fit-rw_positive_bias-run1-prior1	rw_positive_bias	run1	1.0	none	False	sub-113	computer	alpha	acceptance_bias	0.24513152769534355
fit-rw_positive_bias-run1-prior1	rw_positive_bias	run1	1.0	none	False	sub-113	computer	gamma	f0	0.07789952500033163
fit-rw_positive_bias-run1-prior1	rw_positive_bias	run1	1.0	none	False	sub-113	computer	gamma	epsilon	0.17923508317419878
fit-rw_positive_bias-run1-prior1	rw_positive_bias	run1	1.0	none	False	sub-113	computer	gamma	acceptance_bias	0.06386271891577179
fit-rw_positive_bias-run1-prior1	rw_positive_bias	run1	1.0	none	False	sub-113	computer	f0	epsilon	0.26553777560350217
fit-rw_positive_bias-run1-prior1	rw_positive_bias	run1	1.0	none	False	sub-113	computer	f0	acceptance_bias	0.05985322212241551
fit-rw_positive_bias-run1-prior1	rw_positive_bias	run1	1.0	none	False	sub-113	computer	epsilon	acceptance_bias	-0.1087140435172026
fit-rw_positive_bias-run1-prior1	rw_positive_bias	run1	1.0	none	False	sub-113	similar	alpha	gamma	-0.041806197672931256
fit-rw_positive_bias-run1-prior1	rw_positive_bias	run1	1.0	none	False	sub-113	similar	alpha	f0	-0.3444846462903914
fit-rw_positive_bias-run1-prior1	rw_positive_bias	run1	1.0	none	False	sub-113	similar	alpha	epsilon	0.25926188484254276
fit-rw_positive_bias-run1-prior1	rw_positive_bias	run1	1.0	none	False	sub-113	similar	alpha	acceptance_bias	0.16215639357547737
fit-rw_positive_bias-run1-prior1	rw_positive_bias	run1	1.0	none	False	sub-113	similar	gamma	f0	0.03885859387683924
fit-rw_positive_bias-run1-prior1	rw_positive_bias	run1	1.0	none	False	sub-113	similar	gamma	epsilon	0.10333158979348277
fit-rw_positive_bias-run1-prior1	rw_positive_bias	run1	1.0	none	False	sub-113	similar	gamma	acceptance_bias	0.006805435740819982
fit-rw_positive_bias-run1-prior1	rw_positive_bias	run1	1.0	none	False	sub-113	similar	f0	epsilon	0.16377814019412607
fit-rw_positive_bias-run1-prior1	rw_positive_bias	run1	1.0	none	False	sub-113	similar	f0	acceptance_bias	0.03055194046130013
fit-rw_positive_bias-run1-prior1	rw_positive_bias	run1	1.0	none	False	sub-113	similar	epsilon	acceptance_bias	-0.12003086701748368
fit-rw_positive_bias-run1-prior1	rw_positive_bias	run1	1.0	none	False	sub-113	dissimilar	alpha	gamma	-0.03652367454877786
fit-rw_positive_bias-run1-prior1	rw_positive_bias	run1	1.0	none	False	sub-113	dissimilar	alpha	f0	-0.36469097000817297
fit-rw_positive_bias-run1-prior1	rw_positive_bias	run1	1.0	none	False	sub-113	dissimilar	alpha	epsilon	0.23662999093810366
fit-rw_positive_bias-run1-prior1	rw_positive_bias	run1	1.0	none	False	sub-113	dissimilar	alpha	acceptance_bias	0.16184138137798396
fit-rw_positive_bias-run1-prior1	rw_positive_bias	run1	1.0	none	False	sub-113	dissimilar	gamma	f0	0.007894387760277774
fit-rw_positive_bias-run1-prior1	rw_positive_bias	run1	1.0	none	False	sub-113	dissimilar	gamma	epsilon	0.07560016747524087
fit-rw_positive_bias-run1-prior1	rw_positive_bias	run1	1.0	none	False	sub-113	dissimilar	gamma	acceptance_bias	0.01470208008876256
fit-rw_positive_bias-run1-prior1	rw_positive_bias	run1	1.0	none	False	sub-113	dissimilar	f0	epsilon	0.13865844685574782
fit-rw_positive_bias-run1-prior1	rw_positive_bias	run1	1.0	none	False	sub-113	dissimilar	f0	acceptance_bias	0.03671452068759956
fit-rw_positive_bias-run1-prior1	rw_positive_bias	run1	1.0	none	False	sub-113	dissimilar	epsilon	acceptance_bias	-0.13143313569238416
fit-rw_positive_bias-run1-prior1	rw_positive_bias	run1	1.0	none	False	sub-115	computer	alpha	gamma	-0.20046621366109177
fit-rw_positive_bias-run1-prior1	rw_positive_bias	run1	1.0	none	False	sub-115	computer	alpha	f0	-0.16379311497869817
fit-rw_positive_bias-run1-prior1	rw_positive_bias	run1	1.0	none	False	sub-115	computer	alpha	epsilon	0.0727302069672207
fit-rw_positive_bias-run1-prior1	rw_positive_bias	run1	1.0	none	False	sub-115	computer	alpha	acceptance_bias	0.1553783486856776
fit-rw_positive_bias-run1-prior1	rw_positive_bias	run1	1.0	none	False	sub-115	computer	gamma	f0	-0.279605049926016
fit-rw_positive_bias-run1-prior1	rw_positive_bias	run1	1.0	none	False	sub-115	computer	gamma	epsilon	0.13884144478101523
fit-rw_positive_bias-run1-prior1	rw_positive_bias	run1	1.0	none	False	sub-115	computer	gamma	acceptance_bias	-0.5935069095933417
fit-rw_positive_bias-run1-prior1	rw_positive_bias	run1	1.0	none	False	sub-115	computer	f0	epsilon	0.04704080513658925
fit-rw_positive_bias-run1-prior1	rw_positive_bias	run1	1.0	none	False	sub-115	computer	f0	acceptance_bias	0.6484371636880778
fit-rw_positive_bias-run1-prior1	rw_positive_bias	run1	1.0	none	False	sub-115	computer	epsilon	acceptance_bias	-0.1722101197222761
fit-rw_positive_bias-run1-prior1	rw_positive_bias	run1	1.0	none	False	sub-115	similar	alpha	gamma	-0.14798429038524644
fit-rw_positive_bias-run1-prior1	rw_positive_bias	run1	1.0	none	False	sub-115	similar	alpha	f0	-0.13487944956858264
fit-rw_positive_bias-run1-prior1	rw_positive_bias	run1	1.0	none	False	sub-115	similar	alpha	epsilon	0.09619992703047017
fit-rw_positive_bias-run1-prior1	rw_positive_bias	run1	1.0	none	False	sub-115	similar	alpha	acceptance_bias	0.1674531021393708
fit-rw_positive_bias-run1-prior1	rw_positive_bias	run1	1.0	none	False	sub-115	similar	gamma	f0	-0.08518386707294663
fit-rw_positive_bias-run1-prior1	rw_positive_bias	run1	1.0	none	False	sub-115	similar	gamma	epsilon	0.06999718871422267
fit-rw_positive_bias-run1-prior1	rw_positive_bias	run1	1.0	none	False	sub-115	similar	gamma	acceptance_bias	-0.3768439229269747
fit-rw_positive_bias-run1-prior1	rw_positive_bias	run1	1.0	none	False	sub-115	similar	f0	epsilon	0.042090759273243294
fit-rw_positive_bias-run1-prior1	rw_positive_bias	run1	1.0	none	False	sub-115	similar	f0	acceptance_bias	0.6623969972258074
fit-rw_positive_bias-run1-prior1	rw_positive_bias	run1	1.0	none	False	sub-115	similar	epsilon	acceptance_bias	-0.17402679464517143
fit-rw_positive_bias-run1-prior1	rw_positive_bias	run1	1.0	none	False	sub-115	dissimilar	alpha	gamma	-0.1467688255976192
fit-rw_positive_bias-run1-prior1	rw_positive_bias	run1	1.0	none	False	sub-115	dissimilar	alpha	f0	-0.17914283068483608
fit-rw_positive_bias-run1-prior1	rw_positive_bias	run1	1.0	none	False	sub-115	dissimilar	alpha	epsilon	0.12621154053927067
fit-rw_positive_bias-run1-prior1	rw_positive_bias	run1	1.0	none	False	sub-115	dissimilar	alpha	acceptance_bias	0.12580405496722116
fit-rw_positive_bias-run1-prior1	rw_positive_bias	run1	1.0	none	False	sub-115	dissimilar	gamma	f0	-0.4115747607866312
fit-rw_positive_bias-run1-prior1	rw_positive_bias	run1	1.0	none	False	sub-115	dissimilar	gamma	epsilon	0.17236105287456893
fit-rw_positive_bias-run1-prior1	rw_positive_bias	run1	1.0	none	False	sub-115	dissimilar	gamma	acceptance_bias	-0.716123909830761
fit-rw_positive_bias-run1-prior1	rw_positive_bias	run1	1.0	none	False	sub-115	dissimilar	f0	epsilon	0.03871348976948982
fit-rw_positive_bias-run1-prior1	rw_positive_bias	run1	1.0	none	False	sub-115	dissimilar	f0	acceptance_bias	0.6603356152969263
fit-rw_positive_bias-run1-prior1	rw_positive_bias	run1	1.0	none	False	sub-115	dissimilar	epsilon	acceptance_bias	-0.17292919295427603
fit-rw_positive_bias-run1-prior1	rw_positive_bias	run1	1.0	none	False	sub-116	computer	alpha	gamma	-0.2727248817302544
fit-rw_positive_bias-run1-prior1	rw_positive_bias	run1	1.0	none	False	sub-116	computer	alpha	f0	-0.6007860162164705
fit-rw_positive_bias-run1-prior1	rw_positive_bias	run1	1.0	none	False	sub-116	computer	alpha	epsilon	0.049908584688394014
fit-rw_positive_bias-run1-prior1	rw_positive_bias	run1	1.0	none	False	sub-116	computer	alpha	acceptance_bias	0.1578765886076905
fit-rw_positive_bias-run1-prior1	rw_positive_bias	run1	1.0	none	False	sub-116	computer	gamma	f0	0.30400599513567944
fit-rw_positive_bias-run1-prior1	rw_positive_bias	run1	1.0	none	False	sub-116	computer	gamma	epsilon	-0.10840131739653704
fit-rw_positive_bias-run1-prior1	rw_positive_bias	run1	1.0	none	False	sub-116	computer	gamma	acceptance_bias	-0.04300565261551036
fit-rw_positive_bias-run1-prior1	rw_positive_bias	run1	1.0	none	False	sub-116	computer	f0	epsilon	-0.05202519155010144
fit-rw_positive_bias-run1-prior1	rw_positive_bias	run1	1.0	none	False	sub-116	computer	f0	acceptance_bias	0.14657764600516815
fit-rw_positive_bias-run1-prior1	rw_positive_bias	run1	1.0	none	False	sub-116	computer	epsilon	acceptance_bias	-0.09398974698510328
fit-rw_positive_bias-run1-prior1	rw_positive_bias	run1	1.0	none	False	sub-116	similar	alpha	gamma	-0.2859704409025259
fit-rw_positive_bias-run1-prior1	rw_positive_bias	run1	1.0	none	False	sub-116	similar	alpha	f0	-0.6189591855818554
fit-rw_positive_bias-run1-prior1	rw_positive_bias	run1	1.0	none	False	sub-116	similar	alpha	epsilon	0.0748674356090043
fit-rw_positive_bias-run1-prior1	rw_positive_bias	run1	1.0	none	False	sub-116	similar	alpha	acceptance_bias	0.13009505309749447
fit-rw_positive_bias-run1-prior1	rw_positive_bias	run1	1.0	none	False	sub-116	similar	gamma	f0	0.27623849110347876
fit-rw_positive_bias-run1-prior1	rw_positive_bias	run1	1.0	none	False	sub-116	similar	gamma	epsilon	-0.14355059166846346
fit-rw_positive_bias-run1-prior1	rw_positive_bias	run1	1.0	none	False	sub-116	similar	gamma	acceptance_bias	-0.07535004505882924
fit-rw_positive_bias-run1-prior1	rw_positive_bias	run1	1.0	none	False	sub-116	similar	f0	epsilon	-0.08799561954042016
fit-rw_positive_bias-run1-prior1	rw_positive_bias	run1	1.0	none	False	sub-116	similar	f0	acceptance_bias	0.16983841777657724
fit-rw_positive_bias-run1-prior1	rw_positive_bias	run1	1.0	none	False	sub-116	similar	epsilon	acceptance_bias	-0.10183942735920831
fit-rw_positive_bias-run1-prior1	rw_positive_bias	run1	1.0	none	False	sub-116	dissimilar	alpha	gamma	-0.29243712637926783
fit-rw_positive_bias-run1-prior1	rw_positive_bias	run1	1.0	none	False	sub-116	dissimilar	alpha	f0	-0.625319068853466
fit-rw_positive_bias-run1-prior1	rw_positive_bias	run1	1.0	none	False	sub-116	dissimilar	alpha	epsilon	0.06381766373983716
fit-rw_positive_bias-run1-prior1	rw_positive_bias	run1	1.0	none	False	sub-116	dissimilar	alpha	acceptance_bias	0.14193060107563807
fit-rw_positive_bias-run1-prior1	rw_positive_bias	run1	1.0	none	False	sub-116	dissimilar	gamma	f0	0.27597825273609666
fit-rw_positive_bias-run1-prior1	rw_positive_bias	run1	1.0	none	False	sub-116	dissimilar	gamma	epsilon	-0.18374481927146016
fit-rw_positive_bias-run1-prior1	rw_positive_bias	run1	1.0	none	False	sub-116	dissimilar	gamma	acceptance_bias	-0.015425486544689357
fit-rw_positive_bias-run1-prior1	rw_positive_bias	run1	1.0	none	False	sub-116	dissimilar	f0	epsilon	-0.06531953336092632
fit-rw_positive_bias-run1-prior1	rw_positive_bias	run1	1.0	none	False	sub-116	dissimilar	f0	acceptance_bias	0.1563632562858199
fit-rw_positive_bias-run1-prior1	rw_positive_bias	run1	1.0	none	False	sub-116	dissimilar	epsilon	acceptance_bias	-0.10026175792698086
fit-rw_positive_bias-run1-prior1	rw_positive_bias	run1	1.0	none	False	sub-117	computer	alpha	gamma	-0.28209669945220156
fit-rw_positive_bias-run1-prior1	rw_positive_bias	run1	1.0	none	False	sub-117	computer	alpha	f0	-0.39859644985461956
fit-rw_positive_bias-run1-prior1	rw_positive_bias	run1	1.0	none	False	sub-117	computer	alpha	epsilon	-0.02617882168592327
fit-rw_positive_bias-run1-prior1	rw_positive_bias	run1	1.0	none	False	sub-117	computer	alpha	acceptance_bias	0.24535902673993118
fit-rw_positive_bias-run1-prior1	rw_positive_bias	run1	1.0	none	False	sub-117	computer	gamma	f0	0.14382569973573206
fit-rw_positive_bias-run1-prior1	rw_positive_bias	run1	1.0	none	False	sub-117	computer	gamma	epsilon	0.21703238962163635
fit-rw_positive_bias-run1-prior1	rw_positive_bias	run1	1.0	none	False	sub-117	computer	gamma	acceptance_bias	-0.15592081443349737
fit-rw_positive_bias-run1-prior1	rw_positive_bias	run1	1.0	none	False	sub-117	computer	f0	epsilon	-0.17153172499642563
fit-rw_positive_bias-run1-prior1	rw_positive_bias	run1	1.0	none	False	sub-117	computer	f0	acceptance_bias	0.17060984145139058
fit-rw_positive_bias-run1-prior1	rw_positive_bias	run1	1.0	none	False	sub-117	computer	epsilon	acceptance_bias	-0.15876345444061882
fit-rw_positive_bias-run1-prior1	rw_positive_bias	run1	1.0	none	False	sub-117	similar	alpha	gamma	-0.2608688740575655
fit-rw_positive_bias-run1-prior1	rw_positive_bias	run1	1.0	none	False	sub-117	similar	alpha	f0	-0.3883302345510294
fit-rw_positive_bias-run1-prior1	rw_positive_bias	run1	1.0	none	False	sub-117	similar	alpha	epsilon	-0.08461927183473003
fit-rw_positive_bias-run1-prior1	rw_positive_bias	run1	1.0	none	False	sub-117	similar	alpha	acceptance_bias	0.20933910750405085
fit-rw_positive_bias-run1-prior1	rw_positive_bias	run1	1.0	none	False	sub-117	similar	gamma	f0	0.17232532441970777
fit-rw_positive_bias-run1-prior1	rw_positive_bias	run1	1.0	none	False	sub-117	similar	gamma	epsilon	0.13063111328879298
fit-rw_positive_bias-run1-prior1	rw_positive_bias	run1	1.0	none	False	sub-117	similar	gamma	acceptance_bias	-0.1536355662836553
fit-rw_positive_bias-run1-prior1	rw_positive_bias	run1	1.0	none	False	sub-117	similar	f0	epsilon	-0.10425368261659823
fit-rw_positive_bias-run1-prior1	rw_positive_bias	run1	1.0	none	False	sub-117	similar	f0	acceptance_bias	0.17406211556507284
fit-rw_positive_bias-run1-prior1	rw_positive_bias	run1	1.0	none	False	sub-117	similar	epsilon	acceptance_bias	-0.16117449538023376
fit-rw_positive_bias-run1-prior1	rw_positive_bias	run1	1.0	none	False	sub-117	dissimilar	alpha	gamma	-0.20021654591153393
fit-rw_positive_bias-run1-prior1	rw_positive_bias	run1	1.0	none	False	sub-117	dissimilar	alpha	f0	-0.4210153565629902
fit-rw_positive_bias-run1-prior1	rw_positive_bias	run1	1.0	none	False	sub-117	dissimilar	alpha	epsilon	-0.005588508041782997
fit-rw_positive_bias-run1-prior1	rw_positive_bias	run1	1.0	none	False	sub-117	dissimilar	alpha	acceptance_bias	0.22633129679539002
fit-rw_positive_bias-run1-prior1	rw_positive_bias	run1	1.0	none	False	sub-117	dissimilar	gamma	f0	0.08737018677869071
fit-rw_positive_bias-run1-prior1	rw_positive_bias	run1	1.0	none	False	sub-117	dissimilar	gamma	epsilon	0.23425375088791509
fit-rw_positive_bias-run1-prior1	rw_positive_bias	run1	1.0	none	False	sub-117	dissimilar	gamma	acceptance_bias	-0.11381738289416948
fit-rw_positive_bias-run1-prior1	rw_positive_bias	run1	1.0	none	False	sub-117	dissimilar	f0	epsilon	-0.1576907413172698
fit-rw_positive_bias-run1-prior1	rw_positive_bias	run1	1.0	none	False	sub-117	dissimilar	f0	acceptance_bias	0.17738513068885858
fit-rw_positive_bias-run1-prior1	rw_positive_bias	run1	1.0	none	False	sub-117	dissimilar	epsilon	acceptance_bias	-0.1358827397540969
fit-rw_positive_bias-run1-prior1	rw_positive_bias	run1	1.0	none	False	sub-118	computer	alpha	gamma	-0.46197582483736954
fit-rw_positive_bias-run1-prior1	rw_positive_bias	run1	1.0	none	False	sub-118	computer	alpha	f0	-0.4450106395907452
fit-rw_positive_bias-run1-prior1	rw_positive_bias	run1	1.0	none	False	sub-118	computer	alpha	epsilon	0.04648403105877617
fit-rw_positive_bias-run1-prior1	rw_positive_bias	run1	1.0	none	False	sub-118	computer	alpha	acceptance_bias	0.19132551966776337
fit-rw_positive_bias-run1-prior1	rw_positive_bias	run1	1.0	none	False	sub-118	computer	gamma	f0	0.08013475770382852
fit-rw_positive_bias-run1-prior1	rw_positive_bias	run1	1.0	none	False	sub-118	computer	gamma	epsilon	0.11959167105542699
fit-rw_positive_bias-run1-prior1	rw_positive_bias	run1	1.0	none	False	sub-118	computer	gamma	acceptance_bias	-0.40235691785241007
fit-rw_positive_bias-run1-prior1	rw_positive_bias	run1	1.0	none	False	sub-118	computer	f0	epsilon	-0.1334583710643507
fit-rw_positive_bias-run1-prior1	rw_positive_bias	run1	1.0	none	False	sub-118	computer	f0	acceptance_bias	0.5427468565594056
fit-rw_positive_bias-run1-prior1	rw_positive_bias	run1	1.0	none	False	sub-118	computer	epsilon	acceptance_bias	-0.2215329856777146
fit-rw_positive_bias-run1-prior1	rw_positive_bias	run1	1.0	none	False	sub-118	similar	alpha	gamma	-0.41419950326950117
fit-rw_positive_bias-run1-prior1	rw_positive_bias	run1	1.0	none	False	sub-118	similar	alpha	f0	-0.43528967475526525
fit-rw_positive_bias-run1-prior1	rw_positive_bias	run1	1.0	none	False	sub-118	similar	alpha	epsilon	0.06942277267243521
fit-rw_positive_bias-run1-prior1	rw_positive_bias	run1	1.0	none	False	sub-118	similar	alpha	acceptance_bias	0.20721073938612933
fit-rw_positive_bias-run1-prior1	rw_positive_bias	run1	1.0	none	False	sub-118	similar	gamma	f0	-0.04054924944273995
fit-rw_positive_bias-run1-prior1	rw_positive_bias	run1	1.0	none	False	sub-118	similar	gamma	epsilon	0.13536584780049019
fit-rw_positive_bias-run1-prior1	rw_positive_bias	run1	1.0	none	False	sub-118	similar	gamma	acceptance_bias	-0.4998273076603895
fit-rw_positive_bias-run1-prior1	rw_positive_bias	run1	1.0	none	False	sub-118	similar	f0	epsilon	-0.15694946774550603
fit-rw_positive_bias-run1-prior1	rw_positive_bias	run1	1.0	none	False	sub-118	similar	f0	acceptance_bias	0.5527725983554056
fit-rw_positive_bias-run1-prior1	rw_positive_bias	run1	1.0	none	False	sub-118	similar	epsilon	acceptance_bias	-0.21923841348972511
fit-rw_positive_bias-run1-prior1	rw_positive_bias	run1	1.0	none	False	sub-118	dissimilar	alpha	gamma	-0.4657427826821275
fit-rw_positive_bias-run1-prior1	rw_positive_bias	run1	1.0	none	False	sub-118	dissimilar	alpha	f0	-0.4742755222230242
fit-rw_positive_bias-run1-prior1	rw_positive_bias	run1	1.0	none	False	sub-118	dissimilar	alpha	epsilon	0.09956947492030287
fit-rw_positive_bias-run1-prior1	rw_positive_bias	run1	1.0	none	False	sub-118	dissimilar	alpha	acceptance_bias	0.19092301450950522
fit-rw_positive_bias-run1-prior1	rw_positive_bias	run1	1.0	none	False	sub-118	dissimilar	gamma	f0	0.21526512972689135
fit-rw_positive_bias-run1-prior1	rw_positive_bias	run1	1.0	none	False	sub-118	dissimilar	gamma	epsilon	-0.025196213589566804
fit-rw_positive_bias-run1-prior1	rw_positive_bias	run1	1.0	none	False	sub-118	dissimilar	gamma	acceptance_bias	-0.2186547712017606
fit-rw_positive_bias-run1-prior1	rw_positive_bias	run1	1.0	none	False	sub-118	dissimilar	f0	epsilon	-0.19998581148406924
fit-rw_positive_bias-run1-prior1	rw_positive_bias	run1	1.0	none	False	sub-118	dissimilar	f0	acceptance_bias	0.5349076264644285
fit-rw_positive_bias-run1-prior1	rw_positive_bias	run1	1.0	none	False	sub-118	dissimilar	epsilon	acceptance_bias	-0.22997693574161088
fit-rw_positive_bias-run1-prior1	rw_positive_bias	run1	1.0	none	False	sub-121	computer	alpha	gamma	-0.3667716016794176
fit-rw_positive_bias-run1-prior1	rw_positive_bias	run1	1.0	none	False	sub-121	computer	alpha	f0	-0.31036885542490744
fit-rw_positive_bias-run1-prior1	rw_positive_bias	run1	1.0	none	False	sub-121	computer	alpha	epsilon	0.0683766379825584
fit-rw_positive_bias-run1-prior1	rw_positive_bias	run1	1.0	none	False	sub-121	computer	alpha	acceptance_bias	0.28361603191412693
fit-rw_positive_bias-run1-prior1	rw_positive_bias	run1	1.0	none	False	sub-121	computer	gamma	f0	0.326690872642324
fit-rw_positive_bias-run1-prior1	rw_positive_bias	run1	1.0	none	False	sub-121	computer	gamma	epsilon	0.05639660206972812
fit-rw_positive_bias-run1-prior1	rw_positive_bias	run1	1.0	none	False	sub-121	computer	gamma	acceptance_bias	-0.00035862787146616115
fit-rw_positive_bias-run1-prior1	rw_positive_bias	run1	1.0	none	False	sub-121	computer	f0	epsilon	-0.07287630047941587
fit-rw_positive_bias-run1-prior1	rw_positive_bias	run1	1.0	none	False	sub-121	computer	f0	acceptance_bias	0.560082821119493
fit-rw_positive_bias-run1-prior1	rw_positive_bias	run1	1.0	none	False	sub-121	computer	epsilon	acceptance_bias	-0.21539519039472194
fit-rw_positive_bias-run1-prior1	rw_positive_bias	run1	1.0	none	False	sub-121	similar	alpha	gamma	-0.4696496294061388
fit-rw_positive_bias-run1-prior1	rw_positive_bias	run1	1.0	none	False	sub-121	similar	alpha	f0	-0.3314922585876466
fit-rw_positive_bias-run1-prior1	rw_positive_bias	run1	1.0	none	False	sub-121	similar	alpha	epsilon	0.06358629174207373
fit-rw_positive_bias-run1-prior1	rw_positive_bias	run1	1.0	none	False	sub-121	similar	alpha	acceptance_bias	0.22691212030665006
fit-rw_positive_bias-run1-prior1	rw_positive_bias	run1	1.0	none	False	sub-121	similar	gamma	f0	0.019457874670189265
fit-rw_positive_bias-run1-prior1	rw_positive_bias	run1	1.0	none	False	sub-121	similar	gamma	epsilon	0.09658877551590728
fit-rw_positive_bias-run1-prior1	rw_positive_bias	run1	1.0	none	False	sub-121	similar	gamma	acceptance_bias	-0.4163641892680908
fit-rw_positive_bias-run1-prior1	rw_positive_bias	run1	1.0	none	False	sub-121	similar	f0	epsilon	0.0691608766078791
fit-rw_positive_bias-run1-prior1	rw_positive_bias	run1	1.0	none	False	sub-121	similar	f0	acceptance_bias	0.5267927851878081
fit-rw_positive_bias-run1-prior1	rw_positive_bias	run1	1.0	none	False	sub-121	similar	epsilon	acceptance_bias	-0.20396161578849226
fit-rw_positive_bias-run1-prior1	rw_positive_bias	run1	1.0	none	False	sub-121	dissimilar	alpha	gamma	-0.4445712060052995
fit-rw_positive_bias-run1-prior1	rw_positive_bias	run1	1.0	none	False	sub-121	dissimilar	alpha	f0	-0.36882517646780155
fit-rw_positive_bias-run1-prior1	rw_positive_bias	run1	1.0	none	False	sub-121	dissimilar	alpha	epsilon	0.10191266343098059
fit-rw_positive_bias-run1-prior1	rw_positive_bias	run1	1.0	none	False	sub-121	dissimilar	alpha	acceptance_bias	0.19771668893472077
fit-rw_positive_bias-run1-prior1	rw_positive_bias	run1	1.0	none	False	sub-121	dissimilar	gamma	f0	-0.08336940865644414
fit-rw_positive_bias-run1-prior1	rw_positive_bias	run1	1.0	none	False	sub-121	dissimilar	gamma	epsilon	0.03429981382996936
fit-rw_positive_bias-run1-prior1	rw_positive_bias	run1	1.0	none	False	sub-121	dissimilar	gamma	acceptance_bias	-0.44057152814683526
fit-rw_positive_bias-run1-prior1	rw_positive_bias	run1	1.0	none	False	sub-121	dissimilar	f0	epsilon	0.006722499043582511
fit-rw_positive_bias-run1-prior1	rw_positive_bias	run1	1.0	none	False	sub-121	dissimilar	f0	acceptance_bias	0.5338764638991422
fit-rw_positive_bias-run1-prior1	rw_positive_bias	run1	1.0	none	False	sub-121	dissimilar	epsilon	acceptance_bias	-0.22979616885346346
fit-rw_positive_bias-run1-prior1	rw_positive_bias	run1	1.0	none	False	sub-122	computer	alpha	gamma	-0.3523635545379608
fit-rw_positive_bias-run1-prior1	rw_positive_bias	run1	1.0	none	False	sub-122	computer	alpha	f0	-0.2991249233035243
fit-rw_positive_bias-run1-prior1	rw_positive_bias	run1	1.0	none	False	sub-122	computer	alpha	epsilon	-0.019808038643285526
fit-rw_positive_bias-run1-prior1	rw_positive_bias	run1	1.0	none	False	sub-122	computer	alpha	acceptance_bias	0.17287034647098115
fit-rw_positive_bias-run1-prior1	rw_positive_bias	run1	1.0	none	False	sub-122	computer	gamma	f0	-0.1732422832643954
fit-rw_positive_bias-run1-prior1	rw_positive_bias	run1	1.0	none	False	sub-122	computer	gamma	epsilon	0.03164325628959391
fit-rw_positive_bias-run1-prior1	rw_positive_bias	run1	1.0	none	False	sub-122	computer	gamma	acceptance_bias	-0.3672791167303699
fit-rw_positive_bias-run1-prior1	rw_positive_bias	run1	1.0	none	False	sub-122	computer	f0	epsilon	0.11058493752056538
fit-rw_positive_bias-run1-prior1	rw_positive_bias	run1	1.0	none	False	sub-122	computer	f0	acceptance_bias	0.5480766150075012
fit-rw_positive_bias-run1-prior1	rw_positive_bias	run1	1.0	none	False	sub-122	computer	epsilon	acceptance_bias	-0.09315383162688962
fit-rw_positive_bias-run1-prior1	rw_positive_bias	run1	1.0	none	False	sub-122	similar	alpha	gamma	-0.17345740116261008
fit-rw_positive_bias-run1-prior1	rw_positive_bias	run1	1.0	none	False	sub-122	similar	alpha	f0	-0.3001151740664964
fit-rw_positive_bias-run1-prior1	rw_positive_bias	run1	1.0	none	False	sub-122	similar	alpha	epsilon	-0.0003508170449513681
fit-rw_positive_bias-run1-prior1	rw_positive_bias	run1	1.0	none	False	sub-122	similar	alpha	acceptance_bias	0.16090942933918315
fit-rw_positive_bias-run1-prior1	rw_positive_bias	run1	1.0	none	False	sub-122	similar	gamma	f0	-0.3349762175412198
fit-rw_positive_bias-run1-prior1	rw_positive_bias	run1	1.0	none	False	sub-122	similar	gamma	epsilon	0.01777757189997191
fit-rw_positive_bias-run1-prior1	rw_positive_bias	run1	1.0	none	False	sub-122	similar	gamma	acceptance_bias	-0.51621405652085
fit-rw_positive_bias-run1-prior1	rw_positive_bias	run1	1.0	none	False	sub-122	similar	f0	epsilon	0.14020243087839024
fit-rw_positive_bias-run1-prior1	rw_positive_bias	run1	1.0	none	False	sub-122	similar	f0	acceptance_bias	0.5605460453384131
fit-rw_positive_bias-run1-prior1	rw_positive_bias	run1	1.0	none	False	sub-122	similar	epsilon	acceptance_bias	-0.07344511071174688
fit-rw_positive_bias-run1-prior1	rw_positive_bias	run1	1.0	none	False	sub-122	dissimilar	alpha	gamma	-0.2796055268711375
fit-rw_positive_bias-run1-prior1	rw_positive_bias	run1	1.0	none	False	sub-122	dissimilar	alpha	f0	-0.2831686289380975
fit-rw_positive_bias-run1-prior1	rw_positive_bias	run1	1.0	none	False	sub-122	dissimilar	alpha	epsilon	0.036049658243227325
fit-rw_positive_bias-run1-prior1	rw_positive_bias	run1	1.0	none	False	sub-122	dissimilar	alpha	acceptance_bias	0.1907638874422566
fit-rw_positive_bias-run1-prior1	rw_positive_bias	run1	1.0	none	False	sub-122	dissimilar	gamma	f0	0.03749270357028788
fit-rw_positive_bias-run1-prior1	rw_positive_bias	run1	1.0	none	False	sub-122	dissimilar	gamma	epsilon	0.06687254934183942
fit-rw_positive_bias-run1-prior1	rw_positive_bias	run1	1.0	none	False	sub-122	dissimilar	gamma	acceptance_bias	0.008833609795375993
fit-rw_positive_bias-run1-prior1	rw_positive_bias	run1	1.0	none	False	sub-122	dissimilar	f0	epsilon	0.10018579070154712
fit-rw_positive_bias-run1-prior1	rw_positive_bias	run1	1.0	none	False	sub-122	dissimilar	f0	acceptance_bias	0.559141707898684
fit-rw_positive_bias-run1-prior1	rw_positive_bias	run1	1.0	none	False	sub-122	dissimilar	epsilon	acceptance_bias	-0.07516866566850826
fit-rw_positive_bias-run1-prior1	rw_positive_bias	run1	1.0	none	False	sub-124	computer	alpha	gamma	-0.11525207431759281
fit-rw_positive_bias-run1-prior1	rw_positive_bias	run1	1.0	none	False	sub-124	computer	alpha	f0	-0.22033904249842995
fit-rw_positive_bias-run1-prior1	rw_positive_bias	run1	1.0	none	False	sub-124	computer	alpha	epsilon	-0.1834541890023382
fit-rw_positive_bias-run1-prior1	rw_positive_bias	run1	1.0	none	False	sub-124	computer	alpha	acceptance_bias	0.09711941702736605
fit-rw_positive_bias-run1-prior1	rw_positive_bias	run1	1.0	none	False	sub-124	computer	gamma	f0	-0.12377822353215726
fit-rw_positive_bias-run1-prior1	rw_positive_bias	run1	1.0	none	False	sub-124	computer	gamma	epsilon	-0.020788359649210584
fit-rw_positive_bias-run1-prior1	rw_positive_bias	run1	1.0	none	False	sub-124	computer	gamma	acceptance_bias	-0.20188095335691422
fit-rw_positive_bias-run1-prior1	rw_positive_bias	run1	1.0	none	False	sub-124	computer	f0	epsilon	0.06628678576452006
fit-rw_positive_bias-run1-prior1	rw_positive_bias	run1	1.0	none	False	sub-124	computer	f0	acceptance_bias	0.20692830690809969
fit-rw_positive_bias-run1-prior1	rw_positive_bias	run1	1.0	none	False	sub-124	computer	epsilon	acceptance_bias	0.12072390601630172
fit-rw_positive_bias-run1-prior1	rw_positive_bias	run1	1.0	none	False	sub-124	similar	alpha	gamma	-0.11038382026303857
fit-rw_positive_bias-run1-prior1	rw_positive_bias	run1	1.0	none	False	sub-124	similar	alpha	f0	-0.21900806767120212
fit-rw_positive_bias-run1-prior1	rw_positive_bias	run1	1.0	none	False	sub-124	similar	alpha	epsilon	-0.15361336068951587
fit-rw_positive_bias-run1-prior1	rw_positive_bias	run1	1.0	none	False	sub-124	similar	alpha	acceptance_bias	0.09201227482015015
fit-rw_positive_bias-run1-prior1	rw_positive_bias	run1	1.0	none	False	sub-124	similar	gamma	f0	-0.07847196201366072
fit-rw_positive_bias-run1-prior1	rw_positive_bias	run1	1.0	none	False	sub-124	similar	gamma	epsilon	-0.027818617776413278
fit-rw_positive_bias-run1-prior1	rw_positive_bias	run1	1.0	none	False	sub-124	similar	gamma	acceptance_bias	-0.11492877333390823
fit-rw_positive_bias-run1-prior1	rw_positive_bias	run1	1.0	none	False	sub-124	similar	f0	epsilon	-0.056446532945981974
fit-rw_positive_bias-run1-prior1	rw_positive_bias	run1	1.0	none	False	sub-124	similar	f0	acceptance_bias	0.2174888728195442
fit-rw_positive_bias-run1-prior1	rw_positive_bias	run1	1.0	none	False	sub-124	similar	epsilon	acceptance_bias	0.10980320890777567
fit-rw_positive_bias-run1-prior1	rw_positive_bias	run1	1.0	none	False	sub-124	dissimilar	alpha	gamma	-0.09285755510119863
fit-rw_positive_bias-run1-prior1	rw_positive_bias	run1	1.0	none	False	sub-124	dissimilar	alpha	f0	-0.23856382515518076
fit-rw_positive_bias-run1-prior1	rw_positive_bias	run1	1.0	none	False	sub-124	dissimilar	alpha	epsilon	-0.14610511889512814
fit-rw_positive_bias-run1-prior1	rw_positive_bias	run1	1.0	none	False	sub-124	dissimilar	alpha	acceptance_bias	0.0891467561973417
fit-rw_positive_bias-run1-prior1	rw_positive_bias	run1	1.0	none	False	sub-124	dissimilar	gamma	f0	-0.14448674543788365
fit-rw_positive_bias-run1-prior1	rw_positive_bias	run1	1.0	none	False	sub-124	dissimilar	gamma	epsilon	-0.030205419094492505
fit-rw_positive_bias-run1-prior1	rw_positive_bias	run1	1.0	none	False	sub-124	dissimilar	gamma	acceptance_bias	-0.2190348266538289
fit-rw_positive_bias-run1-prior1	rw_positive_bias	run1	1.0	none	False	sub-124	dissimilar	f0	epsilon	0.02778109151163917
fit-rw_positive_bias-run1-prior1	rw_positive_bias	run1	1.0	none	False	sub-124	dissimilar	f0	acceptance_bias	0.2176467000042338
fit-rw_positive_bias-run1-prior1	rw_positive_bias	run1	1.0	none	False	sub-124	dissimilar	epsilon	acceptance_bias	0.12550523353379
fit-rw_positive_bias-run1-prior1	rw_positive_bias	run1	1.0	none	False	sub-125	computer	alpha	gamma	-0.5137786782195249
fit-rw_positive_bias-run1-prior1	rw_positive_bias	run1	1.0	none	False	sub-125	computer	alpha	f0	-0.37067047062912545
fit-rw_positive_bias-run1-prior1	rw_positive_bias	run1	1.0	none	False	sub-125	computer	alpha	epsilon	-0.02874609787372998
fit-rw_positive_bias-run1-prior1	rw_positive_bias	run1	1.0	none	False	sub-125	computer	alpha	acceptance_bias	0.28009070593993207
fit-rw_positive_bias-run1-prior1	rw_positive_bias	run1	1.0	none	False	sub-125	computer	gamma	f0	0.013657132658865529
fit-rw_positive_bias-run1-prior1	rw_positive_bias	run1	1.0	none	False	sub-125	computer	gamma	epsilon	0.06663429323608118
fit-rw_positive_bias-run1-prior1	rw_positive_bias	run1	1.0	none	False	sub-125	computer	gamma	acceptance_bias	-0.5533723543434654
fit-rw_positive_bias-run1-prior1	rw_positive_bias	run1	1.0	none	False	sub-125	computer	f0	epsilon	0.015431384229774695
fit-rw_positive_bias-run1-prior1	rw_positive_bias	run1	1.0	none	False	sub-125	computer	f0	acceptance_bias	0.5008856584977357
fit-rw_positive_bias-run1-prior1	rw_positive_bias	run1	1.0	none	False	sub-125	computer	epsilon	acceptance_bias	-0.22950332331015844
fit-rw_positive_bias-run1-prior1	rw_positive_bias	run1	1.0	none	False	sub-125	similar	alpha	gamma	-0.4853695613331525
fit-rw_positive_bias-run1-prior1	rw_positive_bias	run1	1.0	none	False	sub-125	similar	alpha	f0	-0.3406726039655506
fit-rw_positive_bias-run1-prior1	rw_positive_bias	run1	1.0	none	False	sub-125	similar	alpha	epsilon	0.056945971382473676
fit-rw_positive_bias-run1-prior1	rw_positive_bias	run1	1.0	none	False	sub-125	similar	alpha	acceptance_bias	0.26688533708919343
fit-rw_positive_bias-run1-prior1	rw_positive_bias	run1	1.0	none	False	sub-125	similar	gamma	f0	0.07848342979597488
fit-rw_positive_bias-run1-prior1	rw_positive_bias	run1	1.0	none	False	sub-125	similar	gamma	epsilon	0.0982864109864591
fit-rw_positive_bias-run1-prior1	rw_positive_bias	run1	1.0	none	False	sub-125	similar	gamma	acceptance_bias	-0.4203758292570106
fit-rw_positive_bias-run1-prior1	rw_positive_bias	run1	1.0	none	False	sub-125	similar	f0	epsilon	0.04354684700873496
fit-rw_positive_bias-run1-prior1	rw_positive_bias	run1	1.0	none	False	sub-125	similar	f0	acceptance_bias	0.5301226006557307
fit-rw_positive_bias-run1-prior1	rw_positive_bias	run1	1.0	none	False	sub-125	similar	epsilon	acceptance_bias	-0.2224219349243092
fit-rw_positive_bias-run1-prior1	rw_positive_bias	run1	1.0	none	False	sub-125	dissimilar	alpha	gamma	-0.4576904705451761
fit-rw_positive_bias-run1-prior1	rw_positive_bias	run1	1.0	none	False	sub-125	dissimilar	alpha	f0	-0.32726756432808873
fit-rw_positive_bias-run1-prior1	rw_positive_bias	run1	1.0	none	False	sub-125	dissimilar	alpha	epsilon	0.07953351978916544
fit-rw_positive_bias-run1-prior1	rw_positive_bias	run1	1.0	none	False	sub-125	dissimilar	alpha	acceptance_bias	0.27836998734857227
fit-rw_positive_bias-run1-prior1	rw_positive_bias	run1	1.0	none	False	sub-125	dissimilar	gamma	f0	0.25724583704973303
fit-rw_positive_bias-run1-prior1	rw_positive_bias	run1	1.0	none	False	sub-125	dissimilar	gamma	epsilon	0.12386860474153936
fit-rw_positive_bias-run1-prior1	rw_positive_bias	run1	1.0	none	False	sub-125	dissimilar	gamma	acceptance_bias	-0.2235635812667972
fit-rw_positive_bias-run1-prior1	rw_positive_bias	run1	1.0	none	False	sub-125	dissimilar	f0	epsilon	-0.006537066951941511
fit-rw_positive_bias-run1-prior1	rw_positive_bias	run1	1.0	none	False	sub-125	dissimilar	f0	acceptance_bias	0.550426335170584
fit-rw_positive_bias-run1-prior1	rw_positive_bias	run1	1.0	none	False	sub-125	dissimilar	epsilon	acceptance_bias	-0.2235072005762003
fit-rw_positive_bias-run1-prior1	rw_positive_bias	run1	1.0	none	False	sub-126	computer	alpha	gamma	-0.08885533047020575
fit-rw_positive_bias-run1-prior1	rw_positive_bias	run1	1.0	none	False	sub-126	computer	alpha	f0	-0.2997835827857796
fit-rw_positive_bias-run1-prior1	rw_positive_bias	run1	1.0	none	False	sub-126	computer	alpha	epsilon	-0.051225648609814864
fit-rw_positive_bias-run1-prior1	rw_positive_bias	run1	1.0	none	False	sub-126	computer	alpha	acceptance_bias	0.046175090082843054
fit-rw_positive_bias-run1-prior1	rw_positive_bias	run1	1.0	none	False	sub-126	computer	gamma	f0	-0.1314587185965481
fit-rw_positive_bias-run1-prior1	rw_positive_bias	run1	1.0	none	False	sub-126	computer	gamma	epsilon	-0.014235608078033143
fit-rw_positive_bias-run1-prior1	rw_positive_bias	run1	1.0	none	False	sub-126	computer	gamma	acceptance_bias	-0.2992104904189726
fit-rw_positive_bias-run1-prior1	rw_positive_bias	run1	1.0	none	False	sub-126	computer	f0	epsilon	0.31952261181716796
fit-rw_positive_bias-run1-prior1	rw_positive_bias	run1	1.0	none	False	sub-126	computer	f0	acceptance_bias	0.31338669952205656
fit-rw_positive_bias-run1-prior1	rw_positive_bias	run1	1.0	none	False	sub-126	computer	epsilon	acceptance_bias	0.036778798466717735
fit-rw_positive_bias-run1-prior1	rw_positive_bias	run1	1.0	none	False	sub-126	similar	alpha	gamma	-0.07498192688145959
fit-rw_positive_bias-run1-prior1	rw_positive_bias	run1	1.0	none	False	sub-126	similar	alpha	f0	-0.2869913293688145
fit-rw_positive_bias-run1-prior1	rw_positive_bias	run1	1.0	none	False	sub-126	similar	alpha	epsilon	-0.03816175161612478
fit-rw_positive_bias-run1-prior1	rw_positive_bias	run1	1.0	none	False	sub-126	similar	alpha	acceptance_bias	0.05378350954807082
fit-rw_positive_bias-run1-prior1	rw_positive_bias	run1	1.0	none	False	sub-126	similar	gamma	f0	-0.15226535491475723
fit-rw_positive_bias-run1-prior1	rw_positive_bias	run1	1.0	none	False	sub-126	similar	gamma	epsilon	-0.019073765974722028
fit-rw_positive_bias-run1-prior1	rw_positive_bias	run1	1.0	none	False	sub-126	similar	gamma	acceptance_bias	-0.30397357201946973
fit-rw_positive_bias-run1-prior1	rw_positive_bias	run1	1.0	none	False	sub-126	similar	f0	epsilon	0.32022853529440665
fit-rw_positive_bias-run1-prior1	rw_positive_bias	run1	1.0	none	False	sub-126	similar	f0	acceptance_bias	0.3332869319789542
fit-rw_positive_bias-run1-prior1	rw_positive_bias	run1	1.0	none	False	sub-126	similar	epsilon	acceptance_bias	0.03997545110828276
fit-rw_positive_bias-run1-prior1	rw_positive_bias	run1	1.0	none	False	sub-126	dissimilar	alpha	gamma	-0.08417733609963006
fit-rw_positive_bias-run1-prior1	rw_positive_bias	run1	1.0	none	False	sub-126	dissimilar	alpha	f0	-0.30294697819088223
fit-rw_positive_bias-run1-prior1	rw_positive_bias	run1	1.0	none	False	sub-126	dissimilar	alpha	epsilon	-0.027215926565806143
fit-rw_positive_bias-run1-prior1	rw_positive_bias	run1	1.0	none	False	sub-126	dissimilar	alpha	acceptance_bias	0.06480470468050692
fit-rw_positive_bias-run1-prior1	rw_positive_bias	run1	1.0	none	False	sub-126	dissimilar	gamma	f0	-0.14446759816336044
fit-rw_positive_bias-run1-prior1	rw_positive_bias	run1	1.0	none	False	sub-126	dissimilar	gamma	epsilon	-0.0207668690615135
fit-rw_positive_bias-run1-prior1	rw_positive_bias	run1	1.0	none	False	sub-126	dissimilar	gamma	acceptance_bias	-0.31953111161694825
fit-rw_positive_bias-run1-prior1	rw_positive_bias	run1	1.0	none	False	sub-126	dissimilar	f0	epsilon	0.3184344082145101
fit-rw_positive_bias-run1-prior1	rw_positive_bias	run1	1.0	none	False	sub-126	dissimilar	f0	acceptance_bias	0.3243283195256868
fit-rw_positive_bias-run1-prior1	rw_positive_bias	run1	1.0	none	False	sub-126	dissimilar	epsilon	acceptance_bias	0.051154976480062925
fit-rw_positive_bias-run1-prior1	rw_positive_bias	run1	1.0	none	False	sub-127	computer	alpha	gamma	-0.3066282916013234
fit-rw_positive_bias-run1-prior1	rw_positive_bias	run1	1.0	none	False	sub-127	computer	alpha	f0	-0.6110228601695844
fit-rw_positive_bias-run1-prior1	rw_positive_bias	run1	1.0	none	False	sub-127	computer	alpha	epsilon	0.07588652381932186
fit-rw_positive_bias-run1-prior1	rw_positive_bias	run1	1.0	none	False	sub-127	computer	alpha	acceptance_bias	0.13067000180743682
fit-rw_positive_bias-run1-prior1	rw_positive_bias	run1	1.0	none	False	sub-127	computer	gamma	f0	0.30923859246076757
fit-rw_positive_bias-run1-prior1	rw_positive_bias	run1	1.0	none	False	sub-127	computer	gamma	epsilon	-0.057720421616821053
fit-rw_positive_bias-run1-prior1	rw_positive_bias	run1	1.0	none	False	sub-127	computer	gamma	acceptance_bias	0.011811617082128332
fit-rw_positive_bias-run1-prior1	rw_positive_bias	run1	1.0	none	False	sub-127	computer	f0	epsilon	0.004069697660663995
fit-rw_positive_bias-run1-prior1	rw_positive_bias	run1	1.0	none	False	sub-127	computer	f0	acceptance_bias	0.199456704445934
fit-rw_positive_bias-run1-prior1	rw_positive_bias	run1	1.0	none	False	sub-127	computer	epsilon	acceptance_bias	-0.06955466077449576
fit-rw_positive_bias-run1-prior1	rw_positive_bias	run1	1.0	none	False	sub-127	similar	alpha	gamma	-0.21603648516089308
fit-rw_positive_bias-run1-prior1	rw_positive_bias	run1	1.0	none	False	sub-127	similar	alpha	f0	-0.5826078921337204
fit-rw_positive_bias-run1-prior1	rw_positive_bias	run1	1.0	none	False	sub-127	similar	alpha	epsilon	0.08379506652094396
fit-rw_positive_bias-run1-prior1	rw_positive_bias	run1	1.0	none	False	sub-127	similar	alpha	acceptance_bias	0.10870696724357133
fit-rw_positive_bias-run1-prior1	rw_positive_bias	run1	1.0	none	False	sub-127	similar	gamma	f0	0.2401395736082271
fit-rw_positive_bias-run1-prior1	rw_positive_bias	run1	1.0	none	False	sub-127	similar	gamma	epsilon	-0.05549148131743074
fit-rw_positive_bias-run1-prior1	rw_positive_bias	run1	1.0	none	False	sub-127	similar	gamma	acceptance_bias	0.11691238434845269
fit-rw_positive_bias-run1-prior1	rw_positive_bias	run1	1.0	none	False	sub-127	similar	f0	epsilon	-0.0219758901167062
fit-rw_positive_bias-run1-prior1	rw_positive_bias	run1	1.0	none	False	sub-127	similar	f0	acceptance_bias	0.20240493934711828
fit-rw_positive_bias-run1-prior1	rw_positive_bias	run1	1.0	none	False	sub-127	similar	epsilon	acceptance_bias	-0.06470231515327303
fit-rw_positive_bias-run1-prior1	rw_positive_bias	run1	1.0	none	False	sub-127	dissimilar	alpha	gamma	-0.35395444456179415
fit-rw_positive_bias-run1-prior1	rw_positive_bias	run1	1.0	none	False	sub-127	dissimilar	alpha	f0	-0.5018581978623033
fit-rw_positive_bias-run1-prior1	rw_positive_bias	run1	1.0	none	False	sub-127	dissimilar	alpha	epsilon	0.08527966988277325
fit-rw_positive_bias-run1-prior1	rw_positive_bias	run1	1.0	none	False	sub-127	dissimilar	alpha	acceptance_bias	0.09443057189595438
fit-rw_positive_bias-run1-prior1	rw_positive_bias	run1	1.0	none	False	sub-127	dissimilar	gamma	f0	0.32380769664867454
fit-rw_positive_bias-run1-prior1	rw_positive_bias	run1	1.0	none	False	sub-127	dissimilar	gamma	epsilon	-0.0725223624661727
fit-rw_positive_bias-run1-prior1	rw_positive_bias	run1	1.0	none	False	sub-127	dissimilar	gamma	acceptance_bias	-0.18420494239635943
fit-rw_positive_bias-run1-prior1	rw_positive_bias	run1	1.0	none	False	sub-127	dissimilar	f0	epsilon	-0.07103463503295575
fit-rw_positive_bias-run1-prior1	rw_positive_bias	run1	1.0	none	False	sub-127	dissimilar	f0	acceptance_bias	0.26597997036841686
fit-rw_positive_bias-run1-prior1	rw_positive_bias	run1	1.0	none	False	sub-127	dissimilar	epsilon	acceptance_bias	-0.08370367868772755
fit-rw_positive_bias-run1-prior1	rw_positive_bias	run1	1.0	none	False	sub-128	computer	alpha	gamma	-0.1253483203129542
fit-rw_positive_bias-run1-prior1	rw_positive_bias	run1	1.0	none	False	sub-128	computer	alpha	f0	-0.5152651238027204
fit-rw_positive_bias-run1-prior1	rw_positive_bias	run1	1.0	none	False	sub-128	computer	alpha	epsilon	0.012559886839713106
fit-rw_positive_bias-run1-prior1	rw_positive_bias	run1	1.0	none	False	sub-128	computer	alpha	acceptance_bias	0.08710906384687403
fit-rw_positive_bias-run1-prior1	rw_positive_bias	run1	1.0	none	False	sub-128	computer	gamma	f0	0.12498257536094518
fit-rw_positive_bias-run1-prior1	rw_positive_bias	run1	1.0	none	False	sub-128	computer	gamma	epsilon	-0.05616177825805144
fit-rw_positive_bias-run1-prior1	rw_positive_bias	run1	1.0	none	False	sub-128	computer	gamma	acceptance_bias	0.012897898653084591
fit-rw_positive_bias-run1-prior1	rw_positive_bias	run1	1.0	none	False	sub-128	computer	f0	epsilon	0.1500170633448102
fit-rw_positive_bias-run1-prior1	rw_positive_bias	run1	1.0	none	False	sub-128	computer	f0	acceptance_bias	0.061535250005942926
fit-rw_positive_bias-run1-prior1	rw_positive_bias	run1	1.0	none	False	sub-128	computer	epsilon	acceptance_bias	-0.050003208742393744
fit-rw_positive_bias-run1-prior1	rw_positive_bias	run1	1.0	none	False	sub-128	similar	alpha	gamma	-0.1100514108467396
fit-rw_positive_bias-run1-prior1	rw_positive_bias	run1	1.0	none	False	sub-128	similar	alpha	f0	-0.5448277000239232
fit-rw_positive_bias-run1-prior1	rw_positive_bias	run1	1.0	none	False	sub-128	similar	alpha	epsilon	0.012318286034180493
fit-rw_positive_bias-run1-prior1	rw_positive_bias	run1	1.0	none	False	sub-128	similar	alpha	acceptance_bias	0.07147694087072913
fit-rw_positive_bias-run1-prior1	rw_positive_bias	run1	1.0	none	False	sub-128	similar	gamma	f0	0.12160228397933787
fit-rw_positive_bias-run1-prior1	rw_positive_bias	run1	1.0	none	False	sub-128	similar	gamma	epsilon	-0.08203405437603631
fit-rw_positive_bias-run1-prior1	rw_positive_bias	run1	1.0	none	False	sub-128	similar	gamma	acceptance_bias	-0.0061446420120050615
fit-rw_positive_bias-run1-prior1	rw_positive_bias	run1	1.0	none	False	sub-128	similar	f0	epsilon	0.04485796151925052
fit-rw_positive_bias-run1-prior1	rw_positive_bias	run1	1.0	none	False	sub-128	similar	f0	acceptance_bias	0.0712140893272928
fit-rw_positive_bias-run1-prior1	rw_positive_bias	run1	1.0	none	False	sub-128	similar	epsilon	acceptance_bias	-0.05870506751323229
fit-rw_positive_bias-run1-prior1	rw_positive_bias	run1	1.0	none	False	sub-128	dissimilar	alpha	gamma	-0.09625994508126061
fit-rw_positive_bias-run1-prior1	rw_positive_bias	run1	1.0	none	False	sub-128	dissimilar	alpha	f0	-0.5256292707243293
fit-rw_positive_bias-run1-prior1	rw_positive_bias	run1	1.0	none	False	sub-128	dissimilar	alpha	epsilon	0.014002057084998777
fit-rw_positive_bias-run1-prior1	rw_positive_bias	run1	1.0	none	False	sub-128	dissimilar	alpha	acceptance_bias	0.08496167874209815
fit-rw_positive_bias-run1-prior1	rw_positive_bias	run1	1.0	none	False	sub-128	dissimilar	gamma	f0	0.1087293334251402
fit-rw_positive_bias-run1-prior1	rw_positive_bias	run1	1.0	none	False	sub-128	dissimilar	gamma	epsilon	-0.06619700669991352
fit-rw_positive_bias-run1-prior1	rw_positive_bias	run1	1.0	none	False	sub-128	dissimilar	gamma	acceptance_bias	0.08268217703922093
fit-rw_positive_bias-run1-prior1	rw_positive_bias	run1	1.0	none	False	sub-128	dissimilar	f0	epsilon	0.07068201866864258
fit-rw_positive_bias-run1-prior1	rw_positive_bias	run1	1.0	none	False	sub-128	dissimilar	f0	acceptance_bias	0.059462462349734325
fit-rw_positive_bias-run1-prior1	rw_positive_bias	run1	1.0	none	False	sub-128	dissimilar	epsilon	acceptance_bias	-0.04267194691181178
fit-rw_positive_bias-run1-prior1	rw_positive_bias	run1	1.0	none	False	sub-129	computer	alpha	gamma	-0.45476792204761096
fit-rw_positive_bias-run1-prior1	rw_positive_bias	run1	1.0	none	False	sub-129	computer	alpha	f0	-0.5269171222666064
fit-rw_positive_bias-run1-prior1	rw_positive_bias	run1	1.0	none	False	sub-129	computer	alpha	epsilon	0.1200748981486374
fit-rw_positive_bias-run1-prior1	rw_positive_bias	run1	1.0	none	False	sub-129	computer	alpha	acceptance_bias	0.1018162117000492
fit-rw_positive_bias-run1-prior1	rw_positive_bias	run1	1.0	none	False	sub-129	computer	gamma	f0	0.38401521801866917
fit-rw_positive_bias-run1-prior1	rw_positive_bias	run1	1.0	none	False	sub-129	computer	gamma	epsilon	0.08941588762423311
fit-rw_positive_bias-run1-prior1	rw_positive_bias	run1	1.0	none	False	sub-129	computer	gamma	acceptance_bias	-0.1928443597025477
fit-rw_positive_bias-run1-prior1	rw_positive_bias	run1	1.0	none	False	sub-129	computer	f0	epsilon	-0.13239474227175493
fit-rw_positive_bias-run1-prior1	rw_positive_bias	run1	1.0	none	False	sub-129	computer	f0	acceptance_bias	0.43583918890973294
fit-rw_positive_bias-run1-prior1	rw_positive_bias	run1	1.0	none	False	sub-129	computer	epsilon	acceptance_bias	-0.19168117091654568
fit-rw_positive_bias-run1-prior1	rw_positive_bias	run1	1.0	none	False	sub-129	similar	alpha	gamma	-0.36836827662198746
fit-rw_positive_bias-run1-prior1	rw_positive_bias	run1	1.0	none	False	sub-129	similar	alpha	f0	-0.5329935047885915
fit-rw_positive_bias-run1-prior1	rw_positive_bias	run1	1.0	none	False	sub-129	similar	alpha	epsilon	0.10922433693590375
fit-rw_positive_bias-run1-prior1	rw_positive_bias	run1	1.0	none	False	sub-129	similar	alpha	acceptance_bias	0.09121484931838932
fit-rw_positive_bias-run1-prior1	rw_positive_bias	run1	1.0	none	False	sub-129	similar	gamma	f0	0.2548348198575285
fit-rw_positive_bias-run1-prior1	rw_positive_bias	run1	1.0	none	False	sub-129	similar	gamma	epsilon	-0.09101949016774803
fit-rw_positive_bias-run1-prior1	rw_positive_bias	run1	1.0	none	False	sub-129	similar	gamma	acceptance_bias	-0.1850226005999542
fit-rw_positive_bias-run1-prior1	rw_positive_bias	run1	1.0	none	False	sub-129	similar	f0	epsilon	-0.17711495785164003
fit-rw_positive_bias-run1-prior1	rw_positive_bias	run1	1.0	none	False	sub-129	similar	f0	acceptance_bias	0.40783788360427237
fit-rw_positive_bias-run1-prior1	rw_positive_bias	run1	1.0	none	False	sub-129	similar	epsilon	acceptance_bias	-0.21774971714216884
fit-rw_positive_bias-run1-prior1	rw_positive_bias	run1	1.0	none	False	sub-129	dissimilar	alpha	gamma	-0.3048587663456014
fit-rw_positive_bias-run1-prior1	rw_positive_bias	run1	1.0	none	False	sub-129	dissimilar	alpha	f0	-0.5651787478912724
fit-rw_positive_bias-run1-prior1	rw_positive_bias	run1	1.0	none	False	sub-129	dissimilar	alpha	epsilon	0.21091502020000927
fit-rw_positive_bias-run1-prior1	rw_positive_bias	run1	1.0	none	False	sub-129	dissimilar	alpha	acceptance_bias	0.09415766363987794
fit-rw_positive_bias-run1-prior1	rw_positive_bias	run1	1.0	none	False	sub-129	dissimilar	gamma	f0	0.25928541327269494
fit-rw_positive_bias-run1-prior1	rw_positive_bias	run1	1.0	none	False	sub-129	dissimilar	gamma	epsilon	0.05788950312040225
fit-rw_positive_bias-run1-prior1	rw_positive_bias	run1	1.0	none	False	sub-129	dissimilar	gamma	acceptance_bias	-0.12446486886865658
fit-rw_positive_bias-run1-prior1	rw_positive_bias	run1	1.0	none	False	sub-129	dissimilar	f0	epsilon	-0.22788145173025715
fit-rw_positive_bias-run1-prior1	rw_positive_bias	run1	1.0	none	False	sub-129	dissimilar	f0	acceptance_bias	0.4060528919622077
fit-rw_positive_bias-run1-prior1	rw_positive_bias	run1	1.0	none	False	sub-129	dissimilar	epsilon	acceptance_bias	-0.20450973769063055
fit-rw_positive_bias-run1-prior1	rw_positive_bias	run1	1.0	none	False	sub-130	computer	alpha	gamma	-0.13304367932345404
fit-rw_positive_bias-run1-prior1	rw_positive_bias	run1	1.0	none	False	sub-130	computer	alpha	f0	-0.27895278976350435
fit-rw_positive_bias-run1-prior1	rw_positive_bias	run1	1.0	none	False	sub-130	computer	alpha	epsilon	-0.02982536469061582
fit-rw_positive_bias-run1-prior1	rw_positive_bias	run1	1.0	none	False	sub-130	computer	alpha	acceptance_bias	0.06137852990471633
fit-rw_positive_bias-run1-prior1	rw_positive_bias	run1	1.0	none	False	sub-130	computer	gamma	f0	-0.17596419785268727
fit-rw_positive_bias-run1-prior1	rw_positive_bias	run1	1.0	none	False	sub-130	computer	gamma	epsilon	0.009574474907494591
fit-rw_positive_bias-run1-prior1	rw_positive_bias	run1	1.0	none	False	sub-130	computer	gamma	acceptance_bias	-0.3842533811893402
fit-rw_positive_bias-run1-prior1	rw_positive_bias	run1	1.0	none	False	sub-130	computer	f0	epsilon	0.3126727767072968
fit-rw_positive_bias-run1-prior1	rw_positive_bias	run1	1.0	none	False	sub-130	computer	f0	acceptance_bias	0.38060363686636656
fit-rw_positive_bias-run1-prior1	rw_positive_bias	run1	1.0	none	False	sub-130	computer	epsilon	acceptance_bias	0.04920512526808563
fit-rw_positive_bias-run1-prior1	rw_positive_bias	run1	1.0	none	False	sub-130	similar	alpha	gamma	-0.10858717731936417
fit-rw_positive_bias-run1-prior1	rw_positive_bias	run1	1.0	none	False	sub-130	similar	alpha	f0	-0.2767106037244127
fit-rw_positive_bias-run1-prior1	rw_positive_bias	run1	1.0	none	False	sub-130	similar	alpha	epsilon	-0.010755174558281252
fit-rw_positive_bias-run1-prior1	rw_positive_bias	run1	1.0	none	False	sub-130	similar	alpha	acceptance_bias	0.0747495087857705
fit-rw_positive_bias-run1-prior1	rw_positive_bias	run1	1.0	none	False	sub-130	similar	gamma	f0	-0.19948935314813554
fit-rw_positive_bias-run1-prior1	rw_positive_bias	run1	1.0	none	False	sub-130	similar	gamma	epsilon	-0.023865136236936466
fit-rw_positive_bias-run1-prior1	rw_positive_bias	run1	1.0	none	False	sub-130	similar	gamma	acceptance_bias	-0.3660848818605968
fit-rw_positive_bias-run1-prior1	rw_positive_bias	run1	1.0	none	False	sub-130	similar	f0	epsilon	0.3309104385688629
fit-rw_positive_bias-run1-prior1	rw_positive_bias	run1	1.0	none	False	sub-130	similar	f0	acceptance_bias	0.38962929109527594
fit-rw_positive_bias-run1-prior1	rw_positive_bias	run1	1.0	none	False	sub-130	similar	epsilon	acceptance_bias	0.06033497594196383
fit-rw_positive_bias-run1-prior1	rw_positive_bias	run1	1.0	none	False	sub-130	dissimilar	alpha	gamma	-0.13144722618340302
fit-rw_positive_bias-run1-prior1	rw_positive_bias	run1	1.0	none	False	sub-130	dissimilar	alpha	f0	-0.28142835927196275
fit-rw_positive_bias-run1-prior1	rw_positive_bias	run1	1.0	none	False	sub-130	dissimilar	alpha	epsilon	-0.000871215967552539
fit-rw_positive_bias-run1-prior1	rw_positive_bias	run1	1.0	none	False	sub-130	dissimilar	alpha	acceptance_bias	0.0792856480766688
fit-rw_positive_bias-run1-prior1	rw_positive_bias	run1	1.0	none	False	sub-130	dissimilar	gamma	f0	-0.19679726598639088
fit-rw_positive_bias-run1-prior1	rw_positive_bias	run1	1.0	none	False	sub-130	dissimilar	gamma	epsilon	-0.021910520191977038
fit-rw_positive_bias-run1-prior1	rw_positive_bias	run1	1.0	none	False	sub-130	dissimilar	gamma	acceptance_bias	-0.3848250448353333
fit-rw_positive_bias-run1-prior1	rw_positive_bias	run1	1.0	none	False	sub-130	dissimilar	f0	epsilon	0.3419168842364608
fit-rw_positive_bias-run1-prior1	rw_positive_bias	run1	1.0	none	False	sub-130	dissimilar	f0	acceptance_bias	0.3867636621745569
fit-rw_positive_bias-run1-prior1	rw_positive_bias	run1	1.0	none	False	sub-130	dissimilar	epsilon	acceptance_bias	0.06983676260002358
fit-rw_positive_bias-run1-prior1	rw_positive_bias	run1	1.0	none	False	sub-132	computer	alpha	gamma	-0.21293967148470458
fit-rw_positive_bias-run1-prior1	rw_positive_bias	run1	1.0	none	False	sub-132	computer	alpha	f0	-0.2996295059337644
fit-rw_positive_bias-run1-prior1	rw_positive_bias	run1	1.0	none	False	sub-132	computer	alpha	epsilon	-0.07344727169947224
fit-rw_positive_bias-run1-prior1	rw_positive_bias	run1	1.0	none	False	sub-132	computer	alpha	acceptance_bias	0.11299184807942267
fit-rw_positive_bias-run1-prior1	rw_positive_bias	run1	1.0	none	False	sub-132	computer	gamma	f0	-0.0649195256556057
fit-rw_positive_bias-run1-prior1	rw_positive_bias	run1	1.0	none	False	sub-132	computer	gamma	epsilon	-0.00042655995520231294
fit-rw_positive_bias-run1-prior1	rw_positive_bias	run1	1.0	none	False	sub-132	computer	gamma	acceptance_bias	-0.3585541958581584
fit-rw_positive_bias-run1-prior1	rw_positive_bias	run1	1.0	none	False	sub-132	computer	f0	epsilon	0.3183132078052247
fit-rw_positive_bias-run1-prior1	rw_positive_bias	run1	1.0	none	False	sub-132	computer	f0	acceptance_bias	0.4273057154005742
fit-rw_positive_bias-run1-prior1	rw_positive_bias	run1	1.0	none	False	sub-132	computer	epsilon	acceptance_bias	-0.0038765092469646594
fit-rw_positive_bias-run1-prior1	rw_positive_bias	run1	1.0	none	False	sub-132	similar	alpha	gamma	-0.1403858908358511
fit-rw_positive_bias-run1-prior1	rw_positive_bias	run1	1.0	none	False	sub-132	similar	alpha	f0	-0.3139774928079126
fit-rw_positive_bias-run1-prior1	rw_positive_bias	run1	1.0	none	False	sub-132	similar	alpha	epsilon	-0.0747333958304202
fit-rw_positive_bias-run1-prior1	rw_positive_bias	run1	1.0	none	False	sub-132	similar	alpha	acceptance_bias	0.08857297108814122
fit-rw_positive_bias-run1-prior1	rw_positive_bias	run1	1.0	none	False	sub-132	similar	gamma	f0	-0.1507203576269929
fit-rw_positive_bias-run1-prior1	rw_positive_bias	run1	1.0	none	False	sub-132	similar	gamma	epsilon	0.0033621901940720208
fit-rw_positive_bias-run1-prior1	rw_positive_bias	run1	1.0	none	False	sub-132	similar	gamma	acceptance_bias	-0.399214400565549
fit-rw_positive_bias-run1-prior1	rw_positive_bias	run1	1.0	none	False	sub-132	similar	f0	epsilon	0.3655424717687925
fit-rw_positive_bias-run1-prior1	rw_positive_bias	run1	1.0	none	False	sub-132	similar	f0	acceptance_bias	0.4383697135958011
fit-rw_positive_bias-run1-prior1	rw_positive_bias	run1	1.0	none	False	sub-132	similar	epsilon	acceptance_bias	0.015280747265573293
fit-rw_positive_bias-run1-prior1	rw_positive_bias	run1	1.0	none	False	sub-132	dissimilar	alpha	gamma	-0.16138331441819873
fit-rw_positive_bias-run1-prior1	rw_positive_bias	run1	1.0	none	False	sub-132	dissimilar	alpha	f0	-0.32336537322750825
fit-rw_positive_bias-run1-prior1	rw_positive_bias	run1	1.0	none	False	sub-132	dissimilar	alpha	epsilon	-0.06650020787181793
fit-rw_positive_bias-run1-prior1	rw_positive_bias	run1	1.0	none	False	sub-132	dissimilar	alpha	acceptance_bias	0.09477653212860293
fit-rw_positive_bias-run1-prior1	rw_positive_bias	run1	1.0	none	False	sub-132	dissimilar	gamma	f0	-0.12471814596956077
fit-rw_positive_bias-run1-prior1	rw_positive_bias	run1	1.0	none	False	sub-132	dissimilar	gamma	epsilon	-0.0011342355550153873
fit-rw_positive_bias-run1-prior1	rw_positive_bias	run1	1.0	none	False	sub-132	dissimilar	gamma	acceptance_bias	-0.3767284266680922
fit-rw_positive_bias-run1-prior1	rw_positive_bias	run1	1.0	none	False	sub-132	dissimilar	f0	epsilon	0.36268855469965444
fit-rw_positive_bias-run1-prior1	rw_positive_bias	run1	1.0	none	False	sub-132	dissimilar	f0	acceptance_bias	0.42849987275961443
fit-rw_positive_bias-run1-prior1	rw_positive_bias	run1	1.0	none	False	sub-132	dissimilar	epsilon	acceptance_bias	0.027350629561465153
fit-rw_positive_bias-run1-prior1	rw_positive_bias	run1	1.0	none	False	sub-133	computer	alpha	gamma	-0.1946028654593662
fit-rw_positive_bias-run1-prior1	rw_positive_bias	run1	1.0	none	False	sub-133	computer	alpha	f0	-0.36964110357038465
fit-rw_positive_bias-run1-prior1	rw_positive_bias	run1	1.0	none	False	sub-133	computer	alpha	epsilon	-0.1358661369147309
fit-rw_positive_bias-run1-prior1	rw_positive_bias	run1	1.0	none	False	sub-133	computer	alpha	acceptance_bias	0.0547058464129566
fit-rw_positive_bias-run1-prior1	rw_positive_bias	run1	1.0	none	False	sub-133	computer	gamma	f0	-0.09600435769481672
fit-rw_positive_bias-run1-prior1	rw_positive_bias	run1	1.0	none	False	sub-133	computer	gamma	epsilon	0.00402733419883653
fit-rw_positive_bias-run1-prior1	rw_positive_bias	run1	1.0	none	False	sub-133	computer	gamma	acceptance_bias	-0.3407628105472192
fit-rw_positive_bias-run1-prior1	rw_positive_bias	run1	1.0	none	False	sub-133	computer	f0	epsilon	0.45004234935483284
fit-rw_positive_bias-run1-prior1	rw_positive_bias	run1	1.0	none	False	sub-133	computer	f0	acceptance_bias	0.48181456931174405
fit-rw_positive_bias-run1-prior1	rw_positive_bias	run1	1.0	none	False	sub-133	computer	epsilon	acceptance_bias	0.11552364787009388
fit-rw_positive_bias-run1-prior1	rw_positive_bias	run1	1.0	none	False	sub-133	similar	alpha	gamma	-0.2660879439586871
fit-rw_positive_bias-run1-prior1	rw_positive_bias	run1	1.0	none	False	sub-133	similar	alpha	f0	-0.33759314711142413
fit-rw_positive_bias-run1-prior1	rw_positive_bias	run1	1.0	none	False	sub-133	similar	alpha	epsilon	-0.10795957153167181
fit-rw_positive_bias-run1-prior1	rw_positive_bias	run1	1.0	none	False	sub-133	similar	alpha	acceptance_bias	0.09423526729301179
fit-rw_positive_bias-run1-prior1	rw_positive_bias	run1	1.0	none	False	sub-133	similar	gamma	f0	0.03861614582046406
fit-rw_positive_bias-run1-prior1	rw_positive_bias	run1	1.0	none	False	sub-133	similar	gamma	epsilon	-0.002684465402884737
fit-rw_positive_bias-run1-prior1	rw_positive_bias	run1	1.0	none	False	sub-133	similar	gamma	acceptance_bias	-0.19095612266818146
fit-rw_positive_bias-run1-prior1	rw_positive_bias	run1	1.0	none	False	sub-133	similar	f0	epsilon	0.4381355888791117
fit-rw_positive_bias-run1-prior1	rw_positive_bias	run1	1.0	none	False	sub-133	similar	f0	acceptance_bias	0.5219121409889073
fit-rw_positive_bias-run1-prior1	rw_positive_bias	run1	1.0	none	False	sub-133	similar	epsilon	acceptance_bias	0.11523389861427405
fit-rw_positive_bias-run1-prior1	rw_positive_bias	run1	1.0	none	False	sub-133	dissimilar	alpha	gamma	-0.24677287677221962
fit-rw_positive_bias-run1-prior1	rw_positive_bias	run1	1.0	none	False	sub-133	dissimilar	alpha	f0	-0.342820404904441
fit-rw_positive_bias-run1-prior1	rw_positive_bias	run1	1.0	none	False	sub-133	dissimilar	alpha	epsilon	-0.08654549951504908
fit-rw_positive_bias-run1-prior1	rw_positive_bias	run1	1.0	none	False	sub-133	dissimilar	alpha	acceptance_bias	0.09798708033454193
fit-rw_positive_bias-run1-prior1	rw_positive_bias	run1	1.0	none	False	sub-133	dissimilar	gamma	f0	-0.006882165297118075
fit-rw_positive_bias-run1-prior1	rw_positive_bias	run1	1.0	none	False	sub-133	dissimilar	gamma	epsilon	0.025343759946573334
fit-rw_positive_bias-run1-prior1	rw_positive_bias	run1	1.0	none	False	sub-133	dissimilar	gamma	acceptance_bias	-0.2202616658795957
fit-rw_positive_bias-run1-prior1	rw_positive_bias	run1	1.0	none	False	sub-133	dissimilar	f0	epsilon	0.4554434306752845
fit-rw_positive_bias-run1-prior1	rw_positive_bias	run1	1.0	none	False	sub-133	dissimilar	f0	acceptance_bias	0.509528354416703
fit-rw_positive_bias-run1-prior1	rw_positive_bias	run1	1.0	none	False	sub-133	dissimilar	epsilon	acceptance_bias	0.1493424885274704
fit-rw_positive_bias-run1-prior1	rw_positive_bias	run1	1.0	none	False	sub-134	computer	alpha	gamma	-0.18669415059999495
fit-rw_positive_bias-run1-prior1	rw_positive_bias	run1	1.0	none	False	sub-134	computer	alpha	f0	-0.34111739124423474
fit-rw_positive_bias-run1-prior1	rw_positive_bias	run1	1.0	none	False	sub-134	computer	alpha	epsilon	-0.09950024184995704
fit-rw_positive_bias-run1-prior1	rw_positive_bias	run1	1.0	none	False	sub-134	computer	alpha	acceptance_bias	0.14722555302284476
fit-rw_positive_bias-run1-prior1	rw_positive_bias	run1	1.0	none	False	sub-134	computer	gamma	f0	-0.1462414175920032
fit-rw_positive_bias-run1-prior1	rw_positive_bias	run1	1.0	none	False	sub-134	computer	gamma	epsilon	0.01747356211631281
fit-rw_positive_bias-run1-prior1	rw_positive_bias	run1	1.0	none	False	sub-134	computer	gamma	acceptance_bias	-0.5607948755736346
fit-rw_positive_bias-run1-prior1	rw_positive_bias	run1	1.0	none	False	sub-134	computer	f0	epsilon	0.24331973648536856
fit-rw_positive_bias-run1-prior1	rw_positive_bias	run1	1.0	none	False	sub-134	computer	f0	acceptance_bias	0.35907141375873086
fit-rw_positive_bias-run1-prior1	rw_positive_bias	run1	1.0	none	False	sub-134	computer	epsilon	acceptance_bias	-0.025330377067913835
fit-rw_positive_bias-run1-prior1	rw_positive_bias	run1	1.0	none	False	sub-134	similar	alpha	gamma	-0.15195355836046975
fit-rw_positive_bias-run1-prior1	rw_positive_bias	run1	1.0	none	False	sub-134	similar	alpha	f0	-0.3363635741273855
fit-rw_positive_bias-run1-prior1	rw_positive_bias	run1	1.0	none	False	sub-134	similar	alpha	epsilon	-0.09017270197035304
fit-rw_positive_bias-run1-prior1	rw_positive_bias	run1	1.0	none	False	sub-134	similar	alpha	acceptance_bias	0.15752147788193577
fit-rw_positive_bias-run1-prior1	rw_positive_bias	run1	1.0	none	False	sub-134	similar	gamma	f0	-0.10526743830263478
fit-rw_positive_bias-run1-prior1	rw_positive_bias	run1	1.0	none	False	sub-134	similar	gamma	epsilon	-0.03383721900880528
fit-rw_positive_bias-run1-prior1	rw_positive_bias	run1	1.0	none	False	sub-134	similar	gamma	acceptance_bias	-0.3285727759271484
fit-rw_positive_bias-run1-prior1	rw_positive_bias	run1	1.0	none	False	sub-134	similar	f0	epsilon	0.24629772621244045
fit-rw_positive_bias-run1-prior1	rw_positive_bias	run1	1.0	none	False	sub-134	similar	f0	acceptance_bias	0.3813855053382817
fit-rw_positive_bias-run1-prior1	rw_positive_bias	run1	1.0	none	False	sub-134	similar	epsilon	acceptance_bias	-0.023876890556102093
fit-rw_positive_bias-run1-prior1	rw_positive_bias	run1	1.0	none	False	sub-134	dissimilar	alpha	gamma	-0.2002960347137643
fit-rw_positive_bias-run1-prior1	rw_positive_bias	run1	1.0	none	False	sub-134	dissimilar	alpha	f0	-0.3430834954169691
fit-rw_positive_bias-run1-prior1	rw_positive_bias	run1	1.0	none	False	sub-134	dissimilar	alpha	epsilon	-0.09228045644538965
fit-rw_positive_bias-run1-prior1	rw_positive_bias	run1	1.0	none	False	sub-134	dissimilar	alpha	acceptance_bias	0.15023895971436918
fit-rw_positive_bias-run1-prior1	rw_positive_bias	run1	1.0	none	False	sub-134	dissimilar	gamma	f0	-0.07073657617331565
fit-rw_positive_bias-run1-prior1	rw_positive_bias	run1	1.0	none	False	sub-134	dissimilar	gamma	epsilon	-0.0033667318295084537
fit-rw_positive_bias-run1-prior1	rw_positive_bias	run1	1.0	none	False	sub-134	dissimilar	gamma	acceptance_bias	-0.30201414154280914
fit-rw_positive_bias-run1-prior1	rw_positive_bias	run1	1.0	none	False	sub-134	dissimilar	f0	epsilon	0.2391566037981079
fit-rw_positive_bias-run1-prior1	rw_positive_bias	run1	1.0	none	False	sub-134	dissimilar	f0	acceptance_bias	0.38240943630144886
fit-rw_positive_bias-run1-prior1	rw_positive_bias	run1	1.0	none	False	sub-134	dissimilar	epsilon	acceptance_bias	-0.02177629779017035
fit-rw_positive_bias-run1-prior1	rw_positive_bias	run1	1.0	none	False	sub-135	computer	alpha	gamma	-0.43592531831506864
fit-rw_positive_bias-run1-prior1	rw_positive_bias	run1	1.0	none	False	sub-135	computer	alpha	f0	-0.08481926575464699
fit-rw_positive_bias-run1-prior1	rw_positive_bias	run1	1.0	none	False	sub-135	computer	alpha	epsilon	-0.03202183595273082
fit-rw_positive_bias-run1-prior1	rw_positive_bias	run1	1.0	none	False	sub-135	computer	alpha	acceptance_bias	0.3218112806192577
fit-rw_positive_bias-run1-prior1	rw_positive_bias	run1	1.0	none	False	sub-135	computer	gamma	f0	0.11575240815355149
fit-rw_positive_bias-run1-prior1	rw_positive_bias	run1	1.0	none	False	sub-135	computer	gamma	epsilon	0.038243494933361086
fit-rw_positive_bias-run1-prior1	rw_positive_bias	run1	1.0	none	False	sub-135	computer	gamma	acceptance_bias	-0.02946026522640924
fit-rw_positive_bias-run1-prior1	rw_positive_bias	run1	1.0	none	False	sub-135	computer	f0	epsilon	-0.28467280987628496
fit-rw_positive_bias-run1-prior1	rw_positive_bias	run1	1.0	none	False	sub-135	computer	f0	acceptance_bias	0.7343338476541215
fit-rw_positive_bias-run1-prior1	rw_positive_bias	run1	1.0	none	False	sub-135	computer	epsilon	acceptance_bias	-0.34500991334322995
fit-rw_positive_bias-run1-prior1	rw_positive_bias	run1	1.0	none	False	sub-135	similar	alpha	gamma	-0.15035589645042582
fit-rw_positive_bias-run1-prior1	rw_positive_bias	run1	1.0	none	False	sub-135	similar	alpha	f0	-0.053383875370456295
fit-rw_positive_bias-run1-prior1	rw_positive_bias	run1	1.0	none	False	sub-135	similar	alpha	epsilon	-0.02867799077808261
fit-rw_positive_bias-run1-prior1	rw_positive_bias	run1	1.0	none	False	sub-135	similar	alpha	acceptance_bias	0.3104451337595256
fit-rw_positive_bias-run1-prior1	rw_positive_bias	run1	1.0	none	False	sub-135	similar	gamma	f0	0.2619949625749585
fit-rw_positive_bias-run1-prior1	rw_positive_bias	run1	1.0	none	False	sub-135	similar	gamma	epsilon	-0.0916961786091279
fit-rw_positive_bias-run1-prior1	rw_positive_bias	run1	1.0	none	False	sub-135	similar	gamma	acceptance_bias	0.25503926146050127
fit-rw_positive_bias-run1-prior1	rw_positive_bias	run1	1.0	none	False	sub-135	similar	f0	epsilon	-0.303570882962605
fit-rw_positive_bias-run1-prior1	rw_positive_bias	run1	1.0	none	False	sub-135	similar	f0	acceptance_bias	0.7372171552500755
fit-rw_positive_bias-run1-prior1	rw_positive_bias	run1	1.0	none	False	sub-135	similar	epsilon	acceptance_bias	-0.35412213237568674
fit-rw_positive_bias-run1-prior1	rw_positive_bias	run1	1.0	none	False	sub-135	dissimilar	alpha	gamma	-0.39014020406461825
fit-rw_positive_bias-run1-prior1	rw_positive_bias	run1	1.0	none	False	sub-135	dissimilar	alpha	f0	-0.08333000231359332
fit-rw_positive_bias-run1-prior1	rw_positive_bias	run1	1.0	none	False	sub-135	dissimilar	alpha	epsilon	0.022364050281628016
fit-rw_positive_bias-run1-prior1	rw_positive_bias	run1	1.0	none	False	sub-135	dissimilar	alpha	acceptance_bias	0.3017049175502863
fit-rw_positive_bias-run1-prior1	rw_positive_bias	run1	1.0	none	False	sub-135	dissimilar	gamma	f0	-0.4618259880968778
fit-rw_positive_bias-run1-prior1	rw_positive_bias	run1	1.0	none	False	sub-135	dissimilar	gamma	epsilon	0.35673786016298065
fit-rw_positive_bias-run1-prior1	rw_positive_bias	run1	1.0	none	False	sub-135	dissimilar	gamma	acceptance_bias	-0.5616126318034916
fit-rw_positive_bias-run1-prior1	rw_positive_bias	run1	1.0	none	False	sub-135	dissimilar	f0	epsilon	-0.3121188091627306
fit-rw_positive_bias-run1-prior1	rw_positive_bias	run1	1.0	none	False	sub-135	dissimilar	f0	acceptance_bias	0.7443857558817074
fit-rw_positive_bias-run1-prior1	rw_positive_bias	run1	1.0	none	False	sub-135	dissimilar	epsilon	acceptance_bias	-0.3684276721616018
fit-rw_positive_bias-run1-prior1	rw_positive_bias	run1	1.0	none	False	sub-136	computer	alpha	gamma	-0.13437942438425282
fit-rw_positive_bias-run1-prior1	rw_positive_bias	run1	1.0	none	False	sub-136	computer	alpha	f0	-0.4179101409373523
fit-rw_positive_bias-run1-prior1	rw_positive_bias	run1	1.0	none	False	sub-136	computer	alpha	epsilon	-0.05187290985838632
fit-rw_positive_bias-run1-prior1	rw_positive_bias	run1	1.0	none	False	sub-136	computer	alpha	acceptance_bias	0.12400722440582665
fit-rw_positive_bias-run1-prior1	rw_positive_bias	run1	1.0	none	False	sub-136	computer	gamma	f0	0.029220911110865062
fit-rw_positive_bias-run1-prior1	rw_positive_bias	run1	1.0	none	False	sub-136	computer	gamma	epsilon	0.07721665455336776
fit-rw_positive_bias-run1-prior1	rw_positive_bias	run1	1.0	none	False	sub-136	computer	gamma	acceptance_bias	-0.06355374824091699
fit-rw_positive_bias-run1-prior1	rw_positive_bias	run1	1.0	none	False	sub-136	computer	f0	epsilon	-0.04111145528467253
fit-rw_positive_bias-run1-prior1	rw_positive_bias	run1	1.0	none	False	sub-136	computer	f0	acceptance_bias	0.14617375606479643
fit-rw_positive_bias-run1-prior1	rw_positive_bias	run1	1.0	none	False	sub-136	computer	epsilon	acceptance_bias	-0.022349441698454868
fit-rw_positive_bias-run1-prior1	rw_positive_bias	run1	1.0	none	False	sub-136	similar	alpha	gamma	-0.15196777637426775
fit-rw_positive_bias-run1-prior1	rw_positive_bias	run1	1.0	none	False	sub-136	similar	alpha	f0	-0.4638163684145438
fit-rw_positive_bias-run1-prior1	rw_positive_bias	run1	1.0	none	False	sub-136	similar	alpha	epsilon	-0.03923411008659006
fit-rw_positive_bias-run1-prior1	rw_positive_bias	run1	1.0	none	False	sub-136	similar	alpha	acceptance_bias	0.12259443317199291
fit-rw_positive_bias-run1-prior1	rw_positive_bias	run1	1.0	none	False	sub-136	similar	gamma	f0	0.1253196993338263
fit-rw_positive_bias-run1-prior1	rw_positive_bias	run1	1.0	none	False	sub-136	similar	gamma	epsilon	0.05746734433339428
fit-rw_positive_bias-run1-prior1	rw_positive_bias	run1	1.0	none	False	sub-136	similar	gamma	acceptance_bias	-0.009003601458777705
fit-rw_positive_bias-run1-prior1	rw_positive_bias	run1	1.0	none	False	sub-136	similar	f0	epsilon	0.011836297465986646
fit-rw_positive_bias-run1-prior1	rw_positive_bias	run1	1.0	none	False	sub-136	similar	f0	acceptance_bias	0.10416916508797792
fit-rw_positive_bias-run1-prior1	rw_positive_bias	run1	1.0	none	False	sub-136	similar	epsilon	acceptance_bias	-0.03351204120350136
fit-rw_positive_bias-run1-prior1	rw_positive_bias	run1	1.0	none	False	sub-136	dissimilar	alpha	gamma	-0.13600447993456988
fit-rw_positive_bias-run1-prior1	rw_positive_bias	run1	1.0	none	False	sub-136	dissimilar	alpha	f0	-0.430353608906452
fit-rw_positive_bias-run1-prior1	rw_positive_bias	run1	1.0	none	False	sub-136	dissimilar	alpha	epsilon	-0.01955986248043834
fit-rw_positive_bias-run1-prior1	rw_positive_bias	run1	1.0	none	False	sub-136	dissimilar	alpha	acceptance_bias	0.11335184903036655
fit-rw_positive_bias-run1-prior1	rw_positive_bias	run1	1.0	none	False	sub-136	dissimilar	gamma	f0	0.09123315429013072
fit-rw_positive_bias-run1-prior1	rw_positive_bias	run1	1.0	none	False	sub-136	dissimilar	gamma	epsilon	0.051317829454706795
fit-rw_positive_bias-run1-prior1	rw_positive_bias	run1	1.0	none	False	sub-136	dissimilar	gamma	acceptance_bias	-0.0421955814988549
fit-rw_positive_bias-run1-prior1	rw_positive_bias	run1	1.0	none	False	sub-136	dissimilar	f0	epsilon	-0.16575363132683021
fit-rw_positive_bias-run1-prior1	rw_positive_bias	run1	1.0	none	False	sub-136	dissimilar	f0	acceptance_bias	0.12125620910069132
fit-rw_positive_bias-run1-prior1	rw_positive_bias	run1	1.0	none	False	sub-136	dissimilar	epsilon	acceptance_bias	-0.041334172299734934
fit-rw_positive_bias-run1-prior1	rw_positive_bias	run1	1.0	none	False	sub-137	computer	alpha	gamma	-0.24924169995996145
fit-rw_positive_bias-run1-prior1	rw_positive_bias	run1	1.0	none	False	sub-137	computer	alpha	f0	-0.4938403325115634
fit-rw_positive_bias-run1-prior1	rw_positive_bias	run1	1.0	none	False	sub-137	computer	alpha	epsilon	0.030771382851820003
fit-rw_positive_bias-run1-prior1	rw_positive_bias	run1	1.0	none	False	sub-137	computer	alpha	acceptance_bias	0.0397380582673979
fit-rw_positive_bias-run1-prior1	rw_positive_bias	run1	1.0	none	False	sub-137	computer	gamma	f0	0.3313498099512936
fit-rw_positive_bias-run1-prior1	rw_positive_bias	run1	1.0	none	False	sub-137	computer	gamma	epsilon	-0.07290627922718199
fit-rw_positive_bias-run1-prior1	rw_positive_bias	run1	1.0	none	False	sub-137	computer	gamma	acceptance_bias	-0.009926280829374075
fit-rw_positive_bias-run1-prior1	rw_positive_bias	run1	1.0	none	False	sub-137	computer	f0	epsilon	-0.005874107948456182
fit-rw_positive_bias-run1-prior1	rw_positive_bias	run1	1.0	none	False	sub-137	computer	f0	acceptance_bias	0.1952757862838722
fit-rw_positive_bias-run1-prior1	rw_positive_bias	run1	1.0	none	False	sub-137	computer	epsilon	acceptance_bias	-0.10754072373483795
fit-rw_positive_bias-run1-prior1	rw_positive_bias	run1	1.0	none	False	sub-137	similar	alpha	gamma	-0.27871641307244116
fit-rw_positive_bias-run1-prior1	rw_positive_bias	run1	1.0	none	False	sub-137	similar	alpha	f0	-0.4233314215318784
fit-rw_positive_bias-run1-prior1	rw_positive_bias	run1	1.0	none	False	sub-137	similar	alpha	epsilon	0.03622234662519226
fit-rw_positive_bias-run1-prior1	rw_positive_bias	run1	1.0	none	False	sub-137	similar	alpha	acceptance_bias	0.003850720272808544
fit-rw_positive_bias-run1-prior1	rw_positive_bias	run1	1.0	none	False	sub-137	similar	gamma	f0	0.4535783907983741
fit-rw_positive_bias-run1-prior1	rw_positive_bias	run1	1.0	none	False	sub-137	similar	gamma	epsilon	-0.030501459321783046
fit-rw_positive_bias-run1-prior1	rw_positive_bias	run1	1.0	none	False	sub-137	similar	gamma	acceptance_bias	-0.12322459159661035
fit-rw_positive_bias-run1-prior1	rw_positive_bias	run1	1.0	none	False	sub-137	similar	f0	epsilon	-0.03663387358983731
fit-rw_positive_bias-run1-prior1	rw_positive_bias	run1	1.0	none	False	sub-137	similar	f0	acceptance_bias	0.2471458422029341
fit-rw_positive_bias-run1-prior1	rw_positive_bias	run1	1.0	none	False	sub-137	similar	epsilon	acceptance_bias	-0.10086726845082021
fit-rw_positive_bias-run1-prior1	rw_positive_bias	run1	1.0	none	False	sub-137	dissimilar	alpha	gamma	-0.18284506664185374
fit-rw_positive_bias-run1-prior1	rw_positive_bias	run1	1.0	none	False	sub-137	dissimilar	alpha	f0	-0.4791384026446457
fit-rw_positive_bias-run1-prior1	rw_positive_bias	run1	1.0	none	False	sub-137	dissimilar	alpha	epsilon	0.040886951313787195
fit-rw_positive_bias-run1-prior1	rw_positive_bias	run1	1.0	none	False	sub-137	dissimilar	alpha	acceptance_bias	0.01782854717837217
fit-rw_positive_bias-run1-prior1	rw_positive_bias	run1	1.0	none	False	sub-137	dissimilar	gamma	f0	0.2703335836759684
fit-rw_positive_bias-run1-prior1	rw_positive_bias	run1	1.0	none	False	sub-137	dissimilar	gamma	epsilon	-0.12632620997909388
fit-rw_positive_bias-run1-prior1	rw_positive_bias	run1	1.0	none	False	sub-137	dissimilar	gamma	acceptance_bias	0.021438701355436518
fit-rw_positive_bias-run1-prior1	rw_positive_bias	run1	1.0	none	False	sub-137	dissimilar	f0	epsilon	-0.048670117730971824
fit-rw_positive_bias-run1-prior1	rw_positive_bias	run1	1.0	none	False	sub-137	dissimilar	f0	acceptance_bias	0.1708090519705945
fit-rw_positive_bias-run1-prior1	rw_positive_bias	run1	1.0	none	False	sub-137	dissimilar	epsilon	acceptance_bias	-0.11992117993767756
fit-rw_positive_bias-run1-prior1	rw_positive_bias	run1	1.0	none	False	sub-138	computer	alpha	gamma	-0.13713324011092864
fit-rw_positive_bias-run1-prior1	rw_positive_bias	run1	1.0	none	False	sub-138	computer	alpha	f0	-0.3163217425186794
fit-rw_positive_bias-run1-prior1	rw_positive_bias	run1	1.0	none	False	sub-138	computer	alpha	epsilon	0.08024885038418746
fit-rw_positive_bias-run1-prior1	rw_positive_bias	run1	1.0	none	False	sub-138	computer	alpha	acceptance_bias	0.1317578216823078
fit-rw_positive_bias-run1-prior1	rw_positive_bias	run1	1.0	none	False	sub-138	computer	gamma	f0	-0.274180780197646
fit-rw_positive_bias-run1-prior1	rw_positive_bias	run1	1.0	none	False	sub-138	computer	gamma	epsilon	0.07989127295475391
fit-rw_positive_bias-run1-prior1	rw_positive_bias	run1	1.0	none	False	sub-138	computer	gamma	acceptance_bias	-0.47456184943321295
fit-rw_positive_bias-run1-prior1	rw_positive_bias	run1	1.0	none	False	sub-138	computer	f0	epsilon	-0.16616158158267802
fit-rw_positive_bias-run1-prior1	rw_positive_bias	run1	1.0	none	False	sub-138	computer	f0	acceptance_bias	0.637785286196412
fit-rw_positive_bias-run1-prior1	rw_positive_bias	run1	1.0	none	False	sub-138	computer	epsilon	acceptance_bias	-0.28871940768089516
fit-rw_positive_bias-run1-prior1	rw_positive_bias	run1	1.0	none	False	sub-138	similar	alpha	gamma	-0.3967600733169308
fit-rw_positive_bias-run1-prior1	rw_positive_bias	run1	1.0	none	False	sub-138	similar	alpha	f0	-0.2608915726447101
fit-rw_positive_bias-run1-prior1	rw_positive_bias	run1	1.0	none	False	sub-138	similar	alpha	epsilon	0.1925823224223614
fit-rw_positive_bias-run1-prior1	rw_positive_bias	run1	1.0	none	False	sub-138	similar	alpha	acceptance_bias	0.18574067713784304
fit-rw_positive_bias-run1-prior1	rw_positive_bias	run1	1.0	none	False	sub-138	similar	gamma	f0	-0.05326597935195316
fit-rw_positive_bias-run1-prior1	rw_positive_bias	run1	1.0	none	False	sub-138	similar	gamma	epsilon	0.1977354359207075
fit-rw_positive_bias-run1-prior1	rw_positive_bias	run1	1.0	none	False	sub-138	similar	gamma	acceptance_bias	-0.27628534476215005
fit-rw_positive_bias-run1-prior1	rw_positive_bias	run1	1.0	none	False	sub-138	similar	f0	epsilon	-0.3789244991589738
fit-rw_positive_bias-run1-prior1	rw_positive_bias	run1	1.0	none	False	sub-138	similar	f0	acceptance_bias	0.680621636336912
fit-rw_positive_bias-run1-prior1	rw_positive_bias	run1	1.0	none	False	sub-138	similar	epsilon	acceptance_bias	-0.3313715361488804
fit-rw_positive_bias-run1-prior1	rw_positive_bias	run1	1.0	none	False	sub-138	dissimilar	alpha	gamma	-0.4204048711384676
fit-rw_positive_bias-run1-prior1	rw_positive_bias	run1	1.0	none	False	sub-138	dissimilar	alpha	f0	-0.3153581505553249
fit-rw_positive_bias-run1-prior1	rw_positive_bias	run1	1.0	none	False	sub-138	dissimilar	alpha	epsilon	0.21240211780288448
fit-rw_positive_bias-run1-prior1	rw_positive_bias	run1	1.0	none	False	sub-138	dissimilar	alpha	acceptance_bias	0.15349260001725415
fit-rw_positive_bias-run1-prior1	rw_positive_bias	run1	1.0	none	False	sub-138	dissimilar	gamma	f0	-0.06685090378270112
fit-rw_positive_bias-run1-prior1	rw_positive_bias	run1	1.0	none	False	sub-138	dissimilar	gamma	epsilon	0.10038213401369103
fit-rw_positive_bias-run1-prior1	rw_positive_bias	run1	1.0	none	False	sub-138	dissimilar	gamma	acceptance_bias	-0.29529174070833075
fit-rw_positive_bias-run1-prior1	rw_positive_bias	run1	1.0	none	False	sub-138	dissimilar	f0	epsilon	-0.3912658950700744
fit-rw_positive_bias-run1-prior1	rw_positive_bias	run1	1.0	none	False	sub-138	dissimilar	f0	acceptance_bias	0.6807869138435064
fit-rw_positive_bias-run1-prior1	rw_positive_bias	run1	1.0	none	False	sub-138	dissimilar	epsilon	acceptance_bias	-0.3545201325700457
fit-rw_positive_bias-run1-prior1	rw_positive_bias	run1	1.0	none	False	sub-140	computer	alpha	gamma	-0.27427890717453046
fit-rw_positive_bias-run1-prior1	rw_positive_bias	run1	1.0	none	False	sub-140	computer	alpha	f0	-0.3078053150227848
fit-rw_positive_bias-run1-prior1	rw_positive_bias	run1	1.0	none	False	sub-140	computer	alpha	epsilon	0.14030868022187937
fit-rw_positive_bias-run1-prior1	rw_positive_bias	run1	1.0	none	False	sub-140	computer	alpha	acceptance_bias	0.22350899697824755
fit-rw_positive_bias-run1-prior1	rw_positive_bias	run1	1.0	none	False	sub-140	computer	gamma	f0	-0.2696419319126042
fit-rw_positive_bias-run1-prior1	rw_positive_bias	run1	1.0	none	False	sub-140	computer	gamma	epsilon	0.2438527711770293
fit-rw_positive_bias-run1-prior1	rw_positive_bias	run1	1.0	none	False	sub-140	computer	gamma	acceptance_bias	-0.5678241919312126
fit-rw_positive_bias-run1-prior1	rw_positive_bias	run1	1.0	none	False	sub-140	computer	f0	epsilon	-0.2991200775198797
fit-rw_positive_bias-run1-prior1	rw_positive_bias	run1	1.0	none	False	sub-140	computer	f0	acceptance_bias	0.6083065065047939
fit-rw_positive_bias-run1-prior1	rw_positive_bias	run1	1.0	none	False	sub-140	computer	epsilon	acceptance_bias	-0.2937747225027539
fit-rw_positive_bias-run1-prior1	rw_positive_bias	run1	1.0	none	False	sub-140	similar	alpha	gamma	-0.16208575233936778
fit-rw_positive_bias-run1-prior1	rw_positive_bias	run1	1.0	none	False	sub-140	similar	alpha	f0	-0.3221114354585317
fit-rw_positive_bias-run1-prior1	rw_positive_bias	run1	1.0	none	False	sub-140	similar	alpha	epsilon	0.21038413639605658
fit-rw_positive_bias-run1-prior1	rw_positive_bias	run1	1.0	none	False	sub-140	similar	alpha	acceptance_bias	0.20274207667765776
fit-rw_positive_bias-run1-prior1	rw_positive_bias	run1	1.0	none	False	sub-140	similar	gamma	f0	-0.28319182041897806
fit-rw_positive_bias-run1-prior1	rw_positive_bias	run1	1.0	none	False	sub-140	similar	gamma	epsilon	0.34147840081323544
fit-rw_positive_bias-run1-prior1	rw_positive_bias	run1	1.0	none	False	sub-140	similar	gamma	acceptance_bias	-0.47889013169728123
fit-rw_positive_bias-run1-prior1	rw_positive_bias	run1	1.0	none	False	sub-140	similar	f0	epsilon	-0.36035321629574085
fit-rw_positive_bias-run1-prior1	rw_positive_bias	run1	1.0	none	False	sub-140	similar	f0	acceptance_bias	0.6408310434707732
fit-rw_positive_bias-run1-prior1	rw_positive_bias	run1	1.0	none	False	sub-140	similar	epsilon	acceptance_bias	-0.3013540423744348
fit-rw_positive_bias-run1-prior1	rw_positive_bias	run1	1.0	none	False	sub-140	dissimilar	alpha	gamma	-0.38225489788345113
fit-rw_positive_bias-run1-prior1	rw_positive_bias	run1	1.0	none	False	sub-140	dissimilar	alpha	f0	-0.30030342389364023
fit-rw_positive_bias-run1-prior1	rw_positive_bias	run1	1.0	none	False	sub-140	dissimilar	alpha	epsilon	0.1845047190958319
fit-rw_positive_bias-run1-prior1	rw_positive_bias	run1	1.0	none	False	sub-140	dissimilar	alpha	acceptance_bias	0.23311050057419197
fit-rw_positive_bias-run1-prior1	rw_positive_bias	run1	1.0	none	False	sub-140	dissimilar	gamma	f0	-0.18913276699806916
fit-rw_positive_bias-run1-prior1	rw_positive_bias	run1	1.0	none	False	sub-140	dissimilar	gamma	epsilon	0.1363219329466039
fit-rw_positive_bias-run1-prior1	rw_positive_bias	run1	1.0	none	False	sub-140	dissimilar	gamma	acceptance_bias	-0.542194420298888
fit-rw_positive_bias-run1-prior1	rw_positive_bias	run1	1.0	none	False	sub-140	dissimilar	f0	epsilon	-0.3557314086425643
fit-rw_positive_bias-run1-prior1	rw_positive_bias	run1	1.0	none	False	sub-140	dissimilar	f0	acceptance_bias	0.6412811039075821
fit-rw_positive_bias-run1-prior1	rw_positive_bias	run1	1.0	none	False	sub-140	dissimilar	epsilon	acceptance_bias	-0.30271063006208093
fit-rw_positive_bias-run1-prior1	rw_positive_bias	run1	1.0	none	False	sub-141	computer	alpha	gamma	-0.14474311962480332
fit-rw_positive_bias-run1-prior1	rw_positive_bias	run1	1.0	none	False	sub-141	computer	alpha	f0	-0.284734202184123
fit-rw_positive_bias-run1-prior1	rw_positive_bias	run1	1.0	none	False	sub-141	computer	alpha	epsilon	-0.024368823589693746
fit-rw_positive_bias-run1-prior1	rw_positive_bias	run1	1.0	none	False	sub-141	computer	alpha	acceptance_bias	0.05534846441027011
fit-rw_positive_bias-run1-prior1	rw_positive_bias	run1	1.0	none	False	sub-141	computer	gamma	f0	-0.17579660132760627
fit-rw_positive_bias-run1-prior1	rw_positive_bias	run1	1.0	none	False	sub-141	computer	gamma	epsilon	0.022043196586866442
fit-rw_positive_bias-run1-prior1	rw_positive_bias	run1	1.0	none	False	sub-141	computer	gamma	acceptance_bias	-0.3937538281872811
fit-rw_positive_bias-run1-prior1	rw_positive_bias	run1	1.0	none	False	sub-141	computer	f0	epsilon	0.28642502564255196
fit-rw_positive_bias-run1-prior1	rw_positive_bias	run1	1.0	none	False	sub-141	computer	f0	acceptance_bias	0.36065865527243524
fit-rw_positive_bias-run1-prior1	rw_positive_bias	run1	1.0	none	False	sub-141	computer	epsilon	acceptance_bias	0.037498367551719675
fit-rw_positive_bias-run1-prior1	rw_positive_bias	run1	1.0	none	False	sub-141	similar	alpha	gamma	-0.10857824654111206
fit-rw_positive_bias-run1-prior1	rw_positive_bias	run1	1.0	none	False	sub-141	similar	alpha	f0	-0.28043698828566166
fit-rw_positive_bias-run1-prior1	rw_positive_bias	run1	1.0	none	False	sub-141	similar	alpha	epsilon	-0.016770398521923427
fit-rw_positive_bias-run1-prior1	rw_positive_bias	run1	1.0	none	False	sub-141	similar	alpha	acceptance_bias	0.052836983338453214
fit-rw_positive_bias-run1-prior1	rw_positive_bias	run1	1.0	none	False	sub-141	similar	gamma	f0	-0.1925554464872055
fit-rw_positive_bias-run1-prior1	rw_positive_bias	run1	1.0	none	False	sub-141	similar	gamma	epsilon	-0.012794736154340862
fit-rw_positive_bias-run1-prior1	rw_positive_bias	run1	1.0	none	False	sub-141	similar	gamma	acceptance_bias	-0.35245978355244206
fit-rw_positive_bias-run1-prior1	rw_positive_bias	run1	1.0	none	False	sub-141	similar	f0	epsilon	0.3073111590527385
fit-rw_positive_bias-run1-prior1	rw_positive_bias	run1	1.0	none	False	sub-141	similar	f0	acceptance_bias	0.3741574769716708
fit-rw_positive_bias-run1-prior1	rw_positive_bias	run1	1.0	none	False	sub-141	similar	epsilon	acceptance_bias	0.047445985911659085
fit-rw_positive_bias-run1-prior1	rw_positive_bias	run1	1.0	none	False	sub-141	dissimilar	alpha	gamma	-0.12127788367157143
fit-rw_positive_bias-run1-prior1	rw_positive_bias	run1	1.0	none	False	sub-141	dissimilar	alpha	f0	-0.2865326685390954
fit-rw_positive_bias-run1-prior1	rw_positive_bias	run1	1.0	none	False	sub-141	dissimilar	alpha	epsilon	0.0003676867297443778
fit-rw_positive_bias-run1-prior1	rw_positive_bias	run1	1.0	none	False	sub-141	dissimilar	alpha	acceptance_bias	0.05478235315666077
fit-rw_positive_bias-run1-prior1	rw_positive_bias	run1	1.0	none	False	sub-141	dissimilar	gamma	f0	-0.1843351303347747
fit-rw_positive_bias-run1-prior1	rw_positive_bias	run1	1.0	none	False	sub-141	dissimilar	gamma	epsilon	-0.026254639155610448
fit-rw_positive_bias-run1-prior1	rw_positive_bias	run1	1.0	none	False	sub-141	dissimilar	gamma	acceptance_bias	-0.3318723864824152
fit-rw_positive_bias-run1-prior1	rw_positive_bias	run1	1.0	none	False	sub-141	dissimilar	f0	epsilon	0.3033256249315533
fit-rw_positive_bias-run1-prior1	rw_positive_bias	run1	1.0	none	False	sub-141	dissimilar	f0	acceptance_bias	0.36877323092710496
fit-rw_positive_bias-run1-prior1	rw_positive_bias	run1	1.0	none	False	sub-141	dissimilar	epsilon	acceptance_bias	0.056233284970582435
fit-rw_positive_bias-run1-prior1	rw_positive_bias	run1	1.0	none	False	sub-142	computer	alpha	gamma	-0.15859185025151426
fit-rw_positive_bias-run1-prior1	rw_positive_bias	run1	1.0	none	False	sub-142	computer	alpha	f0	-0.39728698247385774
fit-rw_positive_bias-run1-prior1	rw_positive_bias	run1	1.0	none	False	sub-142	computer	alpha	epsilon	-0.18287686858094218
fit-rw_positive_bias-run1-prior1	rw_positive_bias	run1	1.0	none	False	sub-142	computer	alpha	acceptance_bias	0.011253323292156357
fit-rw_positive_bias-run1-prior1	rw_positive_bias	run1	1.0	none	False	sub-142	computer	gamma	f0	-0.07633172474956511
fit-rw_positive_bias-run1-prior1	rw_positive_bias	run1	1.0	none	False	sub-142	computer	gamma	epsilon	0.041734047708134124
fit-rw_positive_bias-run1-prior1	rw_positive_bias	run1	1.0	none	False	sub-142	computer	gamma	acceptance_bias	-0.294471165789702
fit-rw_positive_bias-run1-prior1	rw_positive_bias	run1	1.0	none	False	sub-142	computer	f0	epsilon	0.5543054646655703
fit-rw_positive_bias-run1-prior1	rw_positive_bias	run1	1.0	none	False	sub-142	computer	f0	acceptance_bias	0.4514203916084112
fit-rw_positive_bias-run1-prior1	rw_positive_bias	run1	1.0	none	False	sub-142	computer	epsilon	acceptance_bias	0.1347179931414477
fit-rw_positive_bias-run1-prior1	rw_positive_bias	run1	1.0	none	False	sub-142	similar	alpha	gamma	-0.2533139225678491
fit-rw_positive_bias-run1-prior1	rw_positive_bias	run1	1.0	none	False	sub-142	similar	alpha	f0	-0.34257237977710603
fit-rw_positive_bias-run1-prior1	rw_positive_bias	run1	1.0	none	False	sub-142	similar	alpha	epsilon	-0.14796196156480731
fit-rw_positive_bias-run1-prior1	rw_positive_bias	run1	1.0	none	False	sub-142	similar	alpha	acceptance_bias	0.07939804369726756
fit-rw_positive_bias-run1-prior1	rw_positive_bias	run1	1.0	none	False	sub-142	similar	gamma	f0	0.004974215622749408
fit-rw_positive_bias-run1-prior1	rw_positive_bias	run1	1.0	none	False	sub-142	similar	gamma	epsilon	0.043461146540755
fit-rw_positive_bias-run1-prior1	rw_positive_bias	run1	1.0	none	False	sub-142	similar	gamma	acceptance_bias	-0.14684678497458992
fit-rw_positive_bias-run1-prior1	rw_positive_bias	run1	1.0	none	False	sub-142	similar	f0	epsilon	0.6081963421909576
fit-rw_positive_bias-run1-prior1	rw_positive_bias	run1	1.0	none	False	sub-142	similar	f0	acceptance_bias	0.4834753116494117
fit-rw_positive_bias-run1-prior1	rw_positive_bias	run1	1.0	none	False	sub-142	similar	epsilon	acceptance_bias	0.1821790219581684
fit-rw_positive_bias-run1-prior1	rw_positive_bias	run1	1.0	none	False	sub-142	dissimilar	alpha	gamma	-0.22649353541382328
fit-rw_positive_bias-run1-prior1	rw_positive_bias	run1	1.0	none	False	sub-142	dissimilar	alpha	f0	-0.3588669055651898
fit-rw_positive_bias-run1-prior1	rw_positive_bias	run1	1.0	none	False	sub-142	dissimilar	alpha	epsilon	-0.1370471152238891
fit-rw_positive_bias-run1-prior1	rw_positive_bias	run1	1.0	none	False	sub-142	dissimilar	alpha	acceptance_bias	0.07753119543029495
fit-rw_positive_bias-run1-prior1	rw_positive_bias	run1	1.0	none	False	sub-142	dissimilar	gamma	f0	-0.030948119041734102
fit-rw_positive_bias-run1-prior1	rw_positive_bias	run1	1.0	none	False	sub-142	dissimilar	gamma	epsilon	0.05542608284545131
fit-rw_positive_bias-run1-prior1	rw_positive_bias	run1	1.0	none	False	sub-142	dissimilar	gamma	acceptance_bias	-0.21874285535383692
fit-rw_positive_bias-run1-prior1	rw_positive_bias	run1	1.0	none	False	sub-142	dissimilar	f0	epsilon	0.5990504854911286
fit-rw_positive_bias-run1-prior1	rw_positive_bias	run1	1.0	none	False	sub-142	dissimilar	f0	acceptance_bias	0.4740092482026128
fit-rw_positive_bias-run1-prior1	rw_positive_bias	run1	1.0	none	False	sub-142	dissimilar	epsilon	acceptance_bias	0.19375253166537906
fit-rw_positive_bias-run1-prior1	rw_positive_bias	run1	1.0	none	False	sub-143	computer	alpha	gamma	-0.3101928612597014
fit-rw_positive_bias-run1-prior1	rw_positive_bias	run1	1.0	none	False	sub-143	computer	alpha	f0	-0.39103254135384796
fit-rw_positive_bias-run1-prior1	rw_positive_bias	run1	1.0	none	False	sub-143	computer	alpha	epsilon	-0.11772032262868162
fit-rw_positive_bias-run1-prior1	rw_positive_bias	run1	1.0	none	False	sub-143	computer	alpha	acceptance_bias	0.23279784457056593
fit-rw_positive_bias-run1-prior1	rw_positive_bias	run1	1.0	none	False	sub-143	computer	gamma	f0	0.05447869322258427
fit-rw_positive_bias-run1-prior1	rw_positive_bias	run1	1.0	none	False	sub-143	computer	gamma	epsilon	0.007544221074541054
fit-rw_positive_bias-run1-prior1	rw_positive_bias	run1	1.0	none	False	sub-143	computer	gamma	acceptance_bias	-0.25021545319120425
fit-rw_positive_bias-run1-prior1	rw_positive_bias	run1	1.0	none	False	sub-143	computer	f0	epsilon	0.08653240939914744
fit-rw_positive_bias-run1-prior1	rw_positive_bias	run1	1.0	none	False	sub-143	computer	f0	acceptance_bias	0.3280900361140188
fit-rw_positive_bias-run1-prior1	rw_positive_bias	run1	1.0	none	False	sub-143	computer	epsilon	acceptance_bias	-0.0851452243773523
fit-rw_positive_bias-run1-prior1	rw_positive_bias	run1	1.0	none	False	sub-143	similar	alpha	gamma	-0.38577978152492226
fit-rw_positive_bias-run1-prior1	rw_positive_bias	run1	1.0	none	False	sub-143	similar	alpha	f0	-0.3992801230797436
fit-rw_positive_bias-run1-prior1	rw_positive_bias	run1	1.0	none	False	sub-143	similar	alpha	epsilon	-0.0937711584436266
fit-rw_positive_bias-run1-prior1	rw_positive_bias	run1	1.0	none	False	sub-143	similar	alpha	acceptance_bias	0.2022599824351253
fit-rw_positive_bias-run1-prior1	rw_positive_bias	run1	1.0	none	False	sub-143	similar	gamma	f0	0.04398534418199229
fit-rw_positive_bias-run1-prior1	rw_positive_bias	run1	1.0	none	False	sub-143	similar	gamma	epsilon	0.0626168741035784
fit-rw_positive_bias-run1-prior1	rw_positive_bias	run1	1.0	none	False	sub-143	similar	gamma	acceptance_bias	-0.30416047434154536
fit-rw_positive_bias-run1-prior1	rw_positive_bias	run1	1.0	none	False	sub-143	similar	f0	epsilon	0.049935604114645704
fit-rw_positive_bias-run1-prior1	rw_positive_bias	run1	1.0	none	False	sub-143	similar	f0	acceptance_bias	0.3927957367531698
fit-rw_positive_bias-run1-prior1	rw_positive_bias	run1	1.0	none	False	sub-143	similar	epsilon	acceptance_bias	-0.09535960407039638
fit-rw_positive_bias-run1-prior1	rw_positive_bias	run1	1.0	none	False	sub-143	dissimilar	alpha	gamma	-0.22475878196841295
fit-rw_positive_bias-run1-prior1	rw_positive_bias	run1	1.0	none	False	sub-143	dissimilar	alpha	f0	-0.4145168913318506
fit-rw_positive_bias-run1-prior1	rw_positive_bias	run1	1.0	none	False	sub-143	dissimilar	alpha	epsilon	-0.08639316530674263
fit-rw_positive_bias-run1-prior1	rw_positive_bias	run1	1.0	none	False	sub-143	dissimilar	alpha	acceptance_bias	0.21465626346857242
fit-rw_positive_bias-run1-prior1	rw_positive_bias	run1	1.0	none	False	sub-143	dissimilar	gamma	f0	0.05241906561111056
fit-rw_positive_bias-run1-prior1	rw_positive_bias	run1	1.0	none	False	sub-143	dissimilar	gamma	epsilon	0.012764755231913345
fit-rw_positive_bias-run1-prior1	rw_positive_bias	run1	1.0	none	False	sub-143	dissimilar	gamma	acceptance_bias	-0.11501076012410846
fit-rw_positive_bias-run1-prior1	rw_positive_bias	run1	1.0	none	False	sub-143	dissimilar	f0	epsilon	0.016410220700780274
fit-rw_positive_bias-run1-prior1	rw_positive_bias	run1	1.0	none	False	sub-143	dissimilar	f0	acceptance_bias	0.361895978664545
fit-rw_positive_bias-run1-prior1	rw_positive_bias	run1	1.0	none	False	sub-143	dissimilar	epsilon	acceptance_bias	-0.09806227712223535
fit-rw_positive_bias-run1-prior1	rw_positive_bias	run1	1.0	none	False	sub-144	computer	alpha	gamma	-0.23053411129029142
fit-rw_positive_bias-run1-prior1	rw_positive_bias	run1	1.0	none	False	sub-144	computer	alpha	f0	-0.5618114046570771
fit-rw_positive_bias-run1-prior1	rw_positive_bias	run1	1.0	none	False	sub-144	computer	alpha	epsilon	0.0888290281434558
fit-rw_positive_bias-run1-prior1	rw_positive_bias	run1	1.0	none	False	sub-144	computer	alpha	acceptance_bias	0.11470799482545989
fit-rw_positive_bias-run1-prior1	rw_positive_bias	run1	1.0	none	False	sub-144	computer	gamma	f0	0.23206866602630064
fit-rw_positive_bias-run1-prior1	rw_positive_bias	run1	1.0	none	False	sub-144	computer	gamma	epsilon	-0.09413567142118112
fit-rw_positive_bias-run1-prior1	rw_positive_bias	run1	1.0	none	False	sub-144	computer	gamma	acceptance_bias	-0.013285754872173405
fit-rw_positive_bias-run1-prior1	rw_positive_bias	run1	1.0	none	False	sub-144	computer	f0	epsilon	-0.013928885118648156
fit-rw_positive_bias-run1-prior1	rw_positive_bias	run1	1.0	none	False	sub-144	computer	f0	acceptance_bias	0.09408808449977199
fit-rw_positive_bias-run1-prior1	rw_positive_bias	run1	1.0	none	False	sub-144	computer	epsilon	acceptance_bias	-0.058932900146728744
fit-rw_positive_bias-run1-prior1	rw_positive_bias	run1	1.0	none	False	sub-144	similar	alpha	gamma	-0.17178904005983245
fit-rw_positive_bias-run1-prior1	rw_positive_bias	run1	1.0	none	False	sub-144	similar	alpha	f0	-0.5340135298215104
fit-rw_positive_bias-run1-prior1	rw_positive_bias	run1	1.0	none	False	sub-144	similar	alpha	epsilon	0.08919016889568536
fit-rw_positive_bias-run1-prior1	rw_positive_bias	run1	1.0	none	False	sub-144	similar	alpha	acceptance_bias	0.08626125168484831
fit-rw_positive_bias-run1-prior1	rw_positive_bias	run1	1.0	none	False	sub-144	similar	gamma	f0	0.21263462769031907
fit-rw_positive_bias-run1-prior1	rw_positive_bias	run1	1.0	none	False	sub-144	similar	gamma	epsilon	-0.07315168494357276
fit-rw_positive_bias-run1-prior1	rw_positive_bias	run1	1.0	none	False	sub-144	similar	gamma	acceptance_bias	-0.013985510411721106
fit-rw_positive_bias-run1-prior1	rw_positive_bias	run1	1.0	none	False	sub-144	similar	f0	epsilon	-0.0199910445483669
fit-rw_positive_bias-run1-prior1	rw_positive_bias	run1	1.0	none	False	sub-144	similar	f0	acceptance_bias	0.09770327289875944
fit-rw_positive_bias-run1-prior1	rw_positive_bias	run1	1.0	none	False	sub-144	similar	epsilon	acceptance_bias	-0.05738660572616925
fit-rw_positive_bias-run1-prior1	rw_positive_bias	run1	1.0	none	False	sub-144	dissimilar	alpha	gamma	-0.20126434944130758
fit-rw_positive_bias-run1-prior1	rw_positive_bias	run1	1.0	none	False	sub-144	dissimilar	alpha	f0	-0.5838150821948375
fit-rw_positive_bias-run1-prior1	rw_positive_bias	run1	1.0	none	False	sub-144	dissimilar	alpha	epsilon	0.11762263205786622
fit-rw_positive_bias-run1-prior1	rw_positive_bias	run1	1.0	none	False	sub-144	dissimilar	alpha	acceptance_bias	0.10092310522618621
fit-rw_positive_bias-run1-prior1	rw_positive_bias	run1	1.0	none	False	sub-144	dissimilar	gamma	f0	0.22689708451476673
fit-rw_positive_bias-run1-prior1	rw_positive_bias	run1	1.0	none	False	sub-144	dissimilar	gamma	epsilon	-0.13293405252559778
fit-rw_positive_bias-run1-prior1	rw_positive_bias	run1	1.0	none	False	sub-144	dissimilar	gamma	acceptance_bias	0.044601912262365415
fit-rw_positive_bias-run1-prior1	rw_positive_bias	run1	1.0	none	False	sub-144	dissimilar	f0	epsilon	-0.08082846153081799
fit-rw_positive_bias-run1-prior1	rw_positive_bias	run1	1.0	none	False	sub-144	dissimilar	f0	acceptance_bias	0.11337349379245924
fit-rw_positive_bias-run1-prior1	rw_positive_bias	run1	1.0	none	False	sub-144	dissimilar	epsilon	acceptance_bias	-0.06311024513395404
fit-rw_positive_bias-run1-prior1	rw_positive_bias	run1	1.0	none	False	sub-147	computer	alpha	gamma	-0.38931588921960164
fit-rw_positive_bias-run1-prior1	rw_positive_bias	run1	1.0	none	False	sub-147	computer	alpha	f0	-0.33027097278542233
fit-rw_positive_bias-run1-prior1	rw_positive_bias	run1	1.0	none	False	sub-147	computer	alpha	epsilon	-0.048745242399093384
fit-rw_positive_bias-run1-prior1	rw_positive_bias	run1	1.0	none	False	sub-147	computer	alpha	acceptance_bias	0.29556449898491305
fit-rw_positive_bias-run1-prior1	rw_positive_bias	run1	1.0	none	False	sub-147	computer	gamma	f0	-0.08073341882202914
fit-rw_positive_bias-run1-prior1	rw_positive_bias	run1	1.0	none	False	sub-147	computer	gamma	epsilon	0.02341766679087352
fit-rw_positive_bias-run1-prior1	rw_positive_bias	run1	1.0	none	False	sub-147	computer	gamma	acceptance_bias	-0.4923032517701922
fit-rw_positive_bias-run1-prior1	rw_positive_bias	run1	1.0	none	False	sub-147	computer	f0	epsilon	-0.012551197649891948
fit-rw_positive_bias-run1-prior1	rw_positive_bias	run1	1.0	none	False	sub-147	computer	f0	acceptance_bias	0.46013763237383476
fit-rw_positive_bias-run1-prior1	rw_positive_bias	run1	1.0	none	False	sub-147	computer	epsilon	acceptance_bias	-0.08595103738203719
fit-rw_positive_bias-run1-prior1	rw_positive_bias	run1	1.0	none	False	sub-147	similar	alpha	gamma	-0.23318938496731753
fit-rw_positive_bias-run1-prior1	rw_positive_bias	run1	1.0	none	False	sub-147	similar	alpha	f0	-0.3601970895698483
fit-rw_positive_bias-run1-prior1	rw_positive_bias	run1	1.0	none	False	sub-147	similar	alpha	epsilon	-0.014603387331457624
fit-rw_positive_bias-run1-prior1	rw_positive_bias	run1	1.0	none	False	sub-147	similar	alpha	acceptance_bias	0.26371890752438537
fit-rw_positive_bias-run1-prior1	rw_positive_bias	run1	1.0	none	False	sub-147	similar	gamma	f0	0.0055112337940560864
fit-rw_positive_bias-run1-prior1	rw_positive_bias	run1	1.0	none	False	sub-147	similar	gamma	epsilon	-0.0460588196716772
fit-rw_positive_bias-run1-prior1	rw_positive_bias	run1	1.0	none	False	sub-147	similar	gamma	acceptance_bias	-0.17529211560691024
fit-rw_positive_bias-run1-prior1	rw_positive_bias	run1	1.0	none	False	sub-147	similar	f0	epsilon	-0.07115411192258068
fit-rw_positive_bias-run1-prior1	rw_positive_bias	run1	1.0	none	False	sub-147	similar	f0	acceptance_bias	0.44203232945232657
fit-rw_positive_bias-run1-prior1	rw_positive_bias	run1	1.0	none	False	sub-147	similar	epsilon	acceptance_bias	-0.11041622054715701
fit-rw_positive_bias-run1-prior1	rw_positive_bias	run1	1.0	none	False	sub-147	dissimilar	alpha	gamma	-0.3063579899030579
fit-rw_positive_bias-run1-prior1	rw_positive_bias	run1	1.0	none	False	sub-147	dissimilar	alpha	f0	-0.35077832085911115
fit-rw_positive_bias-run1-prior1	rw_positive_bias	run1	1.0	none	False	sub-147	dissimilar	alpha	epsilon	-0.037519484090940414
fit-rw_positive_bias-run1-prior1	rw_positive_bias	run1	1.0	none	False	sub-147	dissimilar	alpha	acceptance_bias	0.2668258341501848
fit-rw_positive_bias-run1-prior1	rw_positive_bias	run1	1.0	none	False	sub-147	dissimilar	gamma	f0	-0.14181502486961345
fit-rw_positive_bias-run1-prior1	rw_positive_bias	run1	1.0	none	False	sub-147	dissimilar	gamma	epsilon	0.030308789255878654
fit-rw_positive_bias-run1-prior1	rw_positive_bias	run1	1.0	none	False	sub-147	dissimilar	gamma	acceptance_bias	-0.49830216979682235
fit-rw_positive_bias-run1-prior1	rw_positive_bias	run1	1.0	none	False	sub-147	dissimilar	f0	epsilon	-0.02401496958280749
fit-rw_positive_bias-run1-prior1	rw_positive_bias	run1	1.0	none	False	sub-147	dissimilar	f0	acceptance_bias	0.4436132842003033
fit-rw_positive_bias-run1-prior1	rw_positive_bias	run1	1.0	none	False	sub-147	dissimilar	epsilon	acceptance_bias	-0.0880793188431785
fit-rw_positive_bias-run1-prior1	rw_positive_bias	run1	1.0	none	False	sub-149	computer	alpha	gamma	-0.1646829642258973
fit-rw_positive_bias-run1-prior1	rw_positive_bias	run1	1.0	none	False	sub-149	computer	alpha	f0	-0.37108738311936496
fit-rw_positive_bias-run1-prior1	rw_positive_bias	run1	1.0	none	False	sub-149	computer	alpha	epsilon	-0.09568662434527384
fit-rw_positive_bias-run1-prior1	rw_positive_bias	run1	1.0	none	False	sub-149	computer	alpha	acceptance_bias	0.11486816226094365
fit-rw_positive_bias-run1-prior1	rw_positive_bias	run1	1.0	none	False	sub-149	computer	gamma	f0	5.70431135551272e-05
fit-rw_positive_bias-run1-prior1	rw_positive_bias	run1	1.0	none	False	sub-149	computer	gamma	epsilon	-0.030385034899129467
fit-rw_positive_bias-run1-prior1	rw_positive_bias	run1	1.0	none	False	sub-149	computer	gamma	acceptance_bias	-0.19064683182936118
fit-rw_positive_bias-run1-prior1	rw_positive_bias	run1	1.0	none	False	sub-149	computer	f0	epsilon	0.2667633839269789
fit-rw_positive_bias-run1-prior1	rw_positive_bias	run1	1.0	none	False	sub-149	computer	f0	acceptance_bias	0.2415084862425106
fit-rw_positive_bias-run1-prior1	rw_positive_bias	run1	1.0	none	False	sub-149	computer	epsilon	acceptance_bias	-0.07009213580567587
fit-rw_positive_bias-run1-prior1	rw_positive_bias	run1	1.0	none	False	sub-149	similar	alpha	gamma	-0.12818886766751772
fit-rw_positive_bias-run1-prior1	rw_positive_bias	run1	1.0	none	False	sub-149	similar	alpha	f0	-0.373562329544267
fit-rw_positive_bias-run1-prior1	rw_positive_bias	run1	1.0	none	False	sub-149	similar	alpha	epsilon	-0.0796011714542061
fit-rw_positive_bias-run1-prior1	rw_positive_bias	run1	1.0	none	False	sub-149	similar	alpha	acceptance_bias	0.09791866961981126
fit-rw_positive_bias-run1-prior1	rw_positive_bias	run1	1.0	none	False	sub-149	similar	gamma	f0	-0.020803660832764
fit-rw_positive_bias-run1-prior1	rw_positive_bias	run1	1.0	none	False	sub-149	similar	gamma	epsilon	-0.025396188043488352
fit-rw_positive_bias-run1-prior1	rw_positive_bias	run1	1.0	none	False	sub-149	similar	gamma	acceptance_bias	-0.20555202051535523
fit-rw_positive_bias-run1-prior1	rw_positive_bias	run1	1.0	none	False	sub-149	similar	f0	epsilon	0.2638396223514698
fit-rw_positive_bias-run1-prior1	rw_positive_bias	run1	1.0	none	False	sub-149	similar	f0	acceptance_bias	0.26578689560498436
fit-rw_positive_bias-run1-prior1	rw_positive_bias	run1	1.0	none	False	sub-149	similar	epsilon	acceptance_bias	-0.06655180359930106
fit-rw_positive_bias-run1-prior1	rw_positive_bias	run1	1.0	none	False	sub-149	dissimilar	alpha	gamma	-0.11078698409817533
fit-rw_positive_bias-run1-prior1	rw_positive_bias	run1	1.0	none	False	sub-149	dissimilar	alpha	f0	-0.40072930339667695
fit-rw_positive_bias-run1-prior1	rw_positive_bias	run1	1.0	none	False	sub-149	dissimilar	alpha	epsilon	-0.0674732551867228
fit-rw_positive_bias-run1-prior1	rw_positive_bias	run1	1.0	none	False	sub-149	dissimilar	alpha	acceptance_bias	0.11973941033587404
fit-rw_positive_bias-run1-prior1	rw_positive_bias	run1	1.0	none	False	sub-149	dissimilar	gamma	f0	0.038370115515485304
fit-rw_positive_bias-run1-prior1	rw_positive_bias	run1	1.0	none	False	sub-149	dissimilar	gamma	epsilon	-0.03847410663407403
fit-rw_positive_bias-run1-prior1	rw_positive_bias	run1	1.0	none	False	sub-149	dissimilar	gamma	acceptance_bias	0.03568031944005563
fit-rw_positive_bias-run1-prior1	rw_positive_bias	run1	1.0	none	False	sub-149	dissimilar	f0	epsilon	0.21419529765010595
fit-rw_positive_bias-run1-prior1	rw_positive_bias	run1	1.0	none	False	sub-149	dissimilar	f0	acceptance_bias	0.2650879933578757
fit-rw_positive_bias-run1-prior1	rw_positive_bias	run1	1.0	none	False	sub-149	dissimilar	epsilon	acceptance_bias	-0.060911917017645055
fit-rw_positive_bias-run1-prior1	rw_positive_bias	run1	1.0	none	False	sub-150	computer	alpha	gamma	-0.38876400020987517
fit-rw_positive_bias-run1-prior1	rw_positive_bias	run1	1.0	none	False	sub-150	computer	alpha	f0	-0.4705187987699656
fit-rw_positive_bias-run1-prior1	rw_positive_bias	run1	1.0	none	False	sub-150	computer	alpha	epsilon	-0.009947183955548744
fit-rw_positive_bias-run1-prior1	rw_positive_bias	run1	1.0	none	False	sub-150	computer	alpha	acceptance_bias	0.22284453003707344
fit-rw_positive_bias-run1-prior1	rw_positive_bias	run1	1.0	none	False	sub-150	computer	gamma	f0	0.18017393874538704
fit-rw_positive_bias-run1-prior1	rw_positive_bias	run1	1.0	none	False	sub-150	computer	gamma	epsilon	0.04440280606480744
fit-rw_positive_bias-run1-prior1	rw_positive_bias	run1	1.0	none	False	sub-150	computer	gamma	acceptance_bias	-0.25624167831179023
fit-rw_positive_bias-run1-prior1	rw_positive_bias	run1	1.0	none	False	sub-150	computer	f0	epsilon	-0.061229768228169994
fit-rw_positive_bias-run1-prior1	rw_positive_bias	run1	1.0	none	False	sub-150	computer	f0	acceptance_bias	0.3808713825776372
fit-rw_positive_bias-run1-prior1	rw_positive_bias	run1	1.0	none	False	sub-150	computer	epsilon	acceptance_bias	-0.15364276581872185
fit-rw_positive_bias-run1-prior1	rw_positive_bias	run1	1.0	none	False	sub-150	similar	alpha	gamma	-0.4665792485292743
fit-rw_positive_bias-run1-prior1	rw_positive_bias	run1	1.0	none	False	sub-150	similar	alpha	f0	-0.4817019621840203
fit-rw_positive_bias-run1-prior1	rw_positive_bias	run1	1.0	none	False	sub-150	similar	alpha	epsilon	0.0008980933877424613
fit-rw_positive_bias-run1-prior1	rw_positive_bias	run1	1.0	none	False	sub-150	similar	alpha	acceptance_bias	0.20367078932333627
fit-rw_positive_bias-run1-prior1	rw_positive_bias	run1	1.0	none	False	sub-150	similar	gamma	f0	0.20336590665757578
fit-rw_positive_bias-run1-prior1	rw_positive_bias	run1	1.0	none	False	sub-150	similar	gamma	epsilon	0.01026432832999399
fit-rw_positive_bias-run1-prior1	rw_positive_bias	run1	1.0	none	False	sub-150	similar	gamma	acceptance_bias	-0.29709373541184714
fit-rw_positive_bias-run1-prior1	rw_positive_bias	run1	1.0	none	False	sub-150	similar	f0	epsilon	-0.07560110148443425
fit-rw_positive_bias-run1-prior1	rw_positive_bias	run1	1.0	none	False	sub-150	similar	f0	acceptance_bias	0.44058902177334336
fit-rw_positive_bias-run1-prior1	rw_positive_bias	run1	1.0	none	False	sub-150	similar	epsilon	acceptance_bias	-0.16523029142699047
fit-rw_positive_bias-run1-prior1	rw_positive_bias	run1	1.0	none	False	sub-150	dissimilar	alpha	gamma	-0.35655306252147606
fit-rw_positive_bias-run1-prior1	rw_positive_bias	run1	1.0	none	False	sub-150	dissimilar	alpha	f0	-0.5040712631978168
fit-rw_positive_bias-run1-prior1	rw_positive_bias	run1	1.0	none	False	sub-150	dissimilar	alpha	epsilon	0.04633817682054858
fit-rw_positive_bias-run1-prior1	rw_positive_bias	run1	1.0	none	False	sub-150	dissimilar	alpha	acceptance_bias	0.21035824349180818
fit-rw_positive_bias-run1-prior1	rw_positive_bias	run1	1.0	none	False	sub-150	dissimilar	gamma	f0	0.2161163747747364
fit-rw_positive_bias-run1-prior1	rw_positive_bias	run1	1.0	none	False	sub-150	dissimilar	gamma	epsilon	-0.010572640186521542
fit-rw_positive_bias-run1-prior1	rw_positive_bias	run1	1.0	none	False	sub-150	dissimilar	gamma	acceptance_bias	-0.1170234297491595
fit-rw_positive_bias-run1-prior1	rw_positive_bias	run1	1.0	none	False	sub-150	dissimilar	f0	epsilon	-0.12487319424717822
fit-rw_positive_bias-run1-prior1	rw_positive_bias	run1	1.0	none	False	sub-150	dissimilar	f0	acceptance_bias	0.396837840698125
fit-rw_positive_bias-run1-prior1	rw_positive_bias	run1	1.0	none	False	sub-150	dissimilar	epsilon	acceptance_bias	-0.16356741470425318
fit-rw_positive_bias-run1-prior1	rw_positive_bias	run1	1.0	none	False	sub-151	computer	alpha	gamma	-0.2585236356526106
fit-rw_positive_bias-run1-prior1	rw_positive_bias	run1	1.0	none	False	sub-151	computer	alpha	f0	-0.4959817906324478
fit-rw_positive_bias-run1-prior1	rw_positive_bias	run1	1.0	none	False	sub-151	computer	alpha	epsilon	0.06953749855348981
fit-rw_positive_bias-run1-prior1	rw_positive_bias	run1	1.0	none	False	sub-151	computer	alpha	acceptance_bias	0.14753668403986483
fit-rw_positive_bias-run1-prior1	rw_positive_bias	run1	1.0	none	False	sub-151	computer	gamma	f0	0.14117520370012565
fit-rw_positive_bias-run1-prior1	rw_positive_bias	run1	1.0	none	False	sub-151	computer	gamma	epsilon	-0.06667126068719222
fit-rw_positive_bias-run1-prior1	rw_positive_bias	run1	1.0	none	False	sub-151	computer	gamma	acceptance_bias	-0.16767270135933446
fit-rw_positive_bias-run1-prior1	rw_positive_bias	run1	1.0	none	False	sub-151	computer	f0	epsilon	-0.045418857664096104
fit-rw_positive_bias-run1-prior1	rw_positive_bias	run1	1.0	none	False	sub-151	computer	f0	acceptance_bias	0.24175330110770157
fit-rw_positive_bias-run1-prior1	rw_positive_bias	run1	1.0	none	False	sub-151	computer	epsilon	acceptance_bias	-0.11332187849252362
fit-rw_positive_bias-run1-prior1	rw_positive_bias	run1	1.0	none	False	sub-151	similar	alpha	gamma	-0.23617012874161403
fit-rw_positive_bias-run1-prior1	rw_positive_bias	run1	1.0	none	False	sub-151	similar	alpha	f0	-0.4961115105272855
fit-rw_positive_bias-run1-prior1	rw_positive_bias	run1	1.0	none	False	sub-151	similar	alpha	epsilon	0.12373655069610892
fit-rw_positive_bias-run1-prior1	rw_positive_bias	run1	1.0	none	False	sub-151	similar	alpha	acceptance_bias	0.15665073297488455
fit-rw_positive_bias-run1-prior1	rw_positive_bias	run1	1.0	none	False	sub-151	similar	gamma	f0	0.29784554469387403
fit-rw_positive_bias-run1-prior1	rw_positive_bias	run1	1.0	none	False	sub-151	similar	gamma	epsilon	-0.14558320702528513
fit-rw_positive_bias-run1-prior1	rw_positive_bias	run1	1.0	none	False	sub-151	similar	gamma	acceptance_bias	0.06543388194172801
fit-rw_positive_bias-run1-prior1	rw_positive_bias	run1	1.0	none	False	sub-151	similar	f0	epsilon	-0.10474213845244357
fit-rw_positive_bias-run1-prior1	rw_positive_bias	run1	1.0	none	False	sub-151	similar	f0	acceptance_bias	0.24528409093184403
fit-rw_positive_bias-run1-prior1	rw_positive_bias	run1	1.0	none	False	sub-151	similar	epsilon	acceptance_bias	-0.12959564699515838
fit-rw_positive_bias-run1-prior1	rw_positive_bias	run1	1.0	none	False	sub-151	dissimilar	alpha	gamma	-0.2692157000449813
fit-rw_positive_bias-run1-prior1	rw_positive_bias	run1	1.0	none	False	sub-151	dissimilar	alpha	f0	-0.5191262221979691
fit-rw_positive_bias-run1-prior1	rw_positive_bias	run1	1.0	none	False	sub-151	dissimilar	alpha	epsilon	0.16670818260752246
fit-rw_positive_bias-run1-prior1	rw_positive_bias	run1	1.0	none	False	sub-151	dissimilar	alpha	acceptance_bias	0.142285010161637
fit-rw_positive_bias-run1-prior1	rw_positive_bias	run1	1.0	none	False	sub-151	dissimilar	gamma	f0	0.18841805222133218
fit-rw_positive_bias-run1-prior1	rw_positive_bias	run1	1.0	none	False	sub-151	dissimilar	gamma	epsilon	-0.15468067576930025
fit-rw_positive_bias-run1-prior1	rw_positive_bias	run1	1.0	none	False	sub-151	dissimilar	gamma	acceptance_bias	-0.12056249640920712
fit-rw_positive_bias-run1-prior1	rw_positive_bias	run1	1.0	none	False	sub-151	dissimilar	f0	epsilon	-0.09239067306539352
fit-rw_positive_bias-run1-prior1	rw_positive_bias	run1	1.0	none	False	sub-151	dissimilar	f0	acceptance_bias	0.2424135670457048
fit-rw_positive_bias-run1-prior1	rw_positive_bias	run1	1.0	none	False	sub-151	dissimilar	epsilon	acceptance_bias	-0.13956337691024595
fit-rw_positive_bias-run1-prior1	rw_positive_bias	run1	1.0	none	False	sub-152	computer	alpha	gamma	-0.08740215328238257
fit-rw_positive_bias-run1-prior1	rw_positive_bias	run1	1.0	none	False	sub-152	computer	alpha	f0	-0.30006820686739355
fit-rw_positive_bias-run1-prior1	rw_positive_bias	run1	1.0	none	False	sub-152	computer	alpha	epsilon	-0.06894553278837504
fit-rw_positive_bias-run1-prior1	rw_positive_bias	run1	1.0	none	False	sub-152	computer	alpha	acceptance_bias	0.04365807806453172
fit-rw_positive_bias-run1-prior1	rw_positive_bias	run1	1.0	none	False	sub-152	computer	gamma	f0	-0.14721968369150268
fit-rw_positive_bias-run1-prior1	rw_positive_bias	run1	1.0	none	False	sub-152	computer	gamma	epsilon	-0.00017038384362863646
fit-rw_positive_bias-run1-prior1	rw_positive_bias	run1	1.0	none	False	sub-152	computer	gamma	acceptance_bias	-0.35442640182370266
fit-rw_positive_bias-run1-prior1	rw_positive_bias	run1	1.0	none	False	sub-152	computer	f0	epsilon	0.3474730760071725
fit-rw_positive_bias-run1-prior1	rw_positive_bias	run1	1.0	none	False	sub-152	computer	f0	acceptance_bias	0.31224030420399396
fit-rw_positive_bias-run1-prior1	rw_positive_bias	run1	1.0	none	False	sub-152	computer	epsilon	acceptance_bias	0.03712406129302446
fit-rw_positive_bias-run1-prior1	rw_positive_bias	run1	1.0	none	False	sub-152	similar	alpha	gamma	-0.07386170083490973
fit-rw_positive_bias-run1-prior1	rw_positive_bias	run1	1.0	none	False	sub-152	similar	alpha	f0	-0.3056563414246608
fit-rw_positive_bias-run1-prior1	rw_positive_bias	run1	1.0	none	False	sub-152	similar	alpha	epsilon	-0.06139690619353884
fit-rw_positive_bias-run1-prior1	rw_positive_bias	run1	1.0	none	False	sub-152	similar	alpha	acceptance_bias	0.044811181761227524
fit-rw_positive_bias-run1-prior1	rw_positive_bias	run1	1.0	none	False	sub-152	similar	gamma	f0	-0.16159540734447447
fit-rw_positive_bias-run1-prior1	rw_positive_bias	run1	1.0	none	False	sub-152	similar	gamma	epsilon	-0.007430113301739889
fit-rw_positive_bias-run1-prior1	rw_positive_bias	run1	1.0	none	False	sub-152	similar	gamma	acceptance_bias	-0.34583644193556995
fit-rw_positive_bias-run1-prior1	rw_positive_bias	run1	1.0	none	False	sub-152	similar	f0	epsilon	0.3563362668790785
fit-rw_positive_bias-run1-prior1	rw_positive_bias	run1	1.0	none	False	sub-152	similar	f0	acceptance_bias	0.3316602575800236
fit-rw_positive_bias-run1-prior1	rw_positive_bias	run1	1.0	none	False	sub-152	similar	epsilon	acceptance_bias	0.045749368131512765
fit-rw_positive_bias-run1-prior1	rw_positive_bias	run1	1.0	none	False	sub-152	dissimilar	alpha	gamma	-0.07906951500501497
fit-rw_positive_bias-run1-prior1	rw_positive_bias	run1	1.0	none	False	sub-152	dissimilar	alpha	f0	-0.3075988264598448
fit-rw_positive_bias-run1-prior1	rw_positive_bias	run1	1.0	none	False	sub-152	dissimilar	alpha	epsilon	-0.041556594043674046
fit-rw_positive_bias-run1-prior1	rw_positive_bias	run1	1.0	none	False	sub-152	dissimilar	alpha	acceptance_bias	0.05312889549642401
fit-rw_positive_bias-run1-prior1	rw_positive_bias	run1	1.0	none	False	sub-152	dissimilar	gamma	f0	-0.14672871190948478
fit-rw_positive_bias-run1-prior1	rw_positive_bias	run1	1.0	none	False	sub-152	dissimilar	gamma	epsilon	-0.006735020725649526
fit-rw_positive_bias-run1-prior1	rw_positive_bias	run1	1.0	none	False	sub-152	dissimilar	gamma	acceptance_bias	-0.32920779262418043
fit-rw_positive_bias-run1-prior1	rw_positive_bias	run1	1.0	none	False	sub-152	dissimilar	f0	epsilon	0.3437599000562149
fit-rw_positive_bias-run1-prior1	rw_positive_bias	run1	1.0	none	False	sub-152	dissimilar	f0	acceptance_bias	0.324833430323863
fit-rw_positive_bias-run1-prior1	rw_positive_bias	run1	1.0	none	False	sub-152	dissimilar	epsilon	acceptance_bias	0.04970974730992373
fit-rw_positive_bias-run1-prior1	rw_positive_bias	run1	1.0	none	False	sub-153	computer	alpha	gamma	-0.259268727616417
fit-rw_positive_bias-run1-prior1	rw_positive_bias	run1	1.0	none	False	sub-153	computer	alpha	f0	-0.4768444215573493
fit-rw_positive_bias-run1-prior1	rw_positive_bias	run1	1.0	none	False	sub-153	computer	alpha	epsilon	0.035795202846849686
fit-rw_positive_bias-run1-prior1	rw_positive_bias	run1	1.0	none	False	sub-153	computer	alpha	acceptance_bias	0.2428840513697924
fit-rw_positive_bias-run1-prior1	rw_positive_bias	run1	1.0	none	False	sub-153	computer	gamma	f0	0.27111361407025414
fit-rw_positive_bias-run1-prior1	rw_positive_bias	run1	1.0	none	False	sub-153	computer	gamma	epsilon	-0.04934694101164925
fit-rw_positive_bias-run1-prior1	rw_positive_bias	run1	1.0	none	False	sub-153	computer	gamma	acceptance_bias	0.060049539406509006
fit-rw_positive_bias-run1-prior1	rw_positive_bias	run1	1.0	none	False	sub-153	computer	f0	epsilon	-0.04419043363997333
fit-rw_positive_bias-run1-prior1	rw_positive_bias	run1	1.0	none	False	sub-153	computer	f0	acceptance_bias	0.28827505367935163
fit-rw_positive_bias-run1-prior1	rw_positive_bias	run1	1.0	none	False	sub-153	computer	epsilon	acceptance_bias	-0.13899378003366825
fit-rw_positive_bias-run1-prior1	rw_positive_bias	run1	1.0	none	False	sub-153	similar	alpha	gamma	-0.22167305979681035
fit-rw_positive_bias-run1-prior1	rw_positive_bias	run1	1.0	none	False	sub-153	similar	alpha	f0	-0.4887796698843579
fit-rw_positive_bias-run1-prior1	rw_positive_bias	run1	1.0	none	False	sub-153	similar	alpha	epsilon	0.00045458806229403003
fit-rw_positive_bias-run1-prior1	rw_positive_bias	run1	1.0	none	False	sub-153	similar	alpha	acceptance_bias	0.18804634199926043
fit-rw_positive_bias-run1-prior1	rw_positive_bias	run1	1.0	none	False	sub-153	similar	gamma	f0	0.17062679589158206
fit-rw_positive_bias-run1-prior1	rw_positive_bias	run1	1.0	none	False	sub-153	similar	gamma	epsilon	-0.02746400071181366
fit-rw_positive_bias-run1-prior1	rw_positive_bias	run1	1.0	none	False	sub-153	similar	gamma	acceptance_bias	-0.0810895115635566
fit-rw_positive_bias-run1-prior1	rw_positive_bias	run1	1.0	none	False	sub-153	similar	f0	epsilon	0.018238854791728782
fit-rw_positive_bias-run1-prior1	rw_positive_bias	run1	1.0	none	False	sub-153	similar	f0	acceptance_bias	0.2604512092550951
fit-rw_positive_bias-run1-prior1	rw_positive_bias	run1	1.0	none	False	sub-153	similar	epsilon	acceptance_bias	-0.13163259868936042
fit-rw_positive_bias-run1-prior1	rw_positive_bias	run1	1.0	none	False	sub-153	dissimilar	alpha	gamma	-0.2629958593521194
fit-rw_positive_bias-run1-prior1	rw_positive_bias	run1	1.0	none	False	sub-153	dissimilar	alpha	f0	-0.5033196508926704
fit-rw_positive_bias-run1-prior1	rw_positive_bias	run1	1.0	none	False	sub-153	dissimilar	alpha	epsilon	0.0027890389337012216
fit-rw_positive_bias-run1-prior1	rw_positive_bias	run1	1.0	none	False	sub-153	dissimilar	alpha	acceptance_bias	0.1825818415249386
fit-rw_positive_bias-run1-prior1	rw_positive_bias	run1	1.0	none	False	sub-153	dissimilar	gamma	f0	0.10997486403661874
fit-rw_positive_bias-run1-prior1	rw_positive_bias	run1	1.0	none	False	sub-153	dissimilar	gamma	epsilon	-0.09519596519703596
fit-rw_positive_bias-run1-prior1	rw_positive_bias	run1	1.0	none	False	sub-153	dissimilar	gamma	acceptance_bias	-0.211798796055486
fit-rw_positive_bias-run1-prior1	rw_positive_bias	run1	1.0	none	False	sub-153	dissimilar	f0	epsilon	0.014504153125859773
fit-rw_positive_bias-run1-prior1	rw_positive_bias	run1	1.0	none	False	sub-153	dissimilar	f0	acceptance_bias	0.26477356481376385
fit-rw_positive_bias-run1-prior1	rw_positive_bias	run1	1.0	none	False	sub-153	dissimilar	epsilon	acceptance_bias	-0.14131417055547055
fit-rw_positive_bias-run1-prior1	rw_positive_bias	run1	1.0	none	False	sub-154	computer	alpha	gamma	-0.5533954284182381
fit-rw_positive_bias-run1-prior1	rw_positive_bias	run1	1.0	none	False	sub-154	computer	alpha	f0	-0.45823592098171
fit-rw_positive_bias-run1-prior1	rw_positive_bias	run1	1.0	none	False	sub-154	computer	alpha	epsilon	0.011036679787550043
fit-rw_positive_bias-run1-prior1	rw_positive_bias	run1	1.0	none	False	sub-154	computer	alpha	acceptance_bias	0.2995915828995062
fit-rw_positive_bias-run1-prior1	rw_positive_bias	run1	1.0	none	False	sub-154	computer	gamma	f0	0.28045667463331214
fit-rw_positive_bias-run1-prior1	rw_positive_bias	run1	1.0	none	False	sub-154	computer	gamma	epsilon	0.05454986583484089
fit-rw_positive_bias-run1-prior1	rw_positive_bias	run1	1.0	none	False	sub-154	computer	gamma	acceptance_bias	-0.3666348459207106
fit-rw_positive_bias-run1-prior1	rw_positive_bias	run1	1.0	none	False	sub-154	computer	f0	epsilon	-0.16776286323560216
fit-rw_positive_bias-run1-prior1	rw_positive_bias	run1	1.0	none	False	sub-154	computer	f0	acceptance_bias	0.4316012190624731
fit-rw_positive_bias-run1-prior1	rw_positive_bias	run1	1.0	none	False	sub-154	computer	epsilon	acceptance_bias	-0.22232702031454876
fit-rw_positive_bias-run1-prior1	rw_positive_bias	run1	1.0	none	False	sub-154	similar	alpha	gamma	-0.49438300889305203
fit-rw_positive_bias-run1-prior1	rw_positive_bias	run1	1.0	none	False	sub-154	similar	alpha	f0	-0.3747790465237125
fit-rw_positive_bias-run1-prior1	rw_positive_bias	run1	1.0	none	False	sub-154	similar	alpha	epsilon	0.02607328083791092
fit-rw_positive_bias-run1-prior1	rw_positive_bias	run1	1.0	none	False	sub-154	similar	alpha	acceptance_bias	0.3589624084855018
fit-rw_positive_bias-run1-prior1	rw_positive_bias	run1	1.0	none	False	sub-154	similar	gamma	f0	0.2368000204689069
fit-rw_positive_bias-run1-prior1	rw_positive_bias	run1	1.0	none	False	sub-154	similar	gamma	epsilon	0.09029013683964172
fit-rw_positive_bias-run1-prior1	rw_positive_bias	run1	1.0	none	False	sub-154	similar	gamma	acceptance_bias	-0.2047063345527369
fit-rw_positive_bias-run1-prior1	rw_positive_bias	run1	1.0	none	False	sub-154	similar	f0	epsilon	-0.2143063665722194
fit-rw_positive_bias-run1-prior1	rw_positive_bias	run1	1.0	none	False	sub-154	similar	f0	acceptance_bias	0.49154455871372815
fit-rw_positive_bias-run1-prior1	rw_positive_bias	run1	1.0	none	False	sub-154	similar	epsilon	acceptance_bias	-0.2306663407537495
fit-rw_positive_bias-run1-prior1	rw_positive_bias	run1	1.0	none	False	sub-154	dissimilar	alpha	gamma	-0.24950272993890402
fit-rw_positive_bias-run1-prior1	rw_positive_bias	run1	1.0	none	False	sub-154	dissimilar	alpha	f0	-0.44275181562741506
fit-rw_positive_bias-run1-prior1	rw_positive_bias	run1	1.0	none	False	sub-154	dissimilar	alpha	epsilon	0.018773532854356557
fit-rw_positive_bias-run1-prior1	rw_positive_bias	run1	1.0	none	False	sub-154	dissimilar	alpha	acceptance_bias	0.2953649360138528
fit-rw_positive_bias-run1-prior1	rw_positive_bias	run1	1.0	none	False	sub-154	dissimilar	gamma	f0	0.24900452798565956
fit-rw_positive_bias-run1-prior1	rw_positive_bias	run1	1.0	none	False	sub-154	dissimilar	gamma	epsilon	-0.03442465690060362
fit-rw_positive_bias-run1-prior1	rw_positive_bias	run1	1.0	none	False	sub-154	dissimilar	gamma	acceptance_bias	-0.020024581714547903
fit-rw_positive_bias-run1-prior1	rw_positive_bias	run1	1.0	none	False	sub-154	dissimilar	f0	epsilon	-0.22571870199084543
fit-rw_positive_bias-run1-prior1	rw_positive_bias	run1	1.0	none	False	sub-154	dissimilar	f0	acceptance_bias	0.4528879718328422
fit-rw_positive_bias-run1-prior1	rw_positive_bias	run1	1.0	none	False	sub-154	dissimilar	epsilon	acceptance_bias	-0.23688715020626328
fit-rw_positive_bias-run1-prior1	rw_positive_bias	run1	1.0	none	False	sub-155	computer	alpha	gamma	-0.17858924469500384
fit-rw_positive_bias-run1-prior1	rw_positive_bias	run1	1.0	none	False	sub-155	computer	alpha	f0	-0.5590586451942516
fit-rw_positive_bias-run1-prior1	rw_positive_bias	run1	1.0	none	False	sub-155	computer	alpha	epsilon	0.10009763632201601
fit-rw_positive_bias-run1-prior1	rw_positive_bias	run1	1.0	none	False	sub-155	computer	alpha	acceptance_bias	0.07450475087775975
fit-rw_positive_bias-run1-prior1	rw_positive_bias	run1	1.0	none	False	sub-155	computer	gamma	f0	0.2366260506073423
fit-rw_positive_bias-run1-prior1	rw_positive_bias	run1	1.0	none	False	sub-155	computer	gamma	epsilon	-0.03838829223554128
fit-rw_positive_bias-run1-prior1	rw_positive_bias	run1	1.0	none	False	sub-155	computer	gamma	acceptance_bias	0.003996991154986115
fit-rw_positive_bias-run1-prior1	rw_positive_bias	run1	1.0	none	False	sub-155	computer	f0	epsilon	-0.026089952014519923
fit-rw_positive_bias-run1-prior1	rw_positive_bias	run1	1.0	none	False	sub-155	computer	f0	acceptance_bias	0.0263459937841765
fit-rw_positive_bias-run1-prior1	rw_positive_bias	run1	1.0	none	False	sub-155	computer	epsilon	acceptance_bias	-0.023691954469106723
fit-rw_positive_bias-run1-prior1	rw_positive_bias	run1	1.0	none	False	sub-155	similar	alpha	gamma	-0.1294982201803196
fit-rw_positive_bias-run1-prior1	rw_positive_bias	run1	1.0	none	False	sub-155	similar	alpha	f0	-0.5171027867745158
fit-rw_positive_bias-run1-prior1	rw_positive_bias	run1	1.0	none	False	sub-155	similar	alpha	epsilon	0.10700854428194136
fit-rw_positive_bias-run1-prior1	rw_positive_bias	run1	1.0	none	False	sub-155	similar	alpha	acceptance_bias	0.05396989513238639
fit-rw_positive_bias-run1-prior1	rw_positive_bias	run1	1.0	none	False	sub-155	similar	gamma	f0	0.18433290212362355
fit-rw_positive_bias-run1-prior1	rw_positive_bias	run1	1.0	none	False	sub-155	similar	gamma	epsilon	-0.03739098150277043
fit-rw_positive_bias-run1-prior1	rw_positive_bias	run1	1.0	none	False	sub-155	similar	gamma	acceptance_bias	0.024117200292021895
fit-rw_positive_bias-run1-prior1	rw_positive_bias	run1	1.0	none	False	sub-155	similar	f0	epsilon	-0.024301668916365777
fit-rw_positive_bias-run1-prior1	rw_positive_bias	run1	1.0	none	False	sub-155	similar	f0	acceptance_bias	0.02773406531363512
fit-rw_positive_bias-run1-prior1	rw_positive_bias	run1	1.0	none	False	sub-155	similar	epsilon	acceptance_bias	-0.025173416247991534
fit-rw_positive_bias-run1-prior1	rw_positive_bias	run1	1.0	none	False	sub-155	dissimilar	alpha	gamma	-0.13449605914064244
fit-rw_positive_bias-run1-prior1	rw_positive_bias	run1	1.0	none	False	sub-155	dissimilar	alpha	f0	-0.5474282463018249
fit-rw_positive_bias-run1-prior1	rw_positive_bias	run1	1.0	none	False	sub-155	dissimilar	alpha	epsilon	0.10793367717205346
fit-rw_positive_bias-run1-prior1	rw_positive_bias	run1	1.0	none	False	sub-155	dissimilar	alpha	acceptance_bias	0.06399814785036151
fit-rw_positive_bias-run1-prior1	rw_positive_bias	run1	1.0	none	False	sub-155	dissimilar	gamma	f0	0.15554608735493905
fit-rw_positive_bias-run1-prior1	rw_positive_bias	run1	1.0	none	False	sub-155	dissimilar	gamma	epsilon	-0.029320751147262274
fit-rw_positive_bias-run1-prior1	rw_positive_bias	run1	1.0	none	False	sub-155	dissimilar	gamma	acceptance_bias	0.04120552957503366
fit-rw_positive_bias-run1-prior1	rw_positive_bias	run1	1.0	none	False	sub-155	dissimilar	f0	epsilon	-0.016725715238988435
fit-rw_positive_bias-run1-prior1	rw_positive_bias	run1	1.0	none	False	sub-155	dissimilar	f0	acceptance_bias	0.02360770171654853
fit-rw_positive_bias-run1-prior1	rw_positive_bias	run1	1.0	none	False	sub-155	dissimilar	epsilon	acceptance_bias	-0.01903569103154665
fit-rw_positive_bias-run1-prior1	rw_positive_bias	run1	1.0	none	False	sub-156	computer	alpha	gamma	-0.09156809087815287
fit-rw_positive_bias-run1-prior1	rw_positive_bias	run1	1.0	none	False	sub-156	computer	alpha	f0	-0.2993430838760404
fit-rw_positive_bias-run1-prior1	rw_positive_bias	run1	1.0	none	False	sub-156	computer	alpha	epsilon	-0.05187179124240006
fit-rw_positive_bias-run1-prior1	rw_positive_bias	run1	1.0	none	False	sub-156	computer	alpha	acceptance_bias	0.03285517691944667
fit-rw_positive_bias-run1-prior1	rw_positive_bias	run1	1.0	none	False	sub-156	computer	gamma	f0	-0.15433505850335238
fit-rw_positive_bias-run1-prior1	rw_positive_bias	run1	1.0	none	False	sub-156	computer	gamma	epsilon	-0.025215985368945513
fit-rw_positive_bias-run1-prior1	rw_positive_bias	run1	1.0	none	False	sub-156	computer	gamma	acceptance_bias	-0.35920354477417266
fit-rw_positive_bias-run1-prior1	rw_positive_bias	run1	1.0	none	False	sub-156	computer	f0	epsilon	0.33698216988081864
fit-rw_positive_bias-run1-prior1	rw_positive_bias	run1	1.0	none	False	sub-156	computer	f0	acceptance_bias	0.317992895082511
fit-rw_positive_bias-run1-prior1	rw_positive_bias	run1	1.0	none	False	sub-156	computer	epsilon	acceptance_bias	0.04449784976577368
fit-rw_positive_bias-run1-prior1	rw_positive_bias	run1	1.0	none	False	sub-156	similar	alpha	gamma	-0.0773306065507939
fit-rw_positive_bias-run1-prior1	rw_positive_bias	run1	1.0	none	False	sub-156	similar	alpha	f0	-0.2938391549690893
fit-rw_positive_bias-run1-prior1	rw_positive_bias	run1	1.0	none	False	sub-156	similar	alpha	epsilon	-0.032551727061286534
fit-rw_positive_bias-run1-prior1	rw_positive_bias	run1	1.0	none	False	sub-156	similar	alpha	acceptance_bias	0.04220217224217625
fit-rw_positive_bias-run1-prior1	rw_positive_bias	run1	1.0	none	False	sub-156	similar	gamma	f0	-0.1484280586516402
fit-rw_positive_bias-run1-prior1	rw_positive_bias	run1	1.0	none	False	sub-156	similar	gamma	epsilon	-0.03128170525563087
fit-rw_positive_bias-run1-prior1	rw_positive_bias	run1	1.0	none	False	sub-156	similar	gamma	acceptance_bias	-0.3098679934560369
fit-rw_positive_bias-run1-prior1	rw_positive_bias	run1	1.0	none	False	sub-156	similar	f0	epsilon	0.34082337122450157
fit-rw_positive_bias-run1-prior1	rw_positive_bias	run1	1.0	none	False	sub-156	similar	f0	acceptance_bias	0.33637366656558815
fit-rw_positive_bias-run1-prior1	rw_positive_bias	run1	1.0	none	False	sub-156	similar	epsilon	acceptance_bias	0.05153849742950476
fit-rw_positive_bias-run1-prior1	rw_positive_bias	run1	1.0	none	False	sub-156	dissimilar	alpha	gamma	-0.08458812651657026
fit-rw_positive_bias-run1-prior1	rw_positive_bias	run1	1.0	none	False	sub-156	dissimilar	alpha	f0	-0.30225074093114984
fit-rw_positive_bias-run1-prior1	rw_positive_bias	run1	1.0	none	False	sub-156	dissimilar	alpha	epsilon	-0.02777764408617589
fit-rw_positive_bias-run1-prior1	rw_positive_bias	run1	1.0	none	False	sub-156	dissimilar	alpha	acceptance_bias	0.04072153558581502
fit-rw_positive_bias-run1-prior1	rw_positive_bias	run1	1.0	none	False	sub-156	dissimilar	gamma	f0	-0.15041957241253115
fit-rw_positive_bias-run1-prior1	rw_positive_bias	run1	1.0	none	False	sub-156	dissimilar	gamma	epsilon	-0.03541606035008859
fit-rw_positive_bias-run1-prior1	rw_positive_bias	run1	1.0	none	False	sub-156	dissimilar	gamma	acceptance_bias	-0.34129636450513673
fit-rw_positive_bias-run1-prior1	rw_positive_bias	run1	1.0	none	False	sub-156	dissimilar	f0	epsilon	0.3448405795586673
fit-rw_positive_bias-run1-prior1	rw_positive_bias	run1	1.0	none	False	sub-156	dissimilar	f0	acceptance_bias	0.33091325275802086
fit-rw_positive_bias-run1-prior1	rw_positive_bias	run1	1.0	none	False	sub-156	dissimilar	epsilon	acceptance_bias	0.061154443561685215
fit-rw_positive_bias-run1-prior1	rw_positive_bias	run1	1.0	none	False	sub-157	computer	alpha	gamma	-0.4170348663452964
fit-rw_positive_bias-run1-prior1	rw_positive_bias	run1	1.0	none	False	sub-157	computer	alpha	f0	-0.4111682618630813
fit-rw_positive_bias-run1-prior1	rw_positive_bias	run1	1.0	none	False	sub-157	computer	alpha	epsilon	-0.011069045518116662
fit-rw_positive_bias-run1-prior1	rw_positive_bias	run1	1.0	none	False	sub-157	computer	alpha	acceptance_bias	0.23232852623237416
fit-rw_positive_bias-run1-prior1	rw_positive_bias	run1	1.0	none	False	sub-157	computer	gamma	f0	0.046575976748373424
fit-rw_positive_bias-run1-prior1	rw_positive_bias	run1	1.0	none	False	sub-157	computer	gamma	epsilon	0.06918615803357923
fit-rw_positive_bias-run1-prior1	rw_positive_bias	run1	1.0	none	False	sub-157	computer	gamma	acceptance_bias	-0.2382786422366076
fit-rw_positive_bias-run1-prior1	rw_positive_bias	run1	1.0	none	False	sub-157	computer	f0	epsilon	-0.06979996174490684
fit-rw_positive_bias-run1-prior1	rw_positive_bias	run1	1.0	none	False	sub-157	computer	f0	acceptance_bias	0.3358954099499889
fit-rw_positive_bias-run1-prior1	rw_positive_bias	run1	1.0	none	False	sub-157	computer	epsilon	acceptance_bias	-0.04879186038154596
fit-rw_positive_bias-run1-prior1	rw_positive_bias	run1	1.0	none	False	sub-157	similar	alpha	gamma	-0.44447658383407235
fit-rw_positive_bias-run1-prior1	rw_positive_bias	run1	1.0	none	False	sub-157	similar	alpha	f0	-0.43868955875536586
fit-rw_positive_bias-run1-prior1	rw_positive_bias	run1	1.0	none	False	sub-157	similar	alpha	epsilon	0.036408726602707435
fit-rw_positive_bias-run1-prior1	rw_positive_bias	run1	1.0	none	False	sub-157	similar	alpha	acceptance_bias	0.24824349257898579
fit-rw_positive_bias-run1-prior1	rw_positive_bias	run1	1.0	none	False	sub-157	similar	gamma	f0	0.28869397642401784
fit-rw_positive_bias-run1-prior1	rw_positive_bias	run1	1.0	none	False	sub-157	similar	gamma	epsilon	-0.009943361060616928
fit-rw_positive_bias-run1-prior1	rw_positive_bias	run1	1.0	none	False	sub-157	similar	gamma	acceptance_bias	-0.04021218987304457
fit-rw_positive_bias-run1-prior1	rw_positive_bias	run1	1.0	none	False	sub-157	similar	f0	epsilon	-0.2641427469406904
fit-rw_positive_bias-run1-prior1	rw_positive_bias	run1	1.0	none	False	sub-157	similar	f0	acceptance_bias	0.35003574558268247
fit-rw_positive_bias-run1-prior1	rw_positive_bias	run1	1.0	none	False	sub-157	similar	epsilon	acceptance_bias	-0.07761331611491613
fit-rw_positive_bias-run1-prior1	rw_positive_bias	run1	1.0	none	False	sub-157	dissimilar	alpha	gamma	-0.3180096486922625
fit-rw_positive_bias-run1-prior1	rw_positive_bias	run1	1.0	none	False	sub-157	dissimilar	alpha	f0	-0.47553536043050115
fit-rw_positive_bias-run1-prior1	rw_positive_bias	run1	1.0	none	False	sub-157	dissimilar	alpha	epsilon	0.1079361479998943
fit-rw_positive_bias-run1-prior1	rw_positive_bias	run1	1.0	none	False	sub-157	dissimilar	alpha	acceptance_bias	0.23399725478826006
fit-rw_positive_bias-run1-prior1	rw_positive_bias	run1	1.0	none	False	sub-157	dissimilar	gamma	f0	0.1492576383672234
fit-rw_positive_bias-run1-prior1	rw_positive_bias	run1	1.0	none	False	sub-157	dissimilar	gamma	epsilon	-0.003011233747741466
fit-rw_positive_bias-run1-prior1	rw_positive_bias	run1	1.0	none	False	sub-157	dissimilar	gamma	acceptance_bias	-0.057677723704480335
fit-rw_positive_bias-run1-prior1	rw_positive_bias	run1	1.0	none	False	sub-157	dissimilar	f0	epsilon	-0.3076244455882271
fit-rw_positive_bias-run1-prior1	rw_positive_bias	run1	1.0	none	False	sub-157	dissimilar	f0	acceptance_bias	0.3210059179828246
fit-rw_positive_bias-run1-prior1	rw_positive_bias	run1	1.0	none	False	sub-157	dissimilar	epsilon	acceptance_bias	-0.10273993582960854
fit-rw_positive_bias-run1-prior1	rw_positive_bias	run1	1.0	none	False	sub-158	computer	alpha	gamma	-0.37943644140268623
fit-rw_positive_bias-run1-prior1	rw_positive_bias	run1	1.0	none	False	sub-158	computer	alpha	f0	-0.5848718592237593
fit-rw_positive_bias-run1-prior1	rw_positive_bias	run1	1.0	none	False	sub-158	computer	alpha	epsilon	0.019013411818433665
fit-rw_positive_bias-run1-prior1	rw_positive_bias	run1	1.0	none	False	sub-158	computer	alpha	acceptance_bias	0.2241607990650462
fit-rw_positive_bias-run1-prior1	rw_positive_bias	run1	1.0	none	False	sub-158	computer	gamma	f0	0.3684642253337302
fit-rw_positive_bias-run1-prior1	rw_positive_bias	run1	1.0	none	False	sub-158	computer	gamma	epsilon	-0.07678091180466061
fit-rw_positive_bias-run1-prior1	rw_positive_bias	run1	1.0	none	False	sub-158	computer	gamma	acceptance_bias	-0.054641164516623326
fit-rw_positive_bias-run1-prior1	rw_positive_bias	run1	1.0	none	False	sub-158	computer	f0	epsilon	0.02822557269908565
fit-rw_positive_bias-run1-prior1	rw_positive_bias	run1	1.0	none	False	sub-158	computer	f0	acceptance_bias	0.26902547249078457
fit-rw_positive_bias-run1-prior1	rw_positive_bias	run1	1.0	none	False	sub-158	computer	epsilon	acceptance_bias	-0.14320371897008424
fit-rw_positive_bias-run1-prior1	rw_positive_bias	run1	1.0	none	False	sub-158	similar	alpha	gamma	-0.45314381718143903
fit-rw_positive_bias-run1-prior1	rw_positive_bias	run1	1.0	none	False	sub-158	similar	alpha	f0	-0.5693230525085331
fit-rw_positive_bias-run1-prior1	rw_positive_bias	run1	1.0	none	False	sub-158	similar	alpha	epsilon	0.055877041168334265
fit-rw_positive_bias-run1-prior1	rw_positive_bias	run1	1.0	none	False	sub-158	similar	alpha	acceptance_bias	0.20504087754411235
fit-rw_positive_bias-run1-prior1	rw_positive_bias	run1	1.0	none	False	sub-158	similar	gamma	f0	0.3653182482408378
fit-rw_positive_bias-run1-prior1	rw_positive_bias	run1	1.0	none	False	sub-158	similar	gamma	epsilon	-0.07281904576246383
fit-rw_positive_bias-run1-prior1	rw_positive_bias	run1	1.0	none	False	sub-158	similar	gamma	acceptance_bias	-0.2075462198382948
fit-rw_positive_bias-run1-prior1	rw_positive_bias	run1	1.0	none	False	sub-158	similar	f0	epsilon	0.006442286220919449
fit-rw_positive_bias-run1-prior1	rw_positive_bias	run1	1.0	none	False	sub-158	similar	f0	acceptance_bias	0.2845007918588273
fit-rw_positive_bias-run1-prior1	rw_positive_bias	run1	1.0	none	False	sub-158	similar	epsilon	acceptance_bias	-0.13667184429592616
fit-rw_positive_bias-run1-prior1	rw_positive_bias	run1	1.0	none	False	sub-158	dissimilar	alpha	gamma	-0.42146436556554
fit-rw_positive_bias-run1-prior1	rw_positive_bias	run1	1.0	none	False	sub-158	dissimilar	alpha	f0	-0.5924463425835433
fit-rw_positive_bias-run1-prior1	rw_positive_bias	run1	1.0	none	False	sub-158	dissimilar	alpha	epsilon	0.08851169237690745
fit-rw_positive_bias-run1-prior1	rw_positive_bias	run1	1.0	none	False	sub-158	dissimilar	alpha	acceptance_bias	0.20737913102499925
fit-rw_positive_bias-run1-prior1	rw_positive_bias	run1	1.0	none	False	sub-158	dissimilar	gamma	f0	0.3864195297085116
fit-rw_positive_bias-run1-prior1	rw_positive_bias	run1	1.0	none	False	sub-158	dissimilar	gamma	epsilon	-0.13253308233867506
fit-rw_positive_bias-run1-prior1	rw_positive_bias	run1	1.0	none	False	sub-158	dissimilar	gamma	acceptance_bias	-0.03611728674628279
fit-rw_positive_bias-run1-prior1	rw_positive_bias	run1	1.0	none	False	sub-158	dissimilar	f0	epsilon	0.020507538528180942
fit-rw_positive_bias-run1-prior1	rw_positive_bias	run1	1.0	none	False	sub-158	dissimilar	f0	acceptance_bias	0.2786904126486596
fit-rw_positive_bias-run1-prior1	rw_positive_bias	run1	1.0	none	False	sub-158	dissimilar	epsilon	acceptance_bias	-0.15733629971988708
fit-rw_positive_bias-run1-prior1	rw_positive_bias	run1	1.0	none	False	sub-159	computer	alpha	gamma	-0.3317592465953413
fit-rw_positive_bias-run1-prior1	rw_positive_bias	run1	1.0	none	False	sub-159	computer	alpha	f0	-0.5707999350508848
fit-rw_positive_bias-run1-prior1	rw_positive_bias	run1	1.0	none	False	sub-159	computer	alpha	epsilon	0.0028432008174714227
fit-rw_positive_bias-run1-prior1	rw_positive_bias	run1	1.0	none	False	sub-159	computer	alpha	acceptance_bias	0.23304732138866935
fit-rw_positive_bias-run1-prior1	rw_positive_bias	run1	1.0	none	False	sub-159	computer	gamma	f0	0.27647039584748484
fit-rw_positive_bias-run1-prior1	rw_positive_bias	run1	1.0	none	False	sub-159	computer	gamma	epsilon	-0.009620240975043739
fit-rw_positive_bias-run1-prior1	rw_positive_bias	run1	1.0	none	False	sub-159	computer	gamma	acceptance_bias	-0.20746867020940413
fit-rw_positive_bias-run1-prior1	rw_positive_bias	run1	1.0	none	False	sub-159	computer	f0	epsilon	-0.07761992917112963
fit-rw_positive_bias-run1-prior1	rw_positive_bias	run1	1.0	none	False	sub-159	computer	f0	acceptance_bias	0.2812295392591286
fit-rw_positive_bias-run1-prior1	rw_positive_bias	run1	1.0	none	False	sub-159	computer	epsilon	acceptance_bias	-0.1058255581082331
fit-rw_positive_bias-run1-prior1	rw_positive_bias	run1	1.0	none	False	sub-159	similar	alpha	gamma	-0.4935342603799496
fit-rw_positive_bias-run1-prior1	rw_positive_bias	run1	1.0	none	False	sub-159	similar	alpha	f0	-0.5369373365627834
fit-rw_positive_bias-run1-prior1	rw_positive_bias	run1	1.0	none	False	sub-159	similar	alpha	epsilon	-0.0018472189191151775
fit-rw_positive_bias-run1-prior1	rw_positive_bias	run1	1.0	none	False	sub-159	similar	alpha	acceptance_bias	0.2971312298609002
fit-rw_positive_bias-run1-prior1	rw_positive_bias	run1	1.0	none	False	sub-159	similar	gamma	f0	0.446887991839251
fit-rw_positive_bias-run1-prior1	rw_positive_bias	run1	1.0	none	False	sub-159	similar	gamma	epsilon	-0.025735135588611627
fit-rw_positive_bias-run1-prior1	rw_positive_bias	run1	1.0	none	False	sub-159	similar	gamma	acceptance_bias	-0.06658212266949766
fit-rw_positive_bias-run1-prior1	rw_positive_bias	run1	1.0	none	False	sub-159	similar	f0	epsilon	-0.11704396385755138
fit-rw_positive_bias-run1-prior1	rw_positive_bias	run1	1.0	none	False	sub-159	similar	f0	acceptance_bias	0.3405265672494838
fit-rw_positive_bias-run1-prior1	rw_positive_bias	run1	1.0	none	False	sub-159	similar	epsilon	acceptance_bias	-0.12379405297008807
fit-rw_positive_bias-run1-prior1	rw_positive_bias	run1	1.0	none	False	sub-159	dissimilar	alpha	gamma	-0.3369450832679258
fit-rw_positive_bias-run1-prior1	rw_positive_bias	run1	1.0	none	False	sub-159	dissimilar	alpha	f0	-0.614030490009971
fit-rw_positive_bias-run1-prior1	rw_positive_bias	run1	1.0	none	False	sub-159	dissimilar	alpha	epsilon	0.015557642411000274
fit-rw_positive_bias-run1-prior1	rw_positive_bias	run1	1.0	none	False	sub-159	dissimilar	alpha	acceptance_bias	0.22966612069165596
fit-rw_positive_bias-run1-prior1	rw_positive_bias	run1	1.0	none	False	sub-159	dissimilar	gamma	f0	0.324066538363172
fit-rw_positive_bias-run1-prior1	rw_positive_bias	run1	1.0	none	False	sub-159	dissimilar	gamma	epsilon	-0.05662298382196292
fit-rw_positive_bias-run1-prior1	rw_positive_bias	run1	1.0	none	False	sub-159	dissimilar	gamma	acceptance_bias	-0.06881722774382583
fit-rw_positive_bias-run1-prior1	rw_positive_bias	run1	1.0	none	False	sub-159	dissimilar	f0	epsilon	-0.11308809466834271
fit-rw_positive_bias-run1-prior1	rw_positive_bias	run1	1.0	none	False	sub-159	dissimilar	f0	acceptance_bias	0.2895980147509202
fit-rw_positive_bias-run1-prior1	rw_positive_bias	run1	1.0	none	False	sub-159	dissimilar	epsilon	acceptance_bias	-0.11404942020078986
