job	model	stage	prior_scale	age_mode	inference_eligible	contrast	subject	parameter	mean	sd	q025	median	q975
fit-rw_positive_bias-full-prior1	rw_positive_bias	full	1.0	none	False	similar_minus_dissimilar	sub-104	alpha	-0.02337264657097777	0.4056068758358245	-0.78535983871975	-0.010621650449500017	0.6818288387594994
fit-rw_positive_bias-full-prior1	rw_positive_bias	full	1.0	none	False	similar_minus_dissimilar	sub-105	alpha	0.02840711432556796	0.3639914226257793	-0.6542641145447503	0.01432275332150007	0.7614738196847493
fit-rw_positive_bias-full-prior1	rw_positive_bias	full	1.0	none	False	similar_minus_dissimilar	sub-106	alpha	-0.010118911433295878	1.6248691631438836	-2.323476649398	-0.008519888669499986	2.3288821543407465
fit-rw_positive_bias-full-prior1	rw_positive_bias	full	1.0	none	False	similar_minus_dissimilar	sub-107	alpha	-0.13857484546736099	0.6251090338009594	-1.57889028169075	-0.08300721498500008	0.9168536149997457
fit-rw_positive_bias-full-prior1	rw_positive_bias	full	1.0	none	False	similar_minus_dissimilar	sub-108	alpha	-0.22734515434789834	0.9573076582490623	-2.3328578552085	-0.12658893785300002	1.333389952977247
fit-rw_positive_bias-full-prior1	rw_positive_bias	full	1.0	none	False	similar_minus_dissimilar	sub-109	alpha	-0.04544784339775692	0.9894763751055705	-1.7589678491167509	-0.027200789639499956	1.6360492180762498
fit-rw_positive_bias-full-prior1	rw_positive_bias	full	1.0	none	False	similar_minus_dissimilar	sub-110	alpha	0.011163988867244458	0.35396544911573385	-0.7093237419630001	0.009430838945000075	0.7476835180117478
fit-rw_positive_bias-full-prior1	rw_positive_bias	full	1.0	none	False	similar_minus_dissimilar	sub-111	alpha	0.052006942764711996	0.39874460015136376	-0.694103735876	0.03978102239500003	0.8804468472757745
fit-rw_positive_bias-full-prior1	rw_positive_bias	full	1.0	none	False	similar_minus_dissimilar	sub-112	alpha	-0.04389213159884283	0.706164493838639	-1.3435977716012504	-0.05194743206500019	1.3325838053484902
fit-rw_positive_bias-full-prior1	rw_positive_bias	full	1.0	none	False	similar_minus_dissimilar	sub-113	alpha	-0.03129285566624583	3.0415378898808854	-1.3606228573574997	-0.00016372367000005994	1.3390778625277477
fit-rw_positive_bias-full-prior1	rw_positive_bias	full	1.0	none	False	similar_minus_dissimilar	sub-115	alpha	-0.012305764895727942	0.3715702511365673	-0.7199174823847498	-0.005556339157500034	0.6819572675564963
fit-rw_positive_bias-full-prior1	rw_positive_bias	full	1.0	none	False	similar_minus_dissimilar	sub-116	alpha	-0.03060969639624263	0.923537410915591	-1.7432824128957496	-0.033253460793999934	1.7294972816622471
fit-rw_positive_bias-full-prior1	rw_positive_bias	full	1.0	none	False	similar_minus_dissimilar	sub-117	alpha	-0.020249858679940235	1.3654535905465632	-1.1348113991509998	-0.015200545683	1.2038824248004965
fit-rw_positive_bias-full-prior1	rw_positive_bias	full	1.0	none	False	similar_minus_dissimilar	sub-118	alpha	-0.07904821043031592	0.4420529050697799	-1.0450363766392503	-0.05932314035499997	0.7686301098099991
fit-rw_positive_bias-full-prior1	rw_positive_bias	full	1.0	none	False	similar_minus_dissimilar	sub-121	alpha	-0.046206678937811024	0.40706136690112776	-0.9227136339902501	-0.026794841178500006	0.71841854922925
fit-rw_positive_bias-full-prior1	rw_positive_bias	full	1.0	none	False	similar_minus_dissimilar	sub-122	alpha	-0.047060466053571115	0.33702696412793953	-0.7606908675087501	-0.0240077011195	0.5720414399424992
fit-rw_positive_bias-full-prior1	rw_positive_bias	full	1.0	none	False	similar_minus_dissimilar	sub-124	alpha	0.050413442889450814	1.5959319092584372	-1.8634993038970002	0.005272052776999936	2.360359884666249
fit-rw_positive_bias-full-prior1	rw_positive_bias	full	1.0	none	False	similar_minus_dissimilar	sub-125	alpha	-0.008504597585062132	0.5844145505934725	-1.1177046635072505	-0.02213868539000008	1.1775832090004972
fit-rw_positive_bias-full-prior1	rw_positive_bias	full	1.0	none	False	similar_minus_dissimilar	sub-126	alpha	-0.02298834329468792	0.382930043484101	-0.7667080005420001	-0.009363536524999994	0.6694380843289993
fit-rw_positive_bias-full-prior1	rw_positive_bias	full	1.0	none	False	similar_minus_dissimilar	sub-127	alpha	0.12947902199099484	0.8580429177358504	-1.303635964689001	0.05226204353000008	2.0405850033859934
fit-rw_positive_bias-full-prior1	rw_positive_bias	full	1.0	none	False	similar_minus_dissimilar	sub-128	alpha	-0.08039576646690916	2.4652165661513163	-3.3125627768729995	-0.14146351619499997	3.3928685443124977
fit-rw_positive_bias-full-prior1	rw_positive_bias	full	1.0	none	False	similar_minus_dissimilar	sub-129	alpha	-0.06758830212424283	0.9571985138549755	-1.8990695530257484	-0.055322429765499836	1.7404019964732427
fit-rw_positive_bias-full-prior1	rw_positive_bias	full	1.0	none	False	similar_minus_dissimilar	sub-130	alpha	-0.023882184217410368	0.3704890773873372	-0.7537000226872502	-0.013099286733000023	0.6509434287714996
fit-rw_positive_bias-full-prior1	rw_positive_bias	full	1.0	none	False	similar_minus_dissimilar	sub-132	alpha	-0.020314160860384105	0.5148371221155432	-0.7390099570402504	-0.009651233771000023	0.6370515289022495
fit-rw_positive_bias-full-prior1	rw_positive_bias	full	1.0	none	False	similar_minus_dissimilar	sub-133	alpha	-0.02312356799707421	0.31918164708402846	-0.7059609345472501	-0.011463967691499988	0.5991453424294996
fit-rw_positive_bias-full-prior1	rw_positive_bias	full	1.0	none	False	similar_minus_dissimilar	sub-134	alpha	0.02741892157150456	0.7765850815416678	-1.2812647865957503	-0.008909617007999804	1.6361367115377448
fit-rw_positive_bias-full-prior1	rw_positive_bias	full	1.0	none	False	similar_minus_dissimilar	sub-135	alpha	0.08255421739312685	0.5730794544402501	-0.8871561156287502	0.03321865211499997	1.3429964454532497
fit-rw_positive_bias-full-prior1	rw_positive_bias	full	1.0	none	False	similar_minus_dissimilar	sub-136	alpha	0.016608586345777256	0.3504954032843679	-0.67821370464475	0.009246790166499985	0.7389961261434993
fit-rw_positive_bias-full-prior1	rw_positive_bias	full	1.0	none	False	similar_minus_dissimilar	sub-137	alpha	-0.14873227863221472	0.7343329426815588	-1.6716114574262502	-0.09064197911899996	1.0520834630387499
fit-rw_positive_bias-full-prior1	rw_positive_bias	full	1.0	none	False	similar_minus_dissimilar	sub-138	alpha	-0.01125560669787569	0.3675862117374937	-0.7399099550665	-0.01194477212099998	0.7237772614424974
fit-rw_positive_bias-full-prior1	rw_positive_bias	full	1.0	none	False	similar_minus_dissimilar	sub-140	alpha	-0.028758979376196554	0.3294481104621327	-0.711383860056	-0.017304244949499947	0.5864147013222499
fit-rw_positive_bias-full-prior1	rw_positive_bias	full	1.0	none	False	similar_minus_dissimilar	sub-141	alpha	-0.02501545169383839	0.41085473880229695	-0.7845547388472498	-0.011781326310000007	0.6836039233324986
fit-rw_positive_bias-full-prior1	rw_positive_bias	full	1.0	none	False	similar_minus_dissimilar	sub-142	alpha	-0.0076486016009510265	0.32444389062509643	-0.6616063496092496	-0.005059976044500092	0.6505262883487497
fit-rw_positive_bias-full-prior1	rw_positive_bias	full	1.0	none	False	similar_minus_dissimilar	sub-143	alpha	-0.06249612606714186	0.3941690815744983	-0.8964507412662501	-0.03917403189350002	0.6678185199572494
fit-rw_positive_bias-full-prior1	rw_positive_bias	full	1.0	none	False	similar_minus_dissimilar	sub-144	alpha	-0.040934646397432675	1.225339347040152	-2.022761831687	-0.08324635777900008	2.2330499407367337
fit-rw_positive_bias-full-prior1	rw_positive_bias	full	1.0	none	False	similar_minus_dissimilar	sub-147	alpha	0.08824165571127954	1.0187809007784012	-1.725102662833251	0.015129494074999972	2.319613578065249
fit-rw_positive_bias-full-prior1	rw_positive_bias	full	1.0	none	False	similar_minus_dissimilar	sub-149	alpha	-0.03710711973569657	0.9583028611847272	-1.3264596528075008	-0.03867908683400001	1.3345958589432503
fit-rw_positive_bias-full-prior1	rw_positive_bias	full	1.0	none	False	similar_minus_dissimilar	sub-150	alpha	-0.05864339417756404	0.334373579251929	-0.78278640023575	-0.039149084749999896	0.5635450625537497
fit-rw_positive_bias-full-prior1	rw_positive_bias	full	1.0	none	False	similar_minus_dissimilar	sub-151	alpha	0.010595473903577379	0.580609220063668	-1.1003805518599996	0.012638623769000018	1.1379683980334974
fit-rw_positive_bias-full-prior1	rw_positive_bias	full	1.0	none	False	similar_minus_dissimilar	sub-152	alpha	-0.0262571338190167	0.3830444141805773	-0.7783315034682501	-0.013641307175500016	0.6772054003299985
fit-rw_positive_bias-full-prior1	rw_positive_bias	full	1.0	none	False	similar_minus_dissimilar	sub-153	alpha	-0.08224441297026296	0.5792893761368829	-1.2149576629492502	-0.0620289454015	0.9684819652774971
fit-rw_positive_bias-full-prior1	rw_positive_bias	full	1.0	none	False	similar_minus_dissimilar	sub-154	alpha	-0.08001652781434275	0.5135056952536278	-1.18206863317225	-0.047478352705000004	0.8199892060787497
fit-rw_positive_bias-full-prior1	rw_positive_bias	full	1.0	none	False	similar_minus_dissimilar	sub-155	alpha	0.019950038675623453	2.6346511012819813	-3.09778823362125	-0.030922797975000083	3.596561210484997
fit-rw_positive_bias-full-prior1	rw_positive_bias	full	1.0	none	False	similar_minus_dissimilar	sub-156	alpha	-0.025213817481014866	0.3636155603739278	-0.7601143794299999	-0.0104403201745	0.6626478284054975
fit-rw_positive_bias-full-prior1	rw_positive_bias	full	1.0	none	False	similar_minus_dissimilar	sub-157	alpha	-0.06836255873507228	0.5145147019939206	-1.1233103424524995	-0.05557726582899997	0.9317587084417498
fit-rw_positive_bias-full-prior1	rw_positive_bias	full	1.0	none	False	similar_minus_dissimilar	sub-158	alpha	-0.08870641527148193	0.5017606192669751	-1.1709654383552501	-0.07314627112499994	0.8687660286994993
fit-rw_positive_bias-full-prior1	rw_positive_bias	full	1.0	none	False	similar_minus_dissimilar	sub-159	alpha	-0.06848985387193483	0.49764877647836403	-1.1255190459602493	-0.045803245170000007	0.8529069579382497
fit-rw_positive_bias-full-prior1	rw_positive_bias	full	1.0	none	False	similar_minus_dissimilar	sample_mean	alpha	-0.02862479800691355	0.40359474916371	-0.8103274406329312	-0.03696066815061702	0.7902096636025214
fit-rw_positive_bias-full-prior1	rw_positive_bias	full	1.0	none	False	similar_minus_dissimilar	sub-104	gamma	0.04098648026243935	1.3928969518365666	-1.9338724719012494	0.011754176276500022	2.2050599019917487
fit-rw_positive_bias-full-prior1	rw_positive_bias	full	1.0	none	False	similar_minus_dissimilar	sub-105	gamma	-0.22286545101936736	0.3566429894895595	-1.0610521753951498	-0.15138834809150004	0.30650265377604985
fit-rw_positive_bias-full-prior1	rw_positive_bias	full	1.0	none	False	similar_minus_dissimilar	sub-106	gamma	0.9281813749314954	1.1164710576473604	-0.17332024546727487	0.6266736018915	3.741803440999197
fit-rw_positive_bias-full-prior1	rw_positive_bias	full	1.0	none	False	similar_minus_dissimilar	sub-107	gamma	0.2729400416072232	0.21463619881289323	-0.11217411286097506	0.25914823539799997	0.7311878153895242
fit-rw_positive_bias-full-prior1	rw_positive_bias	full	1.0	none	False	similar_minus_dissimilar	sub-108	gamma	-0.31423059800606346	0.21437795820472677	-0.8393718412440251	-0.274590124521	-0.01599141348920026
fit-rw_positive_bias-full-prior1	rw_positive_bias	full	1.0	none	False	similar_minus_dissimilar	sub-109	gamma	-0.11394442650886659	0.7079595647040146	-1.6871341618211249	-0.069778831501	1.242093057430575
fit-rw_positive_bias-full-prior1	rw_positive_bias	full	1.0	none	False	similar_minus_dissimilar	sub-110	gamma	0.1829716354175511	0.22748625950387588	-0.24266024600425	0.158790179536	0.7060678940818985
fit-rw_positive_bias-full-prior1	rw_positive_bias	full	1.0	none	False	similar_minus_dissimilar	sub-111	gamma	0.7388057285641444	0.6784948772150797	-0.13049181555529998	0.588736893995	2.488965024482497
fit-rw_positive_bias-full-prior1	rw_positive_bias	full	1.0	none	False	similar_minus_dissimilar	sub-112	gamma	-0.028866713864598118	0.8813124313617817	-1.8459672977011252	-0.015904656865499994	1.7118846834347987
fit-rw_positive_bias-full-prior1	rw_positive_bias	full	1.0	none	False	similar_minus_dissimilar	sub-113	gamma	-0.2656183035862122	0.47680573511210145	-1.4247896930692499	-0.191655117052	0.4871039075900247
fit-rw_positive_bias-full-prior1	rw_positive_bias	full	1.0	none	False	similar_minus_dissimilar	sub-115	gamma	-0.018463697252154007	0.05720145159950324	-0.14478994783105	-0.012524731238500002	0.08432720221369232
fit-rw_positive_bias-full-prior1	rw_positive_bias	full	1.0	none	False	similar_minus_dissimilar	sub-116	gamma	0.1065361677710971	1.4768059206430983	-2.6587635059297505	0.0659430133330001	3.0883267492394935
fit-rw_positive_bias-full-prior1	rw_positive_bias	full	1.0	none	False	similar_minus_dissimilar	sub-117	gamma	0.23152871105050846	2.0513563759462334	-3.4881823954984985	0.10669065512499998	4.50522998199349
fit-rw_positive_bias-full-prior1	rw_positive_bias	full	1.0	none	False	similar_minus_dissimilar	sub-118	gamma	-0.08854381468762974	0.07196236824686171	-0.25542077468895	-0.07813100496875	0.025818566533524916
fit-rw_positive_bias-full-prior1	rw_positive_bias	full	1.0	none	False	similar_minus_dissimilar	sub-121	gamma	0.011318274128348363	0.29069550325275145	-0.585102223810775	0.006133592994500003	0.6258384988951738
fit-rw_positive_bias-full-prior1	rw_positive_bias	full	1.0	none	False	similar_minus_dissimilar	sub-122	gamma	0.07961519657937237	0.4048610891921763	-0.495914797843725	-0.01348206239950002	1.146229840230924
fit-rw_positive_bias-full-prior1	rw_positive_bias	full	1.0	none	False	similar_minus_dissimilar	sub-124	gamma	1.1190343620150598	4.935862268928559	-7.12052396927775	0.7441966490599999	10.887350845637204
fit-rw_positive_bias-full-prior1	rw_positive_bias	full	1.0	none	False	similar_minus_dissimilar	sub-125	gamma	0.0063841113718622585	0.11873291121224798	-0.23676495422275	0.008494292867000014	0.24045357717744986
fit-rw_positive_bias-full-prior1	rw_positive_bias	full	1.0	none	False	similar_minus_dissimilar	sub-126	gamma	0.05281138225460237	1.3798481833386766	-1.9431291118846	0.019643231999500018	2.1634612410003733
fit-rw_positive_bias-full-prior1	rw_positive_bias	full	1.0	none	False	similar_minus_dissimilar	sub-127	gamma	1.549325216544558	1.7558109564588078	-0.12661077356924982	1.0702358704305	6.081184845360983
fit-rw_positive_bias-full-prior1	rw_positive_bias	full	1.0	none	False	similar_minus_dissimilar	sub-128	gamma	0.10272608150681628	3.5607241635696703	-6.77349605275125	0.08779473899000012	6.860448510787489
fit-rw_positive_bias-full-prior1	rw_positive_bias	full	1.0	none	False	similar_minus_dissimilar	sub-129	gamma	0.330269895172587	0.4496470056051977	-0.27918304874987504	0.23890557356499997	1.4475308990805695
fit-rw_positive_bias-full-prior1	rw_positive_bias	full	1.0	none	False	similar_minus_dissimilar	sub-130	gamma	0.011354365352736923	0.2703649836580054	-0.52718000683195	0.006203814032500005	0.5809194361206499
fit-rw_positive_bias-full-prior1	rw_positive_bias	full	1.0	none	False	similar_minus_dissimilar	sub-132	gamma	0.024699470045169987	1.0304713371221201	-1.8714280985672498	0.012657354918500008	1.9222092128029984
fit-rw_positive_bias-full-prior1	rw_positive_bias	full	1.0	none	False	similar_minus_dissimilar	sub-133	gamma	0.03175909622222352	0.9822746457802385	-1.5638237697652497	0.01777623603599998	1.714126627111244
fit-rw_positive_bias-full-prior1	rw_positive_bias	full	1.0	none	False	similar_minus_dissimilar	sub-134	gamma	0.36380004526070303	0.5809553889218225	-0.5633337226280999	0.26695255689799996	1.7708838678358902
fit-rw_positive_bias-full-prior1	rw_positive_bias	full	1.0	none	False	similar_minus_dissimilar	sub-135	gamma	0.5691565394992587	0.5034470151285587	0.044452295816725	0.43772403950429994	1.8627293964972225
fit-rw_positive_bias-full-prior1	rw_positive_bias	full	1.0	none	False	similar_minus_dissimilar	sub-136	gamma	0.4853037916993382	0.4145434129307956	-0.06665403868777497	0.393105013354	1.5396294314154497
fit-rw_positive_bias-full-prior1	rw_positive_bias	full	1.0	none	False	similar_minus_dissimilar	sub-137	gamma	-1.1971042878488445	1.2081044549155715	-4.3471374524892745	-0.87585767347	0.07977041354802496
fit-rw_positive_bias-full-prior1	rw_positive_bias	full	1.0	none	False	similar_minus_dissimilar	sub-138	gamma	-0.0847552938689131	0.15436870462938992	-0.4261311150651251	-0.07159172792149998	0.18959503795397487
fit-rw_positive_bias-full-prior1	rw_positive_bias	full	1.0	none	False	similar_minus_dissimilar	sub-140	gamma	0.18073865459242097	0.17872515262975194	-0.09542572145807501	0.15197355370499996	0.6003204756522996
fit-rw_positive_bias-full-prior1	rw_positive_bias	full	1.0	none	False	similar_minus_dissimilar	sub-141	gamma	0.011024735205326784	0.24489686235847982	-0.482971877329675	0.005947894896999983	0.5255328743258985
fit-rw_positive_bias-full-prior1	rw_positive_bias	full	1.0	none	False	similar_minus_dissimilar	sub-142	gamma	0.4464466379659578	1.1522332330917417	-0.663506877212775	0.22371913305000002	2.7391159171126698
fit-rw_positive_bias-full-prior1	rw_positive_bias	full	1.0	none	False	similar_minus_dissimilar	sub-143	gamma	-0.18623270578108359	0.5098907290899696	-1.241881909978725	-0.17504123547800005	0.9450491366407451
fit-rw_positive_bias-full-prior1	rw_positive_bias	full	1.0	none	False	similar_minus_dissimilar	sub-144	gamma	0.8098379498285345	2.1213548086174354	-2.0877676274597494	0.45182868897150025	5.534615988596987
fit-rw_positive_bias-full-prior1	rw_positive_bias	full	1.0	none	False	similar_minus_dissimilar	sub-147	gamma	-0.0840392985677765	0.24053418612300964	-0.6904148575808251	-0.03493149513799998	0.2775570676052248
fit-rw_positive_bias-full-prior1	rw_positive_bias	full	1.0	none	False	similar_minus_dissimilar	sub-149	gamma	0.6689307848892064	3.204840420211203	-4.110167353684	0.1865017184749993	7.836028851039727
fit-rw_positive_bias-full-prior1	rw_positive_bias	full	1.0	none	False	similar_minus_dissimilar	sub-150	gamma	-0.745620643688952	0.6309385386296608	-2.3895993146338745	-0.5821516472985	-0.015385626889100055
fit-rw_positive_bias-full-prior1	rw_positive_bias	full	1.0	none	False	similar_minus_dissimilar	sub-151	gamma	-0.1638548128457771	0.6779803889435282	-1.81668512097575	-0.06588679164700006	0.9202807577065251
fit-rw_positive_bias-full-prior1	rw_positive_bias	full	1.0	none	False	similar_minus_dissimilar	sub-152	gamma	0.010430243544852601	0.42564795610531103	-0.8586749783179999	0.00550790021850002	0.9055282442193249
fit-rw_positive_bias-full-prior1	rw_positive_bias	full	1.0	none	False	similar_minus_dissimilar	sub-153	gamma	0.33364435668945097	0.7978720387143383	-0.9252563690569751	0.21534674109099994	2.195697202022246
fit-rw_positive_bias-full-prior1	rw_positive_bias	full	1.0	none	False	similar_minus_dissimilar	sub-154	gamma	-0.5366371967870484	0.43108711720088594	-1.625679612035275	-0.43551316344299995	-0.013954270192425058
fit-rw_positive_bias-full-prior1	rw_positive_bias	full	1.0	none	False	similar_minus_dissimilar	sub-155	gamma	0.3126616186811147	3.8673550980191984	-5.93460803165325	0.16890920743700005	7.3015566464662465
fit-rw_positive_bias-full-prior1	rw_positive_bias	full	1.0	none	False	similar_minus_dissimilar	sub-156	gamma	0.05373048775321717	1.720242343203623	-1.96560009099075	0.012603486019800013	2.264457946936492
fit-rw_positive_bias-full-prior1	rw_positive_bias	full	1.0	none	False	similar_minus_dissimilar	sub-157	gamma	-0.058580417225777656	0.3049395547484944	-0.6878917283943	-0.057704792635	0.5654866897383748
fit-rw_positive_bias-full-prior1	rw_positive_bias	full	1.0	none	False	similar_minus_dissimilar	sub-158	gamma	-0.048358311588501124	0.32896150941598756	-0.7327182827847251	-0.04651043560399998	0.624004681012349
fit-rw_positive_bias-full-prior1	rw_positive_bias	full	1.0	none	False	similar_minus_dissimilar	sub-159	gamma	-0.4687554191399033	0.36249831628183515	-1.404025427590375	-0.38906710837299996	-0.005121040893100745
fit-rw_positive_bias-full-prior1	rw_positive_bias	full	1.0	none	False	similar_minus_dissimilar	sample_mean	gamma	0.11575493710935553	0.2597080862391393	-0.3303648320758642	0.09347838097323086	0.6887058677676504
fit-rw_positive_bias-full-prior1	rw_positive_bias	full	1.0	none	False	similar_minus_dissimilar	sub-104	f0	-0.02577895180266225	0.39662886284713916	-0.8357860504912503	-0.025332546174500037	0.8521829822867474
fit-rw_positive_bias-full-prior1	rw_positive_bias	full	1.0	none	False	similar_minus_dissimilar	sub-105	f0	0.021471161400244625	0.6311096266720758	-1.1104284081642501	-0.031704530270000086	1.4231232714092485
fit-rw_positive_bias-full-prior1	rw_positive_bias	full	1.0	none	False	similar_minus_dissimilar	sub-106	f0	-0.0052808902290758354	0.5972241707126642	-1.155978610347501	-0.026164649090000047	1.2089233352017505
fit-rw_positive_bias-full-prior1	rw_positive_bias	full	1.0	none	False	similar_minus_dissimilar	sub-107	f0	-0.06070414083266092	0.6305353147707246	-1.2749621760640009	-0.08517172258499972	1.2493982824014982
fit-rw_positive_bias-full-prior1	rw_positive_bias	full	1.0	none	False	similar_minus_dissimilar	sub-108	f0	-0.19728917724790665	0.6198524382272009	-1.5517033955104997	-0.18484946771499944	1.011114756686747
fit-rw_positive_bias-full-prior1	rw_positive_bias	full	1.0	none	False	similar_minus_dissimilar	sub-109	f0	-0.012653458894404385	0.26839177575934925	-0.5249494262762499	-0.025753879420000014	0.5552210177652491
fit-rw_positive_bias-full-prior1	rw_positive_bias	full	1.0	none	False	similar_minus_dissimilar	sub-110	f0	0.02637258792278334	0.6230966641631539	-1.0795044688275004	-0.031108925550000777	1.4216818977032477
fit-rw_positive_bias-full-prior1	rw_positive_bias	full	1.0	none	False	similar_minus_dissimilar	sub-111	f0	0.011610547647229578	0.5350223370139344	-0.9752841275975009	-0.03263013945000015	1.1916315457024986
fit-rw_positive_bias-full-prior1	rw_positive_bias	full	1.0	none	False	similar_minus_dissimilar	sub-112	f0	-0.01167038403034157	0.361320427701377	-0.6957793569157502	-0.031669757004999965	0.7816432736362485
fit-rw_positive_bias-full-prior1	rw_positive_bias	full	1.0	none	False	similar_minus_dissimilar	sub-113	f0	0.05147238188590459	0.6045244986224432	-1.0376770972877507	-0.0043311385300000005	1.41175669401975
fit-rw_positive_bias-full-prior1	rw_positive_bias	full	1.0	none	False	similar_minus_dissimilar	sub-115	f0	-0.017815625279104037	0.49855015029465133	-0.9777795849055	-0.03154630200000064	1.1208003048512476
fit-rw_positive_bias-full-prior1	rw_positive_bias	full	1.0	none	False	similar_minus_dissimilar	sub-116	f0	-0.05650593110000917	0.5296887402412793	-1.0747272409882502	-0.07351747358000082	1.0493343521357479
fit-rw_positive_bias-full-prior1	rw_positive_bias	full	1.0	none	False	similar_minus_dissimilar	sub-117	f0	-0.027837851744259626	0.4267827539566012	-0.8570576202489999	-0.04725654052500006	0.9213627105517487
fit-rw_positive_bias-full-prior1	rw_positive_bias	full	1.0	none	False	similar_minus_dissimilar	sub-118	f0	-0.04281493762805651	0.4963333127469588	-1.0404710882450001	-0.05141846824999963	1.0152575415274983
fit-rw_positive_bias-full-prior1	rw_positive_bias	full	1.0	none	False	similar_minus_dissimilar	sub-121	f0	-0.03113962385684926	0.5879187616295235	-1.1292870816964997	-0.06647795334499929	1.2585376365294996
fit-rw_positive_bias-full-prior1	rw_positive_bias	full	1.0	none	False	similar_minus_dissimilar	sub-122	f0	-0.07977919777524145	0.5018293859001633	-1.1315035387385006	-0.05782694204500016	0.967722440256998
fit-rw_positive_bias-full-prior1	rw_positive_bias	full	1.0	none	False	similar_minus_dissimilar	sub-124	f0	0.01624293868371854	0.21268332261056694	-0.3643690077307501	-0.002306307855000078	0.49529665107924875
fit-rw_positive_bias-full-prior1	rw_positive_bias	full	1.0	none	False	similar_minus_dissimilar	sub-125	f0	-0.05563909470911742	0.5994226303562927	-1.2159034084747502	-0.0771328002999998	1.1991969308614996
fit-rw_positive_bias-full-prior1	rw_positive_bias	full	1.0	none	False	similar_minus_dissimilar	sub-126	f0	-0.02487247507236346	0.4066130349613747	-0.8613509156282496	-0.026564045719999818	0.8666872928297484
fit-rw_positive_bias-full-prior1	rw_positive_bias	full	1.0	none	False	similar_minus_dissimilar	sub-127	f0	0.076637810253725	0.5878769359983006	-0.9700580482259994	0.02041863669999966	1.3634364702
fit-rw_positive_bias-full-prior1	rw_positive_bias	full	1.0	none	False	similar_minus_dissimilar	sub-128	f0	-0.19485257917102164	0.4679210631137485	-1.0953302483750014	-0.20648942565000006	0.7620071727099997
fit-rw_positive_bias-full-prior1	rw_positive_bias	full	1.0	none	False	similar_minus_dissimilar	sub-129	f0	-0.1076635460529884	0.5139402618085558	-1.1561741613739998	-0.11601852018499992	0.9403668201372486
fit-rw_positive_bias-full-prior1	rw_positive_bias	full	1.0	none	False	similar_minus_dissimilar	sub-130	f0	-0.028550743111001902	0.44676029753481056	-0.9390692172744998	-0.03140492706949999	0.9486370172049998
fit-rw_positive_bias-full-prior1	rw_positive_bias	full	1.0	none	False	similar_minus_dissimilar	sub-132	f0	-0.029009921735530155	0.41963919241661646	-0.8955011935265005	-0.02871149474000001	0.8940425796427474
fit-rw_positive_bias-full-prior1	rw_positive_bias	full	1.0	none	False	similar_minus_dissimilar	sub-133	f0	-0.01920158348151402	0.5364949148192518	-1.0561569022567499	-0.04397819759599997	1.1565635113472477
fit-rw_positive_bias-full-prior1	rw_positive_bias	full	1.0	none	False	similar_minus_dissimilar	sub-134	f0	-0.018322544800819518	0.3215276561435275	-0.65615854394325	-0.028453155915000083	0.6505212936099988
fit-rw_positive_bias-full-prior1	rw_positive_bias	full	1.0	none	False	similar_minus_dissimilar	sub-135	f0	-0.009559159991762461	0.508077134031676	-0.957721763244999	-0.04083259235000014	1.091318083174999
fit-rw_positive_bias-full-prior1	rw_positive_bias	full	1.0	none	False	similar_minus_dissimilar	sub-136	f0	-0.005428821191004582	0.6313566560431508	-1.17844788475	-0.04767448345000069	1.3653113929414988
fit-rw_positive_bias-full-prior1	rw_positive_bias	full	1.0	none	False	similar_minus_dissimilar	sub-137	f0	-0.13277278943146584	0.5891210790854264	-1.3391111687155006	-0.1391347597400001	1.0642286855227492
fit-rw_positive_bias-full-prior1	rw_positive_bias	full	1.0	none	False	similar_minus_dissimilar	sub-138	f0	-0.026475922311807645	0.461185091423065	-0.9421417342552499	-0.03609847609999983	0.9840210627219976
fit-rw_positive_bias-full-prior1	rw_positive_bias	full	1.0	none	False	similar_minus_dissimilar	sub-140	f0	-0.050244204464135134	0.5036148825728191	-1.078833365324	-0.05181398393500025	1.0141517297574998
fit-rw_positive_bias-full-prior1	rw_positive_bias	full	1.0	none	False	similar_minus_dissimilar	sub-141	f0	-0.023969246798196203	0.44700991669541	-0.9411992314789996	-0.028377269079999712	0.9661952403027464
fit-rw_positive_bias-full-prior1	rw_positive_bias	full	1.0	none	False	similar_minus_dissimilar	sub-142	f0	-0.01331274842686789	0.5406151457390963	-1.0498977118824995	-0.038749204649999314	1.1879612530132486
fit-rw_positive_bias-full-prior1	rw_positive_bias	full	1.0	none	False	similar_minus_dissimilar	sub-143	f0	-0.09739945569221505	0.4726643585928777	-1.06978253742775	-0.09595058767499975	0.8598479067867488
fit-rw_positive_bias-full-prior1	rw_positive_bias	full	1.0	none	False	similar_minus_dissimilar	sub-144	f0	-0.1680881114783367	0.5225608200885309	-1.2019119768775	-0.18089706309999976	0.9110305151125002
fit-rw_positive_bias-full-prior1	rw_positive_bias	full	1.0	none	False	similar_minus_dissimilar	sub-147	f0	0.019570515238479493	0.35330620473288904	-0.62708425821425	-0.00898567491049998	0.8176583832632494
fit-rw_positive_bias-full-prior1	rw_positive_bias	full	1.0	none	False	similar_minus_dissimilar	sub-149	f0	-0.11860612507032475	0.4204974834934659	-0.9927197166909999	-0.1131778673499999	0.74927872288575
fit-rw_positive_bias-full-prior1	rw_positive_bias	full	1.0	none	False	similar_minus_dissimilar	sub-150	f0	-0.05247119627452417	0.6160168721661263	-1.2430607400949998	-0.08205506144499974	1.2306331217149975
fit-rw_positive_bias-full-prior1	rw_positive_bias	full	1.0	none	False	similar_minus_dissimilar	sub-151	f0	0.0746139223192175	0.5929981321425773	-0.9906114843677489	0.028366564775000214	1.3720705302827487
fit-rw_positive_bias-full-prior1	rw_positive_bias	full	1.0	none	False	similar_minus_dissimilar	sub-152	f0	-0.028059376929281506	0.4410379392686118	-0.91685189079975	-0.03223410971999996	0.9497739090177476
fit-rw_positive_bias-full-prior1	rw_positive_bias	full	1.0	none	False	similar_minus_dissimilar	sub-153	f0	0.023146118718206335	0.5014228562068016	-0.8847907759410002	-0.021330114745000017	1.1598270238242483
fit-rw_positive_bias-full-prior1	rw_positive_bias	full	1.0	none	False	similar_minus_dissimilar	sub-154	f0	-0.021099387887866663	0.5640383263398305	-1.1168154799637502	-0.05006534475000013	1.1806458950049992
fit-rw_positive_bias-full-prior1	rw_positive_bias	full	1.0	none	False	similar_minus_dissimilar	sub-155	f0	-0.024425991408514994	0.48847937219348236	-0.9495393525825007	-0.04056325647500003	0.9857236701115002
fit-rw_positive_bias-full-prior1	rw_positive_bias	full	1.0	none	False	similar_minus_dissimilar	sub-156	f0	-0.02757626106688302	0.4069302920398882	-0.8676631793222488	-0.02527429710899992	0.8540330659097493
fit-rw_positive_bias-full-prior1	rw_positive_bias	full	1.0	none	False	similar_minus_dissimilar	sub-157	f0	-0.03710560336829107	0.368182166501306	-0.7601123142525004	-0.04373370300000001	0.7378464954375005
fit-rw_positive_bias-full-prior1	rw_positive_bias	full	1.0	none	False	similar_minus_dissimilar	sub-158	f0	-0.12895874353981873	0.5509996582760125	-1.2977644091925014	-0.12342391835000033	0.9648411363872494
fit-rw_positive_bias-full-prior1	rw_positive_bias	full	1.0	none	False	similar_minus_dissimilar	sub-159	f0	-0.01738349023996209	0.5382499533098803	-1.0416378098325014	-0.048641304649999384	1.1442203844024963
fit-rw_positive_bias-full-prior1	rw_positive_bias	full	1.0	none	False	similar_minus_dissimilar	sample_mean	f0	-0.03636555978843995	0.3691122374635731	-0.726602376867827	-0.05696748308929779	0.7442198103902499
fit-rw_positive_bias-full-prior1	rw_positive_bias	full	1.0	none	False	similar_minus_dissimilar	sub-104	epsilon	-0.0011170515928599874	0.027372325607449358	-0.05963368569960003	-3.1859513333000017e-05	0.04768649704431745
fit-rw_positive_bias-full-prior1	rw_positive_bias	full	1.0	none	False	similar_minus_dissimilar	sub-105	epsilon	-0.0044531986347363115	0.030428583025595365	-0.07178817893716753	-0.0008571655647399996	0.059262323751374885
fit-rw_positive_bias-full-prior1	rw_positive_bias	full	1.0	none	False	similar_minus_dissimilar	sub-106	epsilon	-9.477905213913529e-05	0.0009274352123535525	-0.0018905597567222502	-8.843969410799996e-06	0.001304054761510747
fit-rw_positive_bias-full-prior1	rw_positive_bias	full	1.0	none	False	similar_minus_dissimilar	sub-107	epsilon	0.007946346839593957	0.08441270699595867	-0.15916042049710002	0.0030647690749999734	0.18621055069142484
fit-rw_positive_bias-full-prior1	rw_positive_bias	full	1.0	none	False	similar_minus_dissimilar	sub-108	epsilon	0.00018853582399012473	0.005199366132583692	-0.008918246985672751	-2.137946911149997e-05	0.01159611262367749
fit-rw_positive_bias-full-prior1	rw_positive_bias	full	1.0	none	False	similar_minus_dissimilar	sub-109	epsilon	-0.00016346089530238766	0.0032416892544153576	-0.004635594438846999	-2.2286849236000027e-05	0.004124869871684987
fit-rw_positive_bias-full-prior1	rw_positive_bias	full	1.0	none	False	similar_minus_dissimilar	sub-110	epsilon	-0.0003743889654829518	0.003669349610583483	-0.00666845706697875	-2.665968758245002e-05	0.003962103053959988
fit-rw_positive_bias-full-prior1	rw_positive_bias	full	1.0	none	False	similar_minus_dissimilar	sub-111	epsilon	-0.008671194147178268	0.01512881708445305	-0.044545595422739996	-0.006549863618850002	0.015171280143939968
fit-rw_positive_bias-full-prior1	rw_positive_bias	full	1.0	none	False	similar_minus_dissimilar	sub-112	epsilon	-0.001260530590248943	0.019328641705204284	-0.036979742118825	-0.0016285342639950013	0.04240915657628239
fit-rw_positive_bias-full-prior1	rw_positive_bias	full	1.0	none	False	similar_minus_dissimilar	sub-113	epsilon	9.29843348327499e-05	0.006992652684077089	-0.011158408068172497	-2.409455194649993e-05	0.013579908893067484
fit-rw_positive_bias-full-prior1	rw_positive_bias	full	1.0	none	False	similar_minus_dissimilar	sub-115	epsilon	-0.004794955821958663	0.04023152115898814	-0.10695226532812498	-5.903494089099995e-05	0.06803936017404923
fit-rw_positive_bias-full-prior1	rw_positive_bias	full	1.0	none	False	similar_minus_dissimilar	sub-116	epsilon	-3.1852771673484274e-05	0.0004107532137880309	-0.000908463253509	-5.517791095000009e-06	0.0007234520590397734
fit-rw_positive_bias-full-prior1	rw_positive_bias	full	1.0	none	False	similar_minus_dissimilar	sub-117	epsilon	-1.5844990221170525e-05	0.0077447036176079825	-0.010430977876513252	-1.0881305522600002e-05	0.010334526608012479
fit-rw_positive_bias-full-prior1	rw_positive_bias	full	1.0	none	False	similar_minus_dissimilar	sub-118	epsilon	0.003363673070824117	0.018758465538771116	-0.023078648435927503	0.0002430213639999998	0.04790038898166497
fit-rw_positive_bias-full-prior1	rw_positive_bias	full	1.0	none	False	similar_minus_dissimilar	sub-121	epsilon	0.0003336466156268045	0.013121616441063725	-0.025538750163682518	-2.9715865613000016e-05	0.029633833104459967
fit-rw_positive_bias-full-prior1	rw_positive_bias	full	1.0	none	False	similar_minus_dissimilar	sub-122	epsilon	0.0009020712968491834	0.03163570189039579	-0.055748062097229996	-3.723837283294999e-05	0.06854961737280746
fit-rw_positive_bias-full-prior1	rw_positive_bias	full	1.0	none	False	similar_minus_dissimilar	sub-124	epsilon	-7.868183123488964e-05	0.010319329425653083	-0.021127494794334994	7.694354322000034e-05	0.016949502011464997
fit-rw_positive_bias-full-prior1	rw_positive_bias	full	1.0	none	False	similar_minus_dissimilar	sub-125	epsilon	-0.002897242344830462	0.025751552863799758	-0.06391290672898249	-0.00012019967290895	0.044490275246239955
fit-rw_positive_bias-full-prior1	rw_positive_bias	full	1.0	none	False	similar_minus_dissimilar	sub-126	epsilon	-0.0014968985499922024	0.030441687203205028	-0.06738084976259998	-3.225928416855001e-05	0.051659210668199985
fit-rw_positive_bias-full-prior1	rw_positive_bias	full	1.0	none	False	similar_minus_dissimilar	sub-127	epsilon	-4.601855428595218e-05	0.0005254653942892175	-0.00119418177741325	-7.416171398199996e-06	0.0009451125997682415
fit-rw_positive_bias-full-prior1	rw_positive_bias	full	1.0	none	False	similar_minus_dissimilar	sub-128	epsilon	-0.0003779641508449206	0.0010127228528978831	-0.0030142051491639996	-0.00014525295949499996	0.001054676072358497
fit-rw_positive_bias-full-prior1	rw_positive_bias	full	1.0	none	False	similar_minus_dissimilar	sub-129	epsilon	-0.000584765261699538	0.005181239378262122	-0.012479340730695003	-2.93895965606e-05	0.007646160593570994
fit-rw_positive_bias-full-prior1	rw_positive_bias	full	1.0	none	False	similar_minus_dissimilar	sub-130	epsilon	-0.0017455148740719336	0.033365260013013605	-0.07744802184232251	-4.267714834499999e-05	0.06367111526209979
fit-rw_positive_bias-full-prior1	rw_positive_bias	full	1.0	none	False	similar_minus_dissimilar	sub-132	epsilon	-0.0014313827167694957	0.027926687385375456	-0.06417913051684998	-2.9611495654000074e-05	0.04896609334302494
fit-rw_positive_bias-full-prior1	rw_positive_bias	full	1.0	none	False	similar_minus_dissimilar	sub-133	epsilon	-0.006585117711292639	0.03967619236304295	-0.10403473060789997	-0.000159193735982	0.0661653444534496
fit-rw_positive_bias-full-prior1	rw_positive_bias	full	1.0	none	False	similar_minus_dissimilar	sub-134	epsilon	-0.00012970692634996407	0.006402418920947368	-0.005327774462981251	-1.1510458592500024e-05	0.0053467731127077155
fit-rw_positive_bias-full-prior1	rw_positive_bias	full	1.0	none	False	similar_minus_dissimilar	sub-135	epsilon	-3.9707388396093036e-05	0.0013145697610999173	-0.001055188152571	-6.298499156700002e-06	0.0008666036163839981
fit-rw_positive_bias-full-prior1	rw_positive_bias	full	1.0	none	False	similar_minus_dissimilar	sub-136	epsilon	-0.0028752349407342747	0.015106665233694095	-0.035439093316240004	-0.0019089902329499997	0.025797230983107485
fit-rw_positive_bias-full-prior1	rw_positive_bias	full	1.0	none	False	similar_minus_dissimilar	sub-137	epsilon	6.0621438134826604e-05	0.0009954357517145513	-0.0015849747180212495	-6.810819345949995e-06	0.0021900439388949687
fit-rw_positive_bias-full-prior1	rw_positive_bias	full	1.0	none	False	similar_minus_dissimilar	sub-138	epsilon	-0.0003559709676166132	0.052090000973130116	-0.11089063581329998	-0.00012545237101499994	0.11850354146737498
fit-rw_positive_bias-full-prior1	rw_positive_bias	full	1.0	none	False	similar_minus_dissimilar	sub-140	epsilon	-0.0021610558743633402	0.04285198378969079	-0.10304203217215001	-6.036825283450004e-05	0.09443360835977492
fit-rw_positive_bias-full-prior1	rw_positive_bias	full	1.0	none	False	similar_minus_dissimilar	sub-141	epsilon	-0.0019375531856275984	0.03309298080904037	-0.07715105828135004	-4.5290529042999996e-05	0.06274536936874993
fit-rw_positive_bias-full-prior1	rw_positive_bias	full	1.0	none	False	similar_minus_dissimilar	sub-142	epsilon	-0.003589086772035114	0.03620984123254294	-0.0905003121228675	-6.0317502773000864e-05	0.06596219237174708
fit-rw_positive_bias-full-prior1	rw_positive_bias	full	1.0	none	False	similar_minus_dissimilar	sub-143	epsilon	-0.0007218375819486551	0.009071431362409853	-0.018024498541672495	-5.596630307299998e-05	0.012432805435346672
fit-rw_positive_bias-full-prior1	rw_positive_bias	full	1.0	none	False	similar_minus_dissimilar	sub-144	epsilon	1.2766084429718025e-05	0.0006834711129220226	-0.0012407124955300247	-6.4969981799999055e-06	0.0015271653727504987
fit-rw_positive_bias-full-prior1	rw_positive_bias	full	1.0	none	False	similar_minus_dissimilar	sub-147	epsilon	9.64906195443268e-05	0.005852614695173505	-0.010803442242767502	-2.834592622355e-05	0.01221765400887999
fit-rw_positive_bias-full-prior1	rw_positive_bias	full	1.0	none	False	similar_minus_dissimilar	sub-149	epsilon	0.00030733525247529615	0.008315200410253666	-0.0069035740535475015	-8.330247656999993e-06	0.009203408858514948
fit-rw_positive_bias-full-prior1	rw_positive_bias	full	1.0	none	False	similar_minus_dissimilar	sub-150	epsilon	0.000577391317385682	0.019608700253689555	-0.03351900822527749	-0.0006932232005999999	0.04454295117455496
fit-rw_positive_bias-full-prior1	rw_positive_bias	full	1.0	none	False	similar_minus_dissimilar	sub-151	epsilon	-7.893247271324584e-05	0.0008837637726684634	-0.0018342090705630002	-1.0177289868000013e-05	0.0013674530631287499
fit-rw_positive_bias-full-prior1	rw_positive_bias	full	1.0	none	False	similar_minus_dissimilar	sub-152	epsilon	-0.0020865085089892357	0.03965511250706454	-0.09544020290627496	-5.497987964199999e-05	0.08074335163922493
fit-rw_positive_bias-full-prior1	rw_positive_bias	full	1.0	none	False	similar_minus_dissimilar	sub-153	epsilon	-0.0019057219920651791	0.02136446324636502	-0.0432748862520625	-0.0013911090164999938	0.04512071716507997
fit-rw_positive_bias-full-prior1	rw_positive_bias	full	1.0	none	False	similar_minus_dissimilar	sub-154	epsilon	-1.4974530263323425e-05	0.0004612377613410089	-0.0009220798586792499	-6.114533679020002e-06	0.0009137770177428219
fit-rw_positive_bias-full-prior1	rw_positive_bias	full	1.0	none	False	similar_minus_dissimilar	sub-155	epsilon	-0.0001032292984031132	0.0005634777073239744	-0.00150461350578035	-1.246593230395e-05	0.0007722035101364986
fit-rw_positive_bias-full-prior1	rw_positive_bias	full	1.0	none	False	similar_minus_dissimilar	sub-156	epsilon	-0.0016310985305806145	0.029015472648015316	-0.0670647861864425	-3.13927859016e-05	0.049958998889524875
fit-rw_positive_bias-full-prior1	rw_positive_bias	full	1.0	none	False	similar_minus_dissimilar	sub-157	epsilon	-0.005895824715146728	0.027462520967820557	-0.06873201340509999	-0.002925263858949997	0.04635318530384496
fit-rw_positive_bias-full-prior1	rw_positive_bias	full	1.0	none	False	similar_minus_dissimilar	sub-158	epsilon	0.00010870112109576695	0.002555282114211717	-0.004609787571817501	-2.5213785585149996e-05	0.0059946995029707345
fit-rw_positive_bias-full-prior1	rw_positive_bias	full	1.0	none	False	similar_minus_dissimilar	sub-159	epsilon	-3.270855388604032e-05	0.0034352704121811896	-0.00628575232300975	-0.00027451066635499977	0.007840994508632498
fit-rw_positive_bias-full-prior1	rw_positive_bias	full	1.0	none	False	similar_minus_dissimilar	sample_mean	epsilon	-0.0009742432315140406	0.008316369428256346	-0.017962824513170612	-0.000864901550256125	0.015445232917532848
fit-rw_positive_bias-full-prior1	rw_positive_bias	full	1.0	none	False	human_minus_computer	sub-104	alpha	-0.10844208542847196	0.38416103909520777	-1.077092128449375	-0.02117838182999998	0.354801252656875
fit-rw_positive_bias-full-prior1	rw_positive_bias	full	1.0	none	False	human_minus_computer	sub-105	alpha	-0.1262252925104439	0.3842747547774697	-1.0930576017748121	-0.03729839734574997	0.3168080269297498
fit-rw_positive_bias-full-prior1	rw_positive_bias	full	1.0	none	False	human_minus_computer	sub-106	alpha	-0.22840687051728154	1.2838187391865434	-2.399392478135377	-0.09264134137749958	1.4628344146062429
fit-rw_positive_bias-full-prior1	rw_positive_bias	full	1.0	none	False	human_minus_computer	sub-107	alpha	-0.19132104203077946	0.5648992100313569	-1.5653030164901256	-0.08909657614499988	0.6486763747293738
fit-rw_positive_bias-full-prior1	rw_positive_bias	full	1.0	none	False	human_minus_computer	sub-108	alpha	-0.36669422126074	0.9117228485546187	-2.588378310629125	-0.1663732819874999	0.8198205684639983
fit-rw_positive_bias-full-prior1	rw_positive_bias	full	1.0	none	False	human_minus_computer	sub-109	alpha	-0.14832328530558284	0.796983175620861	-1.8629173533587502	-0.03905811133749998	1.0521271258744982
fit-rw_positive_bias-full-prior1	rw_positive_bias	full	1.0	none	False	human_minus_computer	sub-110	alpha	-0.0940920786809296	0.34372634039214595	-0.9942243684368752	-0.024815207509999992	0.39109041702524877
fit-rw_positive_bias-full-prior1	rw_positive_bias	full	1.0	none	False	human_minus_computer	sub-111	alpha	-0.10295812597651441	0.3766514439808279	-1.072273796079625	-0.024129536621749992	0.40592478672587484
fit-rw_positive_bias-full-prior1	rw_positive_bias	full	1.0	none	False	human_minus_computer	sub-112	alpha	-0.013211480789959755	0.6308344908881861	-1.3689863099956252	0.03227145792499997	1.080950458196749
fit-rw_positive_bias-full-prior1	rw_positive_bias	full	1.0	none	False	human_minus_computer	sub-113	alpha	-0.1728366047494175	0.7531975872148804	-1.6340811928791248	-0.07464867627749983	0.7042985946027476
fit-rw_positive_bias-full-prior1	rw_positive_bias	full	1.0	none	False	human_minus_computer	sub-115	alpha	-0.1070770480988751	0.36079312655987417	-1.010014950563875	-0.023087973645499915	0.3243990853690002
fit-rw_positive_bias-full-prior1	rw_positive_bias	full	1.0	none	False	human_minus_computer	sub-116	alpha	-0.285067172326444	0.8958792753553654	-2.35458175401725	-0.10997612934375	0.8648706487332494
fit-rw_positive_bias-full-prior1	rw_positive_bias	full	1.0	none	False	human_minus_computer	sub-117	alpha	-0.17852020362367632	0.9141116938964616	-1.6109766544073751	-0.03218695509974989	0.5426013145423708
fit-rw_positive_bias-full-prior1	rw_positive_bias	full	1.0	none	False	human_minus_computer	sub-118	alpha	-0.10772176595686377	0.41376000932603296	-1.132596186828875	-0.037105944886250075	0.5199949039392419
fit-rw_positive_bias-full-prior1	rw_positive_bias	full	1.0	none	False	human_minus_computer	sub-121	alpha	-0.18948770060494882	0.4382450771363553	-1.321052369701375	-0.08555492281400001	0.3721627851843748
fit-rw_positive_bias-full-prior1	rw_positive_bias	full	1.0	none	False	human_minus_computer	sub-122	alpha	-0.09444643901831777	0.3303843152304215	-0.969924740433875	-0.021535647087249976	0.347486030700874
fit-rw_positive_bias-full-prior1	rw_positive_bias	full	1.0	none	False	human_minus_computer	sub-124	alpha	-0.23370051126471633	1.669221892758276	-2.3910823253914995	-0.04415259270050009	1.0706832495065013
fit-rw_positive_bias-full-prior1	rw_positive_bias	full	1.0	none	False	human_minus_computer	sub-125	alpha	-0.14050013086719465	0.5337002674006563	-1.429422524286	-0.04423600825249996	0.6790118318023742
fit-rw_positive_bias-full-prior1	rw_positive_bias	full	1.0	none	False	human_minus_computer	sub-126	alpha	-0.10905686839050535	0.4263003437148216	-1.0777126300070001	-0.020954397373750017	0.34760545510027474
fit-rw_positive_bias-full-prior1	rw_positive_bias	full	1.0	none	False	human_minus_computer	sub-127	alpha	-0.24946006506010393	0.8213464599335604	-2.069195113028	-0.08575536390500016	0.7780610991938738
fit-rw_positive_bias-full-prior1	rw_positive_bias	full	1.0	none	False	human_minus_computer	sub-128	alpha	-0.3816715375228949	2.3366391040366503	-4.05066229879875	-0.06575828757500024	1.7406379492429898
fit-rw_positive_bias-full-prior1	rw_positive_bias	full	1.0	none	False	human_minus_computer	sub-129	alpha	-0.20682946934225496	0.8554987930873327	-2.1499468217824993	-0.058715213544000056	1.004118858807749
fit-rw_positive_bias-full-prior1	rw_positive_bias	full	1.0	none	False	human_minus_computer	sub-130	alpha	-0.10576415383747989	0.3718619512840143	-1.049346019081625	-0.022717978291500004	0.3588633135931249
fit-rw_positive_bias-full-prior1	rw_positive_bias	full	1.0	none	False	human_minus_computer	sub-132	alpha	-0.1144658775308806	0.3900335352465842	-1.07253868007675	-0.024597239123749837	0.3357720220171237
fit-rw_positive_bias-full-prior1	rw_positive_bias	full	1.0	none	False	human_minus_computer	sub-133	alpha	-0.08158113479061949	0.3224919662187826	-0.9259427873796247	-0.012139799874499993	0.3409776382193737
fit-rw_positive_bias-full-prior1	rw_positive_bias	full	1.0	none	False	human_minus_computer	sub-134	alpha	-0.16793707212163972	0.6794619819224329	-1.7094122864430004	-0.049460468509999966	0.8239963223833742
fit-rw_positive_bias-full-prior1	rw_positive_bias	full	1.0	none	False	human_minus_computer	sub-135	alpha	-0.1364484934919503	0.48141623049813753	-1.3008221649307499	-0.0518509680347502	0.5609804699987441
fit-rw_positive_bias-full-prior1	rw_positive_bias	full	1.0	none	False	human_minus_computer	sub-136	alpha	-0.10778293631479666	0.33733838759977336	-0.9844976662416253	-0.03154474824899994	0.33961299657183763
fit-rw_positive_bias-full-prior1	rw_positive_bias	full	1.0	none	False	human_minus_computer	sub-137	alpha	-0.2011341077089165	0.659132501129419	-1.7812944256687495	-0.06604252946000011	0.6676541635489982
fit-rw_positive_bias-full-prior1	rw_positive_bias	full	1.0	none	False	human_minus_computer	sub-138	alpha	-0.14720889963846318	0.41857807070609027	-1.2314350176724997	-0.04200371002700004	0.3465713352856996
fit-rw_positive_bias-full-prior1	rw_positive_bias	full	1.0	none	False	human_minus_computer	sub-140	alpha	-0.1062377360630578	0.33125941074386994	-0.9828238954568751	-0.02697094257499999	0.3144499143083748
fit-rw_positive_bias-full-prior1	rw_positive_bias	full	1.0	none	False	human_minus_computer	sub-141	alpha	-0.10785910527488023	0.3899811108849821	-1.079819839715875	-0.02321568782197507	0.3620357792276244
fit-rw_positive_bias-full-prior1	rw_positive_bias	full	1.0	none	False	human_minus_computer	sub-142	alpha	-0.06689385401294809	0.3237941142918978	-0.9027093492533748	-0.00562799614475	0.37960292125324985
fit-rw_positive_bias-full-prior1	rw_positive_bias	full	1.0	none	False	human_minus_computer	sub-143	alpha	-0.15379103375367223	0.429637905196355	-1.2878453313652503	-0.042449873009750005	0.33942031036624976
fit-rw_positive_bias-full-prior1	rw_positive_bias	full	1.0	none	False	human_minus_computer	sub-144	alpha	-0.2546280593414343	1.1025728905605092	-2.5463204529107517	-0.07194724624249982	1.096339631714623
fit-rw_positive_bias-full-prior1	rw_positive_bias	full	1.0	none	False	human_minus_computer	sub-147	alpha	-0.14334635694467326	0.8357011595656589	-1.9904798103927506	-0.058620855344999834	1.3434356555762472
fit-rw_positive_bias-full-prior1	rw_positive_bias	full	1.0	none	False	human_minus_computer	sub-149	alpha	-0.1734594916571901	0.7862564883962952	-1.7709109050477514	-0.019378409043499994	0.6082951875156251
fit-rw_positive_bias-full-prior1	rw_positive_bias	full	1.0	none	False	human_minus_computer	sub-150	alpha	-0.12579318870239412	0.3563905124117681	-1.0604154428009998	-0.03515097304749992	0.29032200064149905
fit-rw_positive_bias-full-prior1	rw_positive_bias	full	1.0	none	False	human_minus_computer	sub-151	alpha	-0.1378630037077812	0.547095582811745	-1.4633261761372502	-0.026882467249999986	0.5960836741735002
fit-rw_positive_bias-full-prior1	rw_positive_bias	full	1.0	none	False	human_minus_computer	sub-152	alpha	-0.11324892600753855	0.38655764255681546	-1.0878789796893744	-0.02494710010500001	0.35914204862025007
fit-rw_positive_bias-full-prior1	rw_positive_bias	full	1.0	none	False	human_minus_computer	sub-153	alpha	-0.24223648311501514	0.5942393651338383	-1.6756919127885	-0.12111085469675015	0.5532542147144999
fit-rw_positive_bias-full-prior1	rw_positive_bias	full	1.0	none	False	human_minus_computer	sub-154	alpha	-0.10317951065383013	0.45929047969073405	-1.2733910571515004	-0.008786791650749914	0.5437375876821253
fit-rw_positive_bias-full-prior1	rw_positive_bias	full	1.0	none	False	human_minus_computer	sub-155	alpha	-0.3188056459069884	1.969250960910581	-3.852458491366375	-0.07165482713499993	1.8744579459693662
fit-rw_positive_bias-full-prior1	rw_positive_bias	full	1.0	none	False	human_minus_computer	sub-156	alpha	-0.10813518689322385	0.37409627344089796	-1.0640605575811253	-0.01970839339500008	0.35613574572254836
fit-rw_positive_bias-full-prior1	rw_positive_bias	full	1.0	none	False	human_minus_computer	sub-157	alpha	-0.0953341969233925	0.45735190097201	-1.2059673600891248	-0.02528688632300008	0.6232303396350002
fit-rw_positive_bias-full-prior1	rw_positive_bias	full	1.0	none	False	human_minus_computer	sub-158	alpha	-0.09073084450524073	0.4418086539182234	-1.1549082907480004	-0.02852688062824993	0.6238492485419994
fit-rw_positive_bias-full-prior1	rw_positive_bias	full	1.0	none	False	human_minus_computer	sub-159	alpha	-0.15267283820324035	0.48376351861343536	-1.3692640459236243	-0.050627763630000044	0.4864703329047498
fit-rw_positive_bias-full-prior1	rw_positive_bias	full	1.0	none	False	human_minus_computer	sample_mean	alpha	-0.1572891092857056	0.4064514019071118	-1.167483210320859	-0.07398652627149521	0.41871491620277645
fit-rw_positive_bias-full-prior1	rw_positive_bias	full	1.0	none	False	human_minus_computer	sub-104	gamma	0.24308711968196126	0.5144986735122632	-0.14195938929613747	0.12400400009950002	1.3495179930163244
fit-rw_positive_bias-full-prior1	rw_positive_bias	full	1.0	none	False	human_minus_computer	sub-105	gamma	0.14241977881382123	0.12993902565220003	-0.08493433494381247	0.12635200700374996	0.4389206455594625
fit-rw_positive_bias-full-prior1	rw_positive_bias	full	1.0	none	False	human_minus_computer	sub-106	gamma	0.2944367575965884	0.38016875547523604	-0.18756436231310014	0.21924402819299998	1.1947952924772722
fit-rw_positive_bias-full-prior1	rw_positive_bias	full	1.0	none	False	human_minus_computer	sub-107	gamma	0.21122941888191532	0.11549980317780163	0.01983599523913744	0.19933099759549988	0.4688180711210372
fit-rw_positive_bias-full-prior1	rw_positive_bias	full	1.0	none	False	human_minus_computer	sub-108	gamma	0.07783173075937821	0.08982332181323369	-0.09379128554472503	0.07243918266024996	0.2702409018476749
fit-rw_positive_bias-full-prior1	rw_positive_bias	full	1.0	none	False	human_minus_computer	sub-109	gamma	0.3308323712920987	0.2928723867389385	-0.020304436432837508	0.26335524214875	1.0867994822554952
fit-rw_positive_bias-full-prior1	rw_positive_bias	full	1.0	none	False	human_minus_computer	sub-110	gamma	0.12345055289470884	0.09576933007942058	-0.03143118796317496	0.11038813851999998	0.35082037805023725
fit-rw_positive_bias-full-prior1	rw_positive_bias	full	1.0	none	False	human_minus_computer	sub-111	gamma	0.2586604890476994	0.24569868697596947	-0.12474110327858758	0.21988620679650006	0.8428664915258985
fit-rw_positive_bias-full-prior1	rw_positive_bias	full	1.0	none	False	human_minus_computer	sub-112	gamma	0.3999814173276937	0.3650897657187775	-0.0474112836797624	0.32244229059249996	1.3070741054711235
fit-rw_positive_bias-full-prior1	rw_positive_bias	full	1.0	none	False	human_minus_computer	sub-113	gamma	0.20766275212492444	0.18375608578388827	-0.07288356499303751	0.17893527557299999	0.6639792411687244
fit-rw_positive_bias-full-prior1	rw_positive_bias	full	1.0	none	False	human_minus_computer	sub-115	gamma	0.018646350531113888	0.023664105052004704	-0.03415339839348751	0.01851733638595	0.0655324281347124
fit-rw_positive_bias-full-prior1	rw_positive_bias	full	1.0	none	False	human_minus_computer	sub-116	gamma	0.3468942550668768	0.5408761201835991	-0.5561142234205001	0.2889305340879999	1.5419391831203746
fit-rw_positive_bias-full-prior1	rw_positive_bias	full	1.0	none	False	human_minus_computer	sub-117	gamma	0.5766802415242457	0.7696192764435192	-0.43949787098162535	0.4233598928550001	2.4389354388571243
fit-rw_positive_bias-full-prior1	rw_positive_bias	full	1.0	none	False	human_minus_computer	sub-118	gamma	0.03655892963444136	0.029420110881350197	-0.016700935896474995	0.03384123747962499	0.10209675892877504
fit-rw_positive_bias-full-prior1	rw_positive_bias	full	1.0	none	False	human_minus_computer	sub-121	gamma	0.15507537189563048	0.1728170487321673	-0.15329730395904997	0.13666119888650002	0.5516591341756748
fit-rw_positive_bias-full-prior1	rw_positive_bias	full	1.0	none	False	human_minus_computer	sub-122	gamma	0.11866960026461679	0.12415117927485173	-0.051563832311425035	0.09309563982299998	0.4376572243365248
fit-rw_positive_bias-full-prior1	rw_positive_bias	full	1.0	none	False	human_minus_computer	sub-124	gamma	1.1242471401326954	1.7838403646564676	-0.674352963868	0.7217506167849999	5.24118421426112
fit-rw_positive_bias-full-prior1	rw_positive_bias	full	1.0	none	False	human_minus_computer	sub-125	gamma	0.059359359785407725	0.06282601236319052	-0.08113388773071249	0.06065075704000002	0.1809032703499999
fit-rw_positive_bias-full-prior1	rw_positive_bias	full	1.0	none	False	human_minus_computer	sub-126	gamma	0.2337712007739974	0.5449773940746966	-0.13760974431471246	0.114054579012	1.320051022522125
fit-rw_positive_bias-full-prior1	rw_positive_bias	full	1.0	none	False	human_minus_computer	sub-127	gamma	0.4270970851256541	0.6066318095221657	-0.33658342764932503	0.30727986471450003	1.888622902926787
fit-rw_positive_bias-full-prior1	rw_positive_bias	full	1.0	none	False	human_minus_computer	sub-128	gamma	0.8123384205169568	1.2872836120498417	-0.4995372913116253	0.5122092898375	3.878758709108625
fit-rw_positive_bias-full-prior1	rw_positive_bias	full	1.0	none	False	human_minus_computer	sub-129	gamma	0.18114406252730192	0.16877076038162328	-0.08658595079503752	0.15657566340775003	0.5837663456837623
fit-rw_positive_bias-full-prior1	rw_positive_bias	full	1.0	none	False	human_minus_computer	sub-130	gamma	0.08207072528769514	0.10062986874933808	-0.030796948186637522	0.057625035151750006	0.33614086117942477
fit-rw_positive_bias-full-prior1	rw_positive_bias	full	1.0	none	False	human_minus_computer	sub-132	gamma	0.22224901995804316	0.4020535649261832	-0.16885291866848753	0.12180630823300001	1.1925996854633745
fit-rw_positive_bias-full-prior1	rw_positive_bias	full	1.0	none	False	human_minus_computer	sub-133	gamma	0.2546014672285358	0.41340694442358267	-0.08319449678311253	0.15867021535949988	1.1665082880945368
fit-rw_positive_bias-full-prior1	rw_positive_bias	full	1.0	none	False	human_minus_computer	sub-134	gamma	0.25418860568001483	0.23111855282709645	-0.023682668020587553	0.20017543964	0.8519544235537497
fit-rw_positive_bias-full-prior1	rw_positive_bias	full	1.0	none	False	human_minus_computer	sub-135	gamma	0.16868128668328966	0.1847083026911617	-0.02896677097863745	0.11970115261025	0.644704503099461
fit-rw_positive_bias-full-prior1	rw_positive_bias	full	1.0	none	False	human_minus_computer	sub-136	gamma	0.1950605996757014	0.1619754730082548	-0.04407071561131247	0.16554165279475	0.596153238819162
fit-rw_positive_bias-full-prior1	rw_positive_bias	full	1.0	none	False	human_minus_computer	sub-137	gamma	0.34973321063335955	0.4169781160898947	-0.21004048462252498	0.26188031336549994	1.38315960263275
fit-rw_positive_bias-full-prior1	rw_positive_bias	full	1.0	none	False	human_minus_computer	sub-138	gamma	0.07653654783872116	0.0671039549892305	-0.05114554773083749	0.07225555036150003	0.22323339239466217
fit-rw_positive_bias-full-prior1	rw_positive_bias	full	1.0	none	False	human_minus_computer	sub-140	gamma	0.07208593225833132	0.07248879371257333	-0.07666976086610006	0.06950370090999998	0.22335766371059995
fit-rw_positive_bias-full-prior1	rw_positive_bias	full	1.0	none	False	human_minus_computer	sub-141	gamma	0.07762685677839094	0.09561910329159397	-0.02576031162866252	0.05460943926045002	0.3102631900076748
fit-rw_positive_bias-full-prior1	rw_positive_bias	full	1.0	none	False	human_minus_computer	sub-142	gamma	0.2776591810706517	0.4022291199741622	-0.04207703703816236	0.1822158114975001	1.14487491315406
fit-rw_positive_bias-full-prior1	rw_positive_bias	full	1.0	none	False	human_minus_computer	sub-143	gamma	0.137512916093293	0.21654596779930269	-0.3316399116152374	0.13858050141650002	0.5493983382004373
fit-rw_positive_bias-full-prior1	rw_positive_bias	full	1.0	none	False	human_minus_computer	sub-144	gamma	0.4914061050406191	0.7368870873384153	-0.4127782358069625	0.36017835418299987	2.103632546937751
fit-rw_positive_bias-full-prior1	rw_positive_bias	full	1.0	none	False	human_minus_computer	sub-147	gamma	0.11204053494072108	0.09013889268785295	-0.01689971920316248	0.09573495375625002	0.33330388668379984
fit-rw_positive_bias-full-prior1	rw_positive_bias	full	1.0	none	False	human_minus_computer	sub-149	gamma	0.6784979677114255	1.0675467236709921	-0.6209691013916246	0.4633279516950003	3.120306566733498
fit-rw_positive_bias-full-prior1	rw_positive_bias	full	1.0	none	False	human_minus_computer	sub-150	gamma	0.20602562327599344	0.22613871520743245	-0.17140469984717496	0.17294288184400008	0.7540061259272497
fit-rw_positive_bias-full-prior1	rw_positive_bias	full	1.0	none	False	human_minus_computer	sub-151	gamma	0.21888681030148813	0.24502325363426294	-0.21224588907972497	0.19524075811124997	0.7558427579169998
fit-rw_positive_bias-full-prior1	rw_positive_bias	full	1.0	none	False	human_minus_computer	sub-152	gamma	0.12544228737072324	0.1645143657129151	-0.072921514847525	0.08704038308524999	0.530060679969599
fit-rw_positive_bias-full-prior1	rw_positive_bias	full	1.0	none	False	human_minus_computer	sub-153	gamma	0.26284213565704256	0.31086926375581014	-0.27406815497250003	0.22933114514699998	0.9484045581216198
fit-rw_positive_bias-full-prior1	rw_positive_bias	full	1.0	none	False	human_minus_computer	sub-154	gamma	0.15104753792331996	0.1519768420328465	-0.08745404076307492	0.12494187316650002	0.5198371072394375
fit-rw_positive_bias-full-prior1	rw_positive_bias	full	1.0	none	False	human_minus_computer	sub-155	gamma	0.818171596443682	1.4015717088827706	-0.5864711232693751	0.5251054783824999	3.8439646476037463
fit-rw_positive_bias-full-prior1	rw_positive_bias	full	1.0	none	False	human_minus_computer	sub-156	gamma	0.2401708880110574	0.6237866726397563	-0.13549387753572492	0.11204658865200001	1.3921309517762497
fit-rw_positive_bias-full-prior1	rw_positive_bias	full	1.0	none	False	human_minus_computer	sub-157	gamma	0.15354408135284953	0.12034502246446177	-0.056858292633650026	0.14043987114250006	0.431559025251075
fit-rw_positive_bias-full-prior1	rw_positive_bias	full	1.0	none	False	human_minus_computer	sub-158	gamma	0.17131008532845246	0.1343085948038618	-0.020535785668262495	0.14716803925924996	0.4996633553798994
fit-rw_positive_bias-full-prior1	rw_positive_bias	full	1.0	none	False	human_minus_computer	sub-159	gamma	0.11977621594544913	0.13653612088793168	-0.13348693912287488	0.10825275557574998	0.4316723862104499
fit-rw_positive_bias-full-prior1	rw_positive_bias	full	1.0	none	False	human_minus_computer	sample_mean	gamma	0.261643460099757	0.14416654638931434	0.027904362923044764	0.24542227459086388	0.5950633172719927
fit-rw_positive_bias-full-prior1	rw_positive_bias	full	1.0	none	False	human_minus_computer	sub-104	f0	0.016899825546136674	0.4194842206978753	-0.876625141975499	0.014226391858499943	0.8791568530447484
fit-rw_positive_bias-full-prior1	rw_positive_bias	full	1.0	none	False	human_minus_computer	sub-105	f0	0.015757813371010152	0.6238522852027228	-1.325314989725126	0.023448033352499564	1.2623066652494996
fit-rw_positive_bias-full-prior1	rw_positive_bias	full	1.0	none	False	human_minus_computer	sub-106	f0	-0.06756561154130751	0.5148603333011103	-1.1100685732955002	-0.05995230090500048	0.9672873128331255
fit-rw_positive_bias-full-prior1	rw_positive_bias	full	1.0	none	False	human_minus_computer	sub-107	f0	-0.06651507677601222	0.6998454369495037	-1.7056314071618754	-0.009268054967499939	1.184576598121124
fit-rw_positive_bias-full-prior1	rw_positive_bias	full	1.0	none	False	human_minus_computer	sub-108	f0	-0.12995833419268665	0.5957381333433993	-1.5239933838862498	-0.07424009530499998	0.9249899297355009
fit-rw_positive_bias-full-prior1	rw_positive_bias	full	1.0	none	False	human_minus_computer	sub-109	f0	0.034298097983549644	0.27952355235112153	-0.5315845541565002	0.031572243495000096	0.5730344062420001
fit-rw_positive_bias-full-prior1	rw_positive_bias	full	1.0	none	False	human_minus_computer	sub-110	f0	0.0650022682481346	0.5920511861090786	-1.17632728619	0.056477692512500344	1.2994380468126234
fit-rw_positive_bias-full-prior1	rw_positive_bias	full	1.0	none	False	human_minus_computer	sub-111	f0	0.16014399962904602	0.5632183811125735	-0.8029281315062501	0.08436950319999958	1.5260708210499987
fit-rw_positive_bias-full-prior1	rw_positive_bias	full	1.0	none	False	human_minus_computer	sub-112	f0	0.17259370774324642	0.3889455768166568	-0.46593321108225044	0.11138771866250008	1.1261610733846246
fit-rw_positive_bias-full-prior1	rw_positive_bias	full	1.0	none	False	human_minus_computer	sub-113	f0	-0.17270559815004186	0.6565773143006175	-1.7542989048651232	-0.09240359303250001	0.9209440388047485
fit-rw_positive_bias-full-prior1	rw_positive_bias	full	1.0	none	False	human_minus_computer	sub-115	f0	0.03019858284445835	0.5249789818123152	-1.0744396007524997	0.01847926783000009	1.130399719807999
fit-rw_positive_bias-full-prior1	rw_positive_bias	full	1.0	none	False	human_minus_computer	sub-116	f0	-0.06967481980153291	0.4853094069292016	-1.066629043745	-0.06736510663499917	0.9132030054085006
fit-rw_positive_bias-full-prior1	rw_positive_bias	full	1.0	none	False	human_minus_computer	sub-117	f0	-0.01665384977480898	0.4153858038616111	-0.9515700819791247	0.008439383905000097	0.7281169509781223
fit-rw_positive_bias-full-prior1	rw_positive_bias	full	1.0	none	False	human_minus_computer	sub-118	f0	0.042698815951133555	0.5205451649175743	-1.026330962156251	0.027601283974999724	1.1306338651175016
fit-rw_positive_bias-full-prior1	rw_positive_bias	full	1.0	none	False	human_minus_computer	sub-121	f0	-0.3626169819869697	0.9125793586266796	-2.9408969598937493	-0.13216769649250004	0.7895088462857482
fit-rw_positive_bias-full-prior1	rw_positive_bias	full	1.0	none	False	human_minus_computer	sub-122	f0	0.037415067419067326	0.5217997465470071	-1.0716313464813754	0.027542420259999867	1.1265409545616234
fit-rw_positive_bias-full-prior1	rw_positive_bias	full	1.0	none	False	human_minus_computer	sub-124	f0	0.029797844619711588	0.20387414926547995	-0.3748352387651248	0.02229346139999988	0.4597862623674238
fit-rw_positive_bias-full-prior1	rw_positive_bias	full	1.0	none	False	human_minus_computer	sub-125	f0	0.13654470428066617	0.6188897890973669	-1.0214714463308745	0.09449115610249992	1.5259015602269979
fit-rw_positive_bias-full-prior1	rw_positive_bias	full	1.0	none	False	human_minus_computer	sub-126	f0	0.012133439192681256	0.4295018256559747	-0.8984176343830008	0.012330623244999783	0.8904914719518732
fit-rw_positive_bias-full-prior1	rw_positive_bias	full	1.0	none	False	human_minus_computer	sub-127	f0	0.015380090558870824	0.49397043942199353	-0.9851570220053747	0.007057060227500855	1.0376980701349998
fit-rw_positive_bias-full-prior1	rw_positive_bias	full	1.0	none	False	human_minus_computer	sub-128	f0	0.10880693965450666	0.4357784251071534	-0.7095433132362499	0.0844280931250001	1.0485942704124998
fit-rw_positive_bias-full-prior1	rw_positive_bias	full	1.0	none	False	human_minus_computer	sub-129	f0	0.03349247520417584	0.4955919151444179	-1.0295998561538755	0.042574281882499676	1.0156172197789994
fit-rw_positive_bias-full-prior1	rw_positive_bias	full	1.0	none	False	human_minus_computer	sub-130	f0	0.006144646185520931	0.4879866236087972	-1.0488587933351252	0.014830540147750093	0.9740833530987474
fit-rw_positive_bias-full-prior1	rw_positive_bias	full	1.0	none	False	human_minus_computer	sub-132	f0	-0.021161646538109775	0.477406793116592	-1.0898660938038753	0.0040812924418	0.8589492614467482
fit-rw_positive_bias-full-prior1	rw_positive_bias	full	1.0	none	False	human_minus_computer	sub-133	f0	0.07455039622020637	0.5529600076254639	-1.014301107467876	0.0459241700425006	1.2894981231190004
fit-rw_positive_bias-full-prior1	rw_positive_bias	full	1.0	none	False	human_minus_computer	sub-134	f0	0.0025956579864815127	0.34719275046020126	-0.7453411547792503	0.018994120064999787	0.6251425704498744
fit-rw_positive_bias-full-prior1	rw_positive_bias	full	1.0	none	False	human_minus_computer	sub-135	f0	0.08368928328479014	0.4935771568268593	-0.8743118686583767	0.0463091727000009	1.1891972407125
fit-rw_positive_bias-full-prior1	rw_positive_bias	full	1.0	none	False	human_minus_computer	sub-136	f0	0.09913876843234812	0.6219325900619566	-1.108200184336249	0.06350492769999949	1.458397564534121
fit-rw_positive_bias-full-prior1	rw_positive_bias	full	1.0	none	False	human_minus_computer	sub-137	f0	0.029510699601792922	0.5226731141590187	-1.03868015654375	0.028081318764998642	1.0918106358649988
fit-rw_positive_bias-full-prior1	rw_positive_bias	full	1.0	none	False	human_minus_computer	sub-138	f0	0.03519161665071386	0.4925923385958392	-1.03210198640725	0.028957897644000197	1.0354027270301243
fit-rw_positive_bias-full-prior1	rw_positive_bias	full	1.0	none	False	human_minus_computer	sub-140	f0	0.04982911004722528	0.5069586554671035	-0.99390867309475	0.03221792472250001	1.1401453621797488
fit-rw_positive_bias-full-prior1	rw_positive_bias	full	1.0	none	False	human_minus_computer	sub-141	f0	0.011240263583140014	0.4694510544477689	-1.0125593817776246	0.015691018517749983	0.9705974672891208
fit-rw_positive_bias-full-prior1	rw_positive_bias	full	1.0	none	False	human_minus_computer	sub-142	f0	0.10270673591229432	0.5705492317162456	-0.9960446098362492	0.06681516651499919	1.3779683078861247
fit-rw_positive_bias-full-prior1	rw_positive_bias	full	1.0	none	False	human_minus_computer	sub-143	f0	0.023041787232673434	0.4628549532360084	-0.9692734827022499	0.029969777557499855	0.9338845509944996
fit-rw_positive_bias-full-prior1	rw_positive_bias	full	1.0	none	False	human_minus_computer	sub-144	f0	0.08599303414394831	0.48017197464116407	-0.8568509132437505	0.07257450554749934	1.0844342436553764
fit-rw_positive_bias-full-prior1	rw_positive_bias	full	1.0	none	False	human_minus_computer	sub-147	f0	0.029707288517500142	0.33748297562430885	-0.6779553992463749	0.025750385662499986	0.7257068184686244
fit-rw_positive_bias-full-prior1	rw_positive_bias	full	1.0	none	False	human_minus_computer	sub-149	f0	0.08470937536162511	0.4038161572925574	-0.7491984957458757	0.07368474470500008	0.8949968080959974
fit-rw_positive_bias-full-prior1	rw_positive_bias	full	1.0	none	False	human_minus_computer	sub-150	f0	0.09445747440656331	0.624263962613536	-1.1394035093750001	0.06374366006249943	1.4485353061624975
fit-rw_positive_bias-full-prior1	rw_positive_bias	full	1.0	none	False	human_minus_computer	sub-151	f0	0.1643963269134896	0.5329199366057824	-0.853967388610374	0.13265229028250003	1.3266724900864995
fit-rw_positive_bias-full-prior1	rw_positive_bias	full	1.0	none	False	human_minus_computer	sub-152	f0	0.00558349671016585	0.4708776201708137	-1.0375723255509999	0.014026765224499999	0.934168791508374
fit-rw_positive_bias-full-prior1	rw_positive_bias	full	1.0	none	False	human_minus_computer	sub-153	f0	-0.36274142936435644	0.7048274327865369	-2.184360025051125	-0.18021015117250005	0.6126245085593749
fit-rw_positive_bias-full-prior1	rw_positive_bias	full	1.0	none	False	human_minus_computer	sub-154	f0	0.23571707030083666	0.5608797122100182	-0.711743108224999	0.15651914765000008	1.535207295504999
fit-rw_positive_bias-full-prior1	rw_positive_bias	full	1.0	none	False	human_minus_computer	sub-155	f0	0.10960887687242875	0.4354624807404511	-0.7175906870912494	0.08183434022499991	1.0570315486349988
fit-rw_positive_bias-full-prior1	rw_positive_bias	full	1.0	none	False	human_minus_computer	sub-156	f0	0.01491742303269804	0.42699096444885826	-0.928268753282	0.014767570087500015	0.9000683849404977
fit-rw_positive_bias-full-prior1	rw_positive_bias	full	1.0	none	False	human_minus_computer	sub-157	f0	0.07253279784448007	0.3794576138356073	-0.6539646511480001	0.045661993280000424	0.9084958689098747
fit-rw_positive_bias-full-prior1	rw_positive_bias	full	1.0	none	False	human_minus_computer	sub-158	f0	0.056928332436345215	0.5384049819338947	-1.032685832106251	0.038896579659999375	1.1910210551537472
fit-rw_positive_bias-full-prior1	rw_positive_bias	full	1.0	none	False	human_minus_computer	sub-159	f0	0.11665861281772397	0.5176491181446654	-0.8632875713225016	0.07181532774999955	1.286756378685999
fit-rw_positive_bias-full-prior1	rw_positive_bias	full	1.0	none	False	human_minus_computer	sample_mean	f0	0.026179136140756617	0.3337090039904851	-0.6351955781340858	0.021677876976781866	0.706598898474861
fit-rw_positive_bias-full-prior1	rw_positive_bias	full	1.0	none	False	human_minus_computer	sub-104	epsilon	0.0028007048928178234	0.02700732019495393	-0.0389355500795875	0.00015293191631100017	0.06506790007000006
fit-rw_positive_bias-full-prior1	rw_positive_bias	full	1.0	none	False	human_minus_computer	sub-105	epsilon	0.0034130562800602244	0.028277801377113408	-0.055139844522087485	0.0009608257726349997	0.06831513800353956
fit-rw_positive_bias-full-prior1	rw_positive_bias	full	1.0	none	False	human_minus_computer	sub-106	epsilon	0.00015078260719917218	0.0007372808863844192	-0.0009244088197219997	3.176780195317499e-05	0.0018265264766066235
fit-rw_positive_bias-full-prior1	rw_positive_bias	full	1.0	none	False	human_minus_computer	sub-107	epsilon	0.022117722534811604	0.07546535783769814	-0.13918279763897498	0.021549105455750006	0.17674401205169987
fit-rw_positive_bias-full-prior1	rw_positive_bias	full	1.0	none	False	human_minus_computer	sub-108	epsilon	0.0011576515697084514	0.004518978951349537	-0.005338249837707875	0.00019257346716749992	0.01236089431954198
fit-rw_positive_bias-full-prior1	rw_positive_bias	full	1.0	none	False	human_minus_computer	sub-109	epsilon	0.0004792190051926347	0.0028398324457534507	-0.002544795906004125	0.00011663228782899965	0.005272622872546497
fit-rw_positive_bias-full-prior1	rw_positive_bias	full	1.0	none	False	human_minus_computer	sub-110	epsilon	0.00045609917869169334	0.0031328397298012213	-0.003501450571981251	9.001798865249989e-05	0.005843342086843739
fit-rw_positive_bias-full-prior1	rw_positive_bias	full	1.0	none	False	human_minus_computer	sub-111	epsilon	0.0014218911834095245	0.012773598823310224	-0.029055456059801244	0.0030363542860750003	0.022358210802216248
fit-rw_positive_bias-full-prior1	rw_positive_bias	full	1.0	none	False	human_minus_computer	sub-112	epsilon	0.0011312619300710939	0.03276645568029808	-0.08184916789911875	0.004890674227699997	0.03760024250735646
fit-rw_positive_bias-full-prior1	rw_positive_bias	full	1.0	none	False	human_minus_computer	sub-113	epsilon	0.00092334994671742	0.008006140311712493	-0.008085347622300001	7.238736390349993e-05	0.01480203884041875
fit-rw_positive_bias-full-prior1	rw_positive_bias	full	1.0	none	False	human_minus_computer	sub-115	epsilon	0.005340047751047633	0.039354759434274945	-0.06873193990600002	0.00017243264267749968	0.10585902518073712
fit-rw_positive_bias-full-prior1	rw_positive_bias	full	1.0	none	False	human_minus_computer	sub-116	epsilon	4.596495405525475e-05	0.00040156766050251203	-0.0007040593838373749	1.8193102713450003e-05	0.0008560091254782491
fit-rw_positive_bias-full-prior1	rw_positive_bias	full	1.0	none	False	human_minus_computer	sub-117	epsilon	0.0006589216759508113	0.0062445244651388905	-0.0060100346418117505	3.849176047739999e-05	0.012691280001202497
fit-rw_positive_bias-full-prior1	rw_positive_bias	full	1.0	none	False	human_minus_computer	sub-118	epsilon	-0.0009435304216146036	0.015925798615605044	-0.037246128797113746	0.0006721735295250018	0.025886046085368628
fit-rw_positive_bias-full-prior1	rw_positive_bias	full	1.0	none	False	human_minus_computer	sub-121	epsilon	0.005316550330292038	0.014773206551877771	-0.01212664256298125	0.0012776649247000001	0.044662946269838695
fit-rw_positive_bias-full-prior1	rw_positive_bias	full	1.0	none	False	human_minus_computer	sub-122	epsilon	0.003090994593376699	0.027887940253423137	-0.04644545738891	0.00022223374208325003	0.0675483115304512
fit-rw_positive_bias-full-prior1	rw_positive_bias	full	1.0	none	False	human_minus_computer	sub-124	epsilon	0.001315063132629959	0.009611237830917536	-0.013425802161382998	0.0007715138845875	0.02169821192150617
fit-rw_positive_bias-full-prior1	rw_positive_bias	full	1.0	none	False	human_minus_computer	sub-125	epsilon	0.0047424974292771364	0.024733899570018703	-0.0369106613906075	0.0005862904258632501	0.06206628811499242
fit-rw_positive_bias-full-prior1	rw_positive_bias	full	1.0	none	False	human_minus_computer	sub-126	epsilon	0.0032141580091039697	0.02802369238372166	-0.04024123163253757	0.00011970288988400005	0.07011859899109997
fit-rw_positive_bias-full-prior1	rw_positive_bias	full	1.0	none	False	human_minus_computer	sub-127	epsilon	6.630611257115515e-05	0.0004903181459178774	-0.0008939920572641252	2.6754081460750006e-05	0.001079660072416623
fit-rw_positive_bias-full-prior1	rw_positive_bias	full	1.0	none	False	human_minus_computer	sub-128	epsilon	9.545862213073009e-05	0.000823900112891787	-0.0018542945889711252	0.00011535398903874998	0.0016269333611343727
fit-rw_positive_bias-full-prior1	rw_positive_bias	full	1.0	none	False	human_minus_computer	sub-129	epsilon	0.0002482134504354727	0.0053747356891326184	-0.009607742430882126	8.804643008700002e-05	0.009800273288339002
fit-rw_positive_bias-full-prior1	rw_positive_bias	full	1.0	none	False	human_minus_computer	sub-130	epsilon	0.005012444145426159	0.03338957596271256	-0.048357344164617504	0.00018872854650225002	0.08985361214499975
fit-rw_positive_bias-full-prior1	rw_positive_bias	full	1.0	none	False	human_minus_computer	sub-132	epsilon	0.005056663218971328	0.02986420670541641	-0.03209492388310757	0.00014600116309100014	0.08151860837622461
fit-rw_positive_bias-full-prior1	rw_positive_bias	full	1.0	none	False	human_minus_computer	sub-133	epsilon	-0.0015578005779327585	0.043171161616440676	-0.11245993667722502	0.0002517502213912501	0.072586267806275
fit-rw_positive_bias-full-prior1	rw_positive_bias	full	1.0	none	False	human_minus_computer	sub-134	epsilon	0.0004164897438027878	0.006405797791457415	-0.003894924011749748	6.0142370421800005e-05	0.006136316021212743
fit-rw_positive_bias-full-prior1	rw_positive_bias	full	1.0	none	False	human_minus_computer	sub-135	epsilon	5.844990651027126e-05	0.000888450867532031	-0.0007944341187247501	2.202495226897499e-05	0.0009439886239839991
fit-rw_positive_bias-full-prior1	rw_positive_bias	full	1.0	none	False	human_minus_computer	sub-136	epsilon	0.0022153439839728757	0.015292516660399633	-0.03563619056908	0.0036054665028500063	0.027461822844629915
fit-rw_positive_bias-full-prior1	rw_positive_bias	full	1.0	none	False	human_minus_computer	sub-137	epsilon	0.00010683804336550698	0.0009000621861140235	-0.0015375971038458375	4.2350695492500125e-05	0.0018679102649862482
fit-rw_positive_bias-full-prior1	rw_positive_bias	full	1.0	none	False	human_minus_computer	sub-138	epsilon	0.02334928340084499	0.0583220161998994	-0.06598144735417624	0.004415384683625012	0.17490516833101158
fit-rw_positive_bias-full-prior1	rw_positive_bias	full	1.0	none	False	human_minus_computer	sub-140	epsilon	0.006263890562860194	0.04099566963055951	-0.07391473639996252	0.00029338220590199995	0.10980598047807492
fit-rw_positive_bias-full-prior1	rw_positive_bias	full	1.0	none	False	human_minus_computer	sub-141	epsilon	0.0044578041418293895	0.033047377591566236	-0.05083829807562495	0.00019504021326150004	0.08759652986215993
fit-rw_positive_bias-full-prior1	rw_positive_bias	full	1.0	none	False	human_minus_computer	sub-142	epsilon	-0.0038397896354394577	0.041779845439784365	-0.11436267542277499	0.000177879690986	0.06019631024277744
fit-rw_positive_bias-full-prior1	rw_positive_bias	full	1.0	none	False	human_minus_computer	sub-143	epsilon	0.0012142813435558916	0.008256463494152634	-0.009577847228274499	0.00016594447212900013	0.017879196711496195
fit-rw_positive_bias-full-prior1	rw_positive_bias	full	1.0	none	False	human_minus_computer	sub-144	epsilon	9.875109814872304e-05	0.0006004795936615071	-0.0010899564946412505	3.64710753027e-05	0.0014507381643879998
fit-rw_positive_bias-full-prior1	rw_positive_bias	full	1.0	none	False	human_minus_computer	sub-147	epsilon	0.0012671961829325317	0.005299829387644711	-0.0075963366393774975	0.0003625471099925001	0.012746465424145374
fit-rw_positive_bias-full-prior1	rw_positive_bias	full	1.0	none	False	human_minus_computer	sub-149	epsilon	0.00025306025471446485	0.0068950627710739395	-0.00620770498394575	3.490486859025001e-05	0.008473968007646219
fit-rw_positive_bias-full-prior1	rw_positive_bias	full	1.0	none	False	human_minus_computer	sub-150	epsilon	-0.00105062158744298	0.01933776120891431	-0.04851184965572625	0.0014224533562250024	0.029735766774898698
fit-rw_positive_bias-full-prior1	rw_positive_bias	full	1.0	none	False	human_minus_computer	sub-151	epsilon	0.00010083196511569707	0.0008286061787442562	-0.0013424961997349	3.330949172375002e-05	0.0017178816363531244
fit-rw_positive_bias-full-prior1	rw_positive_bias	full	1.0	none	False	human_minus_computer	sub-152	epsilon	0.0073135434630339944	0.039896784464952706	-0.05836943132088	0.000271013808311	0.11375269846391217
fit-rw_positive_bias-full-prior1	rw_positive_bias	full	1.0	none	False	human_minus_computer	sub-153	epsilon	0.004726420596130975	0.02204204281050972	-0.04407577546547501	0.003840616383200001	0.04644782417756991
fit-rw_positive_bias-full-prior1	rw_positive_bias	full	1.0	none	False	human_minus_computer	sub-154	epsilon	3.204094173508024e-05	0.00044349257382675155	-0.0008375307123981626	1.868490632422498e-05	0.0008512763880881491
fit-rw_positive_bias-full-prior1	rw_positive_bias	full	1.0	none	False	human_minus_computer	sub-155	epsilon	9.329555575637333e-05	0.00044163474092521625	-0.0007508484875065873	3.0337230127375002e-05	0.0011556601696082502
fit-rw_positive_bias-full-prior1	rw_positive_bias	full	1.0	none	False	human_minus_computer	sub-156	epsilon	0.0026452436409875714	0.028897541692151158	-0.042451178611375	0.00013181405521075007	0.06497197712517482
fit-rw_positive_bias-full-prior1	rw_positive_bias	full	1.0	none	False	human_minus_computer	sub-157	epsilon	0.01099470861314906	0.025969009767770213	-0.037381072535957495	0.007640442505600004	0.06983356570651246
fit-rw_positive_bias-full-prior1	rw_positive_bias	full	1.0	none	False	human_minus_computer	sub-158	epsilon	-0.0001416680731663708	0.0028067098820112025	-0.007144147124205999	0.0001315383833625	0.0043663374319624975
fit-rw_positive_bias-full-prior1	rw_positive_bias	full	1.0	none	False	human_minus_computer	sub-159	epsilon	0.0008458064784768264	0.002956729660698475	-0.005414390292158502	0.00087214338137	0.006672619625971744
fit-rw_positive_bias-full-prior1	rw_positive_bias	full	1.0	none	False	human_minus_computer	sample_mean	epsilon	0.0027058487696867027	0.00823304327638394	-0.014860151512390236	0.002934909873248923	0.018853836855861936
fit-rw_positive_bias-run1-prior1	rw_positive_bias	run1	1.0	none	False	similar_minus_dissimilar	sub-104	alpha	-0.09107851644589471	0.5848683132645347	-1.2672982864392501	-0.05955683589100001	1.0436992374235001
fit-rw_positive_bias-run1-prior1	rw_positive_bias	run1	1.0	none	False	similar_minus_dissimilar	sub-105	alpha	-0.039220322681909135	0.5364739690819765	-1.1354464013810002	-0.032730635676999964	1.0775710157802487
fit-rw_positive_bias-run1-prior1	rw_positive_bias	run1	1.0	none	False	similar_minus_dissimilar	sub-106	alpha	-0.039617022637134	1.2383479340846117	-1.8855385462689993	-0.03368833375000002	1.814557555307247
fit-rw_positive_bias-run1-prior1	rw_positive_bias	run1	1.0	none	False	similar_minus_dissimilar	sub-107	alpha	-0.20978532783632484	0.8559916489794179	-1.8724531514632499	-0.17789768912999981	1.3609066648322496
fit-rw_positive_bias-run1-prior1	rw_positive_bias	run1	1.0	none	False	similar_minus_dissimilar	sub-108	alpha	-0.21805193030622808	0.8317730130146945	-1.8459903962791497	-0.17537531275650012	1.2964549506364966
fit-rw_positive_bias-run1-prior1	rw_positive_bias	run1	1.0	none	False	similar_minus_dissimilar	sub-109	alpha	-0.11370770813042967	0.6301553181610913	-1.4148186173820003	-0.07832592300650004	1.073866491466746
fit-rw_positive_bias-run1-prior1	rw_positive_bias	run1	1.0	none	False	similar_minus_dissimilar	sub-110	alpha	0.014791625132486497	0.623553109833946	-1.1593342127795	-0.007700629863499953	1.3820394000077465
fit-rw_positive_bias-run1-prior1	rw_positive_bias	run1	1.0	none	False	similar_minus_dissimilar	sub-111	alpha	0.03481129067365029	0.7874981162292577	-1.4265902413612497	-0.0007989022200000084	1.7447449763474994
fit-rw_positive_bias-run1-prior1	rw_positive_bias	run1	1.0	none	False	similar_minus_dissimilar	sub-112	alpha	-0.092366103446208	0.8297688405907038	-1.68964855555425	-0.08015007660999995	1.4492895831332469
fit-rw_positive_bias-run1-prior1	rw_positive_bias	run1	1.0	none	False	similar_minus_dissimilar	sub-113	alpha	-0.08236155778478949	1.0427559473276626	-1.9166434609155	-0.09868113865499994	1.9846751547740002
fit-rw_positive_bias-run1-prior1	rw_positive_bias	run1	1.0	none	False	similar_minus_dissimilar	sub-115	alpha	-0.04889522494003855	0.5889323022760743	-1.2098006113200002	-0.04019911246049995	1.1552865964082417
fit-rw_positive_bias-run1-prior1	rw_positive_bias	run1	1.0	none	False	similar_minus_dissimilar	sub-116	alpha	-0.13559771165590315	0.856720477232995	-1.6407127341755	-0.1333475764805	1.4499541306289947
fit-rw_positive_bias-run1-prior1	rw_positive_bias	run1	1.0	none	False	similar_minus_dissimilar	sub-117	alpha	-0.10839747435257595	0.6499799349250639	-1.31489185156925	-0.09460611813999997	1.1610284142012435
fit-rw_positive_bias-run1-prior1	rw_positive_bias	run1	1.0	none	False	similar_minus_dissimilar	sub-118	alpha	-0.16696321967207672	0.6276943666054127	-1.4703001215045	-0.1228223531255	0.9533194920304989
fit-rw_positive_bias-run1-prior1	rw_positive_bias	run1	1.0	none	False	similar_minus_dissimilar	sub-121	alpha	-0.0816555662892953	0.5739404574681872	-1.2623719747615	-0.06642534913849998	1.0598270656599988
fit-rw_positive_bias-run1-prior1	rw_positive_bias	run1	1.0	none	False	similar_minus_dissimilar	sub-122	alpha	-0.2072550370705462	0.6069882558619601	-1.569033005723	-0.13261245434899993	0.8704249643588745
fit-rw_positive_bias-run1-prior1	rw_positive_bias	run1	1.0	none	False	similar_minus_dissimilar	sub-124	alpha	-0.030845486838952253	1.0051712002607625	-1.5474055321060005	-0.04369182052299986	1.643241572501997
fit-rw_positive_bias-run1-prior1	rw_positive_bias	run1	1.0	none	False	similar_minus_dissimilar	sub-125	alpha	-0.12308580624034736	0.6504545351428085	-1.4114835137135	-0.1121037159785	1.23501356739475
fit-rw_positive_bias-run1-prior1	rw_positive_bias	run1	1.0	none	False	similar_minus_dissimilar	sub-126	alpha	-0.08071788497919044	0.5601734643063051	-1.26346147732775	-0.05222854540800004	1.0558123108454998
fit-rw_positive_bias-run1-prior1	rw_positive_bias	run1	1.0	none	False	similar_minus_dissimilar	sub-127	alpha	0.09725101626522757	0.9394701085816374	-1.4274290340625	0.058241574990000045	1.9426145564927482
fit-rw_positive_bias-run1-prior1	rw_positive_bias	run1	1.0	none	False	similar_minus_dissimilar	sub-128	alpha	-0.31520276098165423	1.6934965317878559	-2.56570702765875	-0.35884906321	2.440103936680998
fit-rw_positive_bias-run1-prior1	rw_positive_bias	run1	1.0	none	False	similar_minus_dissimilar	sub-129	alpha	-0.11460359108000841	0.7270620025589969	-1.52988459562775	-0.102876374795	1.3423206758967494
fit-rw_positive_bias-run1-prior1	rw_positive_bias	run1	1.0	none	False	similar_minus_dissimilar	sub-130	alpha	-0.0892077298700289	0.5590941031273619	-1.2634922890380504	-0.061483831079999884	1.0470107242579998
fit-rw_positive_bias-run1-prior1	rw_positive_bias	run1	1.0	none	False	similar_minus_dissimilar	sub-132	alpha	-0.09570116433968485	0.5764806700525839	-1.27681225727725	-0.06088526772300004	0.9979648561325
fit-rw_positive_bias-run1-prior1	rw_positive_bias	run1	1.0	none	False	similar_minus_dissimilar	sub-133	alpha	-0.09958378897100352	0.5631967918490688	-1.2903888760704998	-0.062346307013499996	0.9866147904142498
fit-rw_positive_bias-run1-prior1	rw_positive_bias	run1	1.0	none	False	similar_minus_dissimilar	sub-134	alpha	-0.07539026291283679	0.9800689633136827	-1.5617840939272498	-0.074858623702	1.5074030145222463
fit-rw_positive_bias-run1-prior1	rw_positive_bias	run1	1.0	none	False	similar_minus_dissimilar	sub-135	alpha	0.08010950311017162	0.7506810502633974	-1.2078900996447501	0.016334794416499987	1.7669134943745
fit-rw_positive_bias-run1-prior1	rw_positive_bias	run1	1.0	none	False	similar_minus_dissimilar	sub-136	alpha	-0.05784359306918778	1.2735953240837097	-1.85888460486225	-0.07090508793	1.905332498171996
fit-rw_positive_bias-run1-prior1	rw_positive_bias	run1	1.0	none	False	similar_minus_dissimilar	sub-137	alpha	-0.19054684718226506	1.243893194565692	-1.95444460504475	-0.17663255055299992	1.4249111296742452
fit-rw_positive_bias-run1-prior1	rw_positive_bias	run1	1.0	none	False	similar_minus_dissimilar	sub-138	alpha	-0.13001200064319793	0.6631633611489092	-1.5315215224195002	-0.09868380045000014	1.1645530089669993
fit-rw_positive_bias-run1-prior1	rw_positive_bias	run1	1.0	none	False	similar_minus_dissimilar	sub-140	alpha	-0.05312105927955908	0.5425912190486355	-1.13505930008975	-0.05277550699500022	1.1551005210634993
fit-rw_positive_bias-run1-prior1	rw_positive_bias	run1	1.0	none	False	similar_minus_dissimilar	sub-141	alpha	-0.0914510483544197	0.5767585926165201	-1.29122505824225	-0.06274435168349995	1.0749972474642464
fit-rw_positive_bias-run1-prior1	rw_positive_bias	run1	1.0	none	False	similar_minus_dissimilar	sub-142	alpha	-0.04738761920964067	0.5909301053295556	-1.2056864786717498	-0.04168413347650002	1.1645028468387741
fit-rw_positive_bias-run1-prior1	rw_positive_bias	run1	1.0	none	False	similar_minus_dissimilar	sub-143	alpha	-0.1373498968087179	0.6335963740557564	-1.45132884731375	-0.09684409249949993	1.0767435219652497
fit-rw_positive_bias-run1-prior1	rw_positive_bias	run1	1.0	none	False	similar_minus_dissimilar	sub-144	alpha	-0.12822603091534895	1.0851007496600027	-1.8443494156519997	-0.15479919868500014	1.8778939876994996
fit-rw_positive_bias-run1-prior1	rw_positive_bias	run1	1.0	none	False	similar_minus_dissimilar	sub-147	alpha	0.022212963499986187	0.7127131267607917	-1.2467338181762504	-0.022639244376000178	1.6092017426789966
fit-rw_positive_bias-run1-prior1	rw_positive_bias	run1	1.0	none	False	similar_minus_dissimilar	sub-149	alpha	-0.17223145225676528	0.8417847914629777	-1.76046933901925	-0.137148966468	1.349469038260749
fit-rw_positive_bias-run1-prior1	rw_positive_bias	run1	1.0	none	False	similar_minus_dissimilar	sub-150	alpha	-0.1323094520013788	0.6432494617197902	-1.43767003789325	-0.11231900238999992	1.1679023432157485
fit-rw_positive_bias-run1-prior1	rw_positive_bias	run1	1.0	none	False	similar_minus_dissimilar	sub-151	alpha	-0.03063173103363708	0.8362235067046779	-1.6145944837959998	-0.033192434715	1.6484351996242501
fit-rw_positive_bias-run1-prior1	rw_positive_bias	run1	1.0	none	False	similar_minus_dissimilar	sub-152	alpha	-0.09092527192543857	0.5789007999506353	-1.2830813579467502	-0.06236789910399995	1.0442579575064994
fit-rw_positive_bias-run1-prior1	rw_positive_bias	run1	1.0	none	False	similar_minus_dissimilar	sub-153	alpha	-0.04738801627588909	0.681199171270012	-1.2992525614592498	-0.047009156632000004	1.308138392536999
fit-rw_positive_bias-run1-prior1	rw_positive_bias	run1	1.0	none	False	similar_minus_dissimilar	sub-154	alpha	-0.17440484662666525	0.6696704944928835	-1.6279020008949998	-0.13455798010499986	1.0777730893447426
fit-rw_positive_bias-run1-prior1	rw_positive_bias	run1	1.0	none	False	similar_minus_dissimilar	sub-155	alpha	-0.18893021202244548	1.871248815854667	-2.6141150082412494	-0.20741415122500007	2.4941854363822444
fit-rw_positive_bias-run1-prior1	rw_positive_bias	run1	1.0	none	False	similar_minus_dissimilar	sub-156	alpha	-0.0849674438723468	0.5810294250248376	-1.2525898842342247	-0.054933095322000025	1.0605384112964953
fit-rw_positive_bias-run1-prior1	rw_positive_bias	run1	1.0	none	False	similar_minus_dissimilar	sub-157	alpha	-0.1709541807026735	0.7082420973602577	-1.64466756886	-0.11574722315499997	1.1270954831704993
fit-rw_positive_bias-run1-prior1	rw_positive_bias	run1	1.0	none	False	similar_minus_dissimilar	sub-158	alpha	-0.1733701337288269	0.741951705584677	-1.53075853387725	-0.1569898970250001	1.1834464042157495
fit-rw_positive_bias-run1-prior1	rw_positive_bias	run1	1.0	none	False	similar_minus_dissimilar	sub-159	alpha	-0.14060255151628465	0.7591746238973168	-1.7557409242025002	-0.10826760165699992	1.3056286445127496
fit-rw_positive_bias-run1-prior1	rw_positive_bias	run1	1.0	none	False	similar_minus_dissimilar	sample_mean	alpha	-0.09899506783417504	0.5141290828636638	-1.1068283730353463	-0.11536593651360638	1.0080711041237715
fit-rw_positive_bias-run1-prior1	rw_positive_bias	run1	1.0	none	False	similar_minus_dissimilar	sub-104	gamma	-0.06915850922200154	1.9858056195081968	-3.1516516757549997	-0.03303409644100018	2.8931601531229765
fit-rw_positive_bias-run1-prior1	rw_positive_bias	run1	1.0	none	False	similar_minus_dissimilar	sub-105	gamma	-0.2247976603110128	0.3078110642561791	-0.98372853829125	-0.17273257966400005	0.2388783927914746
fit-rw_positive_bias-run1-prior1	rw_positive_bias	run1	1.0	none	False	similar_minus_dissimilar	sub-106	gamma	0.01999920144775752	4.826606160902931	-5.5164629611325	0.001976322442499956	5.692097252339245
fit-rw_positive_bias-run1-prior1	rw_positive_bias	run1	1.0	none	False	similar_minus_dissimilar	sub-107	gamma	-0.14478661044432733	0.5256493512252058	-1.3168599268617749	-0.10869065175999998	0.7217602551149488
fit-rw_positive_bias-run1-prior1	rw_positive_bias	run1	1.0	none	False	similar_minus_dissimilar	sub-108	gamma	0.2825060340362943	0.5972987187069771	-0.48567732987219997	0.11959586292650001	1.7613367198567236
fit-rw_positive_bias-run1-prior1	rw_positive_bias	run1	1.0	none	False	similar_minus_dissimilar	sub-109	gamma	-0.6074686127094553	1.9911524167919523	-4.920193158990225	-0.2646780141545001	1.8747075380957976
fit-rw_positive_bias-run1-prior1	rw_positive_bias	run1	1.0	none	False	similar_minus_dissimilar	sub-110	gamma	0.29010386929656085	0.5370654467143755	-0.41302228993470014	0.18709311651050003	1.6062311286237747
fit-rw_positive_bias-run1-prior1	rw_positive_bias	run1	1.0	none	False	similar_minus_dissimilar	sub-111	gamma	-0.09926628167441913	1.0298760258655204	-2.20128273847375	-0.050267009577000005	1.7547328159133986
fit-rw_positive_bias-run1-prior1	rw_positive_bias	run1	1.0	none	False	similar_minus_dissimilar	sub-112	gamma	-0.07443504204525053	3.473635126654347	-6.26493308513125	-0.014599532501499979	5.602896614922989
fit-rw_positive_bias-run1-prior1	rw_positive_bias	run1	1.0	none	False	similar_minus_dissimilar	sub-113	gamma	-0.14357736370487703	2.813469641844009	-4.8836511155225	-0.061375314001499925	4.230934693182745
fit-rw_positive_bias-run1-prior1	rw_positive_bias	run1	1.0	none	False	similar_minus_dissimilar	sub-115	gamma	-0.05129327782976522	0.08425015191827329	-0.2357352011217275	-0.04262365078330001	0.10064892410874242
fit-rw_positive_bias-run1-prior1	rw_positive_bias	run1	1.0	none	False	similar_minus_dissimilar	sub-116	gamma	-0.07698720308458847	1.3096267968497506	-2.54499435417515	-0.086452676896	2.53619242979775
fit-rw_positive_bias-run1-prior1	rw_positive_bias	run1	1.0	none	False	similar_minus_dissimilar	sub-117	gamma	-0.13967232123974413	2.0188619772434024	-4.141600156959999	-0.04935857671499999	3.291089015471173
fit-rw_positive_bias-run1-prior1	rw_positive_bias	run1	1.0	none	False	similar_minus_dissimilar	sub-118	gamma	-0.2574330223611493	0.20351694454483885	-0.7642463451086251	-0.2195679472205	0.017859343787375005
fit-rw_positive_bias-run1-prior1	rw_positive_bias	run1	1.0	none	False	similar_minus_dissimilar	sub-121	gamma	0.12661991827531405	0.32989545133769527	-0.46209744846775	0.09234221939600001	0.9066756850722248
fit-rw_positive_bias-run1-prior1	rw_positive_bias	run1	1.0	none	False	similar_minus_dissimilar	sub-122	gamma	-0.22169820953031855	0.6600362680862071	-1.46592295352455	-0.210164860201	1.1999417151828977
fit-rw_positive_bias-run1-prior1	rw_positive_bias	run1	1.0	none	False	similar_minus_dissimilar	sub-124	gamma	0.5204533372111599	4.387670543874066	-6.25783924119475	0.4023164363325001	7.598346539829745
fit-rw_positive_bias-run1-prior1	rw_positive_bias	run1	1.0	none	False	similar_minus_dissimilar	sub-125	gamma	0.06463202342198031	0.20674652960366552	-0.310160699879575	0.04721577627500001	0.5203266520382499
fit-rw_positive_bias-run1-prior1	rw_positive_bias	run1	1.0	none	False	similar_minus_dissimilar	sub-126	gamma	-0.0721823823622232	2.2854020809998667	-3.1956083254005	-0.021897055271999977	2.703655817717993
fit-rw_positive_bias-run1-prior1	rw_positive_bias	run1	1.0	none	False	similar_minus_dissimilar	sub-127	gamma	1.05248878228782	1.6872643737072917	-0.5720552701976	0.6119737672644999	5.354311473671739
fit-rw_positive_bias-run1-prior1	rw_positive_bias	run1	1.0	none	False	similar_minus_dissimilar	sub-128	gamma	-0.3023267588014326	3.5438209212845653	-6.291315319524749	-0.21634813965849986	5.426004252260736
fit-rw_positive_bias-run1-prior1	rw_positive_bias	run1	1.0	none	False	similar_minus_dissimilar	sub-129	gamma	-0.07924025971981478	0.757990544715355	-1.67451322032675	-0.04652315819199998	1.3655121863024247
fit-rw_positive_bias-run1-prior1	rw_positive_bias	run1	1.0	none	False	similar_minus_dissimilar	sub-130	gamma	-0.039580990616407706	0.41427287987749123	-0.83577826869505	-0.022397921802499998	0.6585993555153239
fit-rw_positive_bias-run1-prior1	rw_positive_bias	run1	1.0	none	False	similar_minus_dissimilar	sub-132	gamma	-0.04154921623504142	1.3592908703453417	-2.3391366751097507	-0.038116585813000065	2.3508468287687485
fit-rw_positive_bias-run1-prior1	rw_positive_bias	run1	1.0	none	False	similar_minus_dissimilar	sub-133	gamma	-0.10832410955493284	1.0436443455770679	-2.0756292278906248	-0.05020048030500013	1.5787344592269963
fit-rw_positive_bias-run1-prior1	rw_positive_bias	run1	1.0	none	False	similar_minus_dissimilar	sub-134	gamma	0.2021892683642155	0.8013612825665181	-1.041961365466575	0.07718500143050006	2.049164786140899
fit-rw_positive_bias-run1-prior1	rw_positive_bias	run1	1.0	none	False	similar_minus_dissimilar	sub-135	gamma	0.3039354758329376	0.4406339889877721	-0.14931874500502498	0.19459111305190002	1.4207029709461074
fit-rw_positive_bias-run1-prior1	rw_positive_bias	run1	1.0	none	False	similar_minus_dissimilar	sub-136	gamma	0.10194625052724804	4.096029095388714	-6.616149810746	0.10409910590850002	6.921086958308234
fit-rw_positive_bias-run1-prior1	rw_positive_bias	run1	1.0	none	False	similar_minus_dissimilar	sub-137	gamma	-1.2356486562710178	1.773625971778789	-5.4850404898194	-0.778875324088	0.36729432146089896
fit-rw_positive_bias-run1-prior1	rw_positive_bias	run1	1.0	none	False	similar_minus_dissimilar	sub-138	gamma	-0.04406020449208495	0.16919272293292092	-0.39521677100795	-0.0392517035645	0.29099199028567474
fit-rw_positive_bias-run1-prior1	rw_positive_bias	run1	1.0	none	False	similar_minus_dissimilar	sub-140	gamma	0.14486014402452477	0.20905603675178125	-0.13445543902807497	0.1015700848835	0.6618226632514747
fit-rw_positive_bias-run1-prior1	rw_positive_bias	run1	1.0	none	False	similar_minus_dissimilar	sub-141	gamma	-0.016884452891251546	0.3683904083596189	-0.7499799778504751	-0.01295148882500001	0.7109889178882747
fit-rw_positive_bias-run1-prior1	rw_positive_bias	run1	1.0	none	False	similar_minus_dissimilar	sub-142	gamma	0.2221711345201255	1.714464835085927	-1.7469381885522501	0.12759305663050002	2.606849359188925
fit-rw_positive_bias-run1-prior1	rw_positive_bias	run1	1.0	none	False	similar_minus_dissimilar	sub-143	gamma	-0.4750733080914477	1.0164563637138238	-2.87091571971125	-0.26901635910050004	0.7586980359996746
fit-rw_positive_bias-run1-prior1	rw_positive_bias	run1	1.0	none	False	similar_minus_dissimilar	sub-144	gamma	0.46790883717502524	2.231211234974393	-2.74645916763625	0.14279687705999988	5.4810668716682365
fit-rw_positive_bias-run1-prior1	rw_positive_bias	run1	1.0	none	False	similar_minus_dissimilar	sub-147	gamma	0.2336104117063288	0.46193691671868214	-0.50869083497875	0.17493675493900002	1.3012278190367976
fit-rw_positive_bias-run1-prior1	rw_positive_bias	run1	1.0	none	False	similar_minus_dissimilar	sub-149	gamma	0.03186240256091608	3.65193423401693	-5.388219651747501	-0.07628116139699997	6.075785647798734
fit-rw_positive_bias-run1-prior1	rw_positive_bias	run1	1.0	none	False	similar_minus_dissimilar	sub-150	gamma	-0.6408619841922771	0.7833750762283448	-2.686595361395	-0.4357875569585001	0.1490719747954998
fit-rw_positive_bias-run1-prior1	rw_positive_bias	run1	1.0	none	False	similar_minus_dissimilar	sub-151	gamma	0.0005028834355337039	0.99025981442421	-1.90634560477925	-0.022062245167499994	2.001014893012299
fit-rw_positive_bias-run1-prior1	rw_positive_bias	run1	1.0	none	False	similar_minus_dissimilar	sub-152	gamma	-0.12004017674663	2.155287978842189	-3.4105760428535	-0.041405451044849995	2.6166380341582447
fit-rw_positive_bias-run1-prior1	rw_positive_bias	run1	1.0	none	False	similar_minus_dissimilar	sub-153	gamma	0.29666667832587046	1.7072096495112994	-2.1959745433065754	0.09621892216200001	3.984269490485746
fit-rw_positive_bias-run1-prior1	rw_positive_bias	run1	1.0	none	False	similar_minus_dissimilar	sub-154	gamma	-0.4560584999496129	0.5296170877863594	-1.758307752795275	-0.31753180689149996	0.035314786001999984
fit-rw_positive_bias-run1-prior1	rw_positive_bias	run1	1.0	none	False	similar_minus_dissimilar	sub-155	gamma	-0.2869757047713813	4.143236682141238	-8.219561998709748	-0.17121700687500002	6.89729404492525
fit-rw_positive_bias-run1-prior1	rw_positive_bias	run1	1.0	none	False	similar_minus_dissimilar	sub-156	gamma	-0.07717805195440774	2.1893570957318857	-3.0264829605675	-0.029809492553499996	2.5551918657670694
fit-rw_positive_bias-run1-prior1	rw_positive_bias	run1	1.0	none	False	similar_minus_dissimilar	sub-157	gamma	-0.7257535572502346	1.122955542986624	-3.5074456371301506	-0.46347511477899994	0.5695301334877495
fit-rw_positive_bias-run1-prior1	rw_positive_bias	run1	1.0	none	False	similar_minus_dissimilar	sub-158	gamma	-0.140548005786019	0.43559841479476247	-1.1084889351992502	-0.109754439456	0.6900428872363727
fit-rw_positive_bias-run1-prior1	rw_positive_bias	run1	1.0	none	False	similar_minus_dissimilar	sub-159	gamma	-0.5058955360619681	0.6194235812629646	-2.0508566249543	-0.35295860583899996	0.17553525393099995
fit-rw_positive_bias-run1-prior1	rw_positive_bias	run1	1.0	none	False	similar_minus_dissimilar	sample_mean	gamma	-0.06630424079692515	0.39483716325996693	-0.833495613773485	-0.06420804253843831	0.6945515035059406
fit-rw_positive_bias-run1-prior1	rw_positive_bias	run1	1.0	none	False	similar_minus_dissimilar	sub-104	f0	0.10809518193061918	0.7244077408253701	-1.348112235092498	0.05280112711000018	1.7896645953539958
fit-rw_positive_bias-run1-prior1	rw_positive_bias	run1	1.0	none	False	similar_minus_dissimilar	sub-105	f0	0.4804960836595445	1.1980738431322504	-1.717757107219499	0.4099775191399999	3.0477156891679993
fit-rw_positive_bias-run1-prior1	rw_positive_bias	run1	1.0	none	False	similar_minus_dissimilar	sub-106	f0	0.5103293203975858	1.1095386354651524	-1.6332218685317494	0.4962452342150012	2.748436159426997
fit-rw_positive_bias-run1-prior1	rw_positive_bias	run1	1.0	none	False	similar_minus_dissimilar	sub-107	f0	-0.03242951947165644	1.2207411615274582	-2.7621094720072503	0.04926721279999935	2.217830291387497
fit-rw_positive_bias-run1-prior1	rw_positive_bias	run1	1.0	none	False	similar_minus_dissimilar	sub-108	f0	-0.2429466581484505	1.2433553022623114	-3.0294729683075006	-0.14034393954000035	2.0242066877879985
fit-rw_positive_bias-run1-prior1	rw_positive_bias	run1	1.0	none	False	similar_minus_dissimilar	sub-109	f0	0.11962735182689695	0.7394995579657242	-1.3075631974675	0.08072502690499994	1.7401945638872482
fit-rw_positive_bias-run1-prior1	rw_positive_bias	run1	1.0	none	False	similar_minus_dissimilar	sub-110	f0	0.463718764608055	1.1759262511879391	-1.7531675634307506	0.4167629433100002	2.9307023446792493
fit-rw_positive_bias-run1-prior1	rw_positive_bias	run1	1.0	none	False	similar_minus_dissimilar	sub-111	f0	0.49417172784208757	1.1706223159922664	-1.651201706895	0.4300120097100004	3.0007084251764984
fit-rw_positive_bias-run1-prior1	rw_positive_bias	run1	1.0	none	False	similar_minus_dissimilar	sub-112	f0	0.16744171926502868	0.6102122964300049	-0.9694532814595002	0.1115464693899999	1.5562768700137493
fit-rw_positive_bias-run1-prior1	rw_positive_bias	run1	1.0	none	False	similar_minus_dissimilar	sub-113	f0	0.35641323538319086	1.1998222706780204	-1.9668632452332508	0.3295288205499993	2.823910368806246
fit-rw_positive_bias-run1-prior1	rw_positive_bias	run1	1.0	none	False	similar_minus_dissimilar	sub-115	f0	0.2245728229951714	0.9053131997437078	-1.5275134368597494	0.11069720964250063	2.3377021120374994
fit-rw_positive_bias-run1-prior1	rw_positive_bias	run1	1.0	none	False	similar_minus_dissimilar	sub-116	f0	0.11451591447359832	1.081290466072595	-2.0250873817807498	0.1023119187999999	2.2855634257535002
fit-rw_positive_bias-run1-prior1	rw_positive_bias	run1	1.0	none	False	similar_minus_dissimilar	sub-117	f0	0.14148973337933493	0.821691289756827	-1.46950574492	0.11141947004999975	1.9236268468719995
fit-rw_positive_bias-run1-prior1	rw_positive_bias	run1	1.0	none	False	similar_minus_dissimilar	sub-118	f0	0.136001208644163	1.1909907707106018	-2.2921465826097505	0.14070501209999975	2.511788814683248
fit-rw_positive_bias-run1-prior1	rw_positive_bias	run1	1.0	none	False	similar_minus_dissimilar	sub-121	f0	0.24131333683166206	1.1587231426365774	-2.0241835702065	0.21982240309999934	2.594295209181249
fit-rw_positive_bias-run1-prior1	rw_positive_bias	run1	1.0	none	False	similar_minus_dissimilar	sub-122	f0	0.011407802410955455	1.0908805562497355	-2.35081652471225	0.027015387059999174	2.199640388677497
fit-rw_positive_bias-run1-prior1	rw_positive_bias	run1	1.0	none	False	similar_minus_dissimilar	sub-124	f0	0.16770441641708295	0.5429614993851144	-0.758352016637	0.09553925091499993	1.4398841857784994
fit-rw_positive_bias-run1-prior1	rw_positive_bias	run1	1.0	none	False	similar_minus_dissimilar	sub-125	f0	0.11735127866904005	1.172571753401942	-2.34609076167175	0.1402875896600002	2.419269504579996
fit-rw_positive_bias-run1-prior1	rw_positive_bias	run1	1.0	none	False	similar_minus_dissimilar	sub-126	f0	0.12616515792381255	0.7284482077382285	-1.335772152471501	0.05876663016049995	1.8301384755142496
fit-rw_positive_bias-run1-prior1	rw_positive_bias	run1	1.0	none	False	similar_minus_dissimilar	sub-127	f0	0.6355634806260133	1.1708839791114023	-1.4926198950425	0.5667088180999995	3.1187022520449985
fit-rw_positive_bias-run1-prior1	rw_positive_bias	run1	1.0	none	False	similar_minus_dissimilar	sub-128	f0	-0.22461526002185586	0.9677509571063017	-2.3505795629649993	-0.10671252054999947	1.4556240788500001
fit-rw_positive_bias-run1-prior1	rw_positive_bias	run1	1.0	none	False	similar_minus_dissimilar	sub-129	f0	0.1687447660472625	1.1056495722092712	-2.0169292390177502	0.14717246431500008	2.381414020643999
fit-rw_positive_bias-run1-prior1	rw_positive_bias	run1	1.0	none	False	similar_minus_dissimilar	sub-130	f0	0.13872442152750936	0.8074293111858359	-1.49109160404675	0.06585421728000007	2.0129502906122436
fit-rw_positive_bias-run1-prior1	rw_positive_bias	run1	1.0	none	False	similar_minus_dissimilar	sub-132	f0	0.10706808567685874	0.77225835530216	-1.4661387030240003	0.0610779671235	1.836811687299247
fit-rw_positive_bias-run1-prior1	rw_positive_bias	run1	1.0	none	False	similar_minus_dissimilar	sub-133	f0	0.1935858605111508	0.9109492275682683	-1.6002649761145007	0.11610924078000007	2.2601320645052487
fit-rw_positive_bias-run1-prior1	rw_positive_bias	run1	1.0	none	False	similar_minus_dissimilar	sub-134	f0	0.11977351893444411	0.7537849679556086	-1.4004999656895003	0.10404862268000004	1.7175767417574972
fit-rw_positive_bias-run1-prior1	rw_positive_bias	run1	1.0	none	False	similar_minus_dissimilar	sub-135	f0	0.2918284282469426	0.9543148894780472	-1.4496213621599998	0.19584266099999859	2.466635951011243
fit-rw_positive_bias-run1-prior1	rw_positive_bias	run1	1.0	none	False	similar_minus_dissimilar	sub-136	f0	0.3562977411503058	0.9277469044417738	-1.396328707140499	0.31697226419000035	2.3061485290842487
fit-rw_positive_bias-run1-prior1	rw_positive_bias	run1	1.0	none	False	similar_minus_dissimilar	sub-137	f0	0.06461459899345832	1.1272372603557013	-2.1585116559947495	0.07966793745999912	2.3018194466904998
fit-rw_positive_bias-run1-prior1	rw_positive_bias	run1	1.0	none	False	similar_minus_dissimilar	sub-138	f0	0.23014651288204346	1.073510335545525	-1.9101562608680007	0.164141865825	2.512616888104999
fit-rw_positive_bias-run1-prior1	rw_positive_bias	run1	1.0	none	False	similar_minus_dissimilar	sub-140	f0	0.16264610259561657	1.0031830703537954	-1.9243549580709995	0.11295228714499994	2.272940356011498
fit-rw_positive_bias-run1-prior1	rw_positive_bias	run1	1.0	none	False	similar_minus_dissimilar	sub-141	f0	0.13666359072102735	0.8089505004642925	-1.47341009735925	0.07056312720399996	1.9528384059337498
fit-rw_positive_bias-run1-prior1	rw_positive_bias	run1	1.0	none	False	similar_minus_dissimilar	sub-142	f0	0.2553595592193072	0.9610945511277744	-1.6378487384574993	0.19519239414999934	2.3910809820749948
fit-rw_positive_bias-run1-prior1	rw_positive_bias	run1	1.0	none	False	similar_minus_dissimilar	sub-143	f0	0.10804515870261726	0.8320796122854975	-1.4875071271857498	0.0859654478999996	1.8766766027982467
fit-rw_positive_bias-run1-prior1	rw_positive_bias	run1	1.0	none	False	similar_minus_dissimilar	sub-144	f0	0.08692214898390084	1.0408851052564487	-1.9707225978324991	0.08382781118999993	2.1531171964574978
fit-rw_positive_bias-run1-prior1	rw_positive_bias	run1	1.0	none	False	similar_minus_dissimilar	sub-147	f0	0.319676010481499	0.9196821241439913	-1.4500651017257498	0.2609410964550003	2.29433995853725
fit-rw_positive_bias-run1-prior1	rw_positive_bias	run1	1.0	none	False	similar_minus_dissimilar	sub-149	f0	-0.06794280790904776	0.845185459939568	-1.7063683172295003	-0.09406710509999994	1.709822615891499
fit-rw_positive_bias-run1-prior1	rw_positive_bias	run1	1.0	none	False	similar_minus_dissimilar	sub-150	f0	0.1877052054878913	1.1168603428204724	-1.9969123134512499	0.15611099790499994	2.5108672852284952
fit-rw_positive_bias-run1-prior1	rw_positive_bias	run1	1.0	none	False	similar_minus_dissimilar	sub-151	f0	0.5237811428201009	1.0971966344895028	-1.599815257952501	0.5165424089050008	2.733300344500747
fit-rw_positive_bias-run1-prior1	rw_positive_bias	run1	1.0	none	False	similar_minus_dissimilar	sub-152	f0	0.11370711975714962	0.7211697861933786	-1.3201363613725	0.056037233375000106	1.8062325004492399
fit-rw_positive_bias-run1-prior1	rw_positive_bias	run1	1.0	none	False	similar_minus_dissimilar	sub-153	f0	0.3312649627584159	1.0255565858037037	-1.6414747041675006	0.3007193031950002	2.4344677185887487
fit-rw_positive_bias-run1-prior1	rw_positive_bias	run1	1.0	none	False	similar_minus_dissimilar	sub-154	f0	0.24090220096957182	1.130926934394297	-2.04391905288075	0.2318674821500002	2.4840590260549944
fit-rw_positive_bias-run1-prior1	rw_positive_bias	run1	1.0	none	False	similar_minus_dissimilar	sub-155	f0	0.06066917938641708	0.9412364755970766	-1.9177509231749996	0.09663305539999989	1.8379240896424998
fit-rw_positive_bias-run1-prior1	rw_positive_bias	run1	1.0	none	False	similar_minus_dissimilar	sub-156	f0	0.11926793931311831	0.7164762446948533	-1.3461058580217502	0.05889850754999992	1.7964170236914996
fit-rw_positive_bias-run1-prior1	rw_positive_bias	run1	1.0	none	False	similar_minus_dissimilar	sub-157	f0	0.23514311462203188	0.9163079208320143	-1.49707128537325	0.19298326420099995	2.1844541408992484
fit-rw_positive_bias-run1-prior1	rw_positive_bias	run1	1.0	none	False	similar_minus_dissimilar	sub-158	f0	0.05079691595709708	1.0718278886049741	-2.201116982845751	0.07754247887500121	2.0968150397049916
fit-rw_positive_bias-run1-prior1	rw_positive_bias	run1	1.0	none	False	similar_minus_dissimilar	sub-159	f0	0.31903474889598377	1.0473831482812215	-1.7370036327802498	0.29887517050000056	2.4066627610197493
fit-rw_positive_bias-run1-prior1	rw_positive_bias	run1	1.0	none	False	similar_minus_dissimilar	sample_mean	f0	0.19086836864626708	0.7424685789711545	-1.208339159284888	0.17939392566046064	1.7144641615849954
fit-rw_positive_bias-run1-prior1	rw_positive_bias	run1	1.0	none	False	similar_minus_dissimilar	sub-104	epsilon	-0.004151165515134945	0.03727372862435598	-0.08351210499238007	-0.00031715841904999994	0.03564385428717495
fit-rw_positive_bias-run1-prior1	rw_positive_bias	run1	1.0	none	False	similar_minus_dissimilar	sub-105	epsilon	-0.0039390571064697585	0.031815721019276856	-0.0655012542326475	-0.000669955985493	0.039405145122016934
fit-rw_positive_bias-run1-prior1	rw_positive_bias	run1	1.0	none	False	similar_minus_dissimilar	sub-106	epsilon	-0.0015194766421292355	0.008092162031179831	-0.020081218816109993	-0.0002654409908705	0.010570143047517964
fit-rw_positive_bias-run1-prior1	rw_positive_bias	run1	1.0	none	False	similar_minus_dissimilar	sub-107	epsilon	0.008546676787907761	0.0823368134812231	-0.169956681392275	-0.00021580201809599992	0.23725555766581286
fit-rw_positive_bias-run1-prior1	rw_positive_bias	run1	1.0	none	False	similar_minus_dissimilar	sub-108	epsilon	-0.0001227168587861424	0.03347987377288694	-0.0585837531622725	-0.00032516756735899996	0.07245658559281985
fit-rw_positive_bias-run1-prior1	rw_positive_bias	run1	1.0	none	False	similar_minus_dissimilar	sub-109	epsilon	-0.0026817793812024255	0.023200871690029892	-0.0406273552819425	-0.0003418355532	0.01822136745795245
fit-rw_positive_bias-run1-prior1	rw_positive_bias	run1	1.0	none	False	similar_minus_dissimilar	sub-110	epsilon	-0.00241443740685956	0.011373315723342776	-0.0265872301749215	-0.00034171830026400005	0.008723363823375213
fit-rw_positive_bias-run1-prior1	rw_positive_bias	run1	1.0	none	False	similar_minus_dissimilar	sub-111	epsilon	-0.055132328239942276	0.061029886652529335	-0.1919716603289125	-0.04241643716600001	0.030908831296544974
fit-rw_positive_bias-run1-prior1	rw_positive_bias	run1	1.0	none	False	similar_minus_dissimilar	sub-112	epsilon	-0.01921796914651915	0.079740601896216	-0.20303667702135	-0.009802183123649996	0.14100955854375
fit-rw_positive_bias-run1-prior1	rw_positive_bias	run1	1.0	none	False	similar_minus_dissimilar	sub-113	epsilon	-0.021431920052265775	0.04985549253913532	-0.14100236959455	-0.012142473386850008	0.0634454399871499
fit-rw_positive_bias-run1-prior1	rw_positive_bias	run1	1.0	none	False	similar_minus_dissimilar	sub-115	epsilon	-0.012495781289878152	0.05849356100999712	-0.19014425432814996	-0.000417407274275	0.05756949315032249
fit-rw_positive_bias-run1-prior1	rw_positive_bias	run1	1.0	none	False	similar_minus_dissimilar	sub-116	epsilon	-0.00014317894381151106	0.0018311423981673648	-0.0034818569722570004	-7.957664553400005e-05	0.0035309148617464854
fit-rw_positive_bias-run1-prior1	rw_positive_bias	run1	1.0	none	False	similar_minus_dissimilar	sub-117	epsilon	-0.01772518136942076	0.07785289242864375	-0.22476251956335	-0.0008252451370799998	0.12866352280962481
fit-rw_positive_bias-run1-prior1	rw_positive_bias	run1	1.0	none	False	similar_minus_dissimilar	sub-118	epsilon	0.0017078446476146063	0.032537147188879526	-0.0316613387887505	-0.00036498039730100003	0.060986386639159736
fit-rw_positive_bias-run1-prior1	rw_positive_bias	run1	1.0	none	False	similar_minus_dissimilar	sub-121	epsilon	-0.009806136404548275	0.04505653501585651	-0.12279137078900748	-0.0016424926011199999	0.060931400297542286
fit-rw_positive_bias-run1-prior1	rw_positive_bias	run1	1.0	none	False	similar_minus_dissimilar	sub-122	epsilon	-0.0006162497638165774	0.04398454674889362	-0.07381618698256251	-0.00039678705551000003	0.08541536723297447
fit-rw_positive_bias-run1-prior1	rw_positive_bias	run1	1.0	none	False	similar_minus_dissimilar	sub-124	epsilon	-0.00633699265863365	0.034113551109057415	-0.08543058540106249	-0.001760074903295	0.046989989971632486
fit-rw_positive_bias-run1-prior1	rw_positive_bias	run1	1.0	none	False	similar_minus_dissimilar	sub-125	epsilon	-0.0059126338902200995	0.030164132100901492	-0.07595636995999751	-0.001086062466095	0.043744845149675
fit-rw_positive_bias-run1-prior1	rw_positive_bias	run1	1.0	none	False	similar_minus_dissimilar	sub-126	epsilon	-0.004675949377095447	0.04056040115955365	-0.097824618578185	-0.00023367468223799997	0.03806396176008721
fit-rw_positive_bias-run1-prior1	rw_positive_bias	run1	1.0	none	False	similar_minus_dissimilar	sub-127	epsilon	-0.0008052927736345774	0.00296339942657981	-0.00800124654794575	-0.00017275373859500004	0.003123774038749241
fit-rw_positive_bias-run1-prior1	rw_positive_bias	run1	1.0	none	False	similar_minus_dissimilar	sub-128	epsilon	-0.0006232705216137283	0.002581850676920466	-0.006869603514406499	-0.00016255617984149996	0.0035682346252684945
fit-rw_positive_bias-run1-prior1	rw_positive_bias	run1	1.0	none	False	similar_minus_dissimilar	sub-129	epsilon	-0.0074581490764143886	0.02052503786133546	-0.06565005389368249	-0.0009688594867800003	0.014261186443768451
fit-rw_positive_bias-run1-prior1	rw_positive_bias	run1	1.0	none	False	similar_minus_dissimilar	sub-130	epsilon	-0.005642684312100094	0.043428367099865105	-0.1125140398629	-0.000370847020178	0.05049233317772967
fit-rw_positive_bias-run1-prior1	rw_positive_bias	run1	1.0	none	False	similar_minus_dissimilar	sub-132	epsilon	-0.0045266271341764626	0.03823072737843933	-0.092052996469	-0.000285530174336	0.04274655673178952
fit-rw_positive_bias-run1-prior1	rw_positive_bias	run1	1.0	none	False	similar_minus_dissimilar	sub-133	epsilon	-0.011755812666337951	0.04903737667482911	-0.15434964248507252	-0.00041055964942700025	0.05240378979417481
fit-rw_positive_bias-run1-prior1	rw_positive_bias	run1	1.0	none	False	similar_minus_dissimilar	sub-134	epsilon	-0.002515710230270716	0.02254404252170608	-0.038469422646614994	-0.00031459248538500003	0.01720034859749249
fit-rw_positive_bias-run1-prior1	rw_positive_bias	run1	1.0	none	False	similar_minus_dissimilar	sub-135	epsilon	-0.003930777143667633	0.03135941686132243	-0.048281506326257495	-0.00015738943218300002	0.00622334914524749
fit-rw_positive_bias-run1-prior1	rw_positive_bias	run1	1.0	none	False	similar_minus_dissimilar	sub-136	epsilon	-0.003605235870923882	0.012768619249937356	-0.037015740371187496	-0.0007855611127600003	0.01677501576238274
fit-rw_positive_bias-run1-prior1	rw_positive_bias	run1	1.0	none	False	similar_minus_dissimilar	sub-137	epsilon	0.0003816299776087076	0.005209867932790612	-0.004443074992678475	-0.00010708536955000001	0.010093174912504985
fit-rw_positive_bias-run1-prior1	rw_positive_bias	run1	1.0	none	False	similar_minus_dissimilar	sub-138	epsilon	-0.0014868229277648787	0.05294142015908722	-0.11363760943821499	-0.00032743165992350006	0.12747855845728737
fit-rw_positive_bias-run1-prior1	rw_positive_bias	run1	1.0	none	False	similar_minus_dissimilar	sub-140	epsilon	-0.009083798934827985	0.060501567651725326	-0.17325342315387496	-0.0004662527621614997	0.10451223745442219
fit-rw_positive_bias-run1-prior1	rw_positive_bias	run1	1.0	none	False	similar_minus_dissimilar	sub-141	epsilon	-0.006297259411461658	0.04493658315051431	-0.1251345471309075	-0.00036766002113199997	0.05283957079830995
fit-rw_positive_bias-run1-prior1	rw_positive_bias	run1	1.0	none	False	similar_minus_dissimilar	sub-142	epsilon	-0.01780512513971197	0.057868243227510184	-0.17955759868164994	-0.00059098949505	0.0652686132141748
fit-rw_positive_bias-run1-prior1	rw_positive_bias	run1	1.0	none	False	similar_minus_dissimilar	sub-143	epsilon	-0.0028608392087409325	0.015189607147508648	-0.03281853696584	-0.0004531590962050001	0.01663079337767218
fit-rw_positive_bias-run1-prior1	rw_positive_bias	run1	1.0	none	False	similar_minus_dissimilar	sub-144	epsilon	-0.0003622115653723265	0.00308465631660641	-0.007180912376605998	-0.00013682506745699998	0.006095762712777227
fit-rw_positive_bias-run1-prior1	rw_positive_bias	run1	1.0	none	False	similar_minus_dissimilar	sub-147	epsilon	-0.002180532939694409	0.016574660171723585	-0.035188942431439496	-0.00030010092672855005	0.023749741801842424
fit-rw_positive_bias-run1-prior1	rw_positive_bias	run1	1.0	none	False	similar_minus_dissimilar	sub-149	epsilon	-0.0018510216672716388	0.022740287175334117	-0.03604243244284749	-0.0002440634439440001	0.018776368013507485
fit-rw_positive_bias-run1-prior1	rw_positive_bias	run1	1.0	none	False	similar_minus_dissimilar	sub-150	epsilon	-0.00259526729422583	0.0305226976290718	-0.05727740162236	-0.0006450278917250001	0.04448680334363467
fit-rw_positive_bias-run1-prior1	rw_positive_bias	run1	1.0	none	False	similar_minus_dissimilar	sub-151	epsilon	-0.0003003547164785818	0.0030515772267764338	-0.00487560260556625	-0.000102673604153	0.0036876568043672448
fit-rw_positive_bias-run1-prior1	rw_positive_bias	run1	1.0	none	False	similar_minus_dissimilar	sub-152	epsilon	-0.004669488225153609	0.03997430571706617	-0.09355119290215251	-0.00038090249787950067	0.046692940693037456
fit-rw_positive_bias-run1-prior1	rw_positive_bias	run1	1.0	none	False	similar_minus_dissimilar	sub-153	epsilon	-0.002684715313505722	0.02480829602581489	-0.05034050321917998	-0.00039696534296999994	0.03448483604496742
fit-rw_positive_bias-run1-prior1	rw_positive_bias	run1	1.0	none	False	similar_minus_dissimilar	sub-154	epsilon	-0.001219772374737811	0.010056719051545582	-0.014704861555661	-0.00023010118599500003	0.0060183256430789535
fit-rw_positive_bias-run1-prior1	rw_positive_bias	run1	1.0	none	False	similar_minus_dissimilar	sub-155	epsilon	-0.00026972946916297693	0.0023125508896630815	-0.00518353049532975	-0.00011763257769649996	0.004704111226111487
fit-rw_positive_bias-run1-prior1	rw_positive_bias	run1	1.0	none	False	similar_minus_dissimilar	sub-156	epsilon	-0.004835741935213642	0.03914161692983491	-0.09599273887139997	-0.0002827797082445	0.037214837925324956
fit-rw_positive_bias-run1-prior1	rw_positive_bias	run1	1.0	none	False	similar_minus_dissimilar	sub-157	epsilon	-0.004595350302381932	0.031030497194980296	-0.079227134450085	-0.0005380114030480001	0.051942269338049706
fit-rw_positive_bias-run1-prior1	rw_positive_bias	run1	1.0	none	False	similar_minus_dissimilar	sub-158	epsilon	6.482259640259817e-07	0.00482080457415847	-0.007485655821515999	-0.0001591856094595	0.011007991043436246
fit-rw_positive_bias-run1-prior1	rw_positive_bias	run1	1.0	none	False	similar_minus_dissimilar	sub-159	epsilon	-0.00031745751080806934	0.0014702959431637012	-0.0037387651785670746	-0.00010115621871505	0.0023401513874184974
fit-rw_positive_bias-run1-prior1	rw_positive_bias	run1	1.0	none	False	similar_minus_dissimilar	sample_mean	epsilon	-0.005573727724963661	0.013377483753080793	-0.0353082315301507	-0.004607010040206428	0.02029197541570198
fit-rw_positive_bias-run1-prior1	rw_positive_bias	run1	1.0	none	False	human_minus_computer	sub-104	alpha	-0.4599198055497873	0.8638829532859306	-2.6797421453773747	-0.22253719064625	0.5533502579024243
fit-rw_positive_bias-run1-prior1	rw_positive_bias	run1	1.0	none	False	human_minus_computer	sub-105	alpha	-0.6035808862259859	0.9823557060464059	-2.9848914527412505	-0.3324504960580001	0.3952227345504997
fit-rw_positive_bias-run1-prior1	rw_positive_bias	run1	1.0	none	False	human_minus_computer	sub-106	alpha	-0.7493685442681073	1.5047325013887347	-3.9703429102357495	-0.45364509102500006	0.9331825279443734
fit-rw_positive_bias-run1-prior1	rw_positive_bias	run1	1.0	none	False	human_minus_computer	sub-107	alpha	-0.6221776385031107	1.2343482403421002	-3.3254396221166256	-0.37922889689500006	0.8227533516287493
fit-rw_positive_bias-run1-prior1	rw_positive_bias	run1	1.0	none	False	human_minus_computer	sub-108	alpha	-0.8289874225114539	1.3476534880716828	-4.154713501555249	-0.4644675971135	0.5664020153839994
fit-rw_positive_bias-run1-prior1	rw_positive_bias	run1	1.0	none	False	human_minus_computer	sub-109	alpha	-0.4864321399345107	0.9202143557959584	-2.8485516944993754	-0.23445523073550012	0.6176763712471237
fit-rw_positive_bias-run1-prior1	rw_positive_bias	run1	1.0	none	False	human_minus_computer	sub-110	alpha	-0.2877273570491492	0.7260769857742025	-2.0761964822117496	-0.15426420793374995	0.8723509012471224
fit-rw_positive_bias-run1-prior1	rw_positive_bias	run1	1.0	none	False	human_minus_computer	sub-111	alpha	-0.49551154487255916	1.0234360251092363	-3.12278424574775	-0.2637388155879999	0.8964126695923751
fit-rw_positive_bias-run1-prior1	rw_positive_bias	run1	1.0	none	False	human_minus_computer	sub-112	alpha	-0.6878072343364938	1.1179151885682435	-3.4468091692737497	-0.45195060614250016	0.7672954001781238
fit-rw_positive_bias-run1-prior1	rw_positive_bias	run1	1.0	none	False	human_minus_computer	sub-113	alpha	-0.9970565417356331	1.441568503929264	-4.381592201475	-0.7179758288199998	0.8460661702694994
fit-rw_positive_bias-run1-prior1	rw_positive_bias	run1	1.0	none	False	human_minus_computer	sub-115	alpha	-0.4628682937563438	0.8443451278475256	-2.64068787763175	-0.23630909458124982	0.5802823475993749
fit-rw_positive_bias-run1-prior1	rw_positive_bias	run1	1.0	none	False	human_minus_computer	sub-116	alpha	-0.748386679327274	1.3360227020770377	-3.8030465798929995	-0.4211887381199999	0.6756430942609999
fit-rw_positive_bias-run1-prior1	rw_positive_bias	run1	1.0	none	False	human_minus_computer	sub-117	alpha	-0.5717459724064875	0.9419598192430712	-2.9158199202406254	-0.32322167276474995	0.47802712291662486
fit-rw_positive_bias-run1-prior1	rw_positive_bias	run1	1.0	none	False	human_minus_computer	sub-118	alpha	-0.4116962121487616	0.7937856937273179	-2.4205948478176245	-0.22766120096725	0.6431521518963748
fit-rw_positive_bias-run1-prior1	rw_positive_bias	run1	1.0	none	False	human_minus_computer	sub-121	alpha	-0.7541462195508915	1.0072387327227965	-3.327352830865625	-0.49383404196	0.38980247503084725
fit-rw_positive_bias-run1-prior1	rw_positive_bias	run1	1.0	none	False	human_minus_computer	sub-122	alpha	-0.4231170724791161	0.7764904163682786	-2.4324725215415	-0.21921853543500003	0.6089981563582488
fit-rw_positive_bias-run1-prior1	rw_positive_bias	run1	1.0	none	False	human_minus_computer	sub-124	alpha	-0.5762704858507696	1.2785922338636786	-3.4684382861085004	-0.2838560685825001	0.7943838977182476
fit-rw_positive_bias-run1-prior1	rw_positive_bias	run1	1.0	none	False	human_minus_computer	sub-125	alpha	-0.5290452399571688	0.9696017391741711	-2.983386262643125	-0.27782274658250017	0.6598820349926234
fit-rw_positive_bias-run1-prior1	rw_positive_bias	run1	1.0	none	False	human_minus_computer	sub-126	alpha	-0.46032400769864734	0.8270117167593853	-2.6038892440737498	-0.2213011694555	0.5287680066281247
fit-rw_positive_bias-run1-prior1	rw_positive_bias	run1	1.0	none	False	human_minus_computer	sub-127	alpha	-0.8088294410973658	1.4334964535894947	-4.154388211803374	-0.4691085911525	0.6470397219191225
fit-rw_positive_bias-run1-prior1	rw_positive_bias	run1	1.0	none	False	human_minus_computer	sub-128	alpha	-0.769311907885415	2.0649919834091968	-4.789125803693374	-0.3770914885200004	1.2103445763981218
fit-rw_positive_bias-run1-prior1	rw_positive_bias	run1	1.0	none	False	human_minus_computer	sub-129	alpha	-0.5827069418566522	1.0487788888258673	-3.16082660221025	-0.3213198623700001	0.6670306141927457
fit-rw_positive_bias-run1-prior1	rw_positive_bias	run1	1.0	none	False	human_minus_computer	sub-130	alpha	-0.47563376990355943	0.9233281376370612	-2.705401952647125	-0.22989808339100004	0.5424267383517707
fit-rw_positive_bias-run1-prior1	rw_positive_bias	run1	1.0	none	False	human_minus_computer	sub-132	alpha	-0.49383030883975415	0.8572637923774367	-2.7615428716554997	-0.24803308895499998	0.49883427651074896
fit-rw_positive_bias-run1-prior1	rw_positive_bias	run1	1.0	none	False	human_minus_computer	sub-133	alpha	-0.38118722940689503	0.7861886110919751	-2.3925747108095	-0.16803454827425002	0.6065114457809966
fit-rw_positive_bias-run1-prior1	rw_positive_bias	run1	1.0	none	False	human_minus_computer	sub-134	alpha	-0.5326491808614495	1.1077470052156781	-3.174261568203376	-0.2647865716800001	0.8242114598969958
fit-rw_positive_bias-run1-prior1	rw_positive_bias	run1	1.0	none	False	human_minus_computer	sub-135	alpha	-0.6538063613260913	1.0123823226645803	-3.1898240900300006	-0.40266604161999997	0.5566162124394997
fit-rw_positive_bias-run1-prior1	rw_positive_bias	run1	1.0	none	False	human_minus_computer	sub-136	alpha	-0.5927525408662223	1.4753961019504929	-3.7899589087504997	-0.29896289441	1.1131784660417416
fit-rw_positive_bias-run1-prior1	rw_positive_bias	run1	1.0	none	False	human_minus_computer	sub-137	alpha	-0.6853140288991021	1.5803424230887562	-3.6445814873814997	-0.3929847099649999	0.7602427047714997
fit-rw_positive_bias-run1-prior1	rw_positive_bias	run1	1.0	none	False	human_minus_computer	sub-138	alpha	-0.27586543514325285	0.860048616542535	-2.36911569827985	-0.12770238355499974	1.1451795474904995
fit-rw_positive_bias-run1-prior1	rw_positive_bias	run1	1.0	none	False	human_minus_computer	sub-140	alpha	-0.45356443717539513	0.8116450809880638	-2.53569693025125	-0.23198736379999996	0.5165804212854961
fit-rw_positive_bias-run1-prior1	rw_positive_bias	run1	1.0	none	False	human_minus_computer	sub-141	alpha	-0.45898638860166013	0.8444830921646136	-2.5825542237663752	-0.22493385783074998	0.5315305141938738
fit-rw_positive_bias-run1-prior1	rw_positive_bias	run1	1.0	none	False	human_minus_computer	sub-142	alpha	-0.3301098451329454	0.7995268383993189	-2.3527201766565002	-0.12950264021899993	0.7950734677052229
fit-rw_positive_bias-run1-prior1	rw_positive_bias	run1	1.0	none	False	human_minus_computer	sub-143	alpha	-0.569618899771531	1.0024396177147405	-3.0655889683194504	-0.29222142113249994	0.5347771323683743
fit-rw_positive_bias-run1-prior1	rw_positive_bias	run1	1.0	none	False	human_minus_computer	sub-144	alpha	-0.7549329064224258	1.4970643070475667	-4.17527855962825	-0.415128309325	0.8372628151174983
fit-rw_positive_bias-run1-prior1	rw_positive_bias	run1	1.0	none	False	human_minus_computer	sub-147	alpha	-0.5149768494083331	0.941993543337301	-2.8868497194012503	-0.2873796318622499	0.701979836693125
fit-rw_positive_bias-run1-prior1	rw_positive_bias	run1	1.0	none	False	human_minus_computer	sub-149	alpha	-0.5253214779489204	1.2149041124514803	-3.2645754079709994	-0.23099359643899997	0.8058328741317485
fit-rw_positive_bias-run1-prior1	rw_positive_bias	run1	1.0	none	False	human_minus_computer	sub-150	alpha	-0.5437003084369767	0.9306597386405039	-2.93962934231	-0.29469073145849994	0.5656431038627495
fit-rw_positive_bias-run1-prior1	rw_positive_bias	run1	1.0	none	False	human_minus_computer	sub-151	alpha	-0.5375997177159596	1.1957289235177018	-3.3632474854111254	-0.2582412908375	0.9373895515879987
fit-rw_positive_bias-run1-prior1	rw_positive_bias	run1	1.0	none	False	human_minus_computer	sub-152	alpha	-0.4595808121061379	0.8673640782229869	-2.655875801292375	-0.215870722166	0.5595420634001237
fit-rw_positive_bias-run1-prior1	rw_positive_bias	run1	1.0	none	False	human_minus_computer	sub-153	alpha	-0.7051187642240062	1.1278981252643576	-3.3662798521235002	-0.42530618712099977	0.5225260365809997
fit-rw_positive_bias-run1-prior1	rw_positive_bias	run1	1.0	none	False	human_minus_computer	sub-154	alpha	-0.4736744560892157	0.9111741638749703	-2.7791657580448748	-0.2490985235065002	0.6883172654611243
fit-rw_positive_bias-run1-prior1	rw_positive_bias	run1	1.0	none	False	human_minus_computer	sub-155	alpha	-0.8492906657168998	2.8318508244291136	-5.2426045194445	-0.39879539893500016	1.2153982564332502
fit-rw_positive_bias-run1-prior1	rw_positive_bias	run1	1.0	none	False	human_minus_computer	sub-156	alpha	-0.4640261268807833	0.8801654542704974	-2.6565972863985006	-0.21955475458950002	0.5379451688939122
fit-rw_positive_bias-run1-prior1	rw_positive_bias	run1	1.0	none	False	human_minus_computer	sub-157	alpha	-0.3772404431223836	0.8934433777995923	-2.5678313809447504	-0.18361265558450007	0.8927464615592464
fit-rw_positive_bias-run1-prior1	rw_positive_bias	run1	1.0	none	False	human_minus_computer	sub-158	alpha	-0.6579929404639154	1.0276299609213344	-3.2391059538834996	-0.4056427275000003	0.561339566996375
fit-rw_positive_bias-run1-prior1	rw_positive_bias	run1	1.0	none	False	human_minus_computer	sub-159	alpha	-0.5738710832618852	1.129445193055191	-3.527680075864125	-0.27611896902625005	0.7858299988498741
fit-rw_positive_bias-run1-prior1	rw_positive_bias	run1	1.0	none	False	human_minus_computer	sample_mean	alpha	-0.5671843099303698	0.7345714598615982	-2.391785353628051	-0.4054930544089096	0.4251924141718456
fit-rw_positive_bias-run1-prior1	rw_positive_bias	run1	1.0	none	False	human_minus_computer	sub-104	gamma	0.33206769744896836	1.2028563506921943	-0.9675854161354001	0.154294705237	2.618402742690923
fit-rw_positive_bias-run1-prior1	rw_positive_bias	run1	1.0	none	False	human_minus_computer	sub-105	gamma	0.002513671590710301	0.32227090792715507	-0.7698344916415875	0.05856570223824997	0.4350631872515245
fit-rw_positive_bias-run1-prior1	rw_positive_bias	run1	1.0	none	False	human_minus_computer	sub-106	gamma	0.731332365887016	2.800417971766019	-2.022162893827375	0.48601190817999995	4.7454986738909435
fit-rw_positive_bias-run1-prior1	rw_positive_bias	run1	1.0	none	False	human_minus_computer	sub-107	gamma	0.25525112923331783	0.23144260046849385	-0.04538631004488748	0.212662983196	0.7980007621866368
fit-rw_positive_bias-run1-prior1	rw_positive_bias	run1	1.0	none	False	human_minus_computer	sub-108	gamma	0.22562574385969925	0.2749235627853591	-0.14246496190804997	0.16731135218674997	0.9135041511142861
fit-rw_positive_bias-run1-prior1	rw_positive_bias	run1	1.0	none	False	human_minus_computer	sub-109	gamma	0.4232250423597531	1.203376210975043	-1.4047846488687499	0.30873289636	2.7050946028176184
fit-rw_positive_bias-run1-prior1	rw_positive_bias	run1	1.0	none	False	human_minus_computer	sub-110	gamma	0.36218970932326283	0.32421093660709077	0.00818716232357499	0.28186268814649995	1.1890685858233996
fit-rw_positive_bias-run1-prior1	rw_positive_bias	run1	1.0	none	False	human_minus_computer	sub-111	gamma	0.2780230541301202	0.5514348655554071	-0.6984993815861249	0.24354340244125	1.3858746008120486
fit-rw_positive_bias-run1-prior1	rw_positive_bias	run1	1.0	none	False	human_minus_computer	sub-112	gamma	0.8230072160434111	2.0437005267803707	-1.8834866483068744	0.5639271321524999	4.842748099872372
fit-rw_positive_bias-run1-prior1	rw_positive_bias	run1	1.0	none	False	human_minus_computer	sub-113	gamma	0.6152076758020356	1.6087585717220307	-1.6175324413973757	0.4189858658397499	3.923877419270248
fit-rw_positive_bias-run1-prior1	rw_positive_bias	run1	1.0	none	False	human_minus_computer	sub-115	gamma	0.025597658146807457	0.05060680699492384	-0.0915757160379875	0.02698404399229999	0.12228804532279998
fit-rw_positive_bias-run1-prior1	rw_positive_bias	run1	1.0	none	False	human_minus_computer	sub-116	gamma	0.193209479787484	1.0079997106415015	-1.8629138522635	0.2486397021702501	1.8360166301386185
fit-rw_positive_bias-run1-prior1	rw_positive_bias	run1	1.0	none	False	human_minus_computer	sub-117	gamma	0.38110644221031514	1.241976343151559	-1.570580003748125	0.30873282690574994	2.731994967945875
fit-rw_positive_bias-run1-prior1	rw_positive_bias	run1	1.0	none	False	human_minus_computer	sub-118	gamma	0.1376970831654234	0.10288819561988415	-0.011032008215712551	0.11921843160800001	0.3906023815913998
fit-rw_positive_bias-run1-prior1	rw_positive_bias	run1	1.0	none	False	human_minus_computer	sub-121	gamma	0.017152745502413545	0.386482855050079	-0.8326357113875001	0.05785525663975	0.610592409428661
fit-rw_positive_bias-run1-prior1	rw_positive_bias	run1	1.0	none	False	human_minus_computer	sub-122	gamma	0.2208185712109216	0.27983379444527123	-0.0882651771128125	0.15167618778815	0.9295417585047998
fit-rw_positive_bias-run1-prior1	rw_positive_bias	run1	1.0	none	False	human_minus_computer	sub-124	gamma	0.85558442445464	2.3831602899501596	-2.3735764938716253	0.541148177368	5.736661786872612
fit-rw_positive_bias-run1-prior1	rw_positive_bias	run1	1.0	none	False	human_minus_computer	sub-125	gamma	0.04224417519240967	0.1445923300293222	-0.2852879279246625	0.05494019892749996	0.30480696726869966
fit-rw_positive_bias-run1-prior1	rw_positive_bias	run1	1.0	none	False	human_minus_computer	sub-126	gamma	0.3342589358002859	1.3171104078781322	-0.9817147822883252	0.14138617229075	2.656913013975249
fit-rw_positive_bias-run1-prior1	rw_positive_bias	run1	1.0	none	False	human_minus_computer	sub-127	gamma	0.1358058405710691	0.9528135853679508	-1.7559339253351252	0.17093251575399998	1.7825405930083742
fit-rw_positive_bias-run1-prior1	rw_positive_bias	run1	1.0	none	False	human_minus_computer	sub-128	gamma	0.6899094140483727	2.143763209298094	-2.128733752272475	0.41212725536275	4.83829796073087
fit-rw_positive_bias-run1-prior1	rw_positive_bias	run1	1.0	none	False	human_minus_computer	sub-129	gamma	0.3957317305594215	0.45482701132681225	-0.19229592122728742	0.3007308247022499	1.5282362362239743
fit-rw_positive_bias-run1-prior1	rw_positive_bias	run1	1.0	none	False	human_minus_computer	sub-130	gamma	0.17365177341904253	0.29702985331518134	-0.08361365840863749	0.09545925874614998	0.9082199312178123
fit-rw_positive_bias-run1-prior1	rw_positive_bias	run1	1.0	none	False	human_minus_computer	sub-132	gamma	0.3030675192958263	0.891963325123616	-0.7726501273860749	0.15440099472500002	2.198207105982241
fit-rw_positive_bias-run1-prior1	rw_positive_bias	run1	1.0	none	False	human_minus_computer	sub-133	gamma	0.2846874233328226	0.9683088813260575	-0.8419736140015749	0.20904190804974998	1.6679005131846745
fit-rw_positive_bias-run1-prior1	rw_positive_bias	run1	1.0	none	False	human_minus_computer	sub-134	gamma	0.4522795015121788	0.5221401808285808	-0.08224528826423748	0.31363585608824995	1.7800765045744216
fit-rw_positive_bias-run1-prior1	rw_positive_bias	run1	1.0	none	False	human_minus_computer	sub-135	gamma	0.08482044452469908	0.18494816372934414	-0.15975707085143753	0.054165348028	0.5317178172739712
fit-rw_positive_bias-run1-prior1	rw_positive_bias	run1	1.0	none	False	human_minus_computer	sub-136	gamma	1.1231045497200127	2.4999822266868947	-1.7622815875656257	0.7606790623100003	6.071212981164122
fit-rw_positive_bias-run1-prior1	rw_positive_bias	run1	1.0	none	False	human_minus_computer	sub-137	gamma	0.3314277751531356	0.9053162901583234	-1.3108995436385746	0.28997351934625015	2.0190922552358916
fit-rw_positive_bias-run1-prior1	rw_positive_bias	run1	1.0	none	False	human_minus_computer	sub-138	gamma	0.08437534202352598	0.36647096166449455	-0.5138508340131125	0.11853150338000001	0.4047415663535123
fit-rw_positive_bias-run1-prior1	rw_positive_bias	run1	1.0	none	False	human_minus_computer	sub-140	gamma	0.025050348861278455	0.15160743778864708	-0.35472981203537496	0.04623936954274999	0.2621331079180499
fit-rw_positive_bias-run1-prior1	rw_positive_bias	run1	1.0	none	False	human_minus_computer	sub-141	gamma	0.16378944555714675	0.2673492794991842	-0.07422386048566249	0.09197703336824999	0.836490670628833
fit-rw_positive_bias-run1-prior1	rw_positive_bias	run1	1.0	none	False	human_minus_computer	sub-142	gamma	0.40997221312173104	1.2791500628162251	-0.8568017315496624	0.28754403035549997	2.261527192648996
fit-rw_positive_bias-run1-prior1	rw_positive_bias	run1	1.0	none	False	human_minus_computer	sub-143	gamma	0.010557963810560218	0.7560441938487132	-1.6971004693203249	0.10690998722475001	1.0908084853074997
fit-rw_positive_bias-run1-prior1	rw_positive_bias	run1	1.0	none	False	human_minus_computer	sub-144	gamma	0.4244797709635355	1.3241996550665296	-1.9253027220236247	0.35601599823999985	3.0420148957681112
fit-rw_positive_bias-run1-prior1	rw_positive_bias	run1	1.0	none	False	human_minus_computer	sub-147	gamma	0.2654313633660424	0.26594882096680944	-0.0378519670125775	0.19807198217100003	0.9673490141682816
fit-rw_positive_bias-run1-prior1	rw_positive_bias	run1	1.0	none	False	human_minus_computer	sub-149	gamma	0.4937668525022633	2.0547225610537527	-2.5496194265426255	0.354225283843	4.017142005525124
fit-rw_positive_bias-run1-prior1	rw_positive_bias	run1	1.0	none	False	human_minus_computer	sub-150	gamma	0.13079492842584325	0.4404650652540851	-0.7919091789879374	0.139550425421	0.9425077164032245
fit-rw_positive_bias-run1-prior1	rw_positive_bias	run1	1.0	none	False	human_minus_computer	sub-151	gamma	0.19996036022012778	0.7368256137567085	-1.3446750762343496	0.23377835726249996	1.436883064623949
fit-rw_positive_bias-run1-prior1	rw_positive_bias	run1	1.0	none	False	human_minus_computer	sub-152	gamma	0.34388717429441845	1.414374765396201	-1.0198861970143744	0.16286069381149998	2.6625345544546244
fit-rw_positive_bias-run1-prior1	rw_positive_bias	run1	1.0	none	False	human_minus_computer	sub-153	gamma	0.45790304917843877	1.043398304373541	-1.3409689167580003	0.36692992141399994	2.5681843178454993
fit-rw_positive_bias-run1-prior1	rw_positive_bias	run1	1.0	none	False	human_minus_computer	sub-154	gamma	0.11259679636392052	0.24722398346180094	-0.27233608338018744	0.08714158383509997	0.6528615759803992
fit-rw_positive_bias-run1-prior1	rw_positive_bias	run1	1.0	none	False	human_minus_computer	sub-155	gamma	0.789335980407677	2.664913437563016	-2.9098968177730007	0.5332279390715	5.9344440261564895
fit-rw_positive_bias-run1-prior1	rw_positive_bias	run1	1.0	none	False	human_minus_computer	sub-156	gamma	0.330247730755276	1.3508954768936206	-0.9605046945848121	0.15486043795774998	2.4746372539368715
fit-rw_positive_bias-run1-prior1	rw_positive_bias	run1	1.0	none	False	human_minus_computer	sub-157	gamma	0.47622915808965444	0.5977068159736192	-0.4093848596879375	0.36820479534600004	1.8946752656803991
fit-rw_positive_bias-run1-prior1	rw_positive_bias	run1	1.0	none	False	human_minus_computer	sub-158	gamma	0.10818736569737614	0.3655956607927715	-0.7190021636704627	0.1396460824375	0.7080982565311112
fit-rw_positive_bias-run1-prior1	rw_positive_bias	run1	1.0	none	False	human_minus_computer	sub-159	gamma	0.04174668144159319	0.5017096330145966	-1.0159198077790998	0.10036996302000001	0.7182690474789597
fit-rw_positive_bias-run1-prior1	rw_positive_bias	run1	1.0	none	False	human_minus_computer	sample_mean	gamma	0.3212534323056593	0.29973784137308845	-0.227567983263472	0.30586284040809464	0.9481451794480813
fit-rw_positive_bias-run1-prior1	rw_positive_bias	run1	1.0	none	False	human_minus_computer	sub-104	f0	0.3155068418077866	0.8094098951707062	-1.2342350244413753	0.21144298642525028	2.1884811434725
fit-rw_positive_bias-run1-prior1	rw_positive_bias	run1	1.0	none	False	human_minus_computer	sub-105	f0	0.5138204514936242	1.337497441384806	-2.32959383903675	0.5450505827375003	3.0805355624168693
fit-rw_positive_bias-run1-prior1	rw_positive_bias	run1	1.0	none	False	human_minus_computer	sub-106	f0	0.4544131157419679	1.1089554147011875	-1.6429328968862509	0.4136485413375004	2.7534414683244983
fit-rw_positive_bias-run1-prior1	rw_positive_bias	run1	1.0	none	False	human_minus_computer	sub-107	f0	0.19802168262983466	1.3361063404428524	-2.721606905095751	0.28669143884999926	2.6719509770197485
fit-rw_positive_bias-run1-prior1	rw_positive_bias	run1	1.0	none	False	human_minus_computer	sub-108	f0	0.1609200991236168	1.2920097452576715	-2.4953272635491244	0.20272591808624985	2.6724685652453726
fit-rw_positive_bias-run1-prior1	rw_positive_bias	run1	1.0	none	False	human_minus_computer	sub-109	f0	0.38759776741545404	0.8012949969422237	-1.1531321493856246	0.33680783058749997	2.1219262208818734
fit-rw_positive_bias-run1-prior1	rw_positive_bias	run1	1.0	none	False	human_minus_computer	sub-110	f0	0.9221089867548479	1.3262036674578528	-1.7137755722987493	0.8878802451549999	3.6189435041724973
fit-rw_positive_bias-run1-prior1	rw_positive_bias	run1	1.0	none	False	human_minus_computer	sub-111	f0	1.3469275624711834	1.4325973510188224	-1.2982621766512494	1.2656295284749994	4.3455930553179885
fit-rw_positive_bias-run1-prior1	rw_positive_bias	run1	1.0	none	False	human_minus_computer	sub-112	f0	0.5007440467443462	0.6610714853009879	-0.5724250990942499	0.39255120487250006	2.0788443151602753
fit-rw_positive_bias-run1-prior1	rw_positive_bias	run1	1.0	none	False	human_minus_computer	sub-113	f0	-0.4834828120320309	1.6575972825195895	-4.0990178437566245	-0.2675008221499997	2.2827823315674998
fit-rw_positive_bias-run1-prior1	rw_positive_bias	run1	1.0	none	False	human_minus_computer	sub-115	f0	0.4845203900945339	1.0631333412299702	-1.5522806354483745	0.3174428792700006	2.9954669914659995
fit-rw_positive_bias-run1-prior1	rw_positive_bias	run1	1.0	none	False	human_minus_computer	sub-116	f0	0.5511237421884587	1.1073667795819506	-1.5791829930074999	0.5161335067000001	2.8220599818064955
fit-rw_positive_bias-run1-prior1	rw_positive_bias	run1	1.0	none	False	human_minus_computer	sub-117	f0	0.4268651611194282	0.8673233908805839	-1.2543910691786255	0.37416291355775017	2.353741867236621
fit-rw_positive_bias-run1-prior1	rw_positive_bias	run1	1.0	none	False	human_minus_computer	sub-118	f0	0.7106137596239492	1.3814836951215517	-2.1397509167475	0.6983236015499994	3.5242684390219985
fit-rw_positive_bias-run1-prior1	rw_positive_bias	run1	1.0	none	False	human_minus_computer	sub-121	f0	-0.3679804240412188	1.6873244242808074	-4.126105823095	-0.09887855562500025	2.419540012631995
fit-rw_positive_bias-run1-prior1	rw_positive_bias	run1	1.0	none	False	human_minus_computer	sub-122	f0	0.5597028882600394	1.1827674800316745	-1.862640496984125	0.45986231931200017	3.0774105483206227
fit-rw_positive_bias-run1-prior1	rw_positive_bias	run1	1.0	none	False	human_minus_computer	sub-124	f0	0.29607523606110947	0.5399167731403436	-0.6255180556065002	0.22490861055974992	1.567159954643873
fit-rw_positive_bias-run1-prior1	rw_positive_bias	run1	1.0	none	False	human_minus_computer	sub-125	f0	1.1367443280758773	1.3868032230490486	-1.38368089221	1.038098891917501	4.158527907548615
fit-rw_positive_bias-run1-prior1	rw_positive_bias	run1	1.0	none	False	human_minus_computer	sub-126	f0	0.29981834693854226	0.8397673015431846	-1.3276822694431256	0.1939041823772501	2.2633911291684927
fit-rw_positive_bias-run1-prior1	rw_positive_bias	run1	1.0	none	False	human_minus_computer	sub-127	f0	0.5737289001632433	1.131790761239254	-1.6373272531051253	0.5529226823575	2.849713373417499
fit-rw_positive_bias-run1-prior1	rw_positive_bias	run1	1.0	none	False	human_minus_computer	sub-128	f0	0.8532336999638468	1.0023163019821695	-0.9825654418500004	0.7789098974999984	3.003782171939995
fit-rw_positive_bias-run1-prior1	rw_positive_bias	run1	1.0	none	False	human_minus_computer	sub-129	f0	0.43957984301428965	1.2561158855861825	-2.250133568178251	0.4928322844124997	2.817425419215375
fit-rw_positive_bias-run1-prior1	rw_positive_bias	run1	1.0	none	False	human_minus_computer	sub-130	f0	0.3238706676504619	0.93594821474136	-1.6336172166022498	0.22589005532925005	2.4365383775279983
fit-rw_positive_bias-run1-prior1	rw_positive_bias	run1	1.0	none	False	human_minus_computer	sub-132	f0	0.21180086227352035	0.9122833255423224	-1.7178493901447498	0.16914767936550007	2.159436707842491
fit-rw_positive_bias-run1-prior1	rw_positive_bias	run1	1.0	none	False	human_minus_computer	sub-133	f0	0.642624649742762	1.048695122337208	-1.3045182149983754	0.5182989009525001	3.0986251885188723
fit-rw_positive_bias-run1-prior1	rw_positive_bias	run1	1.0	none	False	human_minus_computer	sub-134	f0	0.4443980345307578	0.8462687074840455	-1.183522606424125	0.40014782310249997	2.2678967236394953
fit-rw_positive_bias-run1-prior1	rw_positive_bias	run1	1.0	none	False	human_minus_computer	sub-135	f0	0.5268224312929511	1.0883722266124842	-1.5697363578424988	0.45127719903999974	2.8214542425792426
fit-rw_positive_bias-run1-prior1	rw_positive_bias	run1	1.0	none	False	human_minus_computer	sub-136	f0	1.004211644942566	0.8663297716950752	-0.6455962495132501	0.9588976546925001	2.838172387846123
fit-rw_positive_bias-run1-prior1	rw_positive_bias	run1	1.0	none	False	human_minus_computer	sub-137	f0	0.5829228349894763	1.1609300385289205	-1.6764717771162483	0.5628525791899999	2.9149633835669984
fit-rw_positive_bias-run1-prior1	rw_positive_bias	run1	1.0	none	False	human_minus_computer	sub-138	f0	1.2835102678606776	1.52390704397737	-1.085868412453625	0.9958360503024992	4.905672774832999
fit-rw_positive_bias-run1-prior1	rw_positive_bias	run1	1.0	none	False	human_minus_computer	sub-140	f0	0.6961719586915776	1.190122543150181	-1.493552845193875	0.5289268674024994	3.3855772220811184
fit-rw_positive_bias-run1-prior1	rw_positive_bias	run1	1.0	none	False	human_minus_computer	sub-141	f0	0.36045672612584834	0.9442714129827836	-1.5480666932642495	0.2539437923344999	2.4908555504948664
fit-rw_positive_bias-run1-prior1	rw_positive_bias	run1	1.0	none	False	human_minus_computer	sub-142	f0	0.7848191952933876	1.126404836794647	-1.3732427594254986	0.6667091039999999	3.3763683007681244
fit-rw_positive_bias-run1-prior1	rw_positive_bias	run1	1.0	none	False	human_minus_computer	sub-143	f0	0.5123823684220721	0.8662401504484791	-1.1409808625196252	0.4585133276475002	2.377307183365247
fit-rw_positive_bias-run1-prior1	rw_positive_bias	run1	1.0	none	False	human_minus_computer	sub-144	f0	0.7922982834576278	1.071392459699782	-1.2759535191524995	0.7556005922450009	2.9844810123662504
fit-rw_positive_bias-run1-prior1	rw_positive_bias	run1	1.0	none	False	human_minus_computer	sub-147	f0	0.46783944990323806	1.0014694064310647	-1.6107670664149991	0.44032940135750054	2.545372650084875
fit-rw_positive_bias-run1-prior1	rw_positive_bias	run1	1.0	none	False	human_minus_computer	sub-149	f0	0.6688398696217893	0.8335288500883545	-0.9463015523083748	0.6371885685224998	2.3836654903654995
fit-rw_positive_bias-run1-prior1	rw_positive_bias	run1	1.0	none	False	human_minus_computer	sub-150	f0	0.7481918271885667	1.137335194832385	-1.4904143141622517	0.7047490529725002	3.132625107645622
fit-rw_positive_bias-run1-prior1	rw_positive_bias	run1	1.0	none	False	human_minus_computer	sub-151	f0	1.4201271062836613	1.1410463603366054	-0.827943847303124	1.3994299072075016	3.75678384999712
fit-rw_positive_bias-run1-prior1	rw_positive_bias	run1	1.0	none	False	human_minus_computer	sub-152	f0	0.31716453814920326	0.8257299303004716	-1.3011390293934124	0.2102017155575	2.3006875872842496
fit-rw_positive_bias-run1-prior1	rw_positive_bias	run1	1.0	none	False	human_minus_computer	sub-153	f0	-0.4081623346801083	1.3185868639968819	-2.93228398543775	-0.4255962213975	2.1744290887787505
fit-rw_positive_bias-run1-prior1	rw_positive_bias	run1	1.0	none	False	human_minus_computer	sub-154	f0	1.2197851741902315	1.2738812735536835	-1.0813113960525003	1.1415082278999993	3.93805002806375
fit-rw_positive_bias-run1-prior1	rw_positive_bias	run1	1.0	none	False	human_minus_computer	sub-155	f0	0.9499420368973469	1.0005487699838427	-0.8814798630875014	0.8945629475749977	3.076465957889999
fit-rw_positive_bias-run1-prior1	rw_positive_bias	run1	1.0	none	False	human_minus_computer	sub-156	f0	0.3160263400234393	0.8179406361135969	-1.266190822946125	0.20562001053500012	2.2601102125779966
fit-rw_positive_bias-run1-prior1	rw_positive_bias	run1	1.0	none	False	human_minus_computer	sub-157	f0	0.9613603702632765	1.0144487672721025	-0.8927003529976252	0.8943266427950001	3.0992689812372474
fit-rw_positive_bias-run1-prior1	rw_positive_bias	run1	1.0	none	False	human_minus_computer	sub-158	f0	0.5364464945453281	1.1607251549731734	-1.7697678229200005	0.5299226756250013	2.8617615339337497
fit-rw_positive_bias-run1-prior1	rw_positive_bias	run1	1.0	none	False	human_minus_computer	sub-159	f0	1.3457867126433287	1.1984040048273263	-0.8537163557024992	1.2844446752000005	3.8225382964339976
fit-rw_positive_bias-run1-prior1	rw_positive_bias	run1	1.0	none	False	human_minus_computer	sample_mean	f0	0.5742604494450153	0.7020176141091069	-0.7955418416750891	0.5664757027399094	1.9971261954467259
fit-rw_positive_bias-run1-prior1	rw_positive_bias	run1	1.0	none	False	human_minus_computer	sub-104	epsilon	0.005228117652684701	0.03256882841595484	-0.024089813670529998	0.0007610377014174998	0.08013371446455998
fit-rw_positive_bias-run1-prior1	rw_positive_bias	run1	1.0	none	False	human_minus_computer	sub-105	epsilon	0.007063885115228066	0.02468583024564879	-0.019784750611135875	0.0013548581512470004	0.06724592896147989
fit-rw_positive_bias-run1-prior1	rw_positive_bias	run1	1.0	none	False	human_minus_computer	sub-106	epsilon	0.002684243401811944	0.006906223816783968	-0.003992891666144249	0.0006679839929639998	0.02111406884498437
fit-rw_positive_bias-run1-prior1	rw_positive_bias	run1	1.0	none	False	human_minus_computer	sub-107	epsilon	0.018463788809735288	0.06159707632745184	-0.07821009620333755	0.001742700672526	0.18207934658071726
fit-rw_positive_bias-run1-prior1	rw_positive_bias	run1	1.0	none	False	human_minus_computer	sub-108	epsilon	0.00986610585746151	0.02926987986585234	-0.012292798703772874	0.0015009529174324998	0.08774928607217353
fit-rw_positive_bias-run1-prior1	rw_positive_bias	run1	1.0	none	False	human_minus_computer	sub-109	epsilon	0.0025155698562368237	0.02273586717003752	-0.0173967706770075	0.0006431291227104998	0.03684421744361855
fit-rw_positive_bias-run1-prior1	rw_positive_bias	run1	1.0	none	False	human_minus_computer	sub-110	epsilon	0.0022237207844397226	0.011361796107485002	-0.007093727505401249	0.0006157127750905001	0.02055736923720871
fit-rw_positive_bias-run1-prior1	rw_positive_bias	run1	1.0	none	False	human_minus_computer	sub-111	epsilon	0.02335489482410773	0.04251165328718956	-0.06090579928056124	0.021800251271865	0.10696646664636243
fit-rw_positive_bias-run1-prior1	rw_positive_bias	run1	1.0	none	False	human_minus_computer	sub-112	epsilon	0.028803758370079084	0.06542905748785524	-0.10209967170912002	0.020637838037799984	0.16571672754323752
fit-rw_positive_bias-run1-prior1	rw_positive_bias	run1	1.0	none	False	human_minus_computer	sub-113	epsilon	0.04278288205198865	0.047629084809783326	-0.021306428654540004	0.0312951491461	0.1584826580729698
fit-rw_positive_bias-run1-prior1	rw_positive_bias	run1	1.0	none	False	human_minus_computer	sub-115	epsilon	0.011996102583396782	0.051790002607054755	-0.04966147756028747	0.0008142237887912501	0.16794240984344977
fit-rw_positive_bias-run1-prior1	rw_positive_bias	run1	1.0	none	False	human_minus_computer	sub-116	epsilon	0.0003657165287606112	0.0015766634975894179	-0.00216729471698575	0.00018137343141450002	0.0035671392238628696
fit-rw_positive_bias-run1-prior1	rw_positive_bias	run1	1.0	none	False	human_minus_computer	sub-117	epsilon	0.027229257479935546	0.07164819606764589	-0.07572168217501239	0.0018769760519624997	0.2272068893022625
fit-rw_positive_bias-run1-prior1	rw_positive_bias	run1	1.0	none	False	human_minus_computer	sub-118	epsilon	0.003431579965465755	0.02363927976370616	-0.026284085446950003	0.0011544186966125	0.04120464048532498
fit-rw_positive_bias-run1-prior1	rw_positive_bias	run1	1.0	none	False	human_minus_computer	sub-121	epsilon	0.022843069510724373	0.0429768724054115	-0.014688247651648128	0.008347650411824998	0.14143465354895246
fit-rw_positive_bias-run1-prior1	rw_positive_bias	run1	1.0	none	False	human_minus_computer	sub-122	epsilon	0.008598939242686702	0.033174843455239765	-0.025588125315022504	0.001155135375015	0.09560042388415
fit-rw_positive_bias-run1-prior1	rw_positive_bias	run1	1.0	none	False	human_minus_computer	sub-124	epsilon	0.0118252707543379	0.026814919202898056	-0.02574964304348375	0.006855031412685001	0.07603238814281238
fit-rw_positive_bias-run1-prior1	rw_positive_bias	run1	1.0	none	False	human_minus_computer	sub-125	epsilon	0.010283067080505871	0.026124030936948723	-0.022893762867189627	0.00410064406235	0.06766005583197739
fit-rw_positive_bias-run1-prior1	rw_positive_bias	run1	1.0	none	False	human_minus_computer	sub-126	epsilon	0.006343803332406476	0.0362771173867834	-0.022896336839632252	0.000601907806735	0.09450389329647482
fit-rw_positive_bias-run1-prior1	rw_positive_bias	run1	1.0	none	False	human_minus_computer	sub-127	epsilon	0.0006918083972333785	0.0021563241860159473	-0.0028759336478019998	0.00030261920825525	0.005649969713721246
fit-rw_positive_bias-run1-prior1	rw_positive_bias	run1	1.0	none	False	human_minus_computer	sub-128	epsilon	0.0005692841520104575	0.0019775468947970526	-0.0034198458680068746	0.00029767526644500003	0.004957004282607995
fit-rw_positive_bias-run1-prior1	rw_positive_bias	run1	1.0	none	False	human_minus_computer	sub-129	epsilon	0.0034559058769452864	0.01555214200948434	-0.026688736072723745	0.0011490125520975001	0.0378091843303775
fit-rw_positive_bias-run1-prior1	rw_positive_bias	run1	1.0	none	False	human_minus_computer	sub-130	epsilon	0.008130679905206167	0.041262289700322995	-0.02864744922691624	0.0008343004076500002	0.11868919509967459
fit-rw_positive_bias-run1-prior1	rw_positive_bias	run1	1.0	none	False	human_minus_computer	sub-132	epsilon	0.008152001879753975	0.036483036277189136	-0.019424797296626252	0.0007473989363399999	0.10601493362059243
fit-rw_positive_bias-run1-prior1	rw_positive_bias	run1	1.0	none	False	human_minus_computer	sub-133	epsilon	0.0023392682180854133	0.04923447539576152	-0.10962400765419869	0.0007129944032225001	0.09538201063501209
fit-rw_positive_bias-run1-prior1	rw_positive_bias	run1	1.0	none	False	human_minus_computer	sub-134	epsilon	0.0026113906918367293	0.021441107812169763	-0.01153901853401625	0.0007092990922362499	0.03390363897835153
fit-rw_positive_bias-run1-prior1	rw_positive_bias	run1	1.0	none	False	human_minus_computer	sub-135	epsilon	0.003065393796732086	0.026160974384063118	-0.004018551572134787	0.00032357539817525	0.03712866390092996
fit-rw_positive_bias-run1-prior1	rw_positive_bias	run1	1.0	none	False	human_minus_computer	sub-136	epsilon	0.0015740770485167678	0.015722717643214423	-0.027939733557539995	0.0011923613667275004	0.025190095192976256
fit-rw_positive_bias-run1-prior1	rw_positive_bias	run1	1.0	none	False	human_minus_computer	sub-137	epsilon	0.0007187789106573092	0.0034338879537843298	-0.003860206114274625	0.0003467993723392501	0.00614552536387625
fit-rw_positive_bias-run1-prior1	rw_positive_bias	run1	1.0	none	False	human_minus_computer	sub-138	epsilon	0.008272452143030526	0.061753577684802934	-0.11117436230298751	0.0010474973819807499	0.14182115499540993
fit-rw_positive_bias-run1-prior1	rw_positive_bias	run1	1.0	none	False	human_minus_computer	sub-140	epsilon	0.01659807360137734	0.05720819035603948	-0.05359337230508874	0.0011220809377249998	0.18290345502901245
fit-rw_positive_bias-run1-prior1	rw_positive_bias	run1	1.0	none	False	human_minus_computer	sub-141	epsilon	0.008415809084932125	0.04376438902855854	-0.03877282328556501	0.0008455218498049999	0.12334610605911249
fit-rw_positive_bias-run1-prior1	rw_positive_bias	run1	1.0	none	False	human_minus_computer	sub-142	epsilon	0.0011800367245370692	0.06430742091693979	-0.176084005517025	0.0009360099097049999	0.1094156136145624
fit-rw_positive_bias-run1-prior1	rw_positive_bias	run1	1.0	none	False	human_minus_computer	sub-143	epsilon	0.004004713524650011	0.013076136068500653	-0.0079571554631305	0.0010709074015835	0.031069369224248966
fit-rw_positive_bias-run1-prior1	rw_positive_bias	run1	1.0	none	False	human_minus_computer	sub-144	epsilon	0.001065944693348213	0.0024036157896659585	-0.0021788366837530004	0.00038881290207125	0.007561863100663973
fit-rw_positive_bias-run1-prior1	rw_positive_bias	run1	1.0	none	False	human_minus_computer	sub-147	epsilon	0.0035465228961333467	0.013554255504669738	-0.010830412363297124	0.0008864387448020005	0.0306023211662762
fit-rw_positive_bias-run1-prior1	rw_positive_bias	run1	1.0	none	False	human_minus_computer	sub-149	epsilon	0.0026356242914999327	0.022035037496195637	-0.01022155099031913	0.0006080700034085001	0.036674101576987195
fit-rw_positive_bias-run1-prior1	rw_positive_bias	run1	1.0	none	False	human_minus_computer	sub-150	epsilon	0.0043359994648768324	0.024542821282284903	-0.03622101321880625	0.0013175726353225003	0.05265343494381371
fit-rw_positive_bias-run1-prior1	rw_positive_bias	run1	1.0	none	False	human_minus_computer	sub-151	epsilon	0.00038578972748630225	0.002682959331146038	-0.0035007202133210875	0.00021295611479100001	0.004473467271159851
fit-rw_positive_bias-run1-prior1	rw_positive_bias	run1	1.0	none	False	human_minus_computer	sub-152	epsilon	0.006385788044118615	0.036739514075080706	-0.02936843430349499	0.000891314906465	0.09546733299704963
fit-rw_positive_bias-run1-prior1	rw_positive_bias	run1	1.0	none	False	human_minus_computer	sub-153	epsilon	0.006003075465436957	0.023980840160706538	-0.016288040266975872	0.0010386288197724997	0.05929913095653399
fit-rw_positive_bias-run1-prior1	rw_positive_bias	run1	1.0	none	False	human_minus_computer	sub-154	epsilon	0.0015323278498503576	0.00921833795533983	-0.003944034650333	0.0004293667118295	0.011851867174179995
fit-rw_positive_bias-run1-prior1	rw_positive_bias	run1	1.0	none	False	human_minus_computer	sub-155	epsilon	0.0008923815549985623	0.0018339120560255874	-0.0014192066372352504	0.00035166208214949997	0.005689688006105486
fit-rw_positive_bias-run1-prior1	rw_positive_bias	run1	1.0	none	False	human_minus_computer	sub-156	epsilon	0.005562183226974593	0.035259970218656234	-0.02730350906622751	0.0006451693541285002	0.08891113590165976
fit-rw_positive_bias-run1-prior1	rw_positive_bias	run1	1.0	none	False	human_minus_computer	sub-157	epsilon	0.0063806440209964775	0.03320518226444545	-0.041360228062198745	0.0015022527870475	0.07326797954701367
fit-rw_positive_bias-run1-prior1	rw_positive_bias	run1	1.0	none	False	human_minus_computer	sub-158	epsilon	0.0012571522998062951	0.004256305323555892	-0.004248912207070374	0.0005708014908505002	0.008965740301741496
fit-rw_positive_bias-run1-prior1	rw_positive_bias	run1	1.0	none	False	human_minus_computer	sub-159	epsilon	0.0002819783899079451	0.001443916623829859	-0.0022875868480806746	0.0001727765841072501	0.0028854611687762414
fit-rw_positive_bias-run1-prior1	rw_positive_bias	run1	1.0	none	False	human_minus_computer	sample_mean	epsilon	0.007573379980487929	0.011954298627363446	-0.016776216217540912	0.007192647060244779	0.03216665942345614
